{"type": "FeatureCollection", "features": [{"type": "Feature", "geometry": {"type": "Point", "coordinates": [10.7531379, 59.9110251]}, "properties": {"name": "Oslo S", "operator": "Bane NOR", "railway": "station", "ref": "03010010", "uic_ref": "7600001"}}, {"type": "Feature", "geometry": {"type": "Point", "coordinates": [5.3318725, 60.3961167]}, "properties": {"name": "Promsgate", "railway": "halt"}}, {"type": "Feature", "geometry": {"type": "Point", "coordinates": [5.3285833, 60.3964197]}, "properties": {"name": "Fl\u00f8ibanen, nedre stasjon", "railway": "station"}}, {"type": "Feature", "geometry": {"type": "Point", "coordinates": [10.7720813, 59.9516656]}, "properties": {"name": "Nydalen", "operator": "Jernbaneverket", "railway": "stop"}}, {"type": "Feature", "geometry": {"type": "Point", "coordinates": [10.7831465, 59.9662393]}, "properties": {"name": "Kjels\u00e5s", "operator": "Jernbaneverket", "railway": "stop"}}, {"type": "Feature", "geometry": {"type": "Point", "coordinates": [10.8707533, 59.9436958]}, "properties": {"name": "Nyland", "railway": "stop"}}, {"type": "Feature", "geometry": {"type": "Point", "coordinates": [10.9664944, 59.9388567]}, "properties": {"name": "Hanaborg", "railway": "stop", "ref": "1"}}, {"type": "Feature", "geometry": {"type": "Point", "coordinates": [10.6372305, 59.9134861]}, "properties": {"name": "Lysaker", "operator": "Bane NOR", "railway": "stop"}}, {"type": "Feature", "geometry": {"type": "Point", "coordinates": [10.8100637, 60.0237508]}, "properties": {"name": "Snippen", "operator": "Jernbaneverket", "railway": "stop"}}, {"type": "Feature", "geometry": {"type": "Point", "coordinates": [11.1697382, 60.287982]}, "properties": {"name": "Eidsvoll verk", "operator": "Bane NOR", "railway": "stop"}}, {"type": "Feature", "geometry": {"type": "Point", "coordinates": [10.7847936, 59.8530147]}, "properties": {"name": "Ljan", "operator": "Bane NOR", "railway": "stop", "ref": "301082002"}}, {"type": "Feature", "geometry": {"type": "Point", "coordinates": [10.8030002, 59.8459891]}, "properties": {"name": "Hauketo", "operator": "Bane NOR", "railway": "stop", "ref": "301091001"}}, {"type": "Feature", "geometry": {"type": "Point", "coordinates": [10.7979074, 59.8239968]}, "properties": {"name": "Rosenholm", "operator": "Bane NOR", "railway": "stop", "ref": "310093001"}}, {"type": "Feature", "geometry": {"type": "Point", "coordinates": [10.8043902, 59.8016792]}, "properties": {"name": "Solbr\u00e5tan", "operator": "Bane NOR", "railway": "stop", "ref": "217020002"}}, {"type": "Feature", "geometry": {"type": "Point", "coordinates": [10.8066552, 59.7727944]}, "properties": {"name": "Greverud", "operator": "Bane NOR", "railway": "stop", "ref": "217030001"}}, {"type": "Feature", "geometry": {"type": "Point", "coordinates": [10.8366585, 59.7496759]}, "properties": {"name": "Langhus", "operator": "Bane NOR", "railway": "stop", "ref": "213050001"}}, {"type": "Feature", "geometry": {"type": "Point", "coordinates": [10.7484117, 59.6036831]}, "properties": {"name": "Vestby", "operator": "Jernbaneverket", "railway": "stop", "ref": "211010002"}}, {"type": "Feature", "geometry": {"type": "Point", "coordinates": [10.7946087, 59.6632736]}, "properties": {"name": "\u00c5s", "operator": "Jernbaneverket", "railway": "stop", "ref": "214020002"}}, {"type": "Feature", "geometry": {"type": "Point", "coordinates": [10.6071419, 59.9080701]}, "properties": {"name": "Stabekk", "operator": "Bane NOR", "railway": "stop", "ref": "219010001"}}, {"type": "Feature", "geometry": {"type": "Point", "coordinates": [5.649678, 58.7347251]}, "properties": {"name": "Bryne", "railway": "stop", "uic_ref": "7600127"}}, {"type": "Feature", "geometry": {"type": "Point", "coordinates": [10.524522, 59.8925948]}, "properties": {"name": "Sandvika", "railway": "station", "ref": "02190400"}}, {"type": "Feature", "geometry": {"type": "Point", "coordinates": [10.4830758, 59.874796]}, "properties": {"name": "Billingstad", "railway": "station", "ref": "02200100"}}, {"type": "Feature", "geometry": {"type": "Point", "coordinates": [10.4618904, 59.8587664]}, "properties": {"name": "Hvalstad", "railway": "station", "ref": "02200200"}}, {"type": "Feature", "geometry": {"type": "Point", "coordinates": [10.4669927, 59.8496567]}, "properties": {"name": "Vak\u00e5s", "railway": "halt", "ref": "02200300"}}, {"type": "Feature", "geometry": {"type": "Point", "coordinates": [5.716955, 58.8232369]}, "properties": {"name": "Ganddal", "railway": "stop"}}, {"type": "Feature", "geometry": {"type": "Point", "coordinates": [5.7011569, 58.7862497]}, "properties": {"name": "\u00d8ksnavadporten", "railway": "stop", "uic_ref": "7600439"}}, {"type": "Feature", "geometry": {"type": "Point", "coordinates": [10.7302166, 59.9148522]}, "properties": {"name": "Nationaltheatret", "railway": "halt", "ref": "03010030"}}, {"type": "Feature", "geometry": {"type": "Point", "coordinates": [9.9982213, 59.9692886]}, "properties": {"name": "Vikersund", "railway": "stop"}}, {"type": "Feature", "geometry": {"type": "Point", "coordinates": [9.9698513, 59.9332301]}, "properties": {"name": "Geithus", "railway": "stop"}}, {"type": "Feature", "geometry": {"type": "Point", "coordinates": [9.9134381, 59.8913386]}, "properties": {"name": "\u00c5mot", "railway": "stop"}}, {"type": "Feature", "geometry": {"type": "Point", "coordinates": [10.0797016, 59.7481081]}, "properties": {"name": "Daler", "railway": "stop"}}, {"type": "Feature", "geometry": {"type": "Point", "coordinates": [10.1594235, 59.7438575]}, "properties": {"name": "Gulskogen", "operator": "Bane NOR", "railway": "stop", "ref": "1"}}, {"type": "Feature", "geometry": {"type": "Point", "coordinates": [10.1763387, 59.7428826]}, "properties": {"name": "Sundland", "railway": "stop"}}, {"type": "Feature", "geometry": {"type": "Point", "coordinates": [10.2329144, 59.7436847]}, "properties": {"name": "Braker\u00f8ya", "operator": "Bane NOR", "railway": "stop", "ref": "602902002"}}, {"type": "Feature", "geometry": {"type": "Point", "coordinates": [10.657003, 59.4320347]}, "properties": {"name": "Moss", "operator": "Jernbaneverket", "railway": "stop", "ref": "1"}}, {"type": "Feature", "geometry": {"type": "Point", "coordinates": [10.7934761, 63.4116904]}, "properties": {"name": "Hommelvik", "railway": "stop"}}, {"type": "Feature", "geometry": {"type": "Point", "coordinates": [11.1774509, 59.9290484]}, "properties": {"name": "Svingen", "operator": "Bane NOR", "railway": "stop"}}, {"type": "Feature", "geometry": {"type": "Point", "coordinates": [9.9262395, 60.241187]}, "properties": {"name": "Sokna", "railway": "stop"}}, {"type": "Feature", "geometry": {"type": "Point", "coordinates": [6.9009444, 60.7087583]}, "properties": {"name": "Ljosanbotn", "operator": "Bane NOR", "railway": "stop", "ref": "1", "uic_ref": "7600443"}}, {"type": "Feature", "geometry": {"type": "Point", "coordinates": [8.5623562, 60.6262595]}, "properties": {"name": "\u00c5l", "railway": "stop", "ref": "06193170"}}, {"type": "Feature", "geometry": {"type": "Point", "coordinates": [6.5931425, 60.6794575]}, "properties": {"name": "Urdland", "railway": "stop"}}, {"type": "Feature", "geometry": {"type": "Point", "coordinates": [6.8404158, 60.6940651]}, "properties": {"name": "Mj\u00f8lfjell", "railway": "stop", "ref": "1"}}, {"type": "Feature", "geometry": {"type": "Point", "coordinates": [6.5351333, 60.6631794]}, "properties": {"name": "Kl\u00f8ve", "railway": "stop"}}, {"type": "Feature", "geometry": {"type": "Point", "coordinates": [9.4734287, 60.4321488]}, "properties": {"name": "Fl\u00e5", "railway": "stop"}}, {"type": "Feature", "geometry": {"type": "Point", "coordinates": [6.5071027, 60.6452079]}, "properties": {"name": "Ygre", "railway": "stop", "ref": "1", "uic_ref": "7600362"}}, {"type": "Feature", "geometry": {"type": "Point", "coordinates": [7.8700003, 60.5113972]}, "properties": {"name": "Haugast\u00f8l", "railway": "stop"}}, {"type": "Feature", "geometry": {"type": "Point", "coordinates": [9.1132224, 60.5768332]}, "properties": {"name": "Nesbyen", "railway": "stop", "ref": "06163130"}}, {"type": "Feature", "geometry": {"type": "Point", "coordinates": [7.011658, 60.7252865]}, "properties": {"name": "Upsete", "operator": "Bane NOR", "railway": "halt", "uic_ref": "7600358"}}, {"type": "Feature", "geometry": {"type": "Point", "coordinates": [8.0451188, 60.4964305]}, "properties": {"name": "Ustaoset", "railway": "stop", "ref": "06203200"}}, {"type": "Feature", "geometry": {"type": "Point", "coordinates": [8.9714018, 60.6990565]}, "properties": {"name": "Gol", "railway": "stop", "ref": "06173150"}}, {"type": "Feature", "geometry": {"type": "Point", "coordinates": [7.2523111, 60.6680118]}, "properties": {"name": "Hallingskeid", "railway": "stop"}}, {"type": "Feature", "geometry": {"type": "Point", "coordinates": [6.7307756, 60.678134]}, "properties": {"name": "Reimegrend", "railway": "stop"}}, {"type": "Feature", "geometry": {"type": "Point", "coordinates": [7.5039797, 60.6019068]}, "properties": {"name": "Finse", "railway": "stop"}}, {"type": "Feature", "geometry": {"type": "Point", "coordinates": [6.4103514, 60.6291815]}, "properties": {"name": "Voss", "railway": "stop", "ref": "1"}}, {"type": "Feature", "geometry": {"type": "Point", "coordinates": [5.8160926, 60.586277]}, "properties": {"name": "Dale", "railway": "stop"}}, {"type": "Feature", "geometry": {"type": "Point", "coordinates": [11.1181871, 59.2860585]}, "properties": {"name": "Sarpsborg", "operator": "Jernbaneverket", "railway": "stop", "ref": "105527002"}}, {"type": "Feature", "geometry": {"type": "Point", "coordinates": [10.4325018, 63.4399715]}, "properties": {"name": "Lilleby", "operator": "Bane NOR", "railway": "stop"}}, {"type": "Feature", "geometry": {"type": "Point", "coordinates": [10.4165008, 63.4372717]}, "properties": {"name": "Lademoen", "operator": "Bane NOR", "railway": "stop"}}, {"type": "Feature", "geometry": {"type": "Point", "coordinates": [10.3980694, 63.4365032]}, "properties": {"name": "Trondheim", "operator": "Bane NOR", "railway": "stop"}}, {"type": "Feature", "geometry": {"type": "Point", "coordinates": [10.4362352, 59.806917]}, "properties": {"name": "Gullhella", "railway": "stop", "ref": "220070001"}}, {"type": "Feature", "geometry": {"type": "Point", "coordinates": [10.4311279, 59.787028]}, "properties": {"name": "Heggedal", "railway": "station", "ref": "02200800"}}, {"type": "Feature", "geometry": {"type": "Point", "coordinates": [10.3899346, 59.7468031]}, "properties": {"name": "R\u00f8yken", "railway": "halt", "ref": "06274340"}}, {"type": "Feature", "geometry": {"type": "Point", "coordinates": [10.4803674, 63.4366191]}, "properties": {"name": "Rotvoll", "railway": "stop"}}, {"type": "Feature", "geometry": {"type": "Point", "coordinates": [10.5339521, 63.4277155]}, "properties": {"name": "Ranheim", "railway": "stop"}}, {"type": "Feature", "geometry": {"type": "Point", "coordinates": [10.829088, 60.1174726]}, "properties": {"name": "Hakadal", "operator": "Jernbaneverket", "railway": "stop", "ref": "1"}}, {"type": "Feature", "geometry": {"type": "Point", "coordinates": [10.7201442, 60.1657345]}, "properties": {"name": "Stryken", "operator": "Jernbaneverket", "railway": "stop"}}, {"type": "Feature", "geometry": {"type": "Point", "coordinates": [10.723467, 60.1928462]}, "properties": {"name": "Monsrud", "railway": "stop"}}, {"type": "Feature", "geometry": {"type": "Point", "coordinates": [10.7236, 60.2074769]}, "properties": {"name": "Harestua", "operator": "Jernbaneverket", "railway": "stop"}}, {"type": "Feature", "geometry": {"type": "Point", "coordinates": [10.7134392, 60.2334733]}, "properties": {"name": "Bj\u00f8rgeseter", "railway": "stop"}}, {"type": "Feature", "geometry": {"type": "Point", "coordinates": [10.5847539, 60.3050327]}, "properties": {"name": "Lunner", "operator": "Jernbaneverket", "railway": "stop"}}, {"type": "Feature", "geometry": {"type": "Point", "coordinates": [10.5695883, 60.3591673]}, "properties": {"name": "Gran", "operator": "Jernbaneverket", "railway": "stop"}}, {"type": "Feature", "geometry": {"type": "Point", "coordinates": [10.8131429, 60.0377431]}, "properties": {"name": "Movatn", "operator": "Jernbaneverket", "railway": "stop"}}, {"type": "Feature", "geometry": {"type": "Point", "coordinates": [7.1131783, 60.8629525]}, "properties": {"name": "Fl\u00e5m", "railway": "station"}}, {"type": "Feature", "geometry": {"type": "Point", "coordinates": [7.1138539, 60.850874]}, "properties": {"name": "Lunden", "railway": "stop"}}, {"type": "Feature", "geometry": {"type": "Point", "coordinates": [7.0958326, 60.7881681]}, "properties": {"name": "Berekvam", "railway": "stop"}}, {"type": "Feature", "geometry": {"type": "Point", "coordinates": [7.1019039, 60.7717222]}, "properties": {"name": "Blomheller", "railway": "stop"}}, {"type": "Feature", "geometry": {"type": "Point", "coordinates": [7.1391692, 60.7438637]}, "properties": {"name": "Reinunga", "operator": "Bane NOR", "railway": "stop"}}, {"type": "Feature", "geometry": {"type": "Point", "coordinates": [10.4087739, 63.413788]}, "properties": {"name": "Lerkendal", "railway": "stop"}}, {"type": "Feature", "geometry": {"type": "Point", "coordinates": [5.4660251, 60.4202031]}, "properties": {"name": "Arna", "railway": "stop", "uic_ref": "7600073"}}, {"type": "Feature", "geometry": {"type": "Point", "coordinates": [5.46935, 60.424757]}, "properties": {"name": "Gamle Arna", "railway": "halt"}}, {"type": "Feature", "geometry": {"type": "Point", "coordinates": [10.0145373, 62.8230331]}, "properties": {"name": "Berk\u00e5k", "railway": "stop"}}, {"type": "Feature", "geometry": {"type": "Point", "coordinates": [10.6331987, 62.1088018]}, "properties": {"name": "Alvdal", "operator": "Bane NOR", "railway": "stop", "ref": "04381072"}}, {"type": "Feature", "geometry": {"type": "Point", "coordinates": [9.5371228, 61.7722753]}, "properties": {"name": "Otta", "railway": "stop", "ref": "05177430"}}, {"type": "Feature", "geometry": {"type": "Point", "coordinates": [9.4260101, 62.176167]}, "properties": {"name": "V\u00e5l\u00e5sj\u00f8", "railway": "stop"}}, {"type": "Feature", "geometry": {"type": "Point", "coordinates": [9.5412387, 62.2198649]}, "properties": {"name": "Hjerkinn", "railway": "station", "ref": "05110217"}}, {"type": "Feature", "geometry": {"type": "Point", "coordinates": [9.6942265, 62.5930011]}, "properties": {"name": "Oppdal", "railway": "stop"}}, {"type": "Feature", "geometry": {"type": "Point", "coordinates": [10.2851311, 63.0514404]}, "properties": {"name": "St\u00f8ren", "railway": "stop"}}, {"type": "Feature", "geometry": {"type": "Point", "coordinates": [10.2798209, 63.1519592]}, "properties": {"name": "Lundamo", "railway": "stop"}}, {"type": "Feature", "geometry": {"type": "Point", "coordinates": [10.277119, 63.2840146]}, "properties": {"name": "Melhus", "railway": "stop"}}, {"type": "Feature", "geometry": {"type": "Point", "coordinates": [10.3575006, 63.3509041]}, "properties": {"name": "Heimdal", "railway": "stop"}}, {"type": "Feature", "geometry": {"type": "Point", "coordinates": [10.3731551, 63.3894691]}, "properties": {"name": "Selsbakk", "railway": "stop"}}, {"type": "Feature", "geometry": {"type": "Point", "coordinates": [10.6234905, 63.4388565]}, "properties": {"name": "Vikhammer", "railway": "stop"}}, {"type": "Feature", "geometry": {"type": "Point", "coordinates": [10.9137903, 63.4531717]}, "properties": {"name": "Trondheim lufthavn (V\u00e6rnes)", "operator": "Bane NOR", "railway": "stop"}}, {"type": "Feature", "geometry": {"type": "Point", "coordinates": [10.9137562, 63.4703865]}, "properties": {"name": "Stj\u00f8rdal", "operator": "Bane NOR", "railway": "station"}}, {"type": "Feature", "geometry": {"type": "Point", "coordinates": [10.9015251, 63.547479]}, "properties": {"name": "Langstein", "operator": "Bane NOR", "railway": "stop"}}, {"type": "Feature", "geometry": {"type": "Point", "coordinates": [11.0537382, 63.6099295]}, "properties": {"name": "\u00c5sen", "operator": "Bane NOR", "railway": "stop"}}, {"type": "Feature", "geometry": {"type": "Point", "coordinates": [11.1131198, 63.6664254]}, "properties": {"name": "Ronglan", "operator": "Bane NOR", "railway": "stop", "ref": "1"}}, {"type": "Feature", "geometry": {"type": "Point", "coordinates": [11.3009515, 63.7448423]}, "properties": {"name": "Levanger", "operator": "Bane NOR", "railway": "stop"}}, {"type": "Feature", "geometry": {"type": "Point", "coordinates": [11.4842246, 63.7912955]}, "properties": {"name": "Verdal", "operator": "Bane NOR", "railway": "stop", "ref": "1"}}, {"type": "Feature", "geometry": {"type": "Point", "coordinates": [11.4953977, 64.0118669]}, "properties": {"name": "Steinkjer", "operator": "Bane NOR", "railway": "stop", "ref": "1"}}, {"type": "Feature", "geometry": {"type": "Point", "coordinates": [12.3797831, 64.2459029]}, "properties": {"name": "Sn\u00e5sa - Sn\u00e5ase", "operator": "Bane NOR", "railway": "stop"}}, {"type": "Feature", "geometry": {"type": "Point", "coordinates": [12.5312882, 64.2830783]}, "properties": {"name": "Agle", "railway": "stop"}}, {"type": "Feature", "geometry": {"type": "Point", "coordinates": [12.3371333, 64.4583829]}, "properties": {"name": "Grong", "operator": "Bane NOR", "railway": "stop"}}, {"type": "Feature", "geometry": {"type": "Point", "coordinates": [12.4940506, 64.5688527]}, "properties": {"name": "Harran", "operator": "Bane NOR", "railway": "stop"}}, {"type": "Feature", "geometry": {"type": "Point", "coordinates": [13.8321801, 66.1499683]}, "properties": {"name": "Bjerka", "operator": "Bane NOR", "railway": "stop"}}, {"type": "Feature", "geometry": {"type": "Point", "coordinates": [14.3454497, 66.3621386]}, "properties": {"name": "Skonseng", "operator": "Bane NOR", "railway": "stop", "ref": "1"}}, {"type": "Feature", "geometry": {"type": "Point", "coordinates": [14.8381951, 66.4460014]}, "properties": {"name": "Dunderland", "operator": "Bane NOR", "railway": "stop"}}, {"type": "Feature", "geometry": {"type": "Point", "coordinates": [15.2388213, 66.4936803]}, "properties": {"name": "Bolna", "railway": "stop"}}, {"type": "Feature", "geometry": {"type": "Point", "coordinates": [15.4627504, 66.7426695]}, "properties": {"name": "L\u00f8nsdal / Luonosv\u00e1gge (L\u00f8nsdalen)", "operator": "Bane NOR", "railway": "stop"}}, {"type": "Feature", "geometry": {"type": "Point", "coordinates": [15.3131497, 66.981429]}, "properties": {"name": "R\u00f8kland / R\u00e6vkka", "operator": "Bane NOR", "railway": "stop", "ref": "2"}}, {"type": "Feature", "geometry": {"type": "Point", "coordinates": [15.3129608, 66.9813304]}, "properties": {"name": "R\u00f8kland / R\u00e6vkka", "operator": "Bane NOR", "railway": "stop", "ref": "1"}}, {"type": "Feature", "geometry": {"type": "Point", "coordinates": [15.3978805, 67.0931744]}, "properties": {"name": "Rognan", "operator": "Bane NOR", "railway": "stop", "ref": "1"}}, {"type": "Feature", "geometry": {"type": "Point", "coordinates": [15.3978921, 67.264825]}, "properties": {"name": "Fauske / Fuossko", "operator": "Bane NOR", "railway": "stop", "ref": "1"}}, {"type": "Feature", "geometry": {"type": "Point", "coordinates": [10.4560688, 59.8436813]}, "properties": {"name": "H\u00f8n", "railway": "halt", "ref": "02200400"}}, {"type": "Feature", "geometry": {"type": "Point", "coordinates": [10.5821874, 59.9009344]}, "properties": {"name": "H\u00f8vik", "operator": "Bane NOR", "railway": "station", "ref": "02190200"}}, {"type": "Feature", "geometry": {"type": "Point", "coordinates": [10.6073323, 59.9080486]}, "properties": {"name": "Stabekk", "operator": "Bane NOR", "railway": "station", "ref": "02190100"}}, {"type": "Feature", "geometry": {"type": "Point", "coordinates": [10.637213, 59.9132904]}, "properties": {"name": "Lysaker", "operator": "Bane NOR", "railway": "stop"}}, {"type": "Feature", "geometry": {"type": "Point", "coordinates": [10.6784991, 59.9224287]}, "properties": {"name": "Sk\u00f8yen", "railway": "station", "ref": "03012500"}}, {"type": "Feature", "geometry": {"type": "Point", "coordinates": [10.8354877, 59.932533]}, "properties": {"name": "Alna", "operator": "Bane NOR", "railway": "stop"}}, {"type": "Feature", "geometry": {"type": "Point", "coordinates": [10.8194147, 59.9084246]}, "properties": {"name": "Bryn", "railway": "stop"}}, {"type": "Feature", "geometry": {"type": "Point", "coordinates": [8.8540321, 62.1186798]}, "properties": {"name": "Lesja", "operator": "Bane NOR", "railway": "stop", "ref": "05128010"}}, {"type": "Feature", "geometry": {"type": "Point", "coordinates": [8.2010274, 62.2585745]}, "properties": {"name": "Bjorli", "operator": "Bane NOR", "railway": "stop", "ref": "05128050"}}, {"type": "Feature", "geometry": {"type": "Point", "coordinates": [8.5382796, 62.1923283]}, "properties": {"name": "Lesjaverk", "operator": "Bane NOR", "railway": "stop", "ref": "05129124"}}, {"type": "Feature", "geometry": {"type": "Point", "coordinates": [10.5612076, 62.9763617]}, "properties": {"name": "Kots\u00f8y", "operator": "Bane NOR", "railway": "stop"}}, {"type": "Feature", "geometry": {"type": "Point", "coordinates": [11.379281, 62.8075311]}, "properties": {"name": "Reitan", "operator": "Bane NOR", "railway": "stop"}}, {"type": "Feature", "geometry": {"type": "Point", "coordinates": [11.1034206, 63.4610739]}, "properties": {"name": "Hegra", "railway": "stop"}}, {"type": "Feature", "geometry": {"type": "Point", "coordinates": [17.6563516, 68.4338338]}, "properties": {"name": "Straumsnes", "operator": "Bane NOR", "railway": "stop"}}, {"type": "Feature", "geometry": {"type": "Point", "coordinates": [17.4409934, 68.4417626]}, "properties": {"name": "Narvik", "operator": "Bane NOR", "railway": "stop", "uic_ref": "7600092"}}, {"type": "Feature", "geometry": {"type": "Point", "coordinates": [14.7466433, 67.3015807]}, "properties": {"name": "Tverlandet", "operator": "Bane NOR", "railway": "stop"}}, {"type": "Feature", "geometry": {"type": "Point", "coordinates": [14.3917526, 67.2864101]}, "properties": {"name": "Bod\u00f8 - B\u00e5d\u00e5ddjo", "operator": "Bane NOR", "railway": "stop"}}, {"type": "Feature", "geometry": {"type": "Point", "coordinates": [10.7761596, 62.2747809]}, "properties": {"name": "Tynset", "railway": "stop", "ref": "04371000"}}, {"type": "Feature", "geometry": {"type": "Point", "coordinates": [10.8790256, 61.8381549]}, "properties": {"name": "Hanestad", "operator": "Bane NOR", "railway": "stop", "ref": "04321662"}}, {"type": "Feature", "geometry": {"type": "Point", "coordinates": [11.342532, 60.8188337]}, "properties": {"name": "L\u00f8ten", "operator": "Bane NOR", "railway": "stop", "ref": "04158066"}}, {"type": "Feature", "geometry": {"type": "Point", "coordinates": [11.077021, 60.7913969]}, "properties": {"name": "Hamar", "railway": "stop", "ref": "403910001"}}, {"type": "Feature", "geometry": {"type": "Point", "coordinates": [10.409423, 59.2720987]}, "properties": {"name": "T\u00f8nsberg", "operator": "Jernbaneverket", "railway": "stop"}}, {"type": "Feature", "geometry": {"type": "Point", "coordinates": [10.3332807, 59.2810485]}, "properties": {"name": "Sem", "railway": "stop"}}, {"type": "Feature", "geometry": {"type": "Point", "coordinates": [11.3150009, 62.8465543]}, "properties": {"name": "\u00c5len", "operator": "Bane NOR", "railway": "stop"}}, {"type": "Feature", "geometry": {"type": "Point", "coordinates": [11.3790134, 62.5745704]}, "properties": {"name": "R\u00f8ros", "operator": "Bane NOR", "railway": "station"}}, {"type": "Feature", "geometry": {"type": "Point", "coordinates": [11.2271016, 62.4974009]}, "properties": {"name": "Os", "operator": "Bane NOR", "railway": "stop", "ref": "04412015"}}, {"type": "Feature", "geometry": {"type": "Point", "coordinates": [9.1008698, 59.2988823]}, "properties": {"name": "Lunde", "railway": "stop"}}, {"type": "Feature", "geometry": {"type": "Point", "coordinates": [6.8375127, 58.3842033]}, "properties": {"name": "Gyland", "railway": "stop"}}, {"type": "Feature", "geometry": {"type": "Point", "coordinates": [8.7058309, 58.5766171]}, "properties": {"name": "B\u00f8ylestad", "railway": "stop"}}, {"type": "Feature", "geometry": {"type": "Point", "coordinates": [8.7696417, 58.4650354]}, "properties": {"name": "Arendal", "railway": "stop"}}, {"type": "Feature", "geometry": {"type": "Point", "coordinates": [5.7400344, 58.9002759]}, "properties": {"name": "Gausel", "railway": "stop"}}, {"type": "Feature", "geometry": {"type": "Point", "coordinates": [11.7932508, 60.7231257]}, "properties": {"name": "Braskereidfoss", "railway": "stop"}}, {"type": "Feature", "geometry": {"type": "Point", "coordinates": [11.7605153, 63.4230001]}, "properties": {"name": "Mer\u00e5ker", "railway": "halt"}}, {"type": "Feature", "geometry": {"type": "Point", "coordinates": [11.6179692, 63.4437528]}, "properties": {"name": "Gud\u00e5", "railway": "stop"}}, {"type": "Feature", "geometry": {"type": "Point", "coordinates": [11.848392, 63.3921619]}, "properties": {"name": "Kopper\u00e5", "railway": "station"}}, {"type": "Feature", "geometry": {"type": "Point", "coordinates": [7.1293259, 60.7437911]}, "properties": {"name": "Vatnahalsen", "operator": "Bane NOR", "railway": "stop"}}, {"type": "Feature", "geometry": {"type": "Point", "coordinates": [10.2800191, 63.2335119]}, "properties": {"name": "Kv\u00e5l", "railway": "stop"}}, {"type": "Feature", "geometry": {"type": "Point", "coordinates": [5.334349, 60.3955671]}, "properties": {"name": "Fjellveien", "railway": "halt"}}, {"type": "Feature", "geometry": {"type": "Point", "coordinates": [5.3375984, 60.3953562]}, "properties": {"name": "Skansemyren", "railway": "halt"}}, {"type": "Feature", "geometry": {"type": "Point", "coordinates": [10.0316665, 59.0500401]}, "properties": {"name": "Larvik", "operator": "Bane NOR", "railway": "stop"}}, {"type": "Feature", "geometry": {"type": "Point", "coordinates": [10.267176, 59.1662475]}, "properties": {"name": "Torp", "operator": "Bane NOR", "railway": "stop"}}, {"type": "Feature", "geometry": {"type": "Point", "coordinates": [10.4612694, 61.1142507]}, "properties": {"name": "Lillehammer", "railway": "stop"}}, {"type": "Feature", "geometry": {"type": "Point", "coordinates": [10.4054194, 61.1708981]}, "properties": {"name": "F\u00e5berg", "railway": "stop"}}, {"type": "Feature", "geometry": {"type": "Point", "coordinates": [10.4387397, 61.2230411]}, "properties": {"name": "Hunderfossen", "railway": "stop", "ref": "05017285"}}, {"type": "Feature", "geometry": {"type": "Point", "coordinates": [8.6300627, 58.6575066]}, "properties": {"name": "Nelaug", "railway": "stop", "ref": "3"}}, {"type": "Feature", "geometry": {"type": "Point", "coordinates": [5.4528089, 60.3607983]}, "properties": {"name": "Haukeland", "railway": "halt"}}, {"type": "Feature", "geometry": {"type": "Point", "coordinates": [10.5599212, 61.0076139]}, "properties": {"name": "Br\u00f8ttum", "railway": "stop"}}, {"type": "Feature", "geometry": {"type": "Point", "coordinates": [11.1949187, 60.7178877]}, "properties": {"name": "Stange", "railway": "stop"}}, {"type": "Feature", "geometry": {"type": "Point", "coordinates": [11.2699869, 60.6159013]}, "properties": {"name": "Tangen", "railway": "stop"}}, {"type": "Feature", "geometry": {"type": "Point", "coordinates": [10.1851783, 61.449016]}, "properties": {"name": "F\u00e5vang", "railway": "stop"}}, {"type": "Feature", "geometry": {"type": "Point", "coordinates": [10.1658121, 61.4722406]}, "properties": {"name": "Kvitfjell", "railway": "stop", "uic_ref": "7600182"}}, {"type": "Feature", "geometry": {"type": "Point", "coordinates": [10.1391188, 61.5291335]}, "properties": {"name": "Ringebu", "railway": "stop", "ref": "05209104"}}, {"type": "Feature", "geometry": {"type": "Point", "coordinates": [10.9981059, 62.4088168]}, "properties": {"name": "Tolga", "operator": "Bane NOR", "railway": "stop", "ref": "04361960"}}, {"type": "Feature", "geometry": {"type": "Point", "coordinates": [6.6609055, 58.4175784]}, "properties": {"name": "Sira", "railway": "stop", "uic_ref": "7600037"}}, {"type": "Feature", "geometry": {"type": "Point", "coordinates": [10.937887, 60.8802255]}, "properties": {"name": "Brumunddal", "railway": "stop"}}, {"type": "Feature", "geometry": {"type": "Point", "coordinates": [9.4274586, 59.8628529]}, "properties": {"name": "Flesberg", "railway": "stop"}}, {"type": "Feature", "geometry": {"type": "Point", "coordinates": [5.7364903, 58.8522249]}, "properties": {"name": "Sandnes sentrum", "railway": "stop"}}, {"type": "Feature", "geometry": {"type": "Point", "coordinates": [10.6923218, 59.4776453]}, "properties": {"name": "Kambo", "railway": "station"}}, {"type": "Feature", "geometry": {"type": "Point", "coordinates": [5.7335909, 58.8475199]}, "properties": {"name": "Skeiane", "railway": "stop"}}, {"type": "Feature", "geometry": {"type": "Point", "coordinates": [5.733901, 58.847506]}, "properties": {"name": "Skeiane", "railway": "stop"}}, {"type": "Feature", "geometry": {"type": "Point", "coordinates": [12.7151385, 64.6963548]}, "properties": {"name": "Lassemoen", "operator": "Bane NOR", "railway": "stop", "ref": "2"}}, {"type": "Feature", "geometry": {"type": "Point", "coordinates": [13.4561809, 66.07128]}, "properties": {"name": "Drevvatn", "operator": "Bane NOR", "railway": "stop", "ref": "2"}}, {"type": "Feature", "geometry": {"type": "Point", "coordinates": [5.6464637, 58.6182161]}, "properties": {"name": "Varhaug", "railway": "stop", "uic_ref": "7600349"}}, {"type": "Feature", "geometry": {"type": "Point", "coordinates": [5.7353982, 60.4786265]}, "properties": {"name": "Vaksdal", "railway": "stop"}}, {"type": "Feature", "geometry": {"type": "Point", "coordinates": [9.2571898, 59.5570879]}, "properties": {"name": "Notodden stasjon", "operator": "Bane NOR", "railway": "stop"}}, {"type": "Feature", "geometry": {"type": "Point", "coordinates": [9.336172, 59.51214]}, "properties": {"name": "Trykkerud", "operator": "Bane NOR", "railway": "stop"}}, {"type": "Feature", "geometry": {"type": "Point", "coordinates": [9.4851118, 59.3003905]}, "properties": {"name": "Nisterud", "operator": "Bane NOR", "railway": "stop"}}, {"type": "Feature", "geometry": {"type": "Point", "coordinates": [11.5460413, 60.8829542]}, "properties": {"name": "Elverum", "operator": "Bane NOR", "railway": "stop", "ref": "04279001"}}, {"type": "Feature", "geometry": {"type": "Point", "coordinates": [18.0035497, 68.4351072]}, "properties": {"name": "S\u00f8sterbekk", "operator": "Bane NOR", "railway": "stop"}}, {"type": "Feature", "geometry": {"type": "Point", "coordinates": [5.6255953, 60.4298512]}, "properties": {"name": "Trengereid", "operator": "Bane NOR", "railway": "stop", "ref": "1", "uic_ref": "7600368"}}, {"type": "Feature", "geometry": {"type": "Point", "coordinates": [5.6402576, 58.6654878]}, "properties": {"name": "N\u00e6rb\u00f8", "railway": "stop", "uic_ref": "7600350"}}, {"type": "Feature", "geometry": {"type": "Point", "coordinates": [7.83505, 58.1570145]}, "properties": {"name": "Nodeland", "railway": "station"}}, {"type": "Feature", "geometry": {"type": "Point", "coordinates": [5.7336355, 60.5493982]}, "properties": {"name": "Stanghelle", "railway": "stop", "uic_ref": "7600367"}}, {"type": "Feature", "geometry": {"type": "Point", "coordinates": [5.9576547, 60.6378682]}, "properties": {"name": "Bolstad\u00f8yri", "railway": "stop", "ref": "1", "uic_ref": "7600366"}}, {"type": "Feature", "geometry": {"type": "Point", "coordinates": [6.1095069, 60.6470173]}, "properties": {"name": "Evanger", "railway": "stop", "uic_ref": "7600365"}}, {"type": "Feature", "geometry": {"type": "Point", "coordinates": [6.2364628, 60.6324228]}, "properties": {"name": "Seimsgrend", "railway": "stop", "ref": "1", "uic_ref": "7600364"}}, {"type": "Feature", "geometry": {"type": "Point", "coordinates": [6.2844038, 60.6305824]}, "properties": {"name": "Bulken", "railway": "stop", "uic_ref": "7600363"}}, {"type": "Feature", "geometry": {"type": "Point", "coordinates": [7.1356987, 60.7470893]}, "properties": {"name": "Kjosfossen", "railway": "stop"}}, {"type": "Feature", "geometry": {"type": "Point", "coordinates": [7.1228353, 60.839759]}, "properties": {"name": "H\u00e5reina", "railway": "stop"}}, {"type": "Feature", "geometry": {"type": "Point", "coordinates": [11.1284355, 60.0396913]}, "properties": {"name": "Lindeberg", "railway": "station"}}, {"type": "Feature", "geometry": {"type": "Point", "coordinates": [11.2227745, 60.7767757]}, "properties": {"name": "Ilseng", "operator": "Bane NOR", "railway": "stop", "ref": "04177336"}}, {"type": "Feature", "geometry": {"type": "Point", "coordinates": [11.3972462, 61.0131272]}, "properties": {"name": "Rudstad", "railway": "stop"}}, {"type": "Feature", "geometry": {"type": "Point", "coordinates": [5.7402587, 58.9002791]}, "properties": {"name": "Gausel", "railway": "stop"}}, {"type": "Feature", "geometry": {"type": "Point", "coordinates": [11.4013216, 63.8574463]}, "properties": {"name": "R\u00f8ra", "operator": "Bane NOR", "railway": "station"}}, {"type": "Feature", "geometry": {"type": "Point", "coordinates": [7.1230744, 60.735222]}, "properties": {"name": "Myrdal", "railway": "stop"}}, {"type": "Feature", "geometry": {"type": "Point", "coordinates": [6.9577176, 58.3796833]}, "properties": {"name": "Storekvina", "railway": "stop"}}, {"type": "Feature", "geometry": {"type": "Point", "coordinates": [7.2110974, 58.3315778]}, "properties": {"name": "Snartemo", "railway": "stop", "uic_ref": "7600125"}}, {"type": "Feature", "geometry": {"type": "Point", "coordinates": [7.3671438, 58.318917]}, "properties": {"name": "Audnedal", "railway": "stop", "uic_ref": "7600341"}}, {"type": "Feature", "geometry": {"type": "Point", "coordinates": [8.2067242, 60.5347119]}, "properties": {"name": "Geilo", "railway": "stop", "ref": "06203190"}}, {"type": "Feature", "geometry": {"type": "Point", "coordinates": [5.7423909, 58.9560329]}, "properties": {"name": "Paradis", "railway": "stop"}}, {"type": "Feature", "geometry": {"type": "Point", "coordinates": [9.541729, 61.6823847]}, "properties": {"name": "Sjoa", "railway": "stop"}}, {"type": "Feature", "geometry": {"type": "Point", "coordinates": [5.6494358, 58.7347515]}, "properties": {"name": "Bryne", "railway": "stop", "uic_ref": "7600127"}}, {"type": "Feature", "geometry": {"type": "Point", "coordinates": [10.9085404, 59.9514742]}, "properties": {"name": "Haugenstua", "railway": "halt"}}, {"type": "Feature", "geometry": {"type": "Point", "coordinates": [5.7289157, 58.9140639]}, "properties": {"name": "J\u00e5tt\u00e5v\u00e5gen", "railway": "stop"}}, {"type": "Feature", "geometry": {"type": "Point", "coordinates": [5.8032775, 58.5196987]}, "properties": {"name": "Ogna", "railway": "stop", "uic_ref": "7600346"}}, {"type": "Feature", "geometry": {"type": "Point", "coordinates": [5.8071029, 58.5027885]}, "properties": {"name": "Sirev\u00e5g", "railway": "stop", "uic_ref": "7600345"}}, {"type": "Feature", "geometry": {"type": "Point", "coordinates": [5.8975161, 58.4858795]}, "properties": {"name": "Hellvik", "railway": "stop", "uic_ref": "7600344"}}, {"type": "Feature", "geometry": {"type": "Point", "coordinates": [5.6873118, 58.5703499]}, "properties": {"name": "Vigrestad", "railway": "stop", "uic_ref": "7600348"}}, {"type": "Feature", "geometry": {"type": "Point", "coordinates": [11.3241702, 61.2511703]}, "properties": {"name": "Steinvik", "operator": "Bane NOR", "railway": "stop", "ref": "04301533"}}, {"type": "Feature", "geometry": {"type": "Point", "coordinates": [11.2606781, 61.3317524]}, "properties": {"name": "Opphus", "operator": "Bane NOR", "railway": "stop", "ref": "04301506"}}, {"type": "Feature", "geometry": {"type": "Point", "coordinates": [11.0997153, 61.4232721]}, "properties": {"name": "Evenstad", "operator": "Bane NOR", "railway": "stop", "ref": "04301487"}}, {"type": "Feature", "geometry": {"type": "Point", "coordinates": [11.0590016, 61.4943062]}, "properties": {"name": "Stai", "operator": "Bane NOR", "railway": "stop", "ref": "04301485"}}, {"type": "Feature", "geometry": {"type": "Point", "coordinates": [11.0447486, 61.5726238]}, "properties": {"name": "Koppang", "operator": "Bane NOR", "railway": "stop", "ref": "04301475"}}, {"type": "Feature", "geometry": {"type": "Point", "coordinates": [10.8879024, 59.9498787]}, "properties": {"name": "Grorud", "railway": "station"}}, {"type": "Feature", "geometry": {"type": "Point", "coordinates": [10.9665134, 59.9388952]}, "properties": {"name": "Hanaborg", "railway": "stop", "ref": "2"}}, {"type": "Feature", "geometry": {"type": "Point", "coordinates": [10.8256726, 63.5086405]}, "properties": {"name": "Skatval", "operator": "Bane NOR", "railway": "stop", "ref": "1"}}, {"type": "Feature", "geometry": {"type": "Point", "coordinates": [11.0870456, 59.9999567]}, "properties": {"name": "Leirsund", "operator": "Bane NOR", "railway": "halt"}}, {"type": "Feature", "geometry": {"type": "Point", "coordinates": [11.1390057, 60.0755759]}, "properties": {"name": "Kl\u00f8fta", "operator": "Bane NOR", "railway": "stop", "ref": "4"}}, {"type": "Feature", "geometry": {"type": "Point", "coordinates": [11.0923543, 60.1818854]}, "properties": {"name": "Gardermoen tankterminal", "operator": "CargoNet", "railway": "stop"}}, {"type": "Feature", "geometry": {"type": "Point", "coordinates": [11.0019618, 59.9493761]}, "properties": {"name": "Str\u00f8mmen", "operator": "Bane NOR", "railway": "stop", "ref": "3"}}, {"type": "Feature", "geometry": {"type": "Point", "coordinates": [9.6057812, 62.3071231]}, "properties": {"name": "Kongsvoll", "railway": "stop"}}, {"type": "Feature", "geometry": {"type": "Point", "coordinates": [6.5512929, 58.458139]}, "properties": {"name": "Moi", "railway": "stop", "uic_ref": "7600126"}}, {"type": "Feature", "geometry": {"type": "Point", "coordinates": [5.7489009, 58.5405072]}, "properties": {"name": "Brusand", "railway": "stop", "uic_ref": "7600347"}}, {"type": "Feature", "geometry": {"type": "Point", "coordinates": [5.7539693, 58.9332054]}, "properties": {"name": "Mariero", "railway": "stop"}}, {"type": "Feature", "geometry": {"type": "Point", "coordinates": [5.7538883, 58.9332002]}, "properties": {"name": "Mariero", "railway": "stop"}}, {"type": "Feature", "geometry": {"type": "Point", "coordinates": [8.7202583, 59.9100951]}, "properties": {"name": "Skeie", "railway": "halt"}}, {"type": "Feature", "geometry": {"type": "Point", "coordinates": [10.4324488, 63.4399006]}, "properties": {"name": "Lilleby", "operator": "Bane NOR", "railway": "halt"}}, {"type": "Feature", "geometry": {"type": "Point", "coordinates": [7.5040083, 60.6018131]}, "properties": {"name": "Finse", "railway": "station"}}, {"type": "Feature", "geometry": {"type": "Point", "coordinates": [9.8826965, 62.6529721]}, "properties": {"name": "Fagerhaug", "railway": "stop"}}, {"type": "Feature", "geometry": {"type": "Point", "coordinates": [10.3826835, 63.4186484]}, "properties": {"name": "Marienborg", "operator": "BaneNOR", "railway": "halt"}}, {"type": "Feature", "geometry": {"type": "Point", "coordinates": [9.1257266, 62.0681767]}, "properties": {"name": "Domb\u00e5s", "railway": "stop", "ref": "2"}}, {"type": "Feature", "geometry": {"type": "Point", "coordinates": [9.125548, 62.0681979]}, "properties": {"name": "Domb\u00e5s", "operator": "Bane NOR", "railway": "stop", "ref": "1"}}, {"type": "Feature", "geometry": {"type": "Point", "coordinates": [9.6591797, 59.1391778]}, "properties": {"name": "Porsgrunn", "operator": "Jernbaneverket", "railway": "stop"}}, {"type": "Feature", "geometry": {"type": "Point", "coordinates": [11.0769657, 60.7912015]}, "properties": {"name": "Hamar", "railway": "stop", "ref": "403910004"}}, {"type": "Feature", "geometry": {"type": "Point", "coordinates": [11.07698, 60.7912473]}, "properties": {"name": "Hamar", "railway": "stop", "ref": "403910003"}}, {"type": "Feature", "geometry": {"type": "Point", "coordinates": [8.7092137, 58.4660179]}, "properties": {"name": "Stoa", "railway": "stop"}}, {"type": "Feature", "geometry": {"type": "Point", "coordinates": [8.6544117, 58.5294951]}, "properties": {"name": "Froland", "railway": "stop"}}, {"type": "Feature", "geometry": {"type": "Point", "coordinates": [8.6237285, 58.4683953]}, "properties": {"name": "Rise", "railway": "stop"}}, {"type": "Feature", "geometry": {"type": "Point", "coordinates": [8.6895762, 58.4626986]}, "properties": {"name": "Br\u00e5stad", "railway": "stop"}}, {"type": "Feature", "geometry": {"type": "Point", "coordinates": [8.6808013, 58.6362188]}, "properties": {"name": "Flaten", "railway": "stop"}}, {"type": "Feature", "geometry": {"type": "Point", "coordinates": [10.5026937, 59.885722]}, "properties": {"name": "Slependen", "railway": "halt", "ref": "02190600"}}, {"type": "Feature", "geometry": {"type": "Point", "coordinates": [10.6072697, 59.9079621]}, "properties": {"name": "Stabekk", "operator": "Bane NOR", "railway": "stop", "ref": "219010001"}}, {"type": "Feature", "geometry": {"type": "Point", "coordinates": [8.5625708, 60.6264752]}, "properties": {"name": "\u00c5l", "railway": "station"}}, {"type": "Feature", "geometry": {"type": "Point", "coordinates": [10.3825685, 63.4186741]}, "properties": {"name": "Marienborg", "operator": "BaneNOR", "railway": "stop"}}, {"type": "Feature", "geometry": {"type": "Point", "coordinates": [10.4617625, 59.8587545]}, "properties": {"name": "Hvalstad", "railway": "stop", "ref": "220020001"}}, {"type": "Feature", "geometry": {"type": "Point", "coordinates": [10.9503261, 59.2090525]}, "properties": {"name": "Fredrikstad", "operator": "Jernbaneverket", "railway": "stop", "ref": "106522002"}}, {"type": "Feature", "geometry": {"type": "Point", "coordinates": [10.9503453, 59.2090919]}, "properties": {"name": "Fredrikstad", "operator": "Jernbaneverket", "railway": "stop", "ref": "106522002"}}, {"type": "Feature", "geometry": {"type": "Point", "coordinates": [10.3730876, 63.389507]}, "properties": {"name": "Selsbakk", "railway": "stop"}}, {"type": "Feature", "geometry": {"type": "Point", "coordinates": [11.0160969, 59.9562287]}, "properties": {"name": "Sagdalen", "railway": "stop", "ref": "2"}}, {"type": "Feature", "geometry": {"type": "Point", "coordinates": [10.5550205, 59.8973251]}, "properties": {"name": "Blommenholm", "operator": "Bane NOR", "railway": "stop", "ref": "219030001"}}, {"type": "Feature", "geometry": {"type": "Point", "coordinates": [10.7140188, 59.9111576]}, "properties": {"name": "Filipstad", "railway": "stop"}}, {"type": "Feature", "geometry": {"type": "Point", "coordinates": [9.0645817, 59.0962088]}, "properties": {"name": "Drangedal", "operator": "Bane NOR", "railway": "stop"}}, {"type": "Feature", "geometry": {"type": "Point", "coordinates": [9.7469186, 61.5953579]}, "properties": {"name": "Vinstra", "network": "R10:21;22", "operator": "Vy;SJ", "railway": "stop", "ref": "05169304"}}, {"type": "Feature", "geometry": {"type": "Point", "coordinates": [11.1941352, 63.7048886]}, "properties": {"name": "Skogn", "operator": "Bane NOR", "railway": "stop", "ref": "1"}}, {"type": "Feature", "geometry": {"type": "Point", "coordinates": [10.3775425, 63.4311559]}, "properties": {"name": "Skansen", "railway": "stop"}}, {"type": "Feature", "geometry": {"type": "Point", "coordinates": [17.4410412, 68.4418726]}, "properties": {"name": "Narvik", "operator": "Bane NOR", "railway": "stop"}}, {"type": "Feature", "geometry": {"type": "Point", "coordinates": [17.4410273, 68.4418295]}, "properties": {"name": "Narvik", "operator": "Bane NOR", "railway": "stop"}}, {"type": "Feature", "geometry": {"type": "Point", "coordinates": [17.4410656, 68.4419245]}, "properties": {"name": "Narvik", "operator": "Bane NOR", "railway": "stop"}}, {"type": "Feature", "geometry": {"type": "Point", "coordinates": [17.4410916, 68.4419677]}, "properties": {"name": "Narvik", "operator": "Bane NOR", "railway": "stop"}}, {"type": "Feature", "geometry": {"type": "Point", "coordinates": [9.2571671, 61.9844092]}, "properties": {"name": "Dovre", "railway": "stop", "ref": "05119104"}}, {"type": "Feature", "geometry": {"type": "Point", "coordinates": [9.7013677, 61.6647823]}, "properties": {"name": "Kvam", "railway": "stop", "ref": "05169408"}}, {"type": "Feature", "geometry": {"type": "Point", "coordinates": [10.6588176, 62.2207579]}, "properties": {"name": "Auma", "railway": "stop", "ref": "04371030"}}, {"type": "Feature", "geometry": {"type": "Point", "coordinates": [10.8348175, 61.7325164]}, "properties": {"name": "Atna", "railway": "stop", "ref": "04301435"}}, {"type": "Feature", "geometry": {"type": "Point", "coordinates": [10.7852212, 62.0301133]}, "properties": {"name": "Bellingmo", "railway": "stop", "ref": "04381411"}}, {"type": "Feature", "geometry": {"type": "Point", "coordinates": [11.102268, 59.9430116]}, "properties": {"name": "Tuen", "operator": "Bane NOR", "railway": "halt"}}, {"type": "Feature", "geometry": {"type": "Point", "coordinates": [10.4094931, 59.2721214]}, "properties": {"name": "T\u00f8nsberg", "operator": "Bane NOR", "railway": "stop"}}, {"type": "Feature", "geometry": {"type": "Point", "coordinates": [5.6404007, 58.6654565]}, "properties": {"name": "N\u00e6rb\u00f8", "railway": "stop", "uic_ref": "7600350"}}, {"type": "Feature", "geometry": {"type": "Point", "coordinates": [5.7489631, 58.5405565]}, "properties": {"name": "Brusand", "railway": "stop", "uic_ref": "7600347"}}, {"type": "Feature", "geometry": {"type": "Point", "coordinates": [12.1206161, 59.9833054]}, "properties": {"name": "Skotterud", "railway": "stop"}}, {"type": "Feature", "geometry": {"type": "Point", "coordinates": [11.0447476, 59.9535885]}, "properties": {"name": "Lillestr\u00f8m", "operator": "Bane NOR", "railway": "stop", "ref": "231030001"}}, {"type": "Feature", "geometry": {"type": "Point", "coordinates": [11.0451936, 59.952969]}, "properties": {"name": "Lillestr\u00f8m", "railway": "stop", "ref": "231030008"}}, {"type": "Feature", "geometry": {"type": "Point", "coordinates": [12.3425282, 64.400182]}, "properties": {"name": "Formofoss", "railway": "stop"}}, {"type": "Feature", "geometry": {"type": "Point", "coordinates": [10.693636, 59.3981674]}, "properties": {"name": "Dilling", "railway": "stop"}}, {"type": "Feature", "geometry": {"type": "Point", "coordinates": [10.7945204, 59.6632617]}, "properties": {"name": "\u00c5s", "operator": "Jernbaneverket", "railway": "stop", "ref": "214020001"}}, {"type": "Feature", "geometry": {"type": "Point", "coordinates": [10.7483567, 59.6037133]}, "properties": {"name": "Vestby", "operator": "Jernbaneverket", "railway": "stop", "ref": "211010002"}}, {"type": "Feature", "geometry": {"type": "Point", "coordinates": [10.8374195, 59.7562669]}, "properties": {"name": "Vevelstad", "operator": "Bane NOR", "railway": "stop", "ref": "213070001"}}, {"type": "Feature", "geometry": {"type": "Point", "coordinates": [10.8004255, 59.7864933]}, "properties": {"name": "Myrvoll", "operator": "Bane NOR", "railway": "stop", "ref": "217050001"}}, {"type": "Feature", "geometry": {"type": "Point", "coordinates": [10.8365785, 59.7496832]}, "properties": {"name": "Langhus", "operator": "Bane NOR", "railway": "stop", "ref": "213050001"}}, {"type": "Feature", "geometry": {"type": "Point", "coordinates": [10.8130379, 59.7651085]}, "properties": {"name": "Oppeg\u00e5rd", "operator": "Bane NOR", "railway": "stop", "ref": "217040001"}}, {"type": "Feature", "geometry": {"type": "Point", "coordinates": [10.8005525, 59.7865052]}, "properties": {"name": "Myrvoll", "operator": "Bane NOR", "railway": "stop", "ref": "217050001"}}, {"type": "Feature", "geometry": {"type": "Point", "coordinates": [10.7978267, 59.823998]}, "properties": {"name": "Rosenholm", "operator": "Bane NOR", "railway": "stop", "ref": "310093001"}}, {"type": "Feature", "geometry": {"type": "Point", "coordinates": [10.8028596, 59.8460033]}, "properties": {"name": "Hauketo", "operator": "Bane NOR", "railway": "stop", "ref": "301091001"}}, {"type": "Feature", "geometry": {"type": "Point", "coordinates": [10.7856109, 59.8631886]}, "properties": {"name": "Nordstrand", "operator": "Bane NOR", "railway": "stop", "ref": "301081001"}}, {"type": "Feature", "geometry": {"type": "Point", "coordinates": [10.2486027, 60.1690644]}, "properties": {"name": "H\u00f8nefoss", "operator": "Bane NOR", "railway": "stop", "ref": "6"}}, {"type": "Feature", "geometry": {"type": "Point", "coordinates": [10.2891833, 63.2624299]}, "properties": {"name": "S\u00f8berg", "railway": "stop"}}, {"type": "Feature", "geometry": {"type": "Point", "coordinates": [10.4609859, 61.1142464]}, "properties": {"name": "Lillehammer", "railway": "stop"}}, {"type": "Feature", "geometry": {"type": "Point", "coordinates": [14.5561096, 67.2838445]}, "properties": {"name": "M\u00f8rkved", "operator": "Bane NOR", "railway": "halt"}}, {"type": "Feature", "geometry": {"type": "Point", "coordinates": [10.5338864, 63.4277629]}, "properties": {"name": "Ranheim", "railway": "stop"}}, {"type": "Feature", "geometry": {"type": "Point", "coordinates": [5.7288258, 58.9140407]}, "properties": {"name": "J\u00e5tt\u00e5v\u00e5gen", "railway": "stop"}}, {"type": "Feature", "geometry": {"type": "Point", "coordinates": [10.637227, 59.9134373]}, "properties": {"name": "Lysaker", "operator": "Bane NOR", "railway": "stop"}}, {"type": "Feature", "geometry": {"type": "Point", "coordinates": [10.290448, 59.7634562]}, "properties": {"name": "Lier", "operator": "Bane NOR", "railway": "stop", "ref": "626417001"}}, {"type": "Feature", "geometry": {"type": "Point", "coordinates": [10.456133, 59.8436549]}, "properties": {"name": "H\u00f8n", "railway": "stop", "ref": "220040001"}}, {"type": "Feature", "geometry": {"type": "Point", "coordinates": [10.4669154, 59.8496979]}, "properties": {"name": "Vak\u00e5s", "railway": "stop", "ref": "220030001"}}, {"type": "Feature", "geometry": {"type": "Point", "coordinates": [10.4671283, 59.8496443]}, "properties": {"name": "Vak\u00e5s", "railway": "stop", "ref": "220030001"}}, {"type": "Feature", "geometry": {"type": "Point", "coordinates": [10.4559687, 59.8437106]}, "properties": {"name": "H\u00f8n", "railway": "stop", "ref": "220040001"}}, {"type": "Feature", "geometry": {"type": "Point", "coordinates": [10.4620036, 59.8587824]}, "properties": {"name": "Hvalstad", "railway": "stop", "ref": "220020001"}}, {"type": "Feature", "geometry": {"type": "Point", "coordinates": [10.4830346, 59.8748413]}, "properties": {"name": "Billingstad", "railway": "stop", "ref": "220010001"}}, {"type": "Feature", "geometry": {"type": "Point", "coordinates": [10.3898523, 59.7468501]}, "properties": {"name": "R\u00f8yken", "railway": "stop", "ref": "627434001"}}, {"type": "Feature", "geometry": {"type": "Point", "coordinates": [10.4311615, 59.7868336]}, "properties": {"name": "Heggedal", "railway": "stop", "ref": "220080002"}}, {"type": "Feature", "geometry": {"type": "Point", "coordinates": [10.2327707, 59.7437596]}, "properties": {"name": "Braker\u00f8ya", "operator": "Bane NOR", "railway": "stop", "ref": "602902001"}}, {"type": "Feature", "geometry": {"type": "Point", "coordinates": [7.7202238, 58.1995761]}, "properties": {"name": "Breland", "operator": "Bane NOR", "railway": "station"}}, {"type": "Feature", "geometry": {"type": "Point", "coordinates": [7.5123339, 58.2128265]}, "properties": {"name": "Marnardal", "railway": "stop"}}, {"type": "Feature", "geometry": {"type": "Point", "coordinates": [10.937819, 60.8801996]}, "properties": {"name": "Brumunddal", "railway": "stop"}}, {"type": "Feature", "geometry": {"type": "Point", "coordinates": [11.2695636, 60.6161199]}, "properties": {"name": "Tangen", "railway": "station", "ref": "04177446"}}, {"type": "Feature", "geometry": {"type": "Point", "coordinates": [13.1986871, 65.8455489]}, "properties": {"name": "Mosj\u00f8en", "operator": "Bane NOR", "railway": "stop", "ref": "3"}}, {"type": "Feature", "geometry": {"type": "Point", "coordinates": [13.1995615, 65.845051]}, "properties": {"name": "Mosj\u00f8en", "operator": "Bane NOR", "railway": "stop", "ref": "1"}}, {"type": "Feature", "geometry": {"type": "Point", "coordinates": [13.3675809, 65.1647148]}, "properties": {"name": "Majavatn / Maajehjaevrie", "operator": "Bane NOR", "railway": "stop", "ref": "2"}}, {"type": "Feature", "geometry": {"type": "Point", "coordinates": [13.3828671, 65.5374777]}, "properties": {"name": "Trofors", "operator": "Bane NOR", "railway": "stop"}}, {"type": "Feature", "geometry": {"type": "Point", "coordinates": [10.7970829, 59.8344044]}, "properties": {"name": "Holmlia", "operator": "Bane NOR", "railway": "stop", "ref": "301092001"}}, {"type": "Feature", "geometry": {"type": "Point", "coordinates": [10.796853, 59.8344146]}, "properties": {"name": "Holmlia", "operator": "Bane NOR", "railway": "stop", "ref": "301092001"}}, {"type": "Feature", "geometry": {"type": "Point", "coordinates": [5.3399072, 60.3951406]}, "properties": {"railway": "stop"}}, {"type": "Feature", "geometry": {"type": "Point", "coordinates": [5.3426461, 60.3947819]}, "properties": {"name": "Fl\u00f8yen", "railway": "station"}}, {"type": "Feature", "geometry": {"type": "Point", "coordinates": [10.7562283, 59.9103386]}, "properties": {"name": "Oslo S", "railway": "stop", "ref": "8"}}, {"type": "Feature", "geometry": {"type": "Point", "coordinates": [10.7560602, 59.9101623]}, "properties": {"name": "Oslo S", "railway": "stop", "ref": "11"}}, {"type": "Feature", "geometry": {"type": "Point", "coordinates": [10.7559633, 59.9100593]}, "properties": {"name": "Oslo S", "railway": "stop", "ref": "12"}}, {"type": "Feature", "geometry": {"type": "Point", "coordinates": [10.7565907, 59.9107188]}, "properties": {"name": "Oslo S", "railway": "stop", "ref": "3"}}, {"type": "Feature", "geometry": {"type": "Point", "coordinates": [10.7566268, 59.9107569]}, "properties": {"name": "Oslo S", "railway": "stop", "ref": "2"}}, {"type": "Feature", "geometry": {"type": "Point", "coordinates": [10.7563266, 59.9104432]}, "properties": {"name": "Oslo S", "railway": "stop", "ref": "7"}}, {"type": "Feature", "geometry": {"type": "Point", "coordinates": [10.7564553, 59.9105794]}, "properties": {"name": "Oslo S", "operator": "Bane NOR", "railway": "stop", "ref": "5"}}, {"type": "Feature", "geometry": {"type": "Point", "coordinates": [10.7563628, 59.9104771]}, "properties": {"name": "Oslo S", "railway": "stop", "ref": "6"}}, {"type": "Feature", "geometry": {"type": "Point", "coordinates": [10.7564891, 59.9106179]}, "properties": {"name": "Oslo S", "railway": "stop", "ref": "4"}}, {"type": "Feature", "geometry": {"type": "Point", "coordinates": [10.7556583, 59.9097462]}, "properties": {"name": "Oslo S", "railway": "stop", "ref": "17"}}, {"type": "Feature", "geometry": {"type": "Point", "coordinates": [10.7560957, 59.9101984]}, "properties": {"name": "Oslo S", "railway": "stop", "ref": "10"}}, {"type": "Feature", "geometry": {"type": "Point", "coordinates": [10.7555249, 59.9096077]}, "properties": {"name": "Oslo S", "railway": "stop", "ref": "19"}}, {"type": "Feature", "geometry": {"type": "Point", "coordinates": [10.7561934, 59.910301]}, "properties": {"name": "Oslo S", "railway": "stop", "ref": "9"}}, {"type": "Feature", "geometry": {"type": "Point", "coordinates": [10.7557939, 59.9098828]}, "properties": {"name": "Oslo S", "railway": "stop", "ref": "15"}}, {"type": "Feature", "geometry": {"type": "Point", "coordinates": [10.7556931, 59.909782]}, "properties": {"name": "Oslo S", "railway": "stop", "ref": "16"}}, {"type": "Feature", "geometry": {"type": "Point", "coordinates": [10.7558282, 59.9099206]}, "properties": {"name": "Oslo S", "railway": "stop", "ref": "14"}}, {"type": "Feature", "geometry": {"type": "Point", "coordinates": [10.7555593, 59.9096422]}, "properties": {"name": "Oslo S", "railway": "stop", "ref": "18"}}, {"type": "Feature", "geometry": {"type": "Point", "coordinates": [10.7567188, 59.9108577]}, "properties": {"name": "Oslo S", "railway": "stop", "ref": "1"}}, {"type": "Feature", "geometry": {"type": "Point", "coordinates": [10.7559291, 59.9100239]}, "properties": {"name": "Oslo S", "railway": "stop", "ref": "13"}}, {"type": "Feature", "geometry": {"type": "Point", "coordinates": [6.4084501, 60.6289943]}, "properties": {"name": "Voss", "railway": "stop", "ref": "2"}}, {"type": "Feature", "geometry": {"type": "Point", "coordinates": [10.3872116, 59.3072838]}, "properties": {"name": "Bark\u00e5ker", "railway": "stop"}}, {"type": "Feature", "geometry": {"type": "Point", "coordinates": [8.6420617, 59.8799378]}, "properties": {"name": "Bj\u00f8rkhaug", "railway": "halt"}}, {"type": "Feature", "geometry": {"type": "Point", "coordinates": [11.1696609, 60.2879988]}, "properties": {"name": "Eidsvoll verk", "operator": "Bane NOR", "railway": "stop"}}, {"type": "Feature", "geometry": {"type": "Point", "coordinates": [10.4108853, 59.391189]}, "properties": {"name": "Skoppum", "operator": "Bane NOR", "railway": "stop", "ref": "2"}}, {"type": "Feature", "geometry": {"type": "Point", "coordinates": [10.4109941, 59.3911877]}, "properties": {"name": "Skoppum", "operator": "Bane NOR", "railway": "stop", "ref": "1"}}, {"type": "Feature", "geometry": {"type": "Point", "coordinates": [8.8553573, 58.7608576]}, "properties": {"name": "Veg\u00e5rshei", "railway": "stop"}}, {"type": "Feature", "geometry": {"type": "Point", "coordinates": [8.8554178, 58.7608078]}, "properties": {"name": "Veg\u00e5rshei", "railway": "stop"}}, {"type": "Feature", "geometry": {"type": "Point", "coordinates": [10.9139504, 63.4540929]}, "properties": {"name": "Trondheim lufthavn (V\u00e6rnes)", "operator": "Bane NOR", "railway": "halt"}}, {"type": "Feature", "geometry": {"type": "Point", "coordinates": [10.7831871, 59.9662011]}, "properties": {"name": "Kjels\u00e5s", "operator": "Jernbaneverket", "railway": "stop"}}, {"type": "Feature", "geometry": {"type": "Point", "coordinates": [13.1519526, 64.9257496]}, "properties": {"name": "Namsskogan", "operator": "Bane NOR", "railway": "stop", "ref": "2"}}, {"type": "Feature", "geometry": {"type": "Point", "coordinates": [8.1451178, 58.1834614]}, "properties": {"name": "Reli Safari", "railway": "station"}}, {"type": "Feature", "geometry": {"type": "Point", "coordinates": [6.5931495, 60.6794158]}, "properties": {"name": "Urdland", "railway": "stop"}}, {"type": "Feature", "geometry": {"type": "Point", "coordinates": [8.2066672, 60.5347527]}, "properties": {"name": "Geilo", "railway": "stop", "ref": "06203190"}}, {"type": "Feature", "geometry": {"type": "Point", "coordinates": [12.0684103, 60.5595309]}, "properties": {"name": "Arneberg", "railway": "halt"}}, {"type": "Feature", "geometry": {"type": "Point", "coordinates": [12.0608418, 60.4563249]}, "properties": {"name": "Kirken\u00e6r", "railway": "stop"}}, {"type": "Feature", "geometry": {"type": "Point", "coordinates": [12.0789948, 60.4974012]}, "properties": {"name": "Namn\u00e5", "railway": "halt"}}, {"type": "Feature", "geometry": {"type": "Point", "coordinates": [12.0529108, 60.2560936]}, "properties": {"name": "Roverud", "railway": "station"}}, {"type": "Feature", "geometry": {"type": "Point", "coordinates": [10.8065863, 59.7727768]}, "properties": {"name": "Greverud", "operator": "Bane NOR", "railway": "stop", "ref": "217030001"}}, {"type": "Feature", "geometry": {"type": "Point", "coordinates": [10.7846087, 59.8530386]}, "properties": {"name": "Ljan", "operator": "Bane NOR", "railway": "stop", "ref": "301082001"}}, {"type": "Feature", "geometry": {"type": "Point", "coordinates": [10.6783561, 59.9223114]}, "properties": {"name": "Sk\u00f8yen", "railway": "stop"}}, {"type": "Feature", "geometry": {"type": "Point", "coordinates": [10.8043196, 59.8016791]}, "properties": {"name": "Solbr\u00e5tan", "operator": "Bane NOR", "railway": "stop", "ref": "217020001"}}, {"type": "Feature", "geometry": {"type": "Point", "coordinates": [10.8194377, 59.9083893]}, "properties": {"name": "Bryn", "railway": "station", "ref": "03011460"}}, {"type": "Feature", "geometry": {"type": "Point", "coordinates": [10.8194796, 59.9083627]}, "properties": {"name": "Bryn", "railway": "stop"}}, {"type": "Feature", "geometry": {"type": "Point", "coordinates": [10.8352756, 59.9324168]}, "properties": {"name": "Alna", "operator": "Bane NOR", "railway": "halt", "ref": "03012050"}}, {"type": "Feature", "geometry": {"type": "Point", "coordinates": [10.8352382, 59.9325723]}, "properties": {"name": "Alna", "operator": "Bane NOR", "railway": "stop"}}, {"type": "Feature", "geometry": {"type": "Point", "coordinates": [10.9818283, 59.9406436]}, "properties": {"name": "Fjellhamar", "railway": "stop"}}, {"type": "Feature", "geometry": {"type": "Point", "coordinates": [10.9818174, 59.9407104]}, "properties": {"name": "Fjellhamar", "network": "Hovedbanen", "operator": "Bane NOR", "railway": "station", "ref": "02300200"}}, {"type": "Feature", "geometry": {"type": "Point", "coordinates": [10.9817148, 59.9407631]}, "properties": {"name": "Fjellhamar", "railway": "stop"}}, {"type": "Feature", "geometry": {"type": "Point", "coordinates": [10.9662389, 59.9388643]}, "properties": {"name": "Hanaborg", "network": "Hovedbanen", "operator": "Bane NOR", "railway": "station", "ref": "02300230"}}, {"type": "Feature", "geometry": {"type": "Point", "coordinates": [10.9280137, 59.9480276]}, "properties": {"name": "H\u00f8ybr\u00e5ten", "railway": "stop"}}, {"type": "Feature", "geometry": {"type": "Point", "coordinates": [10.9276201, 59.9479953]}, "properties": {"name": "H\u00f8ybr\u00e5ten", "railway": "halt", "ref": "03011660"}}, {"type": "Feature", "geometry": {"type": "Point", "coordinates": [10.9280369, 59.9480708]}, "properties": {"name": "H\u00f8ybr\u00e5ten", "railway": "stop"}}, {"type": "Feature", "geometry": {"type": "Point", "coordinates": [10.9455047, 59.9448676]}, "properties": {"name": "L\u00f8renskog", "network": "Hovedbanen", "operator": "Bane NOR", "railway": "stop"}}, {"type": "Feature", "geometry": {"type": "Point", "coordinates": [10.944804, 59.9449342]}, "properties": {"name": "L\u00f8renskog", "railway": "station", "ref": "03011770"}}, {"type": "Feature", "geometry": {"type": "Point", "coordinates": [10.9455409, 59.9449084]}, "properties": {"name": "L\u00f8renskog", "railway": "stop"}}, {"type": "Feature", "geometry": {"type": "Point", "coordinates": [11.0017589, 59.9494245]}, "properties": {"name": "Str\u00f8mmen", "operator": "Bane NOR", "railway": "stop", "ref": "1"}}, {"type": "Feature", "geometry": {"type": "Point", "coordinates": [10.9456156, 59.9450037]}, "properties": {"name": "L\u00f8renskog", "railway": "stop"}}, {"type": "Feature", "geometry": {"type": "Point", "coordinates": [10.887734, 59.9499338]}, "properties": {"name": "Grorud", "railway": "stop"}}, {"type": "Feature", "geometry": {"type": "Point", "coordinates": [10.8875819, 59.9499709]}, "properties": {"name": "Grorud", "railway": "stop"}}, {"type": "Feature", "geometry": {"type": "Point", "coordinates": [11.0451156, 59.9530772]}, "properties": {"name": "Lillestr\u00f8m", "railway": "stop", "ref": "231030007"}}, {"type": "Feature", "geometry": {"type": "Point", "coordinates": [11.0450833, 59.9531192]}, "properties": {"name": "Lillestr\u00f8m", "railway": "stop", "ref": "231030006"}}, {"type": "Feature", "geometry": {"type": "Point", "coordinates": [11.0450032, 59.9532337]}, "properties": {"name": "Lillestr\u00f8m", "railway": "stop", "ref": "231030005"}}, {"type": "Feature", "geometry": {"type": "Point", "coordinates": [11.0449478, 59.9533133]}, "properties": {"name": "Lillestr\u00f8m", "railway": "stop", "ref": "231030004"}}, {"type": "Feature", "geometry": {"type": "Point", "coordinates": [11.0448622, 59.9534289]}, "properties": {"name": "Lillestr\u00f8m", "railway": "stop", "ref": "231030003"}}, {"type": "Feature", "geometry": {"type": "Point", "coordinates": [11.0448313, 59.9534713]}, "properties": {"name": "Lillestr\u00f8m", "railway": "stop", "ref": "231030002"}}, {"type": "Feature", "geometry": {"type": "Point", "coordinates": [10.5550875, 59.8972028]}, "properties": {"name": "Blommenholm", "operator": "Bane NOR", "railway": "stop", "ref": "219030001"}}, {"type": "Feature", "geometry": {"type": "Point", "coordinates": [10.5804183, 59.9004433]}, "properties": {"name": "H\u00f8vik", "operator": "Bane NOR", "railway": "stop", "ref": "219020001"}}, {"type": "Feature", "geometry": {"type": "Point", "coordinates": [10.5802824, 59.9006059]}, "properties": {"name": "H\u00f8vik", "operator": "Bane NOR", "railway": "stop", "ref": "219020001"}}, {"type": "Feature", "geometry": {"type": "Point", "coordinates": [10.5248761, 59.8924689]}, "properties": {"name": "Sandvika", "railway": "stop", "ref": "219040002"}}, {"type": "Feature", "geometry": {"type": "Point", "coordinates": [10.5247795, 59.8925602]}, "properties": {"name": "Sandvika", "railway": "stop", "ref": "219040002"}}, {"type": "Feature", "geometry": {"type": "Point", "coordinates": [10.5247405, 59.892594]}, "properties": {"name": "Sandvika", "railway": "stop", "ref": "219040002"}}, {"type": "Feature", "geometry": {"type": "Point", "coordinates": [10.5246105, 59.8926769]}, "properties": {"name": "Sandvika", "operator": "Bane NOR", "railway": "stop", "ref": "219040001"}}, {"type": "Feature", "geometry": {"type": "Point", "coordinates": [10.4343491, 59.832887]}, "properties": {"name": "Asker", "railway": "stop", "ref": "220050006"}}, {"type": "Feature", "geometry": {"type": "Point", "coordinates": [10.4342558, 59.8329165]}, "properties": {"name": "Asker", "railway": "stop", "ref": "220050005"}}, {"type": "Feature", "geometry": {"type": "Point", "coordinates": [10.4340606, 59.8329833]}, "properties": {"name": "Asker", "railway": "stop", "ref": "220050004"}}, {"type": "Feature", "geometry": {"type": "Point", "coordinates": [10.433987, 59.8330098]}, "properties": {"name": "Asker", "railway": "stop", "ref": "220050003"}}, {"type": "Feature", "geometry": {"type": "Point", "coordinates": [10.4344797, 59.8334885]}, "properties": {"name": "Asker", "railway": "station", "ref": "02200500"}}, {"type": "Feature", "geometry": {"type": "Point", "coordinates": [10.4338269, 59.833071]}, "properties": {"name": "Asker", "railway": "stop", "ref": "220050002"}}, {"type": "Feature", "geometry": {"type": "Point", "coordinates": [10.4337026, 59.8331066]}, "properties": {"name": "Asker", "operator": "Bane NOR", "railway": "stop", "ref": "220050001"}}, {"type": "Feature", "geometry": {"type": "Point", "coordinates": [10.4831252, 59.8747415]}, "properties": {"name": "Billingstad", "railway": "stop", "ref": "220010001"}}, {"type": "Feature", "geometry": {"type": "Point", "coordinates": [10.5025613, 59.8857141]}, "properties": {"name": "Slependen", "railway": "stop", "ref": "219060001"}}, {"type": "Feature", "geometry": {"type": "Point", "coordinates": [10.5028183, 59.8857432]}, "properties": {"name": "Slependen", "railway": "stop", "ref": "219060001"}}, {"type": "Feature", "geometry": {"type": "Point", "coordinates": [10.4327869, 59.8206027]}, "properties": {"name": "Bondivann", "railway": "halt", "ref": "02200600"}}, {"type": "Feature", "geometry": {"type": "Point", "coordinates": [10.4363004, 59.8069218]}, "properties": {"name": "Gullhella", "railway": "halt", "ref": "02200700"}}, {"type": "Feature", "geometry": {"type": "Point", "coordinates": [10.4312354, 59.7868135]}, "properties": {"name": "Heggedal", "railway": "stop", "ref": "220080002"}}, {"type": "Feature", "geometry": {"type": "Point", "coordinates": [10.3421473, 59.745302]}, "properties": {"name": "Spikkestad", "railway": "stop"}}, {"type": "Feature", "geometry": {"type": "Point", "coordinates": [10.3421805, 59.7453419]}, "properties": {"name": "Spikkestad", "railway": "stop"}}, {"type": "Feature", "geometry": {"type": "Point", "coordinates": [10.3431444, 59.7450395]}, "properties": {"name": "Spikkestad", "railway": "station", "ref": "06274360"}}, {"type": "Feature", "geometry": {"type": "Point", "coordinates": [10.432908, 59.8206293]}, "properties": {"name": "Bondivann", "railway": "stop", "ref": "220060001"}}, {"type": "Feature", "geometry": {"type": "Point", "coordinates": [11.0157525, 59.956314]}, "properties": {"name": "Sagdalen", "railway": "halt", "ref": "02310200"}}, {"type": "Feature", "geometry": {"type": "Point", "coordinates": [10.887812, 59.9499157]}, "properties": {"name": "Grorud", "railway": "stop"}}, {"type": "Feature", "geometry": {"type": "Point", "coordinates": [17.9657828, 68.3974755]}, "properties": {"name": "Katterat", "operator": "Bane NOR", "railway": "stop"}}, {"type": "Feature", "geometry": {"type": "Point", "coordinates": [6.5513958, 58.4581902]}, "properties": {"name": "Moi", "railway": "stop", "uic_ref": "7600126"}}, {"type": "Feature", "geometry": {"type": "Point", "coordinates": [6.660802, 58.417571]}, "properties": {"name": "Sira", "railway": "stop", "uic_ref": "7600037"}}, {"type": "Feature", "geometry": {"type": "Point", "coordinates": [17.9657751, 68.3974372]}, "properties": {"name": "Katterat", "operator": "Bane NOR", "railway": "stop"}}, {"type": "Feature", "geometry": {"type": "Point", "coordinates": [17.6562847, 68.4338004]}, "properties": {"name": "Straumsnes", "operator": "Bane NOR", "railway": "stop"}}, {"type": "Feature", "geometry": {"type": "Point", "coordinates": [10.8988197, 63.446266]}, "properties": {"name": "Hell", "railway": "stop"}}, {"type": "Feature", "geometry": {"type": "Point", "coordinates": [10.9134479, 63.470424]}, "properties": {"name": "Stj\u00f8rdal", "operator": "Bane NOR", "railway": "stop"}}, {"type": "Feature", "geometry": {"type": "Point", "coordinates": [10.901613, 63.5474542]}, "properties": {"name": "Langstein", "operator": "Bane NOR", "railway": "stop"}}, {"type": "Feature", "geometry": {"type": "Point", "coordinates": [11.0523349, 63.6093517]}, "properties": {"name": "\u00c5sen", "operator": "Bane NOR", "railway": "stop", "ref": "2"}}, {"type": "Feature", "geometry": {"type": "Point", "coordinates": [11.319699, 63.7531714]}, "properties": {"name": "R\u00f8stad", "operator": "Bane NOR", "railway": "stop", "ref": "1"}}, {"type": "Feature", "geometry": {"type": "Point", "coordinates": [11.4287889, 63.9188816]}, "properties": {"name": "Sparbu", "operator": "Bane NOR", "railway": "stop", "ref": "1"}}, {"type": "Feature", "geometry": {"type": "Point", "coordinates": [12.2415799, 64.2066303]}, "properties": {"name": "J\u00f8rstad", "operator": "Bane NOR", "railway": "stop"}}, {"type": "Feature", "geometry": {"type": "Point", "coordinates": [12.3429113, 64.4001121]}, "properties": {"name": "Formofoss", "railway": "stop"}}, {"type": "Feature", "geometry": {"type": "Point", "coordinates": [7.6924473, 62.5671705]}, "properties": {"name": "\u00c5ndalsnes", "operator": "Bane NOR", "railway": "stop", "ref": "2"}}, {"type": "Feature", "geometry": {"type": "Point", "coordinates": [10.8348843, 59.7195369]}, "properties": {"name": "Ski", "operator": "Bane NOR", "railway": "stop", "ref": "6"}}, {"type": "Feature", "geometry": {"type": "Point", "coordinates": [11.1442563, 62.9284922]}, "properties": {"name": "Haltdalen", "railway": "stop"}}, {"type": "Feature", "geometry": {"type": "Point", "coordinates": [11.4163986, 62.6744967]}, "properties": {"name": "Gl\u00e5mos", "railway": "stop"}}, {"type": "Feature", "geometry": {"type": "Point", "coordinates": [10.7275065, 59.9152474]}, "properties": {"name": "Nationaltheatret", "railway": "stop", "ref": "4"}}, {"type": "Feature", "geometry": {"type": "Point", "coordinates": [10.7275629, 59.9153748]}, "properties": {"name": "Nationaltheatret", "railway": "stop", "ref": "3"}}, {"type": "Feature", "geometry": {"type": "Point", "coordinates": [10.7285149, 59.9154347]}, "properties": {"name": "Nationaltheatret", "operator": "Bane NOR", "railway": "stop", "ref": "2"}}, {"type": "Feature", "geometry": {"type": "Point", "coordinates": [10.7285525, 59.9155599]}, "properties": {"name": "Nationaltheatret", "railway": "stop", "ref": "1"}}, {"type": "Feature", "geometry": {"type": "Point", "coordinates": [6.1094835, 60.6469759]}, "properties": {"name": "Evanger", "railway": "stop"}}, {"type": "Feature", "geometry": {"type": "Point", "coordinates": [7.0957802, 60.7882013]}, "properties": {"name": "Berekvam", "railway": "stop"}}, {"type": "Feature", "geometry": {"type": "Point", "coordinates": [10.4300315, 61.2396968]}, "properties": {"name": "Hafjell", "railway": "halt"}}, {"type": "Feature", "geometry": {"type": "Point", "coordinates": [11.1816312, 60.1554036]}, "properties": {"name": "Nordby", "operator": "Bane NOR", "railway": "halt"}}, {"type": "Feature", "geometry": {"type": "Point", "coordinates": [10.6925743, 59.4777862]}, "properties": {"name": "Kambo", "operator": "Jernbaneverket", "railway": "stop", "ref": "104020002"}}, {"type": "Feature", "geometry": {"type": "Point", "coordinates": [10.6923212, 59.4778338]}, "properties": {"name": "Kambo", "operator": "Jernbaneverket", "railway": "stop", "ref": "104020001"}}, {"type": "Feature", "geometry": {"type": "Point", "coordinates": [10.6568055, 59.4319641]}, "properties": {"name": "Moss", "operator": "Jernbaneverket", "railway": "stop", "ref": "1"}}, {"type": "Feature", "geometry": {"type": "Point", "coordinates": [10.6569318, 59.43201]}, "properties": {"name": "Moss", "operator": "Jernbaneverket", "railway": "stop", "ref": "1"}}, {"type": "Feature", "geometry": {"type": "Point", "coordinates": [10.7258955, 59.5155079]}, "properties": {"name": "Sonsveien", "operator": "Jernbaneverket", "railway": "stop", "ref": "211030001"}}, {"type": "Feature", "geometry": {"type": "Point", "coordinates": [10.7256241, 59.5155427]}, "properties": {"name": "Sonsveien", "operator": "Jernbaneverket", "railway": "stop", "ref": "211030001"}}, {"type": "Feature", "geometry": {"type": "Point", "coordinates": [10.7260291, 59.5159237]}, "properties": {"name": "Sonsveien", "railway": "halt"}}, {"type": "Feature", "geometry": {"type": "Point", "coordinates": [9.9107704, 59.7670803]}, "properties": {"name": "Hokksund", "operator": "Bane NOR", "railway": "stop", "ref": "624660002"}}, {"type": "Feature", "geometry": {"type": "Point", "coordinates": [11.1631461, 59.5818032]}, "properties": {"name": "Askim", "operator": "Jenbaneverket", "railway": "stop"}}, {"type": "Feature", "geometry": {"type": "Point", "coordinates": [11.1631724, 59.5818442]}, "properties": {"name": "Askim", "operator": "Jenbaneverket", "railway": "stop"}}, {"type": "Feature", "geometry": {"type": "Point", "coordinates": [10.8908959, 59.6835755]}, "properties": {"name": "Kr\u00e5kstad", "operator": "Jenbaneverket", "railway": "stop", "ref": "213040001"}}, {"type": "Feature", "geometry": {"type": "Point", "coordinates": [10.890825, 59.6835529]}, "properties": {"name": "Kr\u00e5kstad", "operator": "Jenbaneverket", "railway": "stop", "ref": "213040001"}}, {"type": "Feature", "geometry": {"type": "Point", "coordinates": [11.323837, 59.5543146]}, "properties": {"name": "Mysen", "operator": "Bane NOR", "railway": "stop", "ref": "125010001"}}, {"type": "Feature", "geometry": {"type": "Point", "coordinates": [11.2617657, 59.5669738]}, "properties": {"name": "Slitu", "operator": "Bane NOR", "railway": "stop", "ref": "1255340"}}, {"type": "Feature", "geometry": {"type": "Point", "coordinates": [11.0790114, 59.620821]}, "properties": {"name": "Spydeberg", "operator": "Jenbaneverket", "railway": "stop", "ref": "123060001"}}, {"type": "Feature", "geometry": {"type": "Point", "coordinates": [11.0789669, 59.6208611]}, "properties": {"name": "Spydeberg", "operator": "Jenbaneverket", "railway": "stop", "ref": "123060001"}}, {"type": "Feature", "geometry": {"type": "Point", "coordinates": [11.0023576, 59.6599762]}, "properties": {"name": "Tomter", "operator": "Jenbaneverket", "railway": "stop", "ref": "138010001"}}, {"type": "Feature", "geometry": {"type": "Point", "coordinates": [11.0023749, 59.6600111]}, "properties": {"name": "Tomter", "operator": "Jenbaneverket", "railway": "stop", "ref": "138010001"}}, {"type": "Feature", "geometry": {"type": "Point", "coordinates": [11.3236358, 59.5543111]}, "properties": {"name": "Mysen", "operator": "Bane NOR", "railway": "stop", "ref": "125010001"}}, {"type": "Feature", "geometry": {"type": "Point", "coordinates": [11.3035903, 59.5134279]}, "properties": {"name": "Eidsberg", "operator": "Jenbaneverket", "railway": "stop"}}, {"type": "Feature", "geometry": {"type": "Point", "coordinates": [11.3297163, 59.473014]}, "properties": {"name": "Heia", "railway": "halt"}}, {"type": "Feature", "geometry": {"type": "Point", "coordinates": [11.3298343, 59.4729486]}, "properties": {"name": "Heia", "operator": "Bane Nor", "railway": "stop"}}, {"type": "Feature", "geometry": {"type": "Point", "coordinates": [11.339219, 59.427216]}, "properties": {"name": "Rakkestad", "operator": "Jenbaneverket", "railway": "stop", "ref": "128539001"}}, {"type": "Feature", "geometry": {"type": "Point", "coordinates": [11.3391043, 59.4272078]}, "properties": {"name": "Rakkestad", "operator": "Jenbaneverket", "railway": "stop", "ref": "128539001"}}, {"type": "Feature", "geometry": {"type": "Point", "coordinates": [11.2421435, 60.5323261]}, "properties": {"name": "Strandlykkja", "railway": "stop"}}, {"type": "Feature", "geometry": {"type": "Point", "coordinates": [11.2420582, 60.5323277]}, "properties": {"name": "Strandlykkja", "railway": "stop"}}, {"type": "Feature", "geometry": {"type": "Point", "coordinates": [9.0230355, 58.870077]}, "properties": {"name": "Gjerstad", "operator": "Bane NOR", "railway": "stop"}}, {"type": "Feature", "geometry": {"type": "Point", "coordinates": [11.3838811, 59.1203168]}, "properties": {"name": "Halden", "operator": "Jernbaneverket", "railway": "stop", "ref": "101546001"}}, {"type": "Feature", "geometry": {"type": "Point", "coordinates": [11.3838299, 59.1203777]}, "properties": {"name": "Halden", "operator": "Jernbaneverket", "railway": "stop", "ref": "101546001"}}, {"type": "Feature", "geometry": {"type": "Point", "coordinates": [11.3839128, 59.1202789]}, "properties": {"name": "Halden", "operator": "Jernbaneverket", "railway": "stop", "ref": "101546001"}}, {"type": "Feature", "geometry": {"type": "Point", "coordinates": [10.7483286, 59.3776471]}, "properties": {"name": "Rygge", "operator": "Jernbaneverket", "railway": "stop", "ref": "136518001"}}, {"type": "Feature", "geometry": {"type": "Point", "coordinates": [10.7480223, 59.3779677]}, "properties": {"name": "Rygge", "railway": "station"}}, {"type": "Feature", "geometry": {"type": "Point", "coordinates": [10.7483986, 59.3776814]}, "properties": {"name": "Rygge", "operator": "Jernbaneverket", "railway": "stop", "ref": "136518002"}}, {"type": "Feature", "geometry": {"type": "Point", "coordinates": [11.1182728, 59.2860869]}, "properties": {"name": "Sarpsborg", "operator": "Jernbaneverket", "railway": "stop", "ref": "105527002"}}, {"type": "Feature", "geometry": {"type": "Point", "coordinates": [11.1177632, 59.2862211]}, "properties": {"name": "Sarpsborg", "railway": "station", "ref": "01055270"}}, {"type": "Feature", "geometry": {"type": "Point", "coordinates": [10.8652217, 59.3475892]}, "properties": {"name": "R\u00e5de", "operator": "Jernbaneverket", "railway": "stop", "ref": "135519002"}}, {"type": "Feature", "geometry": {"type": "Point", "coordinates": [11.1030166, 60.0228954]}, "properties": {"name": "Frogner", "operator": "Bane NOR", "railway": "stop", "ref": "2"}}, {"type": "Feature", "geometry": {"type": "Point", "coordinates": [11.1768609, 60.142311]}, "properties": {"name": "Jessheim", "operator": "Bane NOR", "railway": "station", "uic_ref": "7600083"}}, {"type": "Feature", "geometry": {"type": "Point", "coordinates": [11.1391499, 60.0753432]}, "properties": {"name": "Kl\u00f8fta", "operator": "Bane NOR", "railway": "station", "ref": "02350005"}}, {"type": "Feature", "geometry": {"type": "Point", "coordinates": [11.139321, 60.0755704]}, "properties": {"name": "Kl\u00f8fta", "operator": "Bane NOR", "railway": "stop", "ref": "3"}}, {"type": "Feature", "geometry": {"type": "Point", "coordinates": [11.0869142, 60.0000038]}, "properties": {"name": "Leirsund", "operator": "Bane NOR", "railway": "stop", "ref": "1"}}, {"type": "Feature", "geometry": {"type": "Point", "coordinates": [10.2900159, 59.7633538]}, "properties": {"name": "Lier", "operator": "Bane NOR", "railway": "station", "ref": "06264170"}}, {"type": "Feature", "geometry": {"type": "Point", "coordinates": [10.2904075, 59.7634899]}, "properties": {"name": "Lier", "operator": "Bane NOR", "railway": "stop", "ref": "626417001"}}, {"type": "Feature", "geometry": {"type": "Point", "coordinates": [11.1030893, 60.0228627]}, "properties": {"name": "Frogner", "operator": "Bane NOR", "railway": "stop", "ref": "1"}}, {"type": "Feature", "geometry": {"type": "Point", "coordinates": [11.1285188, 60.0399183]}, "properties": {"name": "Lindeberg", "operator": "Bane NOR", "railway": "stop", "ref": "1"}}, {"type": "Feature", "geometry": {"type": "Point", "coordinates": [10.2328155, 59.7437025]}, "properties": {"name": "Braker\u00f8ya", "operator": "Bane NOR", "railway": "station", "ref": "06029020"}}, {"type": "Feature", "geometry": {"type": "Point", "coordinates": [10.205258, 59.7398986]}, "properties": {"name": "Drammen", "operator": "Bane NOR", "railway": "stop", "ref": "602100006"}}, {"type": "Feature", "geometry": {"type": "Point", "coordinates": [10.2053105, 59.7399316]}, "properties": {"name": "Drammen", "operator": "Bane NOR", "railway": "stop", "ref": "602100005"}}, {"type": "Feature", "geometry": {"type": "Point", "coordinates": [11.0968156, 60.1931498]}, "properties": {"name": "Oslo lufthavn", "railway": "station", "ref": "02350350"}}, {"type": "Feature", "geometry": {"type": "Point", "coordinates": [11.0970739, 60.1928778]}, "properties": {"name": "Oslo Lufthavn", "operator": "Bane NOR", "railway": "stop", "ref": "1"}}, {"type": "Feature", "geometry": {"type": "Point", "coordinates": [11.0967803, 60.1929196]}, "properties": {"name": "Oslo Lufthavn", "operator": "Bane NOR", "railway": "stop", "ref": "2"}}, {"type": "Feature", "geometry": {"type": "Point", "coordinates": [11.0965598, 60.1929555]}, "properties": {"name": "Oslo Lufthavn", "operator": "Bane NOR", "railway": "stop", "ref": "3"}}, {"type": "Feature", "geometry": {"type": "Point", "coordinates": [11.0962934, 60.1929905]}, "properties": {"name": "Oslo Lufthavn", "operator": "Bane NOR", "railway": "stop", "ref": "4"}}, {"type": "Feature", "geometry": {"type": "Point", "coordinates": [11.1694069, 60.2878638]}, "properties": {"name": "Eidsvoll verk", "operator": "Bane NOR", "railway": "halt", "ref": "02370430"}}, {"type": "Feature", "geometry": {"type": "Point", "coordinates": [11.2476689, 60.3296757]}, "properties": {"name": "Eidsvoll", "operator": "Bane NOR", "railway": "station", "ref": "04127160"}}, {"type": "Feature", "geometry": {"type": "Point", "coordinates": [11.2480064, 60.3298834]}, "properties": {"name": "Eidsvoll", "operator": "Bane NOR", "railway": "stop", "ref": "1"}}, {"type": "Feature", "geometry": {"type": "Point", "coordinates": [11.2480997, 60.3298848]}, "properties": {"name": "Eidsvoll", "operator": "Bane NOR", "railway": "stop", "ref": "2"}}, {"type": "Feature", "geometry": {"type": "Point", "coordinates": [11.2482639, 60.3298907]}, "properties": {"name": "Eidsvoll", "operator": "Bane NOR", "railway": "stop", "ref": "3"}}, {"type": "Feature", "geometry": {"type": "Point", "coordinates": [10.1594002, 59.7437075]}, "properties": {"name": "Gulskogen", "operator": "Bane NOR", "railway": "stop", "ref": "3"}}, {"type": "Feature", "geometry": {"type": "Point", "coordinates": [10.1594227, 59.7438206]}, "properties": {"name": "Gulskogen", "operator": "Bane NOR", "railway": "stop", "ref": "2"}}, {"type": "Feature", "geometry": {"type": "Point", "coordinates": [9.8000048, 59.7016266]}, "properties": {"name": "Darbu", "operator": "Bane NOR", "railway": "stop"}}, {"type": "Feature", "geometry": {"type": "Point", "coordinates": [9.6511135, 59.6720191]}, "properties": {"name": "Kongsberg", "operator": "Bane NOR", "railway": "stop", "ref": "1"}}, {"type": "Feature", "geometry": {"type": "Point", "coordinates": [9.6511971, 59.6720514]}, "properties": {"name": "Kongsberg", "operator": "Bane NOR", "railway": "stop", "ref": "2"}}, {"type": "Feature", "geometry": {"type": "Point", "coordinates": [9.6513418, 59.672118]}, "properties": {"name": "Kongsberg", "operator": "Bane NOR", "railway": "stop", "ref": "3"}}, {"type": "Feature", "geometry": {"type": "Point", "coordinates": [10.0114625, 59.7509402]}, "properties": {"name": "Mj\u00f8ndalen", "operator": "Bane NOR", "railway": "stop", "ref": "1"}}, {"type": "Feature", "geometry": {"type": "Point", "coordinates": [10.0115019, 59.7510181]}, "properties": {"name": "Mj\u00f8ndalen", "operator": "Bane NOR", "railway": "stop", "ref": "2"}}, {"type": "Feature", "geometry": {"type": "Point", "coordinates": [9.8671593, 59.734438]}, "properties": {"name": "Vestfossen", "operator": "Bane NOR", "railway": "stop"}}, {"type": "Feature", "geometry": {"type": "Point", "coordinates": [11.1622772, 59.9268515]}, "properties": {"name": "Fetsund", "operator": "Bane NOR", "railway": "stop", "ref": "1"}}, {"type": "Feature", "geometry": {"type": "Point", "coordinates": [11.1417486, 59.922647]}, "properties": {"name": "Nerdrum", "operator": "Bane NOR", "railway": "stop"}}, {"type": "Feature", "geometry": {"type": "Point", "coordinates": [11.1623578, 59.9268141]}, "properties": {"name": "Fetsund", "operator": "Bane NOR", "railway": "stop", "ref": "2"}}, {"type": "Feature", "geometry": {"type": "Point", "coordinates": [11.1969258, 59.9586381]}, "properties": {"name": "Roven", "railway": "stop"}}, {"type": "Feature", "geometry": {"type": "Point", "coordinates": [11.2410789, 59.9857909]}, "properties": {"name": "S\u00f8rumsand", "operator": "Bane NOR", "railway": "stop", "ref": "3"}}, {"type": "Feature", "geometry": {"type": "Point", "coordinates": [7.0178717, 58.3677558]}, "properties": {"name": "Sandvatn", "railway": "stop"}}, {"type": "Feature", "geometry": {"type": "Point", "coordinates": [5.9576654, 60.6378259]}, "properties": {"name": "Bolstad\u00f8yri", "railway": "stop", "ref": "2"}}, {"type": "Feature", "geometry": {"type": "Point", "coordinates": [9.5009675, 59.6301344]}, "properties": {"name": "Meheia", "railway": "stop"}}, {"type": "Feature", "geometry": {"type": "Point", "coordinates": [10.2954165, 61.312111]}, "properties": {"name": "Tretten", "railway": "stop"}}, {"type": "Feature", "geometry": {"type": "Point", "coordinates": [11.1399123, 60.112065]}, "properties": {"name": "Asper", "railway": "stop"}}, {"type": "Feature", "geometry": {"type": "Point", "coordinates": [10.7202145, 60.165748]}, "properties": {"name": "Stryken", "operator": "Jernbaneverket", "railway": "stop"}}, {"type": "Feature", "geometry": {"type": "Point", "coordinates": [10.8172301, 60.9157787]}, "properties": {"name": "Rudsh\u00f8gda", "railway": "stop"}}, {"type": "Feature", "geometry": {"type": "Point", "coordinates": [10.6992205, 60.9292796]}, "properties": {"name": "Moelv", "railway": "stop"}}, {"type": "Feature", "geometry": {"type": "Point", "coordinates": [10.6422643, 60.9821732]}, "properties": {"name": "Bergsvika", "railway": "stop"}}, {"type": "Feature", "geometry": {"type": "Point", "coordinates": [11.2695298, 60.6164357]}, "properties": {"name": "Tangen", "operator": "Jernbaneverket", "railway": "stop"}}, {"type": "Feature", "geometry": {"type": "Point", "coordinates": [11.2710189, 60.5815872]}, "properties": {"name": "Espa", "railway": "stop"}}, {"type": "Feature", "geometry": {"type": "Point", "coordinates": [11.2709221, 60.5816062]}, "properties": {"name": "Espa", "railway": "stop"}}, {"type": "Feature", "geometry": {"type": "Point", "coordinates": [11.2698893, 60.6158878]}, "properties": {"name": "Tangen", "railway": "stop"}}, {"type": "Feature", "geometry": {"type": "Point", "coordinates": [11.1948919, 60.7177512]}, "properties": {"name": "Stange", "railway": "station", "ref": "04177400"}}, {"type": "Feature", "geometry": {"type": "Point", "coordinates": [11.2239648, 60.6582087]}, "properties": {"name": "Steinsrud", "railway": "stop"}}, {"type": "Feature", "geometry": {"type": "Point", "coordinates": [11.2240528, 60.6582078]}, "properties": {"name": "Steinsrud", "railway": "stop"}}, {"type": "Feature", "geometry": {"type": "Point", "coordinates": [11.2131442, 60.6867631]}, "properties": {"name": "S\u00f8rli", "railway": "stop"}}, {"type": "Feature", "geometry": {"type": "Point", "coordinates": [7.9677109, 58.2530482]}, "properties": {"name": "Vennesla", "railway": "stop"}}, {"type": "Feature", "geometry": {"type": "Point", "coordinates": [11.0770111, 60.7913578]}, "properties": {"name": "Hamar", "railway": "stop", "ref": "403910002"}}, {"type": "Feature", "geometry": {"type": "Point", "coordinates": [11.0771685, 60.7914244]}, "properties": {"name": "Hamar", "operator": "Bane NOR", "railway": "station", "ref": "04039100"}}, {"type": "Feature", "geometry": {"type": "Point", "coordinates": [10.6422415, 60.982131]}, "properties": {"name": "Bergsvika", "railway": "stop"}}, {"type": "Feature", "geometry": {"type": "Point", "coordinates": [10.9377046, 60.8804239]}, "properties": {"name": "Brumunddal", "railway": "station"}}, {"type": "Feature", "geometry": {"type": "Point", "coordinates": [10.6991206, 60.9292475]}, "properties": {"name": "Moelv", "railway": "stop"}}, {"type": "Feature", "geometry": {"type": "Point", "coordinates": [10.4611524, 61.1142495]}, "properties": {"name": "Lillehammer", "railway": "stop"}}, {"type": "Feature", "geometry": {"type": "Point", "coordinates": [11.3520367, 60.039276]}, "properties": {"name": "Auli", "operator": "Bane NOR", "railway": "halt"}}, {"type": "Feature", "geometry": {"type": "Point", "coordinates": [11.4195908, 60.0849607]}, "properties": {"name": "Bodung", "operator": "Bane NOR", "railway": "stop"}}, {"type": "Feature", "geometry": {"type": "Point", "coordinates": [11.3731462, 60.0538421]}, "properties": {"name": "Haga", "operator": "Bane NOR", "railway": "stop"}}, {"type": "Feature", "geometry": {"type": "Point", "coordinates": [11.3277377, 60.0293461]}, "properties": {"name": "R\u00e5n\u00e5sfoss", "operator": "Bane NOR", "railway": "stop", "ref": "2"}}, {"type": "Feature", "geometry": {"type": "Point", "coordinates": [11.3278155, 60.0293032]}, "properties": {"name": "R\u00e5n\u00e5sfoss", "operator": "Bane NOR", "railway": "stop", "ref": "1"}}, {"type": "Feature", "geometry": {"type": "Point", "coordinates": [11.3012863, 60.0049383]}, "properties": {"name": "Blaker", "operator": "Bane NOR", "railway": "stop", "ref": "1"}}, {"type": "Feature", "geometry": {"type": "Point", "coordinates": [11.4650046, 60.1239886]}, "properties": {"name": "\u00c5rnes", "operator": "Bane NOR", "railway": "stop", "ref": "1"}}, {"type": "Feature", "geometry": {"type": "Point", "coordinates": [11.4649017, 60.1240076]}, "properties": {"name": "\u00c5rnes", "operator": "Bane NOR", "railway": "stop", "ref": "2"}}, {"type": "Feature", "geometry": {"type": "Point", "coordinates": [11.6805806, 60.2537164]}, "properties": {"name": "Skarnes", "operator": "Bane NOR", "railway": "stop"}}, {"type": "Feature", "geometry": {"type": "Point", "coordinates": [11.5672372, 60.1709988]}, "properties": {"name": "Seterst\u00f8a", "railway": "stop"}}, {"type": "Feature", "geometry": {"type": "Point", "coordinates": [11.6806234, 60.253681]}, "properties": {"name": "Skarnes", "operator": "Bane NOR", "railway": "stop"}}, {"type": "Feature", "geometry": {"type": "Point", "coordinates": [12.0035929, 60.1876166]}, "properties": {"name": "Kongsvinger", "operator": "Bane NOR", "railway": "stop"}}, {"type": "Feature", "geometry": {"type": "Point", "coordinates": [12.0035902, 60.1876536]}, "properties": {"name": "Kongsvinger", "operator": "Bane NOR", "railway": "stop"}}, {"type": "Feature", "geometry": {"type": "Point", "coordinates": [12.0035894, 60.1877443]}, "properties": {"name": "Kongsvinger", "operator": "Bane NOR", "railway": "stop"}}, {"type": "Feature", "geometry": {"type": "Point", "coordinates": [11.8806975, 60.1972277]}, "properties": {"name": "Galterud", "railway": "stop"}}, {"type": "Feature", "geometry": {"type": "Point", "coordinates": [11.8097228, 60.2263161]}, "properties": {"name": "Sander", "railway": "stop"}}, {"type": "Feature", "geometry": {"type": "Point", "coordinates": [11.1769119, 60.1417462]}, "properties": {"name": "Jessheim", "operator": "Bane NOR", "railway": "stop"}}, {"type": "Feature", "geometry": {"type": "Point", "coordinates": [11.1767962, 60.1417595]}, "properties": {"name": "Jessheim", "operator": "Bane NOR", "railway": "stop"}}, {"type": "Feature", "geometry": {"type": "Point", "coordinates": [11.1817224, 60.1553515]}, "properties": {"name": "Nordby", "operator": "Bane NOR", "railway": "stop"}}, {"type": "Feature", "geometry": {"type": "Point", "coordinates": [11.195177, 60.1848624]}, "properties": {"name": "Hauerseter", "operator": "Bane NOR", "railway": "stop"}}, {"type": "Feature", "geometry": {"type": "Point", "coordinates": [11.1952958, 60.184873]}, "properties": {"name": "Hauerseter", "operator": "Bane NOR", "railway": "stop"}}, {"type": "Feature", "geometry": {"type": "Point", "coordinates": [11.1953814, 60.1848729]}, "properties": {"name": "Hauerseter", "operator": "Bane NOR", "railway": "stop"}}, {"type": "Feature", "geometry": {"type": "Point", "coordinates": [11.2029108, 60.2491331]}, "properties": {"name": "Dal", "operator": "Bane NOR", "railway": "stop"}}, {"type": "Feature", "geometry": {"type": "Point", "coordinates": [11.1813115, 60.2188314]}, "properties": {"name": "Sand", "railway": "stop"}}, {"type": "Feature", "geometry": {"type": "Point", "coordinates": [11.2029597, 60.2491061]}, "properties": {"name": "Dal", "operator": "Bane NOR", "railway": "stop"}}, {"type": "Feature", "geometry": {"type": "Point", "coordinates": [11.2028289, 60.24918]}, "properties": {"name": "Dal", "operator": "Bane NOR", "railway": "stop"}}, {"type": "Feature", "geometry": {"type": "Point", "coordinates": [10.6372433, 59.9136107]}, "properties": {"name": "Lysaker", "operator": "Bane NOR", "railway": "stop"}}, {"type": "Feature", "geometry": {"type": "Point", "coordinates": [10.2044219, 59.5858539]}, "properties": {"name": "Sande", "operator": "Bane NOR", "railway": "halt"}}, {"type": "Feature", "geometry": {"type": "Point", "coordinates": [10.2041966, 59.586044]}, "properties": {"name": "Sande", "operator": "Bane NOR", "railway": "stop"}}, {"type": "Feature", "geometry": {"type": "Point", "coordinates": [10.2043739, 59.5860691]}, "properties": {"name": "Sande", "operator": "Bane NOR", "railway": "stop"}}, {"type": "Feature", "geometry": {"type": "Point", "coordinates": [10.4111458, 59.3914629]}, "properties": {"name": "Skoppum", "operator": "Bane NOR", "railway": "station", "ref": "07015070"}}, {"type": "Feature", "geometry": {"type": "Point", "coordinates": [10.8374883, 59.7562787]}, "properties": {"name": "Vevelstad", "operator": "Bane NOR", "railway": "stop", "ref": "213070001"}}, {"type": "Feature", "geometry": {"type": "Point", "coordinates": [10.8131079, 59.7651251]}, "properties": {"name": "Oppeg\u00e5rd", "operator": "Bane NOR", "railway": "stop", "ref": "217040001"}}, {"type": "Feature", "geometry": {"type": "Point", "coordinates": [10.8031111, 59.8460114]}, "properties": {"name": "Hauketo", "railway": "halt"}}, {"type": "Feature", "geometry": {"type": "Point", "coordinates": [10.7858304, 59.8635246]}, "properties": {"name": "Nordstrand", "railway": "halt"}}, {"type": "Feature", "geometry": {"type": "Point", "coordinates": [10.7857905, 59.8631994]}, "properties": {"name": "Nordstrand", "operator": "Bane NOR", "railway": "stop", "ref": "301081001"}}, {"type": "Feature", "geometry": {"type": "Point", "coordinates": [10.7764792, 59.8776541]}, "properties": {"name": "Bekkelaget", "railway": "stop"}}, {"type": "Feature", "geometry": {"type": "Point", "coordinates": [10.4093157, 59.2720603]}, "properties": {"name": "T\u00f8nsberg", "railway": "station", "ref": "07045100"}}, {"type": "Feature", "geometry": {"type": "Point", "coordinates": [10.2228969, 59.1354204]}, "properties": {"name": "Sandefjord", "operator": "Bane NOR", "railway": "station", "ref": "07065140"}}, {"type": "Feature", "geometry": {"type": "Point", "coordinates": [10.222854, 59.1353268]}, "properties": {"name": "Sandefjord", "operator": "Bane NOR", "railway": "stop"}}, {"type": "Feature", "geometry": {"type": "Point", "coordinates": [10.2228661, 59.135369]}, "properties": {"name": "Sandefjord", "operator": "Jernbaneverket", "railway": "stop"}}, {"type": "Feature", "geometry": {"type": "Point", "coordinates": [10.2229104, 59.1354641]}, "properties": {"name": "Sandefjord", "operator": "Jernbaneverket", "railway": "stop"}}, {"type": "Feature", "geometry": {"type": "Point", "coordinates": [10.300289, 59.2214193]}, "properties": {"name": "Stokke", "operator": "Jernbaneverket", "railway": "stop"}}, {"type": "Feature", "geometry": {"type": "Point", "coordinates": [10.3002228, 59.2214615]}, "properties": {"name": "Stokke", "operator": "Bane NOR", "railway": "stop"}}, {"type": "Feature", "geometry": {"type": "Point", "coordinates": [10.3001656, 59.2212464]}, "properties": {"name": "Stokke", "operator": "Bane NOR", "railway": "station", "ref": "07205120"}}, {"type": "Feature", "geometry": {"type": "Point", "coordinates": [10.2663576, 59.165649]}, "properties": {"name": "Torp", "operator": "Bane NOR", "railway": "halt", "ref": "07069800"}}, {"type": "Feature", "geometry": {"type": "Point", "coordinates": [11.3695282, 61.1345827]}, "properties": {"name": "Rena", "operator": "Bane NOR", "railway": "stop", "ref": "04290500"}}, {"type": "Feature", "geometry": {"type": "Point", "coordinates": [11.3694444, 61.1345875]}, "properties": {"name": "Rena", "railway": "stop"}}, {"type": "Feature", "geometry": {"type": "Point", "coordinates": [15.398062, 67.2648858]}, "properties": {"name": "Fauske / Fuossko", "operator": "Bane NOR", "railway": "stop", "ref": "2"}}, {"type": "Feature", "geometry": {"type": "Point", "coordinates": [10.0315909, 59.0499113]}, "properties": {"name": "Larvik", "operator": "Jernbaneverket", "railway": "stop"}}, {"type": "Feature", "geometry": {"type": "Point", "coordinates": [10.0316469, 59.0500013]}, "properties": {"name": "Larvik", "operator": "Jernbaneverket", "railway": "stop"}}, {"type": "Feature", "geometry": {"type": "Point", "coordinates": [10.0313875, 59.0501491]}, "properties": {"name": "Larvik", "operator": "Bane NOR", "railway": "station", "ref": "07095190"}}, {"type": "Feature", "geometry": {"type": "Point", "coordinates": [9.6590956, 59.1391648]}, "properties": {"name": "Porsgrunn", "operator": "Bane NOR", "railway": "stop"}}, {"type": "Feature", "geometry": {"type": "Point", "coordinates": [5.6780278, 58.7715588]}, "properties": {"name": "Klepp", "railway": "stop", "uic_ref": "7600351"}}, {"type": "Feature", "geometry": {"type": "Point", "coordinates": [5.6779139, 58.771589]}, "properties": {"name": "Klepp", "railway": "stop", "uic_ref": "7600351"}}, {"type": "Feature", "geometry": {"type": "Point", "coordinates": [5.6778377, 58.7716104]}, "properties": {"name": "Klepp", "railway": "stop", "uic_ref": "7600351"}}, {"type": "Feature", "geometry": {"type": "Point", "coordinates": [9.6449172, 59.166975]}, "properties": {"name": "Borgestad", "railway": "stop"}}, {"type": "Feature", "geometry": {"type": "Point", "coordinates": [9.603893, 59.2190544]}, "properties": {"name": "Skien", "operator": "Bane NOR", "railway": "stop", "ref": "1"}}, {"type": "Feature", "geometry": {"type": "Point", "coordinates": [9.6037123, 59.2190076]}, "properties": {"name": "Skien", "operator": "Bane NOR", "railway": "stop"}}, {"type": "Feature", "geometry": {"type": "Point", "coordinates": [9.3228403, 59.4180974]}, "properties": {"name": "Nordagutu", "operator": "Bane NOR", "railway": "stop"}}, {"type": "Feature", "geometry": {"type": "Point", "coordinates": [9.3469366, 59.3418224]}, "properties": {"name": "Valeb\u00f8", "railway": "stop"}}, {"type": "Feature", "geometry": {"type": "Point", "coordinates": [9.3229661, 59.4181082]}, "properties": {"name": "Nordagutu", "operator": "Bane NOR", "railway": "stop"}}, {"type": "Feature", "geometry": {"type": "Point", "coordinates": [9.3230591, 59.4181203]}, "properties": {"name": "Nordagutu", "operator": "Bane NOR", "railway": "stop"}}, {"type": "Feature", "geometry": {"type": "Point", "coordinates": [9.3340649, 59.4923715]}, "properties": {"name": "Hjukseb\u00f8", "railway": "stop"}}, {"type": "Feature", "geometry": {"type": "Point", "coordinates": [9.3339766, 59.4924026]}, "properties": {"name": "Hjukseb\u00f8", "railway": "stop"}}, {"type": "Feature", "geometry": {"type": "Point", "coordinates": [10.5560178, 60.3929834]}, "properties": {"name": "Jaren", "operator": "Bane NOR", "railway": "stop", "ref": "1"}}, {"type": "Feature", "geometry": {"type": "Point", "coordinates": [10.5606476, 60.3743621]}, "properties": {"name": "Nordtangen", "operator": "Bane NOR", "railway": "stop"}}, {"type": "Feature", "geometry": {"type": "Point", "coordinates": [10.6205613, 60.2834671]}, "properties": {"name": "Roa", "operator": "Jernbaneverket", "railway": "stop", "ref": "2"}}, {"type": "Feature", "geometry": {"type": "Point", "coordinates": [10.6206217, 60.2835092]}, "properties": {"name": "Roa", "operator": "Jernbaneverket", "railway": "stop", "ref": "2"}}, {"type": "Feature", "geometry": {"type": "Point", "coordinates": [10.6205031, 60.2834196]}, "properties": {"name": "Roa", "operator": "Jernbaneverket", "railway": "stop", "ref": "2"}}, {"type": "Feature", "geometry": {"type": "Point", "coordinates": [10.7235527, 60.1928488]}, "properties": {"name": "Monsrud", "railway": "stop"}}, {"type": "Feature", "geometry": {"type": "Point", "coordinates": [10.664752, 60.2590534]}, "properties": {"name": "Grua", "operator": "Jernbaneverket", "railway": "stop", "ref": "1"}}, {"type": "Feature", "geometry": {"type": "Point", "coordinates": [10.6646722, 60.259075]}, "properties": {"name": "Grua", "operator": "Jernbaneverket", "railway": "stop", "ref": "1"}}, {"type": "Feature", "geometry": {"type": "Point", "coordinates": [10.8290263, 60.1174458]}, "properties": {"name": "Hakadal", "operator": "Jernbaneverket", "railway": "stop", "ref": "1"}}, {"type": "Feature", "geometry": {"type": "Point", "coordinates": [10.720238, 60.165517]}, "properties": {"name": "Stryken", "railway": "station"}}, {"type": "Feature", "geometry": {"type": "Point", "coordinates": [10.846732, 60.1062252]}, "properties": {"name": "Varingskollen", "operator": "Jernbaneverket", "railway": "stop"}}, {"type": "Feature", "geometry": {"type": "Point", "coordinates": [10.8625726, 60.0856335]}, "properties": {"name": "\u00c5neby", "operator": "Jernbaneverket", "railway": "stop", "ref": "2"}}, {"type": "Feature", "geometry": {"type": "Point", "coordinates": [10.8624653, 60.0856338]}, "properties": {"name": "\u00c5neby", "operator": "Jernbaneverket", "railway": "stop", "ref": "2"}}, {"type": "Feature", "geometry": {"type": "Point", "coordinates": [10.8130061, 60.0378275]}, "properties": {"name": "Movatn", "railway": "station"}}, {"type": "Feature", "geometry": {"type": "Point", "coordinates": [10.8648143, 60.0581279]}, "properties": {"name": "Nittedal", "operator": "Jernbaneverket", "railway": "stop"}}, {"type": "Feature", "geometry": {"type": "Point", "coordinates": [10.8648178, 60.0581823]}, "properties": {"name": "Nittedal", "operator": "Jernbaneverket", "railway": "stop"}}, {"type": "Feature", "geometry": {"type": "Point", "coordinates": [10.8045604, 60.009016]}, "properties": {"name": "Sandermosen", "railway": "stop"}}, {"type": "Feature", "geometry": {"type": "Point", "coordinates": [10.8130721, 60.0377828]}, "properties": {"name": "Movatn", "operator": "Jernbaneverket", "railway": "stop"}}, {"type": "Feature", "geometry": {"type": "Point", "coordinates": [10.7802262, 59.9416079]}, "properties": {"name": "Grefsen", "operator": "Jernbaneverket", "railway": "stop"}}, {"type": "Feature", "geometry": {"type": "Point", "coordinates": [10.7803272, 59.9416169]}, "properties": {"name": "Grefsen", "operator": "Jernbaneverket", "railway": "stop"}}, {"type": "Feature", "geometry": {"type": "Point", "coordinates": [10.7805952, 59.9209682]}, "properties": {"name": "T\u00f8yen", "operator": "Jernbaneverket", "railway": "stop"}}, {"type": "Feature", "geometry": {"type": "Point", "coordinates": [10.7805201, 59.9209656]}, "properties": {"name": "T\u00f8yen", "operator": "Jernbaneverket", "railway": "stop"}}, {"type": "Feature", "geometry": {"type": "Point", "coordinates": [10.5005668, 60.4687243]}, "properties": {"name": "Bleiken", "operator": "Jernbaneverket", "railway": "stop"}}, {"type": "Feature", "geometry": {"type": "Point", "coordinates": [10.5974031, 60.6304641]}, "properties": {"name": "Eina", "operator": "Jernbaneverket", "railway": "stop"}}, {"type": "Feature", "geometry": {"type": "Point", "coordinates": [10.5973136, 60.6304734]}, "properties": {"name": "Eina", "operator": "Jernbaneverket", "railway": "stop"}}, {"type": "Feature", "geometry": {"type": "Point", "coordinates": [10.5971806, 60.6304977]}, "properties": {"name": "Eina", "operator": "Jernbaneverket", "railway": "stop"}}, {"type": "Feature", "geometry": {"type": "Point", "coordinates": [10.6136276, 60.7221314]}, "properties": {"name": "Raufoss", "operator": "Jernbaneverket", "railway": "stop"}}, {"type": "Feature", "geometry": {"type": "Point", "coordinates": [10.6164179, 60.6787531]}, "properties": {"name": "Reinsvoll", "operator": "Jernbaneverket", "railway": "stop"}}, {"type": "Feature", "geometry": {"type": "Point", "coordinates": [10.694581, 60.7972851]}, "properties": {"name": "Gj\u00f8vik", "operator": "Jernbaneverket", "railway": "stop"}}, {"type": "Feature", "geometry": {"type": "Point", "coordinates": [10.6946621, 60.7972942]}, "properties": {"name": "Gj\u00f8vik", "operator": "Jernbaneverket", "railway": "stop"}}, {"type": "Feature", "geometry": {"type": "Point", "coordinates": [10.9460631, 59.6657816]}, "properties": {"name": "Skotbu", "operator": "Jenbaneverket", "railway": "stop", "ref": "213060001"}}, {"type": "Feature", "geometry": {"type": "Point", "coordinates": [11.032443, 59.6264313]}, "properties": {"name": "Knapstad", "operator": "Jenbaneverket", "railway": "stop", "ref": "138012001"}}, {"type": "Feature", "geometry": {"type": "Point", "coordinates": [11.6591935, 58.9413009]}, "properties": {"name": "Kornsj\u00f8", "railway": "stop"}}, {"type": "Feature", "geometry": {"type": "Point", "coordinates": [11.2915519, 59.1255622]}, "properties": {"name": "Berg", "railway": "stop"}}, {"type": "Feature", "geometry": {"type": "Point", "coordinates": [9.3848954, 59.5658572]}, "properties": {"name": "\u00d8ysteinstul", "railway": "stop"}}, {"type": "Feature", "geometry": {"type": "Point", "coordinates": [15.4626141, 66.7426868]}, "properties": {"name": "L\u00f8nsdal / Luonosv\u00e1gge (L\u00f8nsdalen)", "operator": "Bane NOR", "railway": "stop"}}, {"type": "Feature", "geometry": {"type": "Point", "coordinates": [9.6050876, 59.6330235]}, "properties": {"name": "Saggrenda", "railway": "stop"}}, {"type": "Feature", "geometry": {"type": "Point", "coordinates": [14.1329462, 66.3094676]}, "properties": {"name": "Mo i Rana / M\u00e5efie", "operator": "Bane NOR", "railway": "stop", "ref": "2"}}, {"type": "Feature", "geometry": {"type": "Point", "coordinates": [14.8379385, 66.4459619]}, "properties": {"name": "Dunderland", "operator": "Bane NOR", "railway": "stop"}}, {"type": "Feature", "geometry": {"type": "Point", "coordinates": [9.7999527, 59.7016527]}, "properties": {"name": "Darbu", "operator": "Bane NOR", "railway": "stop"}}, {"type": "Feature", "geometry": {"type": "Point", "coordinates": [9.7669533, 59.6693183]}, "properties": {"name": "Krekling", "railway": "stop"}}, {"type": "Feature", "geometry": {"type": "Point", "coordinates": [9.8672429, 59.7344167]}, "properties": {"name": "Vestfossen", "operator": "Bane NOR", "railway": "stop"}}, {"type": "Feature", "geometry": {"type": "Point", "coordinates": [9.9106364, 59.7670332]}, "properties": {"name": "Hokksund", "operator": "Bane NOR", "railway": "stop", "ref": "624660003"}}, {"type": "Feature", "geometry": {"type": "Point", "coordinates": [9.9108353, 59.7671009]}, "properties": {"name": "Hokksund", "operator": "Bane NOR", "railway": "stop", "ref": "624660001"}}, {"type": "Feature", "geometry": {"type": "Point", "coordinates": [9.9616874, 59.7594239]}, "properties": {"name": "Steinberg", "operator": "Bane NOR", "railway": "stop", "ref": "1"}}, {"type": "Feature", "geometry": {"type": "Point", "coordinates": [9.9616779, 59.759384]}, "properties": {"name": "Steinberg", "operator": "Bane NOR", "railway": "stop", "ref": "2"}}, {"type": "Feature", "geometry": {"type": "Point", "coordinates": [8.648621, 58.507509]}, "properties": {"name": "Blakstad", "railway": "stop"}}, {"type": "Feature", "geometry": {"type": "Point", "coordinates": [11.0451526, 59.9534148]}, "properties": {"name": "Lillestr\u00f8m", "railway": "station", "ref": "02310300", "uic_ref": "7600036"}}, {"type": "Feature", "geometry": {"type": "Point", "coordinates": [11.24104, 59.9858757]}, "properties": {"name": "S\u00f8rumsand", "operator": "Bane NOR", "railway": "stop", "ref": "1"}}, {"type": "Feature", "geometry": {"type": "Point", "coordinates": [12.201847, 59.9513849]}, "properties": {"name": "Magnor", "railway": "stop"}}, {"type": "Feature", "geometry": {"type": "Point", "coordinates": [12.201791, 59.9513544]}, "properties": {"name": "Magnor", "railway": "stop"}}, {"type": "Feature", "geometry": {"type": "Point", "coordinates": [12.114633, 60.1109586]}, "properties": {"name": "\u00c5bogen", "railway": "stop"}}, {"type": "Feature", "geometry": {"type": "Point", "coordinates": [11.1286687, 60.0398908]}, "properties": {"name": "Lindeberg", "operator": "Bane NOR", "railway": "stop", "ref": "2"}}, {"type": "Feature", "geometry": {"type": "Point", "coordinates": [9.0694552, 59.4092363]}, "properties": {"name": "B\u00f8", "railway": "stop"}}, {"type": "Feature", "geometry": {"type": "Point", "coordinates": [9.069471, 59.4091831]}, "properties": {"name": "B\u00f8", "railway": "stop"}}, {"type": "Feature", "geometry": {"type": "Point", "coordinates": [9.1778328, 59.389273]}, "properties": {"name": "Gvarv", "railway": "stop"}}, {"type": "Feature", "geometry": {"type": "Point", "coordinates": [9.1777856, 59.3893218]}, "properties": {"name": "Gvarv", "railway": "stop"}}, {"type": "Feature", "geometry": {"type": "Point", "coordinates": [9.1009671, 59.2988953]}, "properties": {"name": "Lunde", "railway": "stop"}}, {"type": "Feature", "geometry": {"type": "Point", "coordinates": [9.0644724, 59.0962383]}, "properties": {"name": "Drangedal", "operator": "Bane NOR", "railway": "stop"}}, {"type": "Feature", "geometry": {"type": "Point", "coordinates": [9.0879295, 59.185979]}, "properties": {"name": "Nakksj\u00f8", "railway": "stop"}}, {"type": "Feature", "geometry": {"type": "Point", "coordinates": [9.0878607, 59.1859991]}, "properties": {"name": "Nakksj\u00f8", "railway": "stop"}}, {"type": "Feature", "geometry": {"type": "Point", "coordinates": [9.1561529, 58.9713211]}, "properties": {"name": "Neslandsvatn", "railway": "stop", "ref": "1"}}, {"type": "Feature", "geometry": {"type": "Point", "coordinates": [9.1559591, 58.9712938]}, "properties": {"name": "Neslandsvatn", "railway": "stop", "ref": "2"}}, {"type": "Feature", "geometry": {"type": "Point", "coordinates": [9.1560605, 58.9713054]}, "properties": {"name": "Neslandsvatn", "railway": "stop", "ref": "1"}}, {"type": "Feature", "geometry": {"type": "Point", "coordinates": [10.6784691, 59.9224162]}, "properties": {"name": "Sk\u00f8yen", "railway": "stop", "ref": "3"}}, {"type": "Feature", "geometry": {"type": "Point", "coordinates": [10.6785018, 59.9224528]}, "properties": {"name": "Sk\u00f8yen", "railway": "stop", "ref": "2"}}, {"type": "Feature", "geometry": {"type": "Point", "coordinates": [10.6786296, 59.922588]}, "properties": {"name": "Sk\u00f8yen", "operator": "Bane NOR", "railway": "stop", "ref": "1"}}, {"type": "Feature", "geometry": {"type": "Point", "coordinates": [8.5234707, 58.6285931]}, "properties": {"name": "Helldalsmo", "railway": "stop"}}, {"type": "Feature", "geometry": {"type": "Point", "coordinates": [7.1132143, 60.8628877]}, "properties": {"name": "Fl\u00e5m", "railway": "stop"}}, {"type": "Feature", "geometry": {"type": "Point", "coordinates": [5.7340582, 60.4800774]}, "properties": {"name": "Vaksdal", "railway": "stop"}}, {"type": "Feature", "geometry": {"type": "Point", "coordinates": [5.8161652, 60.5862542]}, "properties": {"name": "Dale", "railway": "stop"}}, {"type": "Feature", "geometry": {"type": "Point", "coordinates": [9.2946163, 59.9849938]}, "properties": {"name": "Rollag", "railway": "stop"}}, {"type": "Feature", "geometry": {"type": "Point", "coordinates": [9.0230687, 58.8701298]}, "properties": {"name": "Gjerstad", "operator": "Bane NOR", "railway": "stop"}}, {"type": "Feature", "geometry": {"type": "Point", "coordinates": [5.7337158, 60.5493784]}, "properties": {"name": "Stanghelle", "railway": "stop"}}, {"type": "Feature", "geometry": {"type": "Point", "coordinates": [9.5408605, 62.2199787]}, "properties": {"name": "Hjerkinn", "railway": "stop"}}, {"type": "Feature", "geometry": {"type": "Point", "coordinates": [9.5409682, 62.2200046]}, "properties": {"name": "Hjerkinn", "railway": "stop"}}, {"type": "Feature", "geometry": {"type": "Point", "coordinates": [11.8484262, 63.3921991]}, "properties": {"name": "Kopper\u00e5", "railway": "stop"}}, {"type": "Feature", "geometry": {"type": "Point", "coordinates": [5.4662156, 60.4199963]}, "properties": {"name": "Arna", "railway": "stop", "ref": "3", "uic_ref": "7600073"}}, {"type": "Feature", "geometry": {"type": "Point", "coordinates": [11.5458348, 60.8829307]}, "properties": {"name": "Elverum", "railway": "stop"}}, {"type": "Feature", "geometry": {"type": "Point", "coordinates": [6.0023605, 58.4612886]}, "properties": {"name": "Egersund", "railway": "stop"}}, {"type": "Feature", "geometry": {"type": "Point", "coordinates": [5.7421275, 58.955985]}, "properties": {"name": "Paradis", "railway": "stop"}}, {"type": "Feature", "geometry": {"type": "Point", "coordinates": [10.2485597, 60.1693435]}, "properties": {"name": "H\u00f8nefoss", "operator": "Bane NOR", "railway": "stop", "ref": "1"}}, {"type": "Feature", "geometry": {"type": "Point", "coordinates": [11.0160771, 59.9561918]}, "properties": {"name": "Sagdalen", "railway": "stop", "ref": "1"}}, {"type": "Feature", "geometry": {"type": "Point", "coordinates": [10.8346066, 59.7195553]}, "properties": {"name": "Ski", "operator": "Bane NOR", "railway": "stop", "ref": "5"}}, {"type": "Feature", "geometry": {"type": "Point", "coordinates": [7.1132523, 60.8630262]}, "properties": {"name": "Fl\u00e5m", "railway": "stop"}}, {"type": "Feature", "geometry": {"type": "Point", "coordinates": [7.1225469, 60.7352607]}, "properties": {"name": "Myrdal", "railway": "stop"}}, {"type": "Feature", "geometry": {"type": "Point", "coordinates": [7.1231648, 60.7348642]}, "properties": {"name": "Myrdal", "railway": "stop"}}, {"type": "Feature", "geometry": {"type": "Point", "coordinates": [9.7468592, 61.5953069]}, "properties": {"name": "Vinstra", "network": "R10:21;22", "operator": "Vy;SJ", "railway": "stop", "ref": "05169304"}}, {"type": "Feature", "geometry": {"type": "Point", "coordinates": [7.9592963, 58.3152067]}, "properties": {"name": "Kringsj\u00e5", "railway": "halt"}}, {"type": "Feature", "geometry": {"type": "Point", "coordinates": [10.203823, 59.7401567]}, "properties": {"name": "Drammen", "railway": "station"}}, {"type": "Feature", "geometry": {"type": "Point", "coordinates": [10.1607895, 59.7438429]}, "properties": {"name": "Gulskogen", "operator": "Bane NOR", "railway": "station"}}, {"type": "Feature", "geometry": {"type": "Point", "coordinates": [9.9107409, 59.7672653]}, "properties": {"name": "Hokksund", "operator": "Bane NOR", "railway": "station"}}, {"type": "Feature", "geometry": {"type": "Point", "coordinates": [9.6505586, 59.6721966]}, "properties": {"name": "Kongsberg", "operator": "Bane NOR", "railway": "station"}}, {"type": "Feature", "geometry": {"type": "Point", "coordinates": [7.9803581, 58.2950219]}, "properties": {"name": "Grovane", "railway": "station"}}, {"type": "Feature", "geometry": {"type": "Point", "coordinates": [11.2126249, 60.2922959]}, "properties": {"name": "B\u00f8n", "railway": "stop"}}, {"type": "Feature", "geometry": {"type": "Point", "coordinates": [8.621448, 59.8778353]}, "properties": {"name": "Ingolfsland", "railway": "station"}}, {"type": "Feature", "geometry": {"type": "Point", "coordinates": [8.583652, 59.8771065]}, "properties": {"name": "Rjukan", "railway": "station"}}, {"type": "Feature", "geometry": {"type": "Point", "coordinates": [12.5313717, 64.2830342]}, "properties": {"name": "Agle", "railway": "stop"}}, {"type": "Feature", "geometry": {"type": "Point", "coordinates": [10.3107876, 59.4902827]}, "properties": {"name": "Holmestrand", "operator": "Bane NOR", "railway": "stop"}}, {"type": "Feature", "geometry": {"type": "Point", "coordinates": [10.3104746, 59.4901992]}, "properties": {"name": "Holmestrand", "operator": "Bane NOR", "railway": "stop"}}, {"type": "Feature", "geometry": {"type": "Point", "coordinates": [9.8687077, 61.5737374]}, "properties": {"name": "Fron", "railway": "stop"}}, {"type": "Feature", "geometry": {"type": "Point", "coordinates": [8.0585983, 62.3469978]}, "properties": {"name": "Verma", "railway": "stop"}}, {"type": "Feature", "geometry": {"type": "Point", "coordinates": [7.8700067, 60.5114357]}, "properties": {"name": "Haugast\u00f8l", "railway": "stop"}}, {"type": "Feature", "geometry": {"type": "Point", "coordinates": [10.27976, 63.152008]}, "properties": {"name": "Lundamo", "railway": "stop"}}, {"type": "Feature", "geometry": {"type": "Point", "coordinates": [10.2953262, 61.3120968]}, "properties": {"name": "Tretten", "railway": "stop"}}, {"type": "Feature", "geometry": {"type": "Point", "coordinates": [9.8766476, 60.0235274]}, "properties": {"name": "Snarum", "railway": "stop"}}, {"type": "Feature", "geometry": {"type": "Point", "coordinates": [10.2451798, 60.2314997]}, "properties": {"name": "Hensmoen", "railway": "stop"}}, {"type": "Feature", "geometry": {"type": "Point", "coordinates": [12.3801611, 64.2457854]}, "properties": {"name": "Sn\u00e5sa - Sn\u00e5ase", "operator": "Bane NOR", "railway": "station"}}, {"type": "Feature", "geometry": {"type": "Point", "coordinates": [10.2261772, 60.2189145]}, "properties": {"name": "Hen", "railway": "stop"}}, {"type": "Feature", "geometry": {"type": "Point", "coordinates": [10.4055152, 61.1708811]}, "properties": {"name": "F\u00e5berg", "railway": "stop"}}, {"type": "Feature", "geometry": {"type": "Point", "coordinates": [10.7760359, 62.2748343]}, "properties": {"name": "Tynset", "railway": "stop"}}, {"type": "Feature", "geometry": {"type": "Point", "coordinates": [10.8789862, 61.8382092]}, "properties": {"name": "Hanestad", "railway": "stop"}}, {"type": "Feature", "geometry": {"type": "Point", "coordinates": [10.8349125, 61.7325533]}, "properties": {"name": "Atna", "railway": "stop"}}, {"type": "Feature", "geometry": {"type": "Point", "coordinates": [10.4588503, 63.0045416]}, "properties": {"name": "Rognes", "railway": "stop"}}, {"type": "Feature", "geometry": {"type": "Point", "coordinates": [10.7289472, 62.9562383]}, "properties": {"name": "Sings\u00e5s", "operator": "Bane NOR", "railway": "stop"}}, {"type": "Feature", "geometry": {"type": "Point", "coordinates": [10.2306045, 63.0989395]}, "properties": {"name": "Hovin", "railway": "stop"}}, {"type": "Feature", "geometry": {"type": "Point", "coordinates": [10.2304828, 63.0989219]}, "properties": {"name": "Hovin", "railway": "stop"}}, {"type": "Feature", "geometry": {"type": "Point", "coordinates": [9.9850216, 62.7492429]}, "properties": {"name": "Ulsberg", "railway": "stop"}}, {"type": "Feature", "geometry": {"type": "Point", "coordinates": [9.6250562, 62.4243788]}, "properties": {"name": "Drivstua", "railway": "stop"}}, {"type": "Feature", "geometry": {"type": "Point", "coordinates": [9.257272, 61.9844156]}, "properties": {"name": "Dovre", "railway": "stop"}}, {"type": "Feature", "geometry": {"type": "Point", "coordinates": [9.3324606, 61.921107]}, "properties": {"name": "Brennhaug", "railway": "stop"}}, {"type": "Feature", "geometry": {"type": "Point", "coordinates": [9.3324165, 61.9210758]}, "properties": {"name": "Brennhaug", "railway": "stop"}}, {"type": "Feature", "geometry": {"type": "Point", "coordinates": [9.8687483, 61.5737762]}, "properties": {"name": "Fron", "railway": "stop"}}, {"type": "Feature", "geometry": {"type": "Point", "coordinates": [10.1390973, 61.5290802]}, "properties": {"name": "Ringebu", "railway": "stop", "ref": "05209104"}}, {"type": "Feature", "geometry": {"type": "Point", "coordinates": [10.2259793, 61.3849942]}, "properties": {"name": "Losna", "railway": "stop"}}, {"type": "Feature", "geometry": {"type": "Point", "coordinates": [12.0201067, 60.5988209]}, "properties": {"name": "Flisa", "railway": "stop"}}, {"type": "Feature", "geometry": {"type": "Point", "coordinates": [5.3337818, 60.3899835]}, "properties": {"name": "Bergen", "operator": "Bane NOR", "railway": "stop"}}, {"type": "Feature", "geometry": {"type": "Point", "coordinates": [5.333472, 60.3902204]}, "properties": {"name": "Bergen", "operator": "Bane NOR", "railway": "stop"}}, {"type": "Feature", "geometry": {"type": "Point", "coordinates": [5.333543, 60.3902618]}, "properties": {"name": "Bergen", "operator": "Bane NOR", "railway": "stop"}}, {"type": "Feature", "geometry": {"type": "Point", "coordinates": [5.3336476, 60.3903229]}, "properties": {"name": "Bergen", "operator": "Bane NOR", "railway": "stop"}}, {"type": "Feature", "geometry": {"type": "Point", "coordinates": [10.8651908, 59.3475451]}, "properties": {"name": "R\u00e5de", "operator": "Jernbaneverket", "railway": "stop", "ref": "135519002"}}, {"type": "Feature", "geometry": {"type": "Point", "coordinates": [6.4080883, 60.6290316]}, "properties": {"name": "Voss", "railway": "stop", "ref": "3"}}, {"type": "Feature", "geometry": {"type": "Point", "coordinates": [15.1933114, 67.2991417]}, "properties": {"name": "Valnesfjord", "operator": "Bane NOR", "railway": "stop"}}, {"type": "Feature", "geometry": {"type": "Point", "coordinates": [9.9263191, 60.2412211]}, "properties": {"name": "Sokna", "railway": "stop"}}, {"type": "Feature", "geometry": {"type": "Point", "coordinates": [9.1057168, 58.9141496]}, "properties": {"name": "Lyser", "railway": "stop"}}, {"type": "Feature", "geometry": {"type": "Point", "coordinates": [9.1057838, 58.9141244]}, "properties": {"name": "Lyser", "railway": "stop"}}, {"type": "Feature", "geometry": {"type": "Point", "coordinates": [5.3333972, 60.390279]}, "properties": {"name": "Bergen", "operator": "Bane NOR", "railway": "station"}}, {"type": "Feature", "geometry": {"type": "Point", "coordinates": [9.125958, 62.0693814]}, "properties": {"name": "Domb\u00e5s", "railway": "stop", "ref": "10"}}, {"type": "Feature", "geometry": {"type": "Point", "coordinates": [11.0445414, 61.5725635]}, "properties": {"name": "Koppang", "railway": "stop"}}, {"type": "Feature", "geometry": {"type": "Point", "coordinates": [10.6332986, 62.1088369]}, "properties": {"name": "Alvdal", "railway": "stop"}}, {"type": "Feature", "geometry": {"type": "Point", "coordinates": [11.2270359, 62.4974531]}, "properties": {"name": "Os", "railway": "stop", "ref": "04412015"}}, {"type": "Feature", "geometry": {"type": "Point", "coordinates": [8.0450371, 60.4964015]}, "properties": {"name": "Ustaoset", "railway": "stop"}}, {"type": "Feature", "geometry": {"type": "Point", "coordinates": [6.6792391, 60.681519]}, "properties": {"name": "Skiple", "network": "Bergenbanen", "railway": "stop"}}, {"type": "Feature", "geometry": {"type": "Point", "coordinates": [6.4635744, 60.6394327]}, "properties": {"name": "Gjerd\u00e5ker", "railway": "stop"}}, {"type": "Feature", "geometry": {"type": "Point", "coordinates": [5.8974242, 58.4858546]}, "properties": {"name": "Hellvik", "railway": "stop", "uic_ref": "7600344"}}, {"type": "Feature", "geometry": {"type": "Point", "coordinates": [5.7364716, 58.8522713]}, "properties": {"name": "Sandnes sentrum", "railway": "stop"}}, {"type": "Feature", "geometry": {"type": "Point", "coordinates": [5.8031899, 58.5196629]}, "properties": {"name": "Ogna", "railway": "stop", "uic_ref": "7600346"}}, {"type": "Feature", "geometry": {"type": "Point", "coordinates": [5.7168623, 58.8232599]}, "properties": {"name": "Ganddal", "railway": "stop"}}, {"type": "Feature", "geometry": {"type": "Point", "coordinates": [10.9082008, 59.9515384]}, "properties": {"name": "Haugenstua", "railway": "stop"}}, {"type": "Feature", "geometry": {"type": "Point", "coordinates": [10.8707967, 59.9436528]}, "properties": {"name": "Nyland", "railway": "stop"}}, {"type": "Feature", "geometry": {"type": "Point", "coordinates": [10.9082395, 59.9515718]}, "properties": {"name": "Haugenstua", "railway": "stop"}}, {"type": "Feature", "geometry": {"type": "Point", "coordinates": [12.3793463, 64.2455763]}, "properties": {"name": "Sn\u00e5sa - Sn\u00e5ase", "operator": "Bane NOR", "railway": "stop"}}, {"type": "Feature", "geometry": {"type": "Point", "coordinates": [11.282541, 59.9873909]}, "properties": {"name": "Fossum", "railway": "station"}}, {"type": "Feature", "geometry": {"type": "Point", "coordinates": [11.2719056, 59.9904108]}, "properties": {"name": "Bingsfos", "railway": "station"}}, {"type": "Feature", "geometry": {"type": "Point", "coordinates": [11.2441608, 59.9864229]}, "properties": {"name": "Urskog-H\u00f8landsbanen (Tertitten)", "railway": "station"}}, {"type": "Feature", "geometry": {"type": "Point", "coordinates": [9.7897196, 63.2463517]}, "properties": {"name": "Bl\u00e5smo", "railway": "halt"}}, {"type": "Feature", "geometry": {"type": "Point", "coordinates": [9.8224708, 63.2745768]}, "properties": {"name": "Fannremsmo", "railway": "halt"}}, {"type": "Feature", "geometry": {"type": "Point", "coordinates": [9.8387358, 63.2844299]}, "properties": {"name": "Gymnaset", "railway": "halt"}}, {"type": "Feature", "geometry": {"type": "Point", "coordinates": [9.7107645, 63.1363445]}, "properties": {"name": "Jordhusmoen", "railway": "halt"}}, {"type": "Feature", "geometry": {"type": "Point", "coordinates": [13.4560696, 66.0713196]}, "properties": {"name": "Drevvatn", "operator": "Bane NOR", "railway": "stop", "ref": "1"}}, {"type": "Feature", "geometry": {"type": "Point", "coordinates": [10.801005, 59.9127328]}, "properties": {"name": "Helsfyr", "network": "Ruter", "operator": "Sporveien T-banen", "railway": "station", "subway": "yes"}}, {"type": "Feature", "geometry": {"type": "Point", "coordinates": [14.869494, 67.2994233]}, "properties": {"name": "Oter\u00e5ga", "operator": "Bane NOR", "railway": "station"}}, {"type": "Feature", "geometry": {"type": "Point", "coordinates": [8.5621194, 60.6265136]}, "properties": {"name": "\u00c5l", "railway": "stop", "ref": "06193170"}}, {"type": "Feature", "geometry": {"type": "Point", "coordinates": [8.7447911, 59.9224555]}, "properties": {"name": "Miland", "railway": "halt"}}, {"type": "Feature", "geometry": {"type": "Point", "coordinates": [10.8047288, 59.8956702]}, "properties": {"name": "Ryen", "network": "Ruter", "operator": "Sporveien T-banen", "railway": "station"}}, {"type": "Feature", "geometry": {"type": "Point", "coordinates": [10.8127548, 59.8980022]}, "properties": {"name": "Manglerud", "network": "Ruter", "operator": "Sporveien T-banen", "railway": "station"}}, {"type": "Feature", "geometry": {"type": "Point", "coordinates": [6.8403545, 60.6940901]}, "properties": {"name": "Mj\u00f8lfjell", "railway": "stop"}}, {"type": "Feature", "geometry": {"type": "Point", "coordinates": [6.6304478, 60.6801248]}, "properties": {"name": "\u00d8yeflaten", "railway": "stop"}}, {"type": "Feature", "geometry": {"type": "Point", "coordinates": [8.3668882, 60.5758216]}, "properties": {"name": "Hol", "railway": "stop"}}, {"type": "Feature", "geometry": {"type": "Point", "coordinates": [10.0925947, 60.2065746]}, "properties": {"name": "Veme", "railway": "stop"}}, {"type": "Feature", "geometry": {"type": "Point", "coordinates": [10.8342804, 59.7190333]}, "properties": {"name": "Ski", "railway": "station"}}, {"type": "Feature", "geometry": {"type": "Point", "coordinates": [9.0256463, 59.7237592]}, "properties": {"name": "Tinnoset", "railway": "station"}}, {"type": "Feature", "geometry": {"type": "Point", "coordinates": [5.3945696, 60.3373913]}, "properties": {"name": "Helldal", "railway": "halt"}}, {"type": "Feature", "geometry": {"type": "Point", "coordinates": [9.876585, 60.0234479]}, "properties": {"name": "Snarum", "railway": "halt"}}, {"type": "Feature", "geometry": {"type": "Point", "coordinates": [9.8130283, 63.2667375]}, "properties": {"name": "Fannrem", "railway": "halt"}}, {"type": "Feature", "geometry": {"type": "Point", "coordinates": [9.8466461, 63.2948181]}, "properties": {"name": "B\u00e5rdshaug", "railway": "station"}}, {"type": "Feature", "geometry": {"type": "Point", "coordinates": [5.4132214, 60.347631]}, "properties": {"name": "Grim\u00e5sen", "railway": "halt"}}, {"type": "Feature", "geometry": {"type": "Point", "coordinates": [7.9003359, 58.3434638]}, "properties": {"name": "R\u00f8yknes", "railway": "station"}}, {"type": "Feature", "geometry": {"type": "Point", "coordinates": [9.726125, 63.1577006]}, "properties": {"name": "Klingh\u00e5mm\u00e5r'n", "railway": "halt"}}, {"type": "Feature", "geometry": {"type": "Point", "coordinates": [9.8351774, 60.089086]}, "properties": {"name": "Kl\u00f8ftefoss", "railway": "halt"}}, {"type": "Feature", "geometry": {"type": "Point", "coordinates": [5.4354086, 60.3558095]}, "properties": {"name": "Brattland", "railway": "halt"}}, {"type": "Feature", "geometry": {"type": "Point", "coordinates": [7.9602324, 58.3116845]}, "properties": {"name": "Paulen g\u00e5rd", "railway": "halt"}}, {"type": "Feature", "geometry": {"type": "Point", "coordinates": [5.4628823, 60.4350847]}, "properties": {"name": "Seimsmark", "railway": "halt"}}, {"type": "Feature", "geometry": {"type": "Point", "coordinates": [7.961612, 58.3105425]}, "properties": {"name": "Paulen", "railway": "halt"}}, {"type": "Feature", "geometry": {"type": "Point", "coordinates": [5.4701984, 60.4468227]}, "properties": {"name": "Garnes", "railway": "halt"}}, {"type": "Feature", "geometry": {"type": "Point", "coordinates": [5.4984081, 60.4344568]}, "properties": {"name": "Tunes", "railway": "halt"}}, {"type": "Feature", "geometry": {"type": "Point", "coordinates": [7.9270102, 58.3299257]}, "properties": {"name": "Beih\u00f8ldalen", "railway": "station"}}, {"type": "Feature", "geometry": {"type": "Point", "coordinates": [7.9304533, 58.3264946]}, "properties": {"name": "Beih\u00f8len dam", "railway": "halt"}}, {"type": "Feature", "geometry": {"type": "Point", "coordinates": [9.7800969, 60.1274694]}, "properties": {"name": "Kr\u00f8deren", "railway": "station"}}, {"type": "Feature", "geometry": {"type": "Point", "coordinates": [9.7477663, 63.1690203]}, "properties": {"name": "Svorkmo", "railway": "station"}}, {"type": "Feature", "geometry": {"type": "Point", "coordinates": [5.4546738, 60.372494]}, "properties": {"name": "Lone", "railway": "halt"}}, {"type": "Feature", "geometry": {"type": "Point", "coordinates": [9.9165344, 59.9940805]}, "properties": {"name": "Sysle", "railway": "halt"}}, {"type": "Feature", "geometry": {"type": "Point", "coordinates": [7.9346889, 58.3239794]}, "properties": {"name": "L\u00f8yning", "railway": "halt"}}, {"type": "Feature", "geometry": {"type": "Point", "coordinates": [7.9453307, 58.3161107]}, "properties": {"name": "Vrengen", "railway": "halt"}}, {"type": "Feature", "geometry": {"type": "Point", "coordinates": [9.7056167, 63.1254621]}, "properties": {"name": "L\u00f8kken", "railway": "station"}}, {"type": "Feature", "geometry": {"type": "Point", "coordinates": [5.3721463, 60.322761]}, "properties": {"name": "Midttun", "railway": "halt"}}, {"type": "Feature", "geometry": {"type": "Point", "coordinates": [5.4671274, 60.3853763]}, "properties": {"name": "Espeland", "railway": "halt"}}, {"type": "Feature", "geometry": {"type": "Point", "coordinates": [10.5346579, 63.428039]}, "properties": {"name": "Ranheim", "railway": "station"}}, {"type": "Feature", "geometry": {"type": "Point", "coordinates": [6.6278648, 60.6802102]}, "properties": {"name": "\u00d8yeflaten", "railway": "halt"}}, {"type": "Feature", "geometry": {"type": "Point", "coordinates": [6.5350439, 60.6632521]}, "properties": {"name": "Kl\u00f8ve", "railway": "halt"}}, {"type": "Feature", "geometry": {"type": "Point", "coordinates": [6.9795444, 60.7092394]}, "properties": {"name": "Vieren", "operator": "Bane NOR", "railway": "halt"}}, {"type": "Feature", "geometry": {"type": "Point", "coordinates": [10.950307, 59.2089926]}, "properties": {"name": "Fredrikstad", "railway": "station"}}, {"type": "Feature", "geometry": {"type": "Point", "coordinates": [6.6797729, 60.6811742]}, "properties": {"name": "Skiple", "railway": "halt"}}, {"type": "Feature", "geometry": {"type": "Point", "coordinates": [6.4636674, 60.6394135]}, "properties": {"name": "Gjerd\u00e5ker", "railway": "halt"}}, {"type": "Feature", "geometry": {"type": "Point", "coordinates": [15.4631013, 66.742679]}, "properties": {"name": "L\u00f8nsdal / Luonosv\u00e1gge (L\u00f8nsdalen)", "operator": "Bane NOR", "railway": "station"}}, {"type": "Feature", "geometry": {"type": "Point", "coordinates": [10.3775538, 63.4310841]}, "properties": {"name": "Skansen", "railway": "halt"}}, {"type": "Feature", "geometry": {"type": "Point", "coordinates": [10.9792233, 62.9606376]}, "properties": {"name": "Langlete", "railway": "halt"}}, {"type": "Feature", "geometry": {"type": "Point", "coordinates": [6.9413202, 60.7033162]}, "properties": {"name": "\u00d8rneberget", "operator": "Bane NOR", "railway": "halt"}}, {"type": "Feature", "geometry": {"type": "Point", "coordinates": [5.7422568, 58.9560163]}, "properties": {"name": "Paradis", "railway": "halt"}}, {"type": "Feature", "geometry": {"type": "Point", "coordinates": [14.344874, 66.3621399]}, "properties": {"name": "Skonseng", "operator": "Bane NOR", "railway": "station"}}, {"type": "Feature", "geometry": {"type": "Point", "coordinates": [13.4556312, 66.0712534]}, "properties": {"name": "Drevvatn", "operator": "Bane NOR", "railway": "station"}}, {"type": "Feature", "geometry": {"type": "Point", "coordinates": [11.0444912, 61.5729073]}, "properties": {"name": "Koppang", "railway": "station"}}, {"type": "Feature", "geometry": {"type": "Point", "coordinates": [8.5381804, 62.1924971]}, "properties": {"name": "Lesjaverk", "operator": "Bane NOR", "railway": "halt"}}, {"type": "Feature", "geometry": {"type": "Point", "coordinates": [5.7366268, 58.8523426]}, "properties": {"name": "Sandnes sentrum", "railway": "halt"}}, {"type": "Feature", "geometry": {"type": "Point", "coordinates": [9.6057973, 62.3070121]}, "properties": {"name": "Kongsvoll", "railway": "station"}}, {"type": "Feature", "geometry": {"type": "Point", "coordinates": [5.6776808, 58.7716627]}, "properties": {"name": "Klepp", "railway": "station"}}, {"type": "Feature", "geometry": {"type": "Point", "coordinates": [5.754031, 58.9333051]}, "properties": {"name": "Mariero", "railway": "halt"}}, {"type": "Feature", "geometry": {"type": "Point", "coordinates": [13.1522655, 64.925912]}, "properties": {"name": "Namsskogan", "operator": "Bane NOR", "railway": "station"}}, {"type": "Feature", "geometry": {"type": "Point", "coordinates": [10.8471558, 60.106014]}, "properties": {"name": "Varingskollen", "railway": "halt"}}, {"type": "Feature", "geometry": {"type": "Point", "coordinates": [10.8099796, 60.0239105]}, "properties": {"name": "Snippen", "railway": "halt"}}, {"type": "Feature", "geometry": {"type": "Point", "coordinates": [18.0032865, 68.4351001]}, "properties": {"name": "S\u00f8sterbekk", "operator": "Bane NOR", "railway": "halt"}}, {"type": "Feature", "geometry": {"type": "Point", "coordinates": [11.3241327, 61.2513109]}, "properties": {"name": "Steinvik", "railway": "halt"}}, {"type": "Feature", "geometry": {"type": "Point", "coordinates": [8.970919, 60.6990723]}, "properties": {"name": "Gol", "railway": "station"}}, {"type": "Feature", "geometry": {"type": "Point", "coordinates": [10.2768159, 63.2844065]}, "properties": {"name": "Melhus", "railway": "halt"}}, {"type": "Feature", "geometry": {"type": "Point", "coordinates": [7.0957749, 60.7882406]}, "properties": {"name": "Berekvam", "railway": "station"}}, {"type": "Feature", "geometry": {"type": "Point", "coordinates": [5.6495592, 58.7347738]}, "properties": {"name": "Bryne", "railway": "station"}}, {"type": "Feature", "geometry": {"type": "Point", "coordinates": [7.1138646, 60.8507708]}, "properties": {"name": "Lunden", "railway": "halt"}}, {"type": "Feature", "geometry": {"type": "Point", "coordinates": [11.0019064, 59.9494597]}, "properties": {"name": "Str\u00f8mmen", "operator": "Bane NOR", "railway": "station"}}, {"type": "Feature", "geometry": {"type": "Point", "coordinates": [17.9657932, 68.3975329]}, "properties": {"name": "Katterat", "operator": "Bane NOR", "railway": "station"}}, {"type": "Feature", "geometry": {"type": "Point", "coordinates": [9.5370075, 61.7722703]}, "properties": {"name": "Otta", "railway": "station"}}, {"type": "Feature", "geometry": {"type": "Point", "coordinates": [11.0323459, 59.6263395]}, "properties": {"name": "Knapstad", "railway": "halt"}}, {"type": "Feature", "geometry": {"type": "Point", "coordinates": [10.409262, 63.4138912]}, "properties": {"name": "Lerkendal", "railway": "halt"}}, {"type": "Feature", "geometry": {"type": "Point", "coordinates": [10.357723, 63.3508348]}, "properties": {"name": "Heimdal", "railway": "station"}}, {"type": "Feature", "geometry": {"type": "Point", "coordinates": [10.8263933, 63.508616]}, "properties": {"name": "Skatval", "operator": "Bane NOR", "railway": "station"}}, {"type": "Feature", "geometry": {"type": "Point", "coordinates": [8.6487176, 58.5074795]}, "properties": {"name": "Blakstad", "railway": "halt"}}, {"type": "Feature", "geometry": {"type": "Point", "coordinates": [10.2801076, 63.1519907]}, "properties": {"name": "Lundamo", "railway": "station"}}, {"type": "Feature", "geometry": {"type": "Point", "coordinates": [8.705686, 58.5765989]}, "properties": {"name": "B\u00f8ylestad", "railway": "halt"}}, {"type": "Feature", "geometry": {"type": "Point", "coordinates": [12.2423026, 64.2065911]}, "properties": {"name": "J\u00f8rstad", "operator": "Bane NOR", "railway": "halt"}}, {"type": "Feature", "geometry": {"type": "Point", "coordinates": [11.3422745, 60.8187866]}, "properties": {"name": "L\u00f8ten", "railway": "station"}}, {"type": "Feature", "geometry": {"type": "Point", "coordinates": [11.3013489, 60.0049145]}, "properties": {"name": "Blaker", "operator": "Bane NOR", "railway": "station"}}, {"type": "Feature", "geometry": {"type": "Point", "coordinates": [11.373128, 60.0537415]}, "properties": {"name": "Haga", "operator": "Bane NOR", "railway": "station"}}, {"type": "Feature", "geometry": {"type": "Point", "coordinates": [8.0450665, 60.4965404]}, "properties": {"name": "Ustaoset", "railway": "station"}}, {"type": "Feature", "geometry": {"type": "Point", "coordinates": [10.8966683, 63.4461036]}, "properties": {"name": "Hell", "operator": "Bane NOR", "railway": "station"}}, {"type": "Feature", "geometry": {"type": "Point", "coordinates": [11.4846132, 63.7911033]}, "properties": {"name": "Verdal", "operator": "Bane NOR", "railway": "station"}}, {"type": "Feature", "geometry": {"type": "Point", "coordinates": [14.390816, 67.286319]}, "properties": {"name": "Bod\u00f8 - B\u00e5d\u00e5ddjo", "operator": "Bane NOR", "railway": "station"}}, {"type": "Feature", "geometry": {"type": "Point", "coordinates": [11.2271258, 62.4973588]}, "properties": {"name": "Os", "railway": "station"}}, {"type": "Feature", "geometry": {"type": "Point", "coordinates": [11.416766, 62.6744364]}, "properties": {"name": "Gl\u00e5mos", "railway": "station"}}, {"type": "Feature", "geometry": {"type": "Point", "coordinates": [11.3191983, 63.7530586]}, "properties": {"name": "R\u00f8stad", "operator": "Bane NOR", "railway": "halt"}}, {"type": "Feature", "geometry": {"type": "Point", "coordinates": [11.0520577, 63.6094508]}, "properties": {"name": "\u00c5sen", "railway": "station"}}, {"type": "Feature", "geometry": {"type": "Point", "coordinates": [11.177339, 59.9289768]}, "properties": {"name": "Svingen", "operator": "Bane NOR", "railway": "halt"}}, {"type": "Feature", "geometry": {"type": "Point", "coordinates": [6.109698, 60.6470377]}, "properties": {"name": "Evanger", "railway": "station"}}, {"type": "Feature", "geometry": {"type": "Point", "coordinates": [5.8158857, 60.5862449]}, "properties": {"name": "Dale", "railway": "station"}}, {"type": "Feature", "geometry": {"type": "Point", "coordinates": [11.1940599, 63.7050994]}, "properties": {"name": "Skogn", "operator": "Bane NOR", "railway": "station"}}, {"type": "Feature", "geometry": {"type": "Point", "coordinates": [10.7232151, 60.2068168]}, "properties": {"name": "Harestua", "railway": "halt"}}, {"type": "Feature", "geometry": {"type": "Point", "coordinates": [8.6895152, 58.4627579]}, "properties": {"name": "Br\u00e5stad", "railway": "halt"}}, {"type": "Feature", "geometry": {"type": "Point", "coordinates": [5.7350953, 60.4786986]}, "properties": {"name": "Vaksdal", "railway": "station", "ref": "VAD"}}, {"type": "Feature", "geometry": {"type": "Point", "coordinates": [10.4614617, 63.437586]}, "properties": {"name": "Leangen", "operator": "Bane NOR", "railway": "station"}}, {"type": "Feature", "geometry": {"type": "Point", "coordinates": [14.8377911, 66.4461597]}, "properties": {"name": "Dunderland", "operator": "Bane NOR", "railway": "station"}}, {"type": "Feature", "geometry": {"type": "Point", "coordinates": [10.8786528, 61.8380448]}, "properties": {"name": "Hanestad", "railway": "station"}}, {"type": "Feature", "geometry": {"type": "Point", "coordinates": [11.113224, 63.6663336]}, "properties": {"name": "Ronglan", "operator": "Bane NOR", "railway": "station"}}, {"type": "Feature", "geometry": {"type": "Point", "coordinates": [10.8347076, 61.7324758]}, "properties": {"name": "Atna", "railway": "station"}}, {"type": "Feature", "geometry": {"type": "Point", "coordinates": [10.6236273, 63.4388509]}, "properties": {"name": "Vikhammer", "railway": "station"}}, {"type": "Feature", "geometry": {"type": "Point", "coordinates": [5.7401874, 58.899959]}, "properties": {"name": "Gausel", "railway": "halt"}}, {"type": "Feature", "geometry": {"type": "Point", "coordinates": [7.5125673, 58.2127346]}, "properties": {"name": "Marnardal", "railway": "station"}}, {"type": "Feature", "geometry": {"type": "Point", "coordinates": [8.2014544, 62.2585321]}, "properties": {"name": "Bjorli", "railway": "station"}}, {"type": "Feature", "geometry": {"type": "Point", "coordinates": [9.6943995, 62.5931579]}, "properties": {"name": "Oppdal", "network": "Bane NOR", "railway": "station"}}, {"type": "Feature", "geometry": {"type": "Point", "coordinates": [10.7806784, 59.9209602]}, "properties": {"name": "T\u00f8yen", "railway": "halt"}}, {"type": "Feature", "geometry": {"type": "Point", "coordinates": [6.5927611, 60.6795064]}, "properties": {"name": "Urdland", "railway": "station"}}, {"type": "Feature", "geometry": {"type": "Point", "coordinates": [10.6328822, 62.1088871]}, "properties": {"name": "Alvdal", "railway": "station"}}, {"type": "Feature", "geometry": {"type": "Point", "coordinates": [9.4850126, 59.3004576]}, "properties": {"name": "Nisterud", "operator": "Bane NOR", "railway": "halt"}}, {"type": "Feature", "geometry": {"type": "Point", "coordinates": [10.4586411, 63.0046706]}, "properties": {"name": "Rognes", "railway": "halt"}}, {"type": "Feature", "geometry": {"type": "Point", "coordinates": [10.0143925, 62.8230429]}, "properties": {"name": "Berk\u00e5k", "railway": "station"}}, {"type": "Feature", "geometry": {"type": "Point", "coordinates": [13.3831518, 65.537853]}, "properties": {"name": "Trofors", "operator": "Bane NOR", "railway": "station"}}, {"type": "Feature", "geometry": {"type": "Point", "coordinates": [11.3697589, 61.1347225]}, "properties": {"name": "Rena", "railway": "station"}}, {"type": "Feature", "geometry": {"type": "Point", "coordinates": [12.4940954, 64.5686677]}, "properties": {"name": "Harran", "operator": "Bane NOR", "railway": "station"}}, {"type": "Feature", "geometry": {"type": "Point", "coordinates": [5.8974457, 58.4856738]}, "properties": {"name": "Hellvik", "railway": "station"}}, {"type": "Feature", "geometry": {"type": "Point", "coordinates": [13.3679372, 65.1645749]}, "properties": {"name": "Majavatn / Maajehjaevrie", "operator": "Bane NOR", "railway": "station"}}, {"type": "Feature", "geometry": {"type": "Point", "coordinates": [7.1227092, 60.8397407]}, "properties": {"name": "H\u00e5reina", "railway": "halt"}}, {"type": "Feature", "geometry": {"type": "Point", "coordinates": [18.0711464, 68.4322887]}, "properties": {"name": "Bj\u00f8rnfjell", "operator": "Bane NOR", "railway": "station"}}, {"type": "Feature", "geometry": {"type": "Point", "coordinates": [5.640495, 58.6656716]}, "properties": {"name": "N\u00e6rb\u00f8", "railway": "station"}}, {"type": "Feature", "geometry": {"type": "Point", "coordinates": [7.1228288, 60.7351714]}, "properties": {"name": "Myrdal", "railway": "station"}}, {"type": "Feature", "geometry": {"type": "Point", "coordinates": [9.7010324, 61.6648014]}, "properties": {"name": "Kvam", "operator": "Bane NOR", "railway": "station"}}, {"type": "Feature", "geometry": {"type": "Point", "coordinates": [10.7977401, 59.8239225]}, "properties": {"name": "Rosenholm", "railway": "halt"}}, {"type": "Feature", "geometry": {"type": "Point", "coordinates": [10.3730125, 63.389447]}, "properties": {"name": "Selsbakk", "railway": "station"}}, {"type": "Feature", "geometry": {"type": "Point", "coordinates": [5.7016733, 58.7866931]}, "properties": {"name": "\u00d8ksnavadporten", "railway": "halt"}}, {"type": "Feature", "geometry": {"type": "Point", "coordinates": [7.2519088, 60.6679802]}, "properties": {"name": "Hallingskeid", "railway": "station"}}, {"type": "Feature", "geometry": {"type": "Point", "coordinates": [10.399955, 63.4365967]}, "properties": {"name": "Trondheim S", "operator": "Bane NOR", "railway": "station"}}, {"type": "Feature", "geometry": {"type": "Point", "coordinates": [10.5613605, 62.9763385]}, "properties": {"name": "Kots\u00f8y", "railway": "halt"}}, {"type": "Feature", "geometry": {"type": "Point", "coordinates": [10.8372425, 59.7564007]}, "properties": {"name": "Vevelstad", "railway": "halt"}}, {"type": "Feature", "geometry": {"type": "Point", "coordinates": [11.1441659, 62.9284202]}, "properties": {"name": "Haltdalen", "railway": "station"}}, {"type": "Feature", "geometry": {"type": "Point", "coordinates": [6.0019004, 58.461243]}, "properties": {"name": "Egersund", "railway": "station"}}, {"type": "Feature", "geometry": {"type": "Point", "coordinates": [11.2224477, 60.776837]}, "properties": {"name": "Ilseng", "railway": "halt"}}, {"type": "Feature", "geometry": {"type": "Point", "coordinates": [5.7491718, 58.5403239]}, "properties": {"name": "Brusand", "railway": "station"}}, {"type": "Feature", "geometry": {"type": "Point", "coordinates": [7.1357719, 60.7470512]}, "properties": {"name": "Kjosfossen haldeplass", "railway": "halt"}}, {"type": "Feature", "geometry": {"type": "Point", "coordinates": [11.1038095, 63.461032]}, "properties": {"name": "Hegra", "railway": "halt"}}, {"type": "Feature", "geometry": {"type": "Point", "coordinates": [17.4411132, 68.4415503]}, "properties": {"name": "Narvik", "operator": "Bane NOR", "railway": "station"}}, {"type": "Feature", "geometry": {"type": "Point", "coordinates": [5.8034036, 58.5197043]}, "properties": {"name": "Ogna", "railway": "station"}}, {"type": "Feature", "geometry": {"type": "Point", "coordinates": [10.8708453, 59.9436106]}, "properties": {"name": "Nyland", "railway": "halt"}}, {"type": "Feature", "geometry": {"type": "Point", "coordinates": [10.1393172, 61.5291744]}, "properties": {"name": "Ringebu", "railway": "station"}}, {"type": "Feature", "geometry": {"type": "Point", "coordinates": [8.8556899, 58.7608186]}, "properties": {"name": "Veg\u00e5rshei", "railway": "station"}}, {"type": "Feature", "geometry": {"type": "Point", "coordinates": [9.3362176, 59.5120678]}, "properties": {"name": "Trykkerud", "operator": "Bane NOR", "railway": "halt"}}, {"type": "Feature", "geometry": {"type": "Point", "coordinates": [11.3003524, 63.744783]}, "properties": {"name": "Levanger", "operator": "Bane NOR", "railway": "station"}}, {"type": "Feature", "geometry": {"type": "Point", "coordinates": [10.2800057, 63.2333622]}, "properties": {"name": "Kv\u00e5l", "railway": "halt"}}, {"type": "Feature", "geometry": {"type": "Point", "coordinates": [5.7331564, 60.549137]}, "properties": {"name": "Stanghelle", "railway": "station"}}, {"type": "Feature", "geometry": {"type": "Point", "coordinates": [10.8045047, 59.8009843]}, "properties": {"name": "Solbr\u00e5tan", "railway": "halt"}}, {"type": "Feature", "geometry": {"type": "Point", "coordinates": [8.654452, 58.5294503]}, "properties": {"name": "Froland", "railway": "halt"}}, {"type": "Feature", "geometry": {"type": "Point", "coordinates": [6.236309, 60.6324369]}, "properties": {"name": "Seimsgrend", "railway": "halt"}}, {"type": "Feature", "geometry": {"type": "Point", "coordinates": [11.6182777, 63.4437899]}, "properties": {"name": "Gud\u00e5", "railway": "station"}}, {"type": "Feature", "geometry": {"type": "Point", "coordinates": [11.37923, 62.8075078]}, "properties": {"name": "Reitan", "railway": "halt"}}, {"type": "Feature", "geometry": {"type": "Point", "coordinates": [11.4288371, 63.9190137]}, "properties": {"name": "Sparbu", "operator": "Bane NOR", "railway": "halt"}}, {"type": "Feature", "geometry": {"type": "Point", "coordinates": [10.2490896, 60.1692786]}, "properties": {"name": "H\u00f8nefoss", "operator": "Bane NOR", "railway": "station"}}, {"type": "Feature", "geometry": {"type": "Point", "coordinates": [11.419931, 60.0851073]}, "properties": {"name": "Bodung", "operator": "Bane NOR", "railway": "halt"}}, {"type": "Feature", "geometry": {"type": "Point", "coordinates": [10.4806098, 63.4366653]}, "properties": {"name": "Rotvoll", "operator": "Bane NOR", "railway": "halt"}}, {"type": "Feature", "geometry": {"type": "Point", "coordinates": [8.7094256, 58.4659857]}, "properties": {"name": "Stoa", "railway": "halt"}}, {"type": "Feature", "geometry": {"type": "Point", "coordinates": [10.6369779, 59.9134453]}, "properties": {"name": "Lysaker", "operator": "Bane NOR", "railway": "station"}}, {"type": "Feature", "geometry": {"type": "Point", "coordinates": [6.6606467, 58.4176303]}, "properties": {"name": "Sira", "railway": "station"}}, {"type": "Feature", "geometry": {"type": "Point", "coordinates": [6.8377206, 58.3843305]}, "properties": {"name": "Gyland", "railway": "station"}}, {"type": "Feature", "geometry": {"type": "Point", "coordinates": [13.2002603, 65.8447421]}, "properties": {"name": "Mosj\u00f8en", "operator": "Bane NOR", "railway": "station"}}, {"type": "Feature", "geometry": {"type": "Point", "coordinates": [10.4166393, 63.4372254]}, "properties": {"name": "Lademoen", "operator": "Bane NOR", "railway": "halt"}}, {"type": "Feature", "geometry": {"type": "Point", "coordinates": [11.2606781, 61.3315584]}, "properties": {"name": "Opphus", "railway": "station"}}, {"type": "Feature", "geometry": {"type": "Point", "coordinates": [15.398473, 67.093449]}, "properties": {"name": "Rognan", "operator": "Bane NOR", "railway": "station"}}, {"type": "Feature", "geometry": {"type": "Point", "coordinates": [10.7762481, 62.2747634]}, "properties": {"name": "Tynset", "railway": "station"}}, {"type": "Feature", "geometry": {"type": "Point", "coordinates": [14.1335001, 66.3096077]}, "properties": {"name": "Mo i Rana / M\u00e5efie", "operator": "Bane NOR", "railway": "station"}}, {"type": "Feature", "geometry": {"type": "Point", "coordinates": [11.0589211, 61.4944534]}, "properties": {"name": "Stai", "railway": "halt"}}, {"type": "Feature", "geometry": {"type": "Point", "coordinates": [9.1255452, 62.0688167]}, "properties": {"name": "Domb\u00e5s", "railway": "station"}}, {"type": "Feature", "geometry": {"type": "Point", "coordinates": [8.8538134, 62.1185525]}, "properties": {"name": "Lesja", "railway": "station"}}, {"type": "Feature", "geometry": {"type": "Point", "coordinates": [8.2063719, 60.5345261]}, "properties": {"name": "Geilo", "railway": "station"}}, {"type": "Feature", "geometry": {"type": "Point", "coordinates": [10.6586164, 62.2206604]}, "properties": {"name": "Auma", "railway": "halt"}}, {"type": "Feature", "geometry": {"type": "Point", "coordinates": [6.2845182, 60.630659]}, "properties": {"name": "Bulken", "railway": "station"}}, {"type": "Feature", "geometry": {"type": "Point", "coordinates": [8.7695237, 58.4650241]}, "properties": {"name": "Arendal", "railway": "station"}}, {"type": "Feature", "geometry": {"type": "Point", "coordinates": [10.7717037, 59.9517781]}, "properties": {"name": "Nydalen", "railway": "halt"}}, {"type": "Feature", "geometry": {"type": "Point", "coordinates": [6.507082, 60.6453197]}, "properties": {"name": "Ygre", "railway": "halt"}}, {"type": "Feature", "geometry": {"type": "Point", "coordinates": [13.8314197, 66.1497372]}, "properties": {"name": "Bjerka", "operator": "Bane NOR", "railway": "station"}}, {"type": "Feature", "geometry": {"type": "Point", "coordinates": [11.0995624, 61.4232503]}, "properties": {"name": "Evenstad", "railway": "halt"}}, {"type": "Feature", "geometry": {"type": "Point", "coordinates": [5.733783, 58.8474949]}, "properties": {"name": "Skeiane", "railway": "station"}}, {"type": "Feature", "geometry": {"type": "Point", "coordinates": [6.840287, 60.6938826]}, "properties": {"name": "Mj\u00f8lfjell", "railway": "station"}}, {"type": "Feature", "geometry": {"type": "Point", "coordinates": [9.9982696, 59.969149]}, "properties": {"name": "Vikersund", "railway": "station"}}, {"type": "Feature", "geometry": {"type": "Point", "coordinates": [5.6463368, 58.618218]}, "properties": {"name": "Varhaug", "railway": "station"}}, {"type": "Feature", "geometry": {"type": "Point", "coordinates": [5.7172555, 58.8234188]}, "properties": {"name": "Ganddal", "railway": "station"}}, {"type": "Feature", "geometry": {"type": "Point", "coordinates": [7.1018238, 60.7716712]}, "properties": {"name": "Blomheller", "railway": "halt"}}, {"type": "Feature", "geometry": {"type": "Point", "coordinates": [5.7288647, 58.914057]}, "properties": {"name": "J\u00e5tt\u00e5v\u00e5gen", "railway": "halt"}}, {"type": "Feature", "geometry": {"type": "Point", "coordinates": [9.2570115, 61.9845352]}, "properties": {"name": "Dovre", "railway": "station"}}, {"type": "Feature", "geometry": {"type": "Point", "coordinates": [6.7307596, 60.6781971]}, "properties": {"name": "Reimegrend", "railway": "station"}}, {"type": "Feature", "geometry": {"type": "Point", "coordinates": [6.9009794, 60.7087958]}, "properties": {"name": "Ljosanbotn", "operator": "Bane NOR", "railway": "halt", "uic_ref": "7600443"}}, {"type": "Feature", "geometry": {"type": "Point", "coordinates": [12.3374451, 64.4583243]}, "properties": {"name": "Grong", "operator": "Bane NOR", "railway": "station"}}, {"type": "Feature", "geometry": {"type": "Point", "coordinates": [10.8062184, 59.7729875]}, "properties": {"name": "Greverud", "railway": "halt"}}, {"type": "Feature", "geometry": {"type": "Point", "coordinates": [9.4730746, 60.4322693]}, "properties": {"name": "Fl\u00e5", "railway": "station"}}, {"type": "Feature", "geometry": {"type": "Point", "coordinates": [8.6307293, 58.6574728]}, "properties": {"name": "Nelaug", "railway": "station"}}, {"type": "Feature", "geometry": {"type": "Point", "coordinates": [10.1658523, 61.4725915]}, "properties": {"name": "Kvitfjell", "railway": "halt"}}, {"type": "Feature", "geometry": {"type": "Point", "coordinates": [5.807304, 58.502654]}, "properties": {"name": "Sirev\u00e5g", "railway": "halt"}}, {"type": "Feature", "geometry": {"type": "Point", "coordinates": [12.7148665, 64.6962655]}, "properties": {"name": "Lassemoen", "operator": "Bane NOR", "railway": "station"}}, {"type": "Feature", "geometry": {"type": "Point", "coordinates": [5.6875586, 58.5703429]}, "properties": {"name": "Vigrestad", "railway": "station"}}, {"type": "Feature", "geometry": {"type": "Point", "coordinates": [11.4949951, 64.0124297]}, "properties": {"name": "Steinkjer", "operator": "Bane NOR", "railway": "station"}}, {"type": "Feature", "geometry": {"type": "Point", "coordinates": [7.1296501, 60.7438068]}, "properties": {"name": "Vatnahalsen", "railway": "halt"}}, {"type": "Feature", "geometry": {"type": "Point", "coordinates": [10.8004843, 59.7860145]}, "properties": {"name": "Myrvoll", "railway": "halt"}}, {"type": "Feature", "geometry": {"type": "Point", "coordinates": [10.9460631, 59.6657321]}, "properties": {"name": "Skotbu", "railway": "halt"}}, {"type": "Feature", "geometry": {"type": "Point", "coordinates": [10.7970435, 59.834725]}, "properties": {"name": "Holmlia", "railway": "halt"}}, {"type": "Feature", "geometry": {"type": "Point", "coordinates": [8.6807236, 58.6361993]}, "properties": {"name": "Flaten", "railway": "halt"}}, {"type": "Feature", "geometry": {"type": "Point", "coordinates": [10.2984901, 63.1989405]}, "properties": {"name": "Ler", "railway": "station"}}, {"type": "Feature", "geometry": {"type": "Point", "coordinates": [11.5465831, 60.8828217]}, "properties": {"name": "Elverum", "railway": "station"}}, {"type": "Feature", "geometry": {"type": "Point", "coordinates": [10.2849847, 63.0515667]}, "properties": {"name": "St\u00f8ren", "railway": "station"}}, {"type": "Feature", "geometry": {"type": "Point", "coordinates": [5.6243052, 60.4290078]}, "properties": {"name": "Trengereid", "operator": "Bane NOR", "railway": "station"}}, {"type": "Feature", "geometry": {"type": "Point", "coordinates": [11.3149767, 62.8465152]}, "properties": {"name": "\u00c5len", "railway": "halt"}}, {"type": "Feature", "geometry": {"type": "Point", "coordinates": [15.1921193, 67.2994616]}, "properties": {"name": "Valnesfjord", "operator": "Bane NOR", "railway": "halt"}}, {"type": "Feature", "geometry": {"type": "Point", "coordinates": [10.9979838, 62.4085448]}, "properties": {"name": "Tolga", "railway": "station"}}, {"type": "Feature", "geometry": {"type": "Point", "coordinates": [10.2304396, 63.0988424]}, "properties": {"name": "Hovin", "railway": "station"}}, {"type": "Feature", "geometry": {"type": "Point", "coordinates": [10.4613069, 61.1147456]}, "properties": {"name": "Lillehammer", "railway": "station"}}, {"type": "Feature", "geometry": {"type": "Point", "coordinates": [10.7940796, 63.4115884]}, "properties": {"name": "Hommelvik", "railway": "station"}}, {"type": "Feature", "geometry": {"type": "Point", "coordinates": [10.4386163, 61.2233355]}, "properties": {"name": "Hunderfossen", "railway": "halt"}}, {"type": "Feature", "geometry": {"type": "Point", "coordinates": [7.367471, 58.3188255]}, "properties": {"name": "Audnedal", "railway": "station"}}, {"type": "Feature", "geometry": {"type": "Point", "coordinates": [10.7851336, 62.0301008]}, "properties": {"name": "Bellingmo", "railway": "halt"}}, {"type": "Feature", "geometry": {"type": "Point", "coordinates": [5.9578541, 60.637952]}, "properties": {"name": "Bolstad\u00f8yri", "railway": "station"}}, {"type": "Feature", "geometry": {"type": "Point", "coordinates": [15.3989998, 67.2640513]}, "properties": {"name": "Fauske / Fuossko", "operator": "Bane NOR", "railway": "station"}}, {"type": "Feature", "geometry": {"type": "Point", "coordinates": [7.6907793, 62.5673891]}, "properties": {"name": "\u00c5ndalsnes", "railway": "station"}}, {"type": "Feature", "geometry": {"type": "Point", "coordinates": [14.7464662, 67.3012554]}, "properties": {"name": "Tverlandet", "operator": "Bane NOR", "railway": "halt"}}, {"type": "Feature", "geometry": {"type": "Point", "coordinates": [11.1410435, 59.9229324]}, "properties": {"name": "Nerdrum", "operator": "Bane NOR", "railway": "halt"}}, {"type": "Feature", "geometry": {"type": "Point", "coordinates": [5.465872, 60.4200615]}, "properties": {"name": "Arna", "railway": "station"}}, {"type": "Feature", "geometry": {"type": "Point", "coordinates": [9.2571305, 59.5570203]}, "properties": {"name": "Notodden", "railway": "halt"}}, {"type": "Feature", "geometry": {"type": "Point", "coordinates": [10.3107247, 59.4901464]}, "properties": {"name": "Holmestrand", "railway": "station"}}, {"type": "Feature", "geometry": {"type": "Point", "coordinates": [10.4221207, 61.1394742]}, "properties": {"name": "Hove", "railway": "stop"}}, {"type": "Feature", "geometry": {"type": "Point", "coordinates": [8.7262891, 58.6911515]}, "properties": {"name": "Sel\u00e5svatn", "railway": "stop"}}, {"type": "Feature", "geometry": {"type": "Point", "coordinates": [8.7261983, 58.6912076]}, "properties": {"name": "Sel\u00e5svatn", "railway": "stop"}}, {"type": "Feature", "geometry": {"type": "Point", "coordinates": [9.4260307, 62.1762187]}, "properties": {"name": "V\u00e5l\u00e5sj\u00f8", "railway": "stop"}}, {"type": "Feature", "geometry": {"type": "Point", "coordinates": [18.0708665, 68.4320663]}, "properties": {"name": "Bj\u00f8rnfjell", "operator": "Bane NOR", "railway": "stop"}}, {"type": "Feature", "geometry": {"type": "Point", "coordinates": [18.0709085, 68.4321129]}, "properties": {"name": "Bj\u00f8rnfjell", "operator": "Bane NOR", "railway": "stop"}}, {"type": "Feature", "geometry": {"type": "Point", "coordinates": [18.0722305, 68.4319842]}, "properties": {"name": "Bj\u00f8rnfjell", "operator": "Bane NOR", "railway": "stop"}}, {"type": "Feature", "geometry": {"type": "Point", "coordinates": [7.5122204, 58.21282]}, "properties": {"name": "Marnardal", "railway": "stop"}}, {"type": "Feature", "geometry": {"type": "Point", "coordinates": [7.7195947, 58.1995706]}, "properties": {"name": "Breland", "railway": "stop"}}, {"type": "Feature", "geometry": {"type": "Point", "coordinates": [5.6872232, 58.5702749]}, "properties": {"name": "Vigrestad", "railway": "stop", "uic_ref": "7600348"}}, {"type": "Feature", "geometry": {"type": "Point", "coordinates": [5.7331014, 58.9662259]}, "properties": {"name": "Stavanger", "railway": "stop"}}, {"type": "Feature", "geometry": {"type": "Point", "coordinates": [5.7329122, 58.9661902]}, "properties": {"name": "Stavanger", "railway": "stop"}}, {"type": "Feature", "geometry": {"type": "Point", "coordinates": [5.7325985, 58.9661286]}, "properties": {"name": "Stavanger", "railway": "stop"}}, {"type": "Feature", "geometry": {"type": "Point", "coordinates": [5.7325179, 58.9661158]}, "properties": {"name": "Stavanger", "railway": "stop"}}, {"type": "Feature", "geometry": {"type": "Point", "coordinates": [5.646563, 58.6182229]}, "properties": {"name": "Varhaug", "railway": "stop", "uic_ref": "7600349"}}, {"type": "Feature", "geometry": {"type": "Point", "coordinates": [5.7336885, 58.8475173]}, "properties": {"name": "Skeiane", "railway": "stop"}}, {"type": "Feature", "geometry": {"type": "Point", "coordinates": [6.3635556, 58.4736325]}, "properties": {"name": "Heskestad", "railway": "stop"}}, {"type": "Feature", "geometry": {"type": "Point", "coordinates": [6.8375415, 58.3841472]}, "properties": {"name": "Gyland", "railway": "stop"}}, {"type": "Feature", "geometry": {"type": "Point", "coordinates": [7.8349914, 58.1572226]}, "properties": {"name": "Nodeland", "railway": "stop"}}, {"type": "Feature", "geometry": {"type": "Point", "coordinates": [7.2111149, 58.3315167]}, "properties": {"name": "Snartemo", "railway": "stop", "uic_ref": "7600125"}}, {"type": "Feature", "geometry": {"type": "Point", "coordinates": [6.1549924, 58.5336119]}, "properties": {"name": "Helleland", "railway": "stop"}}, {"type": "Feature", "geometry": {"type": "Point", "coordinates": [7.3672624, 58.318931]}, "properties": {"name": "Audnedal", "railway": "stop", "uic_ref": "7600341"}}, {"type": "Feature", "geometry": {"type": "Point", "coordinates": [6.0023805, 58.461351]}, "properties": {"name": "Egersund", "railway": "stop"}}, {"type": "Feature", "geometry": {"type": "Point", "coordinates": [7.7195828, 58.1996255]}, "properties": {"name": "Breland", "railway": "stop"}}, {"type": "Feature", "geometry": {"type": "Point", "coordinates": [5.7328295, 58.9661758]}, "properties": {"name": "Stavanger", "railway": "stop"}}, {"type": "Feature", "geometry": {"type": "Point", "coordinates": [6.3432723, 58.5286871]}, "properties": {"name": "Ualand", "railway": "stop"}}, {"type": "Feature", "geometry": {"type": "Point", "coordinates": [6.7367222, 58.4094655]}, "properties": {"name": "Bj\u00f8rkevoll", "railway": "stop"}}, {"type": "Feature", "geometry": {"type": "Point", "coordinates": [6.3636655, 58.4736406]}, "properties": {"name": "Heskestad", "railway": "stop"}}, {"type": "Feature", "geometry": {"type": "Point", "coordinates": [6.1549851, 58.5336761]}, "properties": {"name": "Helleland", "railway": "stop"}}, {"type": "Feature", "geometry": {"type": "Point", "coordinates": [7.8350876, 58.1572438]}, "properties": {"name": "Nodeland", "railway": "stop"}}, {"type": "Feature", "geometry": {"type": "Point", "coordinates": [8.3520998, 58.535887]}, "properties": {"name": "Herefoss", "railway": "stop"}}, {"type": "Feature", "geometry": {"type": "Point", "coordinates": [8.3521559, 58.5358529]}, "properties": {"name": "Herefoss", "railway": "stop"}}, {"type": "Feature", "geometry": {"type": "Point", "coordinates": [8.1111999, 58.444101]}, "properties": {"name": "Oggevatn", "railway": "stop"}}, {"type": "Feature", "geometry": {"type": "Point", "coordinates": [7.9516715, 58.1625607]}, "properties": {"name": "Dalane", "railway": "stop"}}, {"type": "Feature", "geometry": {"type": "Point", "coordinates": [7.9517546, 58.1625777]}, "properties": {"name": "Dalane", "railway": "stop"}}, {"type": "Feature", "geometry": {"type": "Point", "coordinates": [7.9518696, 58.1625979]}, "properties": {"name": "Dalane", "railway": "stop"}}, {"type": "Feature", "geometry": {"type": "Point", "coordinates": [9.0209354, 58.7883529]}, "properties": {"name": "Skorst\u00f8l", "railway": "stop"}}, {"type": "Feature", "geometry": {"type": "Point", "coordinates": [7.9387258, 58.1795283]}, "properties": {"name": "Langemyr", "railway": "stop"}}, {"type": "Feature", "geometry": {"type": "Point", "coordinates": [7.9801005, 58.2951179]}, "properties": {"name": "Grovane", "railway": "stop"}}, {"type": "Feature", "geometry": {"type": "Point", "coordinates": [7.9802202, 58.2951126]}, "properties": {"name": "Grovane", "railway": "stop"}}, {"type": "Feature", "geometry": {"type": "Point", "coordinates": [7.9881519, 58.1457738]}, "properties": {"name": "Kristiansand", "railway": "stop"}}, {"type": "Feature", "geometry": {"type": "Point", "coordinates": [8.6300008, 58.657466]}, "properties": {"name": "Nelaug", "railway": "stop", "ref": "4"}}, {"type": "Feature", "geometry": {"type": "Point", "coordinates": [8.6301859, 58.6575964]}, "properties": {"name": "Nelaug", "railway": "stop"}}, {"type": "Feature", "geometry": {"type": "Point", "coordinates": [8.1112535, 58.4440546]}, "properties": {"name": "Oggevatn", "railway": "stop"}}, {"type": "Feature", "geometry": {"type": "Point", "coordinates": [8.234189, 58.5227367]}, "properties": {"name": "Fidjetun", "railway": "stop"}}, {"type": "Feature", "geometry": {"type": "Point", "coordinates": [9.0208669, 58.7883735]}, "properties": {"name": "Skorst\u00f8l", "railway": "stop"}}, {"type": "Feature", "geometry": {"type": "Point", "coordinates": [7.9388242, 58.1795452]}, "properties": {"name": "Langemyr", "railway": "stop"}}, {"type": "Feature", "geometry": {"type": "Point", "coordinates": [7.9803044, 58.2951065]}, "properties": {"name": "Grovane", "railway": "stop"}}, {"type": "Feature", "geometry": {"type": "Point", "coordinates": [7.9881556, 58.1457327]}, "properties": {"name": "Kristiansand", "railway": "stop"}}, {"type": "Feature", "geometry": {"type": "Point", "coordinates": [8.6301346, 58.657557]}, "properties": {"name": "Nelaug", "railway": "stop", "ref": "2"}}, {"type": "Feature", "geometry": {"type": "Point", "coordinates": [8.523549, 58.6286395]}, "properties": {"name": "Helldalsmo", "railway": "stop"}}, {"type": "Feature", "geometry": {"type": "Point", "coordinates": [7.9678148, 58.2530329]}, "properties": {"name": "Vennesla", "railway": "stop"}}, {"type": "Feature", "geometry": {"type": "Point", "coordinates": [9.4734999, 60.4321721]}, "properties": {"name": "Fl\u00e5", "railway": "stop"}}, {"type": "Feature", "geometry": {"type": "Point", "coordinates": [9.113304, 60.576856]}, "properties": {"name": "Nesbyen", "railway": "stop", "ref": "06163130"}}, {"type": "Feature", "geometry": {"type": "Point", "coordinates": [7.3836831, 60.6321093]}, "properties": {"name": "Fagernut", "railway": "stop"}}, {"type": "Feature", "geometry": {"type": "Point", "coordinates": [9.2482594, 60.4761389]}, "properties": {"name": "Bergheim", "railway": "stop"}}, {"type": "Feature", "geometry": {"type": "Point", "coordinates": [9.2482897, 60.4761763]}, "properties": {"name": "Bergheim", "railway": "stop"}}, {"type": "Feature", "geometry": {"type": "Point", "coordinates": [6.7307715, 60.6780948]}, "properties": {"name": "Reimegrend", "railway": "stop"}}, {"type": "Feature", "geometry": {"type": "Point", "coordinates": [6.2838839, 60.6307359]}, "properties": {"name": "Bulken", "railway": "stop", "uic_ref": "7600363"}}, {"type": "Feature", "geometry": {"type": "Point", "coordinates": [7.5040281, 60.6019387]}, "properties": {"name": "Finse", "railway": "stop"}}, {"type": "Feature", "geometry": {"type": "Point", "coordinates": [8.9714232, 60.6990137]}, "properties": {"name": "Gol", "railway": "stop", "ref": "06173150"}}, {"type": "Feature", "geometry": {"type": "Point", "coordinates": [8.7160876, 60.6597134]}, "properties": {"name": "Torpo", "railway": "stop"}}, {"type": "Feature", "geometry": {"type": "Point", "coordinates": [9.6057549, 60.3830904]}, "properties": {"name": "Gulsvik", "railway": "stop"}}, {"type": "Feature", "geometry": {"type": "Point", "coordinates": [7.2523412, 60.6680585]}, "properties": {"name": "Hallingskeid", "railway": "stop"}}, {"type": "Feature", "geometry": {"type": "Point", "coordinates": [7.6920216, 60.5515175]}, "properties": {"name": "Tunga", "railway": "stop"}}, {"type": "Feature", "geometry": {"type": "Point", "coordinates": [7.692007, 60.5514462]}, "properties": {"name": "Tunga", "railway": "stop"}}, {"type": "Feature", "geometry": {"type": "Point", "coordinates": [10.0925758, 60.2066193]}, "properties": {"name": "Veme", "railway": "stop"}}, {"type": "Feature", "geometry": {"type": "Point", "coordinates": [9.6833584, 60.3029906]}, "properties": {"name": "Trolldalen", "railway": "stop"}}, {"type": "Feature", "geometry": {"type": "Point", "coordinates": [7.383722, 60.6321415]}, "properties": {"name": "Fagernut", "railway": "stop"}}, {"type": "Feature", "geometry": {"type": "Point", "coordinates": [6.9794968, 60.709274]}, "properties": {"name": "Vieren", "operator": "Bane NOR", "railway": "stop"}}, {"type": "Feature", "geometry": {"type": "Point", "coordinates": [9.605797, 60.3831356]}, "properties": {"name": "Gulsvik", "railway": "stop"}}, {"type": "Feature", "geometry": {"type": "Point", "coordinates": [8.7161071, 60.6596727]}, "properties": {"name": "Torpo", "railway": "stop"}}, {"type": "Feature", "geometry": {"type": "Point", "coordinates": [6.9413926, 60.7033294]}, "properties": {"name": "\u00d8rneberget", "operator": "Bane NOR", "railway": "stop", "ref": "1"}}, {"type": "Feature", "geometry": {"type": "Point", "coordinates": [8.3669048, 60.5758661]}, "properties": {"name": "Hol", "railway": "stop"}}, {"type": "Feature", "geometry": {"type": "Point", "coordinates": [10.8988271, 63.4462244]}, "properties": {"name": "Hell", "railway": "stop"}}, {"type": "Feature", "geometry": {"type": "Point", "coordinates": [14.8689102, 67.2994919]}, "properties": {"name": "Oter\u00e5ga", "operator": "Bane NOR", "railway": "stop", "ref": "2"}}, {"type": "Feature", "geometry": {"type": "Point", "coordinates": [11.3008413, 63.7447097]}, "properties": {"name": "Levanger", "operator": "Bane NOR", "railway": "stop"}}, {"type": "Feature", "geometry": {"type": "Point", "coordinates": [13.1988811, 65.8455739]}, "properties": {"name": "Mosj\u00f8en", "operator": "Bane NOR", "railway": "stop", "ref": "2"}}, {"type": "Feature", "geometry": {"type": "Point", "coordinates": [10.6235399, 63.4388056]}, "properties": {"name": "Vikhammer", "railway": "stop"}}, {"type": "Feature", "geometry": {"type": "Point", "coordinates": [14.391662, 67.2865049]}, "properties": {"name": "Bod\u00f8 - B\u00e5d\u00e5ddjo", "operator": "Bane NOR", "railway": "stop"}}, {"type": "Feature", "geometry": {"type": "Point", "coordinates": [14.1328091, 66.3100876]}, "properties": {"name": "Mo i Rana / M\u00e5efie", "operator": "Bane NOR", "railway": "stop", "ref": "1"}}, {"type": "Feature", "geometry": {"type": "Point", "coordinates": [13.3677241, 65.1647122]}, "properties": {"name": "Majavatn / Maajehjaevrie", "operator": "Bane NOR", "railway": "stop", "ref": "1"}}, {"type": "Feature", "geometry": {"type": "Point", "coordinates": [13.3830149, 65.5374875]}, "properties": {"name": "Trofors", "operator": "Bane NOR", "railway": "stop"}}, {"type": "Feature", "geometry": {"type": "Point", "coordinates": [17.7909272, 68.403638]}, "properties": {"name": "Rombak", "operator": "Bane NOR", "railway": "stop"}}, {"type": "Feature", "geometry": {"type": "Point", "coordinates": [17.7908918, 68.4035961]}, "properties": {"name": "Rombak", "operator": "Bane NOR", "railway": "stop"}}, {"type": "Feature", "geometry": {"type": "Point", "coordinates": [12.3369169, 64.4584052]}, "properties": {"name": "Grong", "operator": "Bane NOR", "railway": "stop"}}, {"type": "Feature", "geometry": {"type": "Point", "coordinates": [10.9132679, 63.4700807]}, "properties": {"name": "Stj\u00f8rdal", "operator": "Bane NOR", "railway": "stop"}}, {"type": "Feature", "geometry": {"type": "Point", "coordinates": [15.2387184, 66.4937197]}, "properties": {"name": "Bolna", "railway": "stop"}}, {"type": "Feature", "geometry": {"type": "Point", "coordinates": [12.7151908, 64.6963021]}, "properties": {"name": "Lassemoen", "operator": "Bane NOR", "railway": "stop", "ref": "1"}}, {"type": "Feature", "geometry": {"type": "Point", "coordinates": [11.6180152, 63.4437072]}, "properties": {"name": "Gud\u00e5", "railway": "stop"}}, {"type": "Feature", "geometry": {"type": "Point", "coordinates": [10.8256455, 63.5085969]}, "properties": {"name": "Skatval", "operator": "Bane NOR", "railway": "stop", "ref": "2"}}, {"type": "Feature", "geometry": {"type": "Point", "coordinates": [13.8317804, 66.1497737]}, "properties": {"name": "Bjerka", "operator": "Bane NOR", "railway": "stop"}}, {"type": "Feature", "geometry": {"type": "Point", "coordinates": [10.7318325, 63.4319508]}, "properties": {"name": "Midtsandan", "railway": "stop"}}, {"type": "Feature", "geometry": {"type": "Point", "coordinates": [10.7303021, 63.4317598]}, "properties": {"name": "Midtsandan", "railway": "stop"}}, {"type": "Feature", "geometry": {"type": "Point", "coordinates": [13.1519796, 64.9258122]}, "properties": {"name": "Namsskogan", "operator": "Bane NOR", "railway": "stop", "ref": "1"}}, {"type": "Feature", "geometry": {"type": "Point", "coordinates": [11.1943287, 63.7049313]}, "properties": {"name": "Skogn", "operator": "Bane NOR", "railway": "stop", "ref": "2"}}, {"type": "Feature", "geometry": {"type": "Point", "coordinates": [14.3449348, 66.3618985]}, "properties": {"name": "Skonseng", "operator": "Bane NOR", "railway": "stop"}}, {"type": "Feature", "geometry": {"type": "Point", "coordinates": [10.7934838, 63.4116098]}, "properties": {"name": "Hommelvik", "railway": "stop"}}, {"type": "Feature", "geometry": {"type": "Point", "coordinates": [11.4840657, 63.7914334]}, "properties": {"name": "Verdal", "operator": "Bane NOR", "railway": "stop", "ref": "2"}}, {"type": "Feature", "geometry": {"type": "Point", "coordinates": [12.494148, 64.568814]}, "properties": {"name": "Harran", "operator": "Bane NOR", "railway": "stop"}}, {"type": "Feature", "geometry": {"type": "Point", "coordinates": [13.2419828, 65.7024245]}, "properties": {"name": "Eiterstraum", "railway": "stop"}}, {"type": "Feature", "geometry": {"type": "Point", "coordinates": [13.2418753, 65.7024104]}, "properties": {"name": "Eiterstraum", "railway": "stop"}}, {"type": "Feature", "geometry": {"type": "Point", "coordinates": [14.8700579, 67.2993527]}, "properties": {"name": "Oter\u00e5ga", "operator": "Bane NOR", "railway": "stop", "ref": "1"}}, {"type": "Feature", "geometry": {"type": "Point", "coordinates": [11.471373, 63.7711885]}, "properties": {"name": "Bergsgrav", "operator": "Bane NOR", "railway": "station"}}, {"type": "Feature", "geometry": {"type": "Point", "coordinates": [10.8339097, 63.4349138]}, "properties": {"name": "Muruvik", "railway": "stop"}}, {"type": "Feature", "geometry": {"type": "Point", "coordinates": [14.5586715, 67.2840092]}, "properties": {"name": "M\u00f8rkved", "operator": "Bane NOR", "railway": "stop"}}, {"type": "Feature", "geometry": {"type": "Point", "coordinates": [10.3827856, 63.4186977]}, "properties": {"name": "Marienborg", "operator": "BaneNOR", "railway": "stop"}}, {"type": "Feature", "geometry": {"type": "Point", "coordinates": [10.4068261, 61.2636155]}, "properties": {"name": "\u00d8yer", "railway": "stop"}}, {"type": "Feature", "geometry": {"type": "Point", "coordinates": [10.2892716, 63.2624219]}, "properties": {"name": "S\u00f8berg", "railway": "stop"}}, {"type": "Feature", "geometry": {"type": "Point", "coordinates": [10.3980089, 63.4366485]}, "properties": {"name": "Trondheim", "operator": "Bane NOR", "railway": "stop"}}, {"type": "Feature", "geometry": {"type": "Point", "coordinates": [10.3981258, 63.4363558]}, "properties": {"name": "Trondheim", "operator": "Bane NOR", "railway": "stop"}}, {"type": "Feature", "geometry": {"type": "Point", "coordinates": [10.3981103, 63.4363996]}, "properties": {"name": "Trondheim", "operator": "Bane NOR", "railway": "stop"}}, {"type": "Feature", "geometry": {"type": "Point", "coordinates": [10.398054, 63.436545]}, "properties": {"name": "Trondheim", "operator": "Bane NOR", "railway": "stop"}}, {"type": "Feature", "geometry": {"type": "Point", "coordinates": [10.0146255, 62.8230509]}, "properties": {"name": "Berk\u00e5k", "railway": "stop"}}, {"type": "Feature", "geometry": {"type": "Point", "coordinates": [11.1402051, 60.7466334]}, "properties": {"name": "Ottestad", "railway": "stop"}}, {"type": "Feature", "geometry": {"type": "Point", "coordinates": [10.3370149, 63.3166042]}, "properties": {"name": "Nypan", "railway": "stop"}}, {"type": "Feature", "geometry": {"type": "Point", "coordinates": [10.9854946, 60.8285968]}, "properties": {"name": "Jessnes", "railway": "stop"}}, {"type": "Feature", "geometry": {"type": "Point", "coordinates": [10.5599669, 61.007646]}, "properties": {"name": "Br\u00f8ttum", "railway": "stop"}}, {"type": "Feature", "geometry": {"type": "Point", "coordinates": [9.5416273, 61.6824042]}, "properties": {"name": "Sjoa", "railway": "stop"}}, {"type": "Feature", "geometry": {"type": "Point", "coordinates": [10.4859768, 61.0362492]}, "properties": {"name": "Bergseng", "railway": "stop"}}, {"type": "Feature", "geometry": {"type": "Point", "coordinates": [9.5372727, 61.7722894]}, "properties": {"name": "Otta", "railway": "stop"}}, {"type": "Feature", "geometry": {"type": "Point", "coordinates": [9.276436, 62.1189034]}, "properties": {"name": "Fokstua", "railway": "stop"}}, {"type": "Feature", "geometry": {"type": "Point", "coordinates": [9.7013998, 61.6647287]}, "properties": {"name": "Kvam", "railway": "stop", "ref": "05169408"}}, {"type": "Feature", "geometry": {"type": "Point", "coordinates": [10.4220048, 61.139448]}, "properties": {"name": "Hove", "railway": "stop"}}, {"type": "Feature", "geometry": {"type": "Point", "coordinates": [10.2730992, 63.289486]}, "properties": {"name": "Melhus", "railway": "stop"}}, {"type": "Feature", "geometry": {"type": "Point", "coordinates": [10.2729691, 63.2894935]}, "properties": {"name": "Melhus", "railway": "stop"}}, {"type": "Feature", "geometry": {"type": "Point", "coordinates": [9.6056771, 62.3071477]}, "properties": {"name": "Kongsvoll", "railway": "stop"}}, {"type": "Feature", "geometry": {"type": "Point", "coordinates": [10.1850718, 61.449008]}, "properties": {"name": "F\u00e5vang", "railway": "stop"}}, {"type": "Feature", "geometry": {"type": "Point", "coordinates": [10.3578396, 63.3508824]}, "properties": {"name": "Heimdal", "railway": "stop"}}, {"type": "Feature", "geometry": {"type": "Point", "coordinates": [9.9681549, 61.5472537]}, "properties": {"name": "Hundorp", "railway": "stop"}}, {"type": "Feature", "geometry": {"type": "Point", "coordinates": [9.9681785, 61.5472339]}, "properties": {"name": "Hundorp", "railway": "stop"}}, {"type": "Feature", "geometry": {"type": "Point", "coordinates": [10.2852476, 63.0514384]}, "properties": {"name": "St\u00f8ren", "operator": "Bane NOR", "railway": "stop"}}, {"type": "Feature", "geometry": {"type": "Point", "coordinates": [9.4381611, 61.8353919]}, "properties": {"name": "Sel", "railway": "stop"}}, {"type": "Feature", "geometry": {"type": "Point", "coordinates": [9.6942886, 62.5929516]}, "properties": {"name": "Oppdal", "railway": "stop"}}, {"type": "Feature", "geometry": {"type": "Point", "coordinates": [10.4069002, 61.2636387]}, "properties": {"name": "\u00d8yer", "railway": "stop"}}, {"type": "Feature", "geometry": {"type": "Point", "coordinates": [9.8827992, 62.6529451]}, "properties": {"name": "Fagerhaug", "railway": "stop"}}, {"type": "Feature", "geometry": {"type": "Point", "coordinates": [11.1402683, 60.7466819]}, "properties": {"name": "Ottestad", "railway": "stop"}}, {"type": "Feature", "geometry": {"type": "Point", "coordinates": [10.8172427, 60.9157223]}, "properties": {"name": "Rudsh\u00f8gda", "railway": "stop"}}, {"type": "Feature", "geometry": {"type": "Point", "coordinates": [10.3369133, 63.3165883]}, "properties": {"name": "Nypan", "railway": "stop"}}, {"type": "Feature", "geometry": {"type": "Point", "coordinates": [10.98554, 60.8286353]}, "properties": {"name": "Jessnes", "railway": "stop"}}, {"type": "Feature", "geometry": {"type": "Point", "coordinates": [10.4860323, 61.0362811]}, "properties": {"name": "Bergseng", "railway": "stop"}}, {"type": "Feature", "geometry": {"type": "Point", "coordinates": [9.2763373, 62.1189288]}, "properties": {"name": "Fokstua", "railway": "stop"}}, {"type": "Feature", "geometry": {"type": "Point", "coordinates": [10.3575943, 63.3508998]}, "properties": {"name": "Heimdal", "railway": "stop"}}, {"type": "Feature", "geometry": {"type": "Point", "coordinates": [10.2259346, 61.3849404]}, "properties": {"name": "Losna", "railway": "stop"}}, {"type": "Feature", "geometry": {"type": "Point", "coordinates": [9.6251581, 62.4244097]}, "properties": {"name": "Drivstua", "railway": "stop"}}, {"type": "Feature", "geometry": {"type": "Point", "coordinates": [9.4381461, 61.8353628]}, "properties": {"name": "Sel", "railway": "stop"}}, {"type": "Feature", "geometry": {"type": "Point", "coordinates": [9.9849082, 62.7492477]}, "properties": {"name": "Ulsberg", "railway": "stop"}}, {"type": "Feature", "geometry": {"type": "Point", "coordinates": [10.801122, 59.8107255]}, "properties": {"name": "Kolbotn", "railway": "station"}}, {"type": "Feature", "geometry": {"type": "Point", "coordinates": [11.3426147, 60.8187988]}, "properties": {"name": "L\u00f8ten", "railway": "stop"}}, {"type": "Feature", "geometry": {"type": "Point", "coordinates": [11.5462134, 60.8829649]}, "properties": {"name": "Elverum", "railway": "stop"}}, {"type": "Feature", "geometry": {"type": "Point", "coordinates": [11.0446779, 61.5726032]}, "properties": {"name": "Koppang", "railway": "stop"}}, {"type": "Feature", "geometry": {"type": "Point", "coordinates": [10.9981956, 62.4087946]}, "properties": {"name": "Tolga", "railway": "stop"}}, {"type": "Feature", "geometry": {"type": "Point", "coordinates": [11.1442204, 62.9284444]}, "properties": {"name": "Haltdalen", "railway": "stop"}}, {"type": "Feature", "geometry": {"type": "Point", "coordinates": [11.3789874, 62.5745197]}, "properties": {"name": "R\u00f8ros", "railway": "stop"}}, {"type": "Feature", "geometry": {"type": "Point", "coordinates": [10.9789765, 62.960645]}, "properties": {"name": "Langlete", "railway": "stop"}}, {"type": "Feature", "geometry": {"type": "Point", "coordinates": [11.6424189, 60.2090614]}, "properties": {"name": "Disen\u00e5", "railway": "stop"}}, {"type": "Feature", "geometry": {"type": "Point", "coordinates": [12.1245098, 60.0274193]}, "properties": {"name": "Matrand", "railway": "stop"}}, {"type": "Feature", "geometry": {"type": "Point", "coordinates": [11.0093772, 59.2589917]}, "properties": {"name": "Rolvs\u00f8y", "railway": "stop"}}, {"type": "Feature", "geometry": {"type": "Point", "coordinates": [10.9066333, 59.2692877]}, "properties": {"name": "Ons\u00f8y", "railway": "stop"}}, {"type": "Feature", "geometry": {"type": "Point", "coordinates": [11.4831329, 59.0589658]}, "properties": {"name": "Aspedammen", "railway": "stop"}}, {"type": "Feature", "geometry": {"type": "Point", "coordinates": [10.9785996, 59.234124]}, "properties": {"name": "Lisleby", "railway": "stop"}}, {"type": "Feature", "geometry": {"type": "Point", "coordinates": [11.0903405, 59.2764179]}, "properties": {"name": "Sandesund", "railway": "stop"}}, {"type": "Feature", "geometry": {"type": "Point", "coordinates": [10.8156614, 59.3536122]}, "properties": {"name": "Haug", "railway": "stop"}}, {"type": "Feature", "geometry": {"type": "Point", "coordinates": [11.1895779, 59.2106747]}, "properties": {"name": "Skjeberg", "railway": "stop"}}, {"type": "Feature", "geometry": {"type": "Point", "coordinates": [11.2395597, 59.1586661]}, "properties": {"name": "Ingedal", "railway": "stop"}}, {"type": "Feature", "geometry": {"type": "Point", "coordinates": [11.219565, 59.3002912]}, "properties": {"name": "Ise", "railway": "stop"}}, {"type": "Feature", "geometry": {"type": "Point", "coordinates": [9.6951639, 59.6223384]}, "properties": {"name": "Skollenborg", "railway": "stop"}}, {"type": "Feature", "geometry": {"type": "Point", "coordinates": [9.6980522, 59.0664222]}, "properties": {"name": "Grenlandsterminalen", "railway": "stop"}}, {"type": "Feature", "geometry": {"type": "Point", "coordinates": [10.7710551, 60.1464722]}, "properties": {"name": "Jensrud", "railway": "stop"}}, {"type": "Feature", "geometry": {"type": "Point", "coordinates": [10.2485892, 60.1691311]}, "properties": {"name": "H\u00f8nefoss", "operator": "Bane NOR", "railway": "stop", "ref": "5"}}, {"type": "Feature", "geometry": {"type": "Point", "coordinates": [9.9981138, 59.9693127]}, "properties": {"name": "Vikersund", "railway": "stop"}}, {"type": "Feature", "geometry": {"type": "Point", "coordinates": [9.8959537, 59.8461599]}, "properties": {"name": "Skotselv", "railway": "stop"}}, {"type": "Feature", "geometry": {"type": "Point", "coordinates": [10.1064471, 60.0840755]}, "properties": {"name": "Tyristrand", "railway": "stop"}}, {"type": "Feature", "geometry": {"type": "Point", "coordinates": [9.7798975, 60.127576]}, "properties": {"name": "Kr\u00f8deren", "railway": "stop"}}, {"type": "Feature", "geometry": {"type": "Point", "coordinates": [9.8352152, 60.0890917]}, "properties": {"name": "Kl\u00f8ftefoss", "railway": "stop"}}, {"type": "Feature", "geometry": {"type": "Point", "coordinates": [9.8352793, 60.0891208]}, "properties": {"name": "Kl\u00f8ftefoss", "railway": "stop"}}, {"type": "Feature", "geometry": {"type": "Point", "coordinates": [9.9164432, 59.994049]}, "properties": {"name": "Sysle", "railway": "stop"}}, {"type": "Feature", "geometry": {"type": "Point", "coordinates": [9.9164528, 59.9940034]}, "properties": {"name": "Sysle", "railway": "stop"}}, {"type": "Feature", "geometry": {"type": "Point", "coordinates": [8.8112702, 59.929437]}, "properties": {"name": "M\u00e6l", "railway": "station"}}, {"type": "Feature", "geometry": {"type": "Point", "coordinates": [8.6835551, 59.8851301]}, "properties": {"name": "\u00d8verland", "railway": "halt"}}, {"type": "Feature", "geometry": {"type": "Point", "coordinates": [8.8010984, 59.9256108]}, "properties": {"name": "Busl\u00e5tten", "railway": "halt"}}, {"type": "Feature", "geometry": {"type": "Point", "coordinates": [7.8335317, 62.4474862]}, "properties": {"name": "Marstein", "railway": "stop"}}, {"type": "Feature", "geometry": {"type": "Point", "coordinates": [15.3130558, 66.9813797]}, "properties": {"name": "R\u00f8kland / R\u00e6vkka", "operator": "Bane NOR", "railway": "station"}}, {"type": "Feature", "geometry": {"type": "Point", "coordinates": [10.8909032, 59.6833949]}, "properties": {"name": "Kr\u00e5kstad", "railway": "station"}}, {"type": "Feature", "geometry": {"type": "Point", "coordinates": [7.987168, 58.14564]}, "properties": {"name": "Kristiansand", "operator": "Bane NOR", "railway": "station"}}, {"type": "Feature", "geometry": {"type": "Point", "coordinates": [7.8705212, 60.5112865]}, "properties": {"name": "Haugast\u00f8l", "railway": "station"}}, {"type": "Feature", "geometry": {"type": "Point", "coordinates": [10.8644754, 60.0582746]}, "properties": {"name": "Nittedal", "railway": "station"}}, {"type": "Feature", "geometry": {"type": "Point", "coordinates": [10.6135011, 60.7222414]}, "properties": {"name": "Raufoss", "railway": "station"}}, {"type": "Feature", "geometry": {"type": "Point", "coordinates": [10.6164542, 60.6789834]}, "properties": {"name": "Reinsvoll", "railway": "halt"}}, {"type": "Feature", "geometry": {"type": "Point", "coordinates": [10.5547312, 59.8972154]}, "properties": {"name": "Blommenholm", "operator": "Bane NOR", "railway": "halt"}}, {"type": "Feature", "geometry": {"type": "Point", "coordinates": [11.1031812, 60.022807]}, "properties": {"name": "Frogner", "operator": "Bane NOR", "railway": "station", "ref": "02260060"}}, {"type": "Feature", "geometry": {"type": "Point", "coordinates": [11.2620807, 59.5668864]}, "properties": {"name": "Slitu", "railway": "halt"}}, {"type": "Feature", "geometry": {"type": "Point", "coordinates": [10.7830301, 59.9660621]}, "properties": {"name": "Kjels\u00e5s", "network": "Gj\u00f8vikbanen", "railway": "station"}}, {"type": "Feature", "geometry": {"type": "Point", "coordinates": [5.7322159, 58.9665765]}, "properties": {"name": "Stavanger", "railway": "station"}}, {"type": "Feature", "geometry": {"type": "Point", "coordinates": [10.8132693, 59.7651684]}, "properties": {"name": "Oppeg\u00e5rd", "railway": "station"}}, {"type": "Feature", "geometry": {"type": "Point", "coordinates": [10.8294457, 60.1173418]}, "properties": {"name": "Hakadal", "railway": "station"}}, {"type": "Feature", "geometry": {"type": "Point", "coordinates": [9.0233347, 58.8698595]}, "properties": {"name": "Gjerstad", "railway": "station"}}, {"type": "Feature", "geometry": {"type": "Point", "coordinates": [10.6989536, 60.9296203]}, "properties": {"name": "Moelv", "railway": "station"}}, {"type": "Feature", "geometry": {"type": "Point", "coordinates": [11.339398, 59.4271248]}, "properties": {"name": "Rakkestad", "railway": "station"}}, {"type": "Feature", "geometry": {"type": "Point", "coordinates": [9.3226987, 59.4180062]}, "properties": {"name": "Nordagutu", "operator": "Bane NOR", "railway": "station"}}, {"type": "Feature", "geometry": {"type": "Point", "coordinates": [9.0641311, 59.0961078]}, "properties": {"name": "Drangedal", "railway": "station", "ref": "08179100", "uic_ref": "7600326"}}, {"type": "Feature", "geometry": {"type": "Point", "coordinates": [12.0035962, 60.1875079]}, "properties": {"name": "Kongsvinger", "operator": "Bane NOR", "railway": "station"}}, {"type": "Feature", "geometry": {"type": "Point", "coordinates": [10.5004591, 60.4686476]}, "properties": {"name": "Bleiken", "railway": "halt"}}, {"type": "Feature", "geometry": {"type": "Point", "coordinates": [11.6804033, 60.2538602]}, "properties": {"name": "Skarnes", "operator": "Bane NOR", "railway": "station"}}, {"type": "Feature", "geometry": {"type": "Point", "coordinates": [11.3833541, 59.1199744]}, "properties": {"name": "Halden", "railway": "station", "ref": "01015460"}}, {"type": "Feature", "geometry": {"type": "Point", "coordinates": [11.0793391, 59.6207942]}, "properties": {"name": "Spydeberg", "railway": "station"}}, {"type": "Feature", "geometry": {"type": "Point", "coordinates": [10.5974936, 60.6303188]}, "properties": {"name": "Eina", "railway": "station"}}, {"type": "Feature", "geometry": {"type": "Point", "coordinates": [9.1128628, 60.5769153]}, "properties": {"name": "Nesbyen", "railway": "station"}}, {"type": "Feature", "geometry": {"type": "Point", "coordinates": [10.6945413, 60.7970075]}, "properties": {"name": "Gj\u00f8vik", "railway": "station"}}, {"type": "Feature", "geometry": {"type": "Point", "coordinates": [10.836611, 59.7496731]}, "properties": {"name": "Langhus", "network": "Ruter", "railway": "station"}}, {"type": "Feature", "geometry": {"type": "Point", "coordinates": [9.1561657, 58.9715169]}, "properties": {"name": "Neslandsvatn", "railway": "station"}}, {"type": "Feature", "geometry": {"type": "Point", "coordinates": [11.2408356, 59.9858268]}, "properties": {"name": "S\u00f8rumsand", "operator": "Bane NOR", "railway": "station"}}, {"type": "Feature", "geometry": {"type": "Point", "coordinates": [10.7944912, 59.6630433]}, "properties": {"name": "\u00c5s", "railway": "station"}}, {"type": "Feature", "geometry": {"type": "Point", "coordinates": [9.101159, 59.2988478]}, "properties": {"name": "Lunde", "railway": "station", "ref": "08199140", "uic_ref": "7600319"}}, {"type": "Feature", "geometry": {"type": "Point", "coordinates": [7.9676253, 58.2531752]}, "properties": {"name": "Vennesla", "railway": "station"}}, {"type": "Feature", "geometry": {"type": "Point", "coordinates": [10.8627588, 60.0854639]}, "properties": {"name": "\u00c5neby", "railway": "station"}}, {"type": "Feature", "geometry": {"type": "Point", "coordinates": [9.7999147, 59.7014181]}, "properties": {"name": "Darbu", "operator": "Bane NOR", "railway": "station"}}, {"type": "Feature", "geometry": {"type": "Point", "coordinates": [11.3037863, 59.5135508]}, "properties": {"name": "Eidsberg", "railway": "halt"}}, {"type": "Feature", "geometry": {"type": "Point", "coordinates": [9.0695411, 59.4093247]}, "properties": {"name": "B\u00f8", "railway": "station", "ref": "08219170", "uic_ref": "7600318"}}, {"type": "Feature", "geometry": {"type": "Point", "coordinates": [10.7804364, 59.9418161]}, "properties": {"name": "Grefsen", "railway": "station"}}, {"type": "Feature", "geometry": {"type": "Point", "coordinates": [11.1956584, 60.1846114]}, "properties": {"name": "Hauerseter", "operator": "Bane NOR", "railway": "station"}}, {"type": "Feature", "geometry": {"type": "Point", "coordinates": [10.7483518, 59.6035181]}, "properties": {"name": "Vestby", "railway": "station"}}, {"type": "Feature", "geometry": {"type": "Point", "coordinates": [10.7849921, 59.8527804]}, "properties": {"name": "Ljan", "railway": "halt"}}, {"type": "Feature", "geometry": {"type": "Point", "coordinates": [10.6649485, 60.2590571]}, "properties": {"name": "Grua", "railway": "station"}}, {"type": "Feature", "geometry": {"type": "Point", "coordinates": [11.1623481, 59.9270625]}, "properties": {"name": "Fetsund", "operator": "Bane NOR", "railway": "station"}}, {"type": "Feature", "geometry": {"type": "Point", "coordinates": [9.6585971, 59.1400961]}, "properties": {"name": "Porsgrunn", "railway": "station"}}, {"type": "Feature", "geometry": {"type": "Point", "coordinates": [11.2028575, 60.2489165]}, "properties": {"name": "Dal", "operator": "Bane NOR", "railway": "station"}}, {"type": "Feature", "geometry": {"type": "Point", "coordinates": [11.4648744, 60.1236367]}, "properties": {"name": "\u00c5rnes", "operator": "Bane NOR", "railway": "station"}}, {"type": "Feature", "geometry": {"type": "Point", "coordinates": [10.5845332, 60.3048253]}, "properties": {"name": "Lunner", "railway": "halt"}}, {"type": "Feature", "geometry": {"type": "Point", "coordinates": [10.0108436, 59.7508637]}, "properties": {"name": "Mj\u00f8ndalen", "railway": "station"}}, {"type": "Feature", "geometry": {"type": "Point", "coordinates": [10.6209335, 60.2834922]}, "properties": {"name": "Roa", "railway": "station"}}, {"type": "Feature", "geometry": {"type": "Point", "coordinates": [8.6234844, 58.4686056]}, "properties": {"name": "Rise", "railway": "halt"}}, {"type": "Feature", "geometry": {"type": "Point", "coordinates": [10.6573418, 59.431954]}, "properties": {"name": "Moss", "railway": "station", "ref": "01045160"}}, {"type": "Feature", "geometry": {"type": "Point", "coordinates": [10.5698937, 60.3588491]}, "properties": {"name": "Gran", "railway": "station"}}, {"type": "Feature", "geometry": {"type": "Point", "coordinates": [10.5557772, 60.3929443]}, "properties": {"name": "Jaren", "railway": "station"}}, {"type": "Feature", "geometry": {"type": "Point", "coordinates": [9.96144, 59.7595237]}, "properties": {"name": "Steinberg", "operator": "Bane NOR", "railway": "station"}}, {"type": "Feature", "geometry": {"type": "Point", "coordinates": [7.2115856, 58.331673]}, "properties": {"name": "Snartemo", "railway": "station"}}, {"type": "Feature", "geometry": {"type": "Point", "coordinates": [11.0026279, 59.6598277]}, "properties": {"name": "Tomter", "railway": "station"}}, {"type": "Feature", "geometry": {"type": "Point", "coordinates": [6.9581544, 58.3795631]}, "properties": {"name": "Storekvina", "railway": "halt"}}, {"type": "Feature", "geometry": {"type": "Point", "coordinates": [11.3240316, 59.5537833]}, "properties": {"name": "Mysen", "railway": "station"}}, {"type": "Feature", "geometry": {"type": "Point", "coordinates": [10.8654182, 59.3474237]}, "properties": {"name": "R\u00e5de", "railway": "station"}}, {"type": "Feature", "geometry": {"type": "Point", "coordinates": [9.8673454, 59.7343521]}, "properties": {"name": "Vestfossen", "operator": "Bane NOR", "railway": "station"}}, {"type": "Feature", "geometry": {"type": "Point", "coordinates": [10.7293363, 62.95622]}, "properties": {"name": "Sings\u00e5s", "railway": "station"}}, {"type": "Feature", "geometry": {"type": "Point", "coordinates": [11.163087, 59.5817506]}, "properties": {"name": "Askim", "railway": "station"}}, {"type": "Feature", "geometry": {"type": "Point", "coordinates": [6.4101148, 60.6291046]}, "properties": {"name": "Voss", "railway": "station"}}, {"type": "Feature", "geometry": {"type": "Point", "coordinates": [7.9857063, 58.1456083]}, "properties": {"name": "Kristiansand", "railway": "stop"}}, {"type": "Feature", "geometry": {"type": "Point", "coordinates": [7.9861499, 58.1455381]}, "properties": {"name": "Kristiansand", "railway": "stop"}}, {"type": "Feature", "geometry": {"type": "Point", "coordinates": [10.4616225, 63.4376214]}, "properties": {"name": "Leangen", "operator": "Bane NOR", "railway": "stop", "ref": "2"}}, {"type": "Feature", "geometry": {"type": "Point", "coordinates": [10.4614852, 63.4375184]}, "properties": {"name": "Leangen", "operator": "Bane NOR", "railway": "stop", "ref": "1"}}, {"type": "Feature", "geometry": {"type": "Point", "coordinates": [10.8163512, 60.6740423]}, "properties": {"name": "Lena stasjon", "operator": "NSB", "railway": "stop"}}, {"type": "Feature", "geometry": {"type": "Point", "coordinates": [10.833652, 59.718814]}, "properties": {"name": "Ski", "operator": "Bane NOR", "railway": "stop", "ref": "1"}}, {"type": "Feature", "geometry": {"type": "Point", "coordinates": [10.8339532, 59.7188416]}, "properties": {"name": "Ski", "operator": "Bane NOR", "railway": "stop", "ref": "2"}}, {"type": "Feature", "geometry": {"type": "Point", "coordinates": [10.8340424, 59.7188498]}, "properties": {"name": "Ski", "operator": "Bane NOR", "railway": "stop", "ref": "3"}}, {"type": "Feature", "geometry": {"type": "Point", "coordinates": [10.8343281, 59.718876]}, "properties": {"name": "Ski", "operator": "Bane NOR", "railway": "stop", "ref": "4"}}, {"type": "Feature", "geometry": {"type": "Point", "coordinates": [7.1240141, 60.8123095]}, "properties": {"name": "Dalsbotn haldeplass", "railway": "halt"}}, {"type": "Feature", "geometry": {"type": "Point", "coordinates": [10.5564398, 60.3928741]}, "properties": {"name": "Jaren", "railway": "stop", "ref": "3"}}, {"type": "Feature", "geometry": {"type": "Point", "coordinates": [10.2982423, 63.198952]}, "properties": {"name": "Ler", "railway": "stop"}}, {"type": "Feature", "geometry": {"type": "Point", "coordinates": [10.2983683, 63.1989471]}, "properties": {"name": "Ler", "railway": "stop"}}, {"type": "Feature", "geometry": {"type": "Point", "coordinates": [10.3710667, 60.6794611]}, "properties": {"name": "Fall stasjon", "railway": "station"}}, {"type": "Feature", "geometry": {"type": "Point", "coordinates": [7.1391149, 60.7439177]}, "properties": {"name": "Reinunga haldeplass", "railway": "halt"}}, {"type": "Feature", "geometry": {"type": "Point", "coordinates": [11.327766, 60.0293282]}, "properties": {"name": "R\u00e5n\u00e5foss", "operator": "Bane NOR", "railway": "station"}}, {"type": "Feature", "geometry": {"type": "Point", "coordinates": [10.4234695, 60.2921611]}, "properties": {"name": "Gunstad stasjon", "railway": "halt"}}, {"type": "Feature", "geometry": {"type": "Point", "coordinates": [11.2438353, 59.9864374]}, "properties": {"railway": "stop"}}, {"type": "Feature", "geometry": {"type": "Point", "coordinates": [11.2438539, 59.9864045]}, "properties": {"railway": "stop"}}, {"type": "Feature", "geometry": {"type": "Point", "coordinates": [11.2718388, 59.9904537]}, "properties": {"railway": "stop"}}, {"type": "Feature", "geometry": {"type": "Point", "coordinates": [11.2718793, 59.9904295]}, "properties": {"railway": "stop"}}, {"type": "Feature", "geometry": {"type": "Point", "coordinates": [11.2826086, 59.9874072]}, "properties": {"name": "Fossum", "railway": "stop"}}, {"type": "Feature", "geometry": {"type": "Point", "coordinates": [11.2826651, 59.9874108]}, "properties": {"name": "Fossum", "railway": "stop"}}, {"type": "Feature", "geometry": {"type": "Point", "coordinates": [10.801304, 59.8106462]}, "properties": {"operator": "Bane NOR", "railway": "stop"}}, {"type": "Feature", "geometry": {"type": "Point", "coordinates": [11.4649227, 60.1236113]}, "properties": {"name": "\u00c5rnes", "railway": "stop", "ref": "4"}}, {"type": "Feature", "geometry": {"type": "Point", "coordinates": [11.3012169, 60.0049623]}, "properties": {"name": "Blaker", "operator": "Bane NOR", "railway": "stop", "ref": "2"}}, {"type": "Feature", "geometry": {"type": "Point", "coordinates": [5.6252923, 60.4298937]}, "properties": {"name": "Trengereid", "operator": "Bane NOR", "railway": "stop", "ref": "2", "uic_ref": "7600368"}}, {"type": "Feature", "geometry": {"type": "Point", "coordinates": [5.4641868, 60.4195248]}, "properties": {"name": "Arna", "railway": "stop", "uic_ref": "7600073"}}, {"type": "Feature", "geometry": {"type": "Point", "coordinates": [7.6898825, 62.567239]}, "properties": {"name": "\u00c5ndalsnes", "railway": "stop", "ref": "1"}}, {"type": "Feature", "geometry": {"type": "Point", "coordinates": [8.2009731, 62.2585225]}, "properties": {"name": "Bjorli", "railway": "stop", "ref": "05128050"}}, {"type": "Feature", "geometry": {"type": "Point", "coordinates": [10.7562623, 59.9106292]}, "properties": {"name": "Lillestr\u00f8m", "railway": "stop", "ref": "231030001"}}, {"type": "Feature", "geometry": {"type": "Point", "coordinates": [11.0445703, 59.953605]}, "properties": {"name": "Lillestr\u00f8m", "railway": "stop", "ref": "231030001"}}, {"type": "Feature", "geometry": {"type": "Point", "coordinates": [10.2053773, 59.7400542]}, "properties": {"name": "Drammen", "operator": "Bane NOR", "railway": "stop", "ref": "602100004"}}, {"type": "Feature", "geometry": {"type": "Point", "coordinates": [10.2054342, 59.7400857]}, "properties": {"name": "Drammen", "operator": "Bane NOR", "railway": "stop", "ref": "602100003"}}, {"type": "Feature", "geometry": {"type": "Point", "coordinates": [10.2056113, 59.7401673]}, "properties": {"name": "Drammen", "operator": "Bane NOR", "railway": "stop", "ref": "602100002"}}, {"type": "Feature", "geometry": {"type": "Point", "coordinates": [10.2056852, 59.7401961]}, "properties": {"name": "Drammen", "operator": "Bane NOR", "railway": "stop", "ref": "602100001"}}, {"type": "Feature", "geometry": {"type": "Point", "coordinates": [17.7924236, 68.4034222]}, "properties": {"name": "Rombak - Ruoppat", "operator": "Bane NOR", "railway": "stop"}}, {"type": "Feature", "geometry": {"type": "Point", "coordinates": [14.1326883, 66.3094553]}, "properties": {"name": "Mo i Rana / M\u00e5efie", "operator": "Bane NOR", "railway": "stop", "ref": "3"}}, {"type": "Feature", "geometry": {"type": "Point", "coordinates": [14.1324463, 66.3114082]}, "properties": {"name": "Mo i Rana / M\u00e5efie", "operator": "Bane NOR", "railway": "stop", "ref": "14"}}, {"type": "Feature", "geometry": {"type": "Point", "coordinates": [11.4967605, 64.0110764]}, "properties": {"name": "Steinkjer", "operator": "Bane NOR", "railway": "stop", "ref": "6"}}, {"type": "Feature", "geometry": {"type": "Point", "coordinates": [11.4014554, 63.8577887]}, "properties": {"name": "R\u00f8ra", "operator": "Bane NOR", "railway": "stop"}}, {"type": "Feature", "geometry": {"type": "Point", "coordinates": [11.4709453, 63.7709487]}, "properties": {"name": "Bergsgrav", "operator": "Bane NOR", "railway": "stop", "ref": "1"}}, {"type": "Feature", "geometry": {"type": "Point", "coordinates": [10.8955254, 63.4460356]}, "properties": {"name": "Hell", "operator": "Bane NOR", "railway": "stop", "ref": "1"}}, {"type": "Feature", "geometry": {"type": "Point", "coordinates": [10.3373896, 63.3166941]}, "properties": {"name": "Nypan", "railway": "stop"}}, {"type": "Feature", "geometry": {"type": "Point", "coordinates": [10.3368381, 63.316576]}, "properties": {"name": "Nypan", "railway": "stop"}}]}