{"type": "FeatureCollection", "features": [{"type": "Feature", "geometry": {"type": "LineString", "coordinates": [[5.3798525, 60.383519], [5.3791581, 60.3832854], [5.3780239, 60.3829142], [5.3770298, 60.382601], [5.3760255, 60.3822958], [5.374776, 60.3819314], [5.3735914, 60.3816009], [5.3722342, 60.3812398], [5.3708617, 60.3808931], [5.3697201, 60.3806189], [5.3692249, 60.3805075], [5.368891, 60.3804376], [5.3685535, 60.380372], [5.3682124, 60.3803112], [5.3676075, 60.3802165], [5.3673456, 60.3801805], [5.3669055, 60.3801267], [5.3666398, 60.3800982], [5.3661943, 60.380057], [5.3655664, 60.3800125], [5.3649347, 60.3799836], [5.3643007, 60.3799704], [5.3636665, 60.3799728], [5.3633042, 60.3799814], [5.3630531, 60.3799908], [5.3629427, 60.3799949], [5.3625822, 60.3800136], [5.3622228, 60.3800373], [5.3615979, 60.3800912], [5.361155, 60.380139], [5.3608912, 60.3801715], [5.3602813, 60.3802581], [5.359937, 60.3803143], [5.3595961, 60.3803753], [5.3590084, 60.3804937], [5.3584335, 60.3806264], [5.3581111, 60.3807086], [5.3577938, 60.3807953], [5.3572508, 60.3809578], [5.3567248, 60.3811334], [5.3564324, 60.3812396], [5.3561463, 60.3813497], [5.3557293, 60.3815226], [5.3553924, 60.3816726], [5.3548667, 60.3819198], [5.3539401, 60.3823653]]}, "properties": {"electrified": "contact_line", "frequency": "16.67", "gauge": "1435", "maxspeed": "110", "name": "Bergensbanen", "railway": "rail", "tunnel": "yes", "usage": "main", "voltage": "15000", "length_km": 1.612, "maxspeed_kmh": 110.0}}, {"type": "Feature", "geometry": {"type": "LineString", "coordinates": [[5.3539401, 60.3823653], [5.3537933, 60.382436], [5.3534912, 60.382584]]}, "properties": {"electrified": "contact_line", "frequency": "16.67", "gauge": "1435", "maxspeed": "110", "name": "Bergensbanen", "operator": "Bane NOR", "railway": "rail", "usage": "main", "voltage": "15000", "length_km": 0.035, "maxspeed_kmh": 110.0}}, {"type": "Feature", "geometry": {"type": "LineString", "coordinates": [[10.1863049, 60.1858603], [10.1854471, 60.1859985], [10.184878, 60.1861186], [10.1845275, 60.186214], [10.1842482, 60.1863001], [10.1839166, 60.1864188], [10.1836661, 60.1865176], [10.1833958, 60.1866498], [10.1831705, 60.1867714], [10.1829502, 60.1869096], [10.1827346, 60.1870606], [10.1822288, 60.1874283], [10.1820191, 60.187567], [10.1817856, 60.1876986], [10.1814966, 60.1878466], [10.1810018, 60.1880481], [10.1807022, 60.1881454], [10.1803656, 60.1882429], [10.1800414, 60.1883181], [10.1796446, 60.1883977], [10.1793024, 60.1884553], [10.1790146, 60.188494], [10.1786712, 60.1885345], [10.1771456, 60.1887084], [10.1767235, 60.1887622], [10.1759943, 60.1888636], [10.1749346, 60.1890277], [10.1739132, 60.1892096], [10.1735, 60.1892889], [10.1725338, 60.1894914], [10.1722376, 60.18956], [10.1718545, 60.1896494], [10.1714266, 60.189756], [10.1711226, 60.1898401], [10.1707803, 60.1899497], [10.1704159, 60.1900833], [10.1701748, 60.1901844], [10.1699274, 60.1903019], [10.1695317, 60.190514], [10.1692227, 60.1907108], [10.1685983, 60.1911437], [10.1680996, 60.191515], [10.1676248, 60.1918916], [10.1673033, 60.1921666], [10.1668957, 60.1925314], [10.1666555, 60.192761], [10.1665702, 60.1928495], [10.1664138, 60.1930246], [10.1663146, 60.193151], [10.1661606, 60.1933729], [10.1661007, 60.1934818], [10.1659959, 60.1937049], [10.1659538, 60.1938114], [10.165851, 60.1942841], [10.1658341, 60.194396], [10.1658064, 60.194495], [10.1656691, 60.1948467], [10.1656017, 60.1949643], [10.1655232, 60.1950744], [10.1654366, 60.1951809], [10.1653277, 60.195295], [10.1652154, 60.1953988], [10.165078, 60.1955103], [10.164945, 60.1956051], [10.1646678, 60.1957746], [10.1645295, 60.1958475], [10.1643408, 60.1959385], [10.1641553, 60.1960162], [10.1639412, 60.1960984], [10.1637134, 60.1961743], [10.1634915, 60.1962408], [10.1629064, 60.1963973], [10.1596604, 60.1972264], [10.1572207, 60.197854], [10.156405, 60.1980579], [10.1563157, 60.1980791], [10.1559523, 60.1981621], [10.1555409, 60.1982507], [10.1548247, 60.1983903], [10.1542706, 60.1984855], [10.1539129, 60.1985428], [10.1531674, 60.1986463], [10.1525255, 60.1987206], [10.152289, 60.1987439], [10.1517954, 60.1987893], [10.1512939, 60.1988284], [10.1510959, 60.1988403], [10.1508511, 60.1988514], [10.1507275, 60.1988513]]}, "properties": {"electrified": "contact_line", "frequency": "16.67", "gauge": "1435", "maxspeed": "75", "name": "Bergensbanen", "operator": "Bane NOR", "passenger_lines": "1", "railway": "rail", "usage": "main", "voltage": "15000", "length_km": 2.607, "maxspeed_kmh": 75.0}}, {"type": "Feature", "geometry": {"type": "LineString", "coordinates": [[6.2098171, 60.6314846], [6.2095083, 60.6314861], [6.2091714, 60.6314969], [6.2087486, 60.6315266], [6.2085394, 60.6315477], [6.2080255, 60.6316184], [6.2075286, 60.6317143], [6.2069622, 60.631861], [6.2066064, 60.631977], [6.2062709, 60.6321067], [6.2060338, 60.6322126], [6.2057455, 60.6323647], [6.2055056, 60.6325087]]}, "properties": {"electrified": "contact_line", "frequency": "16.67", "gauge": "1435", "maxspeed": "85", "name": "Bergensbanen", "operator": "Bane NOR", "railway": "rail", "tunnel": "yes", "usage": "main", "voltage": "15000", "length_km": 0.273, "maxspeed_kmh": 85.0}}, {"type": "Feature", "geometry": {"type": "LineString", "coordinates": [[10.0513476, 60.2111302], [10.0460524, 60.2113695], [10.045146, 60.2114033], [10.0445689, 60.2114133], [10.0439201, 60.2114105], [10.0433033, 60.2113941], [10.0427258, 60.2113671], [10.0422862, 60.2113402], [10.0413558, 60.2112591], [10.0408202, 60.2111949], [10.0403153, 60.2111282], [10.0398649, 60.2110581], [10.0394228, 60.2109804], [10.0390173, 60.2109029], [10.0386386, 60.2108253], [10.0382388, 60.2107375], [10.0379095, 60.210659], [10.0377661, 60.2106226], [10.0375877, 60.2105773], [10.0372844, 60.2104954], [10.0369964, 60.2104121], [10.0364811, 60.2102526], [10.0361392, 60.2101394], [10.0357847, 60.2100146], [10.0354712, 60.2098984], [10.0335394, 60.209124], [10.0331889, 60.2089967], [10.0328563, 60.2088848], [10.0322739, 60.2087149], [10.0319253, 60.2086272], [10.0316202, 60.2085585], [10.031019, 60.2084409], [10.030686, 60.2083857], [10.0303116, 60.2083318], [10.029981, 60.208292], [10.0296393, 60.2082582], [10.0290781, 60.2082161], [10.028768, 60.2082006], [10.0284871, 60.2081908], [10.0281656, 60.2081854], [10.0277692, 60.2081853], [10.026483, 60.2082227], [10.0260577, 60.2082404], [10.0204318, 60.2084424], [10.012546, 60.2087217], [10.0113701, 60.2087615], [10.0108909, 60.208768], [10.0104764, 60.2087676], [10.0100716, 60.2087594], [10.009674, 60.2087445], [10.0090244, 60.2087058], [10.008458, 60.2086532], [10.0079909, 60.2086015], [10.0068299, 60.2084643], [10.0062688, 60.2084118], [10.005715, 60.2083761], [10.0053745, 60.2083629], [10.0050609, 60.2083565], [10.0046865, 60.2083574], [10.0043439, 60.2083649], [10.004059, 60.2083755], [10.0035378, 60.2084073], [10.003286, 60.2084277], [10.0028237, 60.2084756], [10.0023858, 60.2085286], [10.0013233, 60.208672], [10.0008373, 60.2087293], [10.0006036, 60.2087514], [10.0001086, 60.2087914], [9.9998472, 60.2088054], [9.9992764, 60.2088263], [9.9989799, 60.2088288], [9.9987057, 60.2088274], [9.9984113, 60.2088208], [9.99785, 60.2087996], [9.9898149, 60.2083019], [9.9888532, 60.2082507], [9.9881051, 60.2082243], [9.9876514, 60.2082146], [9.9871269, 60.2082089], [9.9862891, 60.2082141], [9.9855083, 60.2082353], [9.9848793, 60.2082661], [9.9845378, 60.2082855], [9.9845264, 60.2082861]]}, "properties": {"electrified": "contact_line", "frequency": "16.67", "gauge": "1435", "maxspeed": "110", "name": "Bergensbanen", "operator": "Bane NOR", "passenger_lines": "1", "railway": "rail", "usage": "main", "voltage": "15000", "length_km": 3.816, "maxspeed_kmh": 110.0}}, {"type": "Feature", "geometry": {"type": "LineString", "coordinates": [[9.9160295, 60.244393], [9.9159015, 60.2444274], [9.9154231, 60.2445709], [9.9151636, 60.2446597], [9.9148969, 60.2447596], [9.9145424, 60.2449054], [9.9142351, 60.2450464], [9.9138104, 60.2452659], [9.9136448, 60.2453643], [9.9133206, 60.2455677], [9.9129994, 60.2457862], [9.9123355, 60.2462511], [9.9119711, 60.2464895], [9.9116369, 60.2466902], [9.9111916, 60.2469292], [9.9107204, 60.2471551], [9.9103841, 60.2473013], [9.9101168, 60.2474062], [9.9096676, 60.2475708], [9.9095087, 60.2476258], [9.9091067, 60.247754]]}, "properties": {"electrified": "contact_line", "frequency": "16.67", "gauge": "1435", "maxspeed": "100", "name": "Bergensbanen", "operator": "Bane NOR", "passenger_lines": "1", "railway": "rail", "usage": "main", "voltage": "15000", "length_km": 0.541, "maxspeed_kmh": 100.0}}, {"type": "Feature", "geometry": {"type": "LineString", "coordinates": [[9.7739616, 60.272754], [9.773757, 60.2728906], [9.7732142, 60.2732397], [9.772443, 60.2737527], [9.7717114, 60.2742241], [9.7714748, 60.2743877], [9.7710338, 60.2746719], [9.7707763, 60.2748455], [9.7702283, 60.2751973], [9.7696558, 60.275546], [9.7694057, 60.275685], [9.7687142, 60.2760567], [9.768178, 60.276311], [9.7678798, 60.2764428], [9.767259, 60.2767051], [9.7664586, 60.2770325], [9.7655528, 60.2774369], [9.7649446, 60.2777333], [9.7644774, 60.277973], [9.7638321, 60.2783226], [9.7630466, 60.2787681], [9.7624039, 60.2791243], [9.7617679, 60.2794645], [9.7610742, 60.2798195], [9.7599709, 60.2803509], [9.7588202, 60.2808776], [9.7561653, 60.2820813], [9.755638, 60.2823268], [9.753516, 60.2832863], [9.7517726, 60.2840814], [9.7512395, 60.2843157], [9.7507593, 60.2845195], [9.7502916, 60.2847079], [9.7498078, 60.284894], [9.7482253, 60.2854714]]}, "properties": {"electrified": "contact_line", "frequency": "16.67", "gauge": "1435", "maxspeed": "130", "name": "Bergensbanen", "operator": "Bane NOR", "passenger_lines": "1", "railway": "rail", "usage": "main", "voltage": "15000", "length_km": 2.017, "maxspeed_kmh": 130.0}}, {"type": "Feature", "geometry": {"type": "LineString", "coordinates": [[9.7404846, 60.2891528], [9.7403081, 60.2891575], [9.7397657, 60.2891562], [9.7373773, 60.2891084]]}, "properties": {"electrified": "contact_line", "frequency": "16.67", "gauge": "1435", "maxspeed": "70", "name": "Bergensbanen", "operator": "Bane NOR", "passenger_lines": "1", "railway": "rail", "tunnel": "yes", "usage": "main", "voltage": "15000", "length_km": 0.172, "maxspeed_kmh": 70.0}}, {"type": "Feature", "geometry": {"type": "LineString", "coordinates": [[9.6502648, 60.3429948], [9.6500675, 60.3432476], [9.6499281, 60.3433991], [9.649772, 60.3435471], [9.6496136, 60.3436819], [9.6493337, 60.3438864], [9.6490381, 60.3440723], [9.648829, 60.3441872], [9.6486132, 60.3442944], [9.6483555, 60.34441], [9.6479684, 60.344562], [9.6477255, 60.3446451], [9.6474975, 60.3447159], [9.6472475, 60.3447876], [9.6468802, 60.3448791], [9.6456756, 60.345149], [9.6455291, 60.3451862], [9.6452053, 60.3452782], [9.644894, 60.3453858], [9.6447957, 60.3454243], [9.644541, 60.3455321], [9.6444057, 60.3455977], [9.6441336, 60.3457449], [9.6440125, 60.3458232], [9.6437891, 60.3459808], [9.6436127, 60.3461329], [9.6435351, 60.3462095], [9.643342, 60.3464433], [9.6432731, 60.346553], [9.643185, 60.3467324], [9.6431485, 60.346832], [9.6431249, 60.3469285], [9.6430975, 60.3471599], [9.6431023, 60.3472652], [9.6431329, 60.3474442], [9.6431936, 60.347624], [9.6432472, 60.3477378], [9.6433102, 60.3478447], [9.6434209, 60.3480031], [9.6435034, 60.348096], [9.6436028, 60.3481962], [9.6436883, 60.3482748], [9.6438998, 60.3484434], [9.6441426, 60.3486028], [9.6442876, 60.3486857], [9.6444346, 60.3487614], [9.6447479, 60.3489057], [9.6454219, 60.3491868], [9.6457062, 60.3493175], [9.6458276, 60.3493787], [9.6460355, 60.3494958], [9.6463155, 60.3496782], [9.6464381, 60.3497687], [9.6466666, 60.3499596], [9.6467712, 60.3500611], [9.6468671, 60.3501665], [9.6469936, 60.3503232], [9.6470769, 60.3504465], [9.6471462, 60.3505679], [9.6472038, 60.3506949], [9.6472802, 60.3509505], [9.6473028, 60.3510647], [9.6473081, 60.3511763], [9.6473027, 60.3513805], [9.6472456, 60.3516452], [9.6471443, 60.3519012], [9.6469892, 60.352156], [9.6467746, 60.3524509], [9.646613, 60.352718], [9.6465132, 60.3529739], [9.6464674, 60.3531907], [9.6464561, 60.3533027], [9.6464595, 60.3534291], [9.6464731, 60.3535568], [9.6465245, 60.3537658], [9.6465602, 60.3538684], [9.6466093, 60.3539773], [9.64674, 60.3542048], [9.6469834, 60.354572], [9.6470249, 60.3546405]]}, "properties": {"electrified": "contact_line", "frequency": "16.67", "gauge": "1435", "maxspeed": "75", "name": "Bergensbanen", "operator": "Bane NOR", "passenger_lines": "1", "railway": "rail", "usage": "main", "voltage": "15000", "length_km": 1.562, "maxspeed_kmh": 75.0}}, {"type": "Feature", "geometry": {"type": "LineString", "coordinates": [[9.5582919, 60.3979113], [9.5575288, 60.3981655], [9.5567467, 60.39841], [9.5559643, 60.3986312], [9.5557228, 60.3986963], [9.5551926, 60.3988303], [9.5549092, 60.3988992], [9.554379, 60.3990208], [9.5538552, 60.399132], [9.5533109, 60.3992391], [9.5526887, 60.3993511], [9.5518855, 60.3994799], [9.5509141, 60.3996127], [9.5503756, 60.3996766], [9.5500586, 60.3997098], [9.549259, 60.3997864], [9.5483611, 60.3998528], [9.5479938, 60.3998743], [9.5473442, 60.3999055], [9.5466332, 60.3999281], [9.5459792, 60.3999323], [9.5456424, 60.3999264], [9.5452841, 60.3999108], [9.5449052, 60.3998875], [9.5446582, 60.3998688]]}, "properties": {"electrified": "contact_line", "frequency": "16.67", "gauge": "1435", "maxspeed": "95", "name": "Bergensbanen", "operator": "Bane NOR", "passenger_lines": "1", "railway": "rail", "usage": "main", "voltage": "15000", "length_km": 0.8, "maxspeed_kmh": 95.0}}, {"type": "Feature", "geometry": {"type": "LineString", "coordinates": [[9.4980615, 60.4203109], [9.4976585, 60.4205541], [9.4972426, 60.4207918], [9.4967893, 60.4210378], [9.4965461, 60.4211645], [9.4959939, 60.4214406], [9.4946356, 60.4220946], [9.4941456, 60.4223412], [9.4936235, 60.4226179], [9.4933488, 60.4227689], [9.4929144, 60.4230204], [9.4925048, 60.4232696], [9.4919668, 60.423613], [9.4870271, 60.4268669], [9.4867139, 60.4270673], [9.4864681, 60.4272233], [9.4862063, 60.4273761], [9.4859505, 60.4275113], [9.4856629, 60.42765], [9.485378, 60.4277737], [9.4851255, 60.4278745], [9.4848903, 60.4279625], [9.4846294, 60.4280518], [9.484181, 60.4281887], [9.4839348, 60.428256], [9.4835605, 60.428348], [9.4830202, 60.4284617], [9.482631, 60.428529], [9.4820129, 60.4286174], [9.4815346, 60.4286782]]}, "properties": {"electrified": "contact_line", "frequency": "16.67", "gauge": "1435", "maxspeed": "100", "name": "Bergensbanen", "operator": "Bane NOR", "passenger_lines": "1", "railway": "rail", "usage": "main", "voltage": "15000", "length_km": 1.326, "maxspeed_kmh": 100.0}}, {"type": "Feature", "geometry": {"type": "LineString", "coordinates": [[9.3871864, 60.4306696], [9.3866469, 60.4308044], [9.38639, 60.430865], [9.3861695, 60.4309116], [9.3857302, 60.4309962], [9.3853154, 60.4310651], [9.384907, 60.431122], [9.3846389, 60.4311529], [9.3841502, 60.4311994], [9.3838696, 60.4312202], [9.3833715, 60.4312457], [9.3829596, 60.4312566], [9.3827211, 60.4312579], [9.3824624, 60.4312567], [9.3819923, 60.4312449], [9.3813211, 60.43121], [9.3766596, 60.4309391]]}, "properties": {"electrified": "contact_line", "frequency": "16.67", "gauge": "1435", "maxspeed": "90", "name": "Bergensbanen", "operator": "Bane NOR", "passenger_lines": "1", "railway": "rail", "usage": "main", "voltage": "15000", "length_km": 0.594, "maxspeed_kmh": 90.0}}, {"type": "Feature", "geometry": {"type": "LineString", "coordinates": [[9.2751034, 60.4556349], [9.2747609, 60.4557867], [9.2744578, 60.4559106], [9.2742757, 60.4559765], [9.2739044, 60.4560996], [9.2735395, 60.456207], [9.2729696, 60.4563583], [9.270794, 60.4569225], [9.2705287, 60.456994], [9.2699956, 60.4571468], [9.2693293, 60.457356], [9.2688771, 60.4575106], [9.2684048, 60.4576818], [9.2679731, 60.4578479], [9.2675334, 60.4580302], [9.2668975, 60.4583136], [9.2664132, 60.4585386], [9.2658218, 60.458825], [9.265526, 60.458978], [9.2652493, 60.4591365]]}, "properties": {"electrified": "contact_line", "frequency": "16.67", "gauge": "1435", "maxspeed": "85", "name": "Bergensbanen", "operator": "Bane NOR", "passenger_lines": "1", "railway": "rail", "usage": "main", "voltage": "15000", "length_km": 0.673, "maxspeed_kmh": 85.0}}, {"type": "Feature", "geometry": {"type": "LineString", "coordinates": [[9.2082424, 60.4906337], [9.2078763, 60.4906334], [9.2074885, 60.4906474], [9.2071598, 60.490666], [9.2059928, 60.4907684], [9.2054728, 60.4908197], [9.2049905, 60.4908634], [9.2045212, 60.4908944], [9.2040472, 60.4909121], [9.2038212, 60.4909143], [9.2035546, 60.4909124], [9.2033278, 60.4909057], [9.203078, 60.4908965], [9.2028399, 60.4908827], [9.2024024, 60.490848], [9.2019624, 60.4907957], [9.2015387, 60.4907331], [9.2011636, 60.4906669], [9.2007927, 60.4905877], [9.2003909, 60.4904922], [9.1989698, 60.490126], [9.1986923, 60.4900532], [9.1980511, 60.4898922], [9.1976602, 60.4898049], [9.1973328, 60.4897462], [9.1970024, 60.4897006], [9.1968247, 60.4896821], [9.1966294, 60.4896648], [9.1964428, 60.4896533], [9.1962504, 60.489646], [9.1960612, 60.4896406], [9.1957024, 60.489644], [9.1955208, 60.4896508], [9.1951305, 60.4896779], [9.1949448, 60.4896973], [9.1945709, 60.4897485], [9.194185, 60.48982], [9.1938617, 60.4898952], [9.193581, 60.489975], [9.193441, 60.4900207], [9.1931196, 60.4901393], [9.1928371, 60.4902595], [9.1924456, 60.4904531], [9.1917192, 60.49084], [9.1914245, 60.4909913], [9.1910024, 60.4911925], [9.190694, 60.4913276], [9.1902359, 60.4915111], [9.1897709, 60.4916816], [9.1894087, 60.4918011], [9.1890488, 60.4919135], [9.1886976, 60.4920145], [9.1883244, 60.492115], [9.187776, 60.492247], [9.1874511, 60.492319], [9.1871389, 60.4923819], [9.1868322, 60.492438], [9.1864542, 60.4925018], [9.1857492, 60.4926057], [9.1852178, 60.4926697], [9.184734, 60.4927165], [9.1842983, 60.4927502], [9.1834877, 60.4927991], [9.1829036, 60.4928451], [9.1826968, 60.4928678], [9.1821803, 60.4929404]]}, "properties": {"electrified": "contact_line", "frequency": "16.67", "gauge": "1435", "maxspeed": "75", "name": "Bergensbanen", "operator": "Bane NOR", "passenger_lines": "1", "railway": "rail", "usage": "main", "voltage": "15000", "length_km": 1.574, "maxspeed_kmh": 75.0}}, {"type": "Feature", "geometry": {"type": "LineString", "coordinates": [[9.0903362, 60.5977952], [9.0901918, 60.5980719], [9.090037, 60.5983599], [9.089849, 60.5986638], [9.0897607, 60.5987945], [9.0895524, 60.5990681], [9.089212, 60.5994585], [9.0889674, 60.5997039], [9.0885818, 60.6000505], [9.0882181, 60.600339], [9.0878291, 60.6006221], [9.0874645, 60.6008651], [9.086948, 60.6011811], [9.0865002, 60.6014336], [9.0861891, 60.6015978], [9.0859017, 60.6017422], [9.085433, 60.6019624], [9.0848451, 60.6022168], [9.0844713, 60.6023686], [9.0838939, 60.6025833], [9.0835551, 60.6027025], [9.0830128, 60.6028792], [9.0826003, 60.6030042], [9.0820353, 60.6031662], [9.080723, 60.6035213], [9.0803496, 60.6036279], [9.079968, 60.6037416], [9.0796089, 60.6038559], [9.0792502, 60.6039802], [9.078926, 60.6041024], [9.0786089, 60.6042307], [9.0781205, 60.6044495], [9.0777249, 60.6046472], [9.0774604, 60.6047912], [9.0771823, 60.6049556], [9.0769062, 60.6051308], [9.0765777, 60.6053633], [9.0762778, 60.6055969], [9.0760944, 60.605755], [9.0758754, 60.6059575], [9.0756095, 60.6062162], [9.075345, 60.6064857], [9.0749418, 60.6069246], [9.0745249, 60.6074119], [9.0741558, 60.6078827], [9.0737976, 60.6083818], [9.0735359, 60.6087792], [9.0732571, 60.6092442], [9.0730576, 60.6096078], [9.072821, 60.6100854], [9.0726291, 60.610518], [9.0724685, 60.610924], [9.0723315, 60.6113167], [9.0722546, 60.6115679], [9.0721601, 60.6119178], [9.0718177, 60.6133967], [9.0717055, 60.613853], [9.0716096, 60.6141842], [9.0714478, 60.6146313], [9.0713311, 60.6149008], [9.0711503, 60.6152713], [9.0709651, 60.6156082], [9.0708446, 60.6158046], [9.0705613, 60.6162264], [9.0703119, 60.6165561], [9.0700539, 60.6168715], [9.0697912, 60.6171683], [9.0694502, 60.6175233], [9.0692126, 60.6177542], [9.0688253, 60.6181031], [9.068406, 60.6184534], [9.06794, 60.6188118], [9.0676601, 60.6190148], [9.0672109, 60.6193211], [9.0666048, 60.6197044]]}, "properties": {"electrified": "contact_line", "frequency": "16.67", "gauge": "1435", "maxspeed": "115", "name": "Bergensbanen", "operator": "Bane NOR", "passenger_lines": "1", "railway": "rail", "usage": "main", "voltage": "15000", "length_km": 2.879, "maxspeed_kmh": 115.0}}, {"type": "Feature", "geometry": {"type": "LineString", "coordinates": [[8.7297752, 60.660224], [8.7272623, 60.6602842], [8.7263793, 60.6602974], [8.7255026, 60.6602997], [8.724622, 60.6602894], [8.7240702, 60.6602773], [8.7232779, 60.6602515], [8.722459, 60.6602147], [8.7215483, 60.6601611], [8.7207036, 60.6601006], [8.7201389, 60.6600532], [8.7177701, 60.6598317], [8.7161071, 60.6596727], [8.7126977, 60.6593478], [8.7120608, 60.6592909], [8.7111703, 60.6592307], [8.7106003, 60.659203], [8.7099793, 60.6591812], [8.7092807, 60.6591602], [8.7089275, 60.6591505], [8.7087173, 60.6591431], [8.7078608, 60.6591152]]}, "properties": {"electrified": "contact_line", "frequency": "16.67", "gauge": "1435", "maxspeed": "100", "name": "Bergensbanen", "operator": "Bane NOR", "passenger_lines": "1", "railway": "rail", "usage": "main", "voltage": "15000", "length_km": 1.21, "maxspeed_kmh": 100.0}}, {"type": "Feature", "geometry": {"type": "LineString", "coordinates": [[8.6871868, 60.647843], [8.6855579, 60.6475564], [8.6800905, 60.6465986], [8.6787471, 60.6463689], [8.6778128, 60.6462191], [8.6768705, 60.6460787], [8.6762392, 60.6459895], [8.6753219, 60.6458707], [8.6744546, 60.6457653], [8.6666792, 60.6448448], [8.6649562, 60.6446435], [8.6641111, 60.6445542], [8.6632783, 60.6444766], [8.6624225, 60.6444076], [8.6615979, 60.6443506], [8.6606823, 60.6442987], [8.6600655, 60.644271], [8.6594667, 60.6442497], [8.6584361, 60.6442238], [8.6572304, 60.644214], [8.6565518, 60.6442182], [8.65567, 60.6442305], [8.6547939, 60.644256], [8.6542279, 60.6442782], [8.6532877, 60.6443256], [8.6522989, 60.6443891], [8.6513011, 60.6444666], [8.6503182, 60.6445587], [8.6494552, 60.6446508], [8.648955, 60.6447098], [8.6484407, 60.6447753], [8.6479832, 60.6448412], [8.647481, 60.6449205], [8.6469277, 60.6450165], [8.6464113, 60.6451155], [8.6458565, 60.6452315], [8.6456015, 60.6452884], [8.6452923, 60.6453598], [8.6444535, 60.6455721], [8.6438018, 60.6457572], [8.643222, 60.6459352], [8.6426824, 60.6461141], [8.6403913, 60.6469065], [8.6396431, 60.6471611], [8.6390415, 60.6473542], [8.63844, 60.6475323], [8.6378439, 60.6476941], [8.637533, 60.647772], [8.6368869, 60.6479243], [8.6362163, 60.6480655], [8.6358524, 60.6481359], [8.6355124, 60.6481964], [8.6351592, 60.6482572], [8.6345543, 60.6483509], [8.6338951, 60.6484409], [8.6332051, 60.6485212], [8.6259228, 60.6492912], [8.6256905, 60.6493151]]}, "properties": {"electrified": "contact_line", "frequency": "16.67", "gauge": "1435", "maxspeed": "130", "name": "Bergensbanen", "operator": "Bane NOR", "passenger_lines": "1", "railway": "rail", "usage": "main", "voltage": "15000", "length_km": 3.545, "maxspeed_kmh": 130.0}}, {"type": "Feature", "geometry": {"type": "LineString", "coordinates": [[8.5422343, 60.6226164], [8.5419312, 60.622527], [8.5417588, 60.6224718], [8.5415546, 60.6224021], [8.5412086, 60.6222676], [8.5409046, 60.6221327], [8.5407181, 60.6220388], [8.5403793, 60.6218456], [8.5400914, 60.6216516], [8.5397922, 60.62142], [8.5396216, 60.6212747], [8.5381866, 60.6199936], [8.5379354, 60.6197826], [8.5377305, 60.6196233], [8.5375201, 60.6194688], [8.5372599, 60.619289], [8.5365513, 60.6188447], [8.5363661, 60.6187264], [8.535987, 60.6184802], [8.5354845, 60.6181199], [8.535193, 60.6178828], [8.5348772, 60.6175987], [8.5347183, 60.6174437], [8.5345411, 60.61726], [8.5341568, 60.6168383], [8.5321174, 60.6145461]]}, "properties": {"electrified": "contact_line", "frequency": "16.67", "gauge": "1435", "maxspeed": "90", "name": "Bergensbanen", "operator": "Bane NOR", "passenger_lines": "1", "railway": "rail", "usage": "main", "voltage": "15000", "length_km": 1.069, "maxspeed_kmh": 90.0}}, {"type": "Feature", "geometry": {"type": "LineString", "coordinates": [[8.3668882, 60.5758216], [8.3658958, 60.5759139], [8.3644339, 60.5760522], [8.3642422, 60.5760703], [8.3634415, 60.5761457], [8.3623418, 60.5762485], [8.3612327, 60.5763348], [8.3603704, 60.5763987], [8.3594558, 60.5764521], [8.3583869, 60.5765041], [8.3573543, 60.5765404], [8.3563377, 60.5765628], [8.3559287, 60.57657]]}, "properties": {"electrified": "contact_line", "frequency": "16.67", "gauge": "1435", "name": "Bergensbanen", "passenger_lines": "1", "railway": "rail", "service": "siding", "voltage": "15000", "length_km": 0.608}}, {"type": "Feature", "geometry": {"type": "LineString", "coordinates": [[8.2956064, 60.5574862], [8.295249, 60.5572419], [8.2950128, 60.5571011], [8.2948042, 60.5569937], [8.2946978, 60.5569439], [8.2944284, 60.5568294], [8.2942647, 60.5567675], [8.2941127, 60.5567168], [8.2937998, 60.5566207], [8.2934791, 60.5565424], [8.2932079, 60.5564847], [8.2928589, 60.5564264], [8.292633, 60.5563959], [8.2924287, 60.5563733], [8.2920714, 60.5563436], [8.2917309, 60.5563303], [8.2914816, 60.5563288], [8.2913083, 60.5563317], [8.2911392, 60.5563364], [8.2907939, 60.5563538], [8.28984, 60.5564197]]}, "properties": {"electrified": "contact_line", "frequency": "16.67", "gauge": "1435", "maxspeed": "75", "name": "Bergensbanen", "operator": "Bane NOR", "passenger_lines": "1", "railway": "rail", "usage": "main", "voltage": "15000", "length_km": 0.363, "maxspeed_kmh": 75.0}}, {"type": "Feature", "geometry": {"type": "LineString", "coordinates": [[8.1434815, 60.531341], [8.143314, 60.5313074], [8.1430268, 60.531245], [8.1426858, 60.5311637], [8.1425229, 60.5311211], [8.1422382, 60.531042], [8.1420651, 60.530988], [8.1416234, 60.5308402], [8.1411536, 60.5306558], [8.140897, 60.5305433], [8.1407685, 60.5304823], [8.1405688, 60.5303838], [8.1403924, 60.5302902], [8.1401058, 60.5301224], [8.1399845, 60.5300456], [8.1397313, 60.5298706], [8.1394664, 60.5296642], [8.1392391, 60.5294586], [8.1389477, 60.5291515], [8.1383676, 60.5284704], [8.138133, 60.528195], [8.1379091, 60.5279268], [8.1377832, 60.5277627], [8.1376849, 60.5276199], [8.1375688, 60.5274104], [8.137493, 60.5272321], [8.1373433, 60.526833], [8.1372711, 60.5266693], [8.1371743, 60.5265009], [8.1371189, 60.5264201], [8.1369942, 60.5262691], [8.1368576, 60.5261327], [8.1367586, 60.5260471], [8.1365477, 60.5258863], [8.1364587, 60.5258287], [8.1363348, 60.5257536], [8.1361155, 60.5256341], [8.1358812, 60.5255241], [8.1357513, 60.5254702], [8.1356305, 60.5254228], [8.1354038, 60.5253421], [8.1351776, 60.5252724], [8.1349415, 60.5252078], [8.1345449, 60.5251181], [8.1342334, 60.5250623], [8.1340365, 60.5250325], [8.133657, 60.5249844], [8.1333221, 60.5249474], [8.1302855, 60.5246224], [8.1296492, 60.5245574], [8.1285542, 60.5244377], [8.1282983, 60.5244042], [8.1279067, 60.5243442], [8.1276741, 60.524301], [8.1274474, 60.5242522], [8.127194, 60.5241892], [8.126865, 60.5240924], [8.1267282, 60.5240462], [8.1264713, 60.5239507], [8.1262163, 60.523845]]}, "properties": {"electrified": "contact_line", "frequency": "16.67", "gauge": "1435", "maxspeed": "75", "name": "Bergensbanen", "operator": "Bane NOR", "passenger_lines": "1", "railway": "rail", "usage": "main", "voltage": "15000", "length_km": 1.374, "maxspeed_kmh": 75.0}}, {"type": "Feature", "geometry": {"type": "LineString", "coordinates": [[8.0133832, 60.5016169], [8.0130985, 60.5017044], [8.0128247, 60.5017765], [8.0125996, 60.5018266], [8.0124471, 60.5018559], [8.0120266, 60.5019231], [8.0118924, 60.5019406]]}, "properties": {"electrified": "contact_line", "frequency": "16.67", "gauge": "1435", "maxspeed": "75", "name": "Bergensbanen", "operator": "Bane NOR", "passenger_lines": "1", "railway": "rail", "usage": "main", "voltage": "15000", "length_km": 0.09, "maxspeed_kmh": 75.0}}, {"type": "Feature", "geometry": {"type": "LineString", "coordinates": [[7.8340499, 60.5116932], [7.8337192, 60.5118331], [7.8330368, 60.5121371], [7.8325689, 60.5123559], [7.8320647, 60.5126056], [7.8318119, 60.5127365], [7.8312682, 60.5130308], [7.8308448, 60.5132727], [7.8303244, 60.5135875], [7.8299595, 60.5138216], [7.8294085, 60.5141975], [7.8290103, 60.5144893], [7.8286779, 60.5147473], [7.8283233, 60.5150384], [7.8276997, 60.515584], [7.8264024, 60.5167378], [7.824775, 60.5181868], [7.8243161, 60.5186048], [7.8240401, 60.5188984], [7.8237491, 60.5192812], [7.8235595, 60.5196172], [7.8234201, 60.5199694], [7.8233376, 60.5203267], [7.8232994, 60.5207718], [7.8232492, 60.5221156], [7.8232244, 60.5223871], [7.8231924, 60.5225805], [7.8231343, 60.5228008], [7.8230601, 60.5230055], [7.8229376, 60.5232615], [7.8228505, 60.523413], [7.8227172, 60.5236111], [7.8225237, 60.5238548], [7.8222853, 60.5241061], [7.8220338, 60.5243344], [7.8217576, 60.5245602], [7.8213453, 60.5248657], [7.8208809, 60.5251967], [7.8205426, 60.5254561], [7.8203351, 60.5256308], [7.8202393, 60.5257196], [7.8201302, 60.5258247], [7.8199468, 60.526023], [7.8197413, 60.526287], [7.8195701, 60.5265502], [7.8191406, 60.5273506], [7.8189665, 60.5276287], [7.8188863, 60.5277403], [7.8187424, 60.5279181], [7.8185218, 60.5281556], [7.8183648, 60.528306], [7.8182029, 60.5284482], [7.8179797, 60.5286264], [7.8177874, 60.5287631], [7.81759, 60.5288954], [7.8172297, 60.5291108], [7.8169968, 60.5292378], [7.8167367, 60.5293685], [7.8164475, 60.5294993], [7.8161769, 60.5296138], [7.8156836, 60.5297989], [7.8152611, 60.5299409], [7.8144441, 60.5302034], [7.8142693, 60.5302639]]}, "properties": {"electrified": "contact_line", "frequency": "16.67", "gauge": "1435", "name": "Bergensbanen", "operator": "Bane NOR", "passenger_lines": "1", "railway": "rail", "usage": "main", "voltage": "15000", "length_km": 2.414}}, {"type": "Feature", "geometry": {"type": "LineString", "coordinates": [[7.7284516, 60.5497307], [7.7277433, 60.5497233], [7.7271053, 60.5497217], [7.7263763, 60.5497281], [7.7256476, 60.5497433], [7.7248291, 60.5497706], [7.7239219, 60.549814], [7.7230178, 60.5498708], [7.7222972, 60.549926], [7.7214007, 60.5500069], [7.7207759, 60.5500707], [7.7199754, 60.5501592], [7.7174059, 60.5504649], [7.716429, 60.5505765], [7.7153588, 60.5506877], [7.7145528, 60.5507627], [7.713564, 60.5508447], [7.7124814, 60.5509219], [7.711486, 60.5509815], [7.7104882, 60.5510302], [7.7093975, 60.551071], [7.7078501, 60.5511119], [7.70199, 60.5512571]]}, "properties": {"electrified": "contact_line", "frequency": "16.67", "gauge": "1435", "maxspeed": "160", "name": "Bergensbanen", "operator": "Bane NOR", "passenger_lines": "1", "railway": "rail", "tunnel": "yes", "usage": "main", "voltage": "15000", "length_km": 1.468, "maxspeed_kmh": 160.0}}, {"type": "Feature", "geometry": {"type": "LineString", "coordinates": [[7.5209868, 60.5965693], [7.5175889, 60.59664], [7.51686, 60.5966622], [7.5164976, 60.5966834], [7.5162276, 60.5967058], [7.5159597, 60.596734], [7.5156946, 60.5967678], [7.5154328, 60.5968072], [7.5151007, 60.59687]]}, "properties": {"electrified": "contact_line", "frequency": "16.67", "gauge": "1435", "maxspeed": "80", "name": "Bergensbanen", "operator": "Bane NOR", "passenger_lines": "1", "railway": "rail", "tunnel": "avalanche_protector", "usage": "main", "voltage": "15000", "length_km": 0.326, "maxspeed_kmh": 80.0}}, {"type": "Feature", "geometry": {"type": "LineString", "coordinates": [[6.8423532, 60.6954357], [6.8423273, 60.6954096], [6.8421347, 60.6952413], [6.841984, 60.6951161], [6.8418333, 60.6950023], [6.8417736, 60.6949565], [6.8416071, 60.6948345], [6.8411358, 60.6945098], [6.8407771, 60.6942807], [6.8404158, 60.6940651], [6.8401762, 60.6939279], [6.8398091, 60.6937279], [6.8393786, 60.6935073], [6.8389746, 60.6933115], [6.8375442, 60.6926506], [6.8368025, 60.6922926], [6.8363327, 60.6920434], [6.8359675, 60.6918271], [6.8358731, 60.6917671], [6.8357649, 60.6916984], [6.8354341, 60.6914725], [6.835293, 60.6913663]]}, "properties": {"electrified": "contact_line", "frequency": "16.67", "gauge": "1435", "maxspeed": "60", "name": "Bergensbanen", "operator": "Bane NOR", "passenger_lines": "1", "railway": "rail", "usage": "main", "voltage": "15000", "length_km": 0.599, "maxspeed_kmh": 60.0}}, {"type": "Feature", "geometry": {"type": "LineString", "coordinates": [[6.8554479, 60.6949152], [6.8553629, 60.6949265], [6.8551608, 60.6949557], [6.8547561, 60.6950312], [6.8544138, 60.6951119], [6.854055, 60.6952145], [6.8537822, 60.6953073], [6.853467, 60.6954334], [6.8533235, 60.6954993], [6.8530752, 60.6956271], [6.8529393, 60.6957053], [6.8527107, 60.6958561], [6.8525936, 60.6959449], [6.8523957, 60.6961177], [6.8523069, 60.6962055], [6.8521559, 60.6963792], [6.8518633, 60.6967711], [6.8517131, 60.6969492], [6.8515578, 60.6971079], [6.8514777, 60.6971766], [6.8513513, 60.6972728], [6.851246, 60.6973458], [6.8510122, 60.6974888], [6.8508642, 60.6975681], [6.8506332, 60.6976769], [6.8504785, 60.6977431], [6.8503171, 60.697806], [6.850144, 60.6978669], [6.8498723, 60.6979506], [6.8495676, 60.6980306], [6.8493744, 60.6980734], [6.8490394, 60.6981379], [6.8487374, 60.6981839], [6.8483324, 60.6982267], [6.8481149, 60.6982411], [6.8479281, 60.6982507], [6.8477651, 60.6982548], [6.8476012, 60.6982569], [6.8474285, 60.6982564]]}, "properties": {"electrified": "contact_line", "frequency": "16.67", "gauge": "1435", "maxspeed": "60", "name": "Bergensbanen", "operator": "Bane NOR", "passenger_lines": "1", "railway": "rail", "usage": "main", "voltage": "15000", "length_km": 0.614, "maxspeed_kmh": 60.0}}, {"type": "Feature", "geometry": {"type": "LineString", "coordinates": [[6.7615118, 60.6700352], [6.7611573, 60.6701493], [6.7607854, 60.6702825], [6.760428, 60.6704329], [6.7600954, 60.6705939], [6.7599153, 60.6706932], [6.7597278, 60.6708047], [6.7590303, 60.6712406], [6.758826, 60.6713598], [6.7585912, 60.6714875], [6.7583599, 60.6716014], [6.7581125, 60.6717173], [6.7579027, 60.6718098], [6.757605, 60.671931], [6.7574388, 60.6719942], [6.7572215, 60.6720726], [6.7569725, 60.6721565], [6.7565899, 60.6722721], [6.7557772, 60.6724976], [6.7552831, 60.6726448], [6.7550676, 60.672718], [6.7547524, 60.6728355], [6.7544413, 60.6729704], [6.7543038, 60.6730334], [6.7540739, 60.6731532], [6.7538184, 60.6732997], [6.7535764, 60.6734613], [6.7534643, 60.6735454], [6.7533473, 60.6736359], [6.7531107, 60.6738353], [6.7516526, 60.6751211], [6.7513721, 60.6753622], [6.7511213, 60.6755552], [6.7508583, 60.675729], [6.750586, 60.6758876], [6.7504689, 60.6759498], [6.7500805, 60.6761337]]}, "properties": {"electrified": "contact_line", "frequency": "16.67", "gauge": "1435", "maxspeed": "75", "name": "Bergensbanen", "operator": "Bane NOR", "passenger_lines": "1", "railway": "rail", "usage": "main", "voltage": "15000", "length_km": 0.94, "maxspeed_kmh": 75.0}}, {"type": "Feature", "geometry": {"type": "LineString", "coordinates": [[6.6788911, 60.6817823], [6.6788245, 60.6818457], [6.678645, 60.6820388], [6.6782194, 60.6825564], [6.6780935, 60.6826843], [6.6779707, 60.6827921], [6.6778352, 60.6828961], [6.6777035, 60.6829883]]}, "properties": {"electrified": "contact_line", "frequency": "16.67", "gauge": "1435", "maxspeed": "65", "name": "Bergensbanen", "operator": "Bane NOR", "passenger_lines": "1", "railway": "rail", "tunnel": "yes", "usage": "main", "voltage": "15000", "length_km": 0.15, "maxspeed_kmh": 65.0}}, {"type": "Feature", "geometry": {"type": "LineString", "coordinates": [[6.6187866, 60.679355], [6.6183615, 60.6794124], [6.6178594, 60.6794718], [6.6171894, 60.6795369], [6.6164588, 60.6795862], [6.6158827, 60.6796118], [6.6149649, 60.6796414], [6.6143399, 60.6796709], [6.613938, 60.6797018], [6.6135586, 60.6797385], [6.613068, 60.6797999], [6.6125492, 60.6798828], [6.6121025, 60.6799671], [6.610851, 60.6802258], [6.6105344, 60.680282], [6.6102149, 60.6803337], [6.6098903, 60.6803785], [6.6094417, 60.6804293], [6.6090536, 60.6804641], [6.6087933, 60.680482], [6.6085869, 60.6804952], [6.6081293, 60.6805164], [6.6076928, 60.6805252], [6.6070991, 60.6805219], [6.6064947, 60.6804996], [6.6060061, 60.6804658], [6.6056913, 60.6804387], [6.6052661, 60.6803929], [6.6050515, 60.6803662], [6.6046215, 60.6803044], [6.6043808, 60.6802655], [6.6039708, 60.6801888], [6.6035763, 60.680107], [6.6025332, 60.6798753], [6.6023955, 60.679848], [6.6021473, 60.6798], [6.6019308, 60.6797634], [6.6017461, 60.6797348], [6.601539, 60.6797078], [6.6011051, 60.6796586], [6.6007225, 60.6796282], [6.6003629, 60.6796064], [6.5999068, 60.6795907], [6.5993041, 60.679577], [6.5973111, 60.67954]]}, "properties": {"electrified": "contact_line", "frequency": "16.67", "gauge": "1435", "maxspeed": "90", "name": "Bergensbanen", "operator": "Bane NOR", "passenger_lines": "1", "railway": "rail", "usage": "main", "voltage": "15000", "length_km": 1.211, "maxspeed_kmh": 90.0}}, {"type": "Feature", "geometry": {"type": "LineString", "coordinates": [[6.5577227, 60.6722706], [6.5581768, 60.67167]]}, "properties": {"electrified": "contact_line", "frequency": "16.67", "gauge": "1435", "maxspeed": "50", "name": "Bergensbanen", "operator": "Bane NOR", "passenger_lines": "1", "railway": "rail", "tunnel": "yes", "usage": "main", "voltage": "15000", "length_km": 0.072, "maxspeed_kmh": 50.0}}, {"type": "Feature", "geometry": {"type": "LineString", "coordinates": [[6.4489, 60.6371575], [6.4484998, 60.6373091], [6.4483021, 60.6373967], [6.4480555, 60.637522], [6.4478839, 60.6376218], [6.4477243, 60.6377265], [6.4476014, 60.6378169], [6.4474021, 60.6379843], [6.447105, 60.6382725], [6.446675, 60.6387035], [6.4464908, 60.6388771], [6.4462637, 60.6390638], [6.446108, 60.6391731], [6.4459969, 60.6392433], [6.4458198, 60.6393445], [6.4456308, 60.6394403], [6.4453613, 60.6395591], [6.4452559, 60.6396005]]}, "properties": {"electrified": "contact_line", "frequency": "16.67", "gauge": "1435", "maxspeed": "75", "name": "Bergensbanen", "operator": "Bane NOR", "passenger_lines": "1", "railway": "rail", "tunnel": "yes", "usage": "main", "voltage": "15000", "length_km": 0.342, "maxspeed_kmh": 75.0}}, {"type": "Feature", "geometry": {"type": "LineString", "coordinates": [[6.388077, 60.6238792], [6.3876684, 60.6237619], [6.3872611, 60.6236498], [6.3865109, 60.6234589], [6.3859288, 60.6233203], [6.3852575, 60.6231754], [6.3846688, 60.6230565], [6.3837606, 60.6228925], [6.3831108, 60.6227891], [6.3824616, 60.6226957], [6.3819506, 60.6226292]]}, "properties": {"electrified": "contact_line", "frequency": "16.67", "gauge": "1435", "maxspeed": "130", "name": "Bergensbanen", "operator": "Bane NOR", "railway": "rail", "usage": "main", "voltage": "15000", "length_km": 0.365, "maxspeed_kmh": 130.0}}, {"type": "Feature", "geometry": {"type": "LineString", "coordinates": [[6.0995316, 60.6461753], [6.0992096, 60.6461191], [6.0985618, 60.6459973], [6.0975425, 60.6458017], [6.0966065, 60.6456216], [6.0955949, 60.6454135], [6.0949264, 60.6452682], [6.0942626, 60.6451177], [6.0935218, 60.6449421], [6.0928686, 60.6447806], [6.082026, 60.6419847], [6.081051, 60.6417382], [6.0801471, 60.6415221], [6.0791504, 60.6412975], [6.0780585, 60.6410675], [6.0771254, 60.6408839], [6.0759264, 60.6406648], [6.0747153, 60.6404623], [6.0741056, 60.6403673], [6.0734055, 60.6402638], [6.0721726, 60.640096], [6.071464, 60.6400078], [6.0708416, 60.6399352], [6.0695911, 60.6398028], [6.0683334, 60.6396877], [6.0677023, 60.6396366], [6.0669791, 60.6395835], [6.0664358, 60.6395474], [6.0656193, 60.6394993], [6.064801, 60.6394585], [6.0640727, 60.6394282], [6.0633433, 60.6394036], [6.0626133, 60.6393848], [6.0613345, 60.6393657], [6.0606034, 60.6393627], [6.0598725, 60.6393654], [6.0591415, 60.6393739], [6.0585023, 60.6393859], [6.0578636, 60.6394024], [6.0571342, 60.6394266], [6.0563148, 60.6394607], [6.0556783, 60.6394923], [6.0546801, 60.6395506], [6.0536848, 60.6396197], [6.0525129, 60.6397152], [6.0516152, 60.6397988], [6.0508994, 60.639872], [6.0500972, 60.6399611], [6.0465163, 60.6403413], [6.0412275, 60.6409029]]}, "properties": {"electrified": "contact_line", "frequency": "16.67", "gauge": "1435", "maxspeed": "130", "name": "Bergensbanen", "operator": "Bane NOR", "railway": "rail", "tunnel": "yes", "usage": "main", "voltage": "15000", "length_km": 3.372, "maxspeed_kmh": 130.0}}, {"type": "Feature", "geometry": {"type": "LineString", "coordinates": [[5.7327861, 60.5486165], [5.7326642, 60.548521], [5.7323943, 60.5483123], [5.7320159, 60.5480538], [5.7316224, 60.5478039], [5.7314089, 60.5476757], [5.7288346, 60.5462241], [5.7283102, 60.5459119], [5.7281553, 60.5458146], [5.7280381, 60.5457378], [5.7278184, 60.5455809], [5.727435, 60.5452801], [5.7272197, 60.5450946], [5.7269224, 60.5448222], [5.7268047, 60.5447106]]}, "properties": {"electrified": "contact_line", "frequency": "16.67", "gauge": "1435", "maxspeed": "95", "name": "Bergensbanen", "operator": "Bane NOR", "passenger_lines": "2", "railway": "rail", "usage": "main", "voltage": "15000", "length_km": 0.548, "maxspeed_kmh": 95.0}}, {"type": "Feature", "geometry": {"type": "LineString", "coordinates": [[5.5152907, 60.4231267], [5.5148474, 60.4232753], [5.5146554, 60.4233353], [5.5144906, 60.4233844], [5.5140454, 60.4235047], [5.5135094, 60.4236247]]}, "properties": {"electrified": "contact_line", "frequency": "16.67", "gauge": "1435", "maxspeed": "80", "name": "Bergensbanen", "operator": "Bane NOR", "passenger_lines": "1", "railway": "rail", "usage": "main", "voltage": "15000", "length_km": 0.113, "maxspeed_kmh": 80.0}}, {"type": "Feature", "geometry": {"type": "LineString", "coordinates": [[5.4702416, 60.4213186], [5.4700762, 60.4212745], [5.4695745, 60.4211418], [5.4686782, 60.4209048], [5.4660251, 60.4202031], [5.4648537, 60.4198926], [5.4632245, 60.4194617], [5.4630614, 60.4194185]]}, "properties": {"electrified": "contact_line", "frequency": "16.67", "gauge": "1435", "maxspeed": "110", "name": "Bergensbanen", "railway": "rail", "usage": "main", "voltage": "15000", "length_km": 0.45, "maxspeed_kmh": 110.0}}, {"type": "Feature", "geometry": {"type": "LineString", "coordinates": [[5.5093124, 60.4239858], [5.5085948, 60.4239537], [5.4774299, 60.4226148]]}, "properties": {"electrified": "contact_line", "frequency": "16.67", "gauge": "1435", "maxspeed": "130", "name": "Bergensbanen", "operator": "Bane NOR", "passenger_lines": "1", "railway": "rail", "tunnel": "yes", "usage": "main", "voltage": "15000", "length_km": 1.768, "maxspeed_kmh": 130.0}}, {"type": "Feature", "geometry": {"type": "LineString", "coordinates": [[6.4191793, 60.6295105], [6.4190634, 60.6295215], [6.4189508, 60.629533]]}, "properties": {"bridge": "yes", "electrified": "contact_line", "frequency": "16.67", "gauge": "1435", "maxspeed": "70", "name": "Bergensbanen", "operator": "Bane NOR", "railway": "rail", "usage": "main", "voltage": "15000", "length_km": 0.013, "maxspeed_kmh": 70.0}}, {"type": "Feature", "geometry": {"type": "LineString", "coordinates": [[6.4189508, 60.629533], [6.4187203, 60.629557], [6.4174092, 60.6296985], [6.4172316, 60.6297158], [6.4169885, 60.6297374], [6.4167073, 60.6297559], [6.4164822, 60.629767], [6.4162058, 60.6297769], [6.4159879, 60.6297797], [6.4157324, 60.6297798], [6.4155142, 60.6297766]]}, "properties": {"electrified": "contact_line", "frequency": "16.67", "gauge": "1435", "maxspeed": "70", "name": "Bergensbanen", "operator": "Bane NOR", "railway": "rail", "usage": "main", "voltage": "15000", "length_km": 0.191, "maxspeed_kmh": 70.0}}, {"type": "Feature", "geometry": {"type": "LineString", "coordinates": [[5.5688763, 60.4257044], [5.5686276, 60.4256266], [5.5681805, 60.4255018], [5.5674669, 60.4253183], [5.5671705, 60.425237], [5.5667561, 60.4251068], [5.5665743, 60.4250398]]}, "properties": {"electrified": "contact_line", "frequency": "16.67", "gauge": "1435", "maxspeed": "75", "name": "Bergensbanen", "operator": "Bane NOR", "passenger_lines": "1", "railway": "rail", "usage": "main", "voltage": "15000", "length_km": 0.147, "maxspeed_kmh": 75.0}}, {"type": "Feature", "geometry": {"type": "LineString", "coordinates": [[5.5999354, 60.429195], [5.5997249, 60.4291655], [5.599452, 60.4291205], [5.5991388, 60.4290566], [5.5988632, 60.4289881], [5.5986232, 60.428919], [5.5984522, 60.4288673], [5.5982581, 60.4287966]]}, "properties": {"electrified": "contact_line", "frequency": "16.67", "gauge": "1435", "maxspeed": "60", "name": "Bergensbanen", "operator": "Bane NOR", "passenger_lines": "1", "railway": "rail", "usage": "main", "voltage": "15000", "length_km": 0.103, "maxspeed_kmh": 60.0}}, {"type": "Feature", "geometry": {"type": "LineString", "coordinates": [[5.6187128, 60.4284632], [5.6186429, 60.4284706], [5.618441, 60.4284934], [5.618242, 60.4285185], [5.6179206, 60.4285621], [5.6177015, 60.4285947], [5.6174929, 60.4286266]]}, "properties": {"electrified": "contact_line", "frequency": "16.67", "gauge": "1435", "maxspeed": "50", "name": "Bergensbanen", "operator": "Bane NOR", "passenger_lines": "1", "railway": "rail", "usage": "main", "voltage": "15000", "length_km": 0.07, "maxspeed_kmh": 50.0}}, {"type": "Feature", "geometry": {"type": "LineString", "coordinates": [[5.7454469, 60.5593543], [5.7452464, 60.5593064], [5.7449059, 60.5592178], [5.7446992, 60.5591515], [5.7445223, 60.5590889], [5.7444135, 60.5590453]]}, "properties": {"electrified": "contact_line", "frequency": "16.67", "gauge": "1435", "maxspeed": "65", "name": "Bergensbanen", "operator": "Bane NOR", "passenger_lines": "1", "railway": "rail", "usage": "main", "voltage": "15000", "length_km": 0.067, "maxspeed_kmh": 65.0}}, {"type": "Feature", "geometry": {"type": "LineString", "coordinates": [[5.8082869, 60.5825676], [5.8069771, 60.5817766], [5.8053932, 60.5808207], [5.80484, 60.5804911], [5.8045897, 60.5803524], [5.804377, 60.5802463], [5.8041607, 60.5801483], [5.8039328, 60.5800557]]}, "properties": {"electrified": "contact_line", "frequency": "16.67", "gauge": "1435", "maxspeed": "80", "name": "Bergensbanen", "operator": "Bane NOR", "passenger_lines": "1", "railway": "rail", "usage": "main", "voltage": "15000", "length_km": 0.369, "maxspeed_kmh": 80.0}}, {"type": "Feature", "geometry": {"type": "LineString", "coordinates": [[5.5750717, 60.4283626], [5.5749547, 60.4283193], [5.5748026, 60.4282682]]}, "properties": {"bridge": "yes", "electrified": "contact_line", "frequency": "16.67", "gauge": "1435", "maxspeed": "50", "name": "Bergensbanen", "operator": "Bane NOR", "passenger_lines": "1", "railway": "rail", "usage": "main", "voltage": "15000", "length_km": 0.018, "maxspeed_kmh": 50.0}}, {"type": "Feature", "geometry": {"type": "LineString", "coordinates": [[5.5818218, 60.4302099], [5.5813825, 60.4303306], [5.5811847, 60.4303793], [5.5810166, 60.4304124], [5.5808773, 60.4304355], [5.5807265, 60.430458], [5.5805498, 60.43048], [5.5803316, 60.4305004], [5.5801248, 60.4305128], [5.5798696, 60.4305204], [5.5796114, 60.4305157], [5.5794016, 60.4305062], [5.5792449, 60.4304951], [5.5790531, 60.4304761], [5.5788602, 60.4304515], [5.5786995, 60.4304259], [5.578519, 60.4303919], [5.5783603, 60.4303575], [5.5781514, 60.4303025], [5.5779376, 60.4302376], [5.5778227, 60.4301945], [5.5775723, 60.4300948], [5.5773534, 60.4299881], [5.577106, 60.4298407], [5.57694, 60.4297186], [5.5762884, 60.429174], [5.5761942, 60.4290865], [5.5759603, 60.42889], [5.5757753, 60.4287425], [5.5756942, 60.4286839], [5.57562, 60.4286326], [5.5755298, 60.4285796], [5.5753702, 60.4284947], [5.5752788, 60.4284509], [5.5750717, 60.4283626]]}, "properties": {"electrified": "contact_line", "frequency": "16.67", "gauge": "1435", "maxspeed": "50", "name": "Bergensbanen", "operator": "Bane NOR", "passenger_lines": "1", "railway": "rail", "usage": "main", "voltage": "15000", "length_km": 0.493, "maxspeed_kmh": 50.0}}, {"type": "Feature", "geometry": {"type": "LineString", "coordinates": [[6.4384068, 60.638901], [6.4378173, 60.638425]]}, "properties": {"bridge": "yes", "electrified": "contact_line", "frequency": "16.67", "gauge": "1435", "maxspeed": "100", "name": "Bergensbanen", "operator": "Bane NOR", "passenger_lines": "1", "railway": "rail", "usage": "main", "voltage": "15000", "length_km": 0.062, "maxspeed_kmh": 100.0}}, {"type": "Feature", "geometry": {"type": "LineString", "coordinates": [[6.4374103, 60.6380803], [6.4373365, 60.6380207], [6.436799, 60.6375247], [6.4354912, 60.6363003], [6.4350808, 60.6359252], [6.4343629, 60.6353026], [6.4339204, 60.6349355], [6.4332287, 60.6343875], [6.4328604, 60.6341075], [6.4324722, 60.6338214], [6.4320419, 60.6335124], [6.4315414, 60.6331647], [6.4308148, 60.6326783], [6.4303945, 60.6324079], [6.4294735, 60.6318364], [6.4288592, 60.6314765], [6.4282892, 60.6311612], [6.4280084, 60.63102], [6.4277229, 60.6308898], [6.427381, 60.6307454], [6.427099, 60.6306352], [6.426739, 60.6305127], [6.426335, 60.6303846], [6.4259767, 60.6302798], [6.425558, 60.6301686], [6.4251191, 60.6300599], [6.424534, 60.6299296], [6.4240142, 60.6298277], [6.4237669, 60.6297835], [6.4235159, 60.6297411], [6.4232433, 60.6296977], [6.4229697, 60.6296585], [6.422728, 60.6296253], [6.4224901, 60.6295957], [6.4222843, 60.6295723], [6.4220804, 60.6295507], [6.4218006, 60.6295244], [6.4216007, 60.6295081], [6.4214221, 60.6294948]]}, "properties": {"electrified": "contact_line", "frequency": "16.67", "gauge": "1435", "maxspeed": "100", "name": "Bergensbanen", "operator": "Bane NOR", "passenger_lines": "1", "railway": "rail", "usage": "main", "voltage": "15000", "length_km": 1.351, "maxspeed_kmh": 100.0}}, {"type": "Feature", "geometry": {"type": "LineString", "coordinates": [[5.5240763, 60.4205809], [5.5239927, 60.4205903], [5.5234548, 60.420662], [5.5231193, 60.4207112], [5.5227136, 60.4207785], [5.5222948, 60.4208559], [5.521914, 60.4209338], [5.5216067, 60.4210011], [5.5211444, 60.4211125], [5.5205456, 60.4212745], [5.520278, 60.4213532], [5.5199885, 60.4214442], [5.5193753, 60.4216518], [5.5189768, 60.4217954]]}, "properties": {"electrified": "contact_line", "frequency": "16.67", "gauge": "1435", "maxspeed": "100", "name": "Bergensbanen", "operator": "Bane NOR", "passenger_lines": "1", "railway": "rail", "usage": "main", "voltage": "15000", "length_km": 0.315, "maxspeed_kmh": 100.0}}, {"type": "Feature", "geometry": {"type": "LineString", "coordinates": [[5.540375, 60.4226509], [5.5399344, 60.4225837], [5.5391259, 60.4224535], [5.5383401, 60.4222925], [5.5378668, 60.422178], [5.537405, 60.4220557], [5.5350206, 60.4213933], [5.5345361, 60.4212659], [5.5334493, 60.4210154], [5.5326106, 60.4208548], [5.5320417, 60.4207609], [5.5311761, 60.4206404], [5.5305918, 60.4205736], [5.5297069, 60.4204942], [5.5285155, 60.4204273], [5.5273171, 60.4204054], [5.5270507, 60.420404]]}, "properties": {"electrified": "contact_line", "frequency": "16.67", "gauge": "1435", "maxspeed": "100", "name": "Bergensbanen", "operator": "Bane NOR", "passenger_lines": "1", "railway": "rail", "tunnel": "yes", "usage": "main", "voltage": "15000", "length_km": 0.788, "maxspeed_kmh": 100.0}}, {"type": "Feature", "geometry": {"type": "LineString", "coordinates": [[5.5570221, 60.4226551], [5.5544398, 60.4226793]]}, "properties": {"electrified": "contact_line", "frequency": "16.67", "gauge": "1435", "maxspeed": "100", "name": "Bergensbanen", "operator": "Bane NOR", "passenger_lines": "1", "railway": "rail", "usage": "main", "voltage": "15000", "length_km": 0.143, "maxspeed_kmh": 100.0}}, {"type": "Feature", "geometry": {"type": "LineString", "coordinates": [[5.6982055, 60.4514564], [5.6971386, 60.4513323], [5.6958101, 60.4511616], [5.6944881, 60.4509787], [5.6931735, 60.4507835], [5.6915218, 60.4505194], [5.6523973, 60.4440502], [5.6510342, 60.4438159], [5.6490389, 60.4434192], [5.6470945, 60.4429649], [5.64583, 60.4426307], [5.6445932, 60.4422722], [5.6433857, 60.4418899], [5.6416344, 60.4412731], [5.6399599, 60.4406062], [5.6388302, 60.4401409], [5.6378571, 60.4396431], [5.6363843, 60.4388688], [5.6354552, 60.4383291], [5.634144, 60.4374868], [5.6333268, 60.4369047], [5.6321897, 60.4360027], [5.6313234, 60.4352248], [5.6304769, 60.4343783], [5.6303161, 60.4342275], [5.6301629, 60.4340799], [5.629038, 60.4330457], [5.628468, 60.4324962], [5.6267788, 60.4309112], [5.6259991, 60.4302041]]}, "properties": {"electrified": "contact_line", "frequency": "16.67", "gauge": "1435", "maxspeed": "130", "name": "Bergensbanen", "operator": "Bane NOR", "passenger_lines": "1", "railway": "rail", "tunnel": "yes", "usage": "main", "voltage": "15000", "length_km": 4.859, "maxspeed_kmh": 130.0}}, {"type": "Feature", "geometry": {"type": "LineString", "coordinates": [[5.6208482, 60.4282721], [5.6193821, 60.4283954], [5.6193485, 60.4283982]]}, "properties": {"electrified": "contact_line", "frequency": "16.67", "gauge": "1435", "maxspeed": "50", "name": "Bergensbanen", "operator": "Bane NOR", "passenger_lines": "1", "railway": "rail", "tunnel": "yes", "usage": "main", "voltage": "15000", "length_km": 0.084, "maxspeed_kmh": 50.0}}, {"type": "Feature", "geometry": {"type": "LineString", "coordinates": [[5.6255953, 60.4298512], [5.6250066, 60.4293766], [5.6249974, 60.4293697], [5.6247767, 60.4292095]]}, "properties": {"electrified": "contact_line", "frequency": "16.67", "gauge": "1435", "maxspeed": "130", "name": "Bergensbanen", "operator": "Bane NOR", "passenger_lines": "1", "railway": "rail", "usage": "main", "voltage": "15000", "length_km": 0.085, "maxspeed_kmh": 130.0}}, {"type": "Feature", "geometry": {"type": "LineString", "coordinates": [[5.624409, 60.4289724], [5.6244885, 60.4290232], [5.6245654, 60.4290753], [5.6246604, 60.4291449], [5.6247237, 60.4291961], [5.6247828, 60.42925], [5.6248611, 60.4293228], [5.6249324, 60.4293973], [5.6249899, 60.4294614], [5.6250625, 60.4295458], [5.6251341, 60.4296371], [5.62521, 60.4297476], [5.6252671, 60.4298456], [5.6252923, 60.4298937], [5.6253614, 60.4300245], [5.6256342, 60.4305473], [5.6256878, 60.430648], [5.6257398, 60.43073], [5.6258129, 60.4308256], [5.6258953, 60.4309188], [5.6266472, 60.4317458], [5.6272008, 60.4323534], [5.6273215, 60.4324858], [5.6274173, 60.4325781], [5.6274898, 60.432639], [5.627583, 60.4327124], [5.627699, 60.4327945], [5.6277928, 60.432853], [5.6279055, 60.4329139], [5.6280785, 60.4329983], [5.6282696, 60.4330827], [5.628599, 60.4332223]]}, "properties": {"electrified": "contact_line", "frequency": "16.67", "gauge": "1435", "maxspeed": "40", "name": "Bergensbanen", "operator": "Bane NOR", "passenger_lines": "1", "railway": "rail", "service": "siding", "usage": "main", "voltage": "15000", "length_km": 0.536, "maxspeed_kmh": 40.0}}, {"type": "Feature", "geometry": {"type": "LineString", "coordinates": [[5.628599, 60.4332223], [5.6291665, 60.433463], [5.629445, 60.4336094], [5.6297502, 60.4337914], [5.6299943, 60.4339714], [5.6303161, 60.4342275]]}, "properties": {"electrified": "contact_line", "frequency": "16.67", "gauge": "1435", "maxspeed": "40", "name": "Bergensbanen", "operator": "Bane NOR", "passenger_lines": "1", "railway": "rail", "service": "siding", "tunnel": "yes", "usage": "main", "voltage": "15000", "length_km": 0.148, "maxspeed_kmh": 40.0}}, {"type": "Feature", "geometry": {"type": "LineString", "coordinates": [[5.720933, 60.4525727], [5.7208984, 60.4525722], [5.7198712, 60.4525543]]}, "properties": {"electrified": "contact_line", "frequency": "16.67", "gauge": "1435", "maxspeed": "80", "name": "Bergensbanen", "operator": "Bane NOR", "passenger_lines": "1", "railway": "rail", "usage": "main", "voltage": "15000", "length_km": 0.059, "maxspeed_kmh": 80.0}}, {"type": "Feature", "geometry": {"type": "LineString", "coordinates": [[5.7272988, 60.4542236], [5.7268462, 60.4540636], [5.7265139, 60.4539329], [5.7260401, 60.4537226], [5.7254466, 60.453446], [5.7250325, 60.4532657], [5.7246833, 60.4531314], [5.7244079, 60.453039], [5.7241221, 60.4529545], [5.7237268, 60.4528545], [5.7233175, 60.4527697], [5.7230023, 60.4527162], [5.7225739, 60.4526588], [5.7221376, 60.4526177], [5.7216482, 60.4525907], [5.720933, 60.4525727]]}, "properties": {"electrified": "contact_line", "frequency": "16.67", "gauge": "1435", "maxspeed": "80", "name": "Bergensbanen", "operator": "Bane NOR", "passenger_lines": "1", "railway": "rail", "tunnel": "yes", "usage": "main", "voltage": "15000", "length_km": 0.409, "maxspeed_kmh": 80.0}}, {"type": "Feature", "geometry": {"type": "LineString", "coordinates": [[5.724321, 60.5291261], [5.724343, 60.5290283], [5.7247401, 60.527896], [5.7248091, 60.5276829], [5.7248507, 60.5274875], [5.724864, 60.5273417], [5.7248377, 60.5270874], [5.7248087, 60.5269376], [5.7247607, 60.5267926], [5.7246214, 60.5264943], [5.7245387, 60.5263443], [5.7244732, 60.526198], [5.7244196, 60.5260537], [5.7243897, 60.5259172], [5.7243796, 60.5257664], [5.7243897, 60.5256253], [5.7244167, 60.5255016], [5.7244713, 60.5253589], [5.7245234, 60.5252364], [5.7247772, 60.52476], [5.7248679, 60.5245396], [5.7248988, 60.5244213], [5.7249154, 60.5243152], [5.724922, 60.5241904], [5.7248907, 60.5239354], [5.7248418, 60.5237763], [5.7247578, 60.5235812], [5.7245688, 60.5232111], [5.7245043, 60.5230482], [5.7244572, 60.5228864], [5.7244381, 60.5227206], [5.724425, 60.5222596], [5.7244333, 60.5220367]]}, "properties": {"electrified": "contact_line", "frequency": "16.67", "gauge": "1435", "maxspeed": "60", "name": "Bergensbanen", "operator": "Bane NOR", "passenger_lines": "1", "railway": "rail", "usage": "main", "voltage": "15000", "length_km": 0.803, "maxspeed_kmh": 60.0}}, {"type": "Feature", "geometry": {"type": "LineString", "coordinates": [[5.726241, 60.5116087], [5.7263501, 60.5113413], [5.7265531, 60.5108089], [5.7266932, 60.5102824], [5.7270395, 60.5086729], [5.7276696, 60.5060054], [5.7278655, 60.5050625], [5.7278834, 60.5049682]]}, "properties": {"electrified": "contact_line", "frequency": "16.67", "gauge": "1435", "maxspeed": "110", "name": "Bergensbanen", "operator": "Bane NOR", "passenger_lines": "1", "railway": "rail", "tunnel": "yes", "usage": "main", "voltage": "15000", "length_km": 0.748, "maxspeed_kmh": 110.0}}, {"type": "Feature", "geometry": {"type": "LineString", "coordinates": [[5.7290653, 60.5023896], [5.7292272, 60.5022793], [5.7295189, 60.5021141], [5.730103, 60.5017989], [5.730452, 60.5015977], [5.7306616, 60.5014572], [5.7308353, 60.5013264], [5.7309929, 60.5011906], [5.731177, 60.5010027], [5.7312947, 60.5008574], [5.7313948, 60.5007089], [5.7314599, 60.5005865], [5.731521, 60.5004558], [5.7315906, 60.500196], [5.7316043, 60.5000942], [5.7316119, 60.4999866]]}, "properties": {"electrified": "contact_line", "frequency": "16.67", "gauge": "1435", "maxspeed": "70", "name": "Bergensbanen", "operator": "Bane NOR", "passenger_lines": "1", "railway": "rail", "tunnel": "yes", "usage": "main", "voltage": "15000", "length_km": 0.312, "maxspeed_kmh": 70.0}}, {"type": "Feature", "geometry": {"type": "LineString", "coordinates": [[5.7389329, 60.4763346], [5.7390846, 60.4761337], [5.7392645, 60.4758485], [5.739825, 60.4747825]]}, "properties": {"electrified": "contact_line", "frequency": "16.67", "gauge": "1435", "maxspeed": "60", "name": "Bergensbanen", "operator": "Bane NOR", "passenger_lines": "1", "railway": "rail", "tunnel": "yes", "usage": "main", "voltage": "15000", "length_km": 0.18, "maxspeed_kmh": 60.0}}, {"type": "Feature", "geometry": {"type": "LineString", "coordinates": [[5.7386544, 60.4766592], [5.7388949, 60.4763801]]}, "properties": {"bridge": "yes", "electrified": "contact_line", "frequency": "16.67", "gauge": "1435", "maxspeed": "60", "name": "Bergensbanen", "operator": "Bane NOR", "passenger_lines": "1", "railway": "rail", "usage": "main", "voltage": "15000", "length_km": 0.034, "maxspeed_kmh": 60.0}}, {"type": "Feature", "geometry": {"type": "LineString", "coordinates": [[5.7388949, 60.4763801], [5.7389329, 60.4763346]]}, "properties": {"electrified": "contact_line", "frequency": "16.67", "gauge": "1435", "maxspeed": "60", "name": "Bergensbanen", "operator": "Bane NOR", "railway": "rail", "usage": "main", "voltage": "15000", "length_km": 0.005, "maxspeed_kmh": 60.0}}, {"type": "Feature", "geometry": {"type": "LineString", "coordinates": [[5.7408502, 60.4636145], [5.7407194, 60.4634401], [5.7402733, 60.462843], [5.7401141, 60.4626345], [5.7398949, 60.4623275], [5.7397565, 60.4621126], [5.7396742, 60.4619681], [5.739623, 60.4618582], [5.739544, 60.4616603], [5.739512, 60.4615463], [5.7394848, 60.461423], [5.7394572, 60.4612123], [5.7393641, 60.4596341], [5.7393553, 60.4595152], [5.7393391, 60.4593778]]}, "properties": {"electrified": "contact_line", "frequency": "16.67", "gauge": "1435", "maxspeed": "80", "name": "Bergensbanen", "operator": "Bane NOR", "passenger_lines": "1", "railway": "rail", "usage": "main", "voltage": "15000", "length_km": 0.486, "maxspeed_kmh": 80.0}}, {"type": "Feature", "geometry": {"type": "LineString", "coordinates": [[5.740918, 60.4637055], [5.7408502, 60.4636145]]}, "properties": {"bridge": "yes", "electrified": "contact_line", "frequency": "16.67", "gauge": "1435", "maxspeed": "80", "name": "Bergensbanen", "operator": "Bane NOR", "passenger_lines": "1", "railway": "rail", "usage": "main", "voltage": "15000", "length_km": 0.011, "maxspeed_kmh": 80.0}}, {"type": "Feature", "geometry": {"type": "LineString", "coordinates": [[5.6174929, 60.4286266], [5.6171692, 60.4286783], [5.6168235, 60.428735], [5.6166184, 60.4287624], [5.6163655, 60.4287886], [5.6160603, 60.4288113], [5.6157528, 60.4288243], [5.6155443, 60.4288289]]}, "properties": {"electrified": "contact_line", "frequency": "16.67", "gauge": "1435", "maxspeed": "50", "name": "Bergensbanen", "operator": "Bane NOR", "passenger_lines": "1", "railway": "rail", "tunnel": "yes", "usage": "main", "voltage": "15000", "length_km": 0.111, "maxspeed_kmh": 50.0}}, {"type": "Feature", "geometry": {"type": "LineString", "coordinates": [[5.6082367, 60.4290091], [5.6079596, 60.4290572], [5.6076287, 60.429113], [5.6073884, 60.4291489], [5.6071496, 60.4291794], [5.6067729, 60.4292207]]}, "properties": {"electrified": "contact_line", "frequency": "16.67", "gauge": "1435", "maxspeed": "50", "name": "Bergensbanen", "operator": "Bane NOR", "passenger_lines": "1", "railway": "rail", "usage": "main", "voltage": "15000", "length_km": 0.084, "maxspeed_kmh": 50.0}}, {"type": "Feature", "geometry": {"type": "LineString", "coordinates": [[5.6117689, 60.4287155], [5.6112567, 60.4286979]]}, "properties": {"electrified": "contact_line", "frequency": "16.67", "gauge": "1435", "maxspeed": "50", "name": "Bergensbanen", "operator": "Bane NOR", "passenger_lines": "1", "railway": "rail", "tunnel": "yes", "usage": "main", "voltage": "15000", "length_km": 0.028, "maxspeed_kmh": 50.0}}, {"type": "Feature", "geometry": {"type": "LineString", "coordinates": [[5.6063422, 60.4292526], [5.6058238, 60.429274], [5.6054891, 60.4292791], [5.6018855, 60.4292846], [5.6015392, 60.4292845], [5.6009876, 60.4292758]]}, "properties": {"electrified": "contact_line", "frequency": "16.67", "gauge": "1435", "maxspeed": "60", "name": "Bergensbanen", "operator": "Bane NOR", "passenger_lines": "1", "railway": "rail", "tunnel": "yes", "usage": "main", "voltage": "15000", "length_km": 0.296, "maxspeed_kmh": 60.0}}, {"type": "Feature", "geometry": {"type": "LineString", "coordinates": [[5.739825, 60.4747825], [5.7398879, 60.4746855], [5.7399568, 60.4745927], [5.7400167, 60.4745219], [5.7401311, 60.4744036], [5.7402572, 60.4742969], [5.7403973, 60.4741907], [5.7405006, 60.4741181], [5.7407148, 60.4739948], [5.7408915, 60.4739045], [5.7410696, 60.4738223], [5.7413295, 60.4737143], [5.7421326, 60.473396], [5.7423245, 60.4733103], [5.7425144, 60.4732138], [5.7426711, 60.4731269], [5.7427902, 60.4730523], [5.7432273, 60.4727433], [5.7434482, 60.4725807]]}, "properties": {"electrified": "contact_line", "frequency": "16.67", "gauge": "1435", "maxspeed": "60", "name": "Bergensbanen", "operator": "Bane NOR", "passenger_lines": "1", "railway": "rail", "usage": "main", "voltage": "15000", "length_km": 0.322, "maxspeed_kmh": 60.0}}, {"type": "Feature", "geometry": {"type": "LineString", "coordinates": [[5.7437817, 60.4723294], [5.7440404, 60.4721342], [5.7442129, 60.471995], [5.7443495, 60.4718651], [5.7444172, 60.4717908]]}, "properties": {"electrified": "contact_line", "frequency": "16.67", "gauge": "1435", "maxspeed": "50", "name": "Bergensbanen", "operator": "Bane NOR", "passenger_lines": "1", "railway": "rail", "tunnel": "yes", "usage": "main", "voltage": "15000", "length_km": 0.07, "maxspeed_kmh": 50.0}}, {"type": "Feature", "geometry": {"type": "LineString", "coordinates": [[5.5419742, 60.4227652], [5.5414888, 60.4227419], [5.5411433, 60.4227176], [5.5407212, 60.4226817], [5.540375, 60.4226509]]}, "properties": {"electrified": "contact_line", "frequency": "16.67", "gauge": "1435", "maxspeed": "100", "name": "Bergensbanen", "operator": "Bane NOR", "passenger_lines": "1", "railway": "rail", "usage": "main", "voltage": "15000", "length_km": 0.089, "maxspeed_kmh": 100.0}}, {"type": "Feature", "geometry": {"type": "LineString", "coordinates": [[5.5486108, 60.4227344], [5.5482498, 60.4227379]]}, "properties": {"electrified": "contact_line", "frequency": "16.67", "gauge": "1435", "maxspeed": "100", "name": "Bergensbanen", "operator": "Bane NOR", "passenger_lines": "1", "railway": "rail", "usage": "main", "voltage": "15000", "length_km": 0.02, "maxspeed_kmh": 100.0}}, {"type": "Feature", "geometry": {"type": "LineString", "coordinates": [[5.5473962, 60.4227417], [5.5420902, 60.4227663], [5.5419742, 60.4227652]]}, "properties": {"electrified": "contact_line", "frequency": "16.67", "gauge": "1435", "maxspeed": "100", "name": "Bergensbanen", "operator": "Bane NOR", "passenger_lines": "1", "railway": "rail", "tunnel": "yes", "usage": "main", "voltage": "15000", "length_km": 0.3, "maxspeed_kmh": 100.0}}, {"type": "Feature", "geometry": {"type": "LineString", "coordinates": [[5.5482498, 60.4227379], [5.5480101, 60.4227396]]}, "properties": {"bridge": "yes", "electrified": "contact_line", "frequency": "16.67", "gauge": "1435", "maxspeed": "100", "name": "Bergensbanen", "operator": "Bane NOR", "passenger_lines": "1", "railway": "rail", "usage": "main", "voltage": "15000", "length_km": 0.013, "maxspeed_kmh": 100.0}}, {"type": "Feature", "geometry": {"type": "LineString", "coordinates": [[5.5544398, 60.4226793], [5.5486108, 60.4227344]]}, "properties": {"electrified": "contact_line", "frequency": "16.67", "gauge": "1435", "maxspeed": "100", "name": "Bergensbanen", "operator": "Bane NOR", "railway": "rail", "tunnel": "yes", "usage": "main", "voltage": "15000", "length_km": 0.322, "maxspeed_kmh": 100.0}}, {"type": "Feature", "geometry": {"type": "LineString", "coordinates": [[5.6103412, 60.4286861], [5.6100905, 60.4286962], [5.6098703, 60.4287117], [5.6097538, 60.4287247]]}, "properties": {"electrified": "contact_line", "frequency": "16.67", "gauge": "1435", "maxspeed": "50", "name": "Bergensbanen", "operator": "Bane NOR", "passenger_lines": "1", "railway": "rail", "usage": "main", "voltage": "15000", "length_km": 0.033, "maxspeed_kmh": 50.0}}, {"type": "Feature", "geometry": {"type": "LineString", "coordinates": [[5.6112567, 60.4286979], [5.6109986, 60.4286912], [5.6107608, 60.4286853], [5.6105012, 60.4286831]]}, "properties": {"electrified": "contact_line", "frequency": "16.67", "gauge": "1435", "maxspeed": "50", "name": "Bergensbanen", "operator": "Bane NOR", "passenger_lines": "1", "railway": "rail", "usage": "main", "voltage": "15000", "length_km": 0.042, "maxspeed_kmh": 50.0}}, {"type": "Feature", "geometry": {"type": "LineString", "coordinates": [[5.6105012, 60.4286831], [5.6103412, 60.4286861]]}, "properties": {"bridge": "yes", "electrified": "contact_line", "frequency": "16.67", "gauge": "1435", "maxspeed": "50", "name": "Bergensbanen", "operator": "Bane NOR", "passenger_lines": "1", "railway": "rail", "usage": "main", "voltage": "15000", "length_km": 0.009, "maxspeed_kmh": 50.0}}, {"type": "Feature", "geometry": {"type": "LineString", "coordinates": [[5.6097538, 60.4287247], [5.6095579, 60.4287475], [5.609304, 60.4287872], [5.6090544, 60.4288333], [5.6082367, 60.4290091]]}, "properties": {"electrified": "contact_line", "frequency": "16.67", "gauge": "1435", "maxspeed": "50", "name": "Bergensbanen", "operator": "Bane NOR", "passenger_lines": "1", "railway": "rail", "tunnel": "yes", "usage": "main", "voltage": "15000", "length_km": 0.09, "maxspeed_kmh": 50.0}}, {"type": "Feature", "geometry": {"type": "LineString", "coordinates": [[5.7618139, 60.574253], [5.7617285, 60.5741282], [5.7616479, 60.5739863], [5.7616097, 60.573903], [5.7615492, 60.5737325], [5.7615052, 60.5735409], [5.7614911, 60.5734556], [5.761473, 60.5732717], [5.7614422, 60.5726731], [5.7614324, 60.5725923], [5.7613782, 60.5723487], [5.7613043, 60.572157], [5.7612388, 60.5720309], [5.7611672, 60.5719142], [5.7609909, 60.5716837], [5.7608043, 60.5714869], [5.7605218, 60.5712306], [5.7603505, 60.5710901], [5.760125, 60.5709154], [5.7595671, 60.5705039]]}, "properties": {"electrified": "contact_line", "frequency": "16.67", "gauge": "1435", "maxspeed": "80", "name": "Bergensbanen", "operator": "Bane NOR", "passenger_lines": "1", "railway": "rail", "usage": "main", "voltage": "15000", "length_km": 0.446, "maxspeed_kmh": 80.0}}, {"type": "Feature", "geometry": {"type": "LineString", "coordinates": [[5.7678322, 60.5772762], [5.7674387, 60.5770673], [5.7670505, 60.5768714], [5.7665121, 60.5766161], [5.7660999, 60.5764324], [5.7656865, 60.5762561], [5.7632582, 60.5752391], [5.7628556, 60.5750519], [5.762615, 60.5749204], [5.7624245, 60.5748004], [5.7621954, 60.5746317], [5.762058, 60.5745176], [5.7619328, 60.5743938], [5.7618139, 60.574253]]}, "properties": {"electrified": "contact_line", "frequency": "16.67", "gauge": "1435", "maxspeed": "80", "name": "Bergensbanen", "operator": "Bane NOR", "passenger_lines": "1", "railway": "rail", "tunnel": "yes", "usage": "main", "voltage": "15000", "length_km": 0.477, "maxspeed_kmh": 80.0}}, {"type": "Feature", "geometry": {"type": "LineString", "coordinates": [[8.6160661, 60.6483942], [8.6158877, 60.6483532]]}, "properties": {"bridge": "yes", "electrified": "contact_line", "frequency": "16.67", "gauge": "1435", "maxspeed": "110", "name": "Bergensbanen", "operator": "Bane NOR", "passenger_lines": "1", "railway": "rail", "usage": "main", "voltage": "15000", "length_km": 0.011, "maxspeed_kmh": 110.0}}, {"type": "Feature", "geometry": {"type": "LineString", "coordinates": [[8.6091305, 60.6468293], [8.6089024, 60.6467816], [8.6083311, 60.6466748], [8.6078317, 60.6465991], [8.6074912, 60.6465576], [8.6071597, 60.6465247], [8.6067462, 60.646494], [8.6062398, 60.6464716], [8.6058014, 60.6464618], [8.6049976, 60.6464512], [8.6045742, 60.6464408], [8.6041471, 60.6464209], [8.6037361, 60.6463867], [8.6034085, 60.6463477], [8.6032546, 60.646326], [8.6028665, 60.6462587], [8.6025552, 60.646192], [8.6023889, 60.6461519], [8.6020956, 60.6460734], [8.601945, 60.6460274], [8.6017031, 60.6459478], [8.6014554, 60.645854], [8.6012322, 60.6457614], [8.6010218, 60.6456638], [8.6009215, 60.6456133], [8.6007068, 60.6454946], [8.6005047, 60.6453665], [8.6003013, 60.645224], [8.6001487, 60.6451003], [8.6000229, 60.6449983], [8.5985164, 60.6436231], [8.5980389, 60.6431901], [8.5978869, 60.6430593], [8.5976086, 60.6428311], [8.5973571, 60.6426443], [8.5971484, 60.6425042], [8.5969274, 60.6423648], [8.5966339, 60.6421952], [8.5964078, 60.6420754], [8.5961839, 60.6419621], [8.5957576, 60.641768], [8.5954205, 60.64163], [8.5951685, 60.6415355], [8.5942316, 60.6412057], [8.5938936, 60.6410812], [8.593718, 60.6410136], [8.5934387, 60.6408963], [8.5932188, 60.6407921], [8.5930322, 60.6406939], [8.5928219, 60.6405713], [8.5926231, 60.6404404], [8.5924465, 60.6403087], [8.5923611, 60.640238], [8.5922722, 60.6401589], [8.5921097, 60.6399993], [8.5918839, 60.6397484], [8.5917297, 60.6395639]]}, "properties": {"electrified": "contact_line", "frequency": "16.67", "gauge": "1435", "maxspeed": "80", "name": "Bergensbanen", "operator": "Bane NOR", "passenger_lines": "1", "railway": "rail", "usage": "main", "voltage": "15000", "length_km": 1.335, "maxspeed_kmh": 80.0}}, {"type": "Feature", "geometry": {"type": "LineString", "coordinates": [[5.8174391, 60.5931953], [5.8173824, 60.5930984], [5.8173001, 60.5929487], [5.8172746, 60.5928887], [5.8172265, 60.5927534], [5.8171972, 60.5926325], [5.8171687, 60.5924191], [5.8171696, 60.5922647], [5.8171937, 60.5920838], [5.8172165, 60.5919627], [5.8172781, 60.5917814], [5.8173865, 60.5915543], [5.8175031, 60.5913721], [5.8177588, 60.5910244], [5.8182093, 60.5904377], [5.8183164, 60.5902929], [5.8184328, 60.5901197], [5.8185124, 60.5899827], [5.818581, 60.5898284], [5.8186481, 60.5896273], [5.8186702, 60.5894953], [5.8186824, 60.5893043], [5.8186803, 60.589229], [5.8186765, 60.5891548], [5.8186701, 60.5890927]]}, "properties": {"electrified": "contact_line", "frequency": "16.67", "gauge": "1435", "maxspeed": "70", "name": "Bergensbanen", "operator": "Bane NOR", "passenger_lines": "1", "railway": "rail", "usage": "main", "voltage": "15000", "length_km": 0.472, "maxspeed_kmh": 70.0}}, {"type": "Feature", "geometry": {"type": "LineString", "coordinates": [[6.2055056, 60.6325087], [6.2053257, 60.6326389], [6.2049458, 60.632924], [6.2044766, 60.6333011], [6.204047, 60.6336461], [6.2038036, 60.6338339], [6.203696, 60.6339105], [6.2034365, 60.6340825], [6.2032169, 60.6342103], [6.2030559, 60.6342951], [6.2028992, 60.6343712], [6.2025745, 60.6345125], [6.2022413, 60.6346389], [6.2020667, 60.6346981], [6.2018821, 60.6347589]]}, "properties": {"electrified": "contact_line", "frequency": "16.67", "gauge": "1435", "maxspeed": "85", "name": "Bergensbanen", "operator": "Bane NOR", "railway": "rail", "usage": "main", "voltage": "15000", "length_km": 0.324, "maxspeed_kmh": 85.0}}, {"type": "Feature", "geometry": {"type": "LineString", "coordinates": [[6.2667966, 60.6321981], [6.2663999, 60.6321228], [6.2660356, 60.6320477]]}, "properties": {"electrified": "contact_line", "frequency": "16.67", "gauge": "1435", "maxspeed": "130", "name": "Bergensbanen", "operator": "Bane NOR", "railway": "rail", "usage": "main", "voltage": "15000", "length_km": 0.045, "maxspeed_kmh": 130.0}}, {"type": "Feature", "geometry": {"type": "LineString", "coordinates": [[6.2794147, 60.6316075], [6.2783908, 60.6318124], [6.2768058, 60.6321352], [6.2763207, 60.6322289], [6.2757521, 60.6323215], [6.2750453, 60.6324212], [6.2742638, 60.6325072], [6.2732086, 60.6325868], [6.2724106, 60.6326202], [6.2713432, 60.6326289], [6.2702776, 60.6325971], [6.2697475, 60.632566], [6.26922, 60.6325248], [6.2681772, 60.6324125], [6.2676632, 60.6323415], [6.2671552, 60.6322608], [6.2667966, 60.6321981]]}, "properties": {"electrified": "contact_line", "frequency": "16.67", "gauge": "1435", "maxspeed": "130", "name": "Bergensbanen", "operator": "Bane NOR", "railway": "rail", "tunnel": "yes", "usage": "main", "voltage": "15000", "length_km": 0.717, "maxspeed_kmh": 130.0}}, {"type": "Feature", "geometry": {"type": "LineString", "coordinates": [[6.2922878, 60.629257], [6.2917093, 60.6293223], [6.2914911, 60.6293489], [6.2913039, 60.6293726], [6.2908698, 60.6294295], [6.2904322, 60.629489], [6.2899635, 60.6295555], [6.2894111, 60.6296389], [6.2888307, 60.6297316], [6.2883601, 60.629811], [6.2877632, 60.6299156], [6.2873186, 60.6299981], [6.286736, 60.6301112], [6.2861543, 60.630226], [6.2853142, 60.6303962], [6.2844038, 60.6305824], [6.2826245, 60.6309462], [6.2812693, 60.6312243], [6.280909, 60.6312982], [6.2801961, 60.6314443]]}, "properties": {"electrified": "contact_line", "frequency": "16.67", "gauge": "1435", "maxspeed": "130", "name": "Bergensbanen", "operator": "Bane NOR", "railway": "rail", "usage": "main", "voltage": "15000", "length_km": 0.708, "maxspeed_kmh": 130.0}}, {"type": "Feature", "geometry": {"type": "LineString", "coordinates": [[6.3819506, 60.6226292], [6.3812318, 60.6225462], [6.3805152, 60.6224761], [6.3798846, 60.6224243], [6.3792511, 60.6223813], [6.3784337, 60.6223392], [6.377796, 60.6223167], [6.3770658, 60.6223021], [6.3764266, 60.6222989], [6.375696, 60.6223063], [6.3749664, 60.6223255], [6.3742382, 60.6223564], [6.3735128, 60.6223989], [6.3728806, 60.6224458], [6.3722514, 60.6225015], [6.3715367, 60.622576], [6.3710925, 60.6226284], [6.3704747, 60.6227092], [6.3694253, 60.6228647], [6.3432501, 60.6270006], [6.3417686, 60.6272294], [6.3404556, 60.6274218], [6.3388722, 60.6276397], [6.3374583, 60.6278218], [6.3357718, 60.6280234], [6.3343458, 60.6281809], [6.3328251, 60.628336], [6.3312994, 60.6284784], [6.3299492, 60.6285933], [6.328234, 60.6287247], [6.3269673, 60.6288111], [6.3254258, 60.6289044], [6.3240632, 60.628976], [6.3226987, 60.6290375], [6.3212411, 60.6290921], [6.3198733, 60.6291328], [6.318413, 60.629165], [6.3170433, 60.6291848], [6.3154905, 60.6291951], [6.3137546, 60.6291911], [6.3122932, 60.6291752], [6.3107414, 60.6291457], [6.3091908, 60.6291033], [6.3077329, 60.6290515], [6.3064585, 60.6289978], [6.3040022, 60.6288873], [6.3030913, 60.628852], [6.3020881, 60.6288232], [6.301449, 60.6288118], [6.3009011, 60.6288064], [6.3000789, 60.6288059], [6.2992568, 60.6288146], [6.2983442, 60.6288348], [6.2975239, 60.6288625], [6.2966143, 60.6289039], [6.2958884, 60.6289451], [6.2949833, 60.6290066], [6.2941718, 60.6290714], [6.2934532, 60.6291365], [6.2927173, 60.6292091]]}, "properties": {"electrified": "contact_line", "frequency": "16.67", "gauge": "1435", "maxspeed": "130", "name": "Bergensbanen", "operator": "Bane NOR", "railway": "rail", "tunnel": "yes", "usage": "main", "voltage": "15000", "length_km": 5.009, "maxspeed_kmh": 130.0}}, {"type": "Feature", "geometry": {"type": "LineString", "coordinates": [[7.0231466, 60.725174], [7.0230116, 60.7251684], [7.0227393, 60.7251586], [7.0224752, 60.7251514], [7.0222029, 60.725152], [7.021932, 60.7251579], [7.0214589, 60.7251841], [7.021188, 60.7252065], [7.0209196, 60.7252356], [7.0207687, 60.7252529]]}, "properties": {"electrified": "contact_line", "frequency": "16.67", "gauge": "1435", "maxspeed": "70", "name": "Bergensbanen", "operator": "Bane NOR", "passenger_lines": "1", "railway": "rail", "tunnel": "avalanche_protector", "usage": "main", "voltage": "15000", "length_km": 0.131, "maxspeed_kmh": 70.0}}, {"type": "Feature", "geometry": {"type": "LineString", "coordinates": [[7.0199585, 60.7253997], [7.0189674, 60.7256125], [7.0187471, 60.725658], [7.0183309, 60.7257367], [7.0179265, 60.7258005], [7.0177568, 60.7258236], [7.0173206, 60.7258728], [7.0168598, 60.7259089], [7.0166165, 60.7259196], [7.0163732, 60.7259285], [7.0160816, 60.7259312], [7.0158286, 60.7259281], [7.0153782, 60.7259103], [7.0151388, 60.7258942], [7.0146172, 60.7258435], [7.0141831, 60.7257818], [7.0140129, 60.7257537], [7.0139009, 60.7257338], [7.0132815, 60.725614], [7.011658, 60.7252865], [7.010167, 60.7249853], [7.0093607, 60.7248258], [7.0090426, 60.7247673], [7.0086729, 60.7247087], [7.0084639, 60.7246805], [7.0079798, 60.7246251], [7.0076389, 60.7245989], [7.0071055, 60.7245711], [7.0065675, 60.7245635], [7.0057236, 60.7245673], [7.0053304, 60.7245648], [7.004996, 60.7245557], [7.0048352, 60.7245461], [7.0045344, 60.7245236], [7.004275, 60.7244956]]}, "properties": {"electrified": "contact_line", "frequency": "16.67", "gauge": "1435", "maxspeed": "70", "name": "Bergensbanen", "operator": "Bane NOR", "passenger_lines": "1", "railway": "rail", "usage": "main", "voltage": "15000", "length_km": 0.895, "maxspeed_kmh": 70.0}}, {"type": "Feature", "geometry": {"type": "LineString", "coordinates": [[7.0038946, 60.7244423], [7.0035508, 60.7243803], [7.0033825, 60.7243447], [7.0031353, 60.7242859], [7.0028949, 60.7242205], [7.0027389, 60.7241734], [7.0024377, 60.7240711], [7.0022223, 60.7239875], [7.0020841, 60.7239286], [7.00195, 60.7238673], [7.0017579, 60.723771], [7.0015188, 60.723635], [7.0013004, 60.7234909], [7.0011647, 60.7233893]]}, "properties": {"electrified": "contact_line", "frequency": "16.67", "gauge": "1435", "maxspeed": "70", "name": "Bergensbanen", "operator": "Bane NOR", "passenger_lines": "1", "railway": "rail", "tunnel": "yes", "usage": "main", "voltage": "15000", "length_km": 0.194, "maxspeed_kmh": 70.0}}, {"type": "Feature", "geometry": {"type": "LineString", "coordinates": [[6.9989233, 60.7215997], [6.9976324, 60.7205658], [6.9973454, 60.720308], [6.99723, 60.7201963], [6.9970797, 60.7200347], [6.9969455, 60.7198731], [6.9967951, 60.7196671], [6.9966459, 60.7194335], [6.9963747, 60.7188695], [6.9962511, 60.7186351], [6.996157, 60.7184859], [6.9960777, 60.7183755], [6.9959597, 60.718227], [6.9958359, 60.7180893], [6.9955974, 60.7178607], [6.9953708, 60.7176754], [6.9951859, 60.7175409], [6.9950464, 60.7174468], [6.9942421, 60.7169271], [6.9938533, 60.7166568], [6.9934381, 60.7163414], [6.9930384, 60.7160053]]}, "properties": {"electrified": "contact_line", "frequency": "16.67", "gauge": "1435", "maxspeed": "90", "name": "Bergensbanen", "operator": "Bane NOR", "passenger_lines": "1", "railway": "rail", "usage": "main", "voltage": "15000", "length_km": 0.709, "maxspeed_kmh": 90.0}}, {"type": "Feature", "geometry": {"type": "LineString", "coordinates": [[6.9876272, 60.7117598], [6.9873654, 60.711644], [6.9870184, 60.7114975], [6.986498, 60.7112923]]}, "properties": {"electrified": "contact_line", "frequency": "16.67", "gauge": "1435", "maxspeed": "90", "name": "Bergensbanen", "operator": "Bane NOR", "passenger_lines": "1", "railway": "rail", "tunnel": "yes", "usage": "main", "voltage": "15000", "length_km": 0.081, "maxspeed_kmh": 90.0}}, {"type": "Feature", "geometry": {"type": "LineString", "coordinates": [[6.9853741, 60.7108931], [6.9851992, 60.710836], [6.9847366, 60.7106925], [6.9843407, 60.7105796], [6.9840964, 60.7105118], [6.9824691, 60.7100693], [6.9794968, 60.709274], [6.9792428, 60.7092068], [6.9763296, 60.7084255], [6.9742357, 60.7078604], [6.973837, 60.707748], [6.973554, 60.7076619], [6.9732809, 60.7075727], [6.9729022, 60.7074339], [6.9724671, 60.7072562], [6.9722506, 60.7071583], [6.9720108, 60.7070431], [6.9717041, 60.7068823], [6.9715763, 60.7068105], [6.9712084, 60.7065848], [6.970979, 60.706427], [6.9706958, 60.7062138], [6.969724, 60.7054458], [6.9694973, 60.7052666], [6.9692158, 60.705054], [6.9689116, 60.704845], [6.9686031, 60.7046556], [6.9684449, 60.7045662], [6.9682934, 60.7044835], [6.9680071, 60.7043391], [6.9676585, 60.70418], [6.9674613, 60.7040971], [6.9670671, 60.7039414], [6.9667173, 60.7038102], [6.9662545, 60.7036468], [6.966007, 60.7035644], [6.9653843, 60.7033699], [6.9649359, 60.7032454], [6.9646971, 60.7031858], [6.9644141, 60.7031229], [6.9640486, 60.7030516], [6.9635846, 60.7029763], [6.9631319, 60.7029174], [6.962766, 60.7028763], [6.9619582, 60.7027964], [6.9611972, 60.7027153], [6.9607347, 60.7026595], [6.9600723, 60.7025681], [6.9594488, 60.7024654], [6.9592133, 60.7024294]]}, "properties": {"electrified": "contact_line", "frequency": "16.67", "gauge": "1435", "maxspeed": "90", "name": "Bergensbanen", "operator": "Bane NOR", "passenger_lines": "1", "railway": "rail", "usage": "main", "voltage": "15000", "length_km": 1.759, "maxspeed_kmh": 90.0}}, {"type": "Feature", "geometry": {"type": "LineString", "coordinates": [[6.9587572, 60.7023355], [6.9582606, 60.702226], [6.9577666, 60.7021082], [6.9574424, 60.7020246], [6.9570433, 60.7019146], [6.9568905, 60.7018722]]}, "properties": {"electrified": "contact_line", "frequency": "16.67", "gauge": "1435", "maxspeed": "90", "name": "Bergensbanen", "operator": "Bane NOR", "passenger_lines": "1", "railway": "rail", "tunnel": "yes", "usage": "main", "voltage": "15000", "length_km": 0.115, "maxspeed_kmh": 90.0}}, {"type": "Feature", "geometry": {"type": "LineString", "coordinates": [[6.9568905, 60.7018722], [6.9566898, 60.7018115], [6.9562807, 60.7016833], [6.9554077, 60.7013867], [6.9517344, 60.7001169], [6.9506078, 60.6997361], [6.9502459, 60.6996307], [6.9500938, 60.6995935], [6.9498952, 60.699547]]}, "properties": {"electrified": "contact_line", "frequency": "16.67", "gauge": "1435", "maxspeed": "90", "name": "Bergensbanen", "operator": "Bane NOR", "passenger_lines": "1", "railway": "rail", "usage": "main", "voltage": "15000", "length_km": 0.463, "maxspeed_kmh": 90.0}}, {"type": "Feature", "geometry": {"type": "LineString", "coordinates": [[6.9175466, 60.7062012], [6.9171983, 60.7061767], [6.9160899, 60.7061016], [6.9156968, 60.7060786], [6.9152808, 60.7060584], [6.9149226, 60.706046], [6.9145892, 60.7060371], [6.9139302, 60.7060316], [6.9133422, 60.7060387], [6.9129764, 60.706048], [6.9126446, 60.7060601], [6.9120607, 60.7060892], [6.9113011, 60.7061421], [6.9107244, 60.7061953], [6.910242, 60.7062467], [6.9099824, 60.7062765], [6.9092048, 60.7063811], [6.9087608, 60.7064511], [6.908187, 60.7065514], [6.9078578, 60.706614], [6.9074126, 60.706705], [6.9070466, 60.706787], [6.9068203, 60.7068391], [6.906647, 60.706881]]}, "properties": {"electrified": "contact_line", "frequency": "16.67", "gauge": "1435", "maxspeed": "90", "name": "Bergensbanen", "operator": "Bane NOR", "passenger_lines": "1", "railway": "rail", "usage": "main", "voltage": "15000", "length_km": 0.612, "maxspeed_kmh": 90.0}}, {"type": "Feature", "geometry": {"type": "LineString", "coordinates": [[6.9406887, 60.7038699], [6.9402262, 60.7042212], [6.9397648, 60.7045291], [6.9395372, 60.7046697], [6.9392413, 60.7048409], [6.938933, 60.7050069], [6.9386779, 60.7051358], [6.9384154, 60.705261], [6.9380771, 60.7054122], [6.9377986, 60.7055289], [6.9375135, 60.7056416], [6.937222, 60.7057503], [6.9368487, 60.7058804], [6.9364664, 60.7060038], [6.9360752, 60.7061205], [6.9357563, 60.7062088], [6.9353507, 60.7063129], [6.9349376, 60.7064098], [6.9346024, 60.7064822], [6.9341775, 60.7065659], [6.9338334, 60.7066275], [6.933223, 60.7067236], [6.9326037, 60.7068046], [6.9319769, 60.7068704], [6.9313441, 60.7069207], [6.9308894, 60.7069472], [6.9306157, 60.7069592], [6.9303415, 60.7069683], [6.9298841, 60.7069772], [6.9295176, 60.7069784], [6.9291513, 60.7069746], [6.9286941, 60.7069626], [6.9283291, 60.7069473], [6.9275109, 60.7068984], [6.9204245, 60.7064028]]}, "properties": {"electrified": "contact_line", "frequency": "16.67", "gauge": "1435", "maxspeed": "90", "name": "Bergensbanen", "operator": "Bane NOR", "passenger_lines": "1", "railway": "rail", "tunnel": "yes", "usage": "main", "voltage": "15000", "length_km": 1.238, "maxspeed_kmh": 90.0}}, {"type": "Feature", "geometry": {"type": "LineString", "coordinates": [[6.9487783, 60.6993909], [6.9485056, 60.6993746], [6.9482315, 60.6993664], [6.9478653, 60.6993681], [6.9475914, 60.6993788], [6.9473194, 60.6993975], [6.9469614, 60.699435], [6.9466105, 60.6994863], [6.9463536, 60.6995339], [6.9460711, 60.6995952]]}, "properties": {"electrified": "contact_line", "frequency": "16.67", "gauge": "1435", "maxspeed": "60", "name": "Bergensbanen", "operator": "Bane NOR", "passenger_lines": "1", "railway": "rail", "tunnel": "yes", "usage": "main", "voltage": "15000", "length_km": 0.152, "maxspeed_kmh": 60.0}}, {"type": "Feature", "geometry": {"type": "LineString", "coordinates": [[6.8999941, 60.7089372], [6.8995234, 60.7089912], [6.899238, 60.709014], [6.8989551, 60.7090283], [6.8985172, 60.7090364], [6.8983098, 60.7090348], [6.898074, 60.7090277], [6.8977418, 60.7090108], [6.8974882, 60.7089898], [6.8972548, 60.708965], [6.8970012, 60.7089339], [6.8966323, 60.7088744], [6.8964114, 60.7088328], [6.8960371, 60.7087485], [6.8958027, 60.7086869], [6.8955968, 60.7086264], [6.8953449, 60.7085437], [6.8950728, 60.7084415], [6.8949542, 60.7083972]]}, "properties": {"electrified": "contact_line", "frequency": "16.67", "gauge": "1435", "maxspeed": "80", "name": "Bergensbanen", "operator": "Bane NOR", "passenger_lines": "1", "railway": "rail", "usage": "main", "voltage": "15000", "length_km": 0.294, "maxspeed_kmh": 80.0}}, {"type": "Feature", "geometry": {"type": "LineString", "coordinates": [[6.9002751, 60.708894], [6.9001445, 60.7089153], [6.8999941, 60.7089372]]}, "properties": {"bridge": "yes", "electrified": "contact_line", "frequency": "16.67", "gauge": "1435", "maxspeed": "80", "name": "Bergensbanen", "operator": "Bane NOR", "passenger_lines": "1", "railway": "rail", "usage": "main", "voltage": "15000", "length_km": 0.016, "maxspeed_kmh": 80.0}}, {"type": "Feature", "geometry": {"type": "LineString", "coordinates": [[6.906647, 60.706881], [6.906124, 60.7070156], [6.9057249, 60.7071255], [6.9050993, 60.7073125], [6.9047172, 60.7074361], [6.9044163, 60.7075387], [6.9039733, 60.7076979], [6.9020019, 60.7084296], [6.9016305, 60.7085609], [6.9014512, 60.7086187]]}, "properties": {"electrified": "contact_line", "frequency": "16.67", "gauge": "1435", "maxspeed": "90", "name": "Bergensbanen", "operator": "Bane NOR", "passenger_lines": "1", "railway": "rail", "tunnel": "yes", "usage": "main", "voltage": "15000", "length_km": 0.345, "maxspeed_kmh": 90.0}}, {"type": "Feature", "geometry": {"type": "LineString", "coordinates": [[6.9013145, 60.7086619], [6.9011404, 60.7087081], [6.9009444, 60.7087583], [6.9007142, 60.7088098], [6.9005227, 60.7088495], [6.9002751, 60.708894]]}, "properties": {"electrified": "contact_line", "frequency": "16.67", "gauge": "1435", "maxspeed": "80", "name": "Bergensbanen", "operator": "Bane NOR", "passenger_lines": "1", "railway": "rail", "usage": "main", "voltage": "15000", "length_km": 0.063, "maxspeed_kmh": 80.0}}, {"type": "Feature", "geometry": {"type": "LineString", "coordinates": [[6.8456666, 60.6980534], [6.8454752, 60.6980082], [6.8452451, 60.697945], [6.8450128, 60.6978732], [6.8447896, 60.6977948], [6.8445765, 60.6977099], [6.8443741, 60.6976188], [6.8441832, 60.6975221], [6.8440045, 60.6974199], [6.8438385, 60.6973125], [6.8436861, 60.6972005], [6.8435476, 60.6970843], [6.8434236, 60.6969641], [6.8433492, 60.6968822], [6.8432207, 60.696714], [6.8431069, 60.6965179]]}, "properties": {"electrified": "contact_line", "frequency": "16.67", "gauge": "1435", "maxspeed": "60", "name": "Bergensbanen", "operator": "Bane NOR", "passenger_lines": "1", "railway": "rail", "tunnel": "yes", "usage": "main", "voltage": "15000", "length_km": 0.229, "maxspeed_kmh": 60.0}}, {"type": "Feature", "geometry": {"type": "LineString", "coordinates": [[6.8469391, 60.6982356], [6.8468055, 60.6982248], [6.8465113, 60.6981949], [6.846162, 60.6981469]]}, "properties": {"electrified": "contact_line", "frequency": "16.67", "gauge": "1435", "maxspeed": "60", "name": "Bergensbanen", "operator": "Bane NOR", "passenger_lines": "1", "railway": "rail", "usage": "main", "voltage": "15000", "length_km": 0.044, "maxspeed_kmh": 60.0}}, {"type": "Feature", "geometry": {"type": "LineString", "coordinates": [[6.8474285, 60.6982564], [6.8472635, 60.6982519], [6.8471473, 60.6982472], [6.8469391, 60.6982356]]}, "properties": {"bridge": "yes", "electrified": "contact_line", "frequency": "16.67", "gauge": "1435", "maxspeed": "60", "name": "Bergensbanen", "operator": "Bane NOR", "passenger_lines": "1", "railway": "rail", "usage": "main", "voltage": "15000", "length_km": 0.027, "maxspeed_kmh": 60.0}}, {"type": "Feature", "geometry": {"type": "LineString", "coordinates": [[6.8078694, 60.6823757], [6.8078135, 60.6823081]]}, "properties": {"bridge": "yes", "electrified": "contact_line", "frequency": "16.67", "gauge": "1435", "maxspeed": "95", "name": "Bergensbanen", "operator": "Bane NOR", "passenger_lines": "1", "railway": "rail", "usage": "main", "voltage": "15000", "length_km": 0.008, "maxspeed_kmh": 95.0}}, {"type": "Feature", "geometry": {"type": "LineString", "coordinates": [[6.8078135, 60.6823081], [6.8077332, 60.6822047], [6.8075779, 60.6819947], [6.8074354, 60.6817737], [6.807323, 60.6815722], [6.8072517, 60.6814352], [6.8071408, 60.6811759], [6.8070581, 60.6809432], [6.8069936, 60.680713], [6.8069331, 60.6803957], [6.8068978, 60.6800641], [6.8068647, 60.6796038], [6.8068452, 60.6789543], [6.8068483, 60.6783229], [6.8068689, 60.6778156], [6.8068916, 60.6774528], [6.8069396, 60.6769323], [6.8069949, 60.6765026], [6.8070422, 60.6761996], [6.80717, 60.6755032], [6.8073261, 60.6748085], [6.8075941, 60.6738006], [6.8077195, 60.6733151], [6.8077683, 60.6730527], [6.807788, 60.6728497], [6.8077897, 60.6726441], [6.8077764, 60.6724574], [6.8077478, 60.6722748], [6.8077013, 60.6720762], [6.8076346, 60.6718722], [6.8075565, 60.6716876], [6.8075033, 60.6715765], [6.8073885, 60.6713718], [6.8072064, 60.6711046], [6.8069777, 60.6708288], [6.806781, 60.6706284], [6.8066617, 60.6705168], [6.8064284, 60.6703165], [6.8063298, 60.6702366], [6.8060806, 60.670055], [6.8058428, 60.6698937], [6.8056169, 60.6697537], [6.8054218, 60.6696436]]}, "properties": {"electrified": "contact_line", "frequency": "16.67", "gauge": "1435", "maxspeed": "95", "name": "Bergensbanen", "operator": "Bane NOR", "passenger_lines": "1", "railway": "rail", "usage": "main", "voltage": "15000", "length_km": 1.455, "maxspeed_kmh": 95.0}}, {"type": "Feature", "geometry": {"type": "LineString", "coordinates": [[6.8054218, 60.6696436], [6.8052539, 60.6695486]]}, "properties": {"bridge": "yes", "electrified": "contact_line", "frequency": "16.67", "gauge": "1435", "maxspeed": "95", "name": "Bergensbanen", "operator": "Bane NOR", "passenger_lines": "1", "railway": "rail", "usage": "main", "voltage": "15000", "length_km": 0.014, "maxspeed_kmh": 95.0}}, {"type": "Feature", "geometry": {"type": "LineString", "coordinates": [[6.802375, 60.6683282], [6.8020466, 60.6682235], [6.8018377, 60.668167], [6.8016371, 60.6681185], [6.8014336, 60.6680756], [6.8012155, 60.6680355], [6.8010015, 60.6680016], [6.8007872, 60.6679743], [6.8005871, 60.6679546], [6.8001699, 60.6679257], [6.7997509, 60.6679174], [6.7994699, 60.6679226], [6.7991684, 60.6679361], [6.7988417, 60.6679626], [6.7985375, 60.6679998], [6.7982345, 60.6680464], [6.7978695, 60.6681184], [6.7976444, 60.6681711], [6.7974283, 60.6682312], [6.7971648, 60.6683133], [6.796742, 60.6684704], [6.7960097, 60.6687705], [6.7955579, 60.6689444], [6.7953121, 60.6690269], [6.7951086, 60.6690898], [6.7947284, 60.6691966], [6.7945134, 60.6692521], [6.7942945, 60.6693026], [6.7940564, 60.6693544], [6.7935904, 60.6694389], [6.7933497, 60.6694784], [6.7928853, 60.6695398], [6.792194, 60.6696177], [6.7914788, 60.6696819], [6.791024, 60.6697147], [6.7904437, 60.6697497], [6.7900491, 60.669766], [6.7895883, 60.6697778], [6.7890224, 60.6697862], [6.7881408, 60.6697797], [6.7875916, 60.6697636], [6.7873341, 60.6697532], [6.7867347, 60.6697211], [6.786145, 60.6696765], [6.7857737, 60.6696445], [6.7851889, 60.6695877], [6.7850432, 60.6695758], [6.7845937, 60.6695146], [6.7832853, 60.6693312], [6.7830021, 60.669296], [6.7827377, 60.6692685], [6.7824721, 60.6692522], [6.7820704, 60.6692399], [6.781667, 60.6692429], [6.7812515, 60.6692673], [6.7802657, 60.6693565], [6.7799486, 60.6693811], [6.779615, 60.6693954], [6.7793396, 60.6694016], [6.7790274, 60.669395], [6.7787273, 60.6693804], [6.7784452, 60.6693565], [6.778204, 60.6693287], [6.7779776, 60.6692963], [6.7776749, 60.669244], [6.7774098, 60.6691866], [6.7771875, 60.6691311], [6.7769709, 60.6690713], [6.7767783, 60.6690102], [6.7765945, 60.6689439], [6.7763807, 60.6688589], [6.7762144, 60.6687854], [6.7760567, 60.6687124], [6.7760009, 60.6686851], [6.7757517, 60.668567], [6.7753848, 60.6683823], [6.7752092, 60.6683055], [6.7749927, 60.66822], [6.7746904, 60.6681179], [6.7744579, 60.6680485], [6.7742466, 60.6679964], [6.7739969, 60.6679411], [6.7735854, 60.6678693], [6.7733668, 60.6678401], [6.7731173, 60.6678136], [6.7728939, 60.6677944], [6.7726564, 60.6677818], [6.77242, 60.6677753], [6.7718426, 60.6677751]]}, "properties": {"electrified": "contact_line", "frequency": "16.67", "gauge": "1435", "maxspeed": "75", "name": "Bergensbanen", "operator": "Bane NOR", "passenger_lines": "1", "railway": "rail", "usage": "main", "voltage": "15000", "length_km": 1.795, "maxspeed_kmh": 75.0}}, {"type": "Feature", "geometry": {"type": "LineString", "coordinates": [[7.5029136, 60.6023401], [7.5032272, 60.6022302], [7.5036298, 60.6020855], [7.5040281, 60.6019387], [7.5044036, 60.6017988], [7.5045077, 60.6017583], [7.5046292, 60.6017109], [7.5048894, 60.6016097], [7.5051685, 60.6014974], [7.5054062, 60.6014001], [7.5057293, 60.6012651], [7.506029, 60.601137], [7.5062826, 60.6010285], [7.5066005, 60.6008896], [7.5068951, 60.6007575], [7.5070026, 60.6007112], [7.507344, 60.6005518], [7.5076397, 60.6004117], [7.507756, 60.6003563], [7.5082603, 60.6001085], [7.5085487, 60.5999637], [7.5088288, 60.5998197], [7.5091451, 60.5996541], [7.5093504, 60.599541]]}, "properties": {"electrified": "contact_line", "frequency": "16.67", "gauge": "1435", "maxspeed": "50", "name": "Bergensbanen", "passenger_lines": "2", "railway": "rail", "service": "siding", "voltage": "15000", "length_km": 0.473, "maxspeed_kmh": 50.0}}, {"type": "Feature", "geometry": {"type": "LineString", "coordinates": [[7.5022347, 60.6025733], [7.5026257, 60.6024601], [7.502765, 60.6024244], [7.5028757, 60.6023945], [7.5029798, 60.6023644], [7.5030525, 60.6023412], [7.5032893, 60.6022575], [7.5040751, 60.6019697], [7.5046801, 60.6017415], [7.5049269, 60.6016527], [7.5052334, 60.6015355], [7.5056347, 60.6013804], [7.5058894, 60.601277], [7.5060998, 60.6011832], [7.5063913, 60.6010542], [7.5066672, 60.6009352], [7.5069006, 60.6008296], [7.5069734, 60.6007969], [7.5073298, 60.6006359], [7.5074919, 60.6005562], [7.5081687, 60.6002449], [7.5082693, 60.6002009], [7.5084194, 60.6001262], [7.5086471, 60.6000045], [7.5087626, 60.5999415], [7.50892, 60.599856], [7.5089846, 60.5998198], [7.5090982, 60.599756]]}, "properties": {"electrified": "contact_line", "frequency": "16.67", "maxspeed": "40", "name": "Bergensbanen", "railway": "rail", "service": "siding", "voltage": "15000", "length_km": 0.492, "maxspeed_kmh": 40.0}}, {"type": "Feature", "geometry": {"type": "LineString", "coordinates": [[7.4913955, 60.603653], [7.4910588, 60.6036605], [7.4901476, 60.6036882], [7.4891473, 60.6037316], [7.4881496, 60.6037885], [7.4873359, 60.6038451], [7.4863454, 60.6039263], [7.4852704, 60.6040302], [7.4843797, 60.6041288], [7.4833177, 60.6042615], [7.4823519, 60.6043968], [7.4813073, 60.6045592], [7.4804446, 60.6047062], [7.4798453, 60.6048154], [7.4793347, 60.604913], [7.4784907, 60.6050841], [7.4775725, 60.6052841], [7.4765824, 60.6055148], [7.4755192, 60.6057745], [7.4437058, 60.6137432], [7.4420803, 60.6141528], [7.440787, 60.6144872], [7.4397431, 60.6147651], [7.4388645, 60.6150046], [7.4379903, 60.615248], [7.4368844, 60.6155635], [7.4359424, 60.6158389], [7.4350061, 60.6161189], [7.4332264, 60.6166674], [7.3930411, 60.6291339]]}, "properties": {"electrified": "contact_line", "frequency": "16.67", "gauge": "1435", "maxspeed": "160", "name": "Bergensbanen", "operator": "Bane NOR", "passenger_lines": "1", "railway": "rail", "tunnel": "yes", "usage": "main", "voltage": "15000", "length_km": 6.137, "maxspeed_kmh": 160.0}}, {"type": "Feature", "geometry": {"type": "LineString", "coordinates": [[7.6793914, 60.5517137], [7.6780031, 60.5517397], [7.6765436, 60.5517807], [7.6756492, 60.5518145], [7.6747632, 60.5518621], [7.6743111, 60.5518894], [7.6738859, 60.5519203], [7.6734546, 60.551953], [7.6725288, 60.5520371], [7.6717992, 60.5521128], [7.6710395, 60.5522014], [7.6702214, 60.5523096], [7.669774, 60.5523729], [7.6690939, 60.5524782], [7.6684377, 60.552587], [7.6674847, 60.5527597], [7.6664069, 60.5529759], [7.6651377, 60.5532498], [7.6639005, 60.5535264], [7.6629983, 60.5537228], [7.6617625, 60.5539794], [7.66133, 60.5540632], [7.6605916, 60.5541985], [7.659907, 60.5543146], [7.6594372, 60.5543886], [7.6586073, 60.5545103], [7.6579274, 60.5545992], [7.6571622, 60.5546907], [7.6566138, 60.5547499], [7.6559553, 60.5548135], [7.6552915, 60.5548703], [7.6546181, 60.5549196], [7.6537095, 60.5549749], [7.653146, 60.555003], [7.6521014, 60.5550388], [7.6512184, 60.5550558], [7.6508544, 60.5550591], [7.6499597, 60.5550578], [7.6493019, 60.5550484], [7.6489889, 60.5550422], [7.648019, 60.5550109], [7.6475125, 60.5549877], [7.6468976, 60.5549544], [7.6458035, 60.5548821], [7.6444288, 60.5547715], [7.6425831, 60.5546065], [7.6411438, 60.5544855], [7.6405237, 60.5544382], [7.6399683, 60.5544006], [7.6395432, 60.5543747], [7.6385451, 60.5543227], [7.6376187, 60.5542907], [7.6368036, 60.5542757], [7.6359494, 60.5542715], [7.6348506, 60.5542819], [7.6342115, 60.5542958], [7.6332013, 60.5543325], [7.6323263, 60.5543793]]}, "properties": {"electrified": "contact_line", "frequency": "16.67", "gauge": "1435", "maxspeed": "160", "name": "Bergensbanen", "operator": "Bane NOR", "passenger_lines": "1", "railway": "rail", "usage": "main", "voltage": "15000", "length_km": 2.651, "maxspeed_kmh": 160.0}}, {"type": "Feature", "geometry": {"type": "LineString", "coordinates": [[7.8073083, 60.5329166], [7.8071333, 60.5328973], [7.8068687, 60.5328639], [7.8065232, 60.5328069], [7.8061885, 60.5327358], [7.8059463, 60.5326737], [7.8057121, 60.5326042], [7.805561, 60.5325539], [7.805343, 60.5324729], [7.8051355, 60.5323853], [7.8049396, 60.5322914], [7.8047559, 60.5321917], [7.8045852, 60.5320865], [7.8044282, 60.5319763], [7.8042413, 60.5318222], [7.8041576, 60.5317425]]}, "properties": {"electrified": "contact_line", "frequency": "16.67", "gauge": "1435", "maxspeed": "70", "name": "Bergensbanen", "operator": "Bane NOR", "passenger_lines": "1", "railway": "rail", "tunnel": "yes", "usage": "main", "voltage": "15000", "length_km": 0.225, "maxspeed_kmh": 70.0}}, {"type": "Feature", "geometry": {"type": "LineString", "coordinates": [[6.4452559, 60.6396005], [6.4450792, 60.6396655], [6.4447895, 60.6397574], [6.4446295, 60.6398027], [6.4443607, 60.6398683], [6.4440743, 60.6399287], [6.4437461, 60.6399825], [6.4435929, 60.6400036], [6.4433933, 60.640027], [6.4430662, 60.6400553], [6.4428345, 60.640067], [6.4425108, 60.6400744], [6.4421412, 60.6400692], [6.441919, 60.640059], [6.4416264, 60.6400373], [6.4413755, 60.6400109], [6.4411573, 60.6399816], [6.440867, 60.639935], [6.4406136, 60.6398844], [6.4403859, 60.6398319], [6.4402491, 60.6397948], [6.4399872, 60.6397182], [6.4398068, 60.6396585], [6.4395032, 60.6395444], [6.4393082, 60.6394578], [6.4391687, 60.6393901], [6.4389874, 60.6392909], [6.4387496, 60.6391431]]}, "properties": {"electrified": "contact_line", "frequency": "16.67", "gauge": "1435", "maxspeed": "75", "name": "Bergensbanen", "operator": "Bane NOR", "passenger_lines": "1", "railway": "rail", "usage": "main", "voltage": "15000", "length_km": 0.402, "maxspeed_kmh": 75.0}}, {"type": "Feature", "geometry": {"type": "LineString", "coordinates": [[6.5369422, 60.6673625], [6.5367881, 60.6673086]]}, "properties": {"bridge": "yes", "electrified": "contact_line", "frequency": "16.67", "gauge": "1435", "maxspeed": "75", "name": "Bergensbanen", "operator": "Bane NOR", "passenger_lines": "1", "railway": "rail", "usage": "main", "voltage": "15000", "length_km": 0.01, "maxspeed_kmh": 75.0}}, {"type": "Feature", "geometry": {"type": "LineString", "coordinates": [[6.5435031, 60.6680155], [6.5432516, 60.6679744], [6.5429237, 60.6679263], [6.542256, 60.6678481], [6.5417484, 60.6678061], [6.5410654, 60.6677724], [6.5408095, 60.6677663], [6.5403862, 60.6677628], [6.5396912, 60.667763], [6.5393796, 60.6677592], [6.5390688, 60.6677484], [6.5388465, 60.6677348], [6.5385819, 60.6677113], [6.5384073, 60.6676913], [6.5381487, 60.667655], [6.5378923, 60.6676079]]}, "properties": {"electrified": "contact_line", "frequency": "16.67", "gauge": "1435", "maxspeed": "75", "name": "Bergensbanen", "operator": "Bane NOR", "passenger_lines": "1", "railway": "rail", "tunnel": "yes", "usage": "main", "voltage": "15000", "length_km": 0.313, "maxspeed_kmh": 75.0}}, {"type": "Feature", "geometry": {"type": "LineString", "coordinates": [[6.5487297, 60.6686791], [6.5485868, 60.6686842], [6.5481637, 60.6686878], [6.5479462, 60.6686848], [6.5475622, 60.6686646], [6.5473448, 60.6686487], [6.5468745, 60.6685984], [6.5466896, 60.6685739], [6.5462428, 60.6685029], [6.5440757, 60.6681155]]}, "properties": {"electrified": "contact_line", "frequency": "16.67", "gauge": "1435", "maxspeed": "50", "name": "Bergensbanen", "operator": "Bane NOR", "passenger_lines": "1", "railway": "rail", "usage": "main", "voltage": "15000", "length_km": 0.265, "maxspeed_kmh": 50.0}}, {"type": "Feature", "geometry": {"type": "LineString", "coordinates": [[6.5533276, 60.6683008], [6.5527313, 60.6683111], [6.5523873, 60.6683258], [6.5518741, 60.6683597], [6.5513456, 60.6684095], [6.5495274, 60.668616], [6.5492359, 60.6686445], [6.5489915, 60.6686639], [6.5487297, 60.6686791]]}, "properties": {"electrified": "contact_line", "frequency": "16.67", "gauge": "1435", "maxspeed": "50", "name": "Bergensbanen", "operator": "Bane NOR", "passenger_lines": "1", "railway": "rail", "tunnel": "yes", "usage": "main", "voltage": "15000", "length_km": 0.256, "maxspeed_kmh": 50.0}}, {"type": "Feature", "geometry": {"type": "LineString", "coordinates": [[6.5567772, 60.6687526], [6.5565654, 60.6686827], [6.5563491, 60.6686181], [6.5559244, 60.6685172], [6.5556342, 60.6684612], [6.5554729, 60.6684351], [6.5551225, 60.6683891], [6.5547551, 60.6683545], [6.5545747, 60.668341], [6.55422, 60.6683214], [6.5536657, 60.668303], [6.5533276, 60.6683008]]}, "properties": {"electrified": "contact_line", "frequency": "16.67", "gauge": "1435", "maxspeed": "50", "name": "Bergensbanen", "operator": "Bane NOR", "passenger_lines": "1", "railway": "rail", "usage": "main", "voltage": "15000", "length_km": 0.199, "maxspeed_kmh": 50.0}}, {"type": "Feature", "geometry": {"type": "LineString", "coordinates": [[6.5581768, 60.67167], [6.5583493, 60.6714266], [6.5584692, 60.6712517], [6.5585867, 60.6710342], [6.5586546, 60.6708361], [6.5586829, 60.6706711]]}, "properties": {"electrified": "contact_line", "frequency": "16.67", "gauge": "1435", "maxspeed": "50", "name": "Bergensbanen", "operator": "Bane NOR", "passenger_lines": "1", "railway": "rail", "usage": "main", "voltage": "15000", "length_km": 0.115, "maxspeed_kmh": 50.0}}, {"type": "Feature", "geometry": {"type": "LineString", "coordinates": [[6.5586829, 60.6706711], [6.5586867, 60.6705985], [6.5586783, 60.6704319], [6.5586406, 60.6702545], [6.5585536, 60.6700358], [6.55848, 60.669907], [6.5583911, 60.6697806], [6.5582489, 60.6696165], [6.558125, 60.6694974], [6.5579867, 60.6693822], [6.5577811, 60.6692351], [6.5575523, 60.6690966], [6.5573664, 60.6689988], [6.5571004, 60.6688772], [6.5567772, 60.6687526]]}, "properties": {"electrified": "contact_line", "frequency": "16.67", "gauge": "1435", "maxspeed": "50", "name": "Bergensbanen", "operator": "Bane NOR", "passenger_lines": "1", "railway": "rail", "tunnel": "yes", "usage": "main", "voltage": "15000", "length_km": 0.248, "maxspeed_kmh": 50.0}}, {"type": "Feature", "geometry": {"type": "LineString", "coordinates": [[6.5794217, 60.6795132], [6.5778292, 60.6795377], [6.5772677, 60.6795416], [6.5770086, 60.679539], [6.5767501, 60.6795308], [6.5764912, 60.6795153], [6.5762362, 60.679494]]}, "properties": {"electrified": "contact_line", "frequency": "16.67", "gauge": "1435", "maxspeed": "75", "name": "Bergensbanen", "operator": "Bane NOR", "passenger_lines": "1", "railway": "rail", "tunnel": "yes", "usage": "main", "voltage": "15000", "length_km": 0.175, "maxspeed_kmh": 75.0}}, {"type": "Feature", "geometry": {"type": "LineString", "coordinates": [[6.575591, 60.6793986], [6.5754397, 60.6793708], [6.5752161, 60.6793226], [6.5750047, 60.6792672], [6.5747927, 60.6792057], [6.5746214, 60.67915], [6.5744122, 60.6790754], [6.5740312, 60.6789159], [6.5732392, 60.6785537], [6.5730273, 60.678466], [6.5728301, 60.6783912], [6.5725992, 60.6783143], [6.5724536, 60.6782709], [6.5721578, 60.6781942], [6.5720344, 60.6781641], [6.5718702, 60.6781299], [6.5716632, 60.6780922], [6.5712307, 60.6780325], [6.5710198, 60.6780102], [6.570625, 60.6779812], [6.5695336, 60.6779198], [6.5689969, 60.677866], [6.568644, 60.6778129], [6.5684413, 60.6777757], [6.5682466, 60.6777328], [6.5678694, 60.6776378], [6.5675173, 60.6775276], [6.5670915, 60.6773725], [6.5667207, 60.6772318], [6.5663006, 60.6770817], [6.5658455, 60.6769341], [6.5652694, 60.6767652], [6.5645645, 60.6765937], [6.5640743, 60.6764878], [6.5630787, 60.6762842], [6.5624888, 60.6761489], [6.5620051, 60.6760238], [6.5615434, 60.6758927], [6.5612377, 60.6757992], [6.5608085, 60.6756561], [6.5605331, 60.6755569], [6.5602136, 60.675435], [6.5598528, 60.6752889], [6.5593796, 60.6750793], [6.5591277, 60.6749592], [6.5589188, 60.6748535], [6.558562, 60.6746592], [6.5582646, 60.6744783], [6.5581341, 60.6743882], [6.5580158, 60.674298], [6.5578834, 60.6741829], [6.5577714, 60.6740682], [6.5576564, 60.6739314], [6.5575765, 60.6738181], [6.5575213, 60.6737233], [6.5574607, 60.673597], [6.5574216, 60.6734845], [6.5573907, 60.6733593], [6.5573753, 60.6732505], [6.5573674, 60.6731572]]}, "properties": {"electrified": "contact_line", "frequency": "16.67", "gauge": "1435", "maxspeed": "75", "name": "Bergensbanen", "operator": "Bane NOR", "passenger_lines": "1", "railway": "rail", "usage": "main", "voltage": "15000", "length_km": 1.275, "maxspeed_kmh": 75.0}}, {"type": "Feature", "geometry": {"type": "LineString", "coordinates": [[6.6585893, 60.6785874], [6.6583631, 60.6785625], [6.6570708, 60.678434], [6.6559343, 60.6783296], [6.6553957, 60.6782865], [6.6549466, 60.6782583], [6.6545482, 60.6782416], [6.6543139, 60.678236], [6.65387, 60.6782331], [6.6535998, 60.6782371], [6.6531396, 60.6782521], [6.6526135, 60.6782844], [6.6521949, 60.678319], [6.6518654, 60.6783535], [6.6513807, 60.6784128], [6.6508651, 60.6784845], [6.650178, 60.6785882], [6.6496626, 60.6786699], [6.6487065, 60.6788331], [6.6478698, 60.678991], [6.6474751, 60.6790764], [6.6471228, 60.6791612], [6.646773, 60.6792541], [6.646432, 60.6793523], [6.6459461, 60.6795067], [6.644926, 60.679845], [6.6447403, 60.6799024], [6.6444525, 60.6799846], [6.6440566, 60.6800864], [6.6435937, 60.6801863], [6.6431727, 60.680261], [6.6428625, 60.6803072], [6.6423795, 60.680366], [6.641972, 60.6804035], [6.6417642, 60.6804176], [6.6413967, 60.6804348], [6.6411388, 60.6804406], [6.6409173, 60.6804438], [6.64066, 60.680442], [6.6401742, 60.6804277], [6.6396666, 60.6803996], [6.6376855, 60.6802564], [6.6374241, 60.6802381], [6.6349882, 60.6800586], [6.6344308, 60.6800207], [6.633968, 60.6799957], [6.6337498, 60.6799886], [6.6334773, 60.6799819], [6.6330639, 60.679978], [6.6324243, 60.6799884], [6.6321231, 60.6799988], [6.6317999, 60.6800153], [6.6311925, 60.6800592], [6.6304478, 60.6801248]]}, "properties": {"electrified": "contact_line", "frequency": "16.67", "gauge": "1435", "maxspeed": "90", "name": "Bergensbanen", "operator": "Bane NOR", "passenger_lines": "1", "railway": "rail", "usage": "main", "voltage": "15000", "length_km": 1.602, "maxspeed_kmh": 90.0}}, {"type": "Feature", "geometry": {"type": "LineString", "coordinates": [[6.705068, 60.6717859], [6.7049036, 60.6717916], [6.7046515, 60.671806], [6.7043712, 60.6718294], [6.7042133, 60.6718467], [6.7039414, 60.6718828], [6.7037997, 60.6719057], [6.7034961, 60.6719633], [6.7032281, 60.6720244], [6.7029501, 60.6720993], [6.7028044, 60.6721432], [6.7025693, 60.6722229], [6.7024486, 60.6722687], [6.7022139, 60.6723668], [6.7019222, 60.6725082], [6.7016583, 60.6726635], [6.7014967, 60.6727762], [6.7013189, 60.6729142], [6.7012039, 60.6730204], [6.7010733, 60.6731571], [6.7009023, 60.6733844], [6.7005487, 60.6739633], [6.7003431, 60.6742528], [6.7001779, 60.6744435], [6.7000698, 60.6745551], [6.6998771, 60.6747321], [6.6996954, 60.674882], [6.699406, 60.6750933], [6.6992282, 60.6752099], [6.6990631, 60.6753082], [6.6989348, 60.6753816], [6.6986898, 60.675511], [6.6983842, 60.675657], [6.6980963, 60.6757809], [6.6979374, 60.6758436], [6.6976022, 60.6759662], [6.6972323, 60.6760864], [6.6968877, 60.6761867], [6.6965254, 60.6762808], [6.6963411, 60.6763246], [6.6946562, 60.6766997], [6.6940608, 60.67684], [6.6934989, 60.6769794], [6.6928824, 60.6771405], [6.6919303, 60.6774041], [6.6913549, 60.6775722], [6.690689, 60.6777771], [6.6903504, 60.6778905], [6.6901994, 60.6779456], [6.6899129, 60.6780561], [6.6896202, 60.6781852], [6.6893701, 60.6783097], [6.6885898, 60.6787176], [6.6883981, 60.6788101], [6.6880917, 60.6789477], [6.6877442, 60.6790877], [6.6875165, 60.6791693], [6.6873596, 60.6792229], [6.6869738, 60.6793416], [6.6865964, 60.6794445], [6.6861629, 60.6795547], [6.6809722, 60.6808301], [6.6807568, 60.6808859], [6.6804408, 60.6809769]]}, "properties": {"electrified": "contact_line", "frequency": "16.67", "gauge": "1435", "maxspeed": "75", "name": "Bergensbanen", "operator": "Bane NOR", "passenger_lines": "1", "railway": "rail", "usage": "main", "voltage": "15000", "length_km": 1.758, "maxspeed_kmh": 75.0}}, {"type": "Feature", "geometry": {"type": "LineString", "coordinates": [[6.7137923, 60.67451], [6.7136219, 60.6743261], [6.7133862, 60.674126], [6.7132364, 60.6740183], [6.7130172, 60.6738818], [6.7127769, 60.673754], [6.7125108, 60.6736331], [6.71217, 60.6734998], [6.7113626, 60.6732156], [6.7101936, 60.6728324], [6.7095982, 60.672649], [6.7089957, 60.6724712], [6.7083865, 60.6722991], [6.7075568, 60.6720769], [6.707297, 60.672013], [6.7070764, 60.6719639], [6.7068619, 60.6719221], [6.7066024, 60.6718795], [6.7062491, 60.6718347], [6.7059798, 60.6718104], [6.7057082, 60.6717939], [6.7054351, 60.6717854], [6.705068, 60.6717859]]}, "properties": {"electrified": "contact_line", "frequency": "16.67", "gauge": "1435", "maxspeed": "75", "name": "Bergensbanen", "operator": "Bane NOR", "passenger_lines": "1", "railway": "rail", "tunnel": "yes", "usage": "main", "voltage": "15000", "length_km": 0.586, "maxspeed_kmh": 75.0}}, {"type": "Feature", "geometry": {"type": "LineString", "coordinates": [[6.9416588, 60.7031226], [6.9414783, 60.7032628], [6.9413926, 60.7033294], [6.9406887, 60.7038699]]}, "properties": {"electrified": "contact_line", "frequency": "16.67", "gauge": "1435", "maxspeed": "90", "name": "Bergensbanen", "operator": "Bane NOR", "passenger_lines": "1", "railway": "rail", "usage": "main", "voltage": "15000", "length_km": 0.099, "maxspeed_kmh": 90.0}}, {"type": "Feature", "geometry": {"type": "LineString", "coordinates": [[6.9432354, 60.7018069], [6.9431987, 60.7018527], [6.9431263, 60.7019352], [6.9430479, 60.7020163], [6.9429195, 60.7021353], [6.9426363, 60.702366]]}, "properties": {"electrified": "contact_line", "frequency": "16.67", "gauge": "1435", "maxspeed": "60", "name": "Bergensbanen", "operator": "Bane NOR", "passenger_lines": "1", "railway": "rail", "tunnel": "yes", "usage": "main", "voltage": "15000", "length_km": 0.071, "maxspeed_kmh": 60.0}}, {"type": "Feature", "geometry": {"type": "LineString", "coordinates": [[6.9460711, 60.6995952], [6.9458594, 60.6996512], [6.945624, 60.6997205], [6.9453976, 60.6997967], [6.945111, 60.6999085], [6.9449084, 60.6999995], [6.9447176, 60.7000963], [6.9445971, 60.7001639], [6.9443733, 60.7003059], [6.9441733, 60.7004562], [6.9440397, 60.7005739], [6.9439591, 60.7006545], [6.9438173, 60.70082], [6.9437289, 60.7009475], [6.9436528, 60.7010768], [6.9434286, 60.701512], [6.9432956, 60.7017267], [6.9432354, 60.7018069]]}, "properties": {"electrified": "contact_line", "frequency": "16.67", "gauge": "1435", "maxspeed": "60", "name": "Bergensbanen", "operator": "Bane NOR", "passenger_lines": "1", "railway": "rail", "tunnel": "avalanche_protector", "usage": "main", "voltage": "15000", "length_km": 0.303, "maxspeed_kmh": 60.0}}, {"type": "Feature", "geometry": {"type": "LineString", "coordinates": [[7.1354228, 60.7388875], [7.1288272, 60.7395502], [7.1284669, 60.7395835], [7.1281949, 60.7396036], [7.1279213, 60.7396176], [7.1277383, 60.739623], [7.1273717, 60.7396246], [7.1270056, 60.7396138], [7.1267327, 60.7395976], [7.1265517, 60.7395829], [7.1261935, 60.7395446], [7.1259289, 60.739508], [7.1257548, 60.7394798], [7.125413, 60.7394148], [7.1251631, 60.7393585], [7.1250001, 60.7393175]]}, "properties": {"electrified": "contact_line", "frequency": "16.67", "gauge": "1435", "maxspeed": "65", "name": "Bergensbanen", "operator": "Bane NOR", "passenger_lines": "1", "railway": "rail", "tunnel": "yes", "usage": "main", "voltage": "15000", "length_km": 0.583, "maxspeed_kmh": 65.0}}, {"type": "Feature", "geometry": {"type": "LineString", "coordinates": [[7.1415526, 60.7380801], [7.14138, 60.7381396], [7.1412517, 60.738178], [7.1410955, 60.7382218], [7.1409576, 60.7382571], [7.1408718, 60.7382772], [7.1407769, 60.7382975], [7.1406382, 60.7383265], [7.1404904, 60.7383546], [7.1403437, 60.7383802], [7.1401957, 60.7384021], [7.1400579, 60.7384206], [7.1397883, 60.7384535], [7.1394791, 60.738487], [7.1390773, 60.7385284], [7.1383361, 60.7386019]]}, "properties": {"electrified": "contact_line", "frequency": "16.67", "gauge": "1435", "maxspeed": "65", "name": "Bergensbanen", "operator": "Bane NOR", "passenger_lines": "1", "railway": "rail", "usage": "main", "voltage": "15000", "length_km": 0.187, "maxspeed_kmh": 65.0}}, {"type": "Feature", "geometry": {"type": "LineString", "coordinates": [[7.143356, 60.736748], [7.1433008, 60.7368587], [7.1432187, 60.7369873], [7.1431212, 60.7371132], [7.1430084, 60.7372359], [7.1428332, 60.7373836]]}, "properties": {"electrified": "contact_line", "frequency": "16.67", "gauge": "1435", "maxspeed": "65", "name": "Bergensbanen", "operator": "Bane NOR", "passenger_lines": "1", "railway": "rail", "tunnel": "avalanche_protector", "usage": "main", "voltage": "15000", "length_km": 0.077, "maxspeed_kmh": 65.0}}, {"type": "Feature", "geometry": {"type": "LineString", "coordinates": [[7.1436933, 60.7360094], [7.1435785, 60.7362454], [7.1434108, 60.7366416], [7.1433734, 60.7367176], [7.143356, 60.736748]]}, "properties": {"electrified": "contact_line", "frequency": "16.67", "gauge": "1435", "maxspeed": "65", "name": "Bergensbanen", "operator": "Bane NOR", "passenger_lines": "1", "railway": "rail", "usage": "main", "voltage": "15000", "length_km": 0.085, "maxspeed_kmh": 65.0}}, {"type": "Feature", "geometry": {"type": "LineString", "coordinates": [[7.1442451, 60.7353546], [7.1441915, 60.7354032], [7.1440645, 60.7355226], [7.1439868, 60.7356039], [7.1438807, 60.7357282], [7.1438174, 60.7358123], [7.1437664, 60.7358832]]}, "properties": {"electrified": "contact_line", "frequency": "16.67", "gauge": "1435", "maxspeed": "65", "name": "Bergensbanen", "operator": "Bane NOR", "passenger_lines": "1", "railway": "rail", "tunnel": "yes", "usage": "main", "voltage": "15000", "length_km": 0.065, "maxspeed_kmh": 65.0}}, {"type": "Feature", "geometry": {"type": "LineString", "coordinates": [[7.1457234, 60.7345478], [7.1456663, 60.7345702], [7.1454694, 60.7346464], [7.1451303, 60.7347975], [7.1449395, 60.7348943], [7.1447588, 60.7349958], [7.1445517, 60.7351279]]}, "properties": {"electrified": "contact_line", "frequency": "16.67", "gauge": "1435", "maxspeed": "65", "name": "Bergensbanen", "operator": "Bane NOR", "passenger_lines": "1", "railway": "rail", "usage": "main", "voltage": "15000", "length_km": 0.091, "maxspeed_kmh": 65.0}}, {"type": "Feature", "geometry": {"type": "LineString", "coordinates": [[7.1870019, 60.7272721], [7.1869023, 60.7273027], [7.1864297, 60.7274402], [7.186107, 60.7275253], [7.1856961, 60.7276248], [7.1849498, 60.7277968], [7.1845424, 60.7278995], [7.1843051, 60.7279675], [7.1841509, 60.728016], [7.1839261, 60.7280936], [7.1837098, 60.7281766], [7.1835024, 60.728265], [7.1833044, 60.7283584], [7.183056, 60.7284904], [7.1828821, 60.7285947], [7.1827984, 60.7286468]]}, "properties": {"electrified": "contact_line", "frequency": "16.67", "gauge": "1435", "maxspeed": "65", "name": "Bergensbanen", "operator": "Bane NOR", "passenger_lines": "1", "railway": "rail", "tunnel": "yes", "usage": "main", "voltage": "15000", "length_km": 0.279, "maxspeed_kmh": 65.0}}, {"type": "Feature", "geometry": {"type": "LineString", "coordinates": [[6.0178936, 60.6438558], [6.0176154, 60.6440059]]}, "properties": {"electrified": "contact_line", "frequency": "16.67", "gauge": "1435", "maxspeed": "80", "name": "Bergensbanen", "operator": "Bane NOR", "railway": "rail", "usage": "main", "voltage": "15000", "length_km": 0.023, "maxspeed_kmh": 80.0}}, {"type": "Feature", "geometry": {"type": "LineString", "coordinates": [[6.0223319, 60.6424208], [6.0211831, 60.6427753], [6.0192816, 60.6433362], [6.0189661, 60.643434], [6.0187011, 60.6435218], [6.0183604, 60.6436483], [6.0181166, 60.6437522], [6.0178936, 60.6438558]]}, "properties": {"electrified": "contact_line", "frequency": "16.67", "gauge": "1435", "maxspeed": "80", "name": "Bergensbanen", "operator": "Bane NOR", "railway": "rail", "tunnel": "yes", "usage": "main", "voltage": "15000", "length_km": 0.292, "maxspeed_kmh": 80.0}}, {"type": "Feature", "geometry": {"type": "LineString", "coordinates": [[6.0265549, 60.6413123], [6.0262579, 60.6413612], [6.0259683, 60.6414116], [6.0255188, 60.6415067], [6.0253126, 60.6415546], [6.0249715, 60.6416422], [6.0246047, 60.6417465], [6.0223319, 60.6424208]]}, "properties": {"electrified": "contact_line", "frequency": "16.67", "gauge": "1435", "maxspeed": "80", "name": "Bergensbanen", "operator": "Bane NOR", "railway": "rail", "usage": "main", "voltage": "15000", "length_km": 0.263, "maxspeed_kmh": 80.0}}, {"type": "Feature", "geometry": {"type": "LineString", "coordinates": [[6.0412275, 60.6409029], [6.040969, 60.6409284], [6.0405643, 60.6409671]]}, "properties": {"electrified": "contact_line", "frequency": "16.67", "gauge": "1435", "maxspeed": "130", "name": "Bergensbanen", "operator": "Bane NOR", "railway": "rail", "usage": "main", "voltage": "15000", "length_km": 0.037, "maxspeed_kmh": 130.0}}, {"type": "Feature", "geometry": {"type": "LineString", "coordinates": [[5.7928501, 60.580859], [5.7921767, 60.5809621], [5.791525, 60.5810507], [5.791089, 60.5811044], [5.7903945, 60.5811808], [5.7895237, 60.5812597], [5.7890895, 60.5812907], [5.7887886, 60.5813124], [5.7883313, 60.5813378], [5.7877372, 60.5813655], [5.7873973, 60.5813755], [5.7870752, 60.5813851], [5.7864191, 60.5813959], [5.7858786, 60.5813982], [5.7854192, 60.5813954], [5.7846934, 60.5813801], [5.7840811, 60.5813579], [5.783474, 60.5813282], [5.782967, 60.5812963], [5.78224, 60.581242], [5.7817423, 60.5811967], [5.7812234, 60.5811436], [5.7809469, 60.5811138], [5.7800264, 60.5809978], [5.7793108, 60.5808934], [5.7788589, 60.5808194], [5.7781291, 60.5806921], [5.7776899, 60.5806079], [5.7770347, 60.5804743], [5.77629, 60.5803054], [5.7758999, 60.5802115], [5.775266, 60.5800505], [5.774738, 60.5799068], [5.7725732, 60.5792963], [5.7720117, 60.5791329], [5.7714829, 60.5789818], [5.7711283, 60.5788714], [5.7708715, 60.5787833], [5.7705102, 60.5786484], [5.7703375, 60.5785771], [5.7700647, 60.5784561], [5.769774, 60.5783147], [5.7691366, 60.5779788], [5.7681745, 60.5774586]]}, "properties": {"electrified": "contact_line", "frequency": "16.67", "gauge": "1435", "maxspeed": "100", "name": "Bergensbanen", "operator": "Bane NOR", "passenger_lines": "1", "railway": "rail", "usage": "main", "voltage": "15000", "length_km": 1.488, "maxspeed_kmh": 100.0}}, {"type": "Feature", "geometry": {"type": "LineString", "coordinates": [[5.7263191, 60.5442516], [5.7255114, 60.5434549], [5.7243429, 60.5423552], [5.7239514, 60.54199], [5.7230014, 60.5411615], [5.7222476, 60.5405279], [5.7219877, 60.5402788], [5.7217654, 60.5400224], [5.7216246, 60.5398252], [5.7215067, 60.5396243], [5.7214411, 60.5394887], [5.7213413, 60.5392142], [5.7212839, 60.538937], [5.721269, 60.5386582], [5.7212971, 60.5383798], [5.7213556, 60.5381401], [5.7214392, 60.5379056], [5.7225853, 60.5352901], [5.7228223, 60.5347316], [5.7232934, 60.5336752], [5.7233706, 60.5334787]]}, "properties": {"electrified": "contact_line", "frequency": "16.67", "gauge": "1435", "maxspeed": "95", "name": "Bergensbanen", "operator": "Bane NOR", "passenger_lines": "1", "railway": "rail", "tunnel": "yes", "usage": "main", "voltage": "15000", "length_km": 1.282, "maxspeed_kmh": 95.0}}, {"type": "Feature", "geometry": {"type": "LineString", "coordinates": [[5.7338961, 60.4813506], [5.733872, 60.4812126], [5.7338615, 60.4811146], [5.7338548, 60.481032], [5.7338528, 60.4809399], [5.7338552, 60.4808189], [5.7338656, 60.480727], [5.7338944, 60.480542], [5.7339379, 60.480381], [5.7339897, 60.4802302], [5.7340582, 60.4800774], [5.7341313, 60.4799389], [5.7342226, 60.4797885], [5.7343235, 60.4796519], [5.7344339, 60.4795161], [5.7345357, 60.4794076], [5.7346073, 60.4793353], [5.7347149, 60.4792332], [5.7348437, 60.4791256], [5.7349621, 60.479032], [5.7350746, 60.4789424], [5.7352181, 60.4788351], [5.7354762, 60.478651], [5.7359049, 60.478371], [5.7362843, 60.4781429], [5.7367646, 60.4778806], [5.7369652, 60.4777744], [5.7374757, 60.4774966]]}, "properties": {"electrified": "contact_line", "frequency": "16.67", "gauge": "1435", "maxspeed": "60", "name": "Bergensbanen", "operator": "Bane NOR", "passenger_lines": "1", "railway": "rail", "usage": "main", "voltage": "15000", "length_km": 0.492, "maxspeed_kmh": 60.0}}, {"type": "Feature", "geometry": {"type": "LineString", "coordinates": [[7.2110764, 60.6929797], [7.2108798, 60.693106], [7.2106712, 60.6932536], [7.210531, 60.6933694], [7.2103673, 60.6935299], [7.2102304, 60.6936964], [7.2101176, 60.6938672], [7.2100235, 60.6940407], [7.2099236, 60.6942597], [7.2099044, 60.6943078]]}, "properties": {"electrified": "contact_line", "frequency": "16.67", "gauge": "1435", "maxspeed": "70", "name": "Bergensbanen", "operator": "Bane NOR", "passenger_lines": "1", "railway": "rail", "tunnel": "yes", "usage": "main", "voltage": "15000", "length_km": 0.163, "maxspeed_kmh": 70.0}}, {"type": "Feature", "geometry": {"type": "LineString", "coordinates": [[7.2103574, 60.7003902], [7.2103989, 60.7004714], [7.2104249, 60.7005147], [7.210498, 60.7006329], [7.2105704, 60.7007362], [7.2106515, 60.7008399], [7.2107152, 60.700914]]}, "properties": {"electrified": "contact_line", "frequency": "16.67", "gauge": "1435", "maxspeed": "70", "name": "Bergensbanen", "operator": "Bane NOR", "passenger_lines": "1", "railway": "rail", "usage": "main", "voltage": "15000", "length_km": 0.062, "maxspeed_kmh": 70.0}}, {"type": "Feature", "geometry": {"type": "LineString", "coordinates": [[7.2167598, 60.6911558], [7.2166532, 60.6912053], [7.2165041, 60.6912719], [7.2161982, 60.6914026], [7.216045, 60.6914643], [7.21593, 60.6915092], [7.2156756, 60.6916045], [7.2154002, 60.6917009], [7.2151721, 60.6917761], [7.2148643, 60.6918721], [7.2145467, 60.691963], [7.2143044, 60.6920269], [7.2140205, 60.692099], [7.2137313, 60.6921674], [7.2133251, 60.6922595], [7.2128353, 60.6923707], [7.2126423, 60.6924157], [7.2125722, 60.6924328], [7.2124477, 60.6924642], [7.2122717, 60.6925124], [7.2121961, 60.6925341]]}, "properties": {"electrified": "contact_line", "frequency": "16.67", "gauge": "1435", "maxspeed": "70", "name": "Bergensbanen", "operator": "Bane NOR", "passenger_lines": "1", "railway": "rail", "usage": "main", "voltage": "15000", "length_km": 0.295, "maxspeed_kmh": 70.0}}, {"type": "Feature", "geometry": {"type": "LineString", "coordinates": [[7.2433531, 60.6702268], [7.2431263, 60.6703019], [7.2425299, 60.6705101], [7.2421127, 60.6706602]]}, "properties": {"electrified": "contact_line", "frequency": "16.67", "gauge": "1435", "maxspeed": "70", "name": "Bergensbanen", "operator": "Bane NOR", "passenger_lines": "1", "railway": "rail", "usage": "main", "voltage": "15000", "length_km": 0.083, "maxspeed_kmh": 70.0}}, {"type": "Feature", "geometry": {"type": "LineString", "coordinates": [[7.256562, 60.6626738], [7.2564812, 60.6627866], [7.2564197, 60.6629148], [7.256362, 60.6630881], [7.2563374, 60.6632193], [7.2563286, 60.6633509], [7.2563317, 60.6634388], [7.2563448, 60.6635454], [7.2563977, 60.663779], [7.2568236, 60.6653266]]}, "properties": {"electrified": "contact_line", "frequency": "16.67", "gauge": "1435", "maxspeed": "60", "name": "Bergensbanen", "operator": "Bane NOR", "passenger_lines": "1", "railway": "rail", "tunnel": "avalanche_protector", "usage": "main", "voltage": "15000", "length_km": 0.299, "maxspeed_kmh": 60.0}}, {"type": "Feature", "geometry": {"type": "LineString", "coordinates": [[7.2831192, 60.6537936], [7.2828918, 60.6538832], [7.2827563, 60.6539435], [7.2825626, 60.6540389], [7.2824402, 60.6541055], [7.282267, 60.65421], [7.2821068, 60.6543193], [7.2819942, 60.6544082]]}, "properties": {"electrified": "contact_line", "frequency": "16.67", "gauge": "1435", "maxspeed": "60", "name": "Bergensbanen", "operator": "Bane NOR", "passenger_lines": "1", "railway": "rail", "usage": "main", "voltage": "15000", "length_km": 0.093, "maxspeed_kmh": 60.0}}, {"type": "Feature", "geometry": {"type": "LineString", "coordinates": [[7.2936928, 60.6550427], [7.2934797, 60.6550487], [7.2932055, 60.6550509], [7.2929314, 60.6550452], [7.2926586, 60.6550313], [7.2922984, 60.6550003], [7.2920322, 60.6549677], [7.2917706, 60.6549274], [7.2915142, 60.6548794], [7.2911825, 60.6548038], [7.2909425, 60.6547387], [7.2907871, 60.6546914], [7.2906357, 60.654641], [7.2904164, 60.6545601], [7.2900687, 60.6544145], [7.2889877, 60.6539305], [7.2887071, 60.6538153], [7.2884869, 60.6537351], [7.2881786, 60.6536385], [7.2878558, 60.6535543], [7.28752, 60.6534831], [7.2871718, 60.6534143], [7.2869923, 60.6533878], [7.2868116, 60.6533679]]}, "properties": {"electrified": "contact_line", "frequency": "16.67", "gauge": "1435", "maxspeed": "60", "name": "Bergensbanen", "operator": "Bane NOR", "passenger_lines": "1", "railway": "rail", "tunnel": "avalanche_protector", "usage": "main", "voltage": "15000", "length_km": 0.433, "maxspeed_kmh": 60.0}}, {"type": "Feature", "geometry": {"type": "LineString", "coordinates": [[7.2958964, 60.6546411], [7.2957196, 60.6546985], [7.2954842, 60.6547676], [7.2952408, 60.6548297], [7.2949052, 60.654901], [7.2946465, 60.6549457], [7.2943828, 60.6549827], [7.2941148, 60.6550118], [7.2938899, 60.6550313], [7.2936928, 60.6550427]]}, "properties": {"electrified": "contact_line", "frequency": "16.67", "gauge": "1435", "maxspeed": "60", "name": "Bergensbanen", "operator": "Bane NOR", "passenger_lines": "1", "railway": "rail", "usage": "main", "voltage": "15000", "length_km": 0.13, "maxspeed_kmh": 60.0}}, {"type": "Feature", "geometry": {"type": "LineString", "coordinates": [[7.3102252, 60.6536521], [7.3097032, 60.6536073], [7.3084556, 60.65351], [7.3069706, 60.6534045], [7.3037233, 60.6531507]]}, "properties": {"electrified": "contact_line", "frequency": "16.67", "gauge": "1435", "maxspeed": "95", "name": "Bergensbanen", "operator": "Bane NOR", "passenger_lines": "1", "railway": "rail", "tunnel": "avalanche_protector", "usage": "main", "voltage": "15000", "length_km": 0.361, "maxspeed_kmh": 95.0}}, {"type": "Feature", "geometry": {"type": "LineString", "coordinates": [[7.5734854, 60.571548], [7.5720741, 60.5736918]]}, "properties": {"electrified": "contact_line", "frequency": "16.67", "gauge": "1435", "maxspeed": "160", "name": "Bergensbanen", "operator": "Bane NOR", "passenger_lines": "1", "railway": "rail", "usage": "main", "voltage": "15000", "length_km": 0.251, "maxspeed_kmh": 160.0}}, {"type": "Feature", "geometry": {"type": "LineString", "coordinates": [[7.5761437, 60.5680388], [7.5757235, 60.5684737], [7.5753241, 60.5689266], [7.5749877, 60.5693439], [7.5745842, 60.5698926], [7.5740934, 60.5706164], [7.5734854, 60.571548]]}, "properties": {"electrified": "contact_line", "frequency": "16.67", "gauge": "1435", "maxspeed": "160", "name": "Bergensbanen", "operator": "Bane NOR", "passenger_lines": "1", "railway": "rail", "tunnel": "yes", "usage": "main", "voltage": "15000", "length_km": 0.418, "maxspeed_kmh": 160.0}}, {"type": "Feature", "geometry": {"type": "LineString", "coordinates": [[7.9902357, 60.5032111], [7.9818625, 60.5036879]]}, "properties": {"electrified": "contact_line", "frequency": "16.67", "gauge": "1435", "maxspeed": "130", "name": "Bergensbanen", "operator": "Bane NOR", "passenger_lines": "1", "railway": "rail", "usage": "main", "voltage": "15000", "length_km": 0.464, "maxspeed_kmh": 130.0}}, {"type": "Feature", "geometry": {"type": "LineString", "coordinates": [[7.9712677, 60.5035095], [7.9710865, 60.5034899], [7.9705077, 60.5034214], [7.9700214, 60.5033515], [7.9695581, 60.5032758], [7.9691917, 60.5032088], [7.9686392, 60.5030974], [7.9683098, 60.5030238], [7.9678384, 60.5029096], [7.966188, 60.5024854], [7.9655688, 60.5023427], [7.9651379, 60.5022538], [7.9645075, 60.5021427], [7.964272, 60.5021067], [7.9638023, 60.5020429], [7.9635752, 60.5020153], [7.9631799, 60.5019737], [7.9625382, 60.5019232], [7.9622149, 60.5019047], [7.9616594, 60.5018852], [7.9611703, 60.5018793], [7.9607358, 60.5018828], [7.9601467, 60.5019001], [7.9597706, 60.5019208], [7.9593923, 60.5019471], [7.9591102, 60.5019728], [7.9588301, 60.5020055]]}, "properties": {"electrified": "contact_line", "frequency": "16.67", "gauge": "1435", "maxspeed": "110", "name": "Bergensbanen", "operator": "Bane NOR", "passenger_lines": "1", "railway": "rail", "usage": "main", "voltage": "15000", "length_km": 0.72, "maxspeed_kmh": 110.0}}, {"type": "Feature", "geometry": {"type": "LineString", "coordinates": [[8.0025458, 60.5025057], [8.0009973, 60.502595]]}, "properties": {"electrified": "contact_line", "frequency": "16.67", "gauge": "1435", "maxspeed": "90", "name": "Bergensbanen", "operator": "Bane NOR", "passenger_lines": "1", "railway": "rail", "usage": "main", "voltage": "15000", "length_km": 0.086, "maxspeed_kmh": 90.0}}, {"type": "Feature", "geometry": {"type": "LineString", "coordinates": [[8.0569848, 60.4884974], [8.056707, 60.4885573], [8.0564667, 60.4886211], [8.0563111, 60.4886675], [8.0559875, 60.4887728], [8.0557799, 60.4888527], [8.0556918, 60.4888908], [8.055431, 60.4890155], [8.0552122, 60.4891371], [8.0550422, 60.4892449], [8.0549616, 60.4892999], [8.0547592, 60.4894638], [8.0545175, 60.4897013], [8.0543319, 60.4899067], [8.0540473, 60.4902489], [8.0538915, 60.4904118], [8.0537862, 60.4905168], [8.0535757, 60.4907082], [8.0533793, 60.4908655], [8.0531142, 60.4910559], [8.0530097, 60.4911245], [8.0526462, 60.4913458], [8.0519016, 60.4917642], [8.0516893, 60.4918867], [8.0514121, 60.4920608], [8.0511091, 60.4922768], [8.0509386, 60.4924047], [8.0507323, 60.4925709], [8.0503811, 60.4928691]]}, "properties": {"electrified": "contact_line", "frequency": "16.67", "gauge": "1435", "maxspeed": "75", "name": "Bergensbanen", "operator": "Bane NOR", "passenger_lines": "1", "railway": "rail", "usage": "main", "voltage": "15000", "length_km": 0.619, "maxspeed_kmh": 75.0}}, {"type": "Feature", "geometry": {"type": "LineString", "coordinates": [[8.0604172, 60.4884538], [8.0602509, 60.4884293], [8.0599861, 60.4883966], [8.0596295, 60.4883607], [8.0593599, 60.4883402], [8.0589975, 60.4883235], [8.0586765, 60.4883212]]}, "properties": {"electrified": "contact_line", "frequency": "16.67", "gauge": "1435", "maxspeed": "75", "name": "Bergensbanen", "operator": "Bane NOR", "passenger_lines": "1", "railway": "rail", "tunnel": "yes", "usage": "main", "voltage": "15000", "length_km": 0.097, "maxspeed_kmh": 75.0}}, {"type": "Feature", "geometry": {"type": "LineString", "coordinates": [[8.0990059, 60.5127292], [8.098963, 60.5126513], [8.098757, 60.512238], [8.0985582, 60.5118627], [8.0979243, 60.5105965], [8.0977676, 60.5102444], [8.0976954, 60.5100542], [8.0975851, 60.5096961], [8.0975171, 60.5094116], [8.0974664, 60.5091127], [8.0974153, 60.5086773], [8.0973712, 60.5083715], [8.0973292, 60.508179], [8.0972715, 60.5079876], [8.0971865, 60.5077766], [8.0970339, 60.5074903], [8.0968673, 60.5072406], [8.0967514, 60.507093], [8.0964754, 60.5067729], [8.0961794, 60.5064472], [8.0959141, 60.5061414], [8.0956176, 60.5057573], [8.0954634, 60.5055339], [8.0952989, 60.5052627], [8.0950182, 60.5047537], [8.0948248, 60.504426], [8.0947136, 60.5042622], [8.0946512, 60.5041813], [8.094486, 60.5039867], [8.0943432, 60.5038417], [8.0941934, 60.5037086], [8.0940879, 60.5036187], [8.0938971, 60.5034751], [8.0937534, 60.5033748], [8.0935657, 60.503254], [8.0933544, 60.5031293], [8.0931179, 60.503006], [8.0928646, 60.5028836], [8.0926441, 60.5027869], [8.0923553, 60.5026711], [8.0920176, 60.5025466], [8.0911242, 60.502253], [8.0865462, 60.5007749], [8.0858663, 60.5005573], [8.0853125, 60.5003884], [8.0845909, 60.5001832], [8.0836942, 60.499946], [8.081884, 60.4995184], [8.0759703, 60.4981412], [8.0751169, 60.4979364], [8.0744589, 60.4977544], [8.0741543, 60.4976614], [8.0737498, 60.4975258], [8.0734229, 60.4974067], [8.0732765, 60.497349], [8.0729665, 60.4972225], [8.0727894, 60.4971454], [8.0724389, 60.4969808], [8.0722121, 60.4968676], [8.0719131, 60.4967063], [8.0716279, 60.4965404]]}, "properties": {"electrified": "contact_line", "frequency": "16.67", "gauge": "1435", "maxspeed": "90", "name": "Bergensbanen", "operator": "Bane NOR", "passenger_lines": "1", "railway": "rail", "usage": "main", "voltage": "15000", "length_km": 2.539, "maxspeed_kmh": 90.0}}, {"type": "Feature", "geometry": {"type": "LineString", "coordinates": [[8.1111041, 60.5177179], [8.1107506, 60.5175124], [8.1103898, 60.5173101], [8.1098925, 60.5170477], [8.109637, 60.5169197], [8.1092453, 60.5167319], [8.1089114, 60.5165793], [8.1085709, 60.5164303], [8.1082938, 60.5163138], [8.1078704, 60.5161435], [8.1075229, 60.5160045], [8.1071683, 60.5158689], [8.106945, 60.5157877]]}, "properties": {"electrified": "contact_line", "frequency": "16.67", "gauge": "1435", "maxspeed": "90", "name": "Bergensbanen", "operator": "Bane NOR", "passenger_lines": "1", "railway": "rail", "tunnel": "yes", "usage": "main", "voltage": "15000", "length_km": 0.315, "maxspeed_kmh": 90.0}}, {"type": "Feature", "geometry": {"type": "LineString", "coordinates": [[7.1986083, 60.7206701], [7.1985839, 60.7207484], [7.198482, 60.721013], [7.1984169, 60.7211438], [7.1983418, 60.7212734], [7.1982569, 60.7214015], [7.1981622, 60.7215278], [7.1980879, 60.721619], [7.1980579, 60.7216524], [7.1979039, 60.7218153], [7.1977807, 60.7219337], [7.1975698, 60.7221141], [7.1973295, 60.7222936], [7.1971544, 60.7224108], [7.1970485, 60.7224783], [7.1967952, 60.7226246], [7.1966083, 60.7227234], [7.1964141, 60.7228187], [7.1962128, 60.7229103], [7.1960044, 60.7229982], [7.1955717, 60.7231642], [7.1941743, 60.723673], [7.193595, 60.723893], [7.1932948, 60.724017]]}, "properties": {"electrified": "contact_line", "frequency": "16.67", "gauge": "1435", "maxspeed": "65", "name": "Bergensbanen", "operator": "Bane NOR", "passenger_lines": "1", "railway": "rail", "usage": "main", "voltage": "15000", "length_km": 0.49, "maxspeed_kmh": 65.0}}, {"type": "Feature", "geometry": {"type": "LineString", "coordinates": [[7.2068939, 60.7185852], [7.2063563, 60.7185469]]}, "properties": {"electrified": "contact_line", "frequency": "16.67", "gauge": "1435", "maxspeed": "60", "name": "Bergensbanen", "operator": "Bane NOR", "passenger_lines": "1", "railway": "rail", "tunnel": "avalanche_protector", "usage": "main", "voltage": "15000", "length_km": 0.03, "maxspeed_kmh": 60.0}}, {"type": "Feature", "geometry": {"type": "LineString", "coordinates": [[8.2435602, 60.5487158], [8.2430983, 60.5486182], [8.2427449, 60.5485326], [8.2425645, 60.5484831], [8.2423304, 60.5484112], [8.2420903, 60.5483263], [8.2418408, 60.548223], [8.241606, 60.5481115], [8.2413749, 60.5479843], [8.2412931, 60.5479328], [8.2411286, 60.547821], [8.2409877, 60.5477111], [8.2408655, 60.5476037], [8.2407673, 60.5475052], [8.2405917, 60.5472897], [8.2404913, 60.5471408], [8.2402165, 60.5466911], [8.2400438, 60.5464547], [8.23993, 60.5463301], [8.2398102, 60.5462149], [8.2396622, 60.5460898], [8.2394833, 60.5459617], [8.2393548, 60.5458793], [8.2392113, 60.5457978], [8.2389448, 60.5456649], [8.2386465, 60.5455408], [8.2384544, 60.5454721], [8.2380371, 60.5453411], [8.2375655, 60.5452103]]}, "properties": {"electrified": "contact_line", "frequency": "16.67", "gauge": "1435", "name": "Bergensbanen", "operator": "Bane NOR", "passenger_lines": "1", "railway": "rail", "usage": "main", "voltage": "15000", "length_km": 0.533}}, {"type": "Feature", "geometry": {"type": "LineString", "coordinates": [[8.2228603, 60.5371261], [8.2227629, 60.5370367], [8.2225472, 60.5368508], [8.2223267, 60.5366771], [8.2221396, 60.5365516], [8.2219703, 60.5364526], [8.2217386, 60.536335], [8.2215588, 60.5362539], [8.221346, 60.5361676], [8.2211214, 60.5360889], [8.2208431, 60.5360054], [8.2206453, 60.5359526], [8.2203481, 60.5358835], [8.2201093, 60.535839], [8.2198368, 60.5357983], [8.2194073, 60.5357509], [8.2191944, 60.5357345], [8.2187274, 60.5357168], [8.2183065, 60.53572], [8.2180544, 60.5357297], [8.2178054, 60.5357473], [8.2175505, 60.5357738], [8.2173403, 60.5358023], [8.2171293, 60.535838], [8.2168837, 60.535886], [8.2166746, 60.5359324], [8.2164536, 60.5359847], [8.2158637, 60.5361338], [8.2155442, 60.536209], [8.2152768, 60.5362662], [8.2148546, 60.5363382], [8.2146194, 60.5363701], [8.2141296, 60.5364131], [8.2138885, 60.5364236], [8.213715, 60.5364297], [8.21354, 60.5364318], [8.2133623, 60.5364302], [8.2131775, 60.5364258], [8.2130071, 60.5364174], [8.2128403, 60.5364075], [8.2126426, 60.5363912], [8.2124578, 60.5363718], [8.2122579, 60.5363456], [8.2118663, 60.5362821], [8.2116447, 60.5362365], [8.2114437, 60.5361892], [8.2112927, 60.5361508], [8.2111442, 60.5361112], [8.2109789, 60.5360626], [8.2107966, 60.5360087], [8.2102986, 60.5358511], [8.2095348, 60.5356069], [8.209173, 60.5354897]]}, "properties": {"electrified": "contact_line", "frequency": "16.67", "gauge": "1435", "maxspeed": "70", "name": "Bergensbanen", "operator": "Bane NOR", "passenger_lines": "1", "railway": "rail", "usage": "main", "voltage": "15000", "length_km": 0.858, "maxspeed_kmh": 70.0}}, {"type": "Feature", "geometry": {"type": "LineString", "coordinates": [[8.2237004, 60.5378893], [8.2234881, 60.5376966]]}, "properties": {"bridge": "yes", "electrified": "contact_line", "frequency": "16.67", "gauge": "1435", "name": "Bergensbanen", "operator": "Bane NOR", "passenger_lines": "1", "railway": "rail", "usage": "main", "voltage": "15000", "length_km": 0.024}}, {"type": "Feature", "geometry": {"type": "LineString", "coordinates": [[7.8648618, 60.5118572], [7.8647029, 60.5118749], [7.8645192, 60.5119005], [7.8641033, 60.5119664], [7.8637262, 60.5120371], [7.8633039, 60.5121337], [7.8630899, 60.5121872], [7.8628392, 60.5122571], [7.8626061, 60.5123294], [7.8624193, 60.5123894], [7.8622032, 60.5124648], [7.861872, 60.5125897], [7.8618043, 60.5126179], [7.8616725, 60.5126783], [7.8614866, 60.512764], [7.861307, 60.5128535], [7.8609819, 60.5130297], [7.8607032, 60.5132026], [7.8601128, 60.5135895], [7.859949, 60.5136882], [7.8597908, 60.5137745], [7.8596152, 60.5138601], [7.8594553, 60.5139319], [7.8592698, 60.5140057], [7.8590525, 60.5140835], [7.8586788, 60.5141966], [7.8582889, 60.5142885], [7.8580963, 60.5143263], [7.85773, 60.5143841], [7.8574855, 60.5144135], [7.8572724, 60.5144334], [7.8568187, 60.51446], [7.8565833, 60.514465], [7.8563321, 60.514463], [7.8560975, 60.5144565], [7.8558718, 60.5144426], [7.8555975, 60.5144175], [7.8552543, 60.5143774], [7.8548322, 60.5143061], [7.8542139, 60.514177]]}, "properties": {"electrified": "contact_line", "frequency": "16.67", "gauge": "1435", "maxspeed": "70", "name": "Bergensbanen", "operator": "Bane NOR", "passenger_lines": "1", "railway": "rail", "usage": "main", "voltage": "15000", "length_km": 0.694, "maxspeed_kmh": 70.0}}, {"type": "Feature", "geometry": {"type": "LineString", "coordinates": [[9.0490055, 60.6506833], [9.0488373, 60.6509592], [9.0487547, 60.6511257], [9.0485508, 60.6516298], [9.0480961, 60.6529395], [9.0479117, 60.653435], [9.0477198, 60.6538663], [9.0475529, 60.6541924], [9.0474026, 60.6544602], [9.0472562, 60.6547042], [9.0470093, 60.655078], [9.0467652, 60.6554163], [9.0466179, 60.6556067], [9.0463966, 60.6558777], [9.0461594, 60.6561519], [9.0457528, 60.6565872], [9.0455, 60.6568371], [9.0435638, 60.6586297], [9.0423583, 60.6597327], [9.0418816, 60.6601404], [9.0414925, 60.6604509], [9.0411681, 60.6606958], [9.0407533, 60.6609933], [9.0403651, 60.6612572], [9.0399414, 60.6615291], [9.0396778, 60.6616922], [9.0393785, 60.6618716], [9.0388876, 60.662153], [9.0361187, 60.663708], [9.0356205, 60.6640014], [9.035148, 60.6643047], [9.0348702, 60.6644967], [9.0346241, 60.6646764], [9.0343727, 60.664872], [9.0341276, 60.6650722], [9.0338802, 60.6652866], [9.0335554, 60.6655998], [9.0332606, 60.6658993], [9.032976, 60.6662301], [9.0327129, 60.6665722], [9.0324681, 60.6669281], [9.032239, 60.6673214], [9.0317806, 60.6681986], [9.0312005, 60.6693394], [9.0310299, 60.6696478], [9.0308849, 60.6698849], [9.0307908, 60.670038], [9.0306115, 60.6703116], [9.0304158, 60.6705914], [9.0301593, 60.6709283], [9.0299477, 60.6711863], [9.0295597, 60.6716229], [9.0293332, 60.6718626], [9.0284572, 60.6727325], [9.0280586, 60.673143], [9.0278931, 60.673322], [9.0275006, 60.6737686], [9.0272603, 60.6740599], [9.0268532, 60.6745908], [9.0263071, 60.6753595], [9.0259276, 60.6758664], [9.0257125, 60.6761446], [9.0253653, 60.6765694], [9.0250731, 60.6769126], [9.0248119, 60.6772078], [9.0238066, 60.6783118], [9.0234874, 60.6786518], [9.023165, 60.6790057], [9.0230622, 60.679123], [9.022895, 60.6793124], [9.0225993, 60.6796655], [9.0222644, 60.6800883], [9.0218899, 60.6806082], [9.0217128, 60.6808739], [9.0207241, 60.6824467], [9.0205441, 60.682715], [9.0201616, 60.6832576], [9.0197464, 60.6838045], [9.0192049, 60.6844767], [9.0172769, 60.6868344], [9.0154621, 60.6890438], [9.014114, 60.6906897], [9.0137844, 60.6910733]]}, "properties": {"electrified": "contact_line", "frequency": "16.67", "gauge": "1435", "maxspeed": "130", "name": "Bergensbanen", "operator": "Bane NOR", "passenger_lines": "1", "railway": "rail", "usage": "main", "voltage": "15000", "length_km": 4.941, "maxspeed_kmh": 130.0}}, {"type": "Feature", "geometry": {"type": "LineString", "coordinates": [[9.0524166, 60.6481663], [9.0522877, 60.6482404], [9.0515694, 60.6486206], [9.0513659, 60.6487329]]}, "properties": {"bridge": "yes", "electrified": "contact_line", "frequency": "16.67", "gauge": "1435", "maxspeed": "80", "name": "Bergensbanen", "operator": "Bane NOR", "passenger_lines": "1", "railway": "rail", "usage": "main", "voltage": "15000", "length_km": 0.085, "maxspeed_kmh": 80.0}}, {"type": "Feature", "geometry": {"type": "LineString", "coordinates": [[5.3534912, 60.382584], [5.3526222, 60.3829979]]}, "properties": {"bridge": "yes", "electrified": "contact_line", "frequency": "16.67", "gauge": "1435", "maxspeed": "110", "name": "Bergensbanen", "operator": "Bane NOR", "railway": "rail", "usage": "main", "voltage": "15000", "length_km": 0.067, "maxspeed_kmh": 110.0}}, {"type": "Feature", "geometry": {"type": "LineString", "coordinates": [[7.2111473, 60.71818], [7.2110589, 60.7182135], [7.2109567, 60.7182498], [7.2108527, 60.7182846], [7.2107538, 60.718316], [7.2106763, 60.7183395], [7.2105755, 60.7183682], [7.2104377, 60.718405], [7.2102712, 60.7184468], [7.2101584, 60.7184732], [7.2100502, 60.7184952], [7.2098725, 60.7185297], [7.2097448, 60.7185517]]}, "properties": {"electrified": "contact_line", "frequency": "16.67", "gauge": "1435", "maxspeed": "60", "name": "Bergensbanen", "operator": "Bane NOR", "passenger_lines": "1", "railway": "rail", "usage": "main", "voltage": "15000", "length_km": 0.088, "maxspeed_kmh": 60.0}}, {"type": "Feature", "geometry": {"type": "LineString", "coordinates": [[7.3155115, 60.653314], [7.3153711, 60.6533424], [7.314866, 60.6534413], [7.3145381, 60.6534952], [7.314234, 60.6535402], [7.3137869, 60.6535964], [7.3134086, 60.6536382], [7.3130041, 60.6536671], [7.3128072, 60.6536791], [7.3126248, 60.6536881], [7.3124764, 60.6536974], [7.312258, 60.6537021], [7.3120492, 60.6537066]]}, "properties": {"electrified": "contact_line", "frequency": "16.67", "gauge": "1435", "maxspeed": "95", "name": "Bergensbanen", "operator": "Bane NOR", "passenger_lines": "1", "railway": "rail", "usage": "main", "voltage": "15000", "length_km": 0.196, "maxspeed_kmh": 95.0}}, {"type": "Feature", "geometry": {"type": "LineString", "coordinates": [[7.2140431, 60.716338], [7.214011, 60.716395], [7.2139491, 60.7164795], [7.2139125, 60.7165228], [7.2138048, 60.7166444], [7.2137226, 60.7167247], [7.2135871, 60.7168419], [7.213489, 60.7169176], [7.2133315, 60.717028], [7.2130494, 60.7172048], [7.2126352, 60.7174446], [7.212509, 60.717513]]}, "properties": {"electrified": "contact_line", "frequency": "16.67", "gauge": "1435", "maxspeed": "60", "name": "Bergensbanen", "operator": "Bane NOR", "passenger_lines": "1", "railway": "rail", "usage": "main", "voltage": "15000", "length_km": 0.157, "maxspeed_kmh": 60.0}}, {"type": "Feature", "geometry": {"type": "LineString", "coordinates": [[7.7418969, 60.5507858], [7.741754, 60.5507705]]}, "properties": {"bridge": "yes", "electrified": "contact_line", "frequency": "16.67", "gauge": "1435", "maxspeed": "130", "name": "Bergensbanen", "operator": "Bane NOR", "passenger_lines": "1", "railway": "rail", "usage": "main", "voltage": "15000", "length_km": 0.008, "maxspeed_kmh": 130.0}}, {"type": "Feature", "geometry": {"type": "LineString", "coordinates": [[7.212509, 60.717513], [7.2120868, 60.7177401], [7.2117341, 60.71792]]}, "properties": {"electrified": "contact_line", "frequency": "16.67", "gauge": "1435", "maxspeed": "60", "name": "Bergensbanen", "operator": "Bane NOR", "passenger_lines": "1", "railway": "rail", "usage": "main", "voltage": "15000", "length_km": 0.062, "maxspeed_kmh": 60.0}}, {"type": "Feature", "geometry": {"type": "LineString", "coordinates": [[7.737496, 60.550335], [7.7357565, 60.5501415], [7.7345659, 60.550022], [7.7337536, 60.5499498], [7.7330049, 60.5498914], [7.7327041, 60.5498698], [7.731826, 60.549817], [7.7307211, 60.5497683], [7.7299669, 60.5497469], [7.7293027, 60.549736], [7.7284516, 60.5497307]]}, "properties": {"electrified": "contact_line", "frequency": "16.67", "gauge": "1435", "maxspeed": "160", "name": "Bergensbanen", "operator": "Bane NOR", "passenger_lines": "1", "railway": "rail", "usage": "main", "voltage": "15000", "length_km": 0.503, "maxspeed_kmh": 160.0}}, {"type": "Feature", "geometry": {"type": "LineString", "coordinates": [[5.758403, 60.5696795], [5.7579948, 60.5693975], [5.7575449, 60.5691066], [5.7572162, 60.5689048], [5.7545503, 60.5673156], [5.75426, 60.5671271], [5.7541211, 60.56703], [5.7538758, 60.5668314], [5.7537035, 60.5666685], [5.7535869, 60.566537], [5.753464, 60.5663758], [5.7533735, 60.566239], [5.7532774, 60.5660517], [5.7532294, 60.5659521], [5.7530491, 60.5655301], [5.753, 60.5654183], [5.7529548, 60.5653288], [5.7528604, 60.5651672], [5.7526881, 60.5649427], [5.7525357, 60.5647803], [5.7523739, 60.5646324], [5.7521685, 60.5644647], [5.7517449, 60.5641368], [5.7514766, 60.5639164], [5.7512859, 60.5637466], [5.7511199, 60.5635824], [5.7509109, 60.5633599], [5.7492494, 60.5614867], [5.7489847, 60.5612035], [5.7486279, 60.5608442], [5.7484406, 60.5606633]]}, "properties": {"electrified": "contact_line", "frequency": "16.67", "gauge": "1435", "maxspeed": "80", "name": "Bergensbanen", "operator": "Bane NOR", "passenger_lines": "1", "railway": "rail", "usage": "main", "voltage": "15000", "length_km": 1.159, "maxspeed_kmh": 80.0}}, {"type": "Feature", "geometry": {"type": "LineString", "coordinates": [[8.567198, 60.6273158], [8.5669579, 60.6272684], [8.5667888, 60.6272362], [8.5665533, 60.6271955], [8.5662044, 60.6271382], [8.5658268, 60.6270811], [8.5656893, 60.6270592], [8.5654815, 60.627033], [8.5652937, 60.6270122], [8.5651041, 60.6269936], [8.5646024, 60.6269488], [8.5643906, 60.6269279], [8.5641847, 60.6269057], [8.5639732, 60.6268796], [8.5637765, 60.626852], [8.5635685, 60.6268184], [8.563333, 60.6267776], [8.5630303, 60.6267173], [8.5627449, 60.6266582], [8.5624638, 60.6265973], [8.5621194, 60.6265136], [8.5614872, 60.626346], [8.5609791, 60.6261975], [8.5602237, 60.6259813], [8.5598836, 60.6258838], [8.5594459, 60.6257604]]}, "properties": {"electrified": "contact_line", "frequency": "16.67", "gauge": "1435", "maxspeed": "40", "name": "Bergensbanen", "railway": "rail", "service": "siding", "voltage": "15000", "length_km": 0.462, "maxspeed_kmh": 40.0}}, {"type": "Feature", "geometry": {"type": "LineString", "coordinates": [[7.1230744, 60.735222], [7.1230799, 60.7351323], [7.1230808, 60.7350984], [7.1230745, 60.7349977], [7.1230618, 60.7349081], [7.1230418, 60.734819], [7.1230148, 60.734733], [7.1229982, 60.734686], [7.1229384, 60.7345545], [7.1228706, 60.7344361], [7.1228625, 60.7344252], [7.1227711, 60.7342982], [7.1227015, 60.7342152], [7.1226252, 60.7341335], [7.1224981, 60.734014], [7.1223866, 60.7339217], [7.1221645, 60.7337625], [7.122116, 60.733733], [7.1219335, 60.7336215], [7.1217972, 60.7335495], [7.1216532, 60.7334776], [7.1214809, 60.7334022], [7.1213423, 60.7333466], [7.1212825, 60.7333249]]}, "properties": {"electrified": "contact_line", "frequency": "16.67", "gauge": "1435", "maxspeed": "50", "name": "Bergensbanen", "operator": "Bane NOR", "passenger_lines": "2", "railway": "rail", "usage": "main", "voltage": "15000", "length_km": 0.243, "maxspeed_kmh": 50.0}}, {"type": "Feature", "geometry": {"type": "LineString", "coordinates": [[7.1207045, 60.7331409], [7.1205809, 60.7331103], [7.1203055, 60.7330515], [7.1200474, 60.7330052], [7.1197977, 60.7329686]]}, "properties": {"electrified": "contact_line", "frequency": "16.67", "gauge": "1435", "maxspeed": "55", "name": "Bergensbanen", "operator": "Bane NOR", "passenger_lines": "2", "railway": "rail", "usage": "main", "voltage": "15000", "length_km": 0.053, "maxspeed_kmh": 55.0}}, {"type": "Feature", "geometry": {"type": "LineString", "coordinates": [[8.209173, 60.5354897], [8.2090629, 60.535455]]}, "properties": {"bridge": "yes", "electrified": "contact_line", "frequency": "16.67", "gauge": "1435", "maxspeed": "70", "name": "Bergensbanen", "operator": "Bane NOR", "passenger_lines": "1", "railway": "rail", "usage": "main", "voltage": "15000", "length_km": 0.007, "maxspeed_kmh": 70.0}}, {"type": "Feature", "geometry": {"type": "LineString", "coordinates": [[8.2090046, 60.5354365], [8.2085727, 60.5352999], [8.2082533, 60.5351982], [8.2081252, 60.5351568], [8.2067242, 60.5347119], [8.2058019, 60.5344172], [8.2048837, 60.5341236], [8.2038947, 60.5338037], [8.2034846, 60.5336784], [8.2032829, 60.5336237], [8.203086, 60.533574], [8.2029043, 60.5335322], [8.2027267, 60.5334934], [8.2026055, 60.5334702], [8.2025154, 60.5334537], [8.2024044, 60.533435], [8.2022001, 60.5334051], [8.2020213, 60.5333786], [8.2018864, 60.5333621], [8.2016846, 60.5333406], [8.2014545, 60.5333181], [8.2011865, 60.5333], [8.2008032, 60.533288], [8.2004086, 60.5332895], [8.2002361, 60.5332929], [8.1993038, 60.5333287], [8.1990939, 60.5333349], [8.1988768, 60.5333393], [8.1986636, 60.5333406], [8.1984406, 60.533337], [8.1982477, 60.5333316], [8.1980578, 60.5333219], [8.1978659, 60.5333086], [8.1976286, 60.5332867], [8.1973936, 60.533259], [8.1971854, 60.5332297], [8.196961, 60.5331925], [8.1967445, 60.5331531], [8.196548, 60.5331125], [8.1960416, 60.5330087]]}, "properties": {"electrified": "contact_line", "frequency": "16.67", "gauge": "1435", "maxspeed": "70", "name": "Bergensbanen", "operator": "Bane NOR", "passenger_lines": "1", "railway": "rail", "usage": "main", "voltage": "15000", "length_km": 0.784, "maxspeed_kmh": 70.0}}, {"type": "Feature", "geometry": {"type": "LineString", "coordinates": [[8.1923286, 60.5324829], [8.1918901, 60.5324518]]}, "properties": {"bridge": "yes", "electrified": "contact_line", "frequency": "16.67", "gauge": "1435", "maxspeed": "90", "name": "Bergensbanen", "operator": "Bane NOR", "passenger_lines": "1", "railway": "rail", "usage": "main", "voltage": "15000", "length_km": 0.024, "maxspeed_kmh": 90.0}}, {"type": "Feature", "geometry": {"type": "LineString", "coordinates": [[8.1918901, 60.5324518], [8.1917944, 60.5324449], [8.1915189, 60.5324218], [8.1912369, 60.5323952], [8.1908728, 60.5323525], [8.1906088, 60.5323123], [8.190399, 60.5322799], [8.1902048, 60.5322454], [8.1900115, 60.5322084], [8.189569, 60.5321111], [8.1880362, 60.5317258], [8.1877835, 60.531669], [8.187491, 60.5316103], [8.1872125, 60.5315634], [8.1869852, 60.5315298], [8.1866811, 60.5314919], [8.1864209, 60.5314677], [8.1861481, 60.5314481], [8.1855215, 60.531423], [8.1848439, 60.5314104], [8.1836374, 60.5314034], [8.1819627, 60.531401], [8.1801899, 60.5314059], [8.177976, 60.5314215], [8.1760141, 60.5314467], [8.1751566, 60.5314662], [8.1747129, 60.5314837]]}, "properties": {"electrified": "contact_line", "frequency": "16.67", "gauge": "1435", "maxspeed": "90", "name": "Bergensbanen", "operator": "Bane NOR", "passenger_lines": "1", "railway": "rail", "usage": "main", "voltage": "15000", "length_km": 0.966, "maxspeed_kmh": 90.0}}, {"type": "Feature", "geometry": {"type": "LineString", "coordinates": [[5.7384689, 60.5538204], [5.738223, 60.553531], [5.7380702, 60.5533685], [5.7378949, 60.5532086], [5.7376869, 60.5530455]]}, "properties": {"electrified": "contact_line", "frequency": "16.67", "gauge": "1435", "maxspeed": "65", "name": "Bergensbanen", "operator": "Bane NOR", "passenger_lines": "1", "railway": "rail", "usage": "main", "voltage": "15000", "length_km": 0.097, "maxspeed_kmh": 65.0}}, {"type": "Feature", "geometry": {"type": "LineString", "coordinates": [[5.7254796, 60.5188327], [5.7257127, 60.5185019]]}, "properties": {"electrified": "contact_line", "frequency": "16.67", "gauge": "1435", "maxspeed": "110", "name": "Bergensbanen", "operator": "Bane NOR", "passenger_lines": "1", "railway": "rail", "tunnel": "yes", "usage": "main", "voltage": "15000", "length_km": 0.039, "maxspeed_kmh": 110.0}}, {"type": "Feature", "geometry": {"type": "LineString", "coordinates": [[5.7257127, 60.5185019], [5.7257446, 60.5184551], [5.7258863, 60.5182213], [5.7260219, 60.5179812], [5.7261791, 60.5176141], [5.7262605, 60.5173427], [5.7263156, 60.5170502], [5.7263303, 60.5169296], [5.72634, 60.5168066], [5.7263355, 60.5165063], [5.726304, 60.5161391]]}, "properties": {"electrified": "contact_line", "frequency": "16.67", "gauge": "1435", "maxspeed": "110", "name": "Bergensbanen", "operator": "Bane NOR", "passenger_lines": "1", "railway": "rail", "usage": "main", "voltage": "15000", "length_km": 0.268, "maxspeed_kmh": 110.0}}, {"type": "Feature", "geometry": {"type": "LineString", "coordinates": [[5.7930241, 60.5808307], [5.7928501, 60.580859]]}, "properties": {"bridge": "yes", "electrified": "contact_line", "frequency": "16.67", "gauge": "1435", "maxspeed": "100", "name": "Bergensbanen", "operator": "Bane NOR", "passenger_lines": "1", "railway": "rail", "usage": "main", "voltage": "15000", "length_km": 0.01, "maxspeed_kmh": 100.0}}, {"type": "Feature", "geometry": {"type": "LineString", "coordinates": [[5.726304, 60.5161391], [5.7261997, 60.5153034]]}, "properties": {"electrified": "contact_line", "frequency": "16.67", "gauge": "1435", "maxspeed": "110", "name": "Bergensbanen", "operator": "Bane NOR", "railway": "rail", "tunnel": "yes", "usage": "main", "voltage": "15000", "length_km": 0.094, "maxspeed_kmh": 110.0}}, {"type": "Feature", "geometry": {"type": "LineString", "coordinates": [[5.7387346, 60.5541355], [5.7384689, 60.5538204]]}, "properties": {"bridge": "yes", "electrified": "contact_line", "frequency": "16.67", "gauge": "1435", "maxspeed": "65", "name": "Bergensbanen", "operator": "Bane NOR", "passenger_lines": "1", "railway": "rail", "usage": "main", "voltage": "15000", "length_km": 0.038, "maxspeed_kmh": 65.0}}, {"type": "Feature", "geometry": {"type": "LineString", "coordinates": [[5.7444172, 60.4717908], [5.7444905, 60.4716963], [5.744585, 60.4715277], [5.7446378, 60.4713748], [5.7446579, 60.4712765], [5.744665, 60.4711566], [5.7446593, 60.4710623], [5.7445886, 60.4707508], [5.7444669, 60.4703506]]}, "properties": {"electrified": "contact_line", "frequency": "16.67", "gauge": "1435", "maxspeed": "50", "name": "Bergensbanen", "operator": "Bane NOR", "passenger_lines": "1", "railway": "rail", "usage": "main", "voltage": "15000", "length_km": 0.163, "maxspeed_kmh": 50.0}}, {"type": "Feature", "geometry": {"type": "LineString", "coordinates": [[5.7444021, 60.47013], [5.7441995, 60.4693975]]}, "properties": {"electrified": "contact_line", "frequency": "16.67", "gauge": "1435", "maxspeed": "80", "name": "Bergensbanen", "operator": "Bane NOR", "passenger_lines": "1", "railway": "rail", "tunnel": "yes", "usage": "main", "voltage": "15000", "length_km": 0.083, "maxspeed_kmh": 80.0}}, {"type": "Feature", "geometry": {"type": "LineString", "coordinates": [[10.2413411, 60.1688971], [10.2405315, 60.1688882], [10.2401963, 60.1688778], [10.2400398, 60.1688697], [10.2398861, 60.1688613], [10.2394847, 60.1688244], [10.2392975, 60.1688013], [10.2390743, 60.1687693], [10.2387221, 60.1687058], [10.2383505, 60.1686214], [10.2379932, 60.168522], [10.2377776, 60.168453], [10.2373882, 60.1683108], [10.2372232, 60.1682418], [10.236861, 60.1680737], [10.2365548, 60.1679156], [10.2363983, 60.1678278], [10.2362997, 60.1677793]]}, "properties": {"gauge": "1435", "maxspeed": "80", "name": "Bergensbanen", "operator": "Bane NOR", "passenger_lines": "2", "railway": "rail", "usage": "main", "length_km": 0.319, "maxspeed_kmh": 80.0}}, {"type": "Feature", "geometry": {"type": "LineString", "coordinates": [[5.3388429, 60.3880991], [5.3385504, 60.388245], [5.3381934, 60.3884326]]}, "properties": {"electrified": "contact_line", "frequency": "16.67", "gauge": "1435", "name": "Bergensbanen", "operator": "Bane NOR", "railway": "rail", "service": "siding", "voltage": "15000", "length_km": 0.052}}, {"type": "Feature", "geometry": {"type": "LineString", "coordinates": [[5.3395209, 60.3878196], [5.3388429, 60.3880991]]}, "properties": {"electrified": "contact_line", "frequency": "16.67", "gauge": "1435", "name": "Bergensbanen", "operator": "Bane NOR", "railway": "rail", "service": "siding", "voltage": "15000", "length_km": 0.049}}, {"type": "Feature", "geometry": {"type": "LineString", "coordinates": [[5.3334408, 60.3902332], [5.333472, 60.3902204], [5.3343727, 60.3898495]]}, "properties": {"electrified": "contact_line", "frequency": "16.67", "gauge": "1435", "name": "Bergensbanen", "operator": "Bane NOR", "railway": "rail", "service": "siding", "voltage": "15000", "length_km": 0.067}}, {"type": "Feature", "geometry": {"type": "LineString", "coordinates": [[5.337467, 60.3888022], [5.3373544, 60.3888577], [5.3372393, 60.3889119], [5.3371115, 60.3889672], [5.3369384, 60.3890393], [5.3366623, 60.3891504], [5.3358855, 60.3894661], [5.3345878, 60.3899757], [5.3340553, 60.3901906]]}, "properties": {"electrified": "contact_line", "frequency": "16.67", "gauge": "1435", "name": "Bergensbanen", "operator": "Bane NOR", "railway": "rail", "service": "siding", "voltage": "15000", "length_km": 0.244}}, {"type": "Feature", "geometry": {"type": "LineString", "coordinates": [[5.3380251, 60.3885181], [5.3379215, 60.3885684], [5.3378154, 60.3886183], [5.3376863, 60.3886746], [5.3375777, 60.3887184], [5.3371813, 60.38888], [5.3370784, 60.388922], [5.3345487, 60.3899533], [5.3336476, 60.3903229], [5.3336063, 60.3903399]]}, "properties": {"electrified": "contact_line", "frequency": "16.67", "gauge": "1435", "name": "Bergensbanen", "operator": "Bane NOR", "railway": "rail", "service": "siding", "voltage": "15000", "length_km": 0.318}}, {"type": "Feature", "geometry": {"type": "LineString", "coordinates": [[5.3388852, 60.3881357], [5.3386206, 60.3882422], [5.3384018, 60.3883339], [5.3381934, 60.3884326]]}, "properties": {"electrified": "contact_line", "frequency": "16.67", "gauge": "1435", "name": "Bergensbanen", "operator": "Bane NOR", "railway": "rail", "service": "siding", "voltage": "15000", "length_km": 0.051}}, {"type": "Feature", "geometry": {"type": "LineString", "coordinates": [[5.3382396, 60.3883432], [5.3377982, 60.3885257], [5.3371319, 60.3887938], [5.3369757, 60.3888604], [5.3344466, 60.3898935]]}, "properties": {"electrified": "contact_line", "frequency": "16.67", "gauge": "1435", "name": "Bergensbanen", "operator": "Bane NOR", "railway": "rail", "service": "siding", "voltage": "15000", "length_km": 0.272}}, {"type": "Feature", "geometry": {"type": "LineString", "coordinates": [[5.3374337, 60.3886049], [5.3379081, 60.3884125], [5.3381827, 60.3883003], [5.3384452, 60.3881934], [5.3388408, 60.3880297], [5.3390741, 60.3879354], [5.339306, 60.3878412], [5.3394265, 60.3877916], [5.3395744, 60.3877246], [5.3397181, 60.3876551]]}, "properties": {"electrified": "contact_line", "frequency": "16.67", "gauge": "1435", "name": "Bergensbanen", "operator": "Bane NOR", "railway": "rail", "service": "siding", "voltage": "15000", "length_km": 0.165}}, {"type": "Feature", "geometry": {"type": "LineString", "coordinates": [[5.3362056, 60.3890026], [5.3356006, 60.3892476], [5.3342714, 60.3897899], [5.3337818, 60.3899835], [5.3337024, 60.3900155]]}, "properties": {"electrified": "contact_line", "frequency": "16.67", "gauge": "1435", "name": "Bergensbanen", "operator": "Bane NOR", "railway": "rail", "usage": "main", "voltage": "15000", "length_km": 0.179}}, {"type": "Feature", "geometry": {"type": "LineString", "coordinates": [[5.3534201, 60.3825115], [5.3525418, 60.3829534]]}, "properties": {"bridge": "yes", "electrified": "contact_line", "frequency": "16.67", "gauge": "1435", "name": "Bergensbanen", "operator": "Bane NOR", "railway": "rail", "usage": "main", "voltage": "15000", "length_km": 0.069}}, {"type": "Feature", "geometry": {"type": "LineString", "coordinates": [[5.3488344, 60.3844438], [5.3476777, 60.3847601], [5.3471075, 60.3849253], [5.346731, 60.38504], [5.3452135, 60.3855216]]}, "properties": {"electrified": "contact_line", "frequency": "16.67", "gauge": "1435", "maxspeed": "30", "name": "Bergensbanen", "operator": "Bane NOR", "railway": "rail", "usage": "main", "voltage": "15000", "length_km": 0.234, "maxspeed_kmh": 30.0}}, {"type": "Feature", "geometry": {"type": "LineString", "coordinates": [[5.3521742, 60.3832175], [5.3517932, 60.3834022], [5.3516502, 60.3834675]]}, "properties": {"electrified": "contact_line", "frequency": "16.67", "gauge": "1435", "maxspeed": "90", "name": "Bergensbanen", "operator": "Bane NOR", "railway": "rail", "usage": "main", "voltage": "15000", "length_km": 0.04, "maxspeed_kmh": 90.0}}, {"type": "Feature", "geometry": {"type": "LineString", "coordinates": [[5.35381, 60.3822963], [5.3536617, 60.3823807], [5.3534201, 60.3825115]]}, "properties": {"electrified": "contact_line", "frequency": "16.67", "gauge": "1435", "name": "Bergensbanen", "operator": "Bane NOR", "railway": "rail", "usage": "main", "voltage": "15000", "length_km": 0.032}}, {"type": "Feature", "geometry": {"type": "LineString", "coordinates": [[5.4536712, 60.4153779], [5.4521447, 60.4146989], [5.4499859, 60.4137385], [5.4218536, 60.4012462], [5.3964966, 60.3899464], [5.3808315, 60.3828909], [5.3785193, 60.381948], [5.3769493, 60.3813698], [5.3756811, 60.3809912], [5.3748035, 60.3807653]]}, "properties": {"electrified": "contact_line", "frequency": "16.67", "gauge": "1435", "maxspeed": "160", "name": "Bergensbanen", "operator": "Bane NOR", "railway": "rail", "tunnel": "yes", "usage": "main", "voltage": "15000", "length_km": 5.833, "maxspeed_kmh": 160.0}}, {"type": "Feature", "geometry": {"type": "LineString", "coordinates": [[6.4155142, 60.6297766], [6.4152673, 60.629768]]}, "properties": {"bridge": "yes", "electrified": "contact_line", "frequency": "16.67", "gauge": "1435", "maxspeed": "70", "name": "Bergensbanen", "operator": "Bane NOR", "railway": "rail", "usage": "main", "voltage": "15000", "length_km": 0.014, "maxspeed_kmh": 70.0}}, {"type": "Feature", "geometry": {"type": "LineString", "coordinates": [[6.4132607, 60.6295627], [6.4114837, 60.6293276], [6.4103514, 60.6291815], [6.4101318, 60.6291538], [6.4097127, 60.6290952], [6.4088187, 60.6289794], [6.4085227, 60.6289425], [6.4082506, 60.6289104], [6.407968, 60.6288783], [6.4076365, 60.6288421], [6.4072875, 60.6288086], [6.4070896, 60.6287917], [6.4069412, 60.6287791]]}, "properties": {"electrified": "contact_line", "frequency": "16.67", "gauge": "1435", "maxspeed": "70", "name": "Bergensbanen", "operator": "Bane NOR", "railway": "rail", "usage": "main", "voltage": "15000", "length_km": 0.358, "maxspeed_kmh": 70.0}}, {"type": "Feature", "geometry": {"type": "LineString", "coordinates": [[9.6784079, 60.3144086], [9.6783071, 60.3145858], [9.6782211, 60.3147516], [9.6781479, 60.3149096], [9.678103, 60.3150448], [9.6780446, 60.315271], [9.6780228, 60.3155136], [9.6780404, 60.3157624], [9.6780971, 60.3160231], [9.6782406, 60.3164763], [9.6783209, 60.3167625], [9.6783449, 60.3168717], [9.6783774, 60.3170389], [9.6784117, 60.3173154], [9.6784225, 60.3176023], [9.6784207, 60.3177404], [9.6784042, 60.3179995], [9.6783407, 60.3184235], [9.6782501, 60.3188447], [9.6781272, 60.3192739], [9.677941, 60.3198196], [9.6777787, 60.3202338], [9.6775155, 60.32083], [9.6773252, 60.3212154], [9.677166, 60.3215167], [9.6767296, 60.3222747], [9.6764612, 60.3227088], [9.676166, 60.3231596], [9.6758601, 60.3235966], [9.6756582, 60.3238731], [9.6753525, 60.324275], [9.6751289, 60.3245576]]}, "properties": {"electrified": "contact_line", "frequency": "16.67", "gauge": "1435", "maxspeed": "60", "name": "Bergensbanen", "operator": "Bane NOR", "passenger_lines": "1", "railway": "rail", "usage": "main", "voltage": "15000", "length_km": 1.16, "maxspeed_kmh": 60.0}}, {"type": "Feature", "geometry": {"type": "LineString", "coordinates": [[6.5973111, 60.67954], [6.5971058, 60.6795353]]}, "properties": {"bridge": "yes", "electrified": "contact_line", "frequency": "16.67", "gauge": "1435", "maxspeed": "90", "name": "Bergensbanen", "operator": "Bane NOR", "passenger_lines": "1", "railway": "rail", "usage": "main", "voltage": "15000", "length_km": 0.011, "maxspeed_kmh": 90.0}}, {"type": "Feature", "geometry": {"type": "LineString", "coordinates": [[6.5970863, 60.6795348], [6.5967782, 60.6795298], [6.5965232, 60.679525], [6.5962661, 60.6795193], [6.5960608, 60.6795151], [6.5953756, 60.679502], [6.5951459, 60.6794974], [6.5933953, 60.6794629], [6.5931425, 60.6794575], [6.5911639, 60.6794198], [6.5904995, 60.6794069], [6.5899752, 60.6793992], [6.5894948, 60.6793927], [6.5890476, 60.6793886], [6.5884814, 60.6793857], [6.5880126, 60.6793874], [6.5875169, 60.6793912], [6.5871217, 60.6793976], [6.5867032, 60.6794053]]}, "properties": {"electrified": "contact_line", "frequency": "16.67", "gauge": "1435", "maxspeed": "90", "name": "Bergensbanen", "operator": "Bane NOR", "passenger_lines": "2", "railway": "rail", "usage": "main", "voltage": "15000", "length_km": 0.569, "maxspeed_kmh": 90.0}}, {"type": "Feature", "geometry": {"type": "LineString", "coordinates": [[8.121958, 60.522428], [8.1218182, 60.5223966]]}, "properties": {"bridge": "yes", "electrified": "contact_line", "frequency": "16.67", "gauge": "1435", "maxspeed": "90", "name": "Bergensbanen", "operator": "Bane NOR", "passenger_lines": "1", "railway": "rail", "usage": "main", "voltage": "15000", "length_km": 0.008, "maxspeed_kmh": 90.0}}, {"type": "Feature", "geometry": {"type": "LineString", "coordinates": [[8.0424549, 60.4981726], [8.0423388, 60.4982357]]}, "properties": {"bridge": "yes", "electrified": "contact_line", "frequency": "16.67", "gauge": "1435", "maxspeed": "75", "name": "Bergensbanen", "operator": "Bane NOR", "passenger_lines": "1", "railway": "rail", "usage": "main", "voltage": "15000", "length_km": 0.01, "maxspeed_kmh": 75.0}}, {"type": "Feature", "geometry": {"type": "LineString", "coordinates": [[8.0051482, 60.5023503], [8.0049657, 60.5023607]]}, "properties": {"bridge": "yes", "electrified": "contact_line", "frequency": "16.67", "gauge": "1435", "maxspeed": "90", "name": "Bergensbanen", "operator": "Bane NOR", "passenger_lines": "1", "railway": "rail", "usage": "main", "voltage": "15000", "length_km": 0.01, "maxspeed_kmh": 90.0}}, {"type": "Feature", "geometry": {"type": "LineString", "coordinates": [[8.28984, 60.5564197], [8.2890847, 60.5564753]]}, "properties": {"bridge": "yes", "electrified": "contact_line", "frequency": "16.67", "gauge": "1435", "maxspeed": "75", "name": "Bergensbanen", "operator": "Bane NOR", "passenger_lines": "1", "railway": "rail", "usage": "main", "voltage": "15000", "length_km": 0.042, "maxspeed_kmh": 75.0}}, {"type": "Feature", "geometry": {"type": "LineString", "coordinates": [[8.0049657, 60.5023607], [8.0025458, 60.5025057]]}, "properties": {"electrified": "contact_line", "frequency": "16.67", "gauge": "1435", "maxspeed": "90", "name": "Bergensbanen", "operator": "Bane NOR", "passenger_lines": "1", "railway": "rail", "usage": "main", "voltage": "15000", "length_km": 0.134, "maxspeed_kmh": 90.0}}, {"type": "Feature", "geometry": {"type": "LineString", "coordinates": [[8.2890847, 60.5564753], [8.2869508, 60.5566378], [8.2862384, 60.5566832], [8.2859562, 60.556695], [8.2857032, 60.5566997], [8.285451, 60.5566993], [8.2852438, 60.5566937], [8.2849911, 60.5566818], [8.2847549, 60.5566648], [8.2844324, 60.5566354], [8.2840453, 60.5565836], [8.2838186, 60.5565466], [8.2835995, 60.5565057], [8.2833933, 60.5564619], [8.2830321, 60.5563723], [8.2826554, 60.5562599], [8.282412, 60.5561758], [8.2822871, 60.5561279], [8.281977, 60.5559969], [8.2817075, 60.5558673], [8.2814061, 60.5557075], [8.2809214, 60.5554381], [8.2807373, 60.5553419], [8.2804307, 60.5551915], [8.2802763, 60.5551235], [8.2800013, 60.5550135], [8.2797942, 60.5549385], [8.2794789, 60.5548343], [8.2790911, 60.5547233], [8.2782744, 60.5545166], [8.2731563, 60.5532742], [8.2727355, 60.5531742], [8.2722851, 60.5530794], [8.271872, 60.5530105], [8.2714943, 60.5529631], [8.2710872, 60.5529298], [8.2706582, 60.5529113], [8.2702875, 60.5529115], [8.2699738, 60.5529203], [8.269675, 60.5529357], [8.2687594, 60.5530043], [8.2681509, 60.5530366], [8.267975, 60.5530399], [8.2676415, 60.5530394], [8.2672316, 60.553025], [8.2669638, 60.5530096]]}, "properties": {"electrified": "contact_line", "frequency": "16.67", "gauge": "1435", "maxspeed": "75", "name": "Bergensbanen", "operator": "Bane NOR", "passenger_lines": "1", "railway": "rail", "usage": "main", "voltage": "15000", "length_km": 1.338, "maxspeed_kmh": 75.0}}, {"type": "Feature", "geometry": {"type": "LineString", "coordinates": [[8.0423388, 60.4982357], [8.0421982, 60.4983011], [8.0420189, 60.4983797], [8.0418091, 60.4984626], [8.0416182, 60.4985299], [8.0412896, 60.4986293], [8.0410072, 60.4987006], [8.040822, 60.4987403], [8.0406625, 60.4987704], [8.0405032, 60.4987986], [8.0403368, 60.4988238], [8.0401647, 60.4988469], [8.0399918, 60.4988657], [8.0397946, 60.4988834], [8.0396323, 60.498894], [8.039441, 60.4989042], [8.0392355, 60.4989098], [8.0390293, 60.4989101], [8.0388231, 60.4989062], [8.0385628, 60.4988938], [8.0383212, 60.4988759], [8.0380969, 60.498853], [8.0377701, 60.4988103], [8.0374808, 60.4987599], [8.0372745, 60.4987156], [8.0370433, 60.4986659], [8.0368304, 60.4986141], [8.0358821, 60.4983684], [8.0354683, 60.4982726], [8.0351981, 60.4982175], [8.0349035, 60.4981648], [8.0347013, 60.4981339], [8.0343869, 60.4980922], [8.0339783, 60.4980498], [8.0337516, 60.4980338], [8.0333202, 60.4980152], [8.0330955, 60.4980116], [8.0327554, 60.498012], [8.0324957, 60.4980187], [8.0323003, 60.4980271], [8.0320332, 60.4980436], [8.0317897, 60.4980661], [8.0315247, 60.4980948], [8.0310974, 60.4981539], [8.0309117, 60.4981857], [8.0307035, 60.4982242], [8.0303008, 60.4983102], [8.0300802, 60.4983653], [8.0296849, 60.4984791], [8.0293414, 60.4985939], [8.0291827, 60.4986534], [8.0288914, 60.4987739], [8.0287619, 60.4988327], [8.0285465, 60.4989366], [8.028391, 60.4990187], [8.0281413, 60.4991608], [8.0270232, 60.4998338], [8.0267232, 60.4999971], [8.0265758, 60.5000687], [8.0262579, 60.5002033], [8.0258923, 60.5003337], [8.0257172, 60.5003869], [8.0254154, 60.5004699], [8.0250733, 60.5005487], [8.0247026, 60.5006171], [8.0243795, 60.5006636], [8.0242107, 60.5006843], [8.0238286, 60.5007177], [8.0236534, 60.5007269], [8.0232266, 60.5007401], [8.0230388, 60.5007392], [8.0227213, 60.5007312], [8.0225128, 60.5007206], [8.0221811, 60.5006971], [8.019598, 60.5004671], [8.0191159, 60.5004242], [8.018515, 60.500379], [8.0181005, 60.500366], [8.0178633, 60.5003664], [8.0176521, 60.5003719], [8.0174501, 60.5003819], [8.0170248, 60.5004176], [8.016661, 60.5004641], [8.0163609, 60.5005149], [8.016183, 60.5005515], [8.0160189, 60.500588], [8.0157718, 60.5006522], [8.0154566, 60.5007479], [8.0152263, 60.5008283], [8.0149352, 60.5009457], [8.0146843, 60.5010562], [8.0139281, 60.5014058], [8.0136682, 60.5015137], [8.0133832, 60.5016169]]}, "properties": {"electrified": "contact_line", "frequency": "16.67", "gauge": "1435", "maxspeed": "75", "name": "Bergensbanen", "operator": "Bane NOR", "passenger_lines": "1", "railway": "rail", "usage": "main", "voltage": "15000", "length_km": 1.786, "maxspeed_kmh": 75.0}}, {"type": "Feature", "geometry": {"type": "LineString", "coordinates": [[8.1218182, 60.5223966], [8.1213848, 60.5222896], [8.1209702, 60.5221868], [8.1205423, 60.5220705], [8.1197257, 60.5218294], [8.1181953, 60.5213595], [8.1165368, 60.5208377], [8.1159286, 60.5206409], [8.1155451, 60.5205116], [8.1153109, 60.5204267], [8.1150346, 60.52032], [8.114788, 60.5202166], [8.1144484, 60.5200599], [8.114173, 60.5199169], [8.1140107, 60.5198258], [8.1137614, 60.5196744], [8.1135155, 60.5195089], [8.1133325, 60.5193732], [8.1131235, 60.5192086], [8.112627, 60.5187946], [8.1121219, 60.5183996], [8.1117809, 60.5181529], [8.1113663, 60.5178777], [8.1111041, 60.5177179]]}, "properties": {"electrified": "contact_line", "frequency": "16.67", "gauge": "1435", "maxspeed": "90", "name": "Bergensbanen", "operator": "Bane NOR", "passenger_lines": "1", "railway": "rail", "usage": "main", "voltage": "15000", "length_km": 0.803, "maxspeed_kmh": 90.0}}, {"type": "Feature", "geometry": {"type": "LineString", "coordinates": [[10.1430392, 60.1973073], [10.1428858, 60.1973112], [10.1426795, 60.1973202], [10.1423233, 60.1973478], [10.1419726, 60.1973896], [10.1416299, 60.1974454], [10.1412971, 60.1975147], [10.1410636, 60.1975738]]}, "properties": {"electrified": "contact_line", "frequency": "16.67", "gauge": "1435", "maxspeed": "75", "name": "Bergensbanen", "operator": "Bane NOR", "passenger_lines": "1", "railway": "rail", "tunnel": "yes", "usage": "main", "voltage": "15000", "length_km": 0.115, "maxspeed_kmh": 75.0}}, {"type": "Feature", "geometry": {"type": "LineString", "coordinates": [[10.126791, 60.2025715], [10.1262758, 60.2026754], [10.1256805, 60.2027978], [10.1241028, 60.20311], [10.1232156, 60.2032906], [10.1224471, 60.2034657], [10.121614, 60.2036765], [10.1208644, 60.2038884], [10.120386, 60.204034], [10.1198913, 60.2041914], [10.11942, 60.2043494], [10.1184873, 60.20468], [10.1179282, 60.2048686], [10.1170304, 60.2051436], [10.1164113, 60.2053056], [10.1157335, 60.2054658], [10.1150848, 60.2055971], [10.1145461, 60.2056953], [10.1138333, 60.205808], [10.1119962, 60.2060713], [10.1106089, 60.2062748], [10.11024, 60.2063242], [10.1075952, 60.2067004], [10.1069675, 60.2067866], [10.1063206, 60.2068661], [10.1057871, 60.2069255], [10.1051108, 60.206993], [10.1045287, 60.2070413], [10.1039359, 60.2070846], [10.1037166, 60.2070976], [10.1032377, 60.207126], [10.1025701, 60.2071568], [10.1020139, 60.2071751], [10.1013964, 60.2071902], [10.1008653, 60.2071955], [10.1001337, 60.207194], [10.0995936, 60.2071863], [10.0990987, 60.207174], [10.0985488, 60.2071554], [10.0979264, 60.207125], [10.0973015, 60.2070889], [10.0967645, 60.2070512], [10.0962464, 60.2070089], [10.0956649, 60.2069556], [10.0953801, 60.2069281]]}, "properties": {"electrified": "contact_line", "frequency": "16.67", "gauge": "1435", "maxspeed": "125", "name": "Bergensbanen", "operator": "Bane NOR", "passenger_lines": "1", "railway": "rail", "usage": "main", "voltage": "15000", "length_km": 1.853, "maxspeed_kmh": 125.0}}, {"type": "Feature", "geometry": {"type": "LineString", "coordinates": [[6.2655195, 60.6319419], [6.264575, 60.6317449]]}, "properties": {"bridge": "yes", "electrified": "contact_line", "frequency": "16.67", "gauge": "1435", "maxspeed": "70", "name": "Bergensbanen", "operator": "Bane NOR", "railway": "rail", "usage": "main", "voltage": "15000", "length_km": 0.056, "maxspeed_kmh": 70.0}}, {"type": "Feature", "geometry": {"type": "LineString", "coordinates": [[6.264575, 60.6317449], [6.2640373, 60.6316311], [6.2639449, 60.6316127], [6.2635697, 60.631542], [6.2631598, 60.6314802], [6.2629496, 60.6314577], [6.2627407, 60.6314401], [6.2624844, 60.6314242], [6.2588428, 60.6312663], [6.2584404, 60.6312395], [6.2581702, 60.6312163], [6.2580065, 60.6311977], [6.2577202, 60.6311573], [6.2574374, 60.6311088], [6.2572242, 60.6310678], [6.2561571, 60.6308395], [6.2558851, 60.6307857], [6.2556311, 60.6307422], [6.2553671, 60.630701], [6.2549058, 60.6306396], [6.2543443, 60.6305794], [6.2540055, 60.6305531], [6.2536986, 60.6305345], [6.2531799, 60.6305131], [6.2510348, 60.6304802], [6.24748, 60.630385], [6.2462353, 60.6303565], [6.2451191, 60.6303212], [6.2443867, 60.6303088], [6.2441235, 60.6303113], [6.2439143, 60.6303165], [6.2436258, 60.6303337], [6.2433495, 60.6303566], [6.2431109, 60.6303833], [6.2428594, 60.6304179], [6.2426039, 60.6304592], [6.2423264, 60.6305136], [6.2420394, 60.6305782], [6.2417164, 60.6306646], [6.2413635, 60.6307742], [6.2409465, 60.6309132]]}, "properties": {"electrified": "contact_line", "frequency": "16.67", "gauge": "1435", "maxspeed": "70", "name": "Bergensbanen", "operator": "Bane NOR", "railway": "rail", "usage": "main", "voltage": "15000", "length_km": 1.332, "maxspeed_kmh": 70.0}}, {"type": "Feature", "geometry": {"type": "LineString", "coordinates": [[6.3953841, 60.6259772], [6.3941591, 60.6257616], [6.3934108, 60.6256181], [6.3929527, 60.6255126], [6.3925063, 60.6253965], [6.3923246, 60.6253435], [6.3920795, 60.6252698], [6.3917738, 60.6251687], [6.3912025, 60.624966], [6.3901426, 60.6245627], [6.3895147, 60.624338], [6.3890829, 60.6241926], [6.3885896, 60.6240337], [6.388077, 60.6238792]]}, "properties": {"electrified": "contact_line", "frequency": "16.67", "gauge": "1435", "maxspeed": "90", "name": "Bergensbanen", "operator": "Bane NOR", "railway": "rail", "usage": "main", "voltage": "15000", "length_km": 0.467, "maxspeed_kmh": 90.0}}, {"type": "Feature", "geometry": {"type": "LineString", "coordinates": [[7.6313541, 60.554436], [7.6291649, 60.5545645], [7.6283347, 60.5546099], [7.6273838, 60.5546528], [7.6269838, 60.5546675], [7.6261998, 60.5546889], [7.6250373, 60.5547017], [7.6237793, 60.5546944], [7.6228615, 60.5546791], [7.6201772, 60.5546243], [7.6199001, 60.5546216], [7.61901, 60.5546115], [7.618139, 60.5546139], [7.6174043, 60.5546254], [7.6166505, 60.5546441], [7.6157795, 60.5546791], [7.6149631, 60.5547228], [7.6143662, 60.5547615], [7.6138496, 60.5548], [7.6130185, 60.554871], [7.6121684, 60.5549574], [7.6115721, 60.555025], [7.6108244, 60.5551182], [7.6100055, 60.5552331], [7.6095364, 60.5553068], [7.6089778, 60.555396], [7.608491, 60.555477], [7.6075491, 60.5556524], [7.6067519, 60.555812], [7.6059765, 60.5559751], [7.5979555, 60.5577305], [7.5947197, 60.5584451], [7.5939877, 60.558614], [7.5930842, 60.5588347], [7.5925716, 60.5589675], [7.5919873, 60.5591272], [7.5914933, 60.5592684], [7.5910159, 60.559411], [7.5906105, 60.5595365], [7.590063, 60.5597137], [7.5890823, 60.5600524], [7.588706, 60.5601903], [7.5881952, 60.5603847], [7.5875478, 60.560644], [7.5871015, 60.5608317], [7.5867516, 60.5609838], [7.5863275, 60.561175], [7.585654, 60.5614944], [7.5853735, 60.5616337], [7.5846235, 60.5620247], [7.584012, 60.562365], [7.5838592, 60.5624519], [7.5834832, 60.5626775], [7.5831292, 60.5628946], [7.5825052, 60.5632986], [7.5818822, 60.5637206], [7.5812242, 60.5641744], [7.5787635, 60.5658878], [7.5780839, 60.5663797], [7.5776951, 60.566676], [7.5773983, 60.5669105], [7.5769941, 60.5672496], [7.5767314, 60.567481], [7.5764313, 60.5677583], [7.5761437, 60.5680388]]}, "properties": {"electrified": "contact_line", "frequency": "16.67", "gauge": "1435", "maxspeed": "160", "name": "Bergensbanen", "operator": "Bane NOR", "passenger_lines": "1", "railway": "rail", "usage": "main", "voltage": "15000", "length_km": 3.602, "maxspeed_kmh": 160.0}}, {"type": "Feature", "geometry": {"type": "LineString", "coordinates": [[7.5638789, 60.5815729], [7.5619495, 60.5826258], [7.5610807, 60.5831102], [7.5607776, 60.583284], [7.5602356, 60.5836098], [7.5599216, 60.5838069], [7.5595467, 60.5840513], [7.5593295, 60.5841959], [7.5587024, 60.5846318], [7.5582496, 60.5849574], [7.5577002, 60.5853639], [7.5571218, 60.5858048], [7.5558095, 60.5868301], [7.5552606, 60.5872427], [7.5547857, 60.587583], [7.5541024, 60.5880442], [7.5535937, 60.5883645], [7.5533633, 60.5885036], [7.5526771, 60.5888984], [7.5522886, 60.5891097], [7.5520106, 60.5892597], [7.5518568, 60.5893386], [7.5517919, 60.5893698], [7.5513905, 60.5895706], [7.5508204, 60.5898432], [7.5503226, 60.5900719], [7.5497935, 60.5903014], [7.549075, 60.5905962], [7.5480409, 60.5909897], [7.5476098, 60.5911456], [7.547109, 60.5913161], [7.5465404, 60.5915024], [7.5457385, 60.5917513], [7.5451718, 60.5919171], [7.5445637, 60.5920899], [7.5433966, 60.5923892], [7.542444, 60.5926285], [7.5380505, 60.5937167], [7.5370681, 60.5939602]]}, "properties": {"electrified": "contact_line", "frequency": "16.67", "gauge": "1435", "maxspeed": "160", "name": "Bergensbanen", "operator": "Bane NOR", "passenger_lines": "1", "railway": "rail", "usage": "main", "voltage": "15000", "length_km": 2.059, "maxspeed_kmh": 160.0}}, {"type": "Feature", "geometry": {"type": "LineString", "coordinates": [[7.5720741, 60.5736918], [7.5712116, 60.5750035]]}, "properties": {"bridge": "yes", "electrified": "contact_line", "frequency": "16.67", "gauge": "1435", "maxspeed": "160", "name": "Bergensbanen", "operator": "Bane NOR", "passenger_lines": "1", "railway": "rail", "usage": "main", "voltage": "15000", "length_km": 0.154, "maxspeed_kmh": 160.0}}, {"type": "Feature", "geometry": {"type": "LineString", "coordinates": [[5.5189768, 60.4217954], [5.5188753, 60.4218317], [5.5152907, 60.4231267]]}, "properties": {"electrified": "contact_line", "frequency": "16.67", "gauge": "1435", "maxspeed": "100", "name": "Bergensbanen", "operator": "Bane NOR", "passenger_lines": "1", "railway": "rail", "tunnel": "yes", "usage": "main", "voltage": "15000", "length_km": 0.252, "maxspeed_kmh": 100.0}}, {"type": "Feature", "geometry": {"type": "LineString", "coordinates": [[6.0109663, 60.6475235], [6.0106615, 60.6475207], [6.0104268, 60.6475126], [6.0102708, 60.6475035], [6.0099618, 60.6474769], [6.0095634, 60.647426], [6.0090949, 60.6473488], [6.0083275, 60.6472081], [6.0062787, 60.646819], [6.0044695, 60.6465019], [6.0041713, 60.6464556], [6.0035967, 60.6463888], [6.0030582, 60.6463544], [6.0025155, 60.6463464], [6.0020819, 60.6463591], [6.0014185, 60.6464003]]}, "properties": {"electrified": "contact_line", "frequency": "16.67", "gauge": "1435", "maxspeed": "70", "name": "Bergensbanen", "operator": "Bane NOR", "railway": "rail", "tunnel": "yes", "usage": "main", "voltage": "15000", "length_km": 0.546, "maxspeed_kmh": 70.0}}, {"type": "Feature", "geometry": {"type": "LineString", "coordinates": [[5.9619354, 60.6379495], [5.9606725, 60.6379463], [5.9601191, 60.6379368], [5.95924, 60.6379108], [5.9585558, 60.6378778], [5.9581112, 60.6378544], [5.9576654, 60.6378259], [5.9555558, 60.6376972], [5.9551788, 60.6376748], [5.9548004, 60.6376473], [5.954458, 60.6376186], [5.9541363, 60.6375899], [5.9539474, 60.6375707]]}, "properties": {"electrified": "contact_line", "frequency": "16.67", "gauge": "1435", "name": "Bergensbanen", "operator": "Bane NOR", "railway": "rail", "usage": "main", "voltage": "15000", "length_km": 0.441}}, {"type": "Feature", "geometry": {"type": "LineString", "coordinates": [[9.6096427, 60.3821806], [9.6092734, 60.3822717]]}, "properties": {"bridge": "yes", "electrified": "contact_line", "frequency": "16.67", "gauge": "1435", "maxspeed": "110", "name": "Bergensbanen", "operator": "Bane NOR", "passenger_lines": "1", "railway": "rail", "usage": "main", "voltage": "15000", "length_km": 0.023, "maxspeed_kmh": 110.0}}, {"type": "Feature", "geometry": {"type": "LineString", "coordinates": [[9.6009009, 60.3846181], [9.6004251, 60.3848194]]}, "properties": {"bridge": "yes", "electrified": "contact_line", "frequency": "16.67", "gauge": "1435", "maxspeed": "110", "name": "Bergensbanen", "operator": "Bane NOR", "passenger_lines": "1", "railway": "rail", "usage": "main", "voltage": "15000", "length_km": 0.035, "maxspeed_kmh": 110.0}}, {"type": "Feature", "geometry": {"type": "LineString", "coordinates": [[9.5970354, 60.3867204], [9.5967448, 60.3869132]]}, "properties": {"bridge": "yes", "electrified": "contact_line", "frequency": "16.67", "gauge": "1435", "maxspeed": "110", "name": "Bergensbanen", "operator": "Bane NOR", "passenger_lines": "1", "railway": "rail", "usage": "main", "voltage": "15000", "length_km": 0.027, "maxspeed_kmh": 110.0}}, {"type": "Feature", "geometry": {"type": "LineString", "coordinates": [[9.6470249, 60.3546405], [9.6470632, 60.3547056]]}, "properties": {"bridge": "yes", "electrified": "contact_line", "frequency": "16.67", "gauge": "1435", "maxspeed": "75", "name": "Bergensbanen", "operator": "Bane NOR", "passenger_lines": "1", "railway": "rail", "usage": "main", "voltage": "15000", "length_km": 0.008, "maxspeed_kmh": 75.0}}, {"type": "Feature", "geometry": {"type": "LineString", "coordinates": [[9.6004251, 60.3848194], [9.6002608, 60.3848901], [9.5999651, 60.3850237], [9.5995085, 60.3852428], [9.598924, 60.3855444], [9.5984782, 60.385796], [9.5978605, 60.3861737], [9.5970354, 60.3867204]]}, "properties": {"electrified": "contact_line", "frequency": "16.67", "gauge": "1435", "maxspeed": "110", "name": "Bergensbanen", "operator": "Bane NOR", "passenger_lines": "1", "railway": "rail", "usage": "main", "voltage": "15000", "length_km": 0.283, "maxspeed_kmh": 110.0}}, {"type": "Feature", "geometry": {"type": "LineString", "coordinates": [[9.6361828, 60.3716392], [9.6358023, 60.3717401], [9.6354671, 60.3718149], [9.6352682, 60.3718551], [9.6336591, 60.3721458], [9.6332473, 60.3722295], [9.6330271, 60.3722795], [9.6325988, 60.3723866], [9.6322101, 60.3725011], [9.6318099, 60.3726334], [9.6313549, 60.3728066], [9.631132, 60.3729003], [9.6307813, 60.373066], [9.6305785, 60.3731691], [9.6296715, 60.3736746], [9.6293538, 60.3738284], [9.629177, 60.3739029], [9.6289907, 60.3739733], [9.6288008, 60.374039], [9.6285958, 60.3741016], [9.6283741, 60.3741592], [9.6281199, 60.3742179], [9.6278967, 60.374261], [9.6276753, 60.3742979], [9.627453, 60.374328], [9.627255, 60.3743495], [9.6270268, 60.3743697], [9.6266953, 60.3743884], [9.6263454, 60.3743942], [9.6259479, 60.3743853], [9.6255446, 60.3743656], [9.6247496, 60.3743188], [9.6243054, 60.3743053], [9.6239758, 60.3743093], [9.6237341, 60.3743183], [9.6233447, 60.3743472], [9.6229859, 60.3743881], [9.6228431, 60.3744095], [9.6225024, 60.3744702], [9.6221568, 60.3745485], [9.6220026, 60.3745908], [9.6218251, 60.3746428], [9.6215581, 60.3747322], [9.6214342, 60.3747777], [9.6212235, 60.3748644], [9.6210051, 60.3749688], [9.6207829, 60.3750879], [9.6206939, 60.3751409], [9.6205365, 60.3752464], [9.6203069, 60.3754249], [9.6201628, 60.3755606], [9.6200584, 60.375671], [9.6198568, 60.3759136], [9.6195481, 60.3763178]]}, "properties": {"electrified": "contact_line", "frequency": "16.67", "gauge": "1435", "maxspeed": "70", "name": "Bergensbanen", "operator": "Bane NOR", "passenger_lines": "1", "railway": "rail", "usage": "main", "voltage": "15000", "length_km": 1.126, "maxspeed_kmh": 70.0}}, {"type": "Feature", "geometry": {"type": "LineString", "coordinates": [[9.6092734, 60.3822717], [9.6090993, 60.3823143], [9.605797, 60.3831356], [9.6046344, 60.383423], [9.6039058, 60.3836118], [9.6033361, 60.3837714], [9.6027104, 60.3839629], [9.6022524, 60.3841135], [9.6015375, 60.3843685], [9.60124, 60.3844831], [9.6009009, 60.3846181]]}, "properties": {"electrified": "contact_line", "frequency": "16.67", "gauge": "1435", "maxspeed": "110", "name": "Bergensbanen", "operator": "Bane NOR", "passenger_lines": "1", "railway": "rail", "usage": "main", "voltage": "15000", "length_km": 0.532, "maxspeed_kmh": 110.0}}, {"type": "Feature", "geometry": {"type": "LineString", "coordinates": [[9.5967448, 60.3869132], [9.5964974, 60.3870741], [9.5961856, 60.3872752], [9.5957269, 60.3875501], [9.5953681, 60.38775], [9.5950779, 60.3878999]]}, "properties": {"electrified": "contact_line", "frequency": "16.67", "gauge": "1435", "maxspeed": "110", "name": "Bergensbanen", "operator": "Bane NOR", "passenger_lines": "1", "railway": "rail", "usage": "main", "voltage": "15000", "length_km": 0.144, "maxspeed_kmh": 110.0}}, {"type": "Feature", "geometry": {"type": "LineString", "coordinates": [[9.6714505, 60.3274882], [9.6711834, 60.3276063], [9.6707603, 60.3277753], [9.6704671, 60.3278808], [9.6701658, 60.3279805], [9.669857, 60.3280741], [9.6695404, 60.3281613], [9.6692174, 60.3282424], [9.6688881, 60.328317], [9.668553, 60.3283849], [9.6682124, 60.3284463], [9.6678672, 60.3285008], [9.667518, 60.3285482], [9.6671653, 60.3285887], [9.6668368, 60.3286201], [9.6662717, 60.3286606], [9.6655513, 60.3286979], [9.6633883, 60.3287995], [9.6628492, 60.3288335], [9.6624925, 60.3288632], [9.6619622, 60.3289212], [9.661439, 60.3289949], [9.6609267, 60.3290838], [9.6604257, 60.3291879], [9.660099, 60.3292655], [9.6597789, 60.3293496], [9.659466, 60.3294399], [9.6591602, 60.3295362], [9.6588628, 60.3296386], [9.6585739, 60.3297467], [9.6582939, 60.3298606], [9.6578915, 60.3300416], [9.6576355, 60.3301688], [9.6573906, 60.3303009], [9.6572546, 60.3303783]]}, "properties": {"electrified": "contact_line", "frequency": "16.67", "gauge": "1435", "maxspeed": "110", "name": "Bergensbanen", "operator": "Bane NOR", "passenger_lines": "1", "railway": "rail", "tunnel": "yes", "usage": "main", "voltage": "15000", "length_km": 0.872, "maxspeed_kmh": 110.0}}, {"type": "Feature", "geometry": {"type": "LineString", "coordinates": [[9.8731287, 60.25834], [9.8731424, 60.2584695], [9.8731457, 60.2585991], [9.8731356, 60.2586949], [9.8731206, 60.2587797], [9.8730738, 60.2589719], [9.873, 60.2591297], [9.872905, 60.2592843], [9.8726521, 60.25958], [9.8725235, 60.2596956], [9.8723998, 60.2597963], [9.8722574, 60.2598956], [9.8720937, 60.2599939], [9.8719142, 60.2600937], [9.8717327, 60.2601843], [9.8715756, 60.2602567], [9.8711897, 60.2604058], [9.8707756, 60.2605326], [9.8704929, 60.2606026], [9.8699766, 60.260698], [9.8695493, 60.2607452], [9.8693509, 60.2607643], [9.8691591, 60.2607768], [9.8688547, 60.2607935], [9.8686135, 60.2608034]]}, "properties": {"electrified": "contact_line", "frequency": "16.67", "gauge": "1435", "maxspeed": "75", "name": "Bergensbanen", "operator": "Bane NOR", "passenger_lines": "1", "railway": "rail", "usage": "main", "voltage": "15000", "length_km": 0.418, "maxspeed_kmh": 75.0}}, {"type": "Feature", "geometry": {"type": "LineString", "coordinates": [[9.8636826, 60.2609658], [9.8579597, 60.2611515]]}, "properties": {"electrified": "contact_line", "frequency": "16.67", "gauge": "1435", "maxspeed": "95", "name": "Bergensbanen", "operator": "Bane NOR", "passenger_lines": "1", "railway": "rail", "tunnel": "yes", "usage": "main", "voltage": "15000", "length_km": 0.318, "maxspeed_kmh": 95.0}}, {"type": "Feature", "geometry": {"type": "LineString", "coordinates": [[9.9091067, 60.247754], [9.9085221, 60.2479179], [9.9080962, 60.2480228], [9.9076771, 60.2481169]]}, "properties": {"bridge": "yes", "electrified": "contact_line", "frequency": "16.67", "gauge": "1435", "maxspeed": "100", "name": "Bergensbanen", "operator": "Bane NOR", "passenger_lines": "1", "railway": "rail", "usage": "main", "voltage": "15000", "length_km": 0.089, "maxspeed_kmh": 100.0}}, {"type": "Feature", "geometry": {"type": "LineString", "coordinates": [[9.8724115, 60.2569518], [9.872485, 60.2571239], [9.8725814, 60.2572969], [9.8728716, 60.257722], [9.8729797, 60.2578933], [9.8730676, 60.2580675], [9.8731144, 60.2582332], [9.8731287, 60.25834]]}, "properties": {"electrified": "contact_line", "frequency": "16.67", "gauge": "1435", "maxspeed": "75", "name": "Bergensbanen", "operator": "Bane NOR", "passenger_lines": "1", "railway": "rail", "tunnel": "yes", "usage": "main", "voltage": "15000", "length_km": 0.16, "maxspeed_kmh": 75.0}}, {"type": "Feature", "geometry": {"type": "LineString", "coordinates": [[9.9076771, 60.2481169], [9.907451, 60.2481615], [9.9071663, 60.2482177], [9.9065581, 60.2483164], [9.9061466, 60.2483737], [9.9057228, 60.2484226], [9.9052464, 60.2484676], [9.9050372, 60.2484846], [9.904516, 60.248517], [9.9040249, 60.2485347], [9.9037592, 60.2485402], [9.9033442, 60.2485417], [9.9031263, 60.2485401], [9.9026574, 60.2485277], [9.9020739, 60.2485013], [9.9015263, 60.2484707], [9.9010346, 60.2484414], [9.8993785, 60.2483492], [9.8985428, 60.2483203], [9.8980991, 60.2483146], [9.8978235, 60.2483149], [9.8972229, 60.2483256], [9.8967959, 60.2483404], [9.8963334, 60.2483639], [9.8959181, 60.248391], [9.8954232, 60.2484337], [9.8950075, 60.248474], [9.8943256, 60.2485553], [9.8939009, 60.2486138], [9.8931151, 60.24873], [9.8929679, 60.2487501]]}, "properties": {"electrified": "contact_line", "frequency": "16.67", "gauge": "1435", "maxspeed": "100", "name": "Bergensbanen", "operator": "Bane NOR", "passenger_lines": "1", "railway": "rail", "usage": "main", "voltage": "15000", "length_km": 0.828, "maxspeed_kmh": 100.0}}, {"type": "Feature", "geometry": {"type": "LineString", "coordinates": [[9.8560856, 60.2612128], [9.8547404, 60.2612554], [9.8534929, 60.2612983], [9.8505308, 60.2613916], [9.8501498, 60.2614102], [9.8497608, 60.2614373], [9.8494116, 60.2614707], [9.848863, 60.2615351], [9.8486397, 60.2615666], [9.8483492, 60.2616178], [9.8480904, 60.2616664], [9.8476288, 60.2617649], [9.8472006, 60.261872], [9.8468137, 60.2619838], [9.84667, 60.2620239]]}, "properties": {"electrified": "contact_line", "frequency": "16.67", "gauge": "1435", "maxspeed": "95", "name": "Bergensbanen", "operator": "Bane NOR", "passenger_lines": "1", "railway": "rail", "usage": "main", "voltage": "15000", "length_km": 0.536, "maxspeed_kmh": 95.0}}, {"type": "Feature", "geometry": {"type": "LineString", "coordinates": [[7.2465384, 60.6691924], [7.2457857, 60.6694271], [7.2453276, 60.669577]]}, "properties": {"electrified": "contact_line", "frequency": "16.67", "gauge": "1435", "maxspeed": "70", "name": "Bergensbanen", "operator": "Bane NOR", "passenger_lines": "1", "railway": "rail", "tunnel": "avalanche_protector", "usage": "main", "voltage": "15000", "length_km": 0.079, "maxspeed_kmh": 70.0}}, {"type": "Feature", "geometry": {"type": "LineString", "coordinates": [[6.5023794, 60.6446439], [6.5012932, 60.6448011]]}, "properties": {"electrified": "contact_line", "frequency": "16.67", "gauge": "1435", "maxspeed": "75", "name": "Bergensbanen", "operator": "Bane NOR", "passenger_lines": "1", "railway": "rail", "tunnel": "yes", "usage": "main", "voltage": "15000", "length_km": 0.062, "maxspeed_kmh": 75.0}}, {"type": "Feature", "geometry": {"type": "LineString", "coordinates": [[6.4975088, 60.6445614], [6.4973879, 60.6445299], [6.4947196, 60.6437959], [6.4944122, 60.6437144], [6.4937869, 60.6435572], [6.493496, 60.6434893], [6.4928955, 60.6433585], [6.4925222, 60.6432839], [6.4919509, 60.6431762], [6.4807699, 60.6411452], [6.4793341, 60.640878], [6.4783843, 60.6406848], [6.4776249, 60.6405184], [6.476804, 60.6403272], [6.4748374, 60.6398507], [6.4742862, 60.6397213], [6.4738575, 60.6396294], [6.4734152, 60.6395453], [6.4730223, 60.6394798], [6.4726557, 60.6394245], [6.4722799, 60.6393763], [6.4717187, 60.6393159], [6.4711936, 60.6392734], [6.4708833, 60.6392538], [6.470551, 60.6392385], [6.47015, 60.6392262], [6.4698496, 60.639222], [6.4692097, 60.6392267], [6.468917, 60.6392347], [6.4684351, 60.6392563], [6.4680494, 60.6392823], [6.4676773, 60.639313]]}, "properties": {"electrified": "contact_line", "frequency": "16.67", "gauge": "1435", "maxspeed": "105", "name": "Bergensbanen", "operator": "Bane NOR", "passenger_lines": "1", "railway": "rail", "usage": "main", "voltage": "15000", "length_km": 1.757, "maxspeed_kmh": 105.0}}, {"type": "Feature", "geometry": {"type": "LineString", "coordinates": [[9.4761271, 60.4305405], [9.4759031, 60.4306847], [9.4757945, 60.4307621], [9.4755652, 60.4309342], [9.475434, 60.4310224], [9.4734999, 60.4321721], [9.47323, 60.432342], [9.4724109, 60.4329223], [9.4716929, 60.4335062], [9.4712915, 60.4339005], [9.4706434, 60.4346618], [9.4697155, 60.4359426], [9.4693878, 60.4363914], [9.4687374, 60.437014]]}, "properties": {"electrified": "contact_line", "frequency": "16.67", "gauge": "1435", "maxspeed": "40", "name": "Bergensbanen", "passenger_lines": "2", "railway": "rail", "service": "siding", "voltage": "15000", "length_km": 0.836, "maxspeed_kmh": 40.0}}, {"type": "Feature", "geometry": {"type": "LineString", "coordinates": [[9.4767092, 60.4301939], [9.4763682, 60.4303952]]}, "properties": {"electrified": "contact_line", "frequency": "16.67", "gauge": "1435", "maxspeed": "110", "name": "Bergensbanen", "operator": "Bane NOR", "passenger_lines": "1", "railway": "rail", "tunnel": "yes", "usage": "main", "voltage": "15000", "length_km": 0.029, "maxspeed_kmh": 110.0}}, {"type": "Feature", "geometry": {"type": "LineString", "coordinates": [[9.3598581, 60.4324774], [9.3594769, 60.4325861]]}, "properties": {"bridge": "yes", "electrified": "contact_line", "frequency": "16.67", "gauge": "1435", "maxspeed": "90", "name": "Bergensbanen", "operator": "Bane NOR", "passenger_lines": "1", "railway": "rail", "usage": "main", "voltage": "15000", "length_km": 0.024, "maxspeed_kmh": 90.0}}, {"type": "Feature", "geometry": {"type": "LineString", "coordinates": [[9.4558516, 60.4419669], [9.4553838, 60.4420331], [9.454788, 60.4421268], [9.4544824, 60.4421809], [9.4542413, 60.4422288], [9.4539787, 60.4422862], [9.4537668, 60.4423367], [9.4535605, 60.4423909], [9.4531161, 60.4425222], [9.4529211, 60.4425869], [9.4527106, 60.4426628], [9.4522697, 60.4428396], [9.4519322, 60.4429969], [9.4517723, 60.4430779], [9.4515208, 60.4432184], [9.4513098, 60.4433513], [9.4510611, 60.4435247], [9.4508879, 60.443658], [9.4507794, 60.4437482], [9.4506366, 60.4438779], [9.450478, 60.444043], [9.4502026, 60.444362], [9.449926, 60.4447037], [9.4497936, 60.4448546], [9.4496411, 60.4450138], [9.4494758, 60.4451706], [9.4493822, 60.445251], [9.4492094, 60.4453894], [9.4489683, 60.4455595], [9.448722, 60.4457152], [9.4486003, 60.4457851], [9.4483526, 60.4459191], [9.4481284, 60.4460272], [9.4479165, 60.4461225], [9.4477031, 60.4462093], [9.447396, 60.4463228], [9.4470351, 60.4464439], [9.4466638, 60.446551], [9.446452, 60.4466064], [9.4461079, 60.4466866], [9.4459048, 60.4467293], [9.445446, 60.4468175], [9.4431682, 60.4472141], [9.4425037, 60.4473351], [9.4417624, 60.4474796], [9.4410341, 60.44763], [9.4406431, 60.4477164], [9.4387497, 60.4481531], [9.438369, 60.4482372], [9.4377579, 60.448355], [9.4372889, 60.4484285], [9.4366525, 60.4485039], [9.4361389, 60.448545], [9.4355598, 60.4485713], [9.4349872, 60.4485774], [9.4346914, 60.4485726], [9.4343203, 60.4485588], [9.4338479, 60.4485292], [9.4334867, 60.448497], [9.4331392, 60.4484593], [9.4328654, 60.4484228], [9.4315015, 60.4482177], [9.4277732, 60.4476444], [9.4270269, 60.4475194], [9.4267116, 60.4474612], [9.4260363, 60.4473198], [9.4258499, 60.4472768], [9.4253638, 60.4471593], [9.4249073, 60.4470391], [9.4244211, 60.4468977], [9.4240331, 60.4467748], [9.4237371, 60.446675]]}, "properties": {"electrified": "contact_line", "frequency": "16.67", "gauge": "1435", "maxspeed": "95", "name": "Bergensbanen", "operator": "Bane NOR", "passenger_lines": "1", "railway": "rail", "usage": "main", "voltage": "15000", "length_km": 2.095, "maxspeed_kmh": 95.0}}, {"type": "Feature", "geometry": {"type": "LineString", "coordinates": [[9.3257148, 60.4430696], [9.3256363, 60.4431987], [9.3255269, 60.4433669], [9.3253793, 60.4435737], [9.3252359, 60.4437363], [9.3251602, 60.4438162], [9.3249481, 60.444011], [9.3247107, 60.4441917], [9.3244356, 60.4443733], [9.324133, 60.4445432], [9.3239824, 60.4446196], [9.3236038, 60.4447928], [9.3231331, 60.4449783], [9.3226796, 60.4451484], [9.3222424, 60.4453226], [9.322017, 60.4454219], [9.3217096, 60.4455674], [9.3214359, 60.4457084], [9.3213797, 60.4457391], [9.321165, 60.44586], [9.320941, 60.4459975], [9.3205684, 60.4462561], [9.3202932, 60.446475], [9.3199819, 60.4467637], [9.3197262, 60.4470301], [9.3194456, 60.4473091], [9.3193313, 60.447416], [9.3191429, 60.4475789], [9.3188509, 60.4477996], [9.3186521, 60.4479337], [9.3184185, 60.4480758], [9.3180891, 60.4482562], [9.3179439, 60.4483305], [9.3176386, 60.4484723], [9.3174631, 60.4485503], [9.3161622, 60.4490814], [9.3156724, 60.4492933], [9.3152021, 60.4495075], [9.3145576, 60.449822]]}, "properties": {"electrified": "contact_line", "frequency": "16.67", "gauge": "1435", "maxspeed": "85", "name": "Bergensbanen", "operator": "Bane NOR", "passenger_lines": "1", "railway": "rail", "usage": "main", "voltage": "15000", "length_km": 0.988, "maxspeed_kmh": 85.0}}, {"type": "Feature", "geometry": {"type": "LineString", "coordinates": [[6.5362098, 60.6569008], [6.5362535, 60.6567935]]}, "properties": {"bridge": "yes", "electrified": "contact_line", "frequency": "16.67", "gauge": "1435", "maxspeed": "75", "name": "Bergensbanen", "operator": "Bane NOR", "passenger_lines": "1", "railway": "rail", "usage": "main", "voltage": "15000", "length_km": 0.012, "maxspeed_kmh": 75.0}}, {"type": "Feature", "geometry": {"type": "LineString", "coordinates": [[6.5759313, 60.6794527], [6.575591, 60.6793986]]}, "properties": {"bridge": "yes", "electrified": "contact_line", "frequency": "16.67", "gauge": "1435", "maxspeed": "75", "name": "Bergensbanen", "operator": "Bane NOR", "passenger_lines": "1", "railway": "rail", "usage": "main", "voltage": "15000", "length_km": 0.02, "maxspeed_kmh": 75.0}}, {"type": "Feature", "geometry": {"type": "LineString", "coordinates": [[6.5762362, 60.679494], [6.5760992, 60.6794779], [6.5759313, 60.6794527]]}, "properties": {"electrified": "contact_line", "frequency": "16.67", "gauge": "1435", "maxspeed": "75", "name": "Bergensbanen", "operator": "Bane NOR", "passenger_lines": "1", "railway": "rail", "usage": "main", "voltage": "15000", "length_km": 0.017, "maxspeed_kmh": 75.0}}, {"type": "Feature", "geometry": {"type": "LineString", "coordinates": [[6.5378923, 60.6676079], [6.5374273, 60.6675049], [6.5371522, 60.6674296], [6.5369422, 60.6673625]]}, "properties": {"electrified": "contact_line", "frequency": "16.67", "gauge": "1435", "maxspeed": "75", "name": "Bergensbanen", "operator": "Bane NOR", "passenger_lines": "1", "railway": "rail", "usage": "main", "voltage": "15000", "length_km": 0.059, "maxspeed_kmh": 75.0}}, {"type": "Feature", "geometry": {"type": "LineString", "coordinates": [[6.5367881, 60.6673086], [6.5366156, 60.6672414], [6.5364021, 60.6671479], [6.5361588, 60.6670243], [6.5360514, 60.666963], [6.5358572, 60.6668406], [6.5356919, 60.6667207], [6.5355452, 60.6665993], [6.5354449, 60.666501], [6.5353896, 60.6664468], [6.5352458, 60.6662733], [6.5351849, 60.666184], [6.5350874, 60.6660074], [6.5350195, 60.6658278], [6.5350008, 60.6657476], [6.534986, 60.6656682], [6.5349761, 60.6654973], [6.5349829, 60.6653996], [6.5350106, 60.6652235], [6.5350574, 60.6650502], [6.5351883, 60.6646499], [6.5352424, 60.6644551], [6.5352799, 60.6642656], [6.5352992, 60.6640351], [6.5352949, 60.6638937], [6.5352833, 60.663755], [6.5352611, 60.6636072], [6.5352369, 60.6634959], [6.5352055, 60.6633794], [6.5351694, 60.6632754], [6.5351333, 60.6631794], [6.5350943, 60.6630869], [6.5350526, 60.6629949], [6.5349211, 60.6627586], [6.5348522, 60.6626495], [6.5347096, 60.6624536], [6.5346799, 60.6624154], [6.5346244, 60.6623439], [6.5344355, 60.6621216], [6.5337682, 60.6613574], [6.5336109, 60.6611436], [6.5334911, 60.660932], [6.5334424, 60.6608213], [6.5333904, 60.6606633], [6.5333656, 60.6605648], [6.5333403, 60.6603554], [6.5333399, 60.6602665], [6.5333586, 60.6600848], [6.5334225, 60.6598401], [6.5335011, 60.6596628], [6.5335511, 60.6595757], [6.5336692, 60.659396], [6.5337541, 60.6592888], [6.5339259, 60.6591077], [6.5340972, 60.6589524], [6.5341969, 60.658871], [6.5345656, 60.6586017], [6.5348867, 60.6583756], [6.535135, 60.6581899], [6.535281, 60.6580709], [6.5354196, 60.65795], [6.5355399, 60.6578347], [6.5357455, 60.6576127], [6.535919, 60.6573979], [6.535999, 60.6572825], [6.5361311, 60.6570624], [6.5361749, 60.656975], [6.5362098, 60.6569008]]}, "properties": {"electrified": "contact_line", "frequency": "16.67", "gauge": "1435", "maxspeed": "75", "name": "Bergensbanen", "operator": "Bane NOR", "passenger_lines": "1", "railway": "rail", "usage": "main", "voltage": "15000", "length_km": 1.249, "maxspeed_kmh": 75.0}}, {"type": "Feature", "geometry": {"type": "LineString", "coordinates": [[6.5362535, 60.6567935], [6.5362963, 60.6566723], [6.5363477, 60.6564791], [6.5363704, 60.6563455], [6.536392, 60.6560763], [6.5363715, 60.6557844], [6.536313, 60.6555058], [6.5362399, 60.655284], [6.5361801, 60.6551469], [6.5360323, 60.6548681], [6.535772, 60.654429], [6.5356603, 60.6542123], [6.5355842, 60.6540179], [6.5355486, 60.6538993], [6.5355182, 60.6537734], [6.5354981, 60.6536331], [6.5354963, 60.653396], [6.5355344, 60.6531816], [6.5355552, 60.6530917], [6.5356723, 60.6526928], [6.5357069, 60.6525583], [6.5357308, 60.6524203], [6.5357356, 60.6522812], [6.5357117, 60.6520734], [6.5356607, 60.6519084], [6.5355883, 60.6517448], [6.5355283, 60.6516411], [6.5354546, 60.6515333], [6.5353771, 60.6514364], [6.5352755, 60.6513263], [6.5351192, 60.651183], [6.5348939, 60.6510074], [6.5347674, 60.6509237], [6.5344602, 60.6507462], [6.5338387, 60.650433], [6.5328434, 60.6499538], [6.532249, 60.6496749], [6.5319401, 60.6495321], [6.5317433, 60.6494459], [6.5314503, 60.6493244], [6.5311915, 60.6492315], [6.5309588, 60.6491571], [6.5307826, 60.649107], [6.530497, 60.6490355], [6.5302362, 60.6489821], [6.5299918, 60.6489398], [6.5297042, 60.6488995], [6.5294209, 60.6488693], [6.5290943, 60.6488461], [6.5288542, 60.6488369], [6.528484, 60.6488346], [6.5281587, 60.6488463], [6.5278552, 60.6488656], [6.5274346, 60.6489084], [6.5266486, 60.6490078], [6.5262702, 60.6490518], [6.5258984, 60.6490854], [6.5255699, 60.6491044], [6.5253966, 60.6491103], [6.5252234, 60.6491134], [6.5248316, 60.6491099], [6.5244627, 60.6490934], [6.5242889, 60.6490819], [6.5241096, 60.6490668], [6.5237227, 60.649024], [6.5233471, 60.6489681], [6.5231783, 60.6489384], [6.5228211, 60.648865], [6.5224565, 60.6487738], [6.5222427, 60.648716], [6.5213425, 60.64845], [6.5208817, 60.6483205], [6.520576, 60.6482343], [6.5200406, 60.6480916], [6.5192445, 60.6478944], [6.518447, 60.6477137], [6.5177625, 60.6475692], [6.5160839, 60.6472516], [6.5153245, 60.6471052], [6.5152054, 60.6470808], [6.5148105, 60.6469999], [6.5139276, 60.6468095], [6.5077324, 60.6453554], [6.5071027, 60.6452079], [6.5056667, 60.644869], [6.5053974, 60.6448076], [6.5050445, 60.6447341], [6.5047097, 60.6446791], [6.5044009, 60.6446394], [6.5042555, 60.6446245], [6.5039475, 60.6446006], [6.5037936, 60.6445939], [6.503354, 60.6445859], [6.5030266, 60.6445954], [6.5027286, 60.6446116], [6.5024867, 60.6446329], [6.5023794, 60.6446439]]}, "properties": {"electrified": "contact_line", "frequency": "16.67", "gauge": "1435", "maxspeed": "75", "name": "Bergensbanen", "operator": "Bane NOR", "passenger_lines": "1", "railway": "rail", "usage": "main", "voltage": "15000", "length_km": 2.65, "maxspeed_kmh": 75.0}}, {"type": "Feature", "geometry": {"type": "LineString", "coordinates": [[6.6223406, 60.6791739], [6.6220874, 60.6791462], [6.6218262, 60.6791253], [6.6214747, 60.679109], [6.6211218, 60.6791065], [6.6208574, 60.6791134], [6.6206346, 60.6791249]]}, "properties": {"electrified": "contact_line", "frequency": "16.67", "gauge": "1435", "maxspeed": "70", "name": "Bergensbanen", "operator": "Bane NOR", "passenger_lines": "1", "railway": "rail", "tunnel": "yes", "usage": "main", "voltage": "15000", "length_km": 0.094, "maxspeed_kmh": 70.0}}, {"type": "Feature", "geometry": {"type": "LineString", "coordinates": [[6.0380428, 60.6411999], [6.0376372, 60.6412251], [6.0369856, 60.6412456], [6.0365503, 60.6412483], [6.0358981, 60.6412359], [6.0355718, 60.6412222], [6.034919, 60.6411826], [6.0323324, 60.6409931], [6.0315971, 60.6409574], [6.0311736, 60.6409484], [6.0303261, 60.6409564], [6.029573, 60.6409932], [6.0290939, 60.6410301], [6.0283801, 60.6410987], [6.0277909, 60.641162]]}, "properties": {"electrified": "contact_line", "frequency": "16.67", "gauge": "1435", "maxspeed": "110", "name": "Bergensbanen", "operator": "Bane NOR", "railway": "rail", "tunnel": "yes", "usage": "main", "voltage": "15000", "length_km": 0.567, "maxspeed_kmh": 110.0}}, {"type": "Feature", "geometry": {"type": "LineString", "coordinates": [[5.962297, 60.6379507], [5.9620184, 60.63795]]}, "properties": {"bridge": "yes", "electrified": "contact_line", "frequency": "16.67", "gauge": "1435", "name": "Bergensbanen", "operator": "Bane NOR", "railway": "rail", "usage": "main", "voltage": "15000", "length_km": 0.015}}, {"type": "Feature", "geometry": {"type": "LineString", "coordinates": [[5.9620184, 60.63795], [5.9619354, 60.6379495]]}, "properties": {"electrified": "contact_line", "frequency": "16.67", "gauge": "1435", "name": "Bergensbanen", "operator": "Bane NOR", "railway": "rail", "usage": "main", "voltage": "15000", "length_km": 0.005}}, {"type": "Feature", "geometry": {"type": "LineString", "coordinates": [[6.1727842, 60.6367924], [6.1725114, 60.6368185]]}, "properties": {"bridge": "yes", "electrified": "contact_line", "frequency": "16.67", "gauge": "1435", "maxspeed": "85", "name": "Bergensbanen", "operator": "Bane NOR", "railway": "rail", "usage": "main", "voltage": "15000", "length_km": 0.015, "maxspeed_kmh": 85.0}}, {"type": "Feature", "geometry": {"type": "LineString", "coordinates": [[5.9644363, 60.6380916], [5.9643275, 60.6380763], [5.9640812, 60.6380463], [5.9636549, 60.638004], [5.963316, 60.6379815], [5.962857, 60.6379595], [5.962577, 60.6379541]]}, "properties": {"electrified": "contact_line", "frequency": "16.67", "gauge": "1435", "name": "Bergensbanen", "operator": "Bane NOR", "railway": "rail", "usage": "main", "voltage": "15000", "length_km": 0.103}}, {"type": "Feature", "geometry": {"type": "LineString", "coordinates": [[6.1725114, 60.6368185], [6.1723419, 60.6368368], [6.1719113, 60.6368988], [6.1717607, 60.6369244], [6.1714569, 60.6369843], [6.1712864, 60.637022], [6.1709191, 60.6371137], [6.1705234, 60.6372232], [6.169303, 60.6375759], [6.1686249, 60.6377675], [6.1680531, 60.6379133], [6.1675822, 60.6380225], [6.1671793, 60.638109], [6.1669022, 60.6381642], [6.1666071, 60.638219], [6.1661104, 60.6383045], [6.1643447, 60.6385649], [6.1638202, 60.6386546], [6.1634734, 60.6387216], [6.1630351, 60.6388145], [6.1626554, 60.6389053], [6.1623728, 60.6389773], [6.1618262, 60.6391308], [6.161405, 60.6392632], [6.1608826, 60.6394472], [6.1598082, 60.6398486], [6.1587269, 60.6402748], [6.1584812, 60.6403791], [6.158228, 60.6404939], [6.1578223, 60.6407003], [6.1575524, 60.6408521], [6.1573985, 60.6409466], [6.1571375, 60.6411156], [6.1563286, 60.6416626], [6.1559942, 60.6418756], [6.1557917, 60.6419919], [6.1555824, 60.6421032], [6.1552822, 60.642249], [6.1550385, 60.6423569], [6.1547153, 60.6424858], [6.1544168, 60.6425931], [6.1511131, 60.6437131]]}, "properties": {"electrified": "contact_line", "frequency": "16.67", "gauge": "1435", "maxspeed": "85", "name": "Bergensbanen", "operator": "Bane NOR", "railway": "rail", "usage": "main", "voltage": "15000", "length_km": 1.429, "maxspeed_kmh": 85.0}}, {"type": "Feature", "geometry": {"type": "LineString", "coordinates": [[5.9423858, 60.6343139], [5.9275707, 60.6281207], [5.9263104, 60.6276019], [5.9252461, 60.627178], [5.9241691, 60.6267619], [5.9232255, 60.6264077], [5.9222725, 60.6260596], [5.9212361, 60.6256916], [5.9203396, 60.6253818], [5.9191324, 60.6249771], [5.9180657, 60.6246308], [5.9170664, 60.6243157], [5.9160586, 60.6240071], [5.9152781, 60.6237741], [5.9142564, 60.6234769], [5.9135444, 60.623275], [5.9125895, 60.6230107], [5.9117889, 60.6227948], [5.910984, 60.6225828], [5.9100123, 60.6223336], [5.8314304, 60.60265], [5.8305399, 60.602422], [5.8299008, 60.6022484], [5.8291972, 60.60204], [5.8285133, 60.6018164], [5.8278505, 60.6015778], [5.8275631, 60.6014671], [5.8271406, 60.6012959], [5.8267965, 60.6011485], [5.8265268, 60.6010275], [5.8262621, 60.6009039], [5.8258745, 60.6007137], [5.8253762, 60.6004513], [5.8249854, 60.600234]]}, "properties": {"electrified": "contact_line", "frequency": "16.67", "gauge": "1435", "maxspeed": "130", "name": "Bergensbanen", "operator": "Bane NOR", "passenger_lines": "1", "railway": "rail", "tunnel": "yes", "usage": "main", "voltage": "15000", "length_km": 7.522, "maxspeed_kmh": 130.0}}, {"type": "Feature", "geometry": {"type": "LineString", "coordinates": [[5.9619354, 60.6379495], [5.961752, 60.6379537], [5.9615835, 60.6379604], [5.9612164, 60.6379795], [5.9610486, 60.6379871], [5.9608904, 60.6379897], [5.9606698, 60.6379903], [5.9601123, 60.6379803], [5.9592198, 60.6379519], [5.9584802, 60.6379183], [5.9576547, 60.6378682], [5.9568555, 60.6378205], [5.9549608, 60.6377009], [5.954774, 60.6376859], [5.9546119, 60.6376717], [5.9544585, 60.6376557], [5.9543081, 60.6376367], [5.9541386, 60.637612], [5.9539645, 60.6375849], [5.9538987, 60.6375753]]}, "properties": {"electrified": "contact_line", "frequency": "16.67", "gauge": "1435", "maxspeed": "40", "name": "Bergensbanen", "railway": "rail", "service": "siding", "voltage": "15000", "length_km": 0.445, "maxspeed_kmh": 40.0}}, {"type": "Feature", "geometry": {"type": "LineString", "coordinates": [[5.7338961, 60.4813506], [5.733822, 60.4810697], [5.7338009, 60.48098], [5.7337855, 60.4809009], [5.7337774, 60.4808106], [5.7337777, 60.4807102], [5.733787, 60.4806267], [5.7338011, 60.4805338], [5.7338262, 60.4804331], [5.7338604, 60.4803232], [5.7339044, 60.4802115], [5.7339617, 60.4800889], [5.7340136, 60.4799826], [5.7340801, 60.4798652], [5.7341451, 60.4797677], [5.7342198, 60.4796594], [5.7343022, 60.4795504], [5.7343973, 60.4794389], [5.7344884, 60.4793446], [5.7346047, 60.4792344], [5.7347737, 60.4790898], [5.7349257, 60.4789717], [5.7350718, 60.4788596], [5.7352403, 60.4787355], [5.7353982, 60.4786265], [5.7357316, 60.4784046], [5.7358855, 60.4783088], [5.7360298, 60.4782227], [5.7362334, 60.4781021], [5.7364575, 60.4779763]]}, "properties": {"electrified": "contact_line", "frequency": "16.67", "gauge": "1435", "maxspeed": "40", "name": "Bergensbanen", "passenger_lines": "1", "railway": "rail", "usage": "main", "voltage": "15000", "length_km": 0.418, "maxspeed_kmh": 40.0}}, {"type": "Feature", "geometry": {"type": "LineString", "coordinates": [[5.7318106, 60.4968319], [5.7318007, 60.4966482], [5.7317688, 60.4958594], [5.7317904, 60.4953178], [5.7318317, 60.4949821], [5.7319127, 60.4946088], [5.7319593, 60.4944319], [5.7320974, 60.4940478], [5.7322725, 60.4936855], [5.7323642, 60.4935258], [5.7325861, 60.493191], [5.7327196, 60.4930172], [5.7328503, 60.492861], [5.7331442, 60.4925313], [5.7335592, 60.492092], [5.7338464, 60.4917595]]}, "properties": {"electrified": "contact_line", "frequency": "16.67", "gauge": "1435", "maxspeed": "100", "name": "Bergensbanen", "operator": "Bane NOR", "passenger_lines": "1", "railway": "rail", "usage": "main", "voltage": "15000", "length_km": 0.586, "maxspeed_kmh": 100.0}}, {"type": "Feature", "geometry": {"type": "LineString", "coordinates": [[5.7302426, 60.4547881], [5.7283653, 60.4544565]]}, "properties": {"electrified": "contact_line", "frequency": "16.67", "gauge": "1435", "maxspeed": "80", "name": "Bergensbanen", "operator": "Bane NOR", "passenger_lines": "1", "railway": "rail", "tunnel": "yes", "usage": "main", "voltage": "15000", "length_km": 0.11, "maxspeed_kmh": 80.0}}, {"type": "Feature", "geometry": {"type": "LineString", "coordinates": [[5.7388702, 60.4584097], [5.7387763, 60.4583139], [5.7385485, 60.4581073]]}, "properties": {"electrified": "contact_line", "frequency": "16.67", "gauge": "1435", "maxspeed": "80", "name": "Bergensbanen", "operator": "Bane NOR", "passenger_lines": "1", "railway": "rail", "tunnel": "yes", "usage": "main", "voltage": "15000", "length_km": 0.038, "maxspeed_kmh": 80.0}}, {"type": "Feature", "geometry": {"type": "LineString", "coordinates": [[5.7382852, 60.4579141], [5.7379923, 60.4576949]]}, "properties": {"electrified": "contact_line", "frequency": "16.67", "gauge": "1435", "maxspeed": "80", "name": "Bergensbanen", "operator": "Bane NOR", "passenger_lines": "1", "railway": "rail", "tunnel": "yes", "usage": "main", "voltage": "15000", "length_km": 0.029, "maxspeed_kmh": 80.0}}, {"type": "Feature", "geometry": {"type": "LineString", "coordinates": [[5.7361791, 60.4566234], [5.7360448, 60.4565569], [5.7357908, 60.4564447], [5.7355275, 60.4563377], [5.7350202, 60.4561522]]}, "properties": {"electrified": "contact_line", "frequency": "16.67", "gauge": "1435", "maxspeed": "80", "name": "Bergensbanen", "operator": "Bane NOR", "passenger_lines": "1", "railway": "rail", "tunnel": "yes", "usage": "main", "voltage": "15000", "length_km": 0.083, "maxspeed_kmh": 80.0}}, {"type": "Feature", "geometry": {"type": "LineString", "coordinates": [[5.7389993, 60.4585646], [5.7388702, 60.4584097]]}, "properties": {"electrified": "contact_line", "frequency": "16.67", "gauge": "1435", "maxspeed": "80", "name": "Bergensbanen", "operator": "Bane NOR", "passenger_lines": "1", "railway": "rail", "usage": "main", "voltage": "15000", "length_km": 0.019, "maxspeed_kmh": 80.0}}, {"type": "Feature", "geometry": {"type": "LineString", "coordinates": [[5.7385485, 60.4581073], [5.738342, 60.4579494], [5.7382852, 60.4579141]]}, "properties": {"electrified": "contact_line", "frequency": "16.67", "gauge": "1435", "maxspeed": "80", "name": "Bergensbanen", "operator": "Bane NOR", "passenger_lines": "1", "railway": "rail", "usage": "main", "voltage": "15000", "length_km": 0.026, "maxspeed_kmh": 80.0}}, {"type": "Feature", "geometry": {"type": "LineString", "coordinates": [[5.7283653, 60.4544565], [5.7280081, 60.4543898], [5.7276703, 60.4543173], [5.7272988, 60.4542236]]}, "properties": {"electrified": "contact_line", "frequency": "16.67", "gauge": "1435", "maxspeed": "80", "name": "Bergensbanen", "operator": "Bane NOR", "passenger_lines": "1", "railway": "rail", "usage": "main", "voltage": "15000", "length_km": 0.064, "maxspeed_kmh": 80.0}}, {"type": "Feature", "geometry": {"type": "LineString", "coordinates": [[5.7393391, 60.4593778], [5.7393066, 60.4591609], [5.7392574, 60.4590102], [5.7391901, 60.4588612], [5.7391053, 60.4587143], [5.7389993, 60.4585646]]}, "properties": {"electrified": "contact_line", "frequency": "16.67", "gauge": "1435", "maxspeed": "80", "name": "Bergensbanen", "operator": "Bane NOR", "passenger_lines": "1", "railway": "rail", "tunnel": "yes", "usage": "main", "voltage": "15000", "length_km": 0.093, "maxspeed_kmh": 80.0}}, {"type": "Feature", "geometry": {"type": "LineString", "coordinates": [[5.7379923, 60.4576949], [5.7376627, 60.457475], [5.7372413, 60.4572089], [5.7369756, 60.4570501], [5.7367625, 60.4569304], [5.7361791, 60.4566234]]}, "properties": {"electrified": "contact_line", "frequency": "16.67", "gauge": "1435", "maxspeed": "80", "name": "Bergensbanen", "operator": "Bane NOR", "passenger_lines": "1", "railway": "rail", "usage": "main", "voltage": "15000", "length_km": 0.156, "maxspeed_kmh": 80.0}}, {"type": "Feature", "geometry": {"type": "LineString", "coordinates": [[5.7350202, 60.4561522], [5.7345186, 60.4559927], [5.7321132, 60.455279], [5.7313983, 60.4550714], [5.7309759, 60.4549568], [5.7305544, 60.4548553], [5.7302426, 60.4547881]]}, "properties": {"electrified": "contact_line", "frequency": "16.67", "gauge": "1435", "maxspeed": "80", "name": "Bergensbanen", "operator": "Bane NOR", "passenger_lines": "1", "railway": "rail", "usage": "main", "voltage": "15000", "length_km": 0.305, "maxspeed_kmh": 80.0}}, {"type": "Feature", "geometry": {"type": "LineString", "coordinates": [[5.7279292, 60.5045255], [5.727932, 60.5041269], [5.7279445, 60.5038558], [5.7279631, 60.5037358], [5.7279953, 60.5035978], [5.7280225, 60.5035173], [5.7281173, 60.5033061], [5.7282189, 60.503148], [5.7283606, 60.5029697], [5.7284559, 60.5028668], [5.7285586, 60.502768], [5.7286934, 60.5026545], [5.7288011, 60.5025694], [5.7290653, 60.5023896]]}, "properties": {"electrified": "contact_line", "frequency": "16.67", "gauge": "1435", "maxspeed": "70", "name": "Bergensbanen", "operator": "Bane NOR", "passenger_lines": "1", "railway": "rail", "usage": "main", "voltage": "15000", "length_km": 0.253, "maxspeed_kmh": 70.0}}, {"type": "Feature", "geometry": {"type": "LineString", "coordinates": [[5.8186435, 60.5889207], [5.8186304, 60.5888616], [5.8186162, 60.5888001], [5.8185985, 60.5887329], [5.8185853, 60.5886876], [5.8185358, 60.5885341], [5.8185216, 60.5884969], [5.8184844, 60.5884022], [5.8183939, 60.5882044], [5.8183356, 60.5880992], [5.8182814, 60.5880057], [5.8181828, 60.587862], [5.8180796, 60.5877284], [5.8179658, 60.5875966], [5.8177848, 60.5874143], [5.8177491, 60.5873825], [5.8176319, 60.5872779], [5.8174722, 60.5871494], [5.8172984, 60.5870212], [5.8169793, 60.5868125], [5.8163847, 60.5864534], [5.8160926, 60.586277], [5.8160308, 60.5862388], [5.8155956, 60.5859814], [5.8150954, 60.5857009], [5.814771, 60.585532], [5.8145377, 60.5854169], [5.8142217, 60.5852656], [5.814027, 60.585174], [5.8133526, 60.5848671]]}, "properties": {"electrified": "contact_line", "frequency": "16.67", "gauge": "1435", "maxspeed": "60", "name": "Bergensbanen", "operator": "Bane NOR", "passenger_lines": "2", "railway": "rail", "usage": "main", "voltage": "15000", "length_km": 0.552, "maxspeed_kmh": 60.0}}, {"type": "Feature", "geometry": {"type": "LineString", "coordinates": [[5.8123863, 60.5844588], [5.8122236, 60.5843903]]}, "properties": {"bridge": "yes", "electrified": "contact_line", "frequency": "16.67", "gauge": "1435", "maxspeed": "80", "name": "Bergensbanen", "operator": "Bane NOR", "passenger_lines": "1", "railway": "rail", "usage": "main", "voltage": "15000", "length_km": 0.012, "maxspeed_kmh": 80.0}}, {"type": "Feature", "geometry": {"type": "LineString", "coordinates": [[5.8122236, 60.5843903], [5.8100309, 60.5834807], [5.8095987, 60.5832871], [5.8092701, 60.5831262], [5.8089349, 60.5829484], [5.8085139, 60.5827043], [5.8084676, 60.5826775], [5.8082869, 60.5825676]]}, "properties": {"electrified": "contact_line", "frequency": "16.67", "gauge": "1435", "maxspeed": "80", "name": "Bergensbanen", "operator": "Bane NOR", "passenger_lines": "1", "railway": "rail", "usage": "main", "voltage": "15000", "length_km": 0.298, "maxspeed_kmh": 80.0}}, {"type": "Feature", "geometry": {"type": "LineString", "coordinates": [[5.7360525, 60.5519776], [5.7358638, 60.5518164], [5.7357754, 60.5517342], [5.7357033, 60.5516627], [5.7356387, 60.5515946], [5.7355755, 60.5515196], [5.7355325, 60.5514585], [5.7354658, 60.5513538], [5.7352973, 60.5510678], [5.7352209, 60.5509503], [5.7351596, 60.5508555], [5.7350806, 60.5507452], [5.7349993, 60.5506391], [5.7348595, 60.5504771], [5.7347392, 60.5503505], [5.7345909, 60.5502051], [5.7344472, 60.550072], [5.7339792, 60.5496845], [5.7336355, 60.5493982], [5.7328617, 60.5487611], [5.7327182, 60.5486504], [5.7321564, 60.5482189], [5.7311174, 60.5475799], [5.72962, 60.5467318], [5.7288841, 60.5463157], [5.7286704, 60.5461914], [5.7284546, 60.5460654], [5.7282456, 60.5459369], [5.7280548, 60.5458132], [5.7278889, 60.5456993], [5.7277132, 60.5455741], [5.7275607, 60.5454582], [5.7274209, 60.5453479], [5.7272888, 60.5452376], [5.7271677, 60.5451355], [5.7270671, 60.545047], [5.7269735, 60.544959], [5.7269018, 60.5448894], [5.7268553, 60.5448411], [5.7267945, 60.5447734], [5.7267501, 60.5447209]]}, "properties": {"electrified": "contact_line", "frequency": "16.67", "gauge": "1435", "maxspeed": "40", "name": "Bergensbanen", "passenger_lines": "2", "railway": "rail", "service": "siding", "voltage": "15000", "length_km": 0.967, "maxspeed_kmh": 40.0}}, {"type": "Feature", "geometry": {"type": "LineString", "coordinates": [[5.5748026, 60.4282682], [5.5745921, 60.4282089], [5.5742993, 60.4281363], [5.5741763, 60.4281114], [5.5739675, 60.4280692], [5.5731991, 60.4279285], [5.5728418, 60.4278533], [5.5726261, 60.4278006], [5.5723594, 60.4277226], [5.5722055, 60.4276705], [5.5719743, 60.4275782], [5.5719077, 60.4275476], [5.5717799, 60.427486], [5.5716671, 60.427424], [5.5714977, 60.4273188], [5.5713726, 60.4272313], [5.5711694, 60.4270721], [5.5707996, 60.426762], [5.5706704, 60.4266611], [5.5704895, 60.4265273]]}, "properties": {"electrified": "contact_line", "frequency": "16.67", "gauge": "1435", "maxspeed": "50", "name": "Bergensbanen", "operator": "Bane NOR", "passenger_lines": "1", "railway": "rail", "usage": "main", "voltage": "15000", "length_km": 0.319, "maxspeed_kmh": 50.0}}, {"type": "Feature", "geometry": {"type": "LineString", "coordinates": [[5.5480101, 60.4227396], [5.5473962, 60.4227417]]}, "properties": {"electrified": "contact_line", "frequency": "16.67", "gauge": "1435", "maxspeed": "100", "name": "Bergensbanen", "operator": "Bane NOR", "passenger_lines": "1", "railway": "rail", "usage": "main", "voltage": "15000", "length_km": 0.034, "maxspeed_kmh": 100.0}}, {"type": "Feature", "geometry": {"type": "LineString", "coordinates": [[5.5895631, 60.4277397], [5.5889741, 60.4280181], [5.5886261, 60.4281726], [5.5884044, 60.4282612], [5.5882603, 60.4283165], [5.5879885, 60.4284106]]}, "properties": {"electrified": "contact_line", "frequency": "16.67", "gauge": "1435", "maxspeed": "60", "name": "Bergensbanen", "operator": "Bane NOR", "passenger_lines": "1", "railway": "rail", "usage": "main", "voltage": "15000", "length_km": 0.115, "maxspeed_kmh": 60.0}}, {"type": "Feature", "geometry": {"type": "LineString", "coordinates": [[5.5135094, 60.4236247], [5.5124845, 60.4238128]]}, "properties": {"electrified": "contact_line", "frequency": "16.67", "gauge": "1435", "maxspeed": "80", "name": "Bergensbanen", "operator": "Bane NOR", "passenger_lines": "1", "railway": "rail", "tunnel": "yes", "usage": "main", "voltage": "15000", "length_km": 0.06, "maxspeed_kmh": 80.0}}, {"type": "Feature", "geometry": {"type": "LineString", "coordinates": [[5.6146367, 60.428813], [5.6142523, 60.4287999], [5.6117689, 60.4287155]]}, "properties": {"electrified": "contact_line", "frequency": "16.67", "gauge": "1435", "maxspeed": "50", "name": "Bergensbanen", "operator": "Bane NOR", "passenger_lines": "1", "railway": "rail", "usage": "main", "voltage": "15000", "length_km": 0.159, "maxspeed_kmh": 50.0}}, {"type": "Feature", "geometry": {"type": "LineString", "coordinates": [[5.5665743, 60.4250398], [5.5664081, 60.4249734], [5.5660989, 60.4248401], [5.5651085, 60.4243845], [5.5643174, 60.4240262], [5.5637288, 60.4237765], [5.5634589, 60.4236562], [5.5632392, 60.4235621], [5.5629358, 60.4234419], [5.5625503, 60.4233054], [5.5621489, 60.4231806], [5.5619465, 60.4231241], [5.5617331, 60.423068], [5.5613043, 60.4229678], [5.560864, 60.4228805], [5.5604141, 60.4228065], [5.5598018, 60.4227288], [5.5591788, 60.4226755], [5.5585493, 60.422647], [5.5580927, 60.4226416], [5.5575845, 60.4226461]]}, "properties": {"electrified": "contact_line", "frequency": "16.67", "gauge": "1435", "maxspeed": "75", "name": "Bergensbanen", "operator": "Bane NOR", "passenger_lines": "1", "railway": "rail", "tunnel": "yes", "usage": "main", "voltage": "15000", "length_km": 0.584, "maxspeed_kmh": 75.0}}, {"type": "Feature", "geometry": {"type": "LineString", "coordinates": [[5.5879885, 60.4284106], [5.5821084, 60.4301235]]}, "properties": {"electrified": "contact_line", "frequency": "16.67", "gauge": "1435", "maxspeed": "60", "name": "Bergensbanen", "operator": "Bane NOR", "passenger_lines": "1", "railway": "rail", "tunnel": "yes", "usage": "main", "voltage": "15000", "length_km": 0.377, "maxspeed_kmh": 60.0}}, {"type": "Feature", "geometry": {"type": "LineString", "coordinates": [[5.5113689, 60.423937], [5.511077, 60.4239571], [5.5107913, 60.4239736], [5.5105977, 60.4239813], [5.5102533, 60.4239906], [5.5100488, 60.4239932], [5.5098293, 60.423993], [5.5095562, 60.4239899], [5.5093124, 60.4239858]]}, "properties": {"electrified": "contact_line", "frequency": "16.67", "gauge": "1435", "maxspeed": "80", "name": "Bergensbanen", "operator": "Bane NOR", "passenger_lines": "1", "railway": "rail", "usage": "main", "voltage": "15000", "length_km": 0.114, "maxspeed_kmh": 80.0}}, {"type": "Feature", "geometry": {"type": "LineString", "coordinates": [[5.4630317, 60.4194451], [5.4632349, 60.419514], [5.463344, 60.4195484], [5.4634551, 60.4195808], [5.4636374, 60.419631], [5.4641124, 60.4197571], [5.4648032, 60.4199402], [5.465636, 60.4201623], [5.4669119, 60.4205003], [5.4683084, 60.4208658], [5.4686274, 60.4209521], [5.4690973, 60.4210766], [5.4692005, 60.4211043], [5.4693, 60.4211283], [5.4693992, 60.4211502], [5.4695004, 60.4211715], [5.4702416, 60.4213186]]}, "properties": {"electrified": "contact_line", "frequency": "16.67", "gauge": "1435", "maxspeed": "40", "name": "Bergensbanen", "railway": "rail", "service": "siding", "voltage": "15000", "length_km": 0.45, "maxspeed_kmh": 40.0}}, {"type": "Feature", "geometry": {"type": "LineString", "coordinates": [[7.1814748, 60.7295481], [7.1813025, 60.7296335], [7.1810281, 60.7297542], [7.1808085, 60.7298333], [7.180502, 60.729929], [7.1804096, 60.729956]]}, "properties": {"electrified": "contact_line", "frequency": "16.67", "gauge": "1435", "maxspeed": "65", "name": "Bergensbanen", "operator": "Bane NOR", "passenger_lines": "1", "railway": "rail", "tunnel": "avalanche_protector", "usage": "main", "voltage": "15000", "length_km": 0.074, "maxspeed_kmh": 65.0}}, {"type": "Feature", "geometry": {"type": "LineString", "coordinates": [[7.1236774, 60.7388141], [7.1234641, 60.738689], [7.123355, 60.7386169], [7.1232025, 60.7385048], [7.123064, 60.7383886], [7.12294, 60.7382684], [7.1228658, 60.7381863], [7.1227669, 60.7380607], [7.1226836, 60.7379323], [7.1226162, 60.7378018], [7.1225515, 60.7376251]]}, "properties": {"electrified": "contact_line", "frequency": "16.67", "gauge": "1435", "maxspeed": "55", "name": "Bergensbanen", "operator": "Bane NOR", "passenger_lines": "1", "railway": "rail", "tunnel": "avalanche_protector", "usage": "main", "voltage": "15000", "length_km": 0.148, "maxspeed_kmh": 55.0}}, {"type": "Feature", "geometry": {"type": "LineString", "coordinates": [[7.1747538, 60.7297096], [7.1736336, 60.7294152], [7.1732965, 60.7293445], [7.1729514, 60.7292842], [7.1726876, 60.7292464], [7.17242, 60.7292153], [7.1721496, 60.729191], [7.171877, 60.7291734], [7.1716029, 60.7291627], [7.171328, 60.7291588], [7.1710532, 60.7291618], [7.170779, 60.7291716], [7.1705063, 60.7291883], [7.1703255, 60.7292033], [7.1700564, 60.7292308], [7.1697006, 60.7292741], [7.1671146, 60.7296203]]}, "properties": {"electrified": "contact_line", "frequency": "16.67", "gauge": "1435", "maxspeed": "65", "name": "Bergensbanen", "operator": "Bane NOR", "passenger_lines": "1", "railway": "rail", "tunnel": "yes", "usage": "main", "voltage": "15000", "length_km": 0.436, "maxspeed_kmh": 65.0}}, {"type": "Feature", "geometry": {"type": "LineString", "coordinates": [[7.1231272, 60.7355426], [7.1231642, 60.7354104], [7.1231869, 60.7352852], [7.1231961, 60.7351738], [7.1231968, 60.7350818], [7.1231836, 60.7349529], [7.1231648, 60.7348642], [7.1231329, 60.7347535], [7.1230913, 60.7346446], [7.1230268, 60.7345168], [7.1229538, 60.7344039], [7.1228448, 60.7342585], [7.1227153, 60.7341211], [7.1226389, 60.7340454], [7.1225792, 60.733993], [7.1224671, 60.7339047], [7.1223645, 60.7338238], [7.1222028, 60.7337189], [7.1219986, 60.7335956], [7.1218123, 60.7334979], [7.1216559, 60.7334216], [7.1213675, 60.7332968], [7.1211418, 60.7332157], [7.1209557, 60.7331572], [7.1207675, 60.733106]]}, "properties": {"electrified": "contact_line", "frequency": "16.67", "gauge": "1435", "maxspeed": "40", "name": "Bergensbanen", "passenger_lines": "2", "railway": "rail", "service": "siding", "voltage": "15000", "length_km": 0.321, "maxspeed_kmh": 40.0}}, {"type": "Feature", "geometry": {"type": "LineString", "coordinates": [[7.1191831, 60.7329041], [7.1189756, 60.7328867], [7.1120114, 60.7322592]]}, "properties": {"electrified": "contact_line", "frequency": "16.67", "gauge": "1435", "maxspeed": "50", "name": "Bergensbanen", "operator": "Bane NOR", "passenger_lines": "2", "railway": "rail", "tunnel": "yes", "usage": "main", "voltage": "15000", "length_km": 0.399, "maxspeed_kmh": 50.0}}, {"type": "Feature", "geometry": {"type": "LineString", "coordinates": [[7.1191983, 60.7328653], [7.1189918, 60.7328469], [7.112187, 60.7322293], [7.1113368, 60.7321978]]}, "properties": {"electrified": "contact_line", "frequency": "16.67", "gauge": "1435", "maxspeed": "50", "name": "Bergensbanen", "passenger_lines": "2", "railway": "rail", "service": "siding", "tunnel": "yes", "voltage": "15000", "length_km": 0.436, "maxspeed_kmh": 50.0}}, {"type": "Feature", "geometry": {"type": "LineString", "coordinates": [[7.1207675, 60.733106], [7.1205758, 60.7330571], [7.1203778, 60.7330135], [7.1200701, 60.7329616], [7.1198161, 60.7329275]]}, "properties": {"electrified": "contact_line", "frequency": "16.67", "gauge": "1435", "maxspeed": "40", "name": "Bergensbanen", "passenger_lines": "2", "railway": "rail", "service": "siding", "voltage": "15000", "length_km": 0.056, "maxspeed_kmh": 40.0}}, {"type": "Feature", "geometry": {"type": "LineString", "coordinates": [[7.1250001, 60.7393175], [7.1247609, 60.7392509], [7.1245294, 60.7391784]]}, "properties": {"electrified": "contact_line", "frequency": "16.67", "gauge": "1435", "maxspeed": "65", "name": "Bergensbanen", "operator": "Bane NOR", "passenger_lines": "1", "railway": "rail", "tunnel": "avalanche_protector", "usage": "main", "voltage": "15000", "length_km": 0.03, "maxspeed_kmh": 65.0}}, {"type": "Feature", "geometry": {"type": "LineString", "coordinates": [[7.1225232, 60.7370952], [7.1225638, 60.7369922], [7.1226383, 60.7368323], [7.1228139, 60.7364215], [7.1228599, 60.7363283], [7.1230501, 60.7357654], [7.1231272, 60.7355426]]}, "properties": {"electrified": "contact_line", "frequency": "16.67", "gauge": "1435", "maxspeed": "40", "name": "Bergensbanen", "passenger_lines": "2", "railway": "rail", "service": "siding", "tunnel": "avalanche_protector", "voltage": "15000", "length_km": 0.176, "maxspeed_kmh": 40.0}}, {"type": "Feature", "geometry": {"type": "LineString", "coordinates": [[7.1901782, 60.7257355], [7.1901016, 60.7257898], [7.189979, 60.7258736], [7.1898399, 60.7259668], [7.1896731, 60.7260744], [7.1894487, 60.726216], [7.1892693, 60.726318], [7.1891289, 60.7263946], [7.1889626, 60.7264837], [7.1887503, 60.7265916], [7.1886169, 60.7266567], [7.1884323, 60.7267421]]}, "properties": {"electrified": "contact_line", "frequency": "16.67", "gauge": "1435", "maxspeed": "65", "name": "Bergensbanen", "operator": "Bane NOR", "passenger_lines": "1", "railway": "rail", "usage": "main", "voltage": "15000", "length_km": 0.148, "maxspeed_kmh": 65.0}}, {"type": "Feature", "geometry": {"type": "LineString", "coordinates": [[7.1932948, 60.724017], [7.1931735, 60.7240659], [7.1928993, 60.7241851], [7.1925643, 60.7243382], [7.1923028, 60.724464], [7.191984, 60.7246253], [7.1915918, 60.7248345]]}, "properties": {"electrified": "contact_line", "frequency": "16.67", "gauge": "1435", "maxspeed": "65", "name": "Bergensbanen", "operator": "Bane NOR", "passenger_lines": "1", "railway": "rail", "tunnel": "avalanche_protector", "usage": "main", "voltage": "15000", "length_km": 0.13, "maxspeed_kmh": 65.0}}, {"type": "Feature", "geometry": {"type": "LineString", "coordinates": [[6.7336703, 60.6780156], [6.7331063, 60.678039], [6.7324957, 60.678064], [6.7307756, 60.678134], [6.7295099, 60.6781865], [6.7293774, 60.6781902], [6.726214, 60.6783236], [6.7258131, 60.6783388], [6.7249959, 60.6783646], [6.7246843, 60.67837], [6.7240514, 60.67837], [6.7237068, 60.6783649], [6.7230487, 60.6783434], [6.722734, 60.6783285], [6.7219163, 60.6782726], [6.7213701, 60.6782208], [6.7209954, 60.6781799], [6.7206242, 60.6781343], [6.7202317, 60.6780783], [6.7197033, 60.6779945], [6.7192126, 60.6779059]]}, "properties": {"electrified": "contact_line", "frequency": "16.67", "gauge": "1435", "maxspeed": "100", "name": "Bergensbanen", "operator": "Bane NOR", "passenger_lines": "1", "railway": "rail", "usage": "main", "voltage": "15000", "length_km": 0.8, "maxspeed_kmh": 100.0}}, {"type": "Feature", "geometry": {"type": "LineString", "coordinates": [[6.7374091, 60.6776457], [6.7372137, 60.6776725]]}, "properties": {"bridge": "yes", "electrified": "contact_line", "frequency": "16.67", "gauge": "1435", "maxspeed": "100", "name": "Bergensbanen", "operator": "Bane NOR", "passenger_lines": "1", "railway": "rail", "usage": "main", "voltage": "15000", "length_km": 0.011, "maxspeed_kmh": 100.0}}, {"type": "Feature", "geometry": {"type": "LineString", "coordinates": [[6.6737514, 60.6838626], [6.6735403, 60.6838531]]}, "properties": {"bridge": "yes", "electrified": "contact_line", "frequency": "16.67", "gauge": "1435", "maxspeed": "65", "name": "Bergensbanen", "operator": "Bane NOR", "passenger_lines": "1", "railway": "rail", "usage": "main", "voltage": "15000", "length_km": 0.012, "maxspeed_kmh": 65.0}}, {"type": "Feature", "geometry": {"type": "LineString", "coordinates": [[6.6777035, 60.6829883], [6.6775589, 60.6830762], [6.6773831, 60.6831718], [6.6772856, 60.6832211], [6.6770925, 60.683308], [6.6768421, 60.6834079], [6.6764867, 60.6835279], [6.676191, 60.6836117], [6.676027, 60.6836507], [6.6756939, 60.68372], [6.6753679, 60.6837742], [6.6750298, 60.6838169], [6.6746642, 60.683848], [6.6744941, 60.6838573], [6.6741769, 60.6838662], [6.6738618, 60.683865], [6.6737514, 60.6838626]]}, "properties": {"electrified": "contact_line", "frequency": "16.67", "gauge": "1435", "maxspeed": "65", "name": "Bergensbanen", "operator": "Bane NOR", "passenger_lines": "1", "railway": "rail", "usage": "main", "voltage": "15000", "length_km": 0.247, "maxspeed_kmh": 65.0}}, {"type": "Feature", "geometry": {"type": "LineString", "coordinates": [[6.670625, 60.6831012], [6.6705081, 60.6830313], [6.670362, 60.6829396], [6.6701289, 60.6827623], [6.67003, 60.6826755], [6.6699157, 60.6825643], [6.6698153, 60.6824519], [6.6697138, 60.6823337], [6.6693985, 60.6819341], [6.6692732, 60.6817881], [6.6691721, 60.6816817], [6.6689805, 60.681508], [6.6687876, 60.6813615], [6.6686737, 60.6812858], [6.6684352, 60.6811477], [6.6681922, 60.6810275], [6.6678952, 60.6809028], [6.6675243, 60.6807749], [6.6672329, 60.6806927], [6.6670677, 60.6806514], [6.6668536, 60.6806036], [6.6664847, 60.6805297], [6.666365, 60.6805089]]}, "properties": {"electrified": "contact_line", "frequency": "16.67", "gauge": "1435", "maxspeed": "75", "name": "Bergensbanen", "operator": "Bane NOR", "passenger_lines": "1", "railway": "rail", "usage": "main", "voltage": "15000", "length_km": 0.386, "maxspeed_kmh": 75.0}}, {"type": "Feature", "geometry": {"type": "LineString", "coordinates": [[7.020576, 60.7252834], [7.0202381, 60.725344]]}, "properties": {"electrified": "contact_line", "frequency": "16.67", "gauge": "1435", "maxspeed": "70", "name": "Bergensbanen", "operator": "Bane NOR", "passenger_lines": "1", "railway": "rail", "usage": "main", "voltage": "15000", "length_km": 0.02, "maxspeed_kmh": 70.0}}, {"type": "Feature", "geometry": {"type": "LineString", "coordinates": [[7.0202381, 60.725344], [7.0201047, 60.7253695], [7.0199585, 60.7253997]]}, "properties": {"bridge": "yes", "electrified": "contact_line", "frequency": "16.67", "gauge": "1435", "maxspeed": "70", "name": "Bergensbanen", "operator": "Bane NOR", "passenger_lines": "1", "railway": "rail", "usage": "main", "voltage": "15000", "length_km": 0.017, "maxspeed_kmh": 70.0}}, {"type": "Feature", "geometry": {"type": "LineString", "coordinates": [[6.666365, 60.6805089], [6.666185, 60.680475]]}, "properties": {"bridge": "yes", "electrified": "contact_line", "frequency": "16.67", "gauge": "1435", "maxspeed": "75", "name": "Bergensbanen", "operator": "Bane NOR", "passenger_lines": "1", "railway": "rail", "usage": "main", "voltage": "15000", "length_km": 0.011, "maxspeed_kmh": 75.0}}, {"type": "Feature", "geometry": {"type": "LineString", "coordinates": [[6.9930384, 60.7160053], [6.9927372, 60.7157204], [6.992464, 60.7154389], [6.9919415, 60.71485], [6.9915476, 60.7143624], [6.9911814, 60.7139235], [6.9909947, 60.7137252], [6.9908537, 60.7135972], [6.9907802, 60.7135361]]}, "properties": {"electrified": "contact_line", "frequency": "16.67", "gauge": "1435", "maxspeed": "90", "name": "Bergensbanen", "operator": "Bane NOR", "passenger_lines": "1", "railway": "rail", "tunnel": "avalanche_protector", "usage": "main", "voltage": "15000", "length_km": 0.302, "maxspeed_kmh": 90.0}}, {"type": "Feature", "geometry": {"type": "LineString", "coordinates": [[6.9907802, 60.7135361], [6.9906372, 60.7134161], [6.9905553, 60.7133504], [6.9903501, 60.7131987], [6.9900512, 60.712996], [6.9897601, 60.71282], [6.9893934, 60.7126191], [6.9890129, 60.712423], [6.9883651, 60.7121027], [6.9880446, 60.7119483]]}, "properties": {"electrified": "contact_line", "frequency": "16.67", "gauge": "1435", "maxspeed": "90", "name": "Bergensbanen", "operator": "Bane NOR", "passenger_lines": "1", "railway": "rail", "usage": "main", "voltage": "15000", "length_km": 0.233, "maxspeed_kmh": 90.0}}, {"type": "Feature", "geometry": {"type": "LineString", "coordinates": [[7.8426498, 60.5108108], [7.8422329, 60.5107815], [7.8418703, 60.5107651], [7.8415359, 60.5107586]]}, "properties": {"electrified": "contact_line", "frequency": "16.67", "gauge": "1435", "maxspeed": "80", "name": "Bergensbanen", "operator": "Bane NOR", "passenger_lines": "1", "railway": "rail", "tunnel": "yes", "usage": "main", "voltage": "15000", "length_km": 0.062, "maxspeed_kmh": 80.0}}, {"type": "Feature", "geometry": {"type": "LineString", "coordinates": [[7.8095004, 60.5328659], [7.8091668, 60.5329083], [7.8088666, 60.5329346], [7.8085669, 60.5329517], [7.8084233, 60.5329561], [7.8081384, 60.5329577], [7.8078075, 60.5329506], [7.8074302, 60.5329273], [7.8073083, 60.5329166]]}, "properties": {"electrified": "contact_line", "frequency": "16.67", "gauge": "1435", "maxspeed": "70", "name": "Bergensbanen", "operator": "Bane NOR", "passenger_lines": "1", "railway": "rail", "usage": "main", "voltage": "15000", "length_km": 0.122, "maxspeed_kmh": 70.0}}, {"type": "Feature", "geometry": {"type": "LineString", "coordinates": [[7.812968, 60.5309821], [7.8127604, 60.5311818], [7.8122662, 60.5317121], [7.812139, 60.5318313], [7.811999, 60.531947], [7.8117904, 60.5320942], [7.811558, 60.5322324], [7.811303, 60.5323606], [7.8110982, 60.5324497], [7.8108085, 60.5325586], [7.8105015, 60.5326552], [7.8101795, 60.5327391], [7.8099291, 60.5327932], [7.8097588, 60.532825], [7.8095004, 60.5328659]]}, "properties": {"electrified": "contact_line", "frequency": "16.67", "gauge": "1435", "maxspeed": "70", "name": "Bergensbanen", "operator": "Bane NOR", "passenger_lines": "1", "railway": "rail", "tunnel": "yes", "usage": "main", "voltage": "15000", "length_km": 0.295, "maxspeed_kmh": 70.0}}, {"type": "Feature", "geometry": {"type": "LineString", "coordinates": [[7.7490394, 60.5515231], [7.748867, 60.5515129], [7.7487106, 60.5515009], [7.7480198, 60.5514344], [7.7477974, 60.551411]]}, "properties": {"electrified": "contact_line", "frequency": "16.67", "gauge": "1435", "maxspeed": "70", "name": "Bergensbanen", "operator": "Bane NOR", "passenger_lines": "1", "railway": "rail", "usage": "main", "voltage": "15000", "length_km": 0.069, "maxspeed_kmh": 70.0}}, {"type": "Feature", "geometry": {"type": "LineString", "coordinates": [[7.749371, 60.5515334], [7.7492069, 60.5515297], [7.7490394, 60.5515231]]}, "properties": {"bridge": "yes", "electrified": "contact_line", "frequency": "16.67", "gauge": "1435", "maxspeed": "70", "name": "Bergensbanen", "operator": "Bane NOR", "passenger_lines": "1", "railway": "rail", "usage": "main", "voltage": "15000", "length_km": 0.018, "maxspeed_kmh": 70.0}}, {"type": "Feature", "geometry": {"type": "LineString", "coordinates": [[7.8041576, 60.5317425], [7.8040439, 60.5316201], [7.8038766, 60.5314113], [7.8035636, 60.5309897], [7.8034591, 60.5308653], [7.8033431, 60.5307434], [7.8032132, 60.530625], [7.8030689, 60.5305106], [7.8029154, 60.5304035], [7.8026967, 60.5302696], [7.8025699, 60.5302023], [7.8022425, 60.5300507], [7.8020737, 60.5299837], [7.8017832, 60.5298824], [7.8015837, 60.5298222], [7.801383, 60.5297677], [7.8011742, 60.5297188], [7.8009673, 60.5296757], [7.8006013, 60.5296134], [7.800369, 60.5295829], [7.8000808, 60.5295537], [7.7997001, 60.5295287], [7.7994151, 60.5295179], [7.7951491, 60.5294198], [7.7944986, 60.5294081], [7.7942731, 60.5294077], [7.7938626, 60.5294158], [7.7936849, 60.5294254], [7.7935015, 60.5294377], [7.7933326, 60.5294535], [7.793054, 60.5294863], [7.7927686, 60.529531], [7.7926196, 60.5295587], [7.792379, 60.5296089], [7.7921416, 60.5296681], [7.7918648, 60.5297452], [7.7913866, 60.5298927], [7.7868544, 60.5313231], [7.7861927, 60.5315412], [7.7856506, 60.5317262], [7.7846852, 60.5320782], [7.7841932, 60.5322663], [7.7837092, 60.5324587], [7.7829834, 60.5327584], [7.7826778, 60.5328901], [7.7818507, 60.5332646], [7.7813159, 60.5335192], [7.7796441, 60.5343436], [7.7792513, 60.5345203], [7.7790944, 60.5345828], [7.7789194, 60.5346463], [7.7785476, 60.5347663], [7.7783329, 60.5348253], [7.7780089, 60.5349065], [7.7778298, 60.5349435], [7.7776137, 60.534985], [7.7773633, 60.5350269], [7.777112, 60.5350667], [7.7763251, 60.5351792], [7.7758001, 60.5352648], [7.7756606, 60.5352911], [7.7753551, 60.5353591], [7.7750162, 60.5354481], [7.7748402, 60.5354996], [7.7745135, 60.5356131], [7.7742351, 60.5357252], [7.7739921, 60.5358336], [7.7736871, 60.5359962], [7.7735252, 60.5360916], [7.7729967, 60.5364229], [7.7727802, 60.5365486], [7.7725644, 60.5366622], [7.7723005, 60.5367837], [7.7721794, 60.5368328], [7.7719062, 60.5369283], [7.7717627, 60.5369739], [7.7714814, 60.5370525], [7.7713274, 60.5370897], [7.7711115, 60.5371359], [7.7709341, 60.5371678], [7.7705324, 60.5372285], [7.7697837, 60.5373175], [7.769182, 60.5373959], [7.7689172, 60.5374393], [7.7687093, 60.5374802], [7.7685096, 60.5375257], [7.7681085, 60.5376335], [7.7677199, 60.5377678], [7.767504, 60.5378567], [7.7673419, 60.5379296], [7.7671766, 60.5380152], [7.7670276, 60.5381003], [7.7668749, 60.5381949], [7.7665532, 60.5384252], [7.7662133, 60.538697], [7.7659586, 60.538918], [7.7655643, 60.5392876], [7.7652146, 60.539654], [7.7650309, 60.5398781], [7.7648971, 60.5400839], [7.7648483, 60.5401832], [7.7648044, 60.5402965], [7.7647316, 60.5405417], [7.7642629, 60.5426446], [7.7640636, 60.5435737], [7.7639506, 60.5440191], [7.7638409, 60.5443286], [7.7636978, 60.5446348], [7.7635216, 60.5449367], [7.7634361, 60.5450647], [7.7632804, 60.5452756], [7.7631849, 60.5453938], [7.7629219, 60.5456849], [7.7626214, 60.5459809], [7.7623528, 60.5462222], [7.7620296, 60.5465064], [7.761473, 60.546972], [7.7610969, 60.5472726], [7.7607152, 60.5475664], [7.7604019, 60.5477923], [7.7602515, 60.5478911], [7.7600701, 60.5480002], [7.7598037, 60.5481442], [7.7596569, 60.5482155], [7.75941, 60.5483268], [7.7591763, 60.5484232], [7.7585287, 60.5486767], [7.7562837, 60.5495342], [7.7525211, 60.5509703], [7.7521442, 60.5511076], [7.7517805, 60.5512241], [7.7515039, 60.5512979], [7.7513532, 60.5513331], [7.7511931, 60.5513675], [7.7509116, 60.5514184], [7.7506959, 60.5514515], [7.7505053, 60.5514755], [7.7502792, 60.5514988], [7.7500636, 60.5515147], [7.7496654, 60.5515324], [7.7495188, 60.5515343], [7.749371, 60.5515334]]}, "properties": {"electrified": "contact_line", "frequency": "16.67", "gauge": "1435", "maxspeed": "70", "name": "Bergensbanen", "operator": "Bane NOR", "passenger_lines": "1", "railway": "rail", "usage": "main", "voltage": "15000", "length_km": 4.4, "maxspeed_kmh": 70.0}}, {"type": "Feature", "geometry": {"type": "LineString", "coordinates": [[7.6323263, 60.5543793], [7.6313541, 60.554436]]}, "properties": {"bridge": "yes", "electrified": "contact_line", "frequency": "16.67", "gauge": "1435", "maxspeed": "160", "name": "Bergensbanen", "operator": "Bane NOR", "passenger_lines": "1", "railway": "rail", "usage": "main", "voltage": "15000", "length_km": 0.054, "maxspeed_kmh": 160.0}}, {"type": "Feature", "geometry": {"type": "LineString", "coordinates": [[7.9038249, 60.5024543], [7.9018554, 60.5030262], [7.900069, 60.5035392], [7.8996454, 60.5036534], [7.8990667, 60.5038003], [7.8984563, 60.5039441], [7.8980749, 60.5040286], [7.8976521, 60.5041182], [7.8972903, 60.5041893], [7.896457, 60.5043433], [7.8928941, 60.5049623], [7.8898078, 60.5055052], [7.8895523, 60.5055538], [7.8891353, 60.5056448], [7.8888413, 60.5057164], [7.8883861, 60.5058401], [7.8880486, 60.5059436], [7.8876915, 60.506065], [7.8873955, 60.506176], [7.887155, 60.5062734], [7.8868689, 60.5063975], [7.8863862, 60.5066304], [7.8851078, 60.507286], [7.8845749, 60.507553], [7.8841716, 60.5077403], [7.8836181, 60.5079958], [7.8831839, 60.5081819], [7.8827694, 60.5083534], [7.8822496, 60.5085609], [7.8804193, 60.5092713]]}, "properties": {"electrified": "contact_line", "frequency": "16.67", "gauge": "1435", "maxspeed": "90", "name": "Bergensbanen", "operator": "Bane NOR", "passenger_lines": "1", "railway": "rail", "usage": "main", "voltage": "15000", "length_km": 1.516, "maxspeed_kmh": 90.0}}, {"type": "Feature", "geometry": {"type": "LineString", "coordinates": [[7.9120062, 60.504008], [7.9118694, 60.5038415], [7.9117557, 60.5037191]]}, "properties": {"electrified": "contact_line", "frequency": "16.67", "gauge": "1435", "maxspeed": "80", "name": "Bergensbanen", "operator": "Bane NOR", "passenger_lines": "1", "railway": "rail", "tunnel": "yes", "usage": "main", "voltage": "15000", "length_km": 0.035, "maxspeed_kmh": 80.0}}, {"type": "Feature", "geometry": {"type": "LineString", "coordinates": [[7.8802855, 60.5093235], [7.8793998, 60.5096695], [7.8782562, 60.5101134], [7.8780812, 60.5101782], [7.8778629, 60.5102552], [7.8776445, 60.5103306], [7.8774694, 60.5103884], [7.8772165, 60.510465], [7.8767643, 60.5105903], [7.8764461, 60.5106675], [7.8761368, 60.5107363], [7.8757026, 60.5108211], [7.875121, 60.510915], [7.8746424, 60.5109777], [7.8739345, 60.5110504], [7.8703821, 60.5113624], [7.8700003, 60.5113972], [7.8668593, 60.5116711], [7.8657531, 60.5117675]]}, "properties": {"electrified": "contact_line", "frequency": "16.67", "gauge": "1435", "maxspeed": "80", "name": "Bergensbanen", "operator": "Bane NOR", "passenger_lines": "2", "railway": "rail", "usage": "main", "voltage": "15000", "length_km": 0.862, "maxspeed_kmh": 80.0}}, {"type": "Feature", "geometry": {"type": "LineString", "coordinates": [[7.852644, 60.5138294], [7.8512029, 60.5135106], [7.8505312, 60.5133584], [7.8502701, 60.5132893], [7.8500541, 60.5132413], [7.8496751, 60.513135], [7.8492439, 60.5129981], [7.8488701, 60.512866], [7.8487034, 60.5128009], [7.8483759, 60.5126633], [7.8482169, 60.5125914], [7.8467328, 60.5118794], [7.8464118, 60.5117327], [7.8460297, 60.511573], [7.8457549, 60.51147], [7.8454446, 60.5113635], [7.8450637, 60.5112461], [7.8446632, 60.5111395], [7.8444167, 60.5110815], [7.8440816, 60.5110113], [7.8437399, 60.5109493], [7.8434797, 60.5109083], [7.8432165, 60.5108722], [7.842862, 60.5108316], [7.8426498, 60.5108108]]}, "properties": {"electrified": "contact_line", "frequency": "16.67", "gauge": "1435", "maxspeed": "80", "name": "Bergensbanen", "operator": "Bane NOR", "passenger_lines": "1", "railway": "rail", "usage": "main", "voltage": "15000", "length_km": 0.654, "maxspeed_kmh": 80.0}}, {"type": "Feature", "geometry": {"type": "LineString", "coordinates": [[7.8528646, 60.5138772], [7.852644, 60.5138294]]}, "properties": {"electrified": "contact_line", "frequency": "16.67", "gauge": "1435", "maxspeed": "80", "name": "Bergensbanen", "operator": "Bane NOR", "passenger_lines": "1", "railway": "rail", "tunnel": "yes", "usage": "main", "voltage": "15000", "length_km": 0.013, "maxspeed_kmh": 80.0}}, {"type": "Feature", "geometry": {"type": "LineString", "coordinates": [[8.2331318, 60.5434844], [8.2268805, 60.5400675], [8.2262479, 60.5397136], [8.2259795, 60.5395557], [8.2255745, 60.5393061], [8.2252434, 60.5390893], [8.2249529, 60.5388896], [8.2247266, 60.5387271], [8.2241869, 60.5383139], [8.2237004, 60.5378893]]}, "properties": {"electrified": "contact_line", "frequency": "16.67", "gauge": "1435", "name": "Bergensbanen", "operator": "Bane NOR", "passenger_lines": "1", "railway": "rail", "usage": "main", "voltage": "15000", "length_km": 0.813}}, {"type": "Feature", "geometry": {"type": "LineString", "coordinates": [[8.2334048, 60.5436312], [8.2331318, 60.5434844]]}, "properties": {"bridge": "yes", "electrified": "contact_line", "frequency": "16.67", "gauge": "1435", "name": "Bergensbanen", "operator": "Bane NOR", "passenger_lines": "1", "railway": "rail", "usage": "main", "voltage": "15000", "length_km": 0.022}}, {"type": "Feature", "geometry": {"type": "LineString", "coordinates": [[10.2424557, 60.1689176], [10.2422963, 60.1689082], [10.24187, 60.1688998], [10.2413411, 60.1688971]]}, "properties": {"electrified": "contact_line", "frequency": "16.67", "gauge": "1435", "maxspeed": "80", "name": "Bergensbanen", "operator": "Bane NOR", "railway": "rail", "usage": "main", "voltage": "15000", "length_km": 0.062, "maxspeed_kmh": 80.0}}, {"type": "Feature", "geometry": {"type": "LineString", "coordinates": [[10.2453449, 60.1691036], [10.2424557, 60.1689176]]}, "properties": {"electrified": "contact_line", "frequency": "16.67", "gauge": "1435", "maxspeed": "80", "name": "Bergensbanen", "operator": "Bane NOR", "passenger_lines": "2", "railway": "rail", "usage": "main", "voltage": "15000", "length_km": 0.162, "maxspeed_kmh": 80.0}}, {"type": "Feature", "geometry": {"type": "LineString", "coordinates": [[9.5925962, 60.3889393], [9.5923875, 60.3890104], [9.5919297, 60.389156], [9.5914623, 60.3892939], [9.5909859, 60.3894242], [9.5905017, 60.389547], [9.5790769, 60.3922919], [9.5784271, 60.3924517], [9.5777886, 60.3926223], [9.5771658, 60.3928068], [9.5765602, 60.3930047], [9.5761735, 60.39315]]}, "properties": {"electrified": "contact_line", "frequency": "16.67", "gauge": "1435", "maxspeed": "120", "name": "Bergensbanen", "operator": "Bane NOR", "passenger_lines": "1", "railway": "rail", "tunnel": "yes", "usage": "main", "voltage": "15000", "length_km": 1.022, "maxspeed_kmh": 120.0}}, {"type": "Feature", "geometry": {"type": "LineString", "coordinates": [[9.5359416, 60.3951535], [9.5356681, 60.3950305], [9.5352482, 60.3948591], [9.5348079, 60.3947008], [9.5343484, 60.3945564], [9.5338718, 60.3944264], [9.5333802, 60.394311], [9.5328747, 60.3942111], [9.5325313, 60.394153], [9.5321834, 60.394102], [9.5316542, 60.394039], [9.5312976, 60.3940062], [9.5309383, 60.3939805], [9.5305775, 60.3939622], [9.5300338, 60.3939485], [9.5296709, 60.3939487], [9.5293085, 60.3939563], [9.5291273, 60.3939628], [9.5290003, 60.3939694]]}, "properties": {"electrified": "contact_line", "frequency": "16.67", "gauge": "1435", "maxspeed": "95", "name": "Bergensbanen", "operator": "Bane NOR", "passenger_lines": "1", "railway": "rail", "tunnel": "yes", "usage": "main", "voltage": "15000", "length_km": 0.418, "maxspeed_kmh": 95.0}}, {"type": "Feature", "geometry": {"type": "LineString", "coordinates": [[9.5159553, 60.3961847], [9.5157495, 60.3963051], [9.5155216, 60.3964333], [9.5152084, 60.3966045], [9.5148914, 60.3967664], [9.5145136, 60.3969492], [9.5142581, 60.3970673], [9.5136486, 60.3973348], [9.5126475, 60.3977522], [9.5123523, 60.3978799], [9.5121067, 60.3979909], [9.5117241, 60.3981735], [9.5113552, 60.3983621], [9.5111695, 60.3984631], [9.5107742, 60.3986897], [9.5104899, 60.39886], [9.5102144, 60.3990409], [9.5099336, 60.3992364], [9.50965, 60.3994458], [9.509385, 60.3996568], [9.5092538, 60.3997685], [9.5089964, 60.4000023], [9.5087401, 60.40025], [9.5084341, 60.4005868], [9.5082654, 60.40079], [9.5079642, 60.4012013], [9.5079005, 60.4013071], [9.5076743, 60.401703], [9.5076164, 60.4018178], [9.5075202, 60.402039], [9.5074305, 60.4022714], [9.5073525, 60.4025156], [9.5073036, 60.402709], [9.5072573, 60.4029448], [9.5072135, 60.4032999], [9.5072063, 60.4035369], [9.5072198, 60.4038925], [9.5072678, 60.4042473], [9.5073154, 60.4044832], [9.5075908, 60.4056616], [9.5076595, 60.4060159], [9.5077316, 60.4064892], [9.5077751, 60.4068445], [9.5078073, 60.4072001], [9.5078279, 60.4075559], [9.5078349, 60.4079118], [9.5078325, 60.4082679], [9.5078105, 60.408861], [9.5077644, 60.4093495], [9.5077394, 60.409541], [9.5076374, 60.4101575], [9.5075821, 60.4104314], [9.5075122, 60.410725], [9.5074345, 60.4109999], [9.5073279, 60.4112707], [9.5072786, 60.4113749], [9.5071824, 60.4115549], [9.5070758, 60.4117293], [9.5068818, 60.4119982], [9.5067007, 60.412207], [9.5064361, 60.4124785], [9.5061001, 60.4127655], [9.5058745, 60.4129337], [9.5055555, 60.4131547], [9.5049039, 60.4135876], [9.504667, 60.4137516], [9.5043877, 60.4139571], [9.5041026, 60.414189], [9.5039186, 60.4143524], [9.5037364, 60.414521], [9.5035041, 60.4147629], [9.5033459, 60.4149363], [9.503083, 60.4152785], [9.502847, 60.4156318], [9.5024285, 60.4162933], [9.5021506, 60.4167004], [9.5019672, 60.4169444], [9.5017695, 60.4171924], [9.5015765, 60.4174216], [9.5013607, 60.4176653], [9.5010034, 60.4180352], [9.5007219, 60.4183036], [9.5003708, 60.4186264], [9.4998847, 60.419031], [9.4994098, 60.4194014], [9.4988457, 60.4198035], [9.4985795, 60.4199824], [9.4981923, 60.4202297]]}, "properties": {"electrified": "contact_line", "frequency": "16.67", "gauge": "1435", "maxspeed": "100", "name": "Bergensbanen", "operator": "Bane NOR", "passenger_lines": "1", "railway": "rail", "usage": "main", "voltage": "15000", "length_km": 2.979, "maxspeed_kmh": 100.0}}, {"type": "Feature", "geometry": {"type": "LineString", "coordinates": [[9.9167921, 60.2442156], [9.9170373, 60.2441761], [9.9172774, 60.2441408], [9.9175744, 60.2441062], [9.9181089, 60.2440513], [9.918884, 60.2439661], [9.9195439, 60.2438902], [9.92026, 60.2437811], [9.9209037, 60.2436506], [9.921416, 60.2435228], [9.921982, 60.2433524], [9.9223723, 60.2432206], [9.9227437, 60.2430729], [9.9230978, 60.2429078], [9.923594, 60.2426655], [9.9263191, 60.2412211], [9.9282235, 60.2402199], [9.9289048, 60.2397786]]}, "properties": {"electrified": "contact_line", "frequency": "16.67", "gauge": "1435", "maxspeed": "40", "name": "Bergensbanen", "passenger_lines": "2", "railway": "rail", "service": "siding", "voltage": "15000", "length_km": 0.86, "maxspeed_kmh": 40.0}}, {"type": "Feature", "geometry": {"type": "LineString", "coordinates": [[9.8785886, 60.2471654], [9.8783942, 60.2472146], [9.8780632, 60.2473129], [9.8776936, 60.2474346], [9.877533, 60.2474955], [9.877223, 60.247644], [9.8770689, 60.2477251], [9.8769222, 60.2478122], [9.8767749, 60.2479105], [9.8766247, 60.2480203], [9.8764965, 60.2481245], [9.8763819, 60.2482382], [9.87619, 60.248466], [9.8760407, 60.248697], [9.8759722, 60.2488204], [9.8755283, 60.2497588], [9.8754078, 60.2500294], [9.8752538, 60.2503298], [9.8751011, 60.2506538], [9.8747944, 60.251273], [9.8746747, 60.2515397], [9.8742717, 60.2523625], [9.8740715, 60.2527886], [9.8738686, 60.2531901], [9.8733762, 60.254204], [9.8732819, 60.254414], [9.8731604, 60.2546519], [9.8726459, 60.2557188], [9.8726079, 60.2558113], [9.8724693, 60.2560821], [9.8724243, 60.2562128], [9.8723928, 60.2563466], [9.8723679, 60.2565185], [9.8723645, 60.2566758], [9.8723728, 60.2567894], [9.8723879, 60.2568741], [9.8724115, 60.2569518]]}, "properties": {"electrified": "contact_line", "frequency": "16.67", "gauge": "1435", "maxspeed": "75", "name": "Bergensbanen", "operator": "Bane NOR", "passenger_lines": "1", "railway": "rail", "usage": "main", "voltage": "15000", "length_km": 1.173, "maxspeed_kmh": 75.0}}, {"type": "Feature", "geometry": {"type": "LineString", "coordinates": [[9.8791071, 60.2470647], [9.8789277, 60.2470963], [9.8787013, 60.2471405], [9.8785886, 60.2471654]]}, "properties": {"electrified": "contact_line", "frequency": "16.67", "gauge": "1435", "maxspeed": "75", "name": "Bergensbanen", "operator": "Bane NOR", "passenger_lines": "1", "railway": "rail", "tunnel": "yes", "usage": "main", "voltage": "15000", "length_km": 0.031, "maxspeed_kmh": 75.0}}, {"type": "Feature", "geometry": {"type": "LineString", "coordinates": [[9.1691094, 60.5270892], [9.1689384, 60.5273159]]}, "properties": {"bridge": "yes", "electrified": "contact_line", "frequency": "16.67", "gauge": "1435", "maxspeed": "115", "name": "Bergensbanen", "operator": "Bane NOR", "passenger_lines": "1", "railway": "rail", "usage": "main", "voltage": "15000", "length_km": 0.027, "maxspeed_kmh": 115.0}}, {"type": "Feature", "geometry": {"type": "LineString", "coordinates": [[9.3371464, 60.4280334], [9.3370125, 60.4280144], [9.3368361, 60.427993], [9.3366583, 60.4279749], [9.3362986, 60.4279495], [9.3359361, 60.4279383], [9.3357544, 60.427938], [9.335392, 60.4279483], [9.3350323, 60.4279729], [9.3346776, 60.4280114], [9.3343301, 60.4280637], [9.3339924, 60.4281297], [9.3338276, 60.4281676], [9.3335081, 60.4282528], [9.3332034, 60.4283506], [9.3329265, 60.4284506]]}, "properties": {"electrified": "contact_line", "frequency": "16.67", "gauge": "1435", "maxspeed": "75", "name": "Bergensbanen", "operator": "Bane NOR", "passenger_lines": "1", "railway": "rail", "tunnel": "yes", "usage": "main", "voltage": "15000", "length_km": 0.247, "maxspeed_kmh": 75.0}}, {"type": "Feature", "geometry": {"type": "LineString", "coordinates": [[9.3594769, 60.4325861], [9.35903, 60.4327005], [9.3585396, 60.4328091], [9.3581635, 60.4328838], [9.3576141, 60.4329787], [9.3570019, 60.433065], [9.3563678, 60.4331339], [9.3559249, 60.4331704], [9.3556925, 60.433185], [9.3553308, 60.4332027], [9.3548358, 60.4332189], [9.3542427, 60.4332219], [9.3539985, 60.4332192], [9.3537248, 60.4332108], [9.3532228, 60.433188], [9.3528952, 60.4331677], [9.3525898, 60.4331438], [9.3522064, 60.4331067], [9.3517924, 60.433059], [9.3514923, 60.433018], [9.3510311, 60.4329462], [9.3506003, 60.4328691], [9.3501286, 60.4327712], [9.3498924, 60.4327164], [9.349666, 60.4326613], [9.3492861, 60.432561], [9.3487401, 60.4323971], [9.3484171, 60.4322909], [9.3481297, 60.4321895], [9.3479325, 60.4321149], [9.3475506, 60.4319592], [9.3472369, 60.4318186], [9.3469307, 60.4316712], [9.3465499, 60.4314749], [9.3448149, 60.4305691], [9.3444675, 60.4303926], [9.3440562, 60.4301965], [9.3436926, 60.4300297], [9.3433513, 60.4298804], [9.3429736, 60.429722], [9.3425942, 60.4295692], [9.3423304, 60.4294671]]}, "properties": {"electrified": "contact_line", "frequency": "16.67", "gauge": "1435", "maxspeed": "90", "name": "Bergensbanen", "operator": "Bane NOR", "passenger_lines": "1", "railway": "rail", "usage": "main", "voltage": "15000", "length_km": 1.104, "maxspeed_kmh": 90.0}}, {"type": "Feature", "geometry": {"type": "LineString", "coordinates": [[9.2652493, 60.4591365], [9.2649829, 60.4593062], [9.2648489, 60.4594052]]}, "properties": {"electrified": "contact_line", "frequency": "16.67", "gauge": "1435", "maxspeed": "85", "name": "Bergensbanen", "operator": "Bane NOR", "passenger_lines": "1", "railway": "rail", "tunnel": "yes", "usage": "main", "voltage": "15000", "length_km": 0.037, "maxspeed_kmh": 85.0}}, {"type": "Feature", "geometry": {"type": "LineString", "coordinates": [[9.2638457, 60.4608049], [9.2635962, 60.4616561], [9.2634899, 60.4619798], [9.2633521, 60.4623466], [9.2632159, 60.4626648], [9.262995, 60.4631333], [9.2628784, 60.4633558], [9.2627259, 60.4636257], [9.2624617, 60.4640548], [9.2621804, 60.4644707], [9.2613439, 60.4655854]]}, "properties": {"electrified": "contact_line", "frequency": "16.67", "gauge": "1435", "maxspeed": "90", "name": "Bergensbanen", "operator": "Bane NOR", "passenger_lines": "1", "railway": "rail", "usage": "main", "voltage": "15000", "length_km": 0.552, "maxspeed_kmh": 90.0}}, {"type": "Feature", "geometry": {"type": "LineString", "coordinates": [[9.2763656, 60.4549912], [9.2760147, 60.4551822], [9.2755607, 60.4554148], [9.2751034, 60.4556349]]}, "properties": {"electrified": "contact_line", "frequency": "16.67", "gauge": "1435", "maxspeed": "85", "name": "Bergensbanen", "operator": "Bane NOR", "passenger_lines": "1", "railway": "rail", "tunnel": "yes", "usage": "main", "voltage": "15000", "length_km": 0.1, "maxspeed_kmh": 85.0}}, {"type": "Feature", "geometry": {"type": "LineString", "coordinates": [[9.2613439, 60.4655854], [9.2612203, 60.4657504], [9.2609791, 60.4660893], [9.2608131, 60.4663459]]}, "properties": {"electrified": "contact_line", "frequency": "16.67", "gauge": "1435", "maxspeed": "90", "name": "Bergensbanen", "operator": "Bane NOR", "passenger_lines": "1", "railway": "rail", "tunnel": "yes", "usage": "main", "voltage": "15000", "length_km": 0.09, "maxspeed_kmh": 90.0}}, {"type": "Feature", "geometry": {"type": "LineString", "coordinates": [[9.2448872, 60.4767153], [9.2446348, 60.4767275]]}, "properties": {"bridge": "yes", "electrified": "contact_line", "frequency": "16.67", "gauge": "1435", "maxspeed": "90", "name": "Bergensbanen", "operator": "Bane NOR", "passenger_lines": "1", "railway": "rail", "usage": "main", "voltage": "15000", "length_km": 0.014, "maxspeed_kmh": 90.0}}, {"type": "Feature", "geometry": {"type": "LineString", "coordinates": [[9.2446348, 60.4767275], [9.2444668, 60.4767316], [9.2440449, 60.4767339], [9.2438243, 60.4767312], [9.2435952, 60.4767223], [9.2432028, 60.4766999], [9.2427576, 60.4766579], [9.2424377, 60.4766183], [9.2420199, 60.4765525], [9.2416984, 60.476491], [9.2414261, 60.4764306], [9.2410223, 60.4763266], [9.2407778, 60.4762532], [9.2405515, 60.4761787], [9.2401539, 60.4760349], [9.2389367, 60.4755693]]}, "properties": {"electrified": "contact_line", "frequency": "16.67", "gauge": "1435", "maxspeed": "90", "name": "Bergensbanen", "operator": "Bane NOR", "passenger_lines": "1", "railway": "rail", "usage": "main", "voltage": "15000", "length_km": 0.349, "maxspeed_kmh": 90.0}}, {"type": "Feature", "geometry": {"type": "LineString", "coordinates": [[9.2173966, 60.4899705], [9.2170642, 60.4899556], [9.2165201, 60.489932], [9.2161641, 60.4899348]]}, "properties": {"electrified": "contact_line", "frequency": "16.67", "gauge": "1435", "maxspeed": "75", "name": "Bergensbanen", "operator": "Bane NOR", "passenger_lines": "1", "railway": "rail", "tunnel": "yes", "usage": "main", "voltage": "15000", "length_km": 0.068, "maxspeed_kmh": 75.0}}, {"type": "Feature", "geometry": {"type": "LineString", "coordinates": [[9.2161641, 60.4899348], [9.2159661, 60.4899411], [9.2156732, 60.4899579], [9.2153688, 60.4899837]]}, "properties": {"electrified": "contact_line", "frequency": "16.67", "gauge": "1435", "maxspeed": "75", "name": "Bergensbanen", "operator": "Bane NOR", "passenger_lines": "1", "railway": "rail", "usage": "main", "voltage": "15000", "length_km": 0.044, "maxspeed_kmh": 75.0}}, {"type": "Feature", "geometry": {"type": "LineString", "coordinates": [[9.2153688, 60.4899837], [9.2151499, 60.4900144], [9.2149102, 60.4900547], [9.2147395, 60.4900858], [9.2145714, 60.4901201], [9.2143609, 60.490164], [9.2141652, 60.4902109]]}, "properties": {"electrified": "contact_line", "frequency": "16.67", "gauge": "1435", "maxspeed": "75", "name": "Bergensbanen", "operator": "Bane NOR", "passenger_lines": "1", "railway": "rail", "tunnel": "yes", "usage": "main", "voltage": "15000", "length_km": 0.071, "maxspeed_kmh": 75.0}}, {"type": "Feature", "geometry": {"type": "LineString", "coordinates": [[9.2314956, 60.4775403], [9.2315416, 60.4782707], [9.2315378, 60.4785629], [9.2314817, 60.4790395], [9.2314187, 60.4793102], [9.2313619, 60.4795039], [9.2312563, 60.4798034], [9.2311407, 60.48007], [9.2303505, 60.4818049], [9.2299314, 60.4827412], [9.2297994, 60.4830029], [9.229738, 60.4831049], [9.2296282, 60.4832659], [9.2295607, 60.4833522], [9.2293963, 60.4835353], [9.2293074, 60.483624], [9.2290962, 60.4838061], [9.2289818, 60.483898], [9.2281828, 60.4844568], [9.2278861, 60.4846743], [9.2275904, 60.4849215], [9.2273924, 60.4851021], [9.2272296, 60.4852635], [9.2269268, 60.4855991], [9.2257809, 60.4869783], [9.2255596, 60.4872349], [9.2253123, 60.4874871], [9.2250495, 60.487724], [9.2247099, 60.4879851], [9.2244448, 60.4881636], [9.2241416, 60.4883477], [9.2239861, 60.4884356], [9.2236372, 60.4886164], [9.223294, 60.4887771], [9.2231024, 60.4888632], [9.2225185, 60.4891071], [9.2221957, 60.4892349], [9.2217079, 60.4894171]]}, "properties": {"electrified": "contact_line", "frequency": "16.67", "gauge": "1435", "maxspeed": "85", "name": "Bergensbanen", "operator": "Bane NOR", "passenger_lines": "1", "railway": "rail", "usage": "main", "voltage": "15000", "length_km": 1.475, "maxspeed_kmh": 85.0}}, {"type": "Feature", "geometry": {"type": "LineString", "coordinates": [[9.2374393, 60.4751622], [9.2371358, 60.4751205], [9.2367799, 60.4750831], [9.2366001, 60.4750698], [9.2362378, 60.4750538], [9.2360561, 60.4750513], [9.2356925, 60.4750569], [9.2355114, 60.4750652], [9.235152, 60.4750923], [9.234974, 60.4751112], [9.2347979, 60.4751336], [9.2344518, 60.4751888], [9.234116, 60.4752576], [9.2339524, 60.4752969], [9.2337921, 60.4753394], [9.2334828, 60.4754338], [9.2331898, 60.4755401], [9.2329149, 60.4756577], [9.2327849, 60.4757205], [9.2326201, 60.4758085]]}, "properties": {"electrified": "contact_line", "frequency": "16.67", "gauge": "1435", "maxspeed": "75", "name": "Bergensbanen", "operator": "Bane NOR", "passenger_lines": "1", "railway": "rail", "tunnel": "yes", "usage": "main", "voltage": "15000", "length_km": 0.291, "maxspeed_kmh": 75.0}}, {"type": "Feature", "geometry": {"type": "LineString", "coordinates": [[9.1747065, 60.5080918], [9.1746967, 60.508191]]}, "properties": {"bridge": "yes", "electrified": "contact_line", "frequency": "16.67", "gauge": "1435", "maxspeed": "105", "name": "Bergensbanen", "operator": "Bane NOR", "passenger_lines": "1", "railway": "rail", "usage": "main", "voltage": "15000", "length_km": 0.011, "maxspeed_kmh": 105.0}}, {"type": "Feature", "geometry": {"type": "LineString", "coordinates": [[9.1693411, 60.5194471], [9.1693241, 60.5197028], [9.1693264, 60.5198289], [9.1693508, 60.5200999], [9.1694019, 60.5203693], [9.1694691, 60.5206107], [9.1695525, 60.5208392], [9.1696043, 60.5209528], [9.1697965, 60.5213214], [9.1700826, 60.5218236], [9.1702475, 60.5221345], [9.1703598, 60.5223739], [9.1704758, 60.5226689], [9.1705288, 60.522841], [9.170598, 60.5231197], [9.1706235, 60.523254], [9.1706566, 60.5235494], [9.1706638, 60.5237066], [9.1706617, 60.5240042], [9.170648, 60.5241655], [9.1706253, 60.5243181], [9.1705592, 60.5246466], [9.1705106, 60.5248199], [9.1704542, 60.5249763], [9.1703215, 60.5252985], [9.1702279, 60.525484], [9.1701329, 60.5256505], [9.1699464, 60.5259441], [9.1697359, 60.5262376], [9.1691094, 60.5270892]]}, "properties": {"electrified": "contact_line", "frequency": "16.67", "gauge": "1435", "maxspeed": "115", "name": "Bergensbanen", "operator": "Bane NOR", "passenger_lines": "1", "railway": "rail", "usage": "main", "voltage": "15000", "length_km": 0.872, "maxspeed_kmh": 115.0}}, {"type": "Feature", "geometry": {"type": "LineString", "coordinates": [[9.2888524, 60.4493966], [9.2885935, 60.4494061], [9.2883689, 60.4494201]]}, "properties": {"electrified": "contact_line", "frequency": "16.67", "gauge": "1435", "maxspeed": "75", "name": "Bergensbanen", "operator": "Bane NOR", "passenger_lines": "1", "railway": "rail", "tunnel": "yes", "usage": "main", "voltage": "15000", "length_km": 0.027, "maxspeed_kmh": 75.0}}, {"type": "Feature", "geometry": {"type": "LineString", "coordinates": [[9.284486, 60.4511838], [9.2844006, 60.4512685], [9.2841577, 60.4514843], [9.2840582, 60.451563], [9.2838509, 60.4517153], [9.2836343, 60.4518549], [9.2834924, 60.451939], [9.2832979, 60.4520457], [9.2831068, 60.4521436], [9.2828824, 60.452251], [9.2826756, 60.4523415], [9.2824696, 60.4524241], [9.2821221, 60.4525493], [9.2815124, 60.4527399], [9.2803572, 60.4530761], [9.2798845, 60.4532316], [9.2796494, 60.4533145], [9.2791802, 60.4534923], [9.278729, 60.4536823], [9.2785207, 60.4537761], [9.2783084, 60.4538782], [9.2778858, 60.4540967], [9.2774618, 60.4543377], [9.2764518, 60.4549417], [9.2763656, 60.4549912]]}, "properties": {"electrified": "contact_line", "frequency": "16.67", "gauge": "1435", "maxspeed": "85", "name": "Bergensbanen", "operator": "Bane NOR", "passenger_lines": "1", "railway": "rail", "usage": "main", "voltage": "15000", "length_km": 0.624, "maxspeed_kmh": 85.0}}, {"type": "Feature", "geometry": {"type": "LineString", "coordinates": [[9.3126502, 60.4507716], [9.3125385, 60.4508138]]}, "properties": {"bridge": "yes", "electrified": "contact_line", "frequency": "16.67", "gauge": "1435", "maxspeed": "75", "name": "Bergensbanen", "operator": "Bane NOR", "passenger_lines": "1", "railway": "rail", "usage": "main", "voltage": "15000", "length_km": 0.008, "maxspeed_kmh": 75.0}}, {"type": "Feature", "geometry": {"type": "LineString", "coordinates": [[9.3125385, 60.4508138], [9.3122508, 60.4509106], [9.3120172, 60.4509808], [9.3118605, 60.451021], [9.3115255, 60.4510972], [9.3113116, 60.4511424], [9.3109044, 60.4512109], [9.3104558, 60.4512661], [9.3102811, 60.4512822], [9.3098539, 60.451311], [9.3093577, 60.4513216], [9.3090492, 60.4513162], [9.3088948, 60.4513103], [9.308757, 60.4513033], [9.3084955, 60.4512856], [9.3082572, 60.4512667], [9.308031, 60.4512418], [9.3066826, 60.4510797], [9.3059856, 60.4510085], [9.3053371, 60.4509573], [9.3046677, 60.4509174], [9.3039073, 60.4508888], [9.3032263, 60.45088], [9.3028239, 60.4508797], [9.3021197, 60.4508939], [9.3013533, 60.4509266], [9.2998335, 60.4510156], [9.2993064, 60.4510396], [9.2987883, 60.4510503], [9.2984553, 60.4510497], [9.2981021, 60.4510422], [9.2977508, 60.4510272], [9.2973554, 60.4510036], [9.297106, 60.4509831], [9.2967119, 60.4509444], [9.2962963, 60.4508936], [9.2959325, 60.4508395], [9.2957202, 60.4508042], [9.2952654, 60.4507191], [9.2948425, 60.4506276], [9.294257, 60.450481], [9.2916942, 60.4497879], [9.2910751, 60.4496273], [9.2908624, 60.4495791], [9.2904831, 60.4495068], [9.2901121, 60.4494558], [9.2898934, 60.4494332], [9.2896761, 60.4494155], [9.2892849, 60.4493971], [9.2891119, 60.4493944], [9.2888524, 60.4493966]]}, "properties": {"electrified": "contact_line", "frequency": "16.67", "gauge": "1435", "maxspeed": "75", "name": "Bergensbanen", "operator": "Bane NOR", "passenger_lines": "1", "railway": "rail", "usage": "main", "voltage": "15000", "length_km": 1.361, "maxspeed_kmh": 75.0}}, {"type": "Feature", "geometry": {"type": "LineString", "coordinates": [[9.3283052, 60.4325933], [9.3267627, 60.4341096], [9.3266116, 60.4342728], [9.3264732, 60.4344389], [9.3262908, 60.4346926], [9.3261862, 60.4348646], [9.3260953, 60.4350384], [9.3259941, 60.4352854], [9.3259509, 60.4354073]]}, "properties": {"electrified": "contact_line", "frequency": "16.67", "gauge": "1435", "maxspeed": "100", "name": "Bergensbanen", "operator": "Bane NOR", "passenger_lines": "1", "railway": "rail", "tunnel": "yes", "usage": "main", "voltage": "15000", "length_km": 0.341, "maxspeed_kmh": 100.0}}, {"type": "Feature", "geometry": {"type": "LineString", "coordinates": [[9.3329265, 60.4284506], [9.3328294, 60.4284899], [9.33265, 60.4285716], [9.3324889, 60.4286542], [9.3322487, 60.4287949], [9.3321323, 60.4288709], [9.3319344, 60.42902], [9.3318278, 60.4291102], [9.3316853, 60.4292446], [9.3316003, 60.4293293]]}, "properties": {"electrified": "contact_line", "frequency": "16.67", "gauge": "1435", "maxspeed": "75", "name": "Bergensbanen", "operator": "Bane NOR", "passenger_lines": "1", "railway": "rail", "usage": "main", "voltage": "15000", "length_km": 0.123, "maxspeed_kmh": 75.0}}, {"type": "Feature", "geometry": {"type": "LineString", "coordinates": [[9.84667, 60.2620239], [9.8463561, 60.2621299]]}, "properties": {"bridge": "yes", "electrified": "contact_line", "frequency": "16.67", "gauge": "1435", "maxspeed": "95", "name": "Bergensbanen", "operator": "Bane NOR", "passenger_lines": "1", "railway": "rail", "usage": "main", "voltage": "15000", "length_km": 0.021, "maxspeed_kmh": 95.0}}, {"type": "Feature", "geometry": {"type": "LineString", "coordinates": [[9.8034566, 60.2689396], [9.8028964, 60.2688911], [9.8025137, 60.2688427], [9.802333, 60.2688181], [9.8019129, 60.2687417], [9.8017144, 60.2687018], [9.8013965, 60.2686339], [9.8011114, 60.268564], [9.8006594, 60.2684422], [9.8004457, 60.2683819], [9.8001594, 60.2682949], [9.7999067, 60.2682126], [9.7997189, 60.2681445], [9.7995706, 60.2680894], [9.7993721, 60.2680087], [9.7992984, 60.2679772], [9.7991995, 60.267933], [9.7987989, 60.267747], [9.7984951, 60.2675652], [9.7982222, 60.2673867], [9.7977153, 60.2670106], [9.7973429, 60.2667503], [9.7971416, 60.266628], [9.7966656, 60.2663688], [9.7964569, 60.2662694], [9.795954, 60.2660722], [9.7956725, 60.2659724], [9.7953891, 60.2658817], [9.7951243, 60.2658082], [9.7948246, 60.2657334], [9.794486, 60.2656569], [9.7941521, 60.2655907], [9.7938273, 60.2655311], [9.7935329, 60.2654871], [9.7930577, 60.2654441], [9.7922845, 60.2653979], [9.7919946, 60.2653915], [9.7916441, 60.2653894], [9.791309, 60.2653965], [9.7909808, 60.2654119], [9.7907269, 60.2654288], [9.7904621, 60.2654515], [9.7899258, 60.2655097], [9.7895167, 60.2655746], [9.7892777, 60.2656175], [9.788992, 60.2656735], [9.7886288, 60.2657573], [9.7883649, 60.2658258], [9.7879077, 60.2659621]]}, "properties": {"electrified": "contact_line", "frequency": "16.67", "gauge": "1435", "maxspeed": "90", "name": "Bergensbanen", "operator": "Bane NOR", "passenger_lines": "1", "railway": "rail", "usage": "main", "voltage": "15000", "length_km": 1.015, "maxspeed_kmh": 90.0}}, {"type": "Feature", "geometry": {"type": "LineString", "coordinates": [[8.9401225, 60.6954849], [8.9399878, 60.6954227], [8.9394502, 60.6951712], [8.9390471, 60.6949903], [8.9388244, 60.6948957], [8.9386246, 60.6948147], [8.9382024, 60.6946556], [8.9377533, 60.6945004], [8.9372269, 60.6943345], [8.9367086, 60.6941893], [8.9362308, 60.6940684], [8.9360132, 60.694018], [8.9353287, 60.693875], [8.9347759, 60.6937713], [8.9326963, 60.693397], [8.9316714, 60.6932007], [8.9308374, 60.6930326], [8.9301984, 60.6928977], [8.9294732, 60.6927385], [8.9285769, 60.6925345], [8.9277668, 60.6923404], [8.9234099, 60.691281], [8.9232386, 60.6912413], [8.9228095, 60.6911334], [8.9183438, 60.6900533], [8.9178488, 60.6899389], [8.9169414, 60.6897386], [8.9162936, 60.6896013], [8.915624, 60.6894646], [8.9143528, 60.689218], [8.9093769, 60.6882974], [8.9082862, 60.6880904], [8.9076487, 60.6879564], [8.9074328, 60.6879064], [8.9068822, 60.6877725], [8.9065679, 60.6876909], [8.9059592, 60.6875226], [8.9052666, 60.687309], [8.9047671, 60.6871411], [8.9041581, 60.6869234], [8.9032866, 60.6865893], [8.9025864, 60.6863116], [8.8994415, 60.6850831], [8.8983274, 60.6846404], [8.8968865, 60.6840813], [8.8945708, 60.6831706], [8.89354, 60.6827731], [8.8931181, 60.6826171], [8.892614, 60.6824423], [8.8922505, 60.6823293], [8.8919524, 60.682241], [8.8916063, 60.6821469], [8.8912228, 60.6820499], [8.8904698, 60.6818824], [8.8900344, 60.6818004], [8.8894927, 60.6817065], [8.888881, 60.681619], [8.8881196, 60.681533], [8.8875155, 60.6814805], [8.8867464, 60.6814343], [8.8841046, 60.6813137], [8.8754772, 60.6809266]]}, "properties": {"electrified": "contact_line", "frequency": "16.67", "gauge": "1435", "maxspeed": "120", "name": "Bergensbanen", "operator": "Bane NOR", "passenger_lines": "1", "railway": "rail", "usage": "main", "voltage": "15000", "length_km": 3.964, "maxspeed_kmh": 120.0}}, {"type": "Feature", "geometry": {"type": "LineString", "coordinates": [[8.0428385, 60.4979557], [8.0430066, 60.4978426], [8.0430939, 60.4977797], [8.0431809, 60.4977093], [8.0432864, 60.4976194], [8.043434, 60.4975023], [8.0435928, 60.4973822], [8.0437642, 60.4972543], [8.0439669, 60.497111], [8.0443523, 60.4968482], [8.0447449, 60.4965895], [8.0450371, 60.4964015], [8.0453066, 60.4962318], [8.0455833, 60.4960594], [8.0460408, 60.4957826], [8.0465129, 60.4955011], [8.0469768, 60.4952241], [8.0474404, 60.4949466], [8.047899, 60.4946717], [8.0482033, 60.4944882], [8.0483612, 60.4943883], [8.0485328, 60.4942809], [8.048805, 60.4940907], [8.0489726, 60.4939665], [8.0492556, 60.4937472], [8.0495439, 60.4935092], [8.0497165, 60.493376], [8.0498558, 60.4932763], [8.0499861, 60.4931858], [8.0500757, 60.4931192], [8.0502311, 60.492995], [8.0503811, 60.4928691]]}, "properties": {"electrified": "contact_line", "frequency": "16.67", "gauge": "1435", "maxspeed": "40", "name": "Bergensbanen", "passenger_lines": "2", "railway": "rail", "service": "siding", "voltage": "15000", "length_km": 0.704, "maxspeed_kmh": 40.0}}, {"type": "Feature", "geometry": {"type": "LineString", "coordinates": [[7.2565127, 60.6664881], [7.2564555, 60.6665521], [7.2564236, 60.6665855], [7.2563945, 60.6666131]]}, "properties": {"bridge": "yes", "electrified": "contact_line", "frequency": "16.67", "gauge": "1435", "maxspeed": "60", "name": "Bergensbanen", "operator": "Bane NOR", "passenger_lines": "1", "railway": "rail", "usage": "main", "voltage": "15000", "length_km": 0.015, "maxspeed_kmh": 60.0}}, {"type": "Feature", "geometry": {"type": "LineString", "coordinates": [[7.2563945, 60.6666131], [7.2563549, 60.6666505], [7.2562743, 60.6667233], [7.2561351, 60.6668366], [7.2560439, 60.6669024]]}, "properties": {"electrified": "contact_line", "frequency": "16.67", "gauge": "1435", "maxspeed": "60", "name": "Bergensbanen", "operator": "Bane NOR", "passenger_lines": "1", "railway": "rail", "usage": "main", "voltage": "15000", "length_km": 0.038, "maxspeed_kmh": 60.0}}, {"type": "Feature", "geometry": {"type": "LineString", "coordinates": [[7.2568591, 60.6657624], [7.25685, 60.6658483], [7.2568142, 60.6659796], [7.256742, 60.6661527], [7.2566489, 60.6663024]]}, "properties": {"electrified": "contact_line", "frequency": "16.67", "gauge": "1435", "maxspeed": "60", "name": "Bergensbanen", "operator": "Bane NOR", "passenger_lines": "1", "railway": "rail", "tunnel": "avalanche_protector", "usage": "main", "voltage": "15000", "length_km": 0.062, "maxspeed_kmh": 60.0}}, {"type": "Feature", "geometry": {"type": "LineString", "coordinates": [[7.2566489, 60.6663024], [7.2566306, 60.6663301], [7.2566047, 60.6663695], [7.2565746, 60.6664098], [7.2565276, 60.6664708], [7.2565127, 60.6664881]]}, "properties": {"electrified": "contact_line", "frequency": "16.67", "gauge": "1435", "maxspeed": "60", "name": "Bergensbanen", "operator": "Bane NOR", "passenger_lines": "1", "railway": "rail", "usage": "main", "voltage": "15000", "length_km": 0.022, "maxspeed_kmh": 60.0}}, {"type": "Feature", "geometry": {"type": "LineString", "coordinates": [[5.8133526, 60.5848671], [5.8133445, 60.5848636], [5.8131689, 60.5847886]]}, "properties": {"electrified": "contact_line", "frequency": "16.67", "gauge": "1435", "maxspeed": "60", "name": "Bergensbanen", "operator": "Bane NOR", "passenger_lines": "1", "railway": "rail", "usage": "main", "voltage": "15000", "length_km": 0.013, "maxspeed_kmh": 60.0}}, {"type": "Feature", "geometry": {"type": "LineString", "coordinates": [[5.8186435, 60.5889207], [5.8186369, 60.5888522], [5.8186253, 60.5887334], [5.8186153, 60.5886059], [5.818605, 60.5885281], [5.8185971, 60.5884847], [5.8185644, 60.5883551], [5.818457, 60.5881192], [5.8183175, 60.5878993], [5.818124, 60.5876639], [5.8181018, 60.5876406], [5.8180348, 60.5875704], [5.8177207, 60.5872591], [5.8174927, 60.5870805], [5.8173193, 60.5869564], [5.8168461, 60.5866673], [5.8161652, 60.5862542], [5.8156246, 60.585934], [5.8153769, 60.5857865], [5.8152367, 60.5857064], [5.8150615, 60.5856099], [5.8147974, 60.5854782], [5.81448, 60.5853327], [5.8142758, 60.5852386], [5.8141554, 60.5851878], [5.8140192, 60.5851321], [5.8139051, 60.5850851], [5.813733, 60.5850211], [5.8135366, 60.5849461], [5.8133526, 60.5848671]]}, "properties": {"electrified": "contact_line", "frequency": "16.67", "gauge": "1435", "maxspeed": "40", "name": "Bergensbanen", "passenger_lines": "2", "railway": "rail", "service": "siding", "voltage": "15000", "length_km": 0.556, "maxspeed_kmh": 40.0}}, {"type": "Feature", "geometry": {"type": "LineString", "coordinates": [[5.7375287, 60.5529372], [5.7374296, 60.5528749], [5.7366506, 60.5524169], [5.7364278, 60.5522718], [5.7362775, 60.5521625], [5.7361864, 60.5520895], [5.7360525, 60.5519776]]}, "properties": {"electrified": "contact_line", "frequency": "16.67", "gauge": "1435", "maxspeed": "65", "name": "Bergensbanen", "operator": "Bane NOR", "passenger_lines": "1", "railway": "rail", "usage": "main", "voltage": "15000", "length_km": 0.135, "maxspeed_kmh": 65.0}}, {"type": "Feature", "geometry": {"type": "LineString", "coordinates": [[7.4990807, 60.6033525], [7.4987424, 60.6034073], [7.4980729, 60.6035029], [7.4974054, 60.6035709], [7.4968958, 60.6036095], [7.4965418, 60.6036303], [7.4960659, 60.6036483], [7.4957018, 60.6036565]]}, "properties": {"electrified": "contact_line", "frequency": "16.67", "gauge": "1435", "maxspeed": "80", "name": "Bergensbanen", "operator": "Bane NOR", "passenger_lines": "1", "railway": "rail", "usage": "main", "voltage": "15000", "length_km": 0.189, "maxspeed_kmh": 80.0}}, {"type": "Feature", "geometry": {"type": "LineString", "coordinates": [[7.5151007, 60.59687], [7.5149207, 60.5969023], [7.5146713, 60.596958], [7.5143041, 60.5970521], [7.5140096, 60.5971378], [7.5137953, 60.5972079], [7.5136078, 60.5972742], [7.5134174, 60.5973485], [7.5132702, 60.5974085], [7.5129894, 60.5975344], [7.5125365, 60.5977633], [7.5113139, 60.5984226], [7.5111961, 60.5984865]]}, "properties": {"electrified": "contact_line", "frequency": "16.67", "gauge": "1435", "maxspeed": "80", "name": "Bergensbanen", "operator": "Bane NOR", "passenger_lines": "1", "railway": "rail", "usage": "main", "voltage": "15000", "length_km": 0.283, "maxspeed_kmh": 80.0}}, {"type": "Feature", "geometry": {"type": "LineString", "coordinates": [[7.1225232, 60.7370952], [7.1225383, 60.7369922], [7.1225704, 60.7368647], [7.1226777, 60.7365139]]}, "properties": {"electrified": "contact_line", "frequency": "16.67", "gauge": "1435", "maxspeed": "55", "name": "Bergensbanen", "operator": "Bane NOR", "passenger_lines": "2", "railway": "rail", "tunnel": "avalanche_protector", "usage": "main", "voltage": "15000", "length_km": 0.065, "maxspeed_kmh": 55.0}}, {"type": "Feature", "geometry": {"type": "LineString", "coordinates": [[9.9533317, 60.2325178], [9.9508123, 60.2332144], [9.9484063, 60.2338756], [9.9479491, 60.2340072], [9.9476645, 60.2340846], [9.937887, 60.2367816], [9.9356412, 60.2374048], [9.9350737, 60.2375581], [9.9334632, 60.238004], [9.933008, 60.2381352], [9.9323653, 60.2383324], [9.9320728, 60.2384288]]}, "properties": {"electrified": "contact_line", "frequency": "16.67", "gauge": "1435", "maxspeed": "130", "name": "Bergensbanen", "operator": "Bane NOR", "passenger_lines": "1", "railway": "rail", "usage": "main", "voltage": "15000", "length_km": 1.35, "maxspeed_kmh": 130.0}}, {"type": "Feature", "geometry": {"type": "LineString", "coordinates": [[9.9289048, 60.2397786], [9.9284869, 60.2400011], [9.9281634, 60.2401705], [9.9262395, 60.241187], [9.9239418, 60.2424045], [9.9232228, 60.2427782], [9.9228753, 60.2429402], [9.9224721, 60.2431118], [9.9220878, 60.2432552], [9.9218532, 60.2433349], [9.921525, 60.2434358], [9.9212068, 60.2435229], [9.9209634, 60.2435827], [9.9206366, 60.2436571], [9.9201064, 60.2437593], [9.9196609, 60.2438263], [9.9191867, 60.2438904], [9.9182826, 60.2439913], [9.9178823, 60.2440397], [9.9175642, 60.2440842], [9.917272, 60.2441315], [9.9170338, 60.2441719], [9.9167921, 60.2442156], [9.9166006, 60.2442554], [9.9161864, 60.2443523], [9.9160295, 60.244393]]}, "properties": {"electrified": "contact_line", "frequency": "16.67", "gauge": "1435", "maxspeed": "80", "name": "Bergensbanen", "operator": "Bane NOR", "passenger_lines": "1", "railway": "rail", "usage": "main", "voltage": "15000", "length_km": 0.903, "maxspeed_kmh": 80.0}}, {"type": "Feature", "geometry": {"type": "LineString", "coordinates": [[9.4761271, 60.4305405], [9.4754025, 60.4309697], [9.4752463, 60.431059], [9.4750617, 60.4311732], [9.4736842, 60.4319925], [9.4734287, 60.4321488], [9.4733116, 60.4322212], [9.4730404, 60.4323954], [9.472774, 60.432575], [9.4724883, 60.4327801], [9.4721728, 60.43302], [9.4717667, 60.433358], [9.4714788, 60.4336209], [9.4712219, 60.4338746], [9.4709227, 60.4341981], [9.4707178, 60.4344425], [9.4703955, 60.4348673], [9.4694535, 60.4361727], [9.4692271, 60.4364621], [9.4689259, 60.4368204], [9.4687374, 60.437014]]}, "properties": {"electrified": "contact_line", "frequency": "16.67", "gauge": "1435", "maxspeed": "110", "name": "Bergensbanen", "operator": "Bane NOR", "passenger_lines": "2", "railway": "rail", "usage": "main", "voltage": "15000", "length_km": 0.837, "maxspeed_kmh": 110.0}}, {"type": "Feature", "geometry": {"type": "LineString", "coordinates": [[9.4763682, 60.4303952], [9.4761271, 60.4305405]]}, "properties": {"electrified": "contact_line", "frequency": "16.67", "gauge": "1435", "maxspeed": "110", "name": "Bergensbanen", "operator": "Bane NOR", "passenger_lines": "1", "railway": "rail", "usage": "main", "voltage": "15000", "length_km": 0.021, "maxspeed_kmh": 110.0}}, {"type": "Feature", "geometry": {"type": "LineString", "coordinates": [[8.5723792, 60.6284446], [8.571, 60.6281445], [8.567875, 60.6274644], [8.567198, 60.6273158]]}, "properties": {"electrified": "contact_line", "frequency": "16.67", "gauge": "1435", "maxspeed": "90", "name": "Bergensbanen", "operator": "Bane NOR", "passenger_lines": "2", "railway": "rail", "usage": "main", "voltage": "15000", "length_km": 0.311, "maxspeed_kmh": 90.0}}, {"type": "Feature", "geometry": {"type": "LineString", "coordinates": [[8.567198, 60.6273158], [8.5641274, 60.6266442], [8.5623562, 60.6262595], [8.5596794, 60.6256781]]}, "properties": {"electrified": "contact_line", "frequency": "16.67", "gauge": "1435", "maxspeed": "90", "name": "Bergensbanen", "operator": "Bane NOR", "railway": "rail", "usage": "main", "voltage": "15000", "length_km": 0.451, "maxspeed_kmh": 90.0}}, {"type": "Feature", "geometry": {"type": "LineString", "coordinates": [[8.5570722, 60.6251095], [8.556455, 60.624975], [8.555427, 60.624755], [8.5550773, 60.6246796], [8.5541685, 60.6244964], [8.5532287, 60.6243201], [8.5523741, 60.6241731], [8.5522688, 60.6241551], [8.5519691, 60.6241073], [8.5510361, 60.6239638], [8.5497974, 60.6237869], [8.5444323, 60.6230135]]}, "properties": {"electrified": "contact_line", "frequency": "16.67", "gauge": "1435", "maxspeed": "90", "name": "Bergensbanen", "operator": "Bane NOR", "passenger_lines": "1", "railway": "rail", "usage": "main", "voltage": "15000", "length_km": 0.732, "maxspeed_kmh": 90.0}}, {"type": "Feature", "geometry": {"type": "LineString", "coordinates": [[8.2090629, 60.535455], [8.2090046, 60.5354365]]}, "properties": {"electrified": "contact_line", "frequency": "16.67", "gauge": "1435", "maxspeed": "70", "name": "Bergensbanen", "operator": "Bane NOR", "passenger_lines": "1", "railway": "rail", "usage": "main", "voltage": "15000", "length_km": 0.004, "maxspeed_kmh": 70.0}}, {"type": "Feature", "geometry": {"type": "LineString", "coordinates": [[8.1955571, 60.5329066], [8.1952841, 60.5328456], [8.194717, 60.5327349], [8.1945013, 60.5326953], [8.1942639, 60.5326577], [8.1940461, 60.5326263], [8.1934969, 60.5325635], [8.1930282, 60.5325265], [8.1923286, 60.5324829]]}, "properties": {"electrified": "contact_line", "frequency": "16.67", "gauge": "1435", "maxspeed": "90", "name": "Bergensbanen", "operator": "Bane NOR", "passenger_lines": "1", "railway": "rail", "usage": "main", "voltage": "15000", "length_km": 0.185, "maxspeed_kmh": 90.0}}, {"type": "Feature", "geometry": {"type": "LineString", "coordinates": [[7.8802855, 60.5093235], [7.88009, 60.5094058], [7.8799199, 60.5094838], [7.8796954, 60.5095922], [7.8795721, 60.5096503], [7.8794532, 60.5097019], [7.8793413, 60.5097483], [7.8786353, 60.5100229], [7.8783123, 60.510148], [7.8778924, 60.5103029], [7.8774498, 60.5104534], [7.8772121, 60.510522], [7.8769643, 60.5105894], [7.8763608, 60.5107386], [7.8757707, 60.5108574], [7.8752772, 60.5109406], [7.8747354, 60.5110159], [7.8739844, 60.5110898], [7.8716455, 60.5112944], [7.8703961, 60.5114018], [7.8700067, 60.5114357], [7.8677118, 60.5116409], [7.8676635, 60.511645], [7.8670714, 60.5116981], [7.86693, 60.5117093], [7.8668058, 60.5117174], [7.8666831, 60.5117235], [7.8665268, 60.5117292], [7.8663075, 60.5117347], [7.8661614, 60.5117406], [7.8659939, 60.5117502], [7.8657531, 60.5117675]]}, "properties": {"electrified": "contact_line", "frequency": "16.67", "gauge": "1435", "maxspeed": "40", "name": "Bergensbanen", "passenger_lines": "2", "railway": "rail", "service": "siding", "voltage": "15000", "length_km": 0.865, "maxspeed_kmh": 40.0}}, {"type": "Feature", "geometry": {"type": "LineString", "coordinates": [[8.0428385, 60.4979557], [8.0425261, 60.4981351], [8.0424549, 60.4981726]]}, "properties": {"electrified": "contact_line", "frequency": "16.67", "gauge": "1435", "maxspeed": "75", "name": "Bergensbanen", "operator": "Bane NOR", "passenger_lines": "1", "railway": "rail", "usage": "main", "voltage": "15000", "length_km": 0.032, "maxspeed_kmh": 75.0}}, {"type": "Feature", "geometry": {"type": "LineString", "coordinates": [[8.0503811, 60.4928691], [8.0497788, 60.4934011], [8.0496333, 60.4935282], [8.0493333, 60.4937797], [8.0490611, 60.4939928], [8.0488548, 60.4941381], [8.0486602, 60.4942738], [8.0484255, 60.494431], [8.0482851, 60.4945176], [8.0479757, 60.4947056], [8.047515, 60.4949799], [8.0470563, 60.4952536], [8.0465953, 60.4955294], [8.0461862, 60.4957723], [8.0458559, 60.495973], [8.0456589, 60.4960917], [8.0454375, 60.4962301], [8.0451188, 60.4964305], [8.044826, 60.4966177], [8.044433, 60.4968781], [8.044046, 60.4971412], [8.0436672, 60.497406], [8.0434952, 60.4975255], [8.0432433, 60.4977006], [8.0428385, 60.4979557]]}, "properties": {"electrified": "contact_line", "frequency": "16.67", "gauge": "1435", "maxspeed": "75", "name": "Bergensbanen", "operator": "Bane NOR", "passenger_lines": "2", "railway": "rail", "usage": "main", "voltage": "15000", "length_km": 0.704, "maxspeed_kmh": 75.0}}, {"type": "Feature", "geometry": {"type": "LineString", "coordinates": [[9.6856655, 60.3003456], [9.685493, 60.3006133], [9.6854024, 60.3007279], [9.6853293, 60.3008033], [9.6852167, 60.300908], [9.6850879, 60.3010103], [9.6848606, 60.3011694], [9.6846917, 60.3012687], [9.6845233, 60.3013518], [9.6843456, 60.3014325], [9.6840694, 60.3015388], [9.6838199, 60.3016299], [9.6835014, 60.3017445], [9.6833157, 60.3018126], [9.6831024, 60.3018993], [9.6829247, 60.3019757], [9.6827745, 60.3020488], [9.6826364, 60.3021239], [9.6824976, 60.3022069], [9.6823548, 60.3022969], [9.6822113, 60.3024009], [9.6821026, 60.3024933], [9.681996, 60.3025903], [9.6819156, 60.3026677], [9.6818311, 60.3027644], [9.68176, 60.302856], [9.6816963, 60.3029534], [9.681644, 60.3030444], [9.6815977, 60.3031374], [9.6814124, 60.3036012], [9.6808246, 60.3051442]]}, "properties": {"electrified": "contact_line", "frequency": "16.67", "gauge": "1435", "maxspeed": "40", "name": "Bergensbanen", "passenger_lines": "1", "railway": "rail", "service": "siding", "voltage": "15000", "length_km": 0.622, "maxspeed_kmh": 40.0}}, {"type": "Feature", "geometry": {"type": "LineString", "coordinates": [[9.686929, 60.2935449], [9.6865645, 60.2938224], [9.6863681, 60.2939732], [9.6861854, 60.2941281], [9.6860258, 60.2942892], [9.6859559, 60.294372], [9.6858362, 60.2945414], [9.6857443, 60.2947151], [9.6857089, 60.2948031], [9.6856596, 60.294981], [9.6856391, 60.2950964]]}, "properties": {"electrified": "contact_line", "frequency": "16.67", "gauge": "1435", "maxspeed": "75", "name": "Bergensbanen", "operator": "Bane NOR", "passenger_lines": "1", "railway": "rail", "tunnel": "yes", "usage": "main", "voltage": "15000", "length_km": 0.19, "maxspeed_kmh": 75.0}}, {"type": "Feature", "geometry": {"type": "LineString", "coordinates": [[9.6805211, 60.306256], [9.6803335, 60.3066129], [9.6802397, 60.3067797], [9.680206, 60.3068489]]}, "properties": {"electrified": "contact_line", "frequency": "16.67", "gauge": "1435", "maxspeed": "85", "name": "Bergensbanen", "operator": "Bane NOR", "passenger_lines": "1", "railway": "rail", "usage": "main", "voltage": "15000", "length_km": 0.068, "maxspeed_kmh": 85.0}}, {"type": "Feature", "geometry": {"type": "LineString", "coordinates": [[9.6856655, 60.3003456], [9.6854834, 60.3006943], [9.6853516, 60.3009163], [9.6852556, 60.3010728]]}, "properties": {"electrified": "contact_line", "frequency": "16.67", "gauge": "1435", "maxspeed": "85", "name": "Bergensbanen", "operator": "Bane NOR", "passenger_lines": "1", "railway": "rail", "usage": "main", "voltage": "15000", "length_km": 0.084, "maxspeed_kmh": 85.0}}, {"type": "Feature", "geometry": {"type": "LineString", "coordinates": [[9.6852556, 60.3010728], [9.685127, 60.301251], [9.6849903, 60.3014137], [9.6848573, 60.3015678], [9.684719, 60.3017153], [9.6844976, 60.3019486], [9.6841761, 60.3022704], [9.6838309, 60.302586], [9.6834696, 60.3028972], [9.6833584, 60.3029906], [9.6826379, 60.303592], [9.6821935, 60.3039829], [9.6819434, 60.304222], [9.6817861, 60.3043837], [9.681496, 60.3047128], [9.6813634, 60.3048798], [9.6811804, 60.3051334], [9.6810689, 60.3053043], [9.6809132, 60.3055623], [9.6805211, 60.306256]]}, "properties": {"electrified": "contact_line", "frequency": "16.67", "gauge": "1435", "maxspeed": "85", "name": "Bergensbanen", "operator": "Bane NOR", "passenger_lines": "1", "railway": "rail", "tunnel": "yes", "usage": "main", "voltage": "15000", "length_km": 0.637, "maxspeed_kmh": 85.0}}, {"type": "Feature", "geometry": {"type": "LineString", "coordinates": [[8.5423141, 60.6226376], [8.5422343, 60.6226164]]}, "properties": {"bridge": "yes", "electrified": "contact_line", "frequency": "16.67", "gauge": "1435", "maxspeed": "90", "name": "Bergensbanen", "operator": "Bane NOR", "passenger_lines": "1", "railway": "rail", "usage": "main", "voltage": "15000", "length_km": 0.005, "maxspeed_kmh": 90.0}}, {"type": "Feature", "geometry": {"type": "LineString", "coordinates": [[8.5444323, 60.6230135], [8.5441798, 60.6229783], [8.5432664, 60.6228379], [8.5429593, 60.6227822], [8.54277, 60.6227425], [8.5423141, 60.6226376]]}, "properties": {"electrified": "contact_line", "frequency": "16.67", "gauge": "1435", "maxspeed": "90", "name": "Bergensbanen", "operator": "Bane NOR", "passenger_lines": "1", "railway": "rail", "usage": "main", "voltage": "15000", "length_km": 0.124, "maxspeed_kmh": 90.0}}, {"type": "Feature", "geometry": {"type": "LineString", "coordinates": [[5.8179825, 60.5937801], [5.8177771, 60.593599], [5.817602, 60.593412], [5.8174918, 60.5932728], [5.8174391, 60.5931953]]}, "properties": {"electrified": "contact_line", "frequency": "16.67", "gauge": "1435", "maxspeed": "70", "name": "Bergensbanen", "operator": "Bane NOR", "passenger_lines": "1", "railway": "rail", "tunnel": "yes", "usage": "main", "voltage": "15000", "length_km": 0.072, "maxspeed_kmh": 70.0}}, {"type": "Feature", "geometry": {"type": "LineString", "coordinates": [[5.8249854, 60.600234], [5.8247846, 60.6001151], [5.8241652, 60.5997174], [5.8238055, 60.5994596], [5.8235914, 60.5992995], [5.8233478, 60.5991067], [5.8231601, 60.5989502], [5.8229345, 60.598751], [5.8227844, 60.5986124], [5.8225374, 60.598368], [5.8221979, 60.5979983], [5.8219605, 60.5977126], [5.8215296, 60.5971583], [5.8213277, 60.5968935], [5.8210146, 60.5964829], [5.820696, 60.5960569]]}, "properties": {"electrified": "contact_line", "frequency": "16.67", "gauge": "1435", "maxspeed": "130", "name": "Bergensbanen", "operator": "Bane NOR", "passenger_lines": "1", "railway": "rail", "usage": "main", "voltage": "15000", "length_km": 0.526, "maxspeed_kmh": 130.0}}, {"type": "Feature", "geometry": {"type": "LineString", "coordinates": [[6.8916953, 60.7066676], [6.8903793, 60.7058186], [6.8897769, 60.7054502], [6.88922, 60.7051337], [6.8889222, 60.7049742], [6.8884686, 60.7047421], [6.8879367, 60.7044875], [6.8872511, 60.7041826], [6.8865432, 60.703893], [6.8779873, 60.7005959], [6.8769966, 60.7002117], [6.8767562, 60.7001163]]}, "properties": {"electrified": "contact_line", "frequency": "16.67", "gauge": "1435", "maxspeed": "90", "name": "Bergensbanen", "operator": "Bane NOR", "passenger_lines": "1", "railway": "rail", "usage": "main", "voltage": "15000", "length_km": 1.102, "maxspeed_kmh": 90.0}}, {"type": "Feature", "geometry": {"type": "LineString", "coordinates": [[6.8917666, 60.7067132], [6.8916953, 60.7066676]]}, "properties": {"bridge": "yes", "electrified": "contact_line", "frequency": "16.67", "gauge": "1435", "maxspeed": "90", "name": "Bergensbanen", "operator": "Bane NOR", "passenger_lines": "1", "railway": "rail", "usage": "main", "voltage": "15000", "length_km": 0.006, "maxspeed_kmh": 90.0}}, {"type": "Feature", "geometry": {"type": "LineString", "coordinates": [[8.4042479, 60.5698309], [8.403806, 60.569905], [8.4033078, 60.5699789], [8.4028465, 60.5700362], [8.4022487, 60.5700941], [8.4017446, 60.5701334], [8.3989562, 60.570304], [8.3974757, 60.5704015], [8.3969609, 60.570441], [8.3965683, 60.5704772], [8.3961629, 60.5705204], [8.3957838, 60.5705684], [8.3953652, 60.5706273], [8.3930327, 60.5709881], [8.3911347, 60.5712764], [8.385381, 60.5721598], [8.3832366, 60.5724901], [8.3823812, 60.5726285], [8.3819969, 60.5726968], [8.3817019, 60.5727548], [8.3813961, 60.5728209], [8.3810227, 60.5729089], [8.3805192, 60.5730438], [8.3800565, 60.5731769], [8.375214, 60.5746503], [8.3745377, 60.5748516], [8.3741042, 60.5749733], [8.3735694, 60.5751061], [8.3731128, 60.5752034], [8.3727046, 60.5752788], [8.3724753, 60.5753164], [8.3720639, 60.5753751], [8.3715738, 60.5754322], [8.3710861, 60.5754805], [8.3706735, 60.5755204], [8.3699505, 60.5755849], [8.3669048, 60.5758661], [8.3620783, 60.5763102], [8.3614422, 60.5763623], [8.3604493, 60.5764342], [8.3592364, 60.5765045], [8.3581119, 60.5765566], [8.3572658, 60.5765844], [8.3565519, 60.5766029], [8.3554883, 60.5766196], [8.3533398, 60.5766415], [8.3528283, 60.5766514], [8.3520267, 60.5766793], [8.351596, 60.5767006], [8.3510055, 60.5767362], [8.3493794, 60.5768615], [8.3485631, 60.5769171], [8.3476027, 60.5769672], [8.3471518, 60.5769855], [8.3466666, 60.5770002], [8.3462381, 60.5770107], [8.3455069, 60.5770218], [8.3450078, 60.5770228], [8.3447389, 60.5770192], [8.343969, 60.576994], [8.3428135, 60.5769436], [8.3423378, 60.5769356], [8.3419557, 60.5769436], [8.3416064, 60.5769622], [8.3414778, 60.5769725], [8.3411516, 60.5770041], [8.3407815, 60.5770483], [8.3406401, 60.5770661]]}, "properties": {"electrified": "contact_line", "frequency": "16.67", "gauge": "1435", "maxspeed": "105", "name": "Bergensbanen", "operator": "Bane NOR", "passenger_lines": "1", "railway": "rail", "usage": "main", "voltage": "15000", "length_km": 3.631, "maxspeed_kmh": 105.0}}, {"type": "Feature", "geometry": {"type": "LineString", "coordinates": [[6.3991226, 60.627022], [6.3990777, 60.6269975], [6.3989818, 60.6269447], [6.3988858, 60.6268929], [6.3987837, 60.6268392], [6.3986716, 60.626783], [6.3985672, 60.6267329], [6.3984413, 60.6266772], [6.3983266, 60.626628], [6.3982081, 60.6265815], [6.3980728, 60.626532], [6.3979092, 60.6264797], [6.3977512, 60.6264337], [6.3974611, 60.6263583], [6.3971715, 60.6262964], [6.3969637, 60.6262563], [6.395468, 60.6259921], [6.3953841, 60.6259772]]}, "properties": {"electrified": "contact_line", "frequency": "16.67", "gauge": "1435", "maxspeed": "65", "name": "Bergensbanen", "operator": "Bane NOR", "railway": "rail", "usage": "main", "voltage": "15000", "length_km": 0.24, "maxspeed_kmh": 65.0}}, {"type": "Feature", "geometry": {"type": "LineString", "coordinates": [[6.4001235, 60.6275707], [6.3991226, 60.627022]]}, "properties": {"electrified": "contact_line", "frequency": "16.67", "gauge": "1435", "maxspeed": "65", "name": "Bergensbanen", "operator": "Bane NOR", "railway": "rail", "usage": "main", "voltage": "15000", "length_km": 0.082, "maxspeed_kmh": 65.0}}, {"type": "Feature", "geometry": {"type": "LineString", "coordinates": [[7.1242891, 60.7390946], [7.1241631, 60.7390436], [7.1240243, 60.7389849], [7.1238256, 60.7388918], [7.1236774, 60.7388141]]}, "properties": {"electrified": "contact_line", "frequency": "16.67", "gauge": "1435", "maxspeed": "55", "name": "Bergensbanen", "operator": "Bane NOR", "passenger_lines": "1", "railway": "rail", "usage": "main", "voltage": "15000", "length_km": 0.046, "maxspeed_kmh": 55.0}}, {"type": "Feature", "geometry": {"type": "LineString", "coordinates": [[7.0011647, 60.7233893], [7.0010021, 60.7232647], [6.9989233, 60.7215997]]}, "properties": {"electrified": "contact_line", "frequency": "16.67", "gauge": "1435", "maxspeed": "90", "name": "Bergensbanen", "operator": "Bane NOR", "passenger_lines": "1", "railway": "rail", "tunnel": "yes", "usage": "main", "voltage": "15000", "length_km": 0.234, "maxspeed_kmh": 90.0}}, {"type": "Feature", "geometry": {"type": "LineString", "coordinates": [[7.004275, 60.7244956], [7.0041581, 60.7244807], [7.0038946, 60.7244423]]}, "properties": {"electrified": "contact_line", "frequency": "16.67", "gauge": "1435", "maxspeed": "70", "name": "Bergensbanen", "operator": "Bane NOR", "passenger_lines": "1", "railway": "rail", "tunnel": "avalanche_protector", "usage": "main", "voltage": "15000", "length_km": 0.022, "maxspeed_kmh": 70.0}}, {"type": "Feature", "geometry": {"type": "LineString", "coordinates": [[6.9880446, 60.7119483], [6.987772, 60.7118252], [6.9876272, 60.7117598]]}, "properties": {"electrified": "contact_line", "frequency": "16.67", "gauge": "1435", "maxspeed": "90", "name": "Bergensbanen", "operator": "Bane NOR", "passenger_lines": "1", "railway": "rail", "tunnel": "avalanche_protector", "usage": "main", "voltage": "15000", "length_km": 0.031, "maxspeed_kmh": 90.0}}, {"type": "Feature", "geometry": {"type": "LineString", "coordinates": [[6.986498, 60.7112923], [6.9863757, 60.7112445], [6.986158, 60.7111612], [6.9860052, 60.7111056], [6.9855598, 60.7109548], [6.9853741, 60.7108931]]}, "properties": {"electrified": "contact_line", "frequency": "16.67", "gauge": "1435", "maxspeed": "90", "name": "Bergensbanen", "operator": "Bane NOR", "passenger_lines": "1", "railway": "rail", "tunnel": "avalanche_protector", "usage": "main", "voltage": "15000", "length_km": 0.076, "maxspeed_kmh": 90.0}}, {"type": "Feature", "geometry": {"type": "LineString", "coordinates": [[6.9592133, 60.7024294], [6.9587572, 60.7023355]]}, "properties": {"electrified": "contact_line", "frequency": "16.67", "gauge": "1435", "maxspeed": "90", "name": "Bergensbanen", "operator": "Bane NOR", "passenger_lines": "1", "railway": "rail", "tunnel": "avalanche_protector", "usage": "main", "voltage": "15000", "length_km": 0.027, "maxspeed_kmh": 90.0}}, {"type": "Feature", "geometry": {"type": "LineString", "coordinates": [[6.9498952, 60.699547], [6.9497492, 60.6995184], [6.9496042, 60.6994912]]}, "properties": {"electrified": "contact_line", "frequency": "16.67", "gauge": "1435", "maxspeed": "60", "name": "Bergensbanen", "operator": "Bane NOR", "passenger_lines": "1", "railway": "rail", "usage": "main", "voltage": "15000", "length_km": 0.017, "maxspeed_kmh": 60.0}}, {"type": "Feature", "geometry": {"type": "LineString", "coordinates": [[6.9496042, 60.6994912], [6.9494031, 60.69946], [6.9490485, 60.6994152], [6.9487783, 60.6993909]]}, "properties": {"electrified": "contact_line", "frequency": "16.67", "gauge": "1435", "maxspeed": "60", "name": "Bergensbanen", "operator": "Bane NOR", "passenger_lines": "1", "railway": "rail", "tunnel": "avalanche_protector", "usage": "main", "voltage": "15000", "length_km": 0.047, "maxspeed_kmh": 60.0}}, {"type": "Feature", "geometry": {"type": "LineString", "coordinates": [[6.9426363, 60.702366], [6.9421558, 60.7027323]]}, "properties": {"electrified": "contact_line", "frequency": "16.67", "gauge": "1435", "maxspeed": "90", "name": "Bergensbanen", "operator": "Bane NOR", "passenger_lines": "1", "railway": "rail", "tunnel": "avalanche_protector", "usage": "main", "voltage": "15000", "length_km": 0.049, "maxspeed_kmh": 90.0}}, {"type": "Feature", "geometry": {"type": "LineString", "coordinates": [[6.9014512, 60.7086187], [6.9013145, 60.7086619]]}, "properties": {"electrified": "contact_line", "frequency": "16.67", "gauge": "1435", "maxspeed": "90", "name": "Bergensbanen", "operator": "Bane NOR", "passenger_lines": "1", "railway": "rail", "usage": "main", "voltage": "15000", "length_km": 0.009, "maxspeed_kmh": 90.0}}, {"type": "Feature", "geometry": {"type": "LineString", "coordinates": [[6.8949542, 60.7083972], [6.8948062, 60.7083314], [6.8945062, 60.7081997], [6.894324, 60.7081159], [6.8941891, 60.7080538], [6.8938216, 60.7078759], [6.8934541, 60.7076911], [6.8929629, 60.7074285], [6.8927017, 60.7072813], [6.8923643, 60.7070853], [6.8921151, 60.706933], [6.8917666, 60.7067132]]}, "properties": {"electrified": "contact_line", "frequency": "16.67", "gauge": "1435", "maxspeed": "90", "name": "Bergensbanen", "operator": "Bane NOR", "passenger_lines": "1", "railway": "rail", "usage": "main", "voltage": "15000", "length_km": 0.257, "maxspeed_kmh": 90.0}}, {"type": "Feature", "geometry": {"type": "LineString", "coordinates": [[6.8767562, 60.7001163], [6.8765647, 60.7000366], [6.8763074, 60.6999268], [6.8758887, 60.6997358], [6.8756406, 60.699616], [6.8753081, 60.699445], [6.8748779, 60.6992069], [6.8740854, 60.6987297], [6.8739438, 60.6986468]]}, "properties": {"electrified": "contact_line", "frequency": "16.67", "gauge": "1435", "maxspeed": "90", "name": "Bergensbanen", "operator": "Bane NOR", "passenger_lines": "1", "railway": "rail", "usage": "main", "voltage": "15000", "length_km": 0.225, "maxspeed_kmh": 90.0}}, {"type": "Feature", "geometry": {"type": "LineString", "coordinates": [[7.1113368, 60.7321978], [7.1112298, 60.7321893], [7.051331, 60.727414]]}, "properties": {"electrified": "contact_line", "frequency": "16.67", "gauge": "1435", "maxspeed": "130", "name": "Bergensbanen", "operator": "Bane NOR", "passenger_lines": "1", "railway": "rail", "tunnel": "yes", "usage": "main", "voltage": "15000", "length_km": 3.324, "maxspeed_kmh": 130.0}}, {"type": "Feature", "geometry": {"type": "LineString", "coordinates": [[7.1120114, 60.7322592], [7.1113368, 60.7321978]]}, "properties": {"electrified": "contact_line", "frequency": "16.67", "gauge": "1435", "maxspeed": "130", "name": "Bergensbanen", "operator": "Bane NOR", "passenger_lines": "2", "railway": "rail", "tunnel": "yes", "usage": "main", "voltage": "15000", "length_km": 0.038, "maxspeed_kmh": 130.0}}, {"type": "Feature", "geometry": {"type": "LineString", "coordinates": [[6.8654807, 60.6955037], [6.8653771, 60.6954751], [6.8650537, 60.6953928], [6.864869, 60.6953515], [6.8645264, 60.6952848], [6.8642027, 60.6952342], [6.8639884, 60.6952058], [6.8637792, 60.6951836], [6.8635615, 60.6951621], [6.863341, 60.6951455], [6.8607138, 60.6950194], [6.8572056, 60.6948572], [6.8566684, 60.6948441], [6.8564777, 60.6948433], [6.8562721, 60.6948497], [6.8560216, 60.6948621], [6.8557999, 60.6948781], [6.8555973, 60.6948974], [6.8554479, 60.6949152]]}, "properties": {"electrified": "contact_line", "frequency": "16.67", "gauge": "1435", "maxspeed": "70", "name": "Bergensbanen", "operator": "Bane NOR", "passenger_lines": "1", "railway": "rail", "usage": "main", "voltage": "15000", "length_km": 0.559, "maxspeed_kmh": 70.0}}, {"type": "Feature", "geometry": {"type": "LineString", "coordinates": [[6.8659432, 60.6956583], [6.8656786, 60.6955666], [6.8654807, 60.6955037]]}, "properties": {"electrified": "contact_line", "frequency": "16.67", "gauge": "1435", "maxspeed": "70", "name": "Bergensbanen", "operator": "Bane NOR", "passenger_lines": "1", "railway": "rail", "tunnel": "yes", "usage": "main", "voltage": "15000", "length_km": 0.031, "maxspeed_kmh": 70.0}}, {"type": "Feature", "geometry": {"type": "LineString", "coordinates": [[6.8739438, 60.6986468], [6.8737185, 60.69852], [6.8733267, 60.6983242], [6.873013, 60.6981888], [6.8728538, 60.6981255], [6.8724915, 60.6979949], [6.8721645, 60.6978916], [6.8719326, 60.6978245], [6.8715154, 60.6977191], [6.8712735, 60.6976652], [6.870249, 60.6974537], [6.8697183, 60.6973312], [6.8692359, 60.6971946], [6.869048, 60.6971357], [6.8688373, 60.6970632], [6.8685057, 60.6969384], [6.868324, 60.6968632], [6.8681673, 60.6967944], [6.8678655, 60.6966493], [6.8675946, 60.696507], [6.8669548, 60.6961335], [6.866718, 60.6960028], [6.8665869, 60.695935], [6.8662872, 60.695793], [6.8661178, 60.6957233], [6.8659432, 60.6956583]]}, "properties": {"electrified": "contact_line", "frequency": "16.67", "gauge": "1435", "maxspeed": "70", "name": "Bergensbanen", "operator": "Bane NOR", "passenger_lines": "1", "railway": "rail", "usage": "main", "voltage": "15000", "length_km": 0.558, "maxspeed_kmh": 70.0}}, {"type": "Feature", "geometry": {"type": "LineString", "coordinates": [[6.8424889, 60.695576], [6.8423331, 60.6954394]]}, "properties": {"electrified": "contact_line", "frequency": "16.67", "gauge": "1435", "maxspeed": "40", "name": "Bergensbanen", "railway": "rail", "service": "siding", "tunnel": "avalanche_protector", "usage": "main", "voltage": "15000", "length_km": 0.017, "maxspeed_kmh": 40.0}}, {"type": "Feature", "geometry": {"type": "LineString", "coordinates": [[6.8423331, 60.6954394], [6.8422817, 60.6953978], [6.842226, 60.6953567], [6.8421402, 60.6952976], [6.8418655, 60.695096], [6.8417827, 60.695036], [6.8415709, 60.6948848], [6.8408749, 60.6944046], [6.8403545, 60.6940901], [6.840089, 60.6939444], [6.8396209, 60.6936857], [6.8390402, 60.6933989], [6.8384475, 60.6931245], [6.8371445, 60.6925254], [6.8367264, 60.692324], [6.8365976, 60.6922597], [6.8363519, 60.6921263], [6.8361126, 60.6919908], [6.8360066, 60.6919271], [6.8358766, 60.6918346], [6.8358117, 60.6917893], [6.8357518, 60.6917427], [6.8355896, 60.6916064], [6.835293, 60.6913663]]}, "properties": {"electrified": "contact_line", "frequency": "16.67", "gauge": "1435", "maxspeed": "40", "name": "Bergensbanen", "railway": "rail", "service": "siding", "usage": "main", "voltage": "15000", "length_km": 0.599, "maxspeed_kmh": 40.0}}, {"type": "Feature", "geometry": {"type": "LineString", "coordinates": [[6.8431069, 60.6965179], [6.8429295, 60.6961948], [6.8428049, 60.6959789], [6.8426883, 60.6958087], [6.8425531, 60.6956419], [6.8424889, 60.695576]]}, "properties": {"electrified": "contact_line", "frequency": "16.67", "gauge": "1435", "maxspeed": "60", "name": "Bergensbanen", "operator": "Bane NOR", "passenger_lines": "1", "railway": "rail", "tunnel": "avalanche_protector", "usage": "main", "voltage": "15000", "length_km": 0.111, "maxspeed_kmh": 60.0}}, {"type": "Feature", "geometry": {"type": "LineString", "coordinates": [[6.8309919, 60.6882645], [6.8307173, 60.6882099]]}, "properties": {"electrified": "contact_line", "frequency": "16.67", "gauge": "1435", "maxspeed": "60", "name": "Bergensbanen", "operator": "Bane NOR", "passenger_lines": "1", "railway": "rail", "tunnel": "yes", "usage": "main", "voltage": "15000", "length_km": 0.016, "maxspeed_kmh": 60.0}}, {"type": "Feature", "geometry": {"type": "LineString", "coordinates": [[6.8307173, 60.6882099], [6.8303952, 60.6881577], [6.8301439, 60.6881254], [6.8297916, 60.6880934], [6.8296096, 60.688082], [6.8293937, 60.6880734], [6.8289778, 60.6880711], [6.8287402, 60.6880779], [6.8284432, 60.6880921], [6.8281507, 60.6881085], [6.8276625, 60.6881338], [6.8271896, 60.6881442], [6.8270269, 60.6881428], [6.8266935, 60.6881294], [6.8265226, 60.6881191], [6.8261955, 60.6880877], [6.8259188, 60.6880516], [6.8257717, 60.688028], [6.825473, 60.6879729], [6.8253524, 60.6879466], [6.825, 60.6878599], [6.8247344, 60.6877844], [6.8240347, 60.6875755]]}, "properties": {"electrified": "contact_line", "frequency": "16.67", "gauge": "1435", "maxspeed": "60", "name": "Bergensbanen", "operator": "Bane NOR", "passenger_lines": "1", "railway": "rail", "usage": "main", "voltage": "15000", "length_km": 0.382, "maxspeed_kmh": 60.0}}, {"type": "Feature", "geometry": {"type": "LineString", "coordinates": [[6.8240347, 60.6875755], [6.8236504, 60.6874727], [6.8234133, 60.6874175], [6.8230244, 60.687341], [6.8228537, 60.6873128]]}, "properties": {"electrified": "contact_line", "frequency": "16.67", "gauge": "1435", "maxspeed": "60", "name": "Bergensbanen", "operator": "Bane NOR", "passenger_lines": "1", "railway": "rail", "tunnel": "yes", "usage": "main", "voltage": "15000", "length_km": 0.071, "maxspeed_kmh": 60.0}}, {"type": "Feature", "geometry": {"type": "LineString", "coordinates": [[6.8228537, 60.6873128], [6.8225781, 60.6872734], [6.8224025, 60.6872511], [6.8221127, 60.6872232], [6.8217508, 60.6871987], [6.8213121, 60.6871827], [6.8203581, 60.6871685]]}, "properties": {"electrified": "contact_line", "frequency": "16.67", "gauge": "1435", "maxspeed": "60", "name": "Bergensbanen", "operator": "Bane NOR", "passenger_lines": "1", "railway": "rail", "usage": "main", "voltage": "15000", "length_km": 0.138, "maxspeed_kmh": 60.0}}, {"type": "Feature", "geometry": {"type": "LineString", "coordinates": [[6.8203581, 60.6871685], [6.8199938, 60.6871573], [6.819575, 60.6871365], [6.8191049, 60.6871006], [6.8186096, 60.687047], [6.8180225, 60.6869669], [6.8173778, 60.6868607], [6.8165786, 60.686719], [6.8160693, 60.6866262], [6.8151641, 60.6864509], [6.8149471, 60.6864071], [6.8144813, 60.6863054], [6.8138262, 60.6861425], [6.8134781, 60.6860434], [6.8131061, 60.685928], [6.8128081, 60.6858281], [6.8124863, 60.6857118], [6.8122522, 60.685621], [6.8119235, 60.6854831], [6.8116324, 60.6853545], [6.811124, 60.6851058], [6.8110086, 60.6850437], [6.8107708, 60.68491], [6.8107041, 60.6848693]]}, "properties": {"electrified": "contact_line", "frequency": "16.67", "gauge": "1435", "maxspeed": "95", "name": "Bergensbanen", "operator": "Bane NOR", "passenger_lines": "1", "railway": "rail", "usage": "main", "voltage": "15000", "length_km": 0.602, "maxspeed_kmh": 95.0}}, {"type": "Feature", "geometry": {"type": "LineString", "coordinates": [[6.8052539, 60.6695486], [6.8051296, 60.6694839], [6.8047145, 60.6692783], [6.8043514, 60.6691078], [6.8039699, 60.6689386], [6.8034325, 60.6687148], [6.8027839, 60.6684683], [6.802375, 60.6683282]]}, "properties": {"electrified": "contact_line", "frequency": "16.67", "gauge": "1435", "maxspeed": "95", "name": "Bergensbanen", "operator": "Bane NOR", "passenger_lines": "1", "railway": "rail", "usage": "main", "voltage": "15000", "length_km": 0.209, "maxspeed_kmh": 95.0}}, {"type": "Feature", "geometry": {"type": "LineString", "coordinates": [[6.7500805, 60.6761337], [6.749901, 60.6762092]]}, "properties": {"bridge": "yes", "electrified": "contact_line", "frequency": "16.67", "gauge": "1435", "maxspeed": "75", "name": "Bergensbanen", "operator": "Bane NOR", "passenger_lines": "1", "railway": "rail", "usage": "main", "voltage": "15000", "length_km": 0.013, "maxspeed_kmh": 75.0}}, {"type": "Feature", "geometry": {"type": "LineString", "coordinates": [[6.749901, 60.6762092], [6.7495406, 60.676344], [6.7491925, 60.6764571]]}, "properties": {"electrified": "contact_line", "frequency": "16.67", "gauge": "1435", "maxspeed": "75", "name": "Bergensbanen", "operator": "Bane NOR", "passenger_lines": "1", "railway": "rail", "usage": "main", "voltage": "15000", "length_km": 0.048, "maxspeed_kmh": 75.0}}, {"type": "Feature", "geometry": {"type": "LineString", "coordinates": [[6.7619893, 60.6699157], [6.7615118, 60.6700352]]}, "properties": {"electrified": "contact_line", "frequency": "16.67", "gauge": "1435", "maxspeed": "75", "name": "Bergensbanen", "operator": "Bane NOR", "passenger_lines": "1", "railway": "rail", "tunnel": "yes", "usage": "main", "voltage": "15000", "length_km": 0.029, "maxspeed_kmh": 75.0}}, {"type": "Feature", "geometry": {"type": "LineString", "coordinates": [[6.7645766, 60.6691187], [6.7643912, 60.6692102], [6.764203, 60.6692946], [6.7639956, 60.6693801], [6.7638371, 60.6694393], [6.7635911, 60.6695229], [6.7633151, 60.6696038], [6.762766, 60.6697398], [6.7619893, 60.6699157]]}, "properties": {"electrified": "contact_line", "frequency": "16.67", "gauge": "1435", "maxspeed": "75", "name": "Bergensbanen", "operator": "Bane NOR", "passenger_lines": "1", "railway": "rail", "usage": "main", "voltage": "15000", "length_km": 0.169, "maxspeed_kmh": 75.0}}, {"type": "Feature", "geometry": {"type": "LineString", "coordinates": [[6.7655704, 60.6686005], [6.7653451, 60.668709], [6.7647473, 60.669028], [6.7645766, 60.6691187]]}, "properties": {"electrified": "contact_line", "frequency": "16.67", "gauge": "1435", "maxspeed": "75", "name": "Bergensbanen", "operator": "Bane NOR", "passenger_lines": "1", "railway": "rail", "tunnel": "yes", "usage": "main", "voltage": "15000", "length_km": 0.079, "maxspeed_kmh": 75.0}}, {"type": "Feature", "geometry": {"type": "LineString", "coordinates": [[6.7682576, 60.6679205], [6.7680624, 60.6679404], [6.7678376, 60.6679704], [6.7676177, 60.6680028], [6.7671, 60.6680983], [6.766657, 60.6682066], [6.7663249, 60.6683052], [6.7659567, 60.668435], [6.7656712, 60.6685523], [6.7655704, 60.6686005]]}, "properties": {"electrified": "contact_line", "frequency": "16.67", "gauge": "1435", "maxspeed": "75", "name": "Bergensbanen", "operator": "Bane NOR", "passenger_lines": "1", "railway": "rail", "usage": "main", "voltage": "15000", "length_km": 0.168, "maxspeed_kmh": 75.0}}, {"type": "Feature", "geometry": {"type": "LineString", "coordinates": [[6.7692306, 60.6678549], [6.7685048, 60.6678994], [6.7682576, 60.6679205]]}, "properties": {"electrified": "contact_line", "frequency": "16.67", "gauge": "1435", "maxspeed": "75", "name": "Bergensbanen", "operator": "Bane NOR", "passenger_lines": "1", "railway": "rail", "tunnel": "yes", "usage": "main", "voltage": "15000", "length_km": 0.054, "maxspeed_kmh": 75.0}}, {"type": "Feature", "geometry": {"type": "LineString", "coordinates": [[6.7718426, 60.6677751], [6.7710244, 60.6677875], [6.7699784, 60.6678201], [6.7692306, 60.6678549]]}, "properties": {"electrified": "contact_line", "frequency": "16.67", "gauge": "1435", "maxspeed": "75", "name": "Bergensbanen", "operator": "Bane NOR", "passenger_lines": "1", "railway": "rail", "usage": "main", "voltage": "15000", "length_km": 0.143, "maxspeed_kmh": 75.0}}, {"type": "Feature", "geometry": {"type": "LineString", "coordinates": [[6.7491925, 60.6764571], [6.7490018, 60.6765117], [6.7485383, 60.6766303], [6.7480955, 60.6767301], [6.7477047, 60.6768121], [6.7470875, 60.676926], [6.7466395, 60.6769989], [6.746144, 60.6770678], [6.7457073, 60.6771222], [6.7450868, 60.6771857], [6.7448739, 60.6772033], [6.7442638, 60.6772455], [6.7439855, 60.6772604], [6.7437456, 60.6772714], [6.7435112, 60.6772797], [6.7427624, 60.6772958], [6.7418081, 60.6773055], [6.7409468, 60.6773227], [6.740314, 60.6773489], [6.7399862, 60.6773671], [6.7395939, 60.6773946], [6.739401, 60.6774117], [6.7391237, 60.6774351], [6.7385088, 60.6774982], [6.7380636, 60.6775539], [6.7374091, 60.6776457]]}, "properties": {"electrified": "contact_line", "frequency": "16.67", "gauge": "1435", "maxspeed": "100", "name": "Bergensbanen", "operator": "Bane NOR", "passenger_lines": "1", "railway": "rail", "usage": "main", "voltage": "15000", "length_km": 0.665, "maxspeed_kmh": 100.0}}, {"type": "Feature", "geometry": {"type": "LineString", "coordinates": [[6.6804408, 60.6809769], [6.6801368, 60.6810781], [6.6799249, 60.6811604], [6.6798143, 60.6812078], [6.6795789, 60.6813208], [6.6793578, 60.6814439], [6.6792391, 60.681519], [6.6790602, 60.6816438], [6.6788911, 60.6817823]]}, "properties": {"electrified": "contact_line", "frequency": "16.67", "gauge": "1435", "maxspeed": "65", "name": "Bergensbanen", "operator": "Bane NOR", "passenger_lines": "1", "railway": "rail", "usage": "main", "voltage": "15000", "length_km": 0.125, "maxspeed_kmh": 65.0}}, {"type": "Feature", "geometry": {"type": "LineString", "coordinates": [[6.6735403, 60.6838531], [6.6733189, 60.6838376], [6.6730935, 60.6838174], [6.6729469, 60.6838002], [6.6726413, 60.6837565], [6.6722562, 60.6836847], [6.6721114, 60.6836528], [6.6718342, 60.6835828], [6.671683, 60.6835393], [6.6714106, 60.6834512], [6.6711446, 60.6833498], [6.6710119, 60.6832935], [6.6707366, 60.6831616], [6.670625, 60.6831012]]}, "properties": {"electrified": "contact_line", "frequency": "16.67", "gauge": "1435", "maxspeed": "65", "name": "Bergensbanen", "operator": "Bane NOR", "passenger_lines": "1", "railway": "rail", "usage": "main", "voltage": "15000", "length_km": 0.185, "maxspeed_kmh": 65.0}}, {"type": "Feature", "geometry": {"type": "LineString", "coordinates": [[6.666185, 60.680475], [6.665529, 60.6803514], [6.6652282, 60.6802917], [6.6647655, 60.6801916], [6.6643133, 60.6800822], [6.66405, 60.6800127], [6.6636684, 60.6799034], [6.6632987, 60.6797873], [6.663071, 60.6797114], [6.6626349, 60.6795533], [6.6615664, 60.679137], [6.6613117, 60.6790487], [6.661045, 60.6789678], [6.6608935, 60.6789265], [6.6605979, 60.6788566], [6.6604065, 60.6788164], [6.6602575, 60.6787901], [6.6598888, 60.6787352], [6.6596876, 60.6787095], [6.6585893, 60.6785874]]}, "properties": {"electrified": "contact_line", "frequency": "16.67", "gauge": "1435", "maxspeed": "75", "name": "Bergensbanen", "operator": "Bane NOR", "passenger_lines": "1", "railway": "rail", "usage": "main", "voltage": "15000", "length_km": 0.472, "maxspeed_kmh": 75.0}}, {"type": "Feature", "geometry": {"type": "LineString", "coordinates": [[6.6304478, 60.6801248], [6.6303024, 60.6801379], [6.6297422, 60.6801826], [6.6294588, 60.6802002], [6.6289949, 60.6802227], [6.6286029, 60.680235], [6.6283608, 60.680239], [6.6277947, 60.6802392], [6.6272471, 60.6802257], [6.626754, 60.6801993], [6.6264909, 60.6801802], [6.6260573, 60.6801297], [6.6257088, 60.6800734], [6.625293, 60.6799851], [6.6250715, 60.6799262], [6.6248042, 60.6798457], [6.6245209, 60.6797509], [6.6239213, 60.6795385], [6.6236697, 60.6794554], [6.6233339, 60.6793606], [6.6231931, 60.6793255], [6.622935, 60.679269], [6.6226632, 60.6792197], [6.6223406, 60.6791739]]}, "properties": {"electrified": "contact_line", "frequency": "16.67", "gauge": "1435", "maxspeed": "70", "name": "Bergensbanen", "operator": "Bane NOR", "passenger_lines": "1", "railway": "rail", "usage": "main", "voltage": "15000", "length_km": 0.474, "maxspeed_kmh": 70.0}}, {"type": "Feature", "geometry": {"type": "LineString", "coordinates": [[6.6206346, 60.6791249], [6.6200773, 60.6791764], [6.6194779, 60.6792543], [6.6190238, 60.6793228], [6.6187866, 60.679355]]}, "properties": {"electrified": "contact_line", "frequency": "16.67", "gauge": "1435", "maxspeed": "70", "name": "Bergensbanen", "operator": "Bane NOR", "passenger_lines": "1", "railway": "rail", "usage": "main", "voltage": "15000", "length_km": 0.105, "maxspeed_kmh": 70.0}}, {"type": "Feature", "geometry": {"type": "LineString", "coordinates": [[6.5867032, 60.6794053], [6.5861515, 60.6794173]]}, "properties": {"electrified": "contact_line", "frequency": "16.67", "gauge": "1435", "maxspeed": "90", "name": "Bergensbanen", "operator": "Bane NOR", "passenger_lines": "2", "railway": "rail", "tunnel": "yes", "usage": "main", "voltage": "15000", "length_km": 0.03, "maxspeed_kmh": 90.0}}, {"type": "Feature", "geometry": {"type": "LineString", "coordinates": [[6.5861515, 60.6794173], [6.5794217, 60.6795132]]}, "properties": {"electrified": "contact_line", "frequency": "16.67", "gauge": "1435", "maxspeed": "90", "name": "Bergensbanen", "operator": "Bane NOR", "passenger_lines": "1", "railway": "rail", "tunnel": "yes", "usage": "main", "voltage": "15000", "length_km": 0.369, "maxspeed_kmh": 90.0}}, {"type": "Feature", "geometry": {"type": "LineString", "coordinates": [[6.5573674, 60.6731572], [6.5573707, 60.6730576], [6.5573868, 60.6729441], [6.5574526, 60.6727204], [6.5575059, 60.6726075], [6.5575628, 60.672506], [6.5576422, 60.6723813], [6.5577227, 60.6722706]]}, "properties": {"electrified": "contact_line", "frequency": "16.67", "gauge": "1435", "maxspeed": "50", "name": "Bergensbanen", "operator": "Bane NOR", "passenger_lines": "1", "railway": "rail", "usage": "main", "voltage": "15000", "length_km": 0.101, "maxspeed_kmh": 50.0}}, {"type": "Feature", "geometry": {"type": "LineString", "coordinates": [[6.5440757, 60.6681155], [6.5436728, 60.6680443], [6.5435031, 60.6680155]]}, "properties": {"electrified": "contact_line", "frequency": "16.67", "gauge": "1435", "maxspeed": "75", "name": "Bergensbanen", "operator": "Bane NOR", "passenger_lines": "1", "railway": "rail", "usage": "main", "voltage": "15000", "length_km": 0.033, "maxspeed_kmh": 75.0}}, {"type": "Feature", "geometry": {"type": "LineString", "coordinates": [[6.5012932, 60.6448011], [6.5010032, 60.6448362], [6.5006597, 60.6448706], [6.5003142, 60.6448919], [6.4999599, 60.6448996], [6.4997718, 60.6448981], [6.4995552, 60.6448908], [6.4993455, 60.6448799], [6.4991129, 60.6448624], [6.498907, 60.6448422], [6.4987061, 60.6448163], [6.4984765, 60.6447812], [6.4982948, 60.6447484], [6.4981008, 60.6447093], [6.4978725, 60.6446566], [6.4975088, 60.6445614]]}, "properties": {"electrified": "contact_line", "frequency": "16.67", "gauge": "1435", "maxspeed": "75", "name": "Bergensbanen", "operator": "Bane NOR", "passenger_lines": "1", "railway": "rail", "usage": "main", "voltage": "15000", "length_km": 0.215, "maxspeed_kmh": 75.0}}, {"type": "Feature", "geometry": {"type": "LineString", "coordinates": [[6.4676773, 60.639313], [6.4660567, 60.6394782], [6.4657284, 60.6395023], [6.465386, 60.6395188], [6.4650888, 60.639524], [6.4648524, 60.6395235], [6.4645986, 60.6395175], [6.4643787, 60.6395077], [6.4641835, 60.6394965], [6.4639988, 60.6394809], [6.4637985, 60.6394597], [6.4635744, 60.6394327], [6.4632487, 60.639384], [6.4629934, 60.6393377], [6.4626356, 60.6392594], [6.4624976, 60.6392257], [6.46211, 60.6391164], [6.461809, 60.6390158], [6.461507, 60.6388989], [6.4611406, 60.6387326], [6.4609249, 60.6386233], [6.4602199, 60.6382458], [6.4600085, 60.6381411], [6.4596744, 60.6379904], [6.4595171, 60.6379276], [6.4591944, 60.6378123], [6.4588086, 60.6376951], [6.4586324, 60.6376493], [6.4583068, 60.6375747], [6.4578779, 60.637494], [6.4576099, 60.6374504], [6.4570189, 60.6373644], [6.4562699, 60.6372623], [6.4552053, 60.6371254], [6.4544173, 60.6370325], [6.4533938, 60.6369211], [6.452721, 60.6368549]]}, "properties": {"electrified": "contact_line", "frequency": "16.67", "gauge": "1435", "maxspeed": "85", "name": "Bergensbanen", "operator": "Bane NOR", "passenger_lines": "1", "railway": "rail", "usage": "main", "voltage": "15000", "length_km": 0.906, "maxspeed_kmh": 85.0}}, {"type": "Feature", "geometry": {"type": "LineString", "coordinates": [[6.452721, 60.6368549], [6.4524641, 60.6368313], [6.4520647, 60.6368005], [6.4518704, 60.6367897], [6.4515865, 60.6367806], [6.4512313, 60.6367808], [6.450966, 60.6367907], [6.450747, 60.636804], [6.4504939, 60.6368262], [6.4502382, 60.6368566], [6.449834, 60.6369214], [6.4493926, 60.6370168], [6.4491054, 60.6370951], [6.4489, 60.6371575]]}, "properties": {"electrified": "contact_line", "frequency": "16.67", "gauge": "1435", "maxspeed": "75", "name": "Bergensbanen", "operator": "Bane NOR", "passenger_lines": "1", "railway": "rail", "usage": "main", "voltage": "15000", "length_km": 0.219, "maxspeed_kmh": 75.0}}, {"type": "Feature", "geometry": {"type": "LineString", "coordinates": [[6.4387496, 60.6391431], [6.438506, 60.6389721], [6.4384068, 60.638901]]}, "properties": {"electrified": "contact_line", "frequency": "16.67", "gauge": "1435", "maxspeed": "100", "name": "Bergensbanen", "operator": "Bane NOR", "passenger_lines": "1", "railway": "rail", "usage": "main", "voltage": "15000", "length_km": 0.033, "maxspeed_kmh": 100.0}}, {"type": "Feature", "geometry": {"type": "LineString", "coordinates": [[6.4214221, 60.6294948], [6.421253, 60.6294837], [6.4210697, 60.6294739], [6.4208714, 60.6294649], [6.4206473, 60.6294601], [6.4204366, 60.6294577], [6.4202231, 60.6294594], [6.4200242, 60.6294635], [6.4198105, 60.6294712], [6.4195653, 60.6294836], [6.4193405, 60.6294988], [6.4191793, 60.6295105]]}, "properties": {"electrified": "contact_line", "frequency": "16.67", "gauge": "1435", "maxspeed": "70", "name": "Bergensbanen", "operator": "Bane NOR", "passenger_lines": "1", "railway": "rail", "usage": "main", "voltage": "15000", "length_km": 0.124, "maxspeed_kmh": 70.0}}, {"type": "Feature", "geometry": {"type": "LineString", "coordinates": [[7.1225515, 60.7376251], [7.1225157, 60.7374465], [7.1225188, 60.7373063]]}, "properties": {"electrified": "contact_line", "frequency": "16.67", "gauge": "1435", "maxspeed": "55", "name": "Bergensbanen", "operator": "Bane NOR", "passenger_lines": "1", "railway": "rail", "tunnel": "yes", "usage": "main", "voltage": "15000", "length_km": 0.036, "maxspeed_kmh": 55.0}}, {"type": "Feature", "geometry": {"type": "LineString", "coordinates": [[7.1225188, 60.7373063], [7.1225153, 60.7372115], [7.1225232, 60.7370952]]}, "properties": {"electrified": "contact_line", "frequency": "16.67", "gauge": "1435", "maxspeed": "55", "name": "Bergensbanen", "operator": "Bane NOR", "passenger_lines": "1", "railway": "rail", "tunnel": "avalanche_protector", "usage": "main", "voltage": "15000", "length_km": 0.024, "maxspeed_kmh": 55.0}}, {"type": "Feature", "geometry": {"type": "LineString", "coordinates": [[7.1226777, 60.7365139], [7.1227429, 60.7363419]]}, "properties": {"electrified": "contact_line", "frequency": "16.67", "gauge": "1435", "maxspeed": "55", "name": "Bergensbanen", "operator": "Bane NOR", "passenger_lines": "2", "railway": "rail", "tunnel": "avalanche_protector", "usage": "main", "voltage": "15000", "length_km": 0.02, "maxspeed_kmh": 55.0}}, {"type": "Feature", "geometry": {"type": "LineString", "coordinates": [[8.5321174, 60.6145461], [8.5318517, 60.6142741], [8.5317304, 60.6141619], [8.5315982, 60.6140549], [8.531511, 60.6139875], [8.5312964, 60.6138426], [8.531197, 60.6137806], [8.5310227, 60.6136845], [8.53088, 60.61361], [8.5307176, 60.6135324], [8.5305662, 60.613467], [8.5303871, 60.6133974], [8.5301369, 60.6133075], [8.5297794, 60.6131928], [8.5295036, 60.6131138], [8.5280665, 60.6127234], [8.527871, 60.6126672], [8.5271726, 60.6124837], [8.5269144, 60.6124108], [8.5236308, 60.6115202], [8.5231808, 60.6113912], [8.5224958, 60.611184], [8.5215896, 60.6108886], [8.5190889, 60.6100035], [8.5185462, 60.6098079], [8.5182429, 60.6096906], [8.517753, 60.6094872], [8.5172741, 60.6092726], [8.5167522, 60.6090181], [8.5165373, 60.6089056], [8.5160348, 60.6086253], [8.5155747, 60.6083437], [8.5153497, 60.6081867], [8.5151442, 60.6080323], [8.5149611, 60.6078769], [8.5147878, 60.6077158], [8.5143268, 60.6072552], [8.5141849, 60.6071217], [8.5139441, 60.6069194], [8.5138224, 60.6068283], [8.5135833, 60.6066678], [8.5133492, 60.6065347], [8.5132027, 60.6064626], [8.5127349, 60.6062586], [8.5124423, 60.6061507], [8.5119605, 60.6059953], [8.5117274, 60.6059261]]}, "properties": {"electrified": "contact_line", "frequency": "16.67", "gauge": "1435", "maxspeed": "85", "name": "Bergensbanen", "operator": "Bane NOR", "passenger_lines": "1", "railway": "rail", "usage": "main", "voltage": "15000", "length_km": 1.505, "maxspeed_kmh": 85.0}}, {"type": "Feature", "geometry": {"type": "LineString", "coordinates": [[8.5117274, 60.6059261], [8.5113679, 60.6058195], [8.5103919, 60.6055165], [8.5102187, 60.6054602], [8.5095295, 60.6052208], [8.5090387, 60.6050315], [8.5085312, 60.6048252], [8.5078916, 60.6045475], [8.50075, 60.6013042], [8.5001579, 60.6010236], [8.4998213, 60.6008585], [8.4994476, 60.6006696], [8.4988971, 60.6003787], [8.4981891, 60.5999919], [8.495296, 60.5983745], [8.4947616, 60.5980793], [8.4942909, 60.5978307], [8.4937416, 60.597558], [8.4935402, 60.597463], [8.492755, 60.5971069], [8.4917338, 60.5966633], [8.4911106, 60.5963769], [8.4906197, 60.5961388], [8.4898723, 60.595754], [8.4872943, 60.5943713], [8.4862721, 60.5938434], [8.4853767, 60.5934003], [8.4843698, 60.5929211], [8.4835899, 60.5925649], [8.4829043, 60.592262], [8.4816927, 60.5917434], [8.48069, 60.5913342], [8.479999, 60.5910613], [8.4792911, 60.5907882], [8.4782297, 60.5903931], [8.4759191, 60.589565], [8.4738967, 60.5888337], [8.467105, 60.5863915], [8.466689, 60.5862373], [8.4661656, 60.5860524], [8.4603504, 60.5839586], [8.4545607, 60.5818699], [8.4537876, 60.5815785], [8.4535877, 60.5814983], [8.4532251, 60.5813436], [8.4527996, 60.5811541], [8.4522052, 60.5808638], [8.4518087, 60.5806555], [8.4513971, 60.5804276], [8.4478052, 60.5783457], [8.4450263, 60.5767414], [8.4437087, 60.5759728], [8.4431499, 60.5756492], [8.4412193, 60.5745363], [8.4397996, 60.5737108], [8.4397316, 60.5736737]]}, "properties": {"electrified": "contact_line", "frequency": "16.67", "gauge": "1435", "maxspeed": "130", "name": "Bergensbanen", "operator": "Bane NOR", "passenger_lines": "1", "railway": "rail", "usage": "main", "voltage": "15000", "length_km": 5.367, "maxspeed_kmh": 130.0}}, {"type": "Feature", "geometry": {"type": "LineString", "coordinates": [[8.4397316, 60.5736737], [8.4390746, 60.5732956], [8.4387397, 60.5731204], [8.4385132, 60.5730135], [8.4382279, 60.5728945], [8.4379639, 60.5727958], [8.4376102, 60.5726801], [8.4372282, 60.5725714], [8.4368646, 60.5724839], [8.43617, 60.572338]]}, "properties": {"electrified": "contact_line", "frequency": "16.67", "gauge": "1435", "maxspeed": "90", "name": "Bergensbanen", "operator": "Bane NOR", "passenger_lines": "1", "railway": "rail", "usage": "main", "voltage": "15000", "length_km": 0.25, "maxspeed_kmh": 90.0}}, {"type": "Feature", "geometry": {"type": "LineString", "coordinates": [[8.4074217, 60.569414], [8.4071979, 60.5694205], [8.4069355, 60.5694319], [8.406416, 60.5694711], [8.4061392, 60.5695028], [8.4057964, 60.5695529], [8.4051432, 60.5696647], [8.4042479, 60.5698309]]}, "properties": {"electrified": "contact_line", "frequency": "16.67", "gauge": "1435", "maxspeed": "85", "name": "Bergensbanen", "operator": "Bane NOR", "passenger_lines": "1", "railway": "rail", "usage": "main", "voltage": "15000", "length_km": 0.181, "maxspeed_kmh": 85.0}}, {"type": "Feature", "geometry": {"type": "LineString", "coordinates": [[8.43617, 60.572338], [8.429378, 60.5709933], [8.4281864, 60.5707602], [8.4276169, 60.5706539], [8.4270572, 60.5705603], [8.4263402, 60.5704589], [8.4256544, 60.5703744], [8.4241824, 60.5702187], [8.4207794, 60.5698706], [8.419199, 60.569726], [8.415775, 60.5694298], [8.4153368, 60.5693948], [8.4148942, 60.5693665], [8.4144786, 60.569347], [8.414115, 60.5693393], [8.413731, 60.5693363], [8.4131879, 60.5693384], [8.4078252, 60.5694068], [8.4074217, 60.569414]]}, "properties": {"electrified": "contact_line", "frequency": "16.67", "gauge": "1435", "name": "Bergensbanen", "operator": "Bane NOR", "passenger_lines": "1", "railway": "rail", "usage": "main", "voltage": "15000", "length_km": 1.63}}, {"type": "Feature", "geometry": {"type": "LineString", "coordinates": [[8.3559287, 60.57657], [8.3546425, 60.5765779], [8.3540806, 60.5765806], [8.3536649, 60.5765872], [8.3531445, 60.5766096], [8.3520267, 60.5766793]]}, "properties": {"electrified": "contact_line", "frequency": "16.67", "gauge": "1435", "maxspeed": "60", "name": "Bergensbanen", "passenger_lines": "1", "railway": "rail", "service": "siding", "voltage": "15000", "length_km": 0.215, "maxspeed_kmh": 60.0}}, {"type": "Feature", "geometry": {"type": "LineString", "coordinates": [[8.3710861, 60.5754805], [8.3707291, 60.5755067], [8.3705085, 60.5755172], [8.3701398, 60.5755286], [8.3700263, 60.575537], [8.3693102, 60.5755989], [8.3668882, 60.5758216]]}, "properties": {"electrified": "contact_line", "frequency": "16.67", "gauge": "1435", "maxspeed": "40", "name": "Bergensbanen", "passenger_lines": "1", "railway": "rail", "service": "siding", "voltage": "15000", "length_km": 0.234, "maxspeed_kmh": 40.0}}, {"type": "Feature", "geometry": {"type": "LineString", "coordinates": [[8.3406401, 60.5770661], [8.3401471, 60.5771365], [8.3394126, 60.5772439], [8.338242, 60.5774218], [8.3372357, 60.5775794], [8.3362388, 60.5777415], [8.335934, 60.5777957], [8.3354417, 60.5778927], [8.3350893, 60.5779741], [8.3344807, 60.5781351], [8.3337141, 60.5783499], [8.3333767, 60.5784368], [8.3330772, 60.5785073], [8.3328054, 60.5785649], [8.3323547, 60.5786528], [8.3314087, 60.5788202], [8.3308121, 60.5789213]]}, "properties": {"electrified": "contact_line", "frequency": "16.67", "gauge": "1435", "maxspeed": "85", "name": "Bergensbanen", "operator": "Bane NOR", "passenger_lines": "1", "railway": "rail", "usage": "main", "voltage": "15000", "length_km": 0.58, "maxspeed_kmh": 85.0}}, {"type": "Feature", "geometry": {"type": "LineString", "coordinates": [[8.3308121, 60.5789213], [8.3303586, 60.5789985], [8.3301089, 60.5790355], [8.3297765, 60.5790771], [8.3296051, 60.579095], [8.329436, 60.5791088], [8.3291885, 60.579123], [8.3289496, 60.5791311], [8.3286793, 60.5791324], [8.3284092, 60.5791268], [8.327914, 60.5790939], [8.3275295, 60.5790503], [8.3271591, 60.5789869], [8.326901, 60.5789318], [8.3265115, 60.5788353]]}, "properties": {"electrified": "contact_line", "frequency": "16.67", "gauge": "1435", "maxspeed": "75", "name": "Bergensbanen", "operator": "Bane NOR", "passenger_lines": "1", "railway": "rail", "usage": "main", "voltage": "15000", "length_km": 0.245, "maxspeed_kmh": 75.0}}, {"type": "Feature", "geometry": {"type": "LineString", "coordinates": [[8.3265115, 60.5788353], [8.3261805, 60.5787458], [8.3258244, 60.5786387], [8.3254495, 60.5785337], [8.3250959, 60.5784261], [8.3247018, 60.5783123], [8.3240311, 60.5781062], [8.3235449, 60.5779439], [8.3229537, 60.5777309], [8.322361, 60.577495], [8.322008, 60.5773426], [8.3215977, 60.5771562], [8.3207432, 60.5767521], [8.3201694, 60.5764728], [8.3198028, 60.5762883], [8.3193759, 60.5760524], [8.3191223, 60.5758911], [8.3187284, 60.5756115], [8.3179071, 60.5749541], [8.3173805, 60.5745225], [8.3170003, 60.5742011], [8.3169026, 60.574112], [8.316768, 60.5739875], [8.3164287, 60.5736452], [8.3162605, 60.5734562], [8.3160485, 60.5732031], [8.3143334, 60.5710673], [8.3139812, 60.5706246], [8.3138629, 60.5704636], [8.3136866, 60.570207], [8.3135264, 60.5699326], [8.3133575, 60.5695893], [8.3132118, 60.5692576], [8.3131092, 60.569038]]}, "properties": {"electrified": "contact_line", "frequency": "16.67", "gauge": "1435", "maxspeed": "100", "name": "Bergensbanen", "operator": "Bane NOR", "passenger_lines": "1", "railway": "rail", "usage": "main", "voltage": "15000", "length_km": 1.363, "maxspeed_kmh": 100.0}}, {"type": "Feature", "geometry": {"type": "LineString", "coordinates": [[8.3131092, 60.569038], [8.3130512, 60.5689264], [8.3129425, 60.568754], [8.3128151, 60.5685847], [8.3127303, 60.5684867], [8.3125414, 60.5682952], [8.3122594, 60.5680365], [8.3111934, 60.5671117], [8.3107188, 60.5667063], [8.3104886, 60.5665172], [8.3101764, 60.5662843], [8.31001, 60.5661756], [8.3098214, 60.5660625], [8.3096196, 60.5659529], [8.3094046, 60.5658471], [8.3091825, 60.5657476], [8.3089811, 60.5656664], [8.3086208, 60.5655367], [8.3082603, 60.5654276], [8.3080336, 60.5653668], [8.3078251, 60.5653164], [8.3072834, 60.5652015], [8.3063682, 60.5650249], [8.3059395, 60.5649324], [8.3057255, 60.5648786], [8.3055417, 60.5648293], [8.3053349, 60.5647667], [8.3049629, 60.5646367], [8.3047542, 60.5645538], [8.3045557, 60.5644703], [8.3040207, 60.5642313], [8.3033247, 60.5639055], [8.3025409, 60.563528], [8.3014017, 60.5629472], [8.3010005, 60.5627329], [8.3008161, 60.5626304], [8.3005932, 60.5624984], [8.3004268, 60.5623891], [8.3002767, 60.5622805], [8.3001532, 60.5621806], [8.3000235, 60.5620635], [8.2998968, 60.561933], [8.2998027, 60.5618242], [8.2997285, 60.5617274], [8.2996176, 60.5615515], [8.2995495, 60.561421], [8.2993581, 60.5609739], [8.2992627, 60.560775], [8.2991298, 60.5605621], [8.2990587, 60.5604659], [8.2988922, 60.5602648], [8.2987505, 60.5601193], [8.2985294, 60.5598973]]}, "properties": {"electrified": "contact_line", "frequency": "16.67", "gauge": "1435", "maxspeed": "80", "name": "Bergensbanen", "operator": "Bane NOR", "passenger_lines": "1", "railway": "rail", "usage": "main", "voltage": "15000", "length_km": 1.346, "maxspeed_kmh": 80.0}}, {"type": "Feature", "geometry": {"type": "LineString", "coordinates": [[8.2985294, 60.5598973], [8.2983874, 60.5597624], [8.2979897, 60.5593989], [8.2974663, 60.558939], [8.2968366, 60.558421], [8.2964933, 60.558147], [8.2962138, 60.5579345], [8.2956064, 60.5574862]]}, "properties": {"electrified": "contact_line", "frequency": "16.67", "gauge": "1435", "maxspeed": "80", "name": "Bergensbanen", "operator": "Bane NOR", "passenger_lines": "1", "railway": "rail", "usage": "main", "voltage": "15000", "length_km": 0.313, "maxspeed_kmh": 80.0}}, {"type": "Feature", "geometry": {"type": "LineString", "coordinates": [[8.2669638, 60.5530096], [8.2667168, 60.5529916], [8.2663415, 60.5529564], [8.265562, 60.5528743], [8.2649636, 60.5527988], [8.2644445, 60.5527263], [8.2641531, 60.5526819], [8.2636652, 60.5525993], [8.2632381, 60.552521], [8.2628984, 60.5524542], [8.2622789, 60.5523231], [8.2616017, 60.5521646], [8.2603666, 60.5518567], [8.2597135, 60.5516988], [8.2592623, 60.5515971], [8.2586883, 60.5514776], [8.2581876, 60.5513827], [8.2575652, 60.5512771], [8.2570044, 60.5511936], [8.255534, 60.5510011], [8.2547012, 60.5508849], [8.2538332, 60.5507469], [8.2531935, 60.5506324], [8.2525562, 60.5505094], [8.2491214, 60.5498259], [8.2450165, 60.5490085], [8.2448088, 60.548967], [8.2437355, 60.5487496], [8.2435602, 60.5487158]]}, "properties": {"electrified": "contact_line", "frequency": "16.67", "gauge": "1435", "maxspeed": "90", "name": "Bergensbanen", "operator": "Bane NOR", "passenger_lines": "1", "railway": "rail", "usage": "main", "voltage": "15000", "length_km": 1.375, "maxspeed_kmh": 90.0}}, {"type": "Feature", "geometry": {"type": "LineString", "coordinates": [[8.2372679, 60.5451252], [8.2370102, 60.5450507], [8.2367329, 60.5449698], [8.2362053, 60.544808], [8.2356987, 60.5446386], [8.2351323, 60.5444289], [8.2347172, 60.5442609], [8.2343443, 60.5440967], [8.2340242, 60.5439476], [8.2334048, 60.5436312]]}, "properties": {"electrified": "contact_line", "frequency": "16.67", "gauge": "1435", "name": "Bergensbanen", "operator": "Bane NOR", "passenger_lines": "1", "railway": "rail", "usage": "main", "voltage": "15000", "length_km": 0.271}}, {"type": "Feature", "geometry": {"type": "LineString", "coordinates": [[8.2234881, 60.5376966], [8.2228603, 60.5371261]]}, "properties": {"electrified": "contact_line", "frequency": "16.67", "gauge": "1435", "name": "Bergensbanen", "operator": "Bane NOR", "passenger_lines": "1", "railway": "rail", "usage": "main", "voltage": "15000", "length_km": 0.072}}, {"type": "Feature", "geometry": {"type": "LineString", "coordinates": [[8.1960416, 60.5330087], [8.195776, 60.5329524], [8.1955571, 60.5329066]]}, "properties": {"electrified": "contact_line", "frequency": "16.67", "gauge": "1435", "maxspeed": "90", "name": "Bergensbanen", "operator": "Bane NOR", "passenger_lines": "2", "railway": "rail", "usage": "main", "voltage": "15000", "length_km": 0.029, "maxspeed_kmh": 90.0}}, {"type": "Feature", "geometry": {"type": "LineString", "coordinates": [[8.1747129, 60.5314837], [8.1741635, 60.53151], [8.1735612, 60.5315477], [8.172489, 60.5316183], [8.1634408, 60.5322363], [8.1622497, 60.532314], [8.1615813, 60.5323505], [8.160843, 60.5323868], [8.1601091, 60.5324183], [8.1593664, 60.5324451], [8.158167, 60.5324772], [8.1568182, 60.5324982], [8.1555718, 60.5325016], [8.1546287, 60.5324962], [8.1533187, 60.5324742], [8.1524761, 60.5324512], [8.1513766, 60.5324134], [8.1507846, 60.5323895], [8.1499466, 60.5323481], [8.149387, 60.5323102], [8.1490001, 60.5322781], [8.1486413, 60.5322407], [8.1480335, 60.5321635], [8.147498, 60.5320816], [8.1464261, 60.5318924], [8.1447577, 60.5315846], [8.1436932, 60.5313835], [8.1434815, 60.531341]]}, "properties": {"electrified": "contact_line", "frequency": "16.67", "gauge": "1435", "maxspeed": "115", "name": "Bergensbanen", "operator": "Bane NOR", "passenger_lines": "1", "railway": "rail", "usage": "main", "voltage": "15000", "length_km": 1.743, "maxspeed_kmh": 115.0}}, {"type": "Feature", "geometry": {"type": "LineString", "coordinates": [[8.1262163, 60.523845], [8.1260098, 60.5237512], [8.1253704, 60.5234422], [8.1250082, 60.5232774], [8.1247922, 60.5231876], [8.1244618, 60.523061], [8.124079, 60.5229348], [8.1237658, 60.5228412], [8.1233517, 60.5227343], [8.1227896, 60.5226033], [8.121958, 60.522428]]}, "properties": {"electrified": "contact_line", "frequency": "16.67", "gauge": "1435", "maxspeed": "90", "name": "Bergensbanen", "operator": "Bane NOR", "passenger_lines": "1", "railway": "rail", "usage": "main", "voltage": "15000", "length_km": 0.285, "maxspeed_kmh": 90.0}}, {"type": "Feature", "geometry": {"type": "LineString", "coordinates": [[8.106945, 60.5157877], [8.106473, 60.515641], [8.1058604, 60.5154468], [8.1050143, 60.5151988], [8.1044441, 60.5150533], [8.1037138, 60.5148784], [8.1028159, 60.5146757], [8.1023177, 60.514568]]}, "properties": {"electrified": "contact_line", "frequency": "16.67", "gauge": "1435", "maxspeed": "90", "name": "Bergensbanen", "operator": "Bane NOR", "passenger_lines": "1", "railway": "rail", "usage": "main", "voltage": "15000", "length_km": 0.289, "maxspeed_kmh": 90.0}}, {"type": "Feature", "geometry": {"type": "LineString", "coordinates": [[8.1023177, 60.514568], [8.1020874, 60.5145164], [8.1016442, 60.5144061], [8.1014441, 60.5143501], [8.1011501, 60.5142601], [8.100905, 60.5141731], [8.1005511, 60.5140293], [8.1002683, 60.5138923], [8.1000418, 60.5137625], [8.0999092, 60.5136795], [8.0996195, 60.5134713], [8.0994343, 60.5133029], [8.0992735, 60.513132], [8.0991362, 60.5129516], [8.0990518, 60.512812], [8.0990059, 60.5127292]]}, "properties": {"electrified": "contact_line", "frequency": "16.67", "gauge": "1435", "maxspeed": "80", "name": "Bergensbanen", "operator": "Bane NOR", "passenger_lines": "1", "railway": "rail", "usage": "main", "voltage": "15000", "length_km": 0.285, "maxspeed_kmh": 80.0}}, {"type": "Feature", "geometry": {"type": "LineString", "coordinates": [[8.0716279, 60.4965404], [8.071567, 60.4965031], [8.0713866, 60.4963873], [8.0711518, 60.4962228], [8.0709337, 60.4960504], [8.0707079, 60.4958311], [8.0706185, 60.4957238], [8.0705458, 60.4956252], [8.0704562, 60.4954806], [8.0703667, 60.4952871], [8.0703259, 60.4951506], [8.0702958, 60.4949691], [8.0702986, 60.4947481], [8.070308, 60.4946384], [8.0703759, 60.4941483], [8.0703803, 60.4940068], [8.0703753, 60.493858], [8.0703647, 60.4937696], [8.0703397, 60.4936518], [8.0703125, 60.4935657], [8.0702173, 60.4933352], [8.0701129, 60.4931616], [8.0700035, 60.4930103], [8.0699272, 60.4929203], [8.0697191, 60.4927125], [8.069498, 60.4925291], [8.0694486, 60.4924935]]}, "properties": {"electrified": "contact_line", "frequency": "16.67", "gauge": "1435", "maxspeed": "75", "name": "Bergensbanen", "operator": "Bane NOR", "passenger_lines": "1", "railway": "rail", "usage": "main", "voltage": "15000", "length_km": 0.48, "maxspeed_kmh": 75.0}}, {"type": "Feature", "geometry": {"type": "LineString", "coordinates": [[8.0118924, 60.5019406], [8.0117276, 60.5019574], [8.011492, 60.5019798], [8.0110966, 60.5020087], [8.0097263, 60.5020887], [8.0051482, 60.5023503]]}, "properties": {"electrified": "contact_line", "frequency": "16.67", "gauge": "1435", "maxspeed": "90", "name": "Bergensbanen", "operator": "Bane NOR", "passenger_lines": "1", "railway": "rail", "usage": "main", "voltage": "15000", "length_km": 0.374, "maxspeed_kmh": 90.0}}, {"type": "Feature", "geometry": {"type": "LineString", "coordinates": [[8.0009973, 60.502595], [7.9973825, 60.5027942], [7.9902357, 60.5032111]]}, "properties": {"electrified": "contact_line", "frequency": "16.67", "gauge": "1435", "maxspeed": "130", "name": "Bergensbanen", "operator": "Bane NOR", "passenger_lines": "1", "railway": "rail", "usage": "main", "voltage": "15000", "length_km": 0.596, "maxspeed_kmh": 130.0}}, {"type": "Feature", "geometry": {"type": "LineString", "coordinates": [[7.9818625, 60.5036879], [7.9815575, 60.5037032], [7.9803502, 60.5037652], [7.9795347, 60.5037948], [7.978733, 60.503813], [7.9778617, 60.5038217], [7.9770176, 60.5038165], [7.9760526, 60.5037976], [7.9747323, 60.5037503], [7.9736508, 60.5036958], [7.9728022, 60.5036398], [7.9719513, 60.503572], [7.9712677, 60.5035095]]}, "properties": {"electrified": "contact_line", "frequency": "16.67", "gauge": "1435", "maxspeed": "130", "name": "Bergensbanen", "operator": "Bane NOR", "passenger_lines": "1", "railway": "rail", "usage": "main", "voltage": "15000", "length_km": 0.586, "maxspeed_kmh": 130.0}}, {"type": "Feature", "geometry": {"type": "LineString", "coordinates": [[7.9588301, 60.5020055], [7.9584415, 60.5020648], [7.9581471, 60.5021199], [7.9579002, 60.5021729], [7.957532, 60.5022645], [7.9570989, 60.5023823]]}, "properties": {"electrified": "contact_line", "frequency": "16.67", "gauge": "1435", "maxspeed": "80", "name": "Bergensbanen", "operator": "Bane NOR", "passenger_lines": "1", "railway": "rail", "usage": "main", "voltage": "15000", "length_km": 0.104, "maxspeed_kmh": 80.0}}, {"type": "Feature", "geometry": {"type": "LineString", "coordinates": [[7.9570989, 60.5023823], [7.9565224, 60.5025449], [7.9557972, 60.5027382], [7.9553088, 60.5028576], [7.954927, 60.5029442], [7.9543805, 60.5030607], [7.9538413, 60.5031646], [7.9531068, 60.5032907], [7.9524022, 60.5033967], [7.9520615, 60.5034419], [7.9512943, 60.5035321], [7.9507498, 60.5035862], [7.950092, 60.5036393], [7.9495662, 60.5036727], [7.9486983, 60.5037178], [7.946219, 60.5038304], [7.9457457, 60.5038616], [7.9454897, 60.5038832], [7.9449645, 60.5039415], [7.9446633, 60.503983], [7.944227, 60.5040556], [7.9438265, 60.5041334], [7.9433981, 60.5042281], [7.9431967, 60.5042782], [7.9424276, 60.5044908], [7.9289329, 60.5083646]]}, "properties": {"electrified": "contact_line", "frequency": "16.67", "gauge": "1435", "maxspeed": "90", "name": "Bergensbanen", "operator": "Bane NOR", "passenger_lines": "1", "railway": "rail", "usage": "main", "voltage": "15000", "length_km": 1.71, "maxspeed_kmh": 90.0}}, {"type": "Feature", "geometry": {"type": "LineString", "coordinates": [[7.9289329, 60.5083646], [7.9280679, 60.5086078], [7.927731, 60.508696], [7.9273051, 60.5087925], [7.9270535, 60.5088421], [7.9265849, 60.5089206], [7.9262097, 60.50897], [7.9257498, 60.5090174], [7.9254227, 60.5090409], [7.9250822, 60.5090563], [7.9246582, 60.5090642], [7.9244188, 60.5090621], [7.9240242, 60.5090507], [7.9235825, 60.5090241], [7.9232403, 60.5089936], [7.9228494, 60.5089471], [7.922552, 60.5089028], [7.9223123, 60.508863], [7.9218735, 60.5087777], [7.9214153, 60.5086694], [7.9208777, 60.5085279], [7.9160546, 60.5072124], [7.9149243, 60.5068986], [7.9146862, 60.5068231], [7.9144089, 60.5067259], [7.9141114, 60.5066042], [7.9139809, 60.5065435], [7.913699, 60.5063973], [7.9135167, 60.5062887], [7.9132985, 60.5061386], [7.9132226, 60.5060784], [7.9130827, 60.505961], [7.9129756, 60.5058583], [7.9128764, 60.5057518], [7.9127373, 60.5055717], [7.9126839, 60.5054886], [7.9125991, 60.5053348], [7.9125047, 60.5051029], [7.9123696, 60.5046942], [7.9123011, 60.5045125], [7.9121784, 60.5042712], [7.9120935, 60.5041329], [7.9120062, 60.504008]]}, "properties": {"electrified": "contact_line", "frequency": "16.67", "gauge": "1435", "maxspeed": "80", "name": "Bergensbanen", "operator": "Bane NOR", "passenger_lines": "1", "railway": "rail", "usage": "main", "voltage": "15000", "length_km": 1.219, "maxspeed_kmh": 80.0}}, {"type": "Feature", "geometry": {"type": "LineString", "coordinates": [[7.9117557, 60.5037191], [7.9116689, 60.5036309], [7.9114192, 60.5034113], [7.9111763, 60.5032265], [7.9109973, 60.5031039], [7.9107312, 60.5029391], [7.9104182, 60.5027717], [7.9102037, 60.5026676], [7.9100794, 60.502613], [7.9097768, 60.5024929], [7.9095082, 60.5024023], [7.9091875, 60.5023083], [7.9090214, 60.5022662], [7.9086726, 60.5021888], [7.9084772, 60.5021522], [7.9081741, 60.5021035], [7.9078392, 60.5020617], [7.9075194, 60.502032], [7.9071443, 60.502011], [7.906981, 60.5020057], [7.9066532, 60.5020032], [7.9063261, 60.5020115], [7.9060623, 60.5020261], [7.9059128, 60.5020383], [7.9057442, 60.5020538], [7.9053949, 60.5020969], [7.9050027, 60.5021609], [7.9048031, 60.5021994], [7.9044866, 60.502272], [7.9040218, 60.5023976], [7.9038249, 60.5024543]]}, "properties": {"electrified": "contact_line", "frequency": "16.67", "gauge": "1435", "maxspeed": "80", "name": "Bergensbanen", "operator": "Bane NOR", "passenger_lines": "1", "railway": "rail", "usage": "main", "voltage": "15000", "length_km": 0.526, "maxspeed_kmh": 80.0}}, {"type": "Feature", "geometry": {"type": "LineString", "coordinates": [[7.8804193, 60.5092713], [7.8802855, 60.5093235]]}, "properties": {"electrified": "contact_line", "frequency": "16.67", "gauge": "1435", "maxspeed": "80", "name": "Bergensbanen", "operator": "Bane NOR", "passenger_lines": "1", "railway": "rail", "usage": "main", "voltage": "15000", "length_km": 0.009, "maxspeed_kmh": 80.0}}, {"type": "Feature", "geometry": {"type": "LineString", "coordinates": [[7.8657531, 60.5117675], [7.8651487, 60.511824], [7.8648618, 60.5118572]]}, "properties": {"electrified": "contact_line", "frequency": "16.67", "gauge": "1435", "maxspeed": "80", "name": "Bergensbanen", "operator": "Bane NOR", "passenger_lines": "1", "railway": "rail", "usage": "main", "voltage": "15000", "length_km": 0.05, "maxspeed_kmh": 80.0}}, {"type": "Feature", "geometry": {"type": "LineString", "coordinates": [[7.8542139, 60.514177], [7.8528646, 60.5138772]]}, "properties": {"electrified": "contact_line", "frequency": "16.67", "gauge": "1435", "maxspeed": "80", "name": "Bergensbanen", "operator": "Bane NOR", "passenger_lines": "1", "railway": "rail", "usage": "main", "voltage": "15000", "length_km": 0.081, "maxspeed_kmh": 80.0}}, {"type": "Feature", "geometry": {"type": "LineString", "coordinates": [[7.8415359, 60.5107586], [7.8412334, 60.5107577], [7.8408696, 60.510765], [7.8404155, 60.5107815], [7.8393452, 60.5108288], [7.8378633, 60.5109064], [7.8372819, 60.5109424], [7.8370754, 60.5109572], [7.8366364, 60.5110017], [7.8362368, 60.511057], [7.835877, 60.5111213], [7.8355125, 60.5112011], [7.8353114, 60.5112521], [7.8351292, 60.5113039], [7.8348395, 60.5113945], [7.8345344, 60.5115028], [7.8342785, 60.5116011], [7.8340499, 60.5116932]]}, "properties": {"electrified": "contact_line", "frequency": "16.67", "gauge": "1435", "maxspeed": "80", "name": "Bergensbanen", "operator": "Bane NOR", "passenger_lines": "1", "railway": "rail", "usage": "main", "voltage": "15000", "length_km": 0.435, "maxspeed_kmh": 80.0}}, {"type": "Feature", "geometry": {"type": "LineString", "coordinates": [[7.8142693, 60.5302639], [7.8141382, 60.5303115], [7.8139462, 60.5303886], [7.8137858, 60.530459], [7.813622, 60.5305397], [7.8134864, 60.5306139], [7.8133705, 60.5306832], [7.813208, 60.5307915], [7.8131074, 60.5308663], [7.812968, 60.5309821]]}, "properties": {"electrified": "contact_line", "frequency": "16.67", "gauge": "1435", "maxspeed": "70", "name": "Bergensbanen", "operator": "Bane NOR", "passenger_lines": "1", "railway": "rail", "usage": "main", "voltage": "15000", "length_km": 0.108, "maxspeed_kmh": 70.0}}, {"type": "Feature", "geometry": {"type": "LineString", "coordinates": [[7.7477974, 60.551411], [7.7424677, 60.5508503], [7.7418969, 60.5507858]]}, "properties": {"electrified": "contact_line", "frequency": "16.67", "gauge": "1435", "maxspeed": "130", "name": "Bergensbanen", "operator": "Bane NOR", "passenger_lines": "1", "railway": "rail", "usage": "main", "voltage": "15000", "length_km": 0.332, "maxspeed_kmh": 130.0}}, {"type": "Feature", "geometry": {"type": "LineString", "coordinates": [[7.741754, 60.5507705], [7.7406286, 60.5506551]]}, "properties": {"electrified": "contact_line", "frequency": "16.67", "gauge": "1435", "maxspeed": "130", "name": "Bergensbanen", "operator": "Bane NOR", "passenger_lines": "1", "railway": "rail", "usage": "main", "voltage": "15000", "length_km": 0.063, "maxspeed_kmh": 130.0}}, {"type": "Feature", "geometry": {"type": "LineString", "coordinates": [[7.5008995, 60.60295], [7.5010436, 60.6029152], [7.5012212, 60.6028764], [7.501341, 60.6028456], [7.5014449, 60.6028193], [7.5016286, 60.6027673], [7.5017426, 60.6027336], [7.5018499, 60.6026999], [7.5021698, 60.6025952], [7.5022347, 60.6025733], [7.5029136, 60.6023401]]}, "properties": {"electrified": "contact_line", "frequency": "16.67", "gauge": "1435", "maxspeed": "40", "name": "Bergensbanen", "passenger_lines": "2", "railway": "rail", "service": "siding", "voltage": "15000", "length_km": 0.13, "maxspeed_kmh": 40.0}}, {"type": "Feature", "geometry": {"type": "LineString", "coordinates": [[7.5092913, 60.5995146], [7.5087934, 60.5997785], [7.5085558, 60.5999007], [7.508107, 60.6001245], [7.5079476, 60.6002033], [7.5077057, 60.6003192], [7.5075418, 60.6003985], [7.5074657, 60.6004347], [7.5073351, 60.6004975], [7.5070943, 60.6006086], [7.5069842, 60.6006591], [7.5068339, 60.6007271], [7.5065228, 60.6008653], [7.5062239, 60.6009957], [7.5060546, 60.6010683], [7.50592, 60.6011275], [7.5057824, 60.6011867], [7.5056369, 60.6012463], [7.5055258, 60.6012941], [7.5051127, 60.6014649], [7.5049525, 60.6015277], [7.5046449, 60.6016501], [7.5045753, 60.6016781], [7.5039797, 60.6019068], [7.5034615, 60.602098], [7.502868, 60.6023083], [7.5024055, 60.6024674], [7.5021273, 60.602558], [7.5018685, 60.6026425], [7.5012778, 60.6028276], [7.5012053, 60.6028484], [7.5010359, 60.6028979], [7.5008845, 60.6029372]]}, "properties": {"electrified": "contact_line", "frequency": "16.67", "gauge": "1435", "maxspeed": "80", "name": "Bergensbanen", "operator": "Bane NOR", "passenger_lines": "2", "railway": "rail", "usage": "main", "voltage": "15000", "length_km": 0.601, "maxspeed_kmh": 80.0}}, {"type": "Feature", "geometry": {"type": "LineString", "coordinates": [[7.5370681, 60.5939602], [7.5362943, 60.5941558], [7.5353381, 60.5944097], [7.5343952, 60.5946793], [7.5343127, 60.5947052], [7.5339515, 60.5948186], [7.5333428, 60.5950329], [7.5326606, 60.5953025], [7.5318585, 60.5956303], [7.531479, 60.5957726], [7.5311431, 60.5958834], [7.5308376, 60.5959728], [7.5305965, 60.5960368], [7.5303508, 60.5960962], [7.5301007, 60.596151], [7.5298464, 60.596201], [7.5295885, 60.5962462], [7.5293272, 60.5962865], [7.5289743, 60.5963325], [7.5286172, 60.5963697], [7.5282566, 60.5963979], [7.5278938, 60.5964175], [7.5274383, 60.5964333], [7.526263, 60.5964613], [7.526214, 60.5964625]]}, "properties": {"electrified": "contact_line", "frequency": "16.67", "gauge": "1435", "maxspeed": "80", "name": "Bergensbanen", "operator": "Bane NOR", "passenger_lines": "1", "railway": "rail", "usage": "main", "voltage": "15000", "length_km": 0.673, "maxspeed_kmh": 80.0}}, {"type": "Feature", "geometry": {"type": "LineString", "coordinates": [[7.2817072, 60.6546698], [7.281601, 60.6547961], [7.2812554, 60.6552117], [7.2811043, 60.6553753], [7.280981, 60.6554955], [7.2808021, 60.6556521], [7.2806078, 60.6558042], [7.2804692, 60.6559094]]}, "properties": {"electrified": "contact_line", "frequency": "16.67", "gauge": "1435", "maxspeed": "70", "name": "Bergensbanen", "operator": "Bane NOR", "passenger_lines": "1", "railway": "rail", "tunnel": "yes", "usage": "main", "voltage": "15000", "length_km": 0.154, "maxspeed_kmh": 70.0}}, {"type": "Feature", "geometry": {"type": "LineString", "coordinates": [[7.2799949, 60.6561914], [7.2798106, 60.6562949], [7.2796178, 60.6563906], [7.2793497, 60.6565127], [7.2791405, 60.6565999], [7.2788515, 60.65671], [7.2785518, 60.6568128], [7.2784468, 60.6568464]]}, "properties": {"electrified": "contact_line", "frequency": "16.67", "gauge": "1435", "maxspeed": "70", "name": "Bergensbanen", "operator": "Bane NOR", "passenger_lines": "1", "railway": "rail", "usage": "main", "voltage": "15000", "length_km": 0.112, "maxspeed_kmh": 70.0}}, {"type": "Feature", "geometry": {"type": "LineString", "coordinates": [[7.2784468, 60.6568464], [7.2782419, 60.6569083], [7.2778415, 60.6570166], [7.2774282, 60.6571124], [7.2770036, 60.6571958], [7.2764829, 60.6572802]]}, "properties": {"electrified": "contact_line", "frequency": "16.67", "gauge": "1435", "maxspeed": "70", "name": "Bergensbanen", "operator": "Bane NOR", "passenger_lines": "1", "railway": "rail", "tunnel": "avalanche_protector", "usage": "main", "voltage": "15000", "length_km": 0.118, "maxspeed_kmh": 70.0}}, {"type": "Feature", "geometry": {"type": "LineString", "coordinates": [[7.2734706, 60.6577201], [7.2725919, 60.6578488], [7.2708905, 60.6580966]]}, "properties": {"electrified": "contact_line", "frequency": "16.67", "gauge": "1435", "maxspeed": "70", "name": "Bergensbanen", "operator": "Bane NOR", "passenger_lines": "1", "railway": "rail", "usage": "main", "voltage": "15000", "length_km": 0.147, "maxspeed_kmh": 70.0}}, {"type": "Feature", "geometry": {"type": "LineString", "coordinates": [[7.2684084, 60.6585208], [7.2677946, 60.6586641], [7.2672269, 60.6588092], [7.2657784, 60.6591933], [7.2652088, 60.6593366], [7.2647152, 60.6594544], [7.2637983, 60.6596574], [7.2631223, 60.6597949], [7.2621043, 60.6599928], [7.2617627, 60.6600638], [7.2612814, 60.6601729], [7.2610149, 60.6602396], [7.2606904, 60.6603362], [7.260184, 60.6605029], [7.2599512, 60.6605932], [7.2596244, 60.660738], [7.2587698, 60.6611387], [7.2583364, 60.6613642], [7.2579617, 60.6615692], [7.2578477, 60.6616387]]}, "properties": {"electrified": "contact_line", "frequency": "16.67", "gauge": "1435", "maxspeed": "70", "name": "Bergensbanen", "operator": "Bane NOR", "passenger_lines": "1", "railway": "rail", "tunnel": "avalanche_protector", "usage": "main", "voltage": "15000", "length_km": 0.683, "maxspeed_kmh": 70.0}}, {"type": "Feature", "geometry": {"type": "LineString", "coordinates": [[7.2558689, 60.6670206], [7.2557623, 60.6670842], [7.2556508, 60.6671478], [7.2553443, 60.667297]]}, "properties": {"electrified": "contact_line", "frequency": "16.67", "gauge": "1435", "maxspeed": "70", "name": "Bergensbanen", "operator": "Bane NOR", "passenger_lines": "1", "railway": "rail", "tunnel": "avalanche_protector", "usage": "main", "voltage": "15000", "length_km": 0.042, "maxspeed_kmh": 70.0}}, {"type": "Feature", "geometry": {"type": "LineString", "coordinates": [[5.3409148, 60.3870833], [5.3406014, 60.387217], [5.3403344, 60.3873392], [5.3397181, 60.3876551]]}, "properties": {"electrified": "contact_line", "frequency": "16.67", "gauge": "1435", "maxspeed": "30", "name": "Bergensbanen", "operator": "Bane NOR", "railway": "rail", "service": "siding", "voltage": "15000", "length_km": 0.092, "maxspeed_kmh": 30.0}}, {"type": "Feature", "geometry": {"type": "LineString", "coordinates": [[5.3516502, 60.3834675], [5.3513227, 60.3836175], [5.3510856, 60.38372], [5.3508558, 60.3838129], [5.3505854, 60.3839156]]}, "properties": {"electrified": "contact_line", "frequency": "16.67", "gauge": "1435", "maxspeed": "90", "name": "Bergensbanen", "operator": "Bane NOR", "railway": "rail", "usage": "main", "voltage": "15000", "length_km": 0.077, "maxspeed_kmh": 90.0}}, {"type": "Feature", "geometry": {"type": "LineString", "coordinates": [[5.3526222, 60.3829979], [5.3521742, 60.3832175]]}, "properties": {"electrified": "contact_line", "frequency": "16.67", "gauge": "1435", "maxspeed": "110", "name": "Bergensbanen", "operator": "Bane NOR", "railway": "rail", "usage": "main", "voltage": "15000", "length_km": 0.035, "maxspeed_kmh": 110.0}}, {"type": "Feature", "geometry": {"type": "LineString", "coordinates": [[7.2453276, 60.669577], [7.2444089, 60.6698704], [7.2441334, 60.6699623]]}, "properties": {"electrified": "contact_line", "frequency": "16.67", "gauge": "1435", "maxspeed": "70", "name": "Bergensbanen", "operator": "Bane NOR", "passenger_lines": "1", "railway": "rail", "tunnel": "yes", "usage": "main", "voltage": "15000", "length_km": 0.078, "maxspeed_kmh": 70.0}}, {"type": "Feature", "geometry": {"type": "LineString", "coordinates": [[7.2553443, 60.667297], [7.2551281, 60.6674231], [7.2549752, 60.6674918], [7.2548307, 60.667552], [7.2546025, 60.6676152], [7.2540651, 60.6677406], [7.2530868, 60.6679249], [7.2523412, 60.6680585], [7.249268, 60.6686347], [7.2484028, 60.6688242]]}, "properties": {"electrified": "contact_line", "frequency": "16.67", "gauge": "1435", "maxspeed": "40", "name": "Bergensbanen", "railway": "rail", "service": "siding", "tunnel": "avalanche_protector", "voltage": "15000", "length_km": 0.42, "maxspeed_kmh": 40.0}}, {"type": "Feature", "geometry": {"type": "LineString", "coordinates": [[7.2192139, 60.6895358], [7.2188507, 60.6898531]]}, "properties": {"electrified": "contact_line", "frequency": "16.67", "gauge": "1435", "maxspeed": "70", "name": "Bergensbanen", "operator": "Bane NOR", "passenger_lines": "1", "railway": "rail", "tunnel": "yes", "usage": "main", "voltage": "15000", "length_km": 0.041, "maxspeed_kmh": 70.0}}, {"type": "Feature", "geometry": {"type": "LineString", "coordinates": [[7.2099044, 60.6943078], [7.2098399, 60.6944804], [7.2097726, 60.6947024], [7.2097217, 60.6949254], [7.2096929, 60.6951043], [7.2096695, 60.6953734], [7.2096672, 60.6955529], [7.2096756, 60.6957324], [7.2097001, 60.6959565], [7.2099706, 60.697612], [7.2100468, 60.6981494], [7.2101204, 60.6988665], [7.2101677, 60.6996293], [7.2101893, 60.6998534], [7.2102348, 60.7000768], [7.2102946, 60.7002539], [7.2103574, 60.7003902]]}, "properties": {"electrified": "contact_line", "frequency": "16.67", "gauge": "1435", "maxspeed": "70", "name": "Bergensbanen", "operator": "Bane NOR", "passenger_lines": "1", "railway": "rail", "tunnel": "avalanche_protector", "usage": "main", "voltage": "15000", "length_km": 0.682, "maxspeed_kmh": 70.0}}, {"type": "Feature", "geometry": {"type": "LineString", "coordinates": [[7.210785, 60.7009864], [7.2110128, 60.701203], [7.2116786, 60.7017119], [7.2120555, 60.7020285], [7.2122698, 60.7022287]]}, "properties": {"electrified": "contact_line", "frequency": "16.67", "gauge": "1435", "name": "Bergensbanen", "operator": "Bane NOR", "passenger_lines": "1", "railway": "rail", "tunnel": "avalanche_protector", "usage": "main", "voltage": "15000", "length_km": 0.161}}, {"type": "Feature", "geometry": {"type": "LineString", "coordinates": [[7.2142732, 60.705472], [7.2143544, 60.7055594], [7.214798, 60.7060027], [7.2150243, 60.7062482], [7.2151913, 60.7064562], [7.2152381, 60.706523]]}, "properties": {"electrified": "contact_line", "frequency": "16.67", "gauge": "1435", "name": "Bergensbanen", "operator": "Bane NOR", "passenger_lines": "1", "railway": "rail", "usage": "main", "voltage": "15000", "length_km": 0.129}}, {"type": "Feature", "geometry": {"type": "LineString", "coordinates": [[7.2152381, 60.706523], [7.2153632, 60.7067128], [7.2155034, 60.7069732], [7.2156115, 60.7072372], [7.2156873, 60.707504], [7.2157298, 60.7077724], [7.2157323, 60.7079968], [7.2157072, 60.7081759], [7.2156578, 60.7083538], [7.2155992, 60.7084852], [7.2155545, 60.7085731], [7.2154748, 60.708702], [7.2154025, 60.7088115], [7.2153618, 60.7088736], [7.2149728, 60.7094571]]}, "properties": {"electrified": "contact_line", "frequency": "16.67", "gauge": "1435", "name": "Bergensbanen", "operator": "Bane NOR", "passenger_lines": "1", "railway": "rail", "tunnel": "avalanche_protector", "usage": "main", "voltage": "15000", "length_km": 0.336}}, {"type": "Feature", "geometry": {"type": "LineString", "coordinates": [[7.2149728, 60.7094571], [7.2148299, 60.7096558], [7.2146614, 60.709896], [7.2146164, 60.7099603], [7.2145588, 60.7100425], [7.2144458, 60.7102057], [7.2143406, 60.7103582], [7.2143235, 60.7103813], [7.2141284, 60.7106657], [7.2140191, 60.7108337], [7.2139845, 60.7108918], [7.2139366, 60.7109761], [7.2138662, 60.7111172], [7.2138212, 60.7112181], [7.2137835, 60.7113169], [7.2137596, 60.7113942], [7.2137473, 60.7114429], [7.2137168, 60.7115385], [7.2136926, 60.71167], [7.2136306, 60.7120701], [7.2136112, 60.7122549], [7.2135829, 60.7125003], [7.2135558, 60.7127766]]}, "properties": {"electrified": "contact_line", "frequency": "16.67", "gauge": "1435", "name": "Bergensbanen", "operator": "Bane NOR", "passenger_lines": "1", "railway": "rail", "usage": "main", "voltage": "15000", "length_km": 0.381}}, {"type": "Feature", "geometry": {"type": "LineString", "coordinates": [[7.2135558, 60.7127766], [7.2135546, 60.712907], [7.2135264, 60.7132079], [7.2135121, 60.7135251]]}, "properties": {"electrified": "contact_line", "frequency": "16.67", "gauge": "1435", "name": "Bergensbanen", "operator": "Bane NOR", "passenger_lines": "1", "railway": "rail", "tunnel": "avalanche_protector", "usage": "main", "voltage": "15000", "length_km": 0.084}}, {"type": "Feature", "geometry": {"type": "LineString", "coordinates": [[7.2141336, 60.7161669], [7.2140835, 60.7162669], [7.2140431, 60.716338]]}, "properties": {"electrified": "contact_line", "frequency": "16.67", "gauge": "1435", "maxspeed": "60", "name": "Bergensbanen", "operator": "Bane NOR", "passenger_lines": "1", "railway": "rail", "usage": "main", "voltage": "15000", "length_km": 0.02, "maxspeed_kmh": 60.0}}, {"type": "Feature", "geometry": {"type": "LineString", "coordinates": [[7.2091808, 60.7186223], [7.2088093, 60.7186458], [7.2085352, 60.7186563], [7.2081689, 60.7186577], [7.2078946, 60.7186495], [7.2074395, 60.7186236], [7.2068939, 60.7185852]]}, "properties": {"electrified": "contact_line", "frequency": "16.67", "gauge": "1435", "maxspeed": "60", "name": "Bergensbanen", "operator": "Bane NOR", "passenger_lines": "1", "railway": "rail", "tunnel": "yes", "usage": "main", "voltage": "15000", "length_km": 0.126, "maxspeed_kmh": 60.0}}, {"type": "Feature", "geometry": {"type": "LineString", "coordinates": [[7.213552, 60.713864], [7.2135726, 60.7139436], [7.213602, 60.714056], [7.2136426, 60.7141619], [7.2136814, 60.7142642], [7.2137114, 60.7143427], [7.2137394, 60.7144139], [7.2138145, 60.7145769], [7.2138662, 60.7146884], [7.2140687, 60.7150692]]}, "properties": {"electrified": "contact_line", "frequency": "16.67", "gauge": "1435", "maxspeed": "60", "name": "Bergensbanen", "operator": "Bane NOR", "passenger_lines": "1", "railway": "rail", "tunnel": "yes", "usage": "main", "voltage": "15000", "length_km": 0.138, "maxspeed_kmh": 60.0}}, {"type": "Feature", "geometry": {"type": "LineString", "coordinates": [[7.2001226, 60.718967], [7.2000457, 60.7190013], [7.1999183, 60.7190657], [7.1997374, 60.7191671], [7.1995692, 60.7192736], [7.1994145, 60.7193848], [7.1992734, 60.7195005], [7.1991469, 60.7196199], [7.1990706, 60.7197016], [7.1989692, 60.7198267], [7.19891, 60.7199116], [7.1988343, 60.7200411], [7.1988133, 60.7200886]]}, "properties": {"electrified": "contact_line", "frequency": "16.67", "gauge": "1435", "maxspeed": "60", "name": "Bergensbanen", "operator": "Bane NOR", "passenger_lines": "1", "railway": "rail", "tunnel": "yes", "usage": "main", "voltage": "15000", "length_km": 0.146, "maxspeed_kmh": 60.0}}, {"type": "Feature", "geometry": {"type": "LineString", "coordinates": [[7.1671146, 60.7296203], [7.1567883, 60.7309953], [7.1563475, 60.7310566], [7.15591, 60.7311234], [7.1553918, 60.7312136], [7.1549665, 60.7312973], [7.154631, 60.7313696], [7.1542999, 60.7314467], [7.1539736, 60.7315285], [7.1536521, 60.7316148], [7.1531026, 60.731777], [7.1527964, 60.7318758], [7.1524216, 60.7320049], [7.1516897, 60.7322752], [7.1459701, 60.7344499], [7.1459128, 60.7344719]]}, "properties": {"electrified": "contact_line", "frequency": "16.67", "gauge": "1435", "maxspeed": "70", "name": "Bergensbanen", "operator": "Bane NOR", "passenger_lines": "1", "railway": "rail", "tunnel": "yes", "usage": "main", "voltage": "15000", "length_km": 1.3, "maxspeed_kmh": 70.0}}, {"type": "Feature", "geometry": {"type": "LineString", "coordinates": [[7.0387435, 60.7264104], [7.0383637, 60.7263803], [7.0235836, 60.7252086], [7.0231466, 60.725174]]}, "properties": {"electrified": "contact_line", "frequency": "16.67", "gauge": "1435", "maxspeed": "70", "name": "Bergensbanen", "operator": "Bane NOR", "passenger_lines": "1", "railway": "rail", "tunnel": "yes", "usage": "main", "voltage": "15000", "length_km": 0.864, "maxspeed_kmh": 70.0}}, {"type": "Feature", "geometry": {"type": "LineString", "coordinates": [[7.051331, 60.727414], [7.0387435, 60.7264104]]}, "properties": {"electrified": "contact_line", "frequency": "16.67", "gauge": "1435", "maxspeed": "100", "name": "Bergensbanen", "operator": "Bane NOR", "passenger_lines": "1", "railway": "rail", "tunnel": "yes", "usage": "main", "voltage": "15000", "length_km": 0.697, "maxspeed_kmh": 100.0}}, {"type": "Feature", "geometry": {"type": "LineString", "coordinates": [[5.5982581, 60.4287966], [5.5980421, 60.4287171], [5.5978408, 60.4286264], [5.5977132, 60.4285626], [5.5975305, 60.4284627], [5.5972444, 60.4282885], [5.596639, 60.427896], [5.5964653, 60.4277924], [5.5962829, 60.4276924], [5.5960228, 60.4275673], [5.5958146, 60.4274804], [5.5955965, 60.4273999], [5.595369, 60.427326], [5.5950524, 60.4272382], [5.5948061, 60.4271806], [5.5945534, 60.4271306], [5.5942952, 60.427088], [5.5940321, 60.4270533], [5.5937653, 60.4270264], [5.5934957, 60.4270074], [5.5932243, 60.4269965], [5.5928613, 60.4269944], [5.5925895, 60.4270022], [5.5923191, 60.4270181], [5.5919625, 60.4270518], [5.5916993, 60.4270862], [5.5914408, 60.4271284], [5.5911048, 60.4271963], [5.5908607, 60.427256], [5.5907022, 60.4272996], [5.5904713, 60.427371], [5.5902493, 60.427449], [5.5901068, 60.4275046], [5.5897656, 60.4276525], [5.5895631, 60.4277397]]}, "properties": {"electrified": "contact_line", "frequency": "16.67", "gauge": "1435", "maxspeed": "60", "name": "Bergensbanen", "operator": "Bane NOR", "passenger_lines": "1", "railway": "rail", "tunnel": "yes", "usage": "main", "voltage": "15000", "length_km": 0.581, "maxspeed_kmh": 60.0}}, {"type": "Feature", "geometry": {"type": "LineString", "coordinates": [[5.6238083, 60.4286652], [5.6236503, 60.4286009], [5.6235008, 60.4285479], [5.6232835, 60.4284823], [5.6231211, 60.4284396], [5.6229824, 60.4284067], [5.6228426, 60.4283764], [5.6226796, 60.4283461], [5.6225316, 60.4283235], [5.6223874, 60.4283031], [5.6222488, 60.4282863], [5.6221018, 60.4282726], [5.6219535, 60.4282617], [5.6217907, 60.4282533], [5.6216293, 60.4282489], [5.6214729, 60.4282473], [5.6213078, 60.4282488], [5.6211468, 60.4282543], [5.6209983, 60.4282619], [5.6208482, 60.4282721]]}, "properties": {"electrified": "contact_line", "frequency": "16.67", "gauge": "1435", "maxspeed": "50", "name": "Bergensbanen", "operator": "Bane NOR", "passenger_lines": "1", "railway": "rail", "usage": "main", "voltage": "15000", "length_km": 0.175, "maxspeed_kmh": 50.0}}, {"type": "Feature", "geometry": {"type": "LineString", "coordinates": [[5.7441995, 60.4693975], [5.7441649, 60.469253], [5.7440742, 60.4689412], [5.7439872, 60.4686919], [5.7439653, 60.4686321], [5.7439393, 60.4685745], [5.7438834, 60.4684622], [5.7438184, 60.4683502], [5.7436764, 60.4681484], [5.7435583, 60.4680012], [5.7432785, 60.4676805], [5.7430768, 60.4674376], [5.7429245, 60.467223], [5.7428543, 60.4671152], [5.7427665, 60.466962], [5.7427259, 60.4668859], [5.742637, 60.4667054], [5.7425857, 60.4665761], [5.7424172, 60.4660392], [5.7422839, 60.4656734], [5.7421981, 60.4655014], [5.7421039, 60.4653341], [5.7419975, 60.4651696], [5.7418399, 60.4649519], [5.7410781, 60.4639235], [5.740918, 60.4637055]]}, "properties": {"electrified": "contact_line", "frequency": "16.67", "gauge": "1435", "maxspeed": "80", "name": "Bergensbanen", "operator": "Bane NOR", "passenger_lines": "1", "railway": "rail", "usage": "main", "voltage": "15000", "length_km": 0.664, "maxspeed_kmh": 80.0}}, {"type": "Feature", "geometry": {"type": "LineString", "coordinates": [[5.7374757, 60.4774966], [5.7377695, 60.4773395], [5.7380506, 60.4771712], [5.738313, 60.4769824], [5.7384402, 60.4768732], [5.7385316, 60.4767861], [5.7386544, 60.4766592]]}, "properties": {"electrified": "contact_line", "frequency": "16.67", "gauge": "1435", "maxspeed": "60", "name": "Bergensbanen", "operator": "Bane NOR", "passenger_lines": "1", "railway": "rail", "usage": "main", "voltage": "15000", "length_km": 0.115, "maxspeed_kmh": 60.0}}, {"type": "Feature", "geometry": {"type": "LineString", "coordinates": [[5.7364575, 60.4779763], [5.7365828, 60.4779125], [5.7367056, 60.4778531], [5.7368598, 60.477783], [5.7371205, 60.4776722], [5.7372966, 60.4775897], [5.7374757, 60.4774966]]}, "properties": {"electrified": "contact_line", "frequency": "16.67", "gauge": "1435", "maxspeed": "40", "name": "Bergensbanen", "passenger_lines": "1", "railway": "rail", "usage": "main", "voltage": "15000", "length_km": 0.078, "maxspeed_kmh": 40.0}}, {"type": "Feature", "geometry": {"type": "LineString", "coordinates": [[5.7338464, 60.4917595], [5.7341763, 60.4913344], [5.7344098, 60.4909559], [5.7345979, 60.4905713], [5.7347398, 60.4901819], [5.734835, 60.4897892], [5.7348833, 60.4893942], [5.7348845, 60.4889987], [5.7348591, 60.4887352], [5.7348023, 60.4884134], [5.7344377, 60.4868206], [5.7344019, 60.4866119], [5.7343669, 60.4862193], [5.734369, 60.4858959]]}, "properties": {"electrified": "contact_line", "frequency": "16.67", "gauge": "1435", "maxspeed": "100", "name": "Bergensbanen", "operator": "Bane NOR", "passenger_lines": "1", "railway": "rail", "tunnel": "yes", "usage": "main", "voltage": "15000", "length_km": 0.664, "maxspeed_kmh": 100.0}}, {"type": "Feature", "geometry": {"type": "LineString", "coordinates": [[5.7261997, 60.5153034], [5.7261509, 60.5149299], [5.7260811, 60.5143602], [5.7259312, 60.5132056], [5.7259311, 60.5128407], [5.7259419, 60.5126781], [5.7259636, 60.5124988], [5.7260425, 60.5121332], [5.7261889, 60.511724], [5.726241, 60.5116087]]}, "properties": {"electrified": "contact_line", "frequency": "16.67", "gauge": "1435", "maxspeed": "110", "name": "Bergensbanen", "operator": "Bane NOR", "passenger_lines": "1", "railway": "rail", "usage": "main", "voltage": "15000", "length_km": 0.415, "maxspeed_kmh": 110.0}}, {"type": "Feature", "geometry": {"type": "LineString", "coordinates": [[5.6259991, 60.4302041], [5.6255953, 60.4298512]]}, "properties": {"electrified": "contact_line", "frequency": "16.67", "gauge": "1435", "maxspeed": "130", "name": "Bergensbanen", "operator": "Bane NOR", "passenger_lines": "1", "railway": "rail", "tunnel": "yes", "usage": "main", "voltage": "15000", "length_km": 0.045, "maxspeed_kmh": 130.0}}, {"type": "Feature", "geometry": {"type": "LineString", "coordinates": [[5.6247767, 60.4292095], [5.6245733, 60.4290723], [5.624409, 60.4289724]]}, "properties": {"electrified": "contact_line", "frequency": "16.67", "gauge": "1435", "maxspeed": "50", "name": "Bergensbanen", "operator": "Bane NOR", "passenger_lines": "1", "railway": "rail", "usage": "main", "voltage": "15000", "length_km": 0.033, "maxspeed_kmh": 50.0}}, {"type": "Feature", "geometry": {"type": "LineString", "coordinates": [[5.7316119, 60.4999866], [5.7316061, 60.4998698], [5.7315906, 60.4997072], [5.7314862, 60.4991867], [5.7314674, 60.4990521], [5.7314532, 60.4988653], [5.7314543, 60.498751], [5.7314682, 60.4986411], [5.7315137, 60.4984422], [5.7316941, 60.4979031], [5.7317597, 60.4976295], [5.7317823, 60.4974873], [5.7318109, 60.4971682], [5.7318106, 60.4968319]]}, "properties": {"electrified": "contact_line", "frequency": "16.67", "gauge": "1435", "maxspeed": "70", "name": "Bergensbanen", "operator": "Bane NOR", "passenger_lines": "1", "railway": "rail", "usage": "main", "voltage": "15000", "length_km": 0.354, "maxspeed_kmh": 70.0}}, {"type": "Feature", "geometry": {"type": "LineString", "coordinates": [[5.7342911, 60.4823244], [5.7340484, 60.4818077], [5.7339841, 60.4816518], [5.7339499, 60.4815545], [5.7339199, 60.4814571], [5.7338961, 60.4813506]]}, "properties": {"electrified": "contact_line", "frequency": "16.67", "gauge": "1435", "maxspeed": "60", "name": "Bergensbanen", "operator": "Bane NOR", "passenger_lines": "1", "railway": "rail", "usage": "main", "voltage": "15000", "length_km": 0.111, "maxspeed_kmh": 60.0}}, {"type": "Feature", "geometry": {"type": "LineString", "coordinates": [[5.734369, 60.4858959], [5.7343749, 60.4858191], [5.7343905, 60.4856774], [5.7343946, 60.4856399], [5.7344394, 60.4853698], [5.7345865, 60.484652], [5.7346408, 60.4843365], [5.7346577, 60.4841923], [5.7346741, 60.4838427], [5.7346667, 60.4836266], [5.7346249, 60.4833062], [5.7345574, 60.4830216], [5.7345003, 60.4828379], [5.7344318, 60.4826511], [5.7342911, 60.4823244]]}, "properties": {"electrified": "contact_line", "frequency": "16.67", "gauge": "1435", "maxspeed": "100", "name": "Bergensbanen", "operator": "Bane NOR", "passenger_lines": "1", "railway": "rail", "usage": "main", "voltage": "15000", "length_km": 0.401, "maxspeed_kmh": 100.0}}, {"type": "Feature", "geometry": {"type": "LineString", "coordinates": [[5.7434482, 60.4725807], [5.7437817, 60.4723294]]}, "properties": {"electrified": "contact_line", "frequency": "16.67", "gauge": "1435", "maxspeed": "50", "name": "Bergensbanen", "operator": "Bane NOR", "passenger_lines": "1", "railway": "rail", "usage": "main", "voltage": "15000", "length_km": 0.034, "maxspeed_kmh": 50.0}}, {"type": "Feature", "geometry": {"type": "LineString", "coordinates": [[5.7444669, 60.4703506], [5.7444021, 60.47013]]}, "properties": {"electrified": "contact_line", "frequency": "16.67", "gauge": "1435", "maxspeed": "80", "name": "Bergensbanen", "operator": "Bane NOR", "passenger_lines": "1", "railway": "rail", "usage": "main", "voltage": "15000", "length_km": 0.025, "maxspeed_kmh": 80.0}}, {"type": "Feature", "geometry": {"type": "LineString", "coordinates": [[5.7434505, 60.5584433], [5.7433469, 60.5583398], [5.7432445, 60.5582239], [5.7430358, 60.5579755], [5.7427657, 60.5576433], [5.741817, 60.5564751], [5.7416995, 60.5563386], [5.741591, 60.5562256], [5.7414222, 60.5560671], [5.7412575, 60.5559335], [5.7410817, 60.5558056], [5.7409738, 60.5557339], [5.7406838, 60.5555578], [5.7401156, 60.5552362], [5.7397843, 60.5550408], [5.7395563, 60.554895], [5.7393848, 60.5547714], [5.7392402, 60.5546574], [5.7391125, 60.5545412], [5.7389815, 60.5544115], [5.7388254, 60.5542438], [5.7387346, 60.5541355]]}, "properties": {"electrified": "contact_line", "frequency": "16.67", "gauge": "1435", "maxspeed": "65", "name": "Bergensbanen", "operator": "Bane NOR", "passenger_lines": "1", "railway": "rail", "usage": "main", "voltage": "15000", "length_km": 0.551, "maxspeed_kmh": 65.0}}, {"type": "Feature", "geometry": {"type": "LineString", "coordinates": [[5.7444135, 60.5590453], [5.7442885, 60.5589928], [5.7441273, 60.5589151], [5.7439022, 60.5587918], [5.743752, 60.558694], [5.7436757, 60.5586383]]}, "properties": {"electrified": "contact_line", "frequency": "16.67", "gauge": "1435", "maxspeed": "65", "name": "Bergensbanen", "operator": "Bane NOR", "passenger_lines": "1", "railway": "rail", "usage": "main", "voltage": "15000", "length_km": 0.061, "maxspeed_kmh": 65.0}}, {"type": "Feature", "geometry": {"type": "LineString", "coordinates": [[5.7465831, 60.5596139], [5.746172, 60.5595126], [5.7454469, 60.5593543]]}, "properties": {"electrified": "contact_line", "frequency": "16.67", "gauge": "1435", "maxspeed": "65", "name": "Bergensbanen", "operator": "Bane NOR", "passenger_lines": "1", "railway": "rail", "usage": "main", "voltage": "15000", "length_km": 0.069, "maxspeed_kmh": 65.0}}, {"type": "Feature", "geometry": {"type": "LineString", "coordinates": [[5.7477073, 60.5600738], [5.7476308, 60.5600291], [5.7473734, 60.5598969], [5.7472383, 60.5598363], [5.747098, 60.5597808], [5.7467974, 60.5596753], [5.7465831, 60.5596139]]}, "properties": {"electrified": "contact_line", "frequency": "16.67", "gauge": "1435", "maxspeed": "65", "name": "Bergensbanen", "operator": "Bane NOR", "passenger_lines": "1", "railway": "rail", "usage": "main", "voltage": "15000", "length_km": 0.081, "maxspeed_kmh": 65.0}}, {"type": "Feature", "geometry": {"type": "LineString", "coordinates": [[5.797372, 60.5798762], [5.7960917, 60.5802003], [5.7952895, 60.5803903], [5.7947933, 60.5804986], [5.7941582, 60.5806271], [5.7935147, 60.5807472], [5.7930241, 60.5808307]]}, "properties": {"electrified": "contact_line", "frequency": "16.67", "gauge": "1435", "maxspeed": "100", "name": "Bergensbanen", "operator": "Bane NOR", "passenger_lines": "1", "railway": "rail", "usage": "main", "voltage": "15000", "length_km": 0.262, "maxspeed_kmh": 100.0}}, {"type": "Feature", "geometry": {"type": "LineString", "coordinates": [[5.8039328, 60.5800557], [5.8036871, 60.5799664], [5.8034448, 60.5798875], [5.8032208, 60.5798224], [5.8029938, 60.5797625], [5.8027572, 60.5797067], [5.802445, 60.5796426], [5.8022524, 60.5796089], [5.8018714, 60.5795523], [5.8016553, 60.5795262], [5.8014091, 60.5795022], [5.8010716, 60.5794782], [5.8007518, 60.5794638], [5.8005476, 60.5794603], [5.8001649, 60.5794612], [5.7999258, 60.5794692], [5.7996517, 60.5794853], [5.7995411, 60.5794924], [5.799203, 60.5795238], [5.7988908, 60.5795617], [5.7985537, 60.5796134]]}, "properties": {"electrified": "contact_line", "frequency": "16.67", "gauge": "1435", "maxspeed": "80", "name": "Bergensbanen", "operator": "Bane NOR", "passenger_lines": "1", "railway": "rail", "usage": "main", "voltage": "15000", "length_km": 0.313, "maxspeed_kmh": 80.0}}, {"type": "Feature", "geometry": {"type": "LineString", "coordinates": [[5.8202648, 60.5954848], [5.8201774, 60.5953784], [5.8200113, 60.5951938], [5.8198612, 60.595045], [5.8197087, 60.5949058], [5.8195079, 60.5947552], [5.8193074, 60.5946168], [5.8190676, 60.5944668], [5.8185077, 60.5941355], [5.8182032, 60.593938], [5.8179825, 60.5937801]]}, "properties": {"electrified": "contact_line", "frequency": "16.67", "gauge": "1435", "maxspeed": "70", "name": "Bergensbanen", "operator": "Bane NOR", "passenger_lines": "1", "railway": "rail", "usage": "main", "voltage": "15000", "length_km": 0.229, "maxspeed_kmh": 70.0}}, {"type": "Feature", "geometry": {"type": "LineString", "coordinates": [[5.9693936, 60.6405881], [5.9693218, 60.6404603], [5.9691535, 60.6402161], [5.9689592, 60.6399886], [5.9688362, 60.6398646], [5.9686187, 60.639671], [5.968391, 60.6394929], [5.9682582, 60.6393993], [5.968235, 60.639385], [5.9678894, 60.6391714], [5.9676833, 60.6390598], [5.9674602, 60.6389495], [5.9671818, 60.6388221], [5.9669759, 60.6387376], [5.9667409, 60.6386489], [5.9665082, 60.6385676], [5.9662807, 60.6384946], [5.9658744, 60.638377], [5.9656654, 60.6383237], [5.9653112, 60.6382434]]}, "properties": {"electrified": "contact_line", "frequency": "16.67", "gauge": "1435", "maxspeed": "80", "name": "Bergensbanen", "operator": "Bane NOR", "railway": "rail", "usage": "main", "voltage": "15000", "length_km": 0.357, "maxspeed_kmh": 80.0}}, {"type": "Feature", "geometry": {"type": "LineString", "coordinates": [[5.9770017, 60.6461591], [5.9768169, 60.6461346], [5.9762603, 60.6460526], [5.9758755, 60.6459836], [5.9755919, 60.6459249], [5.9752555, 60.6458492], [5.9748188, 60.6457405], [5.974248, 60.6455869], [5.973733, 60.6454346], [5.9734272, 60.6453385], [5.9729772, 60.6451887], [5.9725145, 60.6450242], [5.9722745, 60.644934], [5.9718507, 60.6447659], [5.9716569, 60.6446847], [5.971337, 60.6445349], [5.9711499, 60.6444364], [5.9709645, 60.6443285], [5.9708247, 60.644239], [5.9706843, 60.6441412], [5.9705414, 60.6440306], [5.970427, 60.643934], [5.970295, 60.6438097], [5.9701293, 60.6436257], [5.9699697, 60.643406], [5.9698473, 60.643176], [5.9698093, 60.643076], [5.9697753, 60.6429731], [5.9697518, 60.642874], [5.9697182, 60.6426471], [5.9696339, 60.6414903], [5.9696063, 60.641227], [5.9695838, 60.641103], [5.9695203, 60.6408805], [5.9694561, 60.6407209], [5.9693936, 60.6405881]]}, "properties": {"electrified": "contact_line", "frequency": "16.67", "gauge": "1435", "maxspeed": "80", "name": "Bergensbanen", "operator": "Bane NOR", "railway": "rail", "usage": "main", "voltage": "15000", "length_km": 0.829, "maxspeed_kmh": 80.0}}, {"type": "Feature", "geometry": {"type": "LineString", "coordinates": [[6.0014185, 60.6464003], [5.9999868, 60.6465539], [5.9996244, 60.6465844], [5.9993083, 60.6466004], [5.9990053, 60.6466039], [5.9987602, 60.6465986], [5.9985037, 60.6465831], [5.9982608, 60.646562], [5.9980397, 60.6465364], [5.9974998, 60.6464585], [5.9964749, 60.6462952], [5.996067, 60.6462364], [5.9956044, 60.6461777], [5.9946883, 60.6460739], [5.9943076, 60.6460258], [5.9940225, 60.6459822], [5.993811, 60.6459447], [5.9935794, 60.6458948], [5.9933249, 60.6458319], [5.9931027, 60.6457715], [5.9928517, 60.6456944], [5.9917916, 60.6453421], [5.9914543, 60.6452439], [5.9911439, 60.6451647], [5.9909969, 60.6451317], [5.990788, 60.6450916], [5.9904248, 60.6450346], [5.9902215, 60.6450089], [5.9900209, 60.6449905], [5.9896267, 60.6449649], [5.9894204, 60.6449586], [5.9890585, 60.6449581], [5.9886098, 60.6449739], [5.988179, 60.6449993], [5.9877591, 60.6450305], [5.9876289, 60.6450415]]}, "properties": {"electrified": "contact_line", "frequency": "16.67", "gauge": "1435", "maxspeed": "70", "name": "Bergensbanen", "operator": "Bane NOR", "railway": "rail", "usage": "main", "voltage": "15000", "length_km": 0.797, "maxspeed_kmh": 70.0}}, {"type": "Feature", "geometry": {"type": "LineString", "coordinates": [[6.016335, 60.6451554], [6.0158023, 60.6457633], [6.0157558, 60.6458183], [6.0154641, 60.6461386], [6.0152711, 60.646316], [6.0151429, 60.6464168], [6.0149485, 60.6465471], [6.0146997, 60.6466896], [6.0144792, 60.6467953], [6.0143196, 60.6468628], [6.0141421, 60.646934], [6.0139475, 60.6470042], [6.0137721, 60.6470626], [6.0136135, 60.6471099], [6.0132537, 60.6472069], [6.0128903, 60.6472914], [6.0123559, 60.6473926], [6.0121885, 60.6474192], [6.0118913, 60.6474591], [6.0115705, 60.6474907], [6.0113836, 60.6475054], [6.0111118, 60.6475197], [6.0109663, 60.6475235]]}, "properties": {"electrified": "contact_line", "frequency": "16.67", "gauge": "1435", "maxspeed": "70", "name": "Bergensbanen", "operator": "Bane NOR", "railway": "rail", "usage": "main", "voltage": "15000", "length_km": 0.424, "maxspeed_kmh": 70.0}}, {"type": "Feature", "geometry": {"type": "LineString", "coordinates": [[6.0175269, 60.6440625], [6.0173944, 60.6441493], [6.0172667, 60.6442384], [6.0171581, 60.6443248], [6.0169495, 60.6445083], [6.0166714, 60.644787], [6.0163797, 60.6451051], [6.016335, 60.6451554]]}, "properties": {"electrified": "contact_line", "frequency": "16.67", "gauge": "1435", "maxspeed": "80", "name": "Bergensbanen", "operator": "Bane NOR", "railway": "rail", "usage": "main", "voltage": "15000", "length_km": 0.139, "maxspeed_kmh": 80.0}}, {"type": "Feature", "geometry": {"type": "LineString", "coordinates": [[6.0176154, 60.6440059], [6.0175269, 60.6440625]]}, "properties": {"bridge": "yes", "electrified": "contact_line", "frequency": "16.67", "gauge": "1435", "maxspeed": "80", "name": "Bergensbanen", "operator": "Bane NOR", "railway": "rail", "usage": "main", "voltage": "15000", "length_km": 0.008, "maxspeed_kmh": 80.0}}, {"type": "Feature", "geometry": {"type": "LineString", "coordinates": [[6.0390464, 60.6411171], [6.0380428, 60.6411999]]}, "properties": {"electrified": "contact_line", "frequency": "16.67", "gauge": "1435", "maxspeed": "110", "name": "Bergensbanen", "operator": "Bane NOR", "railway": "rail", "usage": "main", "voltage": "15000", "length_km": 0.056, "maxspeed_kmh": 110.0}}, {"type": "Feature", "geometry": {"type": "LineString", "coordinates": [[6.1014219, 60.64643], [6.1009316, 60.6463635]]}, "properties": {"electrified": "contact_line", "frequency": "16.67", "gauge": "1435", "maxspeed": "80", "name": "Bergensbanen", "operator": "Bane NOR", "railway": "rail", "usage": "main", "voltage": "15000", "length_km": 0.028, "maxspeed_kmh": 80.0}}, {"type": "Feature", "geometry": {"type": "LineString", "coordinates": [[6.1161214, 60.6460801], [6.1158375, 60.6460957], [6.1155619, 60.6461164], [6.1152542, 60.6461515], [6.1148894, 60.6461949], [6.1143932, 60.6462613], [6.113844, 60.6463422], [6.1127771, 60.6465128], [6.1115514, 60.6467054], [6.1103578, 60.6468907], [6.1102218, 60.6469115], [6.1095069, 60.6470173], [6.1091973, 60.6470559], [6.1089533, 60.6470842], [6.1084548, 60.6471327], [6.1079465, 60.6471669], [6.1076139, 60.6471754], [6.1072803, 60.647179], [6.106997, 60.6471719], [6.1066832, 60.6471528], [6.1063378, 60.6471242], [6.105845, 60.6470657], [6.104984, 60.6469539], [6.1048133, 60.646931]]}, "properties": {"electrified": "contact_line", "frequency": "16.67", "gauge": "1435", "maxspeed": "40", "name": "Bergensbanen", "railway": "rail", "service": "siding", "voltage": "15000", "length_km": 0.64, "maxspeed_kmh": 40.0}}, {"type": "Feature", "geometry": {"type": "LineString", "coordinates": [[6.1511131, 60.6437131], [6.1501292, 60.6440483], [6.1498651, 60.644134], [6.1495926, 60.6442138], [6.1494494, 60.6442525], [6.1490407, 60.6443445], [6.1489188, 60.6443685], [6.1485195, 60.6444326], [6.1482082, 60.644471], [6.1479986, 60.6444912], [6.1475453, 60.6445206], [6.1467669, 60.6445563], [6.1463634, 60.6445798], [6.1459188, 60.6446206], [6.1456002, 60.6446629], [6.1451599, 60.64474], [6.1448637, 60.6448045], [6.1444605, 60.6449062], [6.1433855, 60.6451987], [6.1430811, 60.645272], [6.1426968, 60.6453549], [6.1422816, 60.6454298], [6.1418438, 60.645497], [6.1412146, 60.645579], [6.1405758, 60.6456474], [6.1399634, 60.6456986], [6.1395783, 60.6457205], [6.1391648, 60.6457326], [6.1389054, 60.6457318], [6.1386395, 60.6457263], [6.138262, 60.6457076], [6.1380107, 60.6456883], [6.1377147, 60.6456604], [6.1368205, 60.6455665], [6.1364572, 60.6455358], [6.1361394, 60.6455193], [6.135812, 60.6455139], [6.1355587, 60.6455162], [6.1349774, 60.6455364], [6.1338103, 60.6455976]]}, "properties": {"electrified": "contact_line", "frequency": "16.67", "gauge": "1435", "maxspeed": "75", "name": "Bergensbanen", "operator": "Bane NOR", "railway": "rail", "usage": "main", "voltage": "15000", "length_km": 0.999, "maxspeed_kmh": 75.0}}, {"type": "Feature", "geometry": {"type": "LineString", "coordinates": [[6.1984711, 60.6353726], [6.1982463, 60.6353896]]}, "properties": {"bridge": "yes", "electrified": "contact_line", "frequency": "16.67", "gauge": "1435", "maxspeed": "85", "name": "Bergensbanen", "operator": "Bane NOR", "railway": "rail", "usage": "main", "voltage": "15000", "length_km": 0.012, "maxspeed_kmh": 85.0}}, {"type": "Feature", "geometry": {"type": "LineString", "coordinates": [[6.1982463, 60.6353896], [6.1962425, 60.6355366], [6.195651, 60.6355868], [6.1950451, 60.6356572], [6.1947257, 60.6357037], [6.1942559, 60.6357838], [6.1937393, 60.6358905], [6.1928658, 60.6360994], [6.191519, 60.6364322], [6.1911991, 60.6365065], [6.1908759, 60.636575], [6.1905258, 60.6366402], [6.1902307, 60.6366845], [6.1899093, 60.6367248], [6.1895188, 60.6367597], [6.1893282, 60.6367724], [6.1889727, 60.6367898], [6.1885532, 60.6368034], [6.1863796, 60.6368575], [6.1857256, 60.636881], [6.1852184, 60.6369076], [6.1848288, 60.6369327], [6.1834735, 60.6370351], [6.1829938, 60.6370657], [6.1825523, 60.6370833], [6.1822641, 60.6370891], [6.181816, 60.6370887], [6.1811336, 60.6370684], [6.1758238, 60.6368327], [6.1745168, 60.6367747], [6.1739204, 60.6367582], [6.1736721, 60.6367575], [6.1735797, 60.6367563], [6.1733867, 60.6367594], [6.1730572, 60.6367731], [6.1729258, 60.6367822], [6.1727842, 60.6367924]]}, "properties": {"electrified": "contact_line", "frequency": "16.67", "gauge": "1435", "maxspeed": "85", "name": "Bergensbanen", "operator": "Bane NOR", "railway": "rail", "usage": "main", "voltage": "15000", "length_km": 1.429, "maxspeed_kmh": 85.0}}, {"type": "Feature", "geometry": {"type": "LineString", "coordinates": [[6.2018821, 60.6347589], [6.2017182, 60.6348083]]}, "properties": {"bridge": "yes", "electrified": "contact_line", "frequency": "16.67", "gauge": "1435", "maxspeed": "85", "name": "Bergensbanen", "operator": "Bane NOR", "railway": "rail", "usage": "main", "voltage": "15000", "length_km": 0.011, "maxspeed_kmh": 85.0}}, {"type": "Feature", "geometry": {"type": "LineString", "coordinates": [[6.2017182, 60.6348083], [6.2015074, 60.6348675], [6.2013342, 60.6349153], [6.200972, 60.6350042], [6.2005951, 60.6350858], [6.2001771, 60.6351665], [6.199765, 60.6352335], [6.199363, 60.6352884], [6.1992167, 60.6353048], [6.1989102, 60.6353379], [6.1984711, 60.6353726]]}, "properties": {"electrified": "contact_line", "frequency": "16.67", "gauge": "1435", "maxspeed": "85", "name": "Bergensbanen", "operator": "Bane NOR", "railway": "rail", "usage": "main", "voltage": "15000", "length_km": 0.19, "maxspeed_kmh": 85.0}}, {"type": "Feature", "geometry": {"type": "LineString", "coordinates": [[6.2409465, 60.6309132], [6.2374844, 60.6320766], [6.2364628, 60.6324228], [6.2352166, 60.6328409], [6.2348851, 60.6329424], [6.2345888, 60.6330257], [6.2341627, 60.63313], [6.2338945, 60.6331864], [6.2336353, 60.6332357], [6.2333562, 60.633282], [6.2330663, 60.6333226], [6.2327659, 60.6333581], [6.2324341, 60.6333904], [6.2321012, 60.6334138], [6.23174, 60.6334304], [6.2314658, 60.6334369], [6.2310419, 60.6334362], [6.2306321, 60.6334254], [6.2302503, 60.6334008], [6.2298889, 60.6333711], [6.2295842, 60.6333384], [6.229237, 60.6332944], [6.2288417, 60.6332316], [6.2284532, 60.6331586], [6.2280132, 60.6330669], [6.2261548, 60.6326258], [6.2257208, 60.6325342], [6.2252835, 60.6324541], [6.2248197, 60.6323817], [6.2243402, 60.6323227], [6.224041, 60.6322957], [6.2235805, 60.6322626], [6.2229806, 60.6322374], [6.2224588, 60.632232], [6.2212571, 60.6322307], [6.2208946, 60.6322238], [6.2205609, 60.6322099], [6.220227, 60.6321889], [6.2198938, 60.6321606], [6.2191917, 60.6320774], [6.2182296, 60.6319506], [6.2177943, 60.6318989]]}, "properties": {"electrified": "contact_line", "frequency": "16.67", "gauge": "1435", "maxspeed": "90", "name": "Bergensbanen", "operator": "Bane NOR", "railway": "rail", "usage": "main", "voltage": "15000", "length_km": 1.378, "maxspeed_kmh": 90.0}}, {"type": "Feature", "geometry": {"type": "LineString", "coordinates": [[5.820696, 60.5960569], [5.8204723, 60.5957593], [5.8202648, 60.5954848]]}, "properties": {"electrified": "contact_line", "frequency": "16.67", "gauge": "1435", "maxspeed": "70", "name": "Bergensbanen", "operator": "Bane NOR", "passenger_lines": "1", "railway": "rail", "usage": "main", "voltage": "15000", "length_km": 0.068, "maxspeed_kmh": 70.0}}, {"type": "Feature", "geometry": {"type": "LineString", "coordinates": [[5.8186701, 60.5890927], [5.8186526, 60.5889765], [5.8186435, 60.5889207]]}, "properties": {"electrified": "contact_line", "frequency": "16.67", "gauge": "1435", "maxspeed": "60", "name": "Bergensbanen", "operator": "Bane NOR", "passenger_lines": "1", "railway": "rail", "usage": "main", "voltage": "15000", "length_km": 0.019, "maxspeed_kmh": 60.0}}, {"type": "Feature", "geometry": {"type": "LineString", "coordinates": [[5.8131689, 60.5847886], [5.8125033, 60.5845063], [5.8123863, 60.5844588]]}, "properties": {"electrified": "contact_line", "frequency": "16.67", "gauge": "1435", "maxspeed": "80", "name": "Bergensbanen", "operator": "Bane NOR", "passenger_lines": "1", "railway": "rail", "usage": "main", "voltage": "15000", "length_km": 0.057, "maxspeed_kmh": 80.0}}, {"type": "Feature", "geometry": {"type": "LineString", "coordinates": [[5.7985537, 60.5796134], [5.7983202, 60.5796566], [5.7979457, 60.5797366], [5.7977517, 60.5797835], [5.797372, 60.5798762]]}, "properties": {"electrified": "contact_line", "frequency": "16.67", "gauge": "1435", "maxspeed": "80", "name": "Bergensbanen", "operator": "Bane NOR", "passenger_lines": "1", "railway": "rail", "usage": "main", "voltage": "15000", "length_km": 0.071, "maxspeed_kmh": 80.0}}, {"type": "Feature", "geometry": {"type": "LineString", "coordinates": [[5.7681745, 60.5774586], [5.7678322, 60.5772762]]}, "properties": {"electrified": "contact_line", "frequency": "16.67", "gauge": "1435", "maxspeed": "80", "name": "Bergensbanen", "operator": "Bane NOR", "passenger_lines": "1", "railway": "rail", "usage": "main", "voltage": "15000", "length_km": 0.028, "maxspeed_kmh": 80.0}}, {"type": "Feature", "geometry": {"type": "LineString", "coordinates": [[5.7484406, 60.5606633], [5.7482756, 60.5605115], [5.7480821, 60.5603393], [5.7478407, 60.5601587], [5.7477073, 60.5600738]]}, "properties": {"electrified": "contact_line", "frequency": "16.67", "gauge": "1435", "maxspeed": "65", "name": "Bergensbanen", "operator": "Bane NOR", "passenger_lines": "1", "railway": "rail", "usage": "main", "voltage": "15000", "length_km": 0.077, "maxspeed_kmh": 65.0}}, {"type": "Feature", "geometry": {"type": "LineString", "coordinates": [[5.7436757, 60.5586383], [5.7435927, 60.5585723], [5.7434505, 60.5584433]]}, "properties": {"electrified": "contact_line", "frequency": "16.67", "gauge": "1435", "maxspeed": "65", "name": "Bergensbanen", "operator": "Bane NOR", "passenger_lines": "1", "railway": "rail", "usage": "main", "voltage": "15000", "length_km": 0.025, "maxspeed_kmh": 65.0}}, {"type": "Feature", "geometry": {"type": "LineString", "coordinates": [[5.7360525, 60.5519776], [5.7359812, 60.5519089], [5.7359159, 60.5518394], [5.735848, 60.5517625], [5.7357948, 60.5516991], [5.7357326, 60.5516163], [5.7356574, 60.551507], [5.7355857, 60.5513976], [5.7354401, 60.5511584], [5.735377, 60.5510567], [5.7352667, 60.5508849], [5.7351612, 60.5507356], [5.7350765, 60.550625], [5.7349431, 60.5504681], [5.7347564, 60.5502719], [5.7346697, 60.5501862], [5.7346041, 60.5501234], [5.7345493, 60.5500733], [5.7345226, 60.5500504], [5.7343768, 60.5499253], [5.7337158, 60.5493784], [5.7329493, 60.5487499], [5.7327861, 60.5486165]]}, "properties": {"electrified": "contact_line", "frequency": "16.67", "gauge": "1435", "maxspeed": "65", "name": "Bergensbanen", "operator": "Bane NOR", "passenger_lines": "2", "railway": "rail", "usage": "main", "voltage": "15000", "length_km": 0.418, "maxspeed_kmh": 65.0}}, {"type": "Feature", "geometry": {"type": "LineString", "coordinates": [[5.7233706, 60.5334787], [5.7235782, 60.5330251], [5.7236317, 60.5329122]]}, "properties": {"electrified": "contact_line", "frequency": "16.67", "gauge": "1435", "maxspeed": "95", "name": "Bergensbanen", "operator": "Bane NOR", "passenger_lines": "1", "railway": "rail", "usage": "main", "voltage": "15000", "length_km": 0.065, "maxspeed_kmh": 95.0}}, {"type": "Feature", "geometry": {"type": "LineString", "coordinates": [[5.7236317, 60.5329122], [5.7237039, 60.5327396], [5.7237666, 60.5325671], [5.7238166, 60.532396], [5.7238495, 60.5322058], [5.7238563, 60.5320272], [5.7238408, 60.531796], [5.7238122, 60.5315702], [5.7237968, 60.5313385], [5.7238182, 60.5311375], [5.7238785, 60.5309473], [5.7240541, 60.5305957], [5.7241619, 60.5303903], [5.7241995, 60.530292], [5.724246, 60.5301639], [5.7242779, 60.5300001], [5.7242924, 60.5298099], [5.7242972, 60.5294018], [5.7243076, 60.5292344], [5.724321, 60.5291261]]}, "properties": {"electrified": "contact_line", "frequency": "16.67", "gauge": "1435", "maxspeed": "55", "name": "Bergensbanen", "operator": "Bane NOR", "passenger_lines": "1", "railway": "rail", "usage": "main", "voltage": "15000", "length_km": 0.427, "maxspeed_kmh": 55.0}}, {"type": "Feature", "geometry": {"type": "LineString", "coordinates": [[5.7244333, 60.5220367], [5.7244395, 60.5218969], [5.7244866, 60.5212794], [5.7245483, 60.5208999], [5.7245622, 60.5208422], [5.7246199, 60.52055], [5.7246535, 60.5204284], [5.7247434, 60.5201432], [5.7249316, 60.5197095], [5.7250342, 60.5195188], [5.7252056, 60.5192407], [5.7253657, 60.5189953], [5.7254796, 60.5188327]]}, "properties": {"electrified": "contact_line", "frequency": "16.67", "gauge": "1435", "maxspeed": "110", "name": "Bergensbanen", "operator": "Bane NOR", "passenger_lines": "1", "railway": "rail", "usage": "main", "voltage": "15000", "length_km": 0.365, "maxspeed_kmh": 110.0}}, {"type": "Feature", "geometry": {"type": "LineString", "coordinates": [[5.7278834, 60.5049682], [5.7278934, 60.5049094], [5.7279087, 60.5047782]]}, "properties": {"electrified": "contact_line", "frequency": "16.67", "gauge": "1435", "maxspeed": "110", "name": "Bergensbanen", "operator": "Bane NOR", "passenger_lines": "1", "railway": "rail", "tunnel": "avalanche_protector", "usage": "main", "voltage": "15000", "length_km": 0.021, "maxspeed_kmh": 110.0}}, {"type": "Feature", "geometry": {"type": "LineString", "coordinates": [[5.7279087, 60.5047782], [5.7279177, 60.5046842], [5.7279292, 60.5045255]]}, "properties": {"electrified": "contact_line", "frequency": "16.67", "gauge": "1435", "maxspeed": "70", "name": "Bergensbanen", "operator": "Bane NOR", "passenger_lines": "1", "railway": "rail", "tunnel": "avalanche_protector", "usage": "main", "voltage": "15000", "length_km": 0.028, "maxspeed_kmh": 70.0}}, {"type": "Feature", "geometry": {"type": "LineString", "coordinates": [[5.9504772, 60.6370697], [5.9498552, 60.6369461], [5.9491931, 60.6367939], [5.9486243, 60.6366502], [5.9480662, 60.6364969], [5.9476745, 60.6363815], [5.9472887, 60.6362612], [5.9469846, 60.6361617], [5.9466102, 60.6360332], [5.945953, 60.6357904], [5.9452437, 60.6355076], [5.9423858, 60.6343139]]}, "properties": {"electrified": "contact_line", "frequency": "16.67", "gauge": "1435", "maxspeed": "120", "name": "Bergensbanen", "operator": "Bane NOR", "passenger_lines": "1", "railway": "rail", "tunnel": "yes", "usage": "main", "voltage": "15000", "length_km": 0.543, "maxspeed_kmh": 120.0}}, {"type": "Feature", "geometry": {"type": "LineString", "coordinates": [[5.9519908, 60.6373341], [5.9515218, 60.6372619], [5.9510947, 60.6371888], [5.9504772, 60.6370697]]}, "properties": {"electrified": "contact_line", "frequency": "16.67", "gauge": "1435", "maxspeed": "120", "name": "Bergensbanen", "operator": "Bane NOR", "passenger_lines": "1", "railway": "rail", "usage": "main", "voltage": "15000", "length_km": 0.088, "maxspeed_kmh": 120.0}}, {"type": "Feature", "geometry": {"type": "LineString", "coordinates": [[5.9536202, 60.6375374], [5.9530333, 60.6374769], [5.95234, 60.6373867], [5.9519908, 60.6373341]]}, "properties": {"electrified": "contact_line", "frequency": "16.67", "gauge": "1435", "maxspeed": "120", "name": "Bergensbanen", "operator": "Bane NOR", "passenger_lines": "1", "railway": "rail", "tunnel": "yes", "usage": "main", "voltage": "15000", "length_km": 0.092, "maxspeed_kmh": 120.0}}, {"type": "Feature", "geometry": {"type": "LineString", "coordinates": [[5.9653112, 60.6382434], [5.9649338, 60.6381694], [5.9647064, 60.6381305], [5.964558, 60.6381082], [5.9644363, 60.6380916]]}, "properties": {"electrified": "contact_line", "frequency": "16.67", "gauge": "1435", "maxspeed": "80", "name": "Bergensbanen", "operator": "Bane NOR", "railway": "rail", "usage": "main", "voltage": "15000", "length_km": 0.051, "maxspeed_kmh": 80.0}}, {"type": "Feature", "geometry": {"type": "LineString", "coordinates": [[5.962577, 60.6379541], [5.962297, 60.6379507]]}, "properties": {"electrified": "contact_line", "frequency": "16.67", "gauge": "1435", "name": "Bergensbanen", "operator": "Bane NOR", "railway": "rail", "usage": "main", "voltage": "15000", "length_km": 0.015}}, {"type": "Feature", "geometry": {"type": "LineString", "coordinates": [[5.9876289, 60.6450415], [5.9874218, 60.6450603], [5.9869435, 60.6451094], [5.9865124, 60.6451595], [5.9861078, 60.6452129], [5.9856769, 60.6452752], [5.9847703, 60.6454211], [5.9839837, 60.6455629], [5.9815947, 60.6460119], [5.9809051, 60.6461351], [5.9806686, 60.6461718], [5.9803019, 60.6462177], [5.9800505, 60.6462414], [5.979618, 60.646271], [5.9791934, 60.6462836], [5.9790067, 60.6462839], [5.9787434, 60.6462816], [5.9784789, 60.6462733], [5.9782661, 60.6462645], [5.9778738, 60.6462412], [5.977229, 60.6461838], [5.9770017, 60.6461591]]}, "properties": {"electrified": "contact_line", "frequency": "16.67", "gauge": "1435", "maxspeed": "80", "name": "Bergensbanen", "operator": "Bane NOR", "railway": "rail", "usage": "main", "voltage": "15000", "length_km": 0.606, "maxspeed_kmh": 80.0}}, {"type": "Feature", "geometry": {"type": "LineString", "coordinates": [[6.0277909, 60.641162], [6.027584, 60.6411858], [6.0271538, 60.6412333]]}, "properties": {"electrified": "contact_line", "frequency": "16.67", "gauge": "1435", "maxspeed": "110", "name": "Bergensbanen", "operator": "Bane NOR", "railway": "rail", "usage": "main", "voltage": "15000", "length_km": 0.036, "maxspeed_kmh": 110.0}}, {"type": "Feature", "geometry": {"type": "LineString", "coordinates": [[6.0405643, 60.6409671], [6.0403724, 60.6409882], [6.0392577, 60.6410969], [6.0390464, 60.6411171]]}, "properties": {"electrified": "contact_line", "frequency": "16.67", "gauge": "1435", "name": "Bergensbanen", "operator": "Bane NOR", "railway": "rail", "usage": "main", "voltage": "15000", "length_km": 0.085}}, {"type": "Feature", "geometry": {"type": "LineString", "coordinates": [[6.1009316, 60.6463635], [6.0995316, 60.6461753]]}, "properties": {"electrified": "contact_line", "frequency": "16.67", "gauge": "1435", "name": "Bergensbanen", "operator": "Bane NOR", "railway": "rail", "usage": "main", "voltage": "15000", "length_km": 0.08}}, {"type": "Feature", "geometry": {"type": "LineString", "coordinates": [[6.1216312, 60.6465781], [6.1212547, 60.6464984], [6.1207248, 60.6463837], [6.1202937, 60.6462997], [6.1200683, 60.6462615], [6.1196631, 60.6462038], [6.1194427, 60.6461782], [6.1192243, 60.646158], [6.1188113, 60.6461277], [6.1180533, 60.6461019], [6.1170813, 60.6460782], [6.1166139, 60.6460742], [6.1163564, 60.6460754], [6.1161214, 60.6460801]]}, "properties": {"electrified": "contact_line", "frequency": "16.67", "gauge": "1435", "maxspeed": "80", "name": "Bergensbanen", "operator": "Bane NOR", "railway": "rail", "usage": "main", "voltage": "15000", "length_km": 0.311, "maxspeed_kmh": 80.0}}, {"type": "Feature", "geometry": {"type": "LineString", "coordinates": [[6.2177943, 60.6318989], [6.2173374, 60.6318504], [6.2168269, 60.6318081], [6.2163345, 60.6317764], [6.2159801, 60.6317579], [6.2108195, 60.6315177], [6.2104484, 60.6315012], [6.2098171, 60.6314846]]}, "properties": {"electrified": "contact_line", "frequency": "16.67", "gauge": "1435", "maxspeed": "90", "name": "Bergensbanen", "operator": "Bane NOR", "railway": "rail", "tunnel": "yes", "usage": "main", "voltage": "15000", "length_km": 0.44, "maxspeed_kmh": 90.0}}, {"type": "Feature", "geometry": {"type": "LineString", "coordinates": [[6.2660356, 60.6320477], [6.2657868, 60.6319982], [6.2655195, 60.6319419]]}, "properties": {"electrified": "contact_line", "frequency": "16.67", "gauge": "1435", "maxspeed": "70", "name": "Bergensbanen", "operator": "Bane NOR", "railway": "rail", "usage": "main", "voltage": "15000", "length_km": 0.031, "maxspeed_kmh": 70.0}}, {"type": "Feature", "geometry": {"type": "LineString", "coordinates": [[5.3380251, 60.3885181], [5.337467, 60.3888022]]}, "properties": {"electrified": "contact_line", "frequency": "16.67", "gauge": "1435", "name": "Bergensbanen", "operator": "Bane NOR", "railway": "rail", "service": "siding", "voltage": "15000", "length_km": 0.044}}, {"type": "Feature", "geometry": {"type": "LineString", "coordinates": [[5.4477917, 60.4132986], [5.3872857, 60.386438], [5.3862686, 60.3859912], [5.3853049, 60.3855825], [5.3844675, 60.3852388], [5.3834062, 60.384818], [5.3824736, 60.3844613], [5.3813101, 60.3840327], [5.3801295, 60.3836157], [5.3798525, 60.383519]]}, "properties": {"electrified": "contact_line", "frequency": "16.67", "gauge": "1435", "maxspeed": "130", "name": "Bergensbanen", "railway": "rail", "tunnel": "yes", "usage": "main", "voltage": "15000", "length_km": 5.02, "maxspeed_kmh": 130.0}}, {"type": "Feature", "geometry": {"type": "LineString", "coordinates": [[5.4621509, 60.4191783], [5.4606795, 60.4187851], [5.4602852, 60.418674], [5.4598975, 60.4185575], [5.4595183, 60.4184343], [5.4592214, 60.4183311], [5.4589305, 60.4182238], [5.4586456, 60.4181125], [5.4582982, 60.4179681], [5.4579575, 60.41782], [5.4572283, 60.4174858]]}, "properties": {"electrified": "contact_line", "frequency": "16.67", "gauge": "1435", "maxspeed": "110", "name": "Bergensbanen", "railway": "rail", "tunnel": "yes", "usage": "main", "voltage": "15000", "length_km": 0.333, "maxspeed_kmh": 110.0}}, {"type": "Feature", "geometry": {"type": "LineString", "coordinates": [[5.5575845, 60.4226461], [5.5570221, 60.4226551]]}, "properties": {"electrified": "contact_line", "frequency": "16.67", "gauge": "1435", "maxspeed": "75", "name": "Bergensbanen", "operator": "Bane NOR", "passenger_lines": "1", "railway": "rail", "usage": "main", "voltage": "15000", "length_km": 0.031, "maxspeed_kmh": 75.0}}, {"type": "Feature", "geometry": {"type": "LineString", "coordinates": [[5.5704895, 60.4265273], [5.5703838, 60.42645], [5.5702184, 60.4263398], [5.5701018, 60.4262659], [5.5698576, 60.4261234], [5.5695442, 60.4259678], [5.5692841, 60.4258559], [5.5689828, 60.4257414], [5.5688763, 60.4257044]]}, "properties": {"electrified": "contact_line", "frequency": "16.67", "gauge": "1435", "maxspeed": "75", "name": "Bergensbanen", "operator": "Bane NOR", "passenger_lines": "1", "railway": "rail", "usage": "main", "voltage": "15000", "length_km": 0.129, "maxspeed_kmh": 75.0}}, {"type": "Feature", "geometry": {"type": "LineString", "coordinates": [[5.5821084, 60.4301235], [5.5819298, 60.4301779], [5.5818218, 60.4302099]]}, "properties": {"electrified": "contact_line", "frequency": "16.67", "gauge": "1435", "maxspeed": "60", "name": "Bergensbanen", "operator": "Bane NOR", "passenger_lines": "1", "railway": "rail", "usage": "main", "voltage": "15000", "length_km": 0.019, "maxspeed_kmh": 60.0}}, {"type": "Feature", "geometry": {"type": "LineString", "coordinates": [[5.6067729, 60.4292207], [5.6066114, 60.4292335], [5.6063422, 60.4292526]]}, "properties": {"electrified": "contact_line", "frequency": "16.67", "gauge": "1435", "maxspeed": "60", "name": "Bergensbanen", "operator": "Bane NOR", "passenger_lines": "1", "railway": "rail", "usage": "main", "voltage": "15000", "length_km": 0.024, "maxspeed_kmh": 60.0}}, {"type": "Feature", "geometry": {"type": "LineString", "coordinates": [[5.7198712, 60.4525543], [5.7176184, 60.4525186], [5.7134286, 60.4524324], [5.7129343, 60.4524111], [5.7123513, 60.4523673], [5.7111974, 60.4522549], [5.7108372, 60.452227], [5.710363, 60.4522021], [5.7096281, 60.452184], [5.7062638, 60.4521224], [5.7049466, 60.4520717], [5.7038664, 60.4519987], [5.7025112, 60.4518905], [5.7011603, 60.4517696], [5.6998143, 60.4516364], [5.6984736, 60.4514905], [5.6982055, 60.4514564]]}, "properties": {"electrified": "contact_line", "frequency": "16.67", "gauge": "1435", "maxspeed": "80", "name": "Bergensbanen", "operator": "Bane NOR", "passenger_lines": "1", "railway": "rail", "tunnel": "yes", "usage": "main", "voltage": "15000", "length_km": 1.205, "maxspeed_kmh": 80.0}}, {"type": "Feature", "geometry": {"type": "LineString", "coordinates": [[7.1986949, 60.7203932], [7.1986083, 60.7206701]]}, "properties": {"electrified": "contact_line", "frequency": "16.67", "gauge": "1435", "maxspeed": "65", "name": "Bergensbanen", "operator": "Bane NOR", "passenger_lines": "1", "railway": "rail", "tunnel": "avalanche_protector", "usage": "main", "voltage": "15000", "length_km": 0.031, "maxspeed_kmh": 65.0}}, {"type": "Feature", "geometry": {"type": "LineString", "coordinates": [[7.2107152, 60.700914], [7.210785, 60.7009864]]}, "properties": {"electrified": "contact_line", "frequency": "16.67", "gauge": "1435", "name": "Bergensbanen", "operator": "Bane NOR", "passenger_lines": "1", "railway": "rail", "usage": "main", "voltage": "15000", "length_km": 0.009}}, {"type": "Feature", "geometry": {"type": "LineString", "coordinates": [[7.2135121, 60.7135251], [7.2135285, 60.7137409], [7.213552, 60.713864]]}, "properties": {"electrified": "contact_line", "frequency": "16.67", "gauge": "1435", "maxspeed": "60", "name": "Bergensbanen", "operator": "Bane NOR", "passenger_lines": "1", "railway": "rail", "tunnel": "avalanche_protector", "usage": "main", "voltage": "15000", "length_km": 0.038, "maxspeed_kmh": 60.0}}, {"type": "Feature", "geometry": {"type": "LineString", "coordinates": [[7.2140687, 60.7150692], [7.2141608, 60.7152435], [7.2142061, 60.7153763], [7.2142416, 60.7155549], [7.2142478, 60.7157343], [7.2142247, 60.7159135], [7.2141721, 60.7160911], [7.2141336, 60.7161669]]}, "properties": {"electrified": "contact_line", "frequency": "16.67", "gauge": "1435", "maxspeed": "60", "name": "Bergensbanen", "operator": "Bane NOR", "passenger_lines": "1", "railway": "rail", "tunnel": "avalanche_protector", "usage": "main", "voltage": "15000", "length_km": 0.124, "maxspeed_kmh": 60.0}}, {"type": "Feature", "geometry": {"type": "LineString", "coordinates": [[7.2117341, 60.71792], [7.2115749, 60.7179958], [7.2114312, 60.7180612], [7.2113112, 60.7181128], [7.2112095, 60.7181555], [7.2111473, 60.71818]]}, "properties": {"bridge": "yes", "electrified": "contact_line", "frequency": "16.67", "gauge": "1435", "maxspeed": "60", "name": "Bergensbanen", "operator": "Bane NOR", "passenger_lines": "1", "railway": "rail", "usage": "main", "voltage": "15000", "length_km": 0.043, "maxspeed_kmh": 60.0}}, {"type": "Feature", "geometry": {"type": "LineString", "coordinates": [[7.2188507, 60.6898531], [7.2184948, 60.6901266], [7.2182852, 60.6902738], [7.2180135, 60.6904544], [7.2176151, 60.6907005], [7.2173767, 60.6908368], [7.2171298, 60.6909693], [7.2168087, 60.6911292], [7.2167598, 60.6911558]]}, "properties": {"electrified": "contact_line", "frequency": "16.67", "gauge": "1435", "maxspeed": "70", "name": "Bergensbanen", "operator": "Bane NOR", "passenger_lines": "1", "railway": "rail", "tunnel": "avalanche_protector", "usage": "main", "voltage": "15000", "length_km": 0.186, "maxspeed_kmh": 70.0}}, {"type": "Feature", "geometry": {"type": "LineString", "coordinates": [[7.2195162, 60.6892499], [7.2192139, 60.6895358]]}, "properties": {"electrified": "contact_line", "frequency": "16.67", "gauge": "1435", "maxspeed": "70", "name": "Bergensbanen", "operator": "Bane NOR", "passenger_lines": "1", "railway": "rail", "tunnel": "yes", "usage": "main", "voltage": "15000", "length_km": 0.036, "maxspeed_kmh": 70.0}}, {"type": "Feature", "geometry": {"type": "LineString", "coordinates": [[7.2207835, 60.6878824], [7.2199865, 60.6887898], [7.2197865, 60.6889941], [7.2195162, 60.6892499]]}, "properties": {"electrified": "contact_line", "frequency": "16.67", "gauge": "1435", "maxspeed": "70", "name": "Bergensbanen", "operator": "Bane NOR", "passenger_lines": "1", "railway": "rail", "tunnel": "yes", "usage": "main", "voltage": "15000", "length_km": 0.168, "maxspeed_kmh": 70.0}}, {"type": "Feature", "geometry": {"type": "LineString", "coordinates": [[7.225019, 60.6854705], [7.2243119, 60.6857998], [7.2231367, 60.6863], [7.2229524, 60.6863758], [7.2228511, 60.686421], [7.2226664, 60.6865078], [7.2224705, 60.6866073], [7.2222746, 60.6867103], [7.2219908, 60.686877], [7.2218188, 60.6869867], [7.2217018, 60.6870635], [7.2215913, 60.6871424], [7.2214526, 60.6872452], [7.2213119, 60.6873566], [7.2211898, 60.6874808], [7.2210185, 60.6876396], [7.2207835, 60.6878824]]}, "properties": {"electrified": "contact_line", "frequency": "16.67", "gauge": "1435", "maxspeed": "70", "name": "Bergensbanen", "operator": "Bane NOR", "passenger_lines": "1", "railway": "rail", "tunnel": "avalanche_protector", "usage": "main", "voltage": "15000", "length_km": 0.359, "maxspeed_kmh": 70.0}}, {"type": "Feature", "geometry": {"type": "LineString", "coordinates": [[7.2259009, 60.6850244], [7.2257457, 60.6851069], [7.2253676, 60.6853022], [7.225019, 60.6854705]]}, "properties": {"electrified": "contact_line", "frequency": "16.67", "gauge": "1435", "maxspeed": "70", "name": "Bergensbanen", "operator": "Bane NOR", "passenger_lines": "1", "railway": "rail", "tunnel": "yes", "usage": "main", "voltage": "15000", "length_km": 0.069, "maxspeed_kmh": 70.0}}, {"type": "Feature", "geometry": {"type": "LineString", "coordinates": [[7.228221, 60.6836512], [7.2271119, 60.6843217], [7.2264721, 60.6847029], [7.2261139, 60.684907], [7.2259009, 60.6850244]]}, "properties": {"electrified": "contact_line", "frequency": "16.67", "gauge": "1435", "maxspeed": "70", "name": "Bergensbanen", "operator": "Bane NOR", "passenger_lines": "1", "railway": "rail", "tunnel": "avalanche_protector", "usage": "main", "voltage": "15000", "length_km": 0.199, "maxspeed_kmh": 70.0}}, {"type": "Feature", "geometry": {"type": "LineString", "coordinates": [[7.228682, 60.6833668], [7.228221, 60.6836512]]}, "properties": {"electrified": "contact_line", "frequency": "16.67", "gauge": "1435", "maxspeed": "70", "name": "Bergensbanen", "operator": "Bane NOR", "passenger_lines": "1", "railway": "rail", "tunnel": "yes", "usage": "main", "voltage": "15000", "length_km": 0.041, "maxspeed_kmh": 70.0}}, {"type": "Feature", "geometry": {"type": "LineString", "coordinates": [[7.2356385, 60.6786047], [7.235168, 60.6789906], [7.2345493, 60.679489], [7.2340092, 60.6799057], [7.2333514, 60.680392], [7.232778, 60.6807977], [7.2321346, 60.6812343], [7.2315289, 60.6816286], [7.231192, 60.6818413], [7.230564, 60.6822272], [7.228682, 60.6833668]]}, "properties": {"electrified": "contact_line", "frequency": "16.67", "gauge": "1435", "maxspeed": "70", "name": "Bergensbanen", "operator": "Bane NOR", "passenger_lines": "1", "railway": "rail", "tunnel": "avalanche_protector", "usage": "main", "voltage": "15000", "length_km": 0.655, "maxspeed_kmh": 70.0}}, {"type": "Feature", "geometry": {"type": "LineString", "coordinates": [[7.2384526, 60.6729396], [7.2382395, 60.6734109], [7.2381277, 60.6736746], [7.2380109, 60.6739835], [7.2379371, 60.674205], [7.2378523, 60.6744663]]}, "properties": {"electrified": "contact_line", "frequency": "16.67", "gauge": "1435", "maxspeed": "70", "name": "Bergensbanen", "operator": "Bane NOR", "passenger_lines": "1", "railway": "rail", "tunnel": "avalanche_protector", "usage": "main", "voltage": "15000", "length_km": 0.174, "maxspeed_kmh": 70.0}}, {"type": "Feature", "geometry": {"type": "LineString", "coordinates": [[7.2378523, 60.6744663], [7.2378372, 60.674606], [7.2378158, 60.6747401], [7.2377932, 60.6749643], [7.2377685, 60.6757273], [7.2377459, 60.6759064], [7.2377087, 60.6760851], [7.2376413, 60.676307], [7.2375511, 60.676527], [7.2374625, 60.6767012], [7.2373313, 60.6769162], [7.237145, 60.6771695], [7.2369658, 60.677376], [7.2367256, 60.6776181], [7.2362972, 60.6780147], [7.2356385, 60.6786047]]}, "properties": {"electrified": "contact_line", "frequency": "16.67", "gauge": "1435", "maxspeed": "70", "name": "Bergensbanen", "operator": "Bane NOR", "passenger_lines": "1", "railway": "rail", "tunnel": "yes", "usage": "main", "voltage": "15000", "length_km": 0.486, "maxspeed_kmh": 70.0}}, {"type": "Feature", "geometry": {"type": "LineString", "coordinates": [[7.2411082, 60.6710418], [7.2407742, 60.671157], [7.2404889, 60.6712694], [7.2402121, 60.6713869], [7.2399491, 60.6715117], [7.2397632, 60.6716107], [7.2395876, 60.6717142], [7.2393705, 60.6718587], [7.2392208, 60.6719715], [7.2391275, 60.6720488], [7.238957, 60.6722075], [7.2388085, 60.6723716], [7.2386825, 60.6725402], [7.2385787, 60.6727123], [7.2384526, 60.6729396]]}, "properties": {"electrified": "contact_line", "frequency": "16.67", "gauge": "1435", "maxspeed": "70", "name": "Bergensbanen", "operator": "Bane NOR", "passenger_lines": "1", "railway": "rail", "tunnel": "yes", "usage": "main", "voltage": "15000", "length_km": 0.264, "maxspeed_kmh": 70.0}}, {"type": "Feature", "geometry": {"type": "LineString", "coordinates": [[7.2764829, 60.6572802], [7.2762625, 60.6573173], [7.2759594, 60.6573611], [7.2752747, 60.6574577]]}, "properties": {"electrified": "contact_line", "frequency": "16.67", "gauge": "1435", "maxspeed": "70", "name": "Bergensbanen", "operator": "Bane NOR", "passenger_lines": "1", "railway": "rail", "tunnel": "yes", "usage": "main", "voltage": "15000", "length_km": 0.069, "maxspeed_kmh": 70.0}}, {"type": "Feature", "geometry": {"type": "LineString", "coordinates": [[7.2752747, 60.6574577], [7.2734706, 60.6577201]]}, "properties": {"electrified": "contact_line", "frequency": "16.67", "gauge": "1435", "maxspeed": "70", "name": "Bergensbanen", "operator": "Bane NOR", "passenger_lines": "1", "railway": "rail", "tunnel": "avalanche_protector", "usage": "main", "voltage": "15000", "length_km": 0.103, "maxspeed_kmh": 70.0}}, {"type": "Feature", "geometry": {"type": "LineString", "coordinates": [[7.2804692, 60.6559094], [7.2802311, 60.6560581], [7.2799949, 60.6561914]]}, "properties": {"electrified": "contact_line", "frequency": "16.67", "gauge": "1435", "maxspeed": "70", "name": "Bergensbanen", "operator": "Bane NOR", "passenger_lines": "1", "railway": "rail", "tunnel": "avalanche_protector", "usage": "main", "voltage": "15000", "length_km": 0.041, "maxspeed_kmh": 70.0}}, {"type": "Feature", "geometry": {"type": "LineString", "coordinates": [[7.2819942, 60.6544082], [7.2818384, 60.6545469], [7.2817072, 60.6546698]]}, "properties": {"electrified": "contact_line", "frequency": "16.67", "gauge": "1435", "maxspeed": "70", "name": "Bergensbanen", "operator": "Bane NOR", "passenger_lines": "1", "railway": "rail", "tunnel": "avalanche_protector", "usage": "main", "voltage": "15000", "length_km": 0.033, "maxspeed_kmh": 70.0}}, {"type": "Feature", "geometry": {"type": "LineString", "coordinates": [[7.2693302, 60.6583402], [7.2691139, 60.6583773], [7.268877, 60.6584229], [7.2684084, 60.6585208]]}, "properties": {"electrified": "contact_line", "frequency": "16.67", "gauge": "1435", "maxspeed": "70", "name": "Bergensbanen", "operator": "Bane NOR", "passenger_lines": "1", "railway": "rail", "tunnel": "yes", "usage": "main", "voltage": "15000", "length_km": 0.054, "maxspeed_kmh": 70.0}}, {"type": "Feature", "geometry": {"type": "LineString", "coordinates": [[7.2708905, 60.6580966], [7.270344, 60.6581712], [7.2696474, 60.6582809], [7.2693302, 60.6583402]]}, "properties": {"electrified": "contact_line", "frequency": "16.67", "gauge": "1435", "maxspeed": "70", "name": "Bergensbanen", "operator": "Bane NOR", "passenger_lines": "1", "railway": "rail", "tunnel": "avalanche_protector", "usage": "main", "voltage": "15000", "length_km": 0.09, "maxspeed_kmh": 70.0}}, {"type": "Feature", "geometry": {"type": "LineString", "coordinates": [[7.2568236, 60.6653266], [7.2568517, 60.6654514], [7.2568656, 60.6655142], [7.2568708, 60.6655859], [7.2568691, 60.6656696], [7.2568679, 60.6657121], [7.2568591, 60.6657624]]}, "properties": {"electrified": "contact_line", "frequency": "16.67", "gauge": "1435", "maxspeed": "60", "name": "Bergensbanen", "operator": "Bane NOR", "passenger_lines": "1", "railway": "rail", "tunnel": "yes", "usage": "main", "voltage": "15000", "length_km": 0.049, "maxspeed_kmh": 60.0}}, {"type": "Feature", "geometry": {"type": "LineString", "coordinates": [[7.2578477, 60.6616387], [7.2573599, 60.6619446], [7.2571804, 60.662062], [7.2570762, 60.6621374]]}, "properties": {"electrified": "contact_line", "frequency": "16.67", "gauge": "1435", "maxspeed": "60", "name": "Bergensbanen", "operator": "Bane NOR", "passenger_lines": "1", "railway": "rail", "tunnel": "avalanche_protector", "usage": "main", "voltage": "15000", "length_km": 0.07, "maxspeed_kmh": 60.0}}, {"type": "Feature", "geometry": {"type": "LineString", "coordinates": [[7.2570762, 60.6621374], [7.2569474, 60.6622389], [7.2568367, 60.6623371], [7.2567199, 60.6624558], [7.2566307, 60.6625787], [7.256562, 60.6626738]]}, "properties": {"electrified": "contact_line", "frequency": "16.67", "gauge": "1435", "maxspeed": "60", "name": "Bergensbanen", "operator": "Bane NOR", "passenger_lines": "1", "railway": "rail", "tunnel": "yes", "usage": "main", "voltage": "15000", "length_km": 0.066, "maxspeed_kmh": 60.0}}, {"type": "Feature", "geometry": {"type": "LineString", "coordinates": [[7.2564534, 60.6667656], [7.2561532, 60.6669395]]}, "properties": {"electrified": "no", "gauge": "1435", "maxspeed": "40", "name": "Bergensbanen", "railway": "rail", "service": "siding", "voltage": "15000", "length_km": 0.025, "maxspeed_kmh": 40.0}}, {"type": "Feature", "geometry": {"type": "LineString", "coordinates": [[7.2481647, 60.6687637], [7.2479216, 60.668821], [7.2476718, 60.6688768], [7.2474262, 60.668937], [7.2471058, 60.6690237], [7.246714, 60.6691395], [7.2465384, 60.6691924]]}, "properties": {"electrified": "contact_line", "frequency": "16.67", "gauge": "1435", "maxspeed": "70", "name": "Bergensbanen", "operator": "Bane NOR", "passenger_lines": "1", "railway": "rail", "tunnel": "yes", "usage": "main", "voltage": "15000", "length_km": 0.101, "maxspeed_kmh": 70.0}}, {"type": "Feature", "geometry": {"type": "LineString", "coordinates": [[7.2465357, 60.6692923], [7.2453276, 60.669577]]}, "properties": {"electrified": "contact_line", "frequency": "16.67", "gauge": "1435", "maxspeed": "40", "name": "Bergensbanen", "railway": "rail", "service": "siding", "tunnel": "avalanche_protector", "voltage": "15000", "length_km": 0.073, "maxspeed_kmh": 40.0}}, {"type": "Feature", "geometry": {"type": "LineString", "coordinates": [[7.2441334, 60.6699623], [7.2433531, 60.6702268]]}, "properties": {"electrified": "contact_line", "frequency": "16.67", "gauge": "1435", "maxspeed": "70", "name": "Bergensbanen", "operator": "Bane NOR", "passenger_lines": "1", "railway": "rail", "tunnel": "avalanche_protector", "usage": "main", "voltage": "15000", "length_km": 0.052, "maxspeed_kmh": 70.0}}, {"type": "Feature", "geometry": {"type": "LineString", "coordinates": [[7.2484028, 60.6688242], [7.2478531, 60.6689566], [7.2474977, 60.6690427], [7.2470686, 60.6691557], [7.2465357, 60.6692923]]}, "properties": {"electrified": "contact_line", "frequency": "16.67", "gauge": "1435", "maxspeed": "40", "name": "Bergensbanen", "railway": "rail", "service": "siding", "tunnel": "yes", "voltage": "15000", "length_km": 0.115, "maxspeed_kmh": 40.0}}, {"type": "Feature", "geometry": {"type": "LineString", "coordinates": [[7.2561532, 60.6669395], [7.2559494, 60.6670613], [7.2557455, 60.6671733], [7.255427, 60.6673267], [7.2551782, 60.6674328], [7.2550039, 60.6674988], [7.2548307, 60.667552]]}, "properties": {"electrified": "no", "gauge": "1435", "maxspeed": "40", "name": "Bergensbanen", "railway": "rail", "service": "siding", "tunnel": "avalanche_protector", "voltage": "15000", "length_km": 0.1, "maxspeed_kmh": 40.0}}, {"type": "Feature", "geometry": {"type": "LineString", "coordinates": [[7.3120492, 60.6537066], [7.3117685, 60.6537111], [7.3114318, 60.6537096], [7.3110699, 60.6536986], [7.3106316, 60.6536782], [7.3102252, 60.6536521]]}, "properties": {"electrified": "contact_line", "frequency": "16.67", "gauge": "1435", "maxspeed": "95", "name": "Bergensbanen", "operator": "Bane NOR", "passenger_lines": "1", "railway": "rail", "tunnel": "avalanche_protector", "usage": "main", "voltage": "15000", "length_km": 0.1, "maxspeed_kmh": 95.0}}, {"type": "Feature", "geometry": {"type": "LineString", "coordinates": [[7.3037233, 60.6531507], [7.3022168, 60.6530389], [7.3017617, 60.6530179], [7.3013962, 60.653014], [7.3011438, 60.6530168]]}, "properties": {"electrified": "contact_line", "frequency": "16.67", "gauge": "1435", "maxspeed": "60", "name": "Bergensbanen", "operator": "Bane NOR", "passenger_lines": "1", "railway": "rail", "tunnel": "yes", "usage": "main", "voltage": "15000", "length_km": 0.142, "maxspeed_kmh": 60.0}}, {"type": "Feature", "geometry": {"type": "LineString", "coordinates": [[7.3011438, 60.6530168], [7.3009397, 60.6530261], [7.3004869, 60.6530568], [7.3000411, 60.6531061], [7.2997782, 60.6531444], [7.2995195, 60.6531892], [7.2992656, 60.6532403], [7.2991396, 60.6532665]]}, "properties": {"electrified": "contact_line", "frequency": "16.67", "gauge": "1435", "maxspeed": "60", "name": "Bergensbanen", "operator": "Bane NOR", "passenger_lines": "1", "railway": "rail", "tunnel": "avalanche_protector", "usage": "main", "voltage": "15000", "length_km": 0.114, "maxspeed_kmh": 60.0}}, {"type": "Feature", "geometry": {"type": "LineString", "coordinates": [[7.2991396, 60.6532665], [7.2987754, 60.6533609], [7.2985401, 60.6534301], [7.2983875, 60.6534795], [7.2981649, 60.6535582], [7.2980287, 60.6536079], [7.297938, 60.6536393]]}, "properties": {"electrified": "contact_line", "frequency": "16.67", "gauge": "1435", "maxspeed": "60", "name": "Bergensbanen", "operator": "Bane NOR", "passenger_lines": "1", "railway": "rail", "tunnel": "yes", "usage": "main", "voltage": "15000", "length_km": 0.078, "maxspeed_kmh": 60.0}}, {"type": "Feature", "geometry": {"type": "LineString", "coordinates": [[7.297938, 60.6536393], [7.2977452, 60.6537315], [7.2974854, 60.6538578], [7.2972376, 60.6539899], [7.2967525, 60.6542587], [7.2964354, 60.6544203], [7.2962326, 60.654511], [7.2960917, 60.6545682], [7.2958964, 60.6546411]]}, "properties": {"electrified": "contact_line", "frequency": "16.67", "gauge": "1435", "maxspeed": "60", "name": "Bergensbanen", "operator": "Bane NOR", "passenger_lines": "1", "railway": "rail", "tunnel": "avalanche_protector", "usage": "main", "voltage": "15000", "length_km": 0.158, "maxspeed_kmh": 60.0}}, {"type": "Feature", "geometry": {"type": "LineString", "coordinates": [[7.2868116, 60.6533679], [7.2865228, 60.6533509], [7.2862769, 60.653342], [7.2860031, 60.6533343], [7.2858202, 60.6533338], [7.2855462, 60.6533397], [7.2853641, 60.6533481], [7.2851829, 60.6533601], [7.2848769, 60.6533916]]}, "properties": {"electrified": "contact_line", "frequency": "16.67", "gauge": "1435", "maxspeed": "60", "name": "Bergensbanen", "operator": "Bane NOR", "passenger_lines": "1", "railway": "rail", "tunnel": "yes", "usage": "main", "voltage": "15000", "length_km": 0.107, "maxspeed_kmh": 60.0}}, {"type": "Feature", "geometry": {"type": "LineString", "coordinates": [[7.2848769, 60.6533916], [7.2847354, 60.6534056], [7.2844721, 60.6534435], [7.2842995, 60.653473], [7.2840452, 60.6535236], [7.2837977, 60.6535816], [7.2835579, 60.6536468], [7.2833263, 60.653719], [7.2831192, 60.6537936]]}, "properties": {"electrified": "contact_line", "frequency": "16.67", "gauge": "1435", "maxspeed": "60", "name": "Bergensbanen", "operator": "Bane NOR", "passenger_lines": "1", "railway": "rail", "tunnel": "avalanche_protector", "usage": "main", "voltage": "15000", "length_km": 0.107, "maxspeed_kmh": 60.0}}, {"type": "Feature", "geometry": {"type": "LineString", "coordinates": [[10.2358367, 60.1675434], [10.2356684, 60.1674633], [10.2353013, 60.1672958], [10.2348661, 60.1671127], [10.2343638, 60.1669197], [10.2338766, 60.1667483], [10.2332645, 60.1665534], [10.232777, 60.1664129], [10.232322, 60.1662936], [10.2319722, 60.1662065], [10.2315474, 60.1661094], [10.23115, 60.1660262], [10.2307808, 60.1659544], [10.2304899, 60.1659026], [10.2298709, 60.1658016], [10.2296055, 60.1657643], [10.2290735, 60.1656958], [10.2284988, 60.1656325], [10.227816, 60.1655777], [10.2274754, 60.1655547], [10.2271766, 60.165539], [10.2263351, 60.1655104], [10.2260722, 60.1655067], [10.2257864, 60.1655077], [10.2255307, 60.1655131], [10.2252141, 60.1655263], [10.224975, 60.1655434], [10.2247275, 60.1655657], [10.22445, 60.1655989], [10.2241935, 60.1656363], [10.2238825, 60.1656907], [10.2235783, 60.1657528], [10.2233006, 60.1658204], [10.2230482, 60.1658892], [10.222749, 60.1659822], [10.2223918, 60.1661123], [10.2221043, 60.1662343], [10.2218281, 60.1663678], [10.2215749, 60.1665075], [10.2213397, 60.1666491], [10.2211503, 60.1667715]]}, "properties": {"electrified": "contact_line", "frequency": "16.67", "gauge": "1435", "maxspeed": "80", "name": "Bergensbanen", "operator": "Bane NOR", "passenger_lines": "1", "railway": "rail", "usage": "main", "voltage": "15000", "length_km": 0.923, "maxspeed_kmh": 80.0}}, {"type": "Feature", "geometry": {"type": "LineString", "coordinates": [[10.2362997, 60.1677793], [10.235901, 60.1675762], [10.2358367, 60.1675434]]}, "properties": {"electrified": "contact_line", "frequency": "16.67", "gauge": "1435", "maxspeed": "60", "name": "Bergensbanen", "operator": "Bane NOR", "passenger_lines": "1", "railway": "rail", "usage": "main", "voltage": "15000", "length_km": 0.037, "maxspeed_kmh": 60.0}}, {"type": "Feature", "geometry": {"type": "LineString", "coordinates": [[9.4627042, 60.4405034], [9.462426, 60.4405959]]}, "properties": {"bridge": "yes", "electrified": "contact_line", "frequency": "16.67", "gauge": "1435", "maxspeed": "110", "name": "Bergensbanen", "operator": "Bane NOR", "passenger_lines": "1", "railway": "rail", "usage": "main", "voltage": "15000", "length_km": 0.018, "maxspeed_kmh": 110.0}}, {"type": "Feature", "geometry": {"type": "LineString", "coordinates": [[9.4687374, 60.437014], [9.4686733, 60.4370792], [9.4682416, 60.4374831], [9.4678337, 60.4378256], [9.4674817, 60.4380966], [9.4672866, 60.4382393], [9.4670815, 60.438381], [9.4667217, 60.4386186], [9.4664093, 60.4388153], [9.4657619, 60.4391846], [9.4652744, 60.4394386], [9.4647828, 60.4396732], [9.4644135, 60.4398387], [9.4638831, 60.4400624], [9.4633679, 60.4402629], [9.4629257, 60.4404234], [9.4627042, 60.4405034]]}, "properties": {"electrified": "contact_line", "frequency": "16.67", "gauge": "1435", "maxspeed": "110", "name": "Bergensbanen", "operator": "Bane NOR", "passenger_lines": "1", "railway": "rail", "usage": "main", "voltage": "15000", "length_km": 0.517, "maxspeed_kmh": 110.0}}, {"type": "Feature", "geometry": {"type": "LineString", "coordinates": [[7.2421127, 60.6706602], [7.2417922, 60.6707756], [7.2411082, 60.6710418]]}, "properties": {"electrified": "contact_line", "frequency": "16.67", "gauge": "1435", "maxspeed": "70", "name": "Bergensbanen", "operator": "Bane NOR", "passenger_lines": "1", "railway": "rail", "tunnel": "avalanche_protector", "usage": "main", "voltage": "15000", "length_km": 0.07, "maxspeed_kmh": 70.0}}, {"type": "Feature", "geometry": {"type": "LineString", "coordinates": [[7.2121961, 60.6925341], [7.2121284, 60.6925532], [7.2120316, 60.6925817], [7.2119219, 60.6926177], [7.2118184, 60.6926535], [7.2117103, 60.6926925], [7.211622, 60.6927261], [7.2115483, 60.6927555], [7.2115059, 60.6927733], [7.2114365, 60.692803], [7.2113924, 60.6928221], [7.2113132, 60.6928592], [7.2112387, 60.6928947], [7.2111377, 60.6929469], [7.2110764, 60.6929797]]}, "properties": {"electrified": "contact_line", "frequency": "16.67", "gauge": "1435", "maxspeed": "70", "name": "Bergensbanen", "operator": "Bane NOR", "passenger_lines": "1", "railway": "rail", "tunnel": "avalanche_protector", "usage": "main", "voltage": "15000", "length_km": 0.079, "maxspeed_kmh": 70.0}}, {"type": "Feature", "geometry": {"type": "LineString", "coordinates": [[7.2122698, 60.7022287], [7.212351, 60.7023031], [7.2124636, 60.7024259], [7.2125967, 60.7025932], [7.2127406, 60.7028063], [7.2128456, 60.7029783], [7.2130361, 60.703325], [7.2131527, 60.70357]]}, "properties": {"electrified": "contact_line", "frequency": "16.67", "gauge": "1435", "name": "Bergensbanen", "operator": "Bane NOR", "passenger_lines": "1", "railway": "rail", "tunnel": "yes", "usage": "main", "voltage": "15000", "length_km": 0.158}}, {"type": "Feature", "geometry": {"type": "LineString", "coordinates": [[7.2131527, 60.70357], [7.2132009, 60.7036748], [7.2134156, 60.7042031], [7.2135138, 60.7044223], [7.2136298, 60.7046394], [7.2137359, 60.7048113], [7.2139169, 60.7050655], [7.2141239, 60.7053149], [7.2142235, 60.7054197], [7.2142732, 60.705472]]}, "properties": {"electrified": "contact_line", "frequency": "16.67", "gauge": "1435", "name": "Bergensbanen", "operator": "Bane NOR", "passenger_lines": "1", "railway": "rail", "tunnel": "avalanche_protector", "usage": "main", "voltage": "15000", "length_km": 0.222}}, {"type": "Feature", "geometry": {"type": "LineString", "coordinates": [[7.1827984, 60.7286468], [7.1826145, 60.7287769], [7.1825026, 60.7288554]]}, "properties": {"electrified": "contact_line", "frequency": "16.67", "gauge": "1435", "maxspeed": "65", "name": "Bergensbanen", "operator": "Bane NOR", "passenger_lines": "1", "railway": "rail", "tunnel": "avalanche_protector", "usage": "main", "voltage": "15000", "length_km": 0.028, "maxspeed_kmh": 65.0}}, {"type": "Feature", "geometry": {"type": "LineString", "coordinates": [[7.1884323, 60.7267421], [7.1880877, 60.7268807], [7.1876569, 60.727048], [7.187285, 60.7271792], [7.1870019, 60.7272721]]}, "properties": {"electrified": "contact_line", "frequency": "16.67", "gauge": "1435", "maxspeed": "65", "name": "Bergensbanen", "operator": "Bane NOR", "passenger_lines": "1", "railway": "rail", "tunnel": "avalanche_protector", "usage": "main", "voltage": "15000", "length_km": 0.098, "maxspeed_kmh": 65.0}}, {"type": "Feature", "geometry": {"type": "LineString", "coordinates": [[7.1915918, 60.7248345], [7.1913165, 60.7249952], [7.1910772, 60.7251389]]}, "properties": {"electrified": "contact_line", "frequency": "16.67", "gauge": "1435", "maxspeed": "65", "name": "Bergensbanen", "operator": "Bane NOR", "passenger_lines": "1", "railway": "rail", "tunnel": "yes", "usage": "main", "voltage": "15000", "length_km": 0.044, "maxspeed_kmh": 65.0}}, {"type": "Feature", "geometry": {"type": "LineString", "coordinates": [[7.1910772, 60.7251389], [7.1906973, 60.7253847], [7.1901782, 60.7257355]]}, "properties": {"electrified": "contact_line", "frequency": "16.67", "gauge": "1435", "maxspeed": "65", "name": "Bergensbanen", "operator": "Bane NOR", "passenger_lines": "1", "railway": "rail", "tunnel": "avalanche_protector", "usage": "main", "voltage": "15000", "length_km": 0.083, "maxspeed_kmh": 65.0}}, {"type": "Feature", "geometry": {"type": "LineString", "coordinates": [[7.2031176, 60.7183448], [7.2027162, 60.7183655], [7.2023546, 60.7183945], [7.2019989, 60.7184376], [7.2016515, 60.7184945], [7.2013975, 60.718546], [7.2010694, 60.7186261], [7.2007557, 60.7187187], [7.200458, 60.7188233], [7.2002464, 60.7189092], [7.2001226, 60.718967]]}, "properties": {"electrified": "contact_line", "frequency": "16.67", "gauge": "1435", "maxspeed": "60", "name": "Bergensbanen", "operator": "Bane NOR", "passenger_lines": "1", "railway": "rail", "tunnel": "avalanche_protector", "usage": "main", "voltage": "15000", "length_km": 0.182, "maxspeed_kmh": 60.0}}, {"type": "Feature", "geometry": {"type": "LineString", "coordinates": [[7.2041266, 60.7183805], [7.2039953, 60.7183738], [7.2035393, 60.7183525], [7.2032643, 60.7183456], [7.2031176, 60.7183448]]}, "properties": {"electrified": "contact_line", "frequency": "16.67", "gauge": "1435", "maxspeed": "60", "name": "Bergensbanen", "operator": "Bane NOR", "passenger_lines": "1", "railway": "rail", "tunnel": "yes", "usage": "main", "voltage": "15000", "length_km": 0.055, "maxspeed_kmh": 60.0}}, {"type": "Feature", "geometry": {"type": "LineString", "coordinates": [[7.2045171, 60.718409], [7.2041266, 60.7183805]]}, "properties": {"electrified": "contact_line", "frequency": "16.67", "gauge": "1435", "maxspeed": "60", "name": "Bergensbanen", "operator": "Bane NOR", "passenger_lines": "1", "railway": "rail", "tunnel": "avalanche_protector", "usage": "main", "voltage": "15000", "length_km": 0.022, "maxspeed_kmh": 60.0}}, {"type": "Feature", "geometry": {"type": "LineString", "coordinates": [[7.1825026, 60.7288554], [7.1819631, 60.7292654], [7.1817435, 60.7294092], [7.181565, 60.7295037], [7.1814748, 60.7295481]]}, "properties": {"electrified": "contact_line", "frequency": "16.67", "gauge": "1435", "maxspeed": "65", "name": "Bergensbanen", "operator": "Bane NOR", "passenger_lines": "1", "railway": "rail", "tunnel": "yes", "usage": "main", "voltage": "15000", "length_km": 0.096, "maxspeed_kmh": 65.0}}, {"type": "Feature", "geometry": {"type": "LineString", "coordinates": [[7.1804096, 60.729956], [7.180179, 60.7300194], [7.1799281, 60.7300745], [7.1797574, 60.730107], [7.1795167, 60.7301452]]}, "properties": {"electrified": "contact_line", "frequency": "16.67", "gauge": "1435", "maxspeed": "65", "name": "Bergensbanen", "operator": "Bane NOR", "passenger_lines": "1", "railway": "rail", "tunnel": "yes", "usage": "main", "voltage": "15000", "length_km": 0.053, "maxspeed_kmh": 65.0}}, {"type": "Feature", "geometry": {"type": "LineString", "coordinates": [[7.1795167, 60.7301452], [7.1793246, 60.7301705], [7.179073, 60.7301998], [7.1788168, 60.7302202]]}, "properties": {"electrified": "contact_line", "frequency": "16.67", "gauge": "1435", "maxspeed": "65", "name": "Bergensbanen", "operator": "Bane NOR", "passenger_lines": "1", "railway": "rail", "tunnel": "avalanche_protector", "usage": "main", "voltage": "15000", "length_km": 0.039, "maxspeed_kmh": 65.0}}, {"type": "Feature", "geometry": {"type": "LineString", "coordinates": [[7.1788168, 60.7302202], [7.1785979, 60.7302344], [7.1784242, 60.7302378]]}, "properties": {"electrified": "contact_line", "frequency": "16.67", "gauge": "1435", "maxspeed": "65", "name": "Bergensbanen", "operator": "Bane NOR", "passenger_lines": "1", "railway": "rail", "tunnel": "yes", "usage": "main", "voltage": "15000", "length_km": 0.022, "maxspeed_kmh": 65.0}}, {"type": "Feature", "geometry": {"type": "LineString", "coordinates": [[7.1784242, 60.7302378], [7.1782318, 60.7302434], [7.1778655, 60.730238], [7.1775013, 60.7302182], [7.1772307, 60.7301939], [7.1768758, 60.7301493], [7.1766149, 60.7301068], [7.1763593, 60.730057], [7.1759719, 60.7299926]]}, "properties": {"electrified": "contact_line", "frequency": "16.67", "gauge": "1435", "maxspeed": "65", "name": "Bergensbanen", "operator": "Bane NOR", "passenger_lines": "1", "railway": "rail", "tunnel": "avalanche_protector", "usage": "main", "voltage": "15000", "length_km": 0.138, "maxspeed_kmh": 65.0}}, {"type": "Feature", "geometry": {"type": "LineString", "coordinates": [[7.1759719, 60.7299926], [7.1758445, 60.7299637], [7.1757233, 60.7299344]]}, "properties": {"electrified": "contact_line", "frequency": "16.67", "gauge": "1435", "maxspeed": "65", "name": "Bergensbanen", "operator": "Bane NOR", "passenger_lines": "1", "railway": "rail", "tunnel": "yes", "usage": "main", "voltage": "15000", "length_km": 0.015, "maxspeed_kmh": 65.0}}, {"type": "Feature", "geometry": {"type": "LineString", "coordinates": [[7.1757233, 60.7299344], [7.1747538, 60.7297096]]}, "properties": {"electrified": "contact_line", "frequency": "16.67", "gauge": "1435", "maxspeed": "65", "name": "Bergensbanen", "operator": "Bane NOR", "passenger_lines": "1", "railway": "rail", "tunnel": "yes", "usage": "main", "voltage": "15000", "length_km": 0.059, "maxspeed_kmh": 65.0}}, {"type": "Feature", "geometry": {"type": "LineString", "coordinates": [[7.1428332, 60.7373836], [7.1426882, 60.7375079], [7.1424711, 60.7376526], [7.1423539, 60.7377216], [7.1421677, 60.7378207], [7.142037, 60.7378836], [7.1419677, 60.7379178]]}, "properties": {"electrified": "contact_line", "frequency": "16.67", "gauge": "1435", "maxspeed": "65", "name": "Bergensbanen", "operator": "Bane NOR", "passenger_lines": "1", "railway": "rail", "tunnel": "yes", "usage": "main", "voltage": "15000", "length_km": 0.076, "maxspeed_kmh": 65.0}}, {"type": "Feature", "geometry": {"type": "LineString", "coordinates": [[7.1419677, 60.7379178], [7.1418313, 60.7379731], [7.1415526, 60.7380801]]}, "properties": {"electrified": "contact_line", "frequency": "16.67", "gauge": "1435", "maxspeed": "65", "name": "Bergensbanen", "operator": "Bane NOR", "passenger_lines": "1", "railway": "rail", "tunnel": "avalanche_protector", "usage": "main", "voltage": "15000", "length_km": 0.029, "maxspeed_kmh": 65.0}}, {"type": "Feature", "geometry": {"type": "LineString", "coordinates": [[7.1369498, 60.7387398], [7.1362532, 60.7388057]]}, "properties": {"electrified": "contact_line", "frequency": "16.67", "gauge": "1435", "maxspeed": "65", "name": "Bergensbanen", "operator": "Bane NOR", "passenger_lines": "1", "railway": "rail", "tunnel": "yes", "usage": "main", "voltage": "15000", "length_km": 0.039, "maxspeed_kmh": 65.0}}, {"type": "Feature", "geometry": {"type": "LineString", "coordinates": [[7.1362532, 60.7388057], [7.1354228, 60.7388875]]}, "properties": {"electrified": "contact_line", "frequency": "16.67", "gauge": "1435", "maxspeed": "65", "name": "Bergensbanen", "operator": "Bane NOR", "passenger_lines": "1", "railway": "rail", "tunnel": "avalanche_protector", "usage": "main", "voltage": "15000", "length_km": 0.046, "maxspeed_kmh": 65.0}}, {"type": "Feature", "geometry": {"type": "LineString", "coordinates": [[7.1383361, 60.7386019], [7.1369498, 60.7387398]]}, "properties": {"electrified": "contact_line", "frequency": "16.67", "gauge": "1435", "maxspeed": "65", "name": "Bergensbanen", "operator": "Bane NOR", "passenger_lines": "1", "railway": "rail", "tunnel": "avalanche_protector", "usage": "main", "voltage": "15000", "length_km": 0.077, "maxspeed_kmh": 65.0}}, {"type": "Feature", "geometry": {"type": "LineString", "coordinates": [[6.846162, 60.6981469], [6.8458183, 60.698085], [6.8456666, 60.6980534]]}, "properties": {"electrified": "contact_line", "frequency": "16.67", "gauge": "1435", "maxspeed": "60", "name": "Bergensbanen", "operator": "Bane NOR", "passenger_lines": "1", "railway": "rail", "tunnel": "avalanche_protector", "usage": "main", "voltage": "15000", "length_km": 0.029, "maxspeed_kmh": 60.0}}, {"type": "Feature", "geometry": {"type": "LineString", "coordinates": [[6.1336836, 60.6456029], [6.1323357, 60.6456674], [6.1317393, 60.6457056], [6.1314235, 60.6457301], [6.1308778, 60.6457804], [6.1302962, 60.6458462], [6.1297466, 60.6459184], [6.1291929, 60.6460039], [6.1289308, 60.6460479], [6.1282524, 60.6461642], [6.1261073, 60.6465422], [6.1251733, 60.6466967], [6.1248674, 60.6467356], [6.1245234, 60.6467686], [6.1241279, 60.6467895], [6.1237539, 60.6467972], [6.1233317, 60.6467879], [6.1230846, 60.6467766], [6.1227868, 60.6467528], [6.1225754, 60.6467313], [6.1221494, 60.6466733], [6.1219394, 60.6466376], [6.1216312, 60.6465781]]}, "properties": {"electrified": "contact_line", "frequency": "16.67", "gauge": "1435", "maxspeed": "75", "name": "Bergensbanen", "operator": "Bane NOR", "railway": "rail", "usage": "main", "voltage": "15000", "length_km": 0.683, "maxspeed_kmh": 75.0}}, {"type": "Feature", "geometry": {"type": "LineString", "coordinates": [[6.1338103, 60.6455976], [6.1336836, 60.6456029]]}, "properties": {"electrified": "contact_line", "frequency": "16.67", "gauge": "1435", "maxspeed": "75", "name": "Bergensbanen", "operator": "Bane NOR", "railway": "rail", "tunnel": "avalanche_protector", "usage": "main", "voltage": "15000", "length_km": 0.007, "maxspeed_kmh": 75.0}}, {"type": "Feature", "geometry": {"type": "LineString", "coordinates": [[6.0268912, 60.6412656], [6.0265549, 60.6413123]]}, "properties": {"electrified": "contact_line", "frequency": "16.67", "gauge": "1435", "maxspeed": "80", "name": "Bergensbanen", "operator": "Bane NOR", "railway": "rail", "tunnel": "avalanche_protector", "usage": "main", "voltage": "15000", "length_km": 0.019, "maxspeed_kmh": 80.0}}, {"type": "Feature", "geometry": {"type": "LineString", "coordinates": [[6.0271538, 60.6412333], [6.0268912, 60.6412656]]}, "properties": {"electrified": "contact_line", "frequency": "16.67", "gauge": "1435", "maxspeed": "80", "name": "Bergensbanen", "operator": "Bane NOR", "railway": "rail", "usage": "main", "voltage": "15000", "length_km": 0.015, "maxspeed_kmh": 80.0}}, {"type": "Feature", "geometry": {"type": "LineString", "coordinates": [[5.7587281, 60.5699086], [5.758403, 60.5696795]]}, "properties": {"electrified": "contact_line", "frequency": "16.67", "gauge": "1435", "maxspeed": "80", "name": "Bergensbanen", "operator": "Bane NOR", "passenger_lines": "1", "railway": "rail", "tunnel": "yes", "usage": "main", "voltage": "15000", "length_km": 0.031, "maxspeed_kmh": 80.0}}, {"type": "Feature", "geometry": {"type": "LineString", "coordinates": [[5.7595671, 60.5705039], [5.7587281, 60.5699086]]}, "properties": {"electrified": "contact_line", "frequency": "16.67", "gauge": "1435", "maxspeed": "80", "name": "Bergensbanen", "operator": "Bane NOR", "passenger_lines": "1", "railway": "rail", "usage": "main", "voltage": "15000", "length_km": 0.081, "maxspeed_kmh": 80.0}}, {"type": "Feature", "geometry": {"type": "LineString", "coordinates": [[5.6150108, 60.4288255], [5.6146367, 60.428813]]}, "properties": {"electrified": "contact_line", "frequency": "16.67", "gauge": "1435", "maxspeed": "50", "name": "Bergensbanen", "operator": "Bane NOR", "passenger_lines": "1", "railway": "rail", "tunnel": "avalanche_protector", "usage": "main", "voltage": "15000", "length_km": 0.021, "maxspeed_kmh": 50.0}}, {"type": "Feature", "geometry": {"type": "LineString", "coordinates": [[5.6155443, 60.4288289], [5.6153843, 60.4288302], [5.6151773, 60.4288281], [5.6150108, 60.4288255]]}, "properties": {"electrified": "contact_line", "frequency": "16.67", "gauge": "1435", "maxspeed": "50", "name": "Bergensbanen", "operator": "Bane NOR", "passenger_lines": "1", "railway": "rail", "usage": "main", "voltage": "15000", "length_km": 0.029, "maxspeed_kmh": 50.0}}, {"type": "Feature", "geometry": {"type": "LineString", "coordinates": [[5.6190713, 60.4284258], [5.6187128, 60.4284632]]}, "properties": {"electrified": "contact_line", "frequency": "16.67", "gauge": "1435", "maxspeed": "50", "name": "Bergensbanen", "operator": "Bane NOR", "passenger_lines": "1", "railway": "rail", "tunnel": "avalanche_protector", "usage": "main", "voltage": "15000", "length_km": 0.02, "maxspeed_kmh": 50.0}}, {"type": "Feature", "geometry": {"type": "LineString", "coordinates": [[5.6193485, 60.4283982], [5.6190713, 60.4284258]]}, "properties": {"electrified": "contact_line", "frequency": "16.67", "gauge": "1435", "maxspeed": "50", "name": "Bergensbanen", "operator": "Bane NOR", "passenger_lines": "1", "railway": "rail", "usage": "main", "voltage": "15000", "length_km": 0.016, "maxspeed_kmh": 50.0}}, {"type": "Feature", "geometry": {"type": "LineString", "coordinates": [[5.4714435, 60.4216363], [5.4712936, 60.4215941]]}, "properties": {"electrified": "contact_line", "frequency": "16.67", "gauge": "1435", "maxspeed": "100", "name": "Bergensbanen", "operator": "Bane NOR", "passenger_lines": "1", "railway": "rail", "tunnel": "yes", "usage": "main", "voltage": "15000", "length_km": 0.01, "maxspeed_kmh": 100.0}}, {"type": "Feature", "geometry": {"type": "LineString", "coordinates": [[7.2553443, 60.667297], [7.2550262, 60.6674208], [7.2548566, 60.6674819], [7.2545601, 60.6675716], [7.2543497, 60.6676274], [7.2540359, 60.667701], [7.253555, 60.6677946], [7.2523111, 60.6680118], [7.2483445, 60.6687357], [7.2481647, 60.6687637]]}, "properties": {"electrified": "contact_line", "frequency": "16.67", "gauge": "1435", "maxspeed": "70", "name": "Bergensbanen", "operator": "Bane NOR", "passenger_lines": "1", "railway": "rail", "tunnel": "avalanche_protector", "usage": "main", "voltage": "15000", "length_km": 0.428, "maxspeed_kmh": 70.0}}, {"type": "Feature", "geometry": {"type": "LineString", "coordinates": [[7.6830616, 60.5516421], [7.6793914, 60.5517137]]}, "properties": {"electrified": "contact_line", "frequency": "16.67", "gauge": "1435", "maxspeed": "160", "name": "Bergensbanen", "operator": "Bane NOR", "passenger_lines": "1", "railway": "rail", "tunnel": "yes", "usage": "main", "voltage": "15000", "length_km": 0.202, "maxspeed_kmh": 160.0}}, {"type": "Feature", "geometry": {"type": "LineString", "coordinates": [[7.70199, 60.5512571], [7.692007, 60.5514462], [7.6830616, 60.5516421]]}, "properties": {"electrified": "contact_line", "frequency": "16.67", "gauge": "1435", "maxspeed": "160", "name": "Bergensbanen", "operator": "Bane NOR", "passenger_lines": "1", "railway": "rail", "tunnel": "yes", "usage": "main", "voltage": "15000", "length_km": 1.041, "maxspeed_kmh": 160.0}}, {"type": "Feature", "geometry": {"type": "LineString", "coordinates": [[7.6830616, 60.5516421], [7.6835739, 60.5516461], [7.6844644, 60.551654], [7.6851833, 60.5516566], [7.6920216, 60.5515175], [7.6923633, 60.551511], [7.7001393, 60.551352], [7.7009922, 60.5513217], [7.7015421, 60.5512887], [7.70199, 60.5512571]]}, "properties": {"electrified": "contact_line", "frequency": "16.67", "gauge": "1435", "maxspeed": "80", "name": "Bergensbanen", "railway": "rail", "service": "siding", "tunnel": "yes", "voltage": "15000", "length_km": 1.042, "maxspeed_kmh": 80.0}}, {"type": "Feature", "geometry": {"type": "LineString", "coordinates": [[7.5689441, 60.5779049], [7.5685132, 60.5783224]]}, "properties": {"bridge": "yes", "electrified": "contact_line", "frequency": "16.67", "gauge": "1435", "maxspeed": "160", "name": "Bergensbanen", "operator": "Bane NOR", "passenger_lines": "1", "railway": "rail", "usage": "main", "voltage": "15000", "length_km": 0.052, "maxspeed_kmh": 160.0}}, {"type": "Feature", "geometry": {"type": "LineString", "coordinates": [[7.5712116, 60.5750035], [7.5708864, 60.5754977], [7.5704637, 60.5761121], [7.570244, 60.576411], [7.5700389, 60.5766758], [7.5696816, 60.577112], [7.5693115, 60.5775255], [7.5691631, 60.5776829], [7.5689441, 60.5779049]]}, "properties": {"electrified": "contact_line", "frequency": "16.67", "gauge": "1435", "maxspeed": "160", "name": "Bergensbanen", "operator": "Bane NOR", "passenger_lines": "1", "railway": "rail", "usage": "main", "voltage": "15000", "length_km": 0.347, "maxspeed_kmh": 160.0}}, {"type": "Feature", "geometry": {"type": "LineString", "coordinates": [[7.5244454, 60.5964938], [7.5209868, 60.5965693]]}, "properties": {"electrified": "contact_line", "frequency": "16.67", "gauge": "1435", "maxspeed": "80", "name": "Bergensbanen", "operator": "Bane NOR", "passenger_lines": "1", "railway": "rail", "tunnel": "yes", "usage": "main", "voltage": "15000", "length_km": 0.19, "maxspeed_kmh": 80.0}}, {"type": "Feature", "geometry": {"type": "LineString", "coordinates": [[7.526214, 60.5964625], [7.5244454, 60.5964938]]}, "properties": {"electrified": "contact_line", "frequency": "16.67", "gauge": "1435", "maxspeed": "80", "name": "Bergensbanen", "operator": "Bane NOR", "passenger_lines": "1", "railway": "rail", "tunnel": "avalanche_protector", "usage": "main", "voltage": "15000", "length_km": 0.097, "maxspeed_kmh": 80.0}}, {"type": "Feature", "geometry": {"type": "LineString", "coordinates": [[7.7406286, 60.5506551], [7.737496, 60.550335]]}, "properties": {"electrified": "contact_line", "frequency": "16.67", "gauge": "1435", "maxspeed": "160", "name": "Bergensbanen", "operator": "Bane NOR", "passenger_lines": "1", "railway": "rail", "usage": "main", "voltage": "15000", "length_km": 0.176, "maxspeed_kmh": 160.0}}, {"type": "Feature", "geometry": {"type": "LineString", "coordinates": [[7.4944382, 60.6036517], [7.494182, 60.6036501], [7.4935192, 60.6036445], [7.4929696, 60.6036412]]}, "properties": {"electrified": "contact_line", "frequency": "16.67", "gauge": "1435", "maxspeed": "80", "name": "Bergensbanen", "operator": "Bane NOR", "passenger_lines": "1", "railway": "rail", "usage": "main", "voltage": "15000", "length_km": 0.081, "maxspeed_kmh": 80.0}}, {"type": "Feature", "geometry": {"type": "LineString", "coordinates": [[9.5755662, 60.3933831], [9.5752517, 60.3934984], [9.574795, 60.3936886], [9.5745817, 60.3937823], [9.5743433, 60.3938901], [9.5742073, 60.3939552], [9.5737128, 60.3942079], [9.5732999, 60.3944425], [9.5729911, 60.3946366], [9.5728688, 60.3947196], [9.5726424, 60.3948799], [9.572454, 60.3950231], [9.5722412, 60.3951982], [9.5720559, 60.3953625], [9.5716485, 60.3957681]]}, "properties": {"electrified": "contact_line", "frequency": "16.67", "gauge": "1435", "maxspeed": "120", "name": "Bergensbanen", "operator": "Bane NOR", "passenger_lines": "1", "railway": "rail", "usage": "main", "voltage": "15000", "length_km": 0.347, "maxspeed_kmh": 120.0}}, {"type": "Feature", "geometry": {"type": "LineString", "coordinates": [[9.5761735, 60.39315], [9.5755662, 60.3933831]]}, "properties": {"electrified": "contact_line", "frequency": "16.67", "gauge": "1435", "maxspeed": "120", "name": "Bergensbanen", "operator": "Bane NOR", "passenger_lines": "1", "railway": "rail", "tunnel": "avalanche_protector", "usage": "main", "voltage": "15000", "length_km": 0.042, "maxspeed_kmh": 120.0}}, {"type": "Feature", "geometry": {"type": "LineString", "coordinates": [[9.5950779, 60.3878999], [9.5948913, 60.3879922], [9.5944889, 60.3881849], [9.5941531, 60.3883349], [9.5937413, 60.3885068], [9.5934016, 60.388643], [9.5931407, 60.3887404], [9.5925962, 60.3889393]]}, "properties": {"electrified": "contact_line", "frequency": "16.67", "gauge": "1435", "maxspeed": "120", "name": "Bergensbanen", "operator": "Bane NOR", "passenger_lines": "1", "railway": "rail", "usage": "main", "voltage": "15000", "length_km": 0.18, "maxspeed_kmh": 120.0}}, {"type": "Feature", "geometry": {"type": "LineString", "coordinates": [[9.6113051, 60.3817658], [9.6096427, 60.3821806]]}, "properties": {"electrified": "contact_line", "frequency": "16.67", "gauge": "1435", "maxspeed": "110", "name": "Bergensbanen", "operator": "Bane NOR", "passenger_lines": "1", "railway": "rail", "usage": "main", "voltage": "15000", "length_km": 0.103, "maxspeed_kmh": 110.0}}, {"type": "Feature", "geometry": {"type": "LineString", "coordinates": [[9.6195481, 60.3763178], [9.6194933, 60.3763857], [9.6193373, 60.3765664], [9.6190885, 60.3768221], [9.6188991, 60.3769948], [9.6188183, 60.3770665], [9.6185838, 60.3772568], [9.6184012, 60.3773926], [9.6181273, 60.3775816], [9.6175787, 60.3779359], [9.6172648, 60.3781477], [9.6169746, 60.3783551], [9.6166515, 60.3786101], [9.6164268, 60.3788022], [9.6162173, 60.3789971], [9.6160269, 60.3791897], [9.6156228, 60.3796282], [9.6154194, 60.3798383], [9.6152097, 60.3800351], [9.6150352, 60.3801806], [9.6149136, 60.3802738], [9.6146621, 60.3804519], [9.6145331, 60.3805354], [9.6142897, 60.3806807], [9.613885, 60.3808975], [9.6137256, 60.3809742], [9.6133521, 60.381137], [9.6130535, 60.3812527], [9.6126382, 60.3813991], [9.6124209, 60.3814684], [9.6119285, 60.3816074], [9.6113051, 60.3817658]]}, "properties": {"electrified": "contact_line", "frequency": "16.67", "gauge": "1435", "maxspeed": "95", "name": "Bergensbanen", "operator": "Bane NOR", "passenger_lines": "1", "railway": "rail", "usage": "main", "voltage": "15000", "length_km": 0.774, "maxspeed_kmh": 95.0}}, {"type": "Feature", "geometry": {"type": "LineString", "coordinates": [[9.6365915, 60.3715106], [9.6361828, 60.3716392]]}, "properties": {"bridge": "yes", "electrified": "contact_line", "frequency": "16.67", "gauge": "1435", "maxspeed": "70", "name": "Bergensbanen", "operator": "Bane NOR", "passenger_lines": "1", "railway": "rail", "usage": "main", "voltage": "15000", "length_km": 0.027, "maxspeed_kmh": 70.0}}, {"type": "Feature", "geometry": {"type": "LineString", "coordinates": [[9.6378214, 60.3709654], [9.6377205, 60.3710229], [9.6373553, 60.3712078], [9.637097, 60.3713215], [9.6368463, 60.3714206], [9.6365915, 60.3715106]]}, "properties": {"electrified": "contact_line", "frequency": "16.67", "gauge": "1435", "maxspeed": "70", "name": "Bergensbanen", "operator": "Bane NOR", "passenger_lines": "1", "railway": "rail", "usage": "main", "voltage": "15000", "length_km": 0.091, "maxspeed_kmh": 70.0}}, {"type": "Feature", "geometry": {"type": "LineString", "coordinates": [[9.6379347, 60.3708976], [9.6378214, 60.3709654]]}, "properties": {"bridge": "yes", "electrified": "contact_line", "frequency": "16.67", "gauge": "1435", "maxspeed": "70", "name": "Bergensbanen", "operator": "Bane NOR", "passenger_lines": "1", "railway": "rail", "usage": "main", "voltage": "15000", "length_km": 0.01, "maxspeed_kmh": 70.0}}, {"type": "Feature", "geometry": {"type": "LineString", "coordinates": [[9.6390143, 60.3699202], [9.6389451, 60.3700185], [9.6387713, 60.370226], [9.6386088, 60.3703913], [9.638404, 60.3705703], [9.6381396, 60.3707648], [9.6379347, 60.3708976]]}, "properties": {"electrified": "contact_line", "frequency": "16.67", "gauge": "1435", "maxspeed": "70", "name": "Bergensbanen", "operator": "Bane NOR", "passenger_lines": "1", "railway": "rail", "usage": "main", "voltage": "15000", "length_km": 0.125, "maxspeed_kmh": 70.0}}, {"type": "Feature", "geometry": {"type": "LineString", "coordinates": [[9.6469751, 60.3563207], [9.6466757, 60.3567921], [9.6465777, 60.3569594], [9.646487, 60.3571253], [9.6463435, 60.3574301], [9.6462895, 60.35756], [9.6461748, 60.3578808], [9.6458949, 60.3588793], [9.6457239, 60.3593784], [9.6456049, 60.359678], [9.6453713, 60.3601829], [9.6452061, 60.3604933], [9.6450157, 60.3608179], [9.6448122, 60.3611323], [9.6445578, 60.361495], [9.6441821, 60.3619798], [9.6435727, 60.3627247], [9.6431516, 60.3632508], [9.6429085, 60.3635707], [9.6424608, 60.3642038], [9.6420777, 60.3648078], [9.6400052, 60.368283], [9.6390908, 60.3698029], [9.6390143, 60.3699202]]}, "properties": {"electrified": "contact_line", "frequency": "16.67", "gauge": "1435", "maxspeed": "105", "name": "Bergensbanen", "operator": "Bane NOR", "passenger_lines": "1", "railway": "rail", "usage": "main", "voltage": "15000", "length_km": 1.582, "maxspeed_kmh": 105.0}}, {"type": "Feature", "geometry": {"type": "LineString", "coordinates": [[9.6470632, 60.3547056], [9.6471624, 60.3549105], [9.6472027, 60.3550237], [9.6472353, 60.3551504], [9.6472666, 60.3553935], [9.6472538, 60.3556256], [9.6472378, 60.3557135], [9.6472111, 60.3558184], [9.6471414, 60.3560149], [9.6470408, 60.3562093], [9.6469751, 60.3563207]]}, "properties": {"electrified": "contact_line", "frequency": "16.67", "gauge": "1435", "maxspeed": "75", "name": "Bergensbanen", "operator": "Bane NOR", "passenger_lines": "1", "railway": "rail", "usage": "main", "voltage": "15000", "length_km": 0.183, "maxspeed_kmh": 75.0}}, {"type": "Feature", "geometry": {"type": "LineString", "coordinates": [[9.6727985, 60.3267304], [9.6727111, 60.3267899], [9.6725328, 60.3269072], [9.6723534, 60.3270163], [9.6719731, 60.3272272], [9.6714505, 60.3274882]]}, "properties": {"electrified": "contact_line", "frequency": "16.67", "gauge": "1435", "maxspeed": "110", "name": "Bergensbanen", "operator": "Bane NOR", "passenger_lines": "1", "railway": "rail", "usage": "main", "voltage": "15000", "length_km": 0.113, "maxspeed_kmh": 110.0}}, {"type": "Feature", "geometry": {"type": "LineString", "coordinates": [[9.656199, 60.331177], [9.6561654, 60.3312089], [9.6558866, 60.3315051], [9.655643, 60.331799], [9.6552022, 60.3323597], [9.6549514, 60.3326965], [9.6547937, 60.3329235], [9.654564, 60.3332558], [9.6541872, 60.3338441], [9.6539133, 60.3343122], [9.653791, 60.3345294]]}, "properties": {"electrified": "contact_line", "frequency": "16.67", "gauge": "1435", "maxspeed": "110", "name": "Bergensbanen", "operator": "Bane NOR", "passenger_lines": "1", "railway": "rail", "usage": "main", "voltage": "15000", "length_km": 0.397, "maxspeed_kmh": 110.0}}, {"type": "Feature", "geometry": {"type": "LineString", "coordinates": [[9.653791, 60.3345294], [9.653584, 60.3349326], [9.6533724, 60.3353691], [9.6531401, 60.3358953], [9.6529945, 60.336268]]}, "properties": {"electrified": "contact_line", "frequency": "16.67", "gauge": "1435", "maxspeed": "110", "name": "Bergensbanen", "operator": "Bane NOR", "passenger_lines": "1", "railway": "rail", "tunnel": "yes", "usage": "main", "voltage": "15000", "length_km": 0.199, "maxspeed_kmh": 110.0}}, {"type": "Feature", "geometry": {"type": "LineString", "coordinates": [[9.6529945, 60.336268], [9.652848, 60.3366628], [9.652654, 60.3372762], [9.6520073, 60.3396092], [9.6518077, 60.3401896], [9.6515646, 60.3407817], [9.6512521, 60.3414183], [9.6509075, 60.3420241], [9.6507911, 60.3422141], [9.6505067, 60.3426504], [9.6502648, 60.3429948]]}, "properties": {"electrified": "contact_line", "frequency": "16.67", "gauge": "1435", "maxspeed": "110", "name": "Bergensbanen", "operator": "Bane NOR", "passenger_lines": "1", "railway": "rail", "usage": "main", "voltage": "15000", "length_km": 0.767, "maxspeed_kmh": 110.0}}, {"type": "Feature", "geometry": {"type": "LineString", "coordinates": [[9.6572546, 60.3303783], [9.656994, 60.3305442], [9.6568412, 60.3306489], [9.6565556, 60.3308639], [9.6564158, 60.3309784], [9.656199, 60.331177]]}, "properties": {"electrified": "contact_line", "frequency": "16.67", "gauge": "1435", "maxspeed": "110", "name": "Bergensbanen", "operator": "Bane NOR", "passenger_lines": "1", "railway": "rail", "usage": "main", "voltage": "15000", "length_km": 0.107, "maxspeed_kmh": 110.0}}, {"type": "Feature", "geometry": {"type": "LineString", "coordinates": [[9.6751289, 60.3245576], [9.674906, 60.324828], [9.6745897, 60.325182], [9.6743534, 60.3254258], [9.6739469, 60.3258141], [9.673583, 60.3261328], [9.6733183, 60.3263463], [9.6730306, 60.3265665], [9.6727985, 60.3267304]]}, "properties": {"electrified": "contact_line", "frequency": "16.67", "gauge": "1435", "maxspeed": "110", "name": "Bergensbanen", "operator": "Bane NOR", "passenger_lines": "1", "railway": "rail", "usage": "main", "voltage": "15000", "length_km": 0.275, "maxspeed_kmh": 110.0}}, {"type": "Feature", "geometry": {"type": "LineString", "coordinates": [[9.6790463, 60.3128565], [9.6790276, 60.3129734], [9.6789818, 60.3132022], [9.6789157, 60.3134369], [9.6788527, 60.3135934], [9.6787017, 60.3138965], [9.6784079, 60.3144086]]}, "properties": {"electrified": "contact_line", "frequency": "16.67", "gauge": "1435", "maxspeed": "85", "name": "Bergensbanen", "operator": "Bane NOR", "passenger_lines": "1", "railway": "rail", "usage": "main", "voltage": "15000", "length_km": 0.177, "maxspeed_kmh": 85.0}}, {"type": "Feature", "geometry": {"type": "LineString", "coordinates": [[9.6789042, 60.3117392], [9.6790009, 60.312266], [9.6790338, 60.3125347], [9.6790439, 60.3126998], [9.6790463, 60.3128565]]}, "properties": {"electrified": "contact_line", "frequency": "16.67", "gauge": "1435", "maxspeed": "85", "name": "Bergensbanen", "operator": "Bane NOR", "passenger_lines": "1", "railway": "rail", "tunnel": "yes", "usage": "main", "voltage": "15000", "length_km": 0.125, "maxspeed_kmh": 85.0}}, {"type": "Feature", "geometry": {"type": "LineString", "coordinates": [[9.6794252, 60.3081715], [9.6791926, 60.3084484], [9.678902, 60.3088421], [9.6786955, 60.3092237], [9.6786335, 60.3094107], [9.6785999, 60.3095737], [9.6785806, 60.3097747], [9.6785786, 60.3099423], [9.6786586, 60.3104309], [9.6787619, 60.3109538], [9.6789042, 60.3117392]]}, "properties": {"electrified": "contact_line", "frequency": "16.67", "gauge": "1435", "maxspeed": "85", "name": "Bergensbanen", "operator": "Bane NOR", "passenger_lines": "1", "railway": "rail", "usage": "main", "voltage": "15000", "length_km": 0.406, "maxspeed_kmh": 85.0}}, {"type": "Feature", "geometry": {"type": "LineString", "coordinates": [[9.680206, 60.3068489], [9.6800719, 60.3071463], [9.6799711, 60.3073467], [9.6798745, 60.3075197], [9.6796559, 60.3078621], [9.6794702, 60.3081152], [9.6794252, 60.3081715]]}, "properties": {"electrified": "contact_line", "frequency": "16.67", "gauge": "1435", "maxspeed": "85", "name": "Bergensbanen", "operator": "Bane NOR", "passenger_lines": "1", "railway": "rail", "tunnel": "yes", "usage": "main", "voltage": "15000", "length_km": 0.154, "maxspeed_kmh": 85.0}}, {"type": "Feature", "geometry": {"type": "LineString", "coordinates": [[9.6804786, 60.306049], [9.6803015, 60.3066041], [9.680206, 60.3068489]]}, "properties": {"electrified": "contact_line", "frequency": "16.67", "gauge": "1435", "maxspeed": "40", "name": "Bergensbanen", "passenger_lines": "1", "railway": "rail", "service": "siding", "voltage": "15000", "length_km": 0.09, "maxspeed_kmh": 40.0}}, {"type": "Feature", "geometry": {"type": "LineString", "coordinates": [[9.6808246, 60.3051442], [9.6804786, 60.306049]]}, "properties": {"electrified": "contact_line", "frequency": "16.67", "gauge": "1435", "maxspeed": "40", "name": "Bergensbanen", "passenger_lines": "1", "railway": "rail", "service": "siding", "tunnel": "yes", "voltage": "15000", "length_km": 0.103, "maxspeed_kmh": 40.0}}, {"type": "Feature", "geometry": {"type": "LineString", "coordinates": [[9.6871705, 60.2933678], [9.686929, 60.2935449]]}, "properties": {"electrified": "contact_line", "frequency": "16.67", "gauge": "1435", "maxspeed": "75", "name": "Bergensbanen", "operator": "Bane NOR", "passenger_lines": "1", "railway": "rail", "usage": "main", "voltage": "15000", "length_km": 0.024, "maxspeed_kmh": 75.0}}, {"type": "Feature", "geometry": {"type": "LineString", "coordinates": [[9.6856391, 60.2950964], [9.6856401, 60.2952744], [9.6856575, 60.2954296], [9.6857056, 60.2956201], [9.6858591, 60.296016]]}, "properties": {"electrified": "contact_line", "frequency": "16.67", "gauge": "1435", "maxspeed": "75", "name": "Bergensbanen", "operator": "Bane NOR", "passenger_lines": "1", "railway": "rail", "usage": "main", "voltage": "15000", "length_km": 0.104, "maxspeed_kmh": 75.0}}, {"type": "Feature", "geometry": {"type": "LineString", "coordinates": [[9.6911492, 60.2904378], [9.6909634, 60.2905596], [9.6907389, 60.2907211], [9.6900518, 60.2912391], [9.6895893, 60.2915743], [9.6886148, 60.2923026], [9.6879336, 60.2928021], [9.6877504, 60.2929439], [9.6871705, 60.2933678]]}, "properties": {"electrified": "contact_line", "frequency": "16.67", "gauge": "1435", "maxspeed": "80", "name": "Bergensbanen", "operator": "Bane NOR", "passenger_lines": "1", "railway": "rail", "usage": "main", "voltage": "15000", "length_km": 0.394, "maxspeed_kmh": 80.0}}, {"type": "Feature", "geometry": {"type": "LineString", "coordinates": [[9.6925616, 60.2896323], [9.6922786, 60.2897661], [9.692033, 60.289898], [9.6917942, 60.2900328], [9.6914492, 60.2902407], [9.6911492, 60.2904378]]}, "properties": {"electrified": "contact_line", "frequency": "16.67", "gauge": "1435", "maxspeed": "80", "name": "Bergensbanen", "operator": "Bane NOR", "passenger_lines": "1", "railway": "rail", "tunnel": "yes", "usage": "main", "voltage": "15000", "length_km": 0.119, "maxspeed_kmh": 80.0}}, {"type": "Feature", "geometry": {"type": "LineString", "coordinates": [[9.694187, 60.2889336], [9.6939679, 60.289012], [9.6935745, 60.2891663], [9.6932809, 60.2892913], [9.6929732, 60.2894264], [9.6926129, 60.2896067], [9.6925616, 60.2896323]]}, "properties": {"electrified": "contact_line", "frequency": "16.67", "gauge": "1435", "maxspeed": "80", "name": "Bergensbanen", "operator": "Bane NOR", "passenger_lines": "1", "railway": "rail", "usage": "main", "voltage": "15000", "length_km": 0.119, "maxspeed_kmh": 80.0}}, {"type": "Feature", "geometry": {"type": "LineString", "coordinates": [[9.6951717, 60.2885935], [9.6947671, 60.2887296], [9.694187, 60.2889336]]}, "properties": {"electrified": "contact_line", "frequency": "16.67", "gauge": "1435", "maxspeed": "80", "name": "Bergensbanen", "operator": "Bane NOR", "passenger_lines": "1", "railway": "rail", "tunnel": "yes", "usage": "main", "voltage": "15000", "length_km": 0.066, "maxspeed_kmh": 80.0}}, {"type": "Feature", "geometry": {"type": "LineString", "coordinates": [[9.6986103, 60.2881831], [9.698297, 60.2881799], [9.6981594, 60.2881806], [9.6977413, 60.2881931], [9.6973544, 60.2882158], [9.6970121, 60.2882467], [9.6966802, 60.2882869], [9.6963965, 60.2883281], [9.695933, 60.2884126], [9.6956491, 60.2884752], [9.6952689, 60.2885715], [9.6951717, 60.2885935]]}, "properties": {"electrified": "contact_line", "frequency": "16.67", "gauge": "1435", "maxspeed": "80", "name": "Bergensbanen", "operator": "Bane NOR", "passenger_lines": "1", "railway": "rail", "usage": "main", "voltage": "15000", "length_km": 0.198, "maxspeed_kmh": 80.0}}, {"type": "Feature", "geometry": {"type": "LineString", "coordinates": [[9.6858591, 60.296016], [9.685926, 60.2962113], [9.6860167, 60.2965134], [9.6860884, 60.2968102], [9.6861465, 60.2970977], [9.6861959, 60.2976586], [9.6861957, 60.297899], [9.686183, 60.2982351], [9.6861416, 60.2986918], [9.6861217, 60.2988481], [9.6860578, 60.2991861], [9.6859963, 60.2994612], [9.6859273, 60.2997027], [9.6858328, 60.2999728], [9.685721, 60.3002357], [9.6856655, 60.3003456]]}, "properties": {"electrified": "contact_line", "frequency": "16.67", "gauge": "1435", "maxspeed": "85", "name": "Bergensbanen", "operator": "Bane NOR", "passenger_lines": "1", "railway": "rail", "usage": "main", "voltage": "15000", "length_km": 0.486, "maxspeed_kmh": 85.0}}, {"type": "Feature", "geometry": {"type": "LineString", "coordinates": [[9.7373773, 60.2891084], [9.698983, 60.2881943]]}, "properties": {"electrified": "contact_line", "frequency": "16.67", "gauge": "1435", "maxspeed": "100", "name": "Bergensbanen", "operator": "Bane NOR", "passenger_lines": "1", "railway": "rail", "tunnel": "yes", "usage": "main", "voltage": "15000", "length_km": 2.128, "maxspeed_kmh": 100.0}}, {"type": "Feature", "geometry": {"type": "LineString", "coordinates": [[9.698983, 60.2881943], [9.6988238, 60.2881882], [9.6986103, 60.2881831]]}, "properties": {"electrified": "contact_line", "frequency": "16.67", "gauge": "1435", "maxspeed": "100", "name": "Bergensbanen", "operator": "Bane NOR", "passenger_lines": "1", "railway": "rail", "usage": "main", "voltage": "15000", "length_km": 0.021, "maxspeed_kmh": 100.0}}, {"type": "Feature", "geometry": {"type": "LineString", "coordinates": [[9.7482253, 60.2854714], [9.7477597, 60.2856412], [9.7470692, 60.2859012], [9.7467128, 60.2860484], [9.7463817, 60.2862016], [9.7462446, 60.2862702], [9.7459483, 60.2864289], [9.7458112, 60.2865078], [9.7456463, 60.2866099], [9.7454977, 60.286709], [9.7451857, 60.2869311], [9.744954, 60.2871281], [9.7447287, 60.2873385]]}, "properties": {"electrified": "contact_line", "frequency": "16.67", "gauge": "1435", "name": "Bergensbanen", "operator": "Bane NOR", "passenger_lines": "1", "railway": "rail", "usage": "main", "voltage": "15000", "length_km": 0.288}}, {"type": "Feature", "geometry": {"type": "LineString", "coordinates": [[9.7447287, 60.2873385], [9.7442612, 60.2878314], [9.7440572, 60.2880248], [9.7438701, 60.2881747], [9.7437678, 60.2882475], [9.7436068, 60.2883495], [9.7434391, 60.2884437], [9.7431422, 60.2885894], [9.7429822, 60.2886567], [9.742637, 60.2887822], [9.7424465, 60.2888437], [9.74224, 60.2888988], [9.7420308, 60.28895], [9.7416572, 60.2890272], [9.7412702, 60.2890842], [9.7408481, 60.289128], [9.7406489, 60.2891423], [9.7404846, 60.2891528]]}, "properties": {"electrified": "contact_line", "frequency": "16.67", "gauge": "1435", "maxspeed": "70", "name": "Bergensbanen", "operator": "Bane NOR", "passenger_lines": "1", "railway": "rail", "usage": "main", "voltage": "15000", "length_km": 0.329, "maxspeed_kmh": 70.0}}, {"type": "Feature", "geometry": {"type": "LineString", "coordinates": [[9.7879077, 60.2659621], [9.7875818, 60.2660666], [9.7872887, 60.2661624], [9.7867943, 60.2663324], [9.7865135, 60.2664338], [9.7859903, 60.2666256], [9.7857236, 60.2667278], [9.784894, 60.2670598], [9.7841728, 60.2673707], [9.783524, 60.2676689], [9.7829057, 60.2679723], [9.7824791, 60.268191], [9.7818446, 60.2685378], [9.7816377, 60.2686558], [9.7810333, 60.2690057], [9.780833, 60.2691315], [9.780374, 60.269439], [9.7794472, 60.2700761], [9.7790918, 60.270311], [9.7788216, 60.2704774], [9.7785464, 60.2706347], [9.7782206, 60.2708028], [9.7780699, 60.2708741], [9.777726, 60.271031], [9.777537, 60.271111], [9.7773481, 60.2711861], [9.7759994, 60.2716843], [9.7756311, 60.2718353], [9.775232, 60.2720184], [9.7750908, 60.2720878], [9.774791, 60.2722456], [9.7745103, 60.2724088], [9.7742186, 60.2725862], [9.7739616, 60.272754]]}, "properties": {"electrified": "contact_line", "frequency": "16.67", "gauge": "1435", "maxspeed": "105", "name": "Bergensbanen", "operator": "Bane NOR", "passenger_lines": "1", "railway": "rail", "usage": "main", "voltage": "15000", "length_km": 1.088, "maxspeed_kmh": 105.0}}, {"type": "Feature", "geometry": {"type": "LineString", "coordinates": [[9.8453147, 60.2625693], [9.8447315, 60.2628445], [9.8442509, 60.2630738], [9.8438431, 60.2632565], [9.8426852, 60.2637487], [9.8419467, 60.2640431], [9.8412061, 60.2643265], [9.8409634, 60.264414], [9.840726, 60.264493], [9.840488, 60.2645802], [9.8396724, 60.2648577], [9.8390285, 60.2650637], [9.838834, 60.2651188], [9.8374599, 60.2655603], [9.8350382, 60.266325], [9.83196, 60.2673046], [9.8310653, 60.267584], [9.8303394, 60.2678047], [9.8292986, 60.2680978], [9.8284169, 60.2683286], [9.828126, 60.2683987], [9.8277677, 60.2684806], [9.827245, 60.2685908], [9.826686, 60.2686955], [9.8263328, 60.2687529], [9.8258482, 60.2688256], [9.8254852, 60.2688741], [9.8250906, 60.2689226], [9.8247055, 60.2689628], [9.8241501, 60.2690091], [9.8237756, 60.2690357], [9.8232657, 60.2690639], [9.8227378, 60.2690837], [9.8207228, 60.2691152], [9.8194364, 60.2691274], [9.8192397, 60.2691333], [9.8125285, 60.2692209], [9.8113978, 60.2692263], [9.8099754, 60.2692187], [9.8090412, 60.2692027], [9.8087744, 60.2691958], [9.8086695, 60.2691899], [9.8081993, 60.2691805], [9.8075263, 60.269157], [9.8061556, 60.2691003], [9.805885, 60.269083], [9.8047102, 60.269023], [9.8038421, 60.2689698], [9.8034566, 60.2689396]]}, "properties": {"electrified": "contact_line", "frequency": "16.67", "gauge": "1435", "maxspeed": "125", "name": "Bergensbanen", "operator": "Bane NOR", "passenger_lines": "1", "railway": "rail", "usage": "main", "voltage": "15000", "length_km": 2.535, "maxspeed_kmh": 125.0}}, {"type": "Feature", "geometry": {"type": "LineString", "coordinates": [[9.8463561, 60.2621299], [9.8460149, 60.262259], [9.8457557, 60.2623683], [9.8454912, 60.2624864], [9.8453147, 60.2625693]]}, "properties": {"electrified": "contact_line", "frequency": "16.67", "gauge": "1435", "maxspeed": "95", "name": "Bergensbanen", "operator": "Bane NOR", "passenger_lines": "1", "railway": "rail", "usage": "main", "voltage": "15000", "length_km": 0.076, "maxspeed_kmh": 95.0}}, {"type": "Feature", "geometry": {"type": "LineString", "coordinates": [[9.8567614, 60.2611966], [9.8560856, 60.2612128]]}, "properties": {"electrified": "contact_line", "frequency": "16.67", "gauge": "1435", "maxspeed": "95", "name": "Bergensbanen", "operator": "Bane NOR", "passenger_lines": "1", "railway": "rail", "tunnel": "yes", "usage": "main", "voltage": "15000", "length_km": 0.037, "maxspeed_kmh": 95.0}}, {"type": "Feature", "geometry": {"type": "LineString", "coordinates": [[9.8579597, 60.2611515], [9.8573052, 60.2611732], [9.8567614, 60.2611966]]}, "properties": {"electrified": "contact_line", "frequency": "16.67", "gauge": "1435", "maxspeed": "95", "name": "Bergensbanen", "operator": "Bane NOR", "passenger_lines": "1", "railway": "rail", "usage": "main", "voltage": "15000", "length_km": 0.067, "maxspeed_kmh": 95.0}}, {"type": "Feature", "geometry": {"type": "LineString", "coordinates": [[9.8686135, 60.2608034], [9.8681764, 60.2608187], [9.8674806, 60.2608394], [9.8671744, 60.2608549], [9.8652228, 60.260912], [9.8636826, 60.2609658]]}, "properties": {"electrified": "contact_line", "frequency": "16.67", "gauge": "1435", "maxspeed": "95", "name": "Bergensbanen", "operator": "Bane NOR", "passenger_lines": "1", "railway": "rail", "usage": "main", "voltage": "15000", "length_km": 0.274, "maxspeed_kmh": 95.0}}, {"type": "Feature", "geometry": {"type": "LineString", "coordinates": [[9.8875305, 60.2482852], [9.8871798, 60.2482105], [9.886235, 60.2480031], [9.882744, 60.2472527]]}, "properties": {"electrified": "contact_line", "frequency": "16.67", "gauge": "1435", "maxspeed": "85", "name": "Bergensbanen", "operator": "Bane NOR", "passenger_lines": "1", "railway": "rail", "usage": "main", "voltage": "15000", "length_km": 0.289, "maxspeed_kmh": 85.0}}, {"type": "Feature", "geometry": {"type": "LineString", "coordinates": [[9.8892637, 60.2486535], [9.8875305, 60.2482852]]}, "properties": {"electrified": "contact_line", "frequency": "16.67", "gauge": "1435", "maxspeed": "85", "name": "Bergensbanen", "operator": "Bane NOR", "passenger_lines": "1", "railway": "rail", "tunnel": "yes", "usage": "main", "voltage": "15000", "length_km": 0.104, "maxspeed_kmh": 85.0}}, {"type": "Feature", "geometry": {"type": "LineString", "coordinates": [[9.8929679, 60.2487501], [9.8927461, 60.2487796], [9.8922693, 60.2488277], [9.8918114, 60.2488524], [9.8915076, 60.2488592], [9.8911744, 60.2488573], [9.8907802, 60.248843], [9.8904173, 60.2488168], [9.8900332, 60.2487768], [9.8897431, 60.2487371], [9.8895527, 60.2487064], [9.8892637, 60.2486535]]}, "properties": {"electrified": "contact_line", "frequency": "16.67", "gauge": "1435", "maxspeed": "85", "name": "Bergensbanen", "operator": "Bane NOR", "passenger_lines": "1", "railway": "rail", "usage": "main", "voltage": "15000", "length_km": 0.209, "maxspeed_kmh": 85.0}}, {"type": "Feature", "geometry": {"type": "LineString", "coordinates": [[9.882744, 60.2472527], [9.8823518, 60.2471707], [9.8818464, 60.2470758], [9.881605, 60.2470407], [9.8813212, 60.2470072], [9.8810691, 60.2469838], [9.8808302, 60.2469714], [9.880629, 60.2469652], [9.880438, 60.2469644], [9.8802703, 60.2469665], [9.8800765, 60.2469722], [9.8798096, 60.2469853], [9.8795141, 60.2470107], [9.8793505, 60.2470307], [9.8791071, 60.2470647]]}, "properties": {"electrified": "contact_line", "frequency": "16.67", "gauge": "1435", "maxspeed": "75", "name": "Bergensbanen", "operator": "Bane NOR", "passenger_lines": "1", "railway": "rail", "usage": "main", "voltage": "15000", "length_km": 0.208, "maxspeed_kmh": 75.0}}, {"type": "Feature", "geometry": {"type": "LineString", "coordinates": [[9.931487, 60.2386306], [9.9307729, 60.2389092], [9.9304117, 60.2390594], [9.9300695, 60.2392085]]}, "properties": {"electrified": "contact_line", "frequency": "16.67", "gauge": "1435", "maxspeed": "130", "name": "Bergensbanen", "operator": "Bane NOR", "passenger_lines": "1", "railway": "rail", "usage": "main", "voltage": "15000", "length_km": 0.102, "maxspeed_kmh": 130.0}}, {"type": "Feature", "geometry": {"type": "LineString", "coordinates": [[9.9320728, 60.2384288], [9.931487, 60.2386306]]}, "properties": {"bridge": "yes", "electrified": "contact_line", "frequency": "16.67", "gauge": "1435", "maxspeed": "130", "name": "Bergensbanen", "operator": "Bane NOR", "passenger_lines": "1", "railway": "rail", "usage": "main", "voltage": "15000", "length_km": 0.04, "maxspeed_kmh": 130.0}}, {"type": "Feature", "geometry": {"type": "LineString", "coordinates": [[9.9300695, 60.2392085], [9.9295072, 60.2394718], [9.9290257, 60.2397153], [9.9289048, 60.2397786]]}, "properties": {"electrified": "contact_line", "frequency": "16.67", "gauge": "1435", "maxspeed": "80", "name": "Bergensbanen", "operator": "Bane NOR", "passenger_lines": "1", "railway": "rail", "usage": "main", "voltage": "15000", "length_km": 0.091, "maxspeed_kmh": 80.0}}, {"type": "Feature", "geometry": {"type": "LineString", "coordinates": [[9.953742, 60.2324052], [9.9533317, 60.2325178]]}, "properties": {"bridge": "yes", "electrified": "contact_line", "frequency": "16.67", "gauge": "1435", "maxspeed": "130", "name": "Bergensbanen", "operator": "Bane NOR", "passenger_lines": "1", "railway": "rail", "usage": "main", "voltage": "15000", "length_km": 0.026, "maxspeed_kmh": 130.0}}, {"type": "Feature", "geometry": {"type": "LineString", "coordinates": [[9.9692695, 60.2281076], [9.9629872, 60.2298483], [9.9611691, 60.2303471], [9.953742, 60.2324052]]}, "properties": {"electrified": "contact_line", "frequency": "16.67", "gauge": "1435", "maxspeed": "130", "name": "Bergensbanen", "operator": "Bane NOR", "passenger_lines": "1", "railway": "rail", "usage": "main", "voltage": "15000", "length_km": 0.985, "maxspeed_kmh": 130.0}}, {"type": "Feature", "geometry": {"type": "LineString", "coordinates": [[9.9734077, 60.2258293], [9.9731994, 60.2260506], [9.9729753, 60.226265], [9.9727158, 60.2264902], [9.9725954, 60.2265862], [9.972326, 60.2267761], [9.97199, 60.2269931], [9.9718456, 60.2270801], [9.9714154, 60.2273123], [9.9712517, 60.2273929], [9.9710163, 60.2275026], [9.9707861, 60.2276003], [9.9703417, 60.2277745], [9.9700746, 60.2278678], [9.9698249, 60.227947], [9.9695794, 60.228022], [9.9692695, 60.2281076]]}, "properties": {"electrified": "contact_line", "frequency": "16.67", "gauge": "1435", "maxspeed": "105", "name": "Bergensbanen", "operator": "Bane NOR", "passenger_lines": "1", "railway": "rail", "usage": "main", "voltage": "15000", "length_km": 0.349, "maxspeed_kmh": 105.0}}, {"type": "Feature", "geometry": {"type": "LineString", "coordinates": [[9.9845264, 60.2082861], [9.9842398, 60.2083056], [9.9839441, 60.2083324], [9.9836761, 60.2083655], [9.9834674, 60.208397], [9.9829915, 60.2084905], [9.9827204, 60.2085584], [9.9824839, 60.2086282], [9.982275, 60.208697], [9.9820608, 60.2087788], [9.9818389, 60.2088722], [9.981616, 60.2089828], [9.9814075, 60.2091007], [9.9812273, 60.2092195], [9.9810491, 60.2093643], [9.9808657, 60.2095249], [9.9806237, 60.209816], [9.9805374, 60.2099648], [9.9804324, 60.2102319], [9.9803911, 60.2104792], [9.9803878, 60.2106248], [9.9803978, 60.2107887]]}, "properties": {"electrified": "contact_line", "frequency": "16.67", "gauge": "1435", "maxspeed": "75", "name": "Bergensbanen", "operator": "Bane NOR", "passenger_lines": "1", "railway": "rail", "usage": "main", "voltage": "15000", "length_km": 0.402, "maxspeed_kmh": 75.0}}, {"type": "Feature", "geometry": {"type": "LineString", "coordinates": [[9.9803978, 60.2107887], [9.980403, 60.2108594], [9.9804361, 60.2111471], [9.9804593, 60.211441], [9.9805588, 60.2122713], [9.9805924, 60.2126853], [9.9806193, 60.2132113], [9.9806058, 60.2134396], [9.9805506, 60.2138478], [9.9804804, 60.2141779], [9.9804093, 60.2144212], [9.9803695, 60.2145506], [9.9802478, 60.2148646], [9.9801432, 60.215089], [9.9800206, 60.2153277], [9.9798174, 60.2157029], [9.979664, 60.2159524], [9.9792696, 60.2166343], [9.9790508, 60.2170517], [9.9788409, 60.2174723], [9.9787699, 60.2176222], [9.9784871, 60.2182956], [9.9782007, 60.219097], [9.9781077, 60.2193799], [9.9778741, 60.2199499], [9.9776916, 60.2203467], [9.9776023, 60.2205203], [9.9773431, 60.2209999], [9.9770761, 60.2214528], [9.9765788, 60.2221806], [9.9763655, 60.2224676], [9.9760676, 60.2228474], [9.9757456, 60.2232239], [9.9752239, 60.2238146], [9.9748166, 60.2242577], [9.9740935, 60.2250671], [9.9737019, 60.2254938], [9.9734077, 60.2258293]]}, "properties": {"electrified": "contact_line", "frequency": "16.67", "gauge": "1435", "maxspeed": "105", "name": "Bergensbanen", "operator": "Bane NOR", "passenger_lines": "1", "railway": "rail", "usage": "main", "voltage": "15000", "length_km": 1.741, "maxspeed_kmh": 105.0}}, {"type": "Feature", "geometry": {"type": "LineString", "coordinates": [[10.0516346, 60.2111169], [10.0513476, 60.2111302]]}, "properties": {"bridge": "yes", "electrified": "contact_line", "frequency": "16.67", "gauge": "1435", "maxspeed": "110", "name": "Bergensbanen", "operator": "Bane NOR", "passenger_lines": "1", "railway": "rail", "usage": "main", "voltage": "15000", "length_km": 0.016, "maxspeed_kmh": 110.0}}, {"type": "Feature", "geometry": {"type": "LineString", "coordinates": [[10.052186, 60.2110925], [10.0516346, 60.2111169]]}, "properties": {"electrified": "contact_line", "frequency": "16.67", "gauge": "1435", "maxspeed": "110", "name": "Bergensbanen", "operator": "Bane NOR", "passenger_lines": "1", "railway": "rail", "usage": "main", "voltage": "15000", "length_km": 0.031, "maxspeed_kmh": 110.0}}, {"type": "Feature", "geometry": {"type": "LineString", "coordinates": [[10.052611, 60.211073], [10.052186, 60.2110925]]}, "properties": {"bridge": "yes", "electrified": "contact_line", "frequency": "16.67", "gauge": "1435", "maxspeed": "110", "name": "Bergensbanen", "operator": "Bane NOR", "passenger_lines": "1", "railway": "rail", "usage": "main", "voltage": "15000", "length_km": 0.024, "maxspeed_kmh": 110.0}}, {"type": "Feature", "geometry": {"type": "LineString", "coordinates": [[10.0635765, 60.2083387], [10.0632024, 60.2084385], [10.0628237, 60.2085515], [10.0625328, 60.2086454], [10.0622028, 60.2087637], [10.0616903, 60.2089672], [10.0601808, 60.2096176], [10.059726, 60.2097946], [10.0592403, 60.2099704], [10.0587257, 60.2101372], [10.0582562, 60.2102734], [10.0578439, 60.2103848], [10.0574089, 60.2104878], [10.0569792, 60.2105817], [10.0564166, 60.2106897], [10.0559877, 60.2107629], [10.0555057, 60.2108358], [10.0551353, 60.2108836], [10.0547596, 60.2109262], [10.0543403, 60.2109671], [10.053869, 60.2110039], [10.0533394, 60.2110365], [10.052611, 60.211073]]}, "properties": {"electrified": "contact_line", "frequency": "16.67", "gauge": "1435", "maxspeed": "110", "name": "Bergensbanen", "operator": "Bane NOR", "passenger_lines": "1", "railway": "rail", "usage": "main", "voltage": "15000", "length_km": 0.695, "maxspeed_kmh": 110.0}}, {"type": "Feature", "geometry": {"type": "LineString", "coordinates": [[10.0636882, 60.2083102], [10.0635765, 60.2083387]]}, "properties": {"bridge": "yes", "electrified": "contact_line", "frequency": "16.67", "gauge": "1435", "maxspeed": "110", "name": "Bergensbanen", "operator": "Bane NOR", "passenger_lines": "1", "railway": "rail", "usage": "main", "voltage": "15000", "length_km": 0.007, "maxspeed_kmh": 110.0}}, {"type": "Feature", "geometry": {"type": "LineString", "coordinates": [[10.0862331, 60.2061142], [10.0856653, 60.2061342], [10.0852435, 60.2061528], [10.0848319, 60.2061764], [10.0840532, 60.2062333], [10.0833392, 60.2062999], [10.0822506, 60.20642], [10.0814545, 60.2065378], [10.079302, 60.2068927], [10.0787615, 60.2069719], [10.0783206, 60.2070279], [10.0779399, 60.2070723], [10.0775059, 60.2071161], [10.0770928, 60.2071503], [10.0767254, 60.2071756], [10.0762831, 60.2072005], [10.0759144, 60.207215], [10.0752944, 60.2072315], [10.0739243, 60.2072541], [10.0729976, 60.2072822], [10.0723792, 60.2073072], [10.0715067, 60.2073532], [10.071044, 60.2073804], [10.070525, 60.2074168], [10.0695011, 60.2075001], [10.0689102, 60.2075545], [10.0679835, 60.2076499], [10.0666722, 60.2078123], [10.0659316, 60.2079169], [10.0654651, 60.2079856], [10.0645692, 60.2081328], [10.0642038, 60.2081982], [10.0636882, 60.2083102]]}, "properties": {"electrified": "contact_line", "frequency": "16.67", "gauge": "1435", "maxspeed": "110", "name": "Bergensbanen", "operator": "Bane NOR", "passenger_lines": "1", "railway": "rail", "usage": "main", "voltage": "15000", "length_km": 1.281, "maxspeed_kmh": 110.0}}, {"type": "Feature", "geometry": {"type": "LineString", "coordinates": [[10.0951762, 60.2069078], [10.095085, 60.2068972]]}, "properties": {"bridge": "yes", "electrified": "contact_line", "frequency": "16.67", "gauge": "1435", "name": "Bergensbanen", "operator": "Bane NOR", "passenger_lines": "1", "railway": "rail", "usage": "main", "voltage": "15000", "length_km": 0.005}}, {"type": "Feature", "geometry": {"type": "LineString", "coordinates": [[10.0953801, 60.2069281], [10.0951762, 60.2069078]]}, "properties": {"electrified": "contact_line", "frequency": "16.67", "gauge": "1435", "name": "Bergensbanen", "operator": "Bane NOR", "passenger_lines": "1", "railway": "rail", "usage": "main", "voltage": "15000", "length_km": 0.012}}, {"type": "Feature", "geometry": {"type": "LineString", "coordinates": [[10.095085, 60.2068972], [10.0949948, 60.2068871], [10.094741, 60.2068568], [10.0940051, 60.206766], [10.0925947, 60.2065746], [10.0909198, 60.2063472], [10.0907412, 60.2063234]]}, "properties": {"electrified": "contact_line", "frequency": "16.67", "gauge": "1435", "name": "Bergensbanen", "operator": "Bane NOR", "passenger_lines": "1", "railway": "rail", "usage": "main", "voltage": "15000", "length_km": 0.249}}, {"type": "Feature", "geometry": {"type": "LineString", "coordinates": [[10.0864013, 60.2061088], [10.0862331, 60.2061142]]}, "properties": {"electrified": "contact_line", "frequency": "16.67", "gauge": "1435", "maxspeed": "105", "name": "Bergensbanen", "operator": "Bane NOR", "passenger_lines": "1", "railway": "rail", "usage": "main", "voltage": "15000", "length_km": 0.009, "maxspeed_kmh": 105.0}}, {"type": "Feature", "geometry": {"type": "LineString", "coordinates": [[10.0865154, 60.2061058], [10.0864013, 60.2061088]]}, "properties": {"bridge": "yes", "electrified": "contact_line", "frequency": "16.67", "gauge": "1435", "maxspeed": "105", "name": "Bergensbanen", "operator": "Bane NOR", "passenger_lines": "1", "railway": "rail", "usage": "main", "voltage": "15000", "length_km": 0.006, "maxspeed_kmh": 105.0}}, {"type": "Feature", "geometry": {"type": "LineString", "coordinates": [[10.0907412, 60.2063234], [10.0900325, 60.2062333], [10.0893933, 60.2061703], [10.088774, 60.2061305], [10.0883364, 60.2061149], [10.0875416, 60.2060998], [10.0865903, 60.2061044], [10.0865154, 60.2061058]]}, "properties": {"electrified": "contact_line", "frequency": "16.67", "gauge": "1435", "maxspeed": "105", "name": "Bergensbanen", "operator": "Bane NOR", "passenger_lines": "1", "railway": "rail", "usage": "main", "voltage": "15000", "length_km": 0.237, "maxspeed_kmh": 105.0}}, {"type": "Feature", "geometry": {"type": "LineString", "coordinates": [[10.1270893, 60.2025114], [10.126791, 60.2025715]]}, "properties": {"bridge": "yes", "electrified": "contact_line", "frequency": "16.67", "gauge": "1435", "maxspeed": "125", "name": "Bergensbanen", "operator": "Bane NOR", "passenger_lines": "1", "railway": "rail", "usage": "main", "voltage": "15000", "length_km": 0.018, "maxspeed_kmh": 125.0}}, {"type": "Feature", "geometry": {"type": "LineString", "coordinates": [[10.1384482, 60.1987176], [10.1365117, 60.199659], [10.135787, 60.1999894], [10.1352491, 60.2002194], [10.1344791, 60.2005265], [10.1340158, 60.2007017], [10.1337529, 60.2007962], [10.1335092, 60.200883], [10.1329657, 60.2010673], [10.1322003, 60.2013096], [10.1315421, 60.2015003], [10.1310383, 60.2016392], [10.1305307, 60.2017707], [10.1296843, 60.2019774], [10.128675, 60.202197], [10.1270893, 60.2025114]]}, "properties": {"electrified": "contact_line", "frequency": "16.67", "gauge": "1435", "maxspeed": "125", "name": "Bergensbanen", "operator": "Bane NOR", "passenger_lines": "1", "railway": "rail", "usage": "main", "voltage": "15000", "length_km": 0.767, "maxspeed_kmh": 125.0}}, {"type": "Feature", "geometry": {"type": "LineString", "coordinates": [[10.1410636, 60.1975738], [10.1408131, 60.1976529], [10.1405994, 60.1977256], [10.1403766, 60.1978081], [10.1401523, 60.197899], [10.1399464, 60.1979928], [10.1394908, 60.1982103], [10.1389552, 60.198476], [10.1384482, 60.1987176]]}, "properties": {"electrified": "contact_line", "frequency": "16.67", "gauge": "1435", "maxspeed": "75", "name": "Bergensbanen", "operator": "Bane NOR", "passenger_lines": "1", "railway": "rail", "usage": "main", "voltage": "15000", "length_km": 0.194, "maxspeed_kmh": 75.0}}, {"type": "Feature", "geometry": {"type": "LineString", "coordinates": [[10.1994216, 60.1778933], [10.1988753, 60.1779384], [10.1983284, 60.1780039], [10.1980971, 60.1780423], [10.1979463, 60.1780673], [10.1977745, 60.1781067], [10.1976406, 60.1781321], [10.1972734, 60.1782174], [10.197053, 60.178283], [10.1966833, 60.1784023], [10.1965377, 60.1784538], [10.1961594, 60.1786194], [10.1960102, 60.1786915], [10.1957604, 60.1788268], [10.1956482, 60.1788904], [10.1952734, 60.1791521], [10.1951109, 60.1792853], [10.1949712, 60.1794332], [10.1948217, 60.1796025], [10.1946299, 60.1798438], [10.1938037, 60.1809743], [10.1934146, 60.1814927], [10.1932082, 60.1817543], [10.1930042, 60.1819942], [10.1926431, 60.1823836], [10.1923674, 60.1826563], [10.1920671, 60.1829355], [10.1915729, 60.1833533], [10.1910323, 60.1837701], [10.1908834, 60.183877], [10.1903991, 60.1842055], [10.1898128, 60.1845718], [10.1891675, 60.1849443], [10.188906, 60.1850821], [10.1886341, 60.185213], [10.1884078, 60.1853137], [10.1881323, 60.185419], [10.1879772, 60.1854733], [10.1878228, 60.185525], [10.1873905, 60.185644], [10.186955, 60.1857426], [10.1863049, 60.1858603]]}, "properties": {"electrified": "contact_line", "frequency": "16.67", "gauge": "1435", "maxspeed": "85", "name": "Bergensbanen", "operator": "Bane NOR", "passenger_lines": "1", "railway": "rail", "usage": "main", "voltage": "15000", "length_km": 1.205, "maxspeed_kmh": 85.0}}, {"type": "Feature", "geometry": {"type": "LineString", "coordinates": [[10.2211503, 60.1667715], [10.2210702, 60.1668227], [10.2179136, 60.1688788], [10.2111002, 60.1733164]]}, "properties": {"electrified": "contact_line", "frequency": "16.67", "gauge": "1435", "maxspeed": "110", "name": "Bergensbanen", "operator": "Bane NOR", "passenger_lines": "1", "railway": "rail", "usage": "main", "voltage": "15000", "length_km": 0.919, "maxspeed_kmh": 110.0}}, {"type": "Feature", "geometry": {"type": "LineString", "coordinates": [[9.1713565, 60.5168182], [9.1712679, 60.5169826], [9.1711091, 60.5172304], [9.1710141, 60.517352], [9.1708979, 60.517485], [9.1706732, 60.517702], [9.1701422, 60.518151], [9.1699997, 60.518279], [9.1698587, 60.518416], [9.1697329, 60.5185547], [9.1696368, 60.5186796], [9.1695759, 60.5187714], [9.1695046, 60.5188941], [9.1694087, 60.519122], [9.1693554, 60.5193391], [9.1693411, 60.5194471]]}, "properties": {"electrified": "contact_line", "frequency": "16.67", "gauge": "1435", "maxspeed": "80", "name": "Bergensbanen", "operator": "Bane NOR", "passenger_lines": "1", "railway": "rail", "usage": "main", "voltage": "15000", "length_km": 0.316, "maxspeed_kmh": 80.0}}, {"type": "Feature", "geometry": {"type": "LineString", "coordinates": [[9.1746967, 60.508191], [9.1746637, 60.5083468], [9.1745903, 60.50861], [9.1745398, 60.5087396], [9.1744815, 60.5088696], [9.174361, 60.5091058], [9.1737982, 60.5100718], [9.1724127, 60.5124165], [9.1722772, 60.5126581], [9.1721186, 60.5129927], [9.1720705, 60.5131211], [9.1719882, 60.5134008], [9.1719311, 60.5136951], [9.171912, 60.5140142], [9.1719324, 60.5146255], [9.171935, 60.5149108], [9.1719182, 60.5151739], [9.1718968, 60.5153276], [9.1718543, 60.5155379], [9.1717682, 60.5158442], [9.1717225, 60.5159813], [9.1716039, 60.5162865], [9.171475, 60.5165853], [9.1713565, 60.5168182]]}, "properties": {"electrified": "contact_line", "frequency": "16.67", "gauge": "1435", "maxspeed": "105", "name": "Bergensbanen", "operator": "Bane NOR", "passenger_lines": "1", "railway": "rail", "usage": "main", "voltage": "15000", "length_km": 0.985, "maxspeed_kmh": 105.0}}, {"type": "Feature", "geometry": {"type": "LineString", "coordinates": [[9.1754213, 60.5031655], [9.1751738, 60.5035047], [9.1750727, 60.5036536], [9.1749559, 60.5038372], [9.174785, 60.5041515], [9.1746804, 60.5043747], [9.1745646, 60.5046834], [9.1744583, 60.5050675], [9.1744261, 60.5052427], [9.1743928, 60.505511], [9.1743803, 60.5056853], [9.1743818, 60.5059979], [9.1743935, 60.5061805], [9.1744346, 60.506476], [9.1746433, 60.5073021], [9.1746977, 60.50759], [9.1747124, 60.5077472], [9.1747127, 60.5079863], [9.1747065, 60.5080918]]}, "properties": {"electrified": "contact_line", "frequency": "16.67", "gauge": "1435", "maxspeed": "105", "name": "Bergensbanen", "operator": "Bane NOR", "passenger_lines": "1", "railway": "rail", "usage": "main", "voltage": "15000", "length_km": 0.558, "maxspeed_kmh": 105.0}}, {"type": "Feature", "geometry": {"type": "LineString", "coordinates": [[9.1767188, 60.4958858], [9.1765285, 60.4960145], [9.1764299, 60.49609], [9.1762275, 60.4962656]]}, "properties": {"electrified": "contact_line", "frequency": "16.67", "gauge": "1435", "maxspeed": "75", "name": "Bergensbanen", "operator": "Bane NOR", "passenger_lines": "1", "railway": "rail", "tunnel": "yes", "usage": "main", "voltage": "15000", "length_km": 0.05, "maxspeed_kmh": 75.0}}, {"type": "Feature", "geometry": {"type": "LineString", "coordinates": [[9.1812779, 60.4931633], [9.1809656, 60.4932786], [9.1806593, 60.4934077], [9.180503, 60.4934824], [9.1802896, 60.4936008], [9.1801294, 60.4937], [9.1799992, 60.4937885], [9.1796925, 60.4940377], [9.1792437, 60.4944316], [9.1791067, 60.4945454], [9.1789628, 60.4946587], [9.1786763, 60.4948599], [9.1784095, 60.4950242], [9.1781068, 60.4951899], [9.1772318, 60.4956082], [9.1768897, 60.4957842], [9.1767188, 60.4958858]]}, "properties": {"electrified": "contact_line", "frequency": "16.67", "gauge": "1435", "maxspeed": "75", "name": "Bergensbanen", "operator": "Bane NOR", "passenger_lines": "1", "railway": "rail", "usage": "main", "voltage": "15000", "length_km": 0.397, "maxspeed_kmh": 75.0}}, {"type": "Feature", "geometry": {"type": "LineString", "coordinates": [[9.1762275, 60.4962656], [9.1761401, 60.4963549], [9.1760346, 60.4964842], [9.1759004, 60.496692], [9.1758104, 60.4969031], [9.1757447, 60.4971789], [9.1757206, 60.4973309], [9.1754676, 60.4992569], [9.1754131, 60.4997354], [9.1754106, 60.500023], [9.1754249, 60.5001679], [9.1754479, 60.5002958], [9.1754777, 60.5004107], [9.1755553, 60.5006211], [9.1758292, 60.5012174], [9.1758859, 60.5013698], [9.1759255, 60.5015168], [9.1759538, 60.5016627], [9.1759688, 60.5018201], [9.1759669, 60.5019685], [9.1759508, 60.5021159], [9.1759315, 60.50222], [9.1758956, 60.5023478], [9.1757802, 60.5026229], [9.1756416, 60.5028553], [9.1754213, 60.5031655]]}, "properties": {"electrified": "contact_line", "frequency": "16.67", "gauge": "1435", "maxspeed": "75", "name": "Bergensbanen", "operator": "Bane NOR", "passenger_lines": "1", "railway": "rail", "usage": "main", "voltage": "15000", "length_km": 0.781, "maxspeed_kmh": 75.0}}, {"type": "Feature", "geometry": {"type": "LineString", "coordinates": [[9.1821803, 60.4929404], [9.1818449, 60.4930101], [9.1816764, 60.4930493], [9.1814759, 60.4931028], [9.1812779, 60.4931633]]}, "properties": {"electrified": "contact_line", "frequency": "16.67", "gauge": "1435", "maxspeed": "75", "name": "Bergensbanen", "operator": "Bane NOR", "passenger_lines": "1", "railway": "rail", "tunnel": "yes", "usage": "main", "voltage": "15000", "length_km": 0.056, "maxspeed_kmh": 75.0}}, {"type": "Feature", "geometry": {"type": "LineString", "coordinates": [[9.2087417, 60.4906456], [9.2082424, 60.4906337]]}, "properties": {"electrified": "contact_line", "frequency": "16.67", "gauge": "1435", "maxspeed": "75", "name": "Bergensbanen", "operator": "Bane NOR", "passenger_lines": "1", "railway": "rail", "tunnel": "yes", "usage": "main", "voltage": "15000", "length_km": 0.028, "maxspeed_kmh": 75.0}}, {"type": "Feature", "geometry": {"type": "LineString", "coordinates": [[9.2141652, 60.4902109], [9.2139123, 60.4902777], [9.2132555, 60.4904634], [9.2130406, 60.4905199], [9.2127281, 60.4905947], [9.212474, 60.4906449], [9.212231, 60.4906855], [9.212078, 60.4907067], [9.2117516, 60.4907416], [9.21151, 60.4907594], [9.2111482, 60.4907735], [9.2108069, 60.4907743], [9.2104283, 60.49076], [9.2100622, 60.4907361], [9.2093026, 60.4906762], [9.2087417, 60.4906456]]}, "properties": {"electrified": "contact_line", "frequency": "16.67", "gauge": "1435", "maxspeed": "75", "name": "Bergensbanen", "operator": "Bane NOR", "passenger_lines": "1", "railway": "rail", "usage": "main", "voltage": "15000", "length_km": 0.313, "maxspeed_kmh": 75.0}}, {"type": "Feature", "geometry": {"type": "LineString", "coordinates": [[9.2217079, 60.4894171], [9.2214383, 60.4895116], [9.2210733, 60.4896261], [9.2208632, 60.4896862], [9.2205529, 60.4897613], [9.2203661, 60.4898018], [9.2199535, 60.4898745], [9.219768, 60.4899014], [9.2194777, 60.4899375], [9.2192509, 60.4899596], [9.2188505, 60.4899863], [9.2186082, 60.4899952], [9.2184597, 60.4899983], [9.2181975, 60.4899975], [9.2179064, 60.4899908], [9.217574, 60.489978], [9.2173966, 60.4899705]]}, "properties": {"electrified": "contact_line", "frequency": "16.67", "gauge": "1435", "maxspeed": "75", "name": "Bergensbanen", "operator": "Bane NOR", "passenger_lines": "1", "railway": "rail", "usage": "main", "voltage": "15000", "length_km": 0.252, "maxspeed_kmh": 75.0}}, {"type": "Feature", "geometry": {"type": "LineString", "coordinates": [[9.2326201, 60.4758085], [9.2325405, 60.4758534], [9.232307, 60.476002], [9.2321952, 60.4760848], [9.2320509, 60.4762049], [9.2319176, 60.4763337], [9.2317857, 60.4764867], [9.2316889, 60.4766276], [9.2316163, 60.4767564], [9.2315822, 60.4768305], [9.2315309, 60.4769803], [9.2315139, 60.4770621], [9.2314999, 60.4771473], [9.2314896, 60.4773092], [9.2314941, 60.4774805], [9.2314956, 60.4775403]]}, "properties": {"electrified": "contact_line", "frequency": "16.67", "gauge": "1435", "maxspeed": "75", "name": "Bergensbanen", "operator": "Bane NOR", "passenger_lines": "1", "railway": "rail", "usage": "main", "voltage": "15000", "length_km": 0.208, "maxspeed_kmh": 75.0}}, {"type": "Feature", "geometry": {"type": "LineString", "coordinates": [[9.2389367, 60.4755693], [9.2387394, 60.4754954], [9.2384272, 60.4753894], [9.2382821, 60.4753461], [9.2380984, 60.4752965], [9.2379195, 60.4752533], [9.2377251, 60.4752111], [9.2375566, 60.4751803], [9.2374393, 60.4751622]]}, "properties": {"electrified": "contact_line", "frequency": "16.67", "gauge": "1435", "maxspeed": "75", "name": "Bergensbanen", "operator": "Bane NOR", "passenger_lines": "1", "railway": "rail", "usage": "main", "voltage": "15000", "length_km": 0.095, "maxspeed_kmh": 75.0}}, {"type": "Feature", "geometry": {"type": "LineString", "coordinates": [[9.2608131, 60.4663459], [9.2606271, 60.4666668], [9.2604893, 60.4669361], [9.2603173, 60.4673119], [9.260212, 60.4675805], [9.2601451, 60.4677849], [9.2600461, 60.4681461], [9.2595445, 60.4701635], [9.2594659, 60.470431], [9.2593939, 60.4706245], [9.2593154, 60.4707915], [9.2592033, 60.4709848], [9.2590892, 60.4711541], [9.2588806, 60.4714083], [9.2587166, 60.471577], [9.2585844, 60.4717014], [9.2584641, 60.4718061], [9.2582128, 60.4720093], [9.2581198, 60.4720835], [9.2577126, 60.4723787], [9.257415, 60.4725803], [9.2569074, 60.4729053], [9.2550242, 60.4740759], [9.2546812, 60.4742831], [9.2543688, 60.4744609], [9.2540729, 60.4746097], [9.2536743, 60.4747851], [9.2533422, 60.4749115], [9.2529892, 60.4750312], [9.2526328, 60.475137], [9.2521641, 60.4752607], [9.2512556, 60.4754855], [9.2502584, 60.4757245], [9.2493362, 60.4759402], [9.2482897, 60.4761763], [9.2480767, 60.476224], [9.2472809, 60.4763971], [9.2466831, 60.4765104], [9.2465292, 60.4765363], [9.2463134, 60.4765688], [9.246059, 60.4766029], [9.2457344, 60.4766421], [9.2452223, 60.4766906], [9.2448872, 60.4767153]]}, "properties": {"electrified": "contact_line", "frequency": "16.67", "gauge": "1435", "maxspeed": "90", "name": "Bergensbanen", "operator": "Bane NOR", "passenger_lines": "1", "railway": "rail", "usage": "main", "voltage": "15000", "length_km": 1.584, "maxspeed_kmh": 90.0}}, {"type": "Feature", "geometry": {"type": "LineString", "coordinates": [[9.2581198, 60.4720835], [9.2543602, 60.4744091], [9.2536674, 60.4747233], [9.2531666, 60.4749189], [9.2526495, 60.4750944], [9.2497348, 60.4758074], [9.2482594, 60.4761389], [9.2475381, 60.4763035], [9.2466748, 60.4764975], [9.2465206, 60.4765269], [9.2463094, 60.4765649], [9.246059, 60.4766029]]}, "properties": {"electrified": "contact_line", "frequency": "16.67", "gauge": "1435", "maxspeed": "40", "name": "Bergensbanen", "passenger_lines": "1", "railway": "rail", "service": "siding", "voltage": "15000", "length_km": 0.853, "maxspeed_kmh": 40.0}}, {"type": "Feature", "geometry": {"type": "LineString", "coordinates": [[9.2648489, 60.4594052], [9.2647879, 60.4594486], [9.2646221, 60.4595851], [9.2645306, 60.4596684], [9.2643321, 60.4598766], [9.2641703, 60.4600827], [9.2640264, 60.4603212], [9.2639495, 60.4604941], [9.2638805, 60.4606835], [9.2638457, 60.4608049]]}, "properties": {"electrified": "contact_line", "frequency": "16.67", "gauge": "1435", "maxspeed": "85", "name": "Bergensbanen", "operator": "Bane NOR", "passenger_lines": "1", "railway": "rail", "usage": "main", "voltage": "15000", "length_km": 0.167, "maxspeed_kmh": 85.0}}, {"type": "Feature", "geometry": {"type": "LineString", "coordinates": [[9.2873393, 60.4495633], [9.2871024, 60.4496158], [9.2869517, 60.4496542], [9.2866525, 60.4497417], [9.286517, 60.4497857], [9.2863427, 60.4498489], [9.2861121, 60.4499399], [9.2860062, 60.4499874], [9.2858728, 60.450051], [9.2856193, 60.4501859], [9.2854304, 60.4503041], [9.2852272, 60.4504514], [9.2850771, 60.4505799], [9.2849847, 60.4506663], [9.2845677, 60.4511018], [9.284486, 60.4511838]]}, "properties": {"electrified": "contact_line", "frequency": "16.67", "gauge": "1435", "maxspeed": "75", "name": "Bergensbanen", "operator": "Bane NOR", "passenger_lines": "1", "railway": "rail", "usage": "main", "voltage": "15000", "length_km": 0.247, "maxspeed_kmh": 75.0}}, {"type": "Feature", "geometry": {"type": "LineString", "coordinates": [[9.2881733, 60.4494404], [9.2880697, 60.4494511], [9.287812, 60.4494828], [9.2875886, 60.4495176], [9.2873393, 60.4495633]]}, "properties": {"electrified": "contact_line", "frequency": "16.67", "gauge": "1435", "maxspeed": "75", "name": "Bergensbanen", "operator": "Bane NOR", "passenger_lines": "1", "railway": "rail", "tunnel": "yes", "usage": "main", "voltage": "15000", "length_km": 0.048, "maxspeed_kmh": 75.0}}, {"type": "Feature", "geometry": {"type": "LineString", "coordinates": [[9.2883689, 60.4494201], [9.2881733, 60.4494404]]}, "properties": {"electrified": "contact_line", "frequency": "16.67", "gauge": "1435", "maxspeed": "75", "name": "Bergensbanen", "operator": "Bane NOR", "passenger_lines": "1", "railway": "rail", "usage": "main", "voltage": "15000", "length_km": 0.011, "maxspeed_kmh": 75.0}}, {"type": "Feature", "geometry": {"type": "LineString", "coordinates": [[9.3145576, 60.449822], [9.3142223, 60.4499951], [9.3135579, 60.4503528], [9.3132557, 60.4505074], [9.3130056, 60.4506261], [9.3126502, 60.4507716]]}, "properties": {"electrified": "contact_line", "frequency": "16.67", "gauge": "1435", "maxspeed": "75", "name": "Bergensbanen", "operator": "Bane NOR", "passenger_lines": "1", "railway": "rail", "usage": "main", "voltage": "15000", "length_km": 0.149, "maxspeed_kmh": 75.0}}, {"type": "Feature", "geometry": {"type": "LineString", "coordinates": [[9.3259509, 60.4354073], [9.3259093, 60.4355694], [9.3258872, 60.4356782], [9.325862, 60.4358483], [9.3258517, 60.4359997], [9.3258516, 60.4361538], [9.3258793, 60.4364351], [9.3259323, 60.4366873], [9.3259815, 60.4368463], [9.3260254, 60.4369615], [9.3265551, 60.438114], [9.3266756, 60.4383901], [9.3268156, 60.4387972], [9.3268996, 60.4391635], [9.3269361, 60.4394329], [9.3269468, 60.439576], [9.32695, 60.4399637], [9.3269216, 60.4402711], [9.3268948, 60.4404406], [9.3268508, 60.440636], [9.3267986, 60.440826], [9.3266935, 60.4411284], [9.3265661, 60.4414331], [9.326346, 60.4419062], [9.3262566, 60.4420842], [9.3259449, 60.4426624], [9.3257148, 60.4430696]]}, "properties": {"electrified": "contact_line", "frequency": "16.67", "gauge": "1435", "maxspeed": "100", "name": "Bergensbanen", "operator": "Bane NOR", "passenger_lines": "1", "railway": "rail", "usage": "main", "voltage": "15000", "length_km": 0.868, "maxspeed_kmh": 100.0}}, {"type": "Feature", "geometry": {"type": "LineString", "coordinates": [[9.3316003, 60.4293293], [9.3306919, 60.4302268], [9.3291742, 60.4317362], [9.3286178, 60.4322798], [9.3284645, 60.4324381], [9.3283052, 60.4325933]]}, "properties": {"electrified": "contact_line", "frequency": "16.67", "gauge": "1435", "maxspeed": "100", "name": "Bergensbanen", "operator": "Bane NOR", "passenger_lines": "1", "railway": "rail", "usage": "main", "voltage": "15000", "length_km": 0.407, "maxspeed_kmh": 100.0}}, {"type": "Feature", "geometry": {"type": "LineString", "coordinates": [[9.337914, 60.4281783], [9.337469, 60.428089], [9.3372588, 60.4280519]]}, "properties": {"electrified": "contact_line", "frequency": "16.67", "gauge": "1435", "name": "Bergensbanen", "operator": "Bane NOR", "passenger_lines": "1", "railway": "rail", "usage": "main", "voltage": "15000", "length_km": 0.039}}, {"type": "Feature", "geometry": {"type": "LineString", "coordinates": [[9.3372588, 60.4280519], [9.3371464, 60.4280334]]}, "properties": {"electrified": "contact_line", "frequency": "16.67", "gauge": "1435", "maxspeed": "75", "name": "Bergensbanen", "operator": "Bane NOR", "passenger_lines": "1", "railway": "rail", "usage": "main", "voltage": "15000", "length_km": 0.007, "maxspeed_kmh": 75.0}}, {"type": "Feature", "geometry": {"type": "LineString", "coordinates": [[9.3423304, 60.4294671], [9.3420579, 60.4293664], [9.3415083, 60.4291695]]}, "properties": {"electrified": "contact_line", "frequency": "16.67", "gauge": "1435", "maxspeed": "90", "name": "Bergensbanen", "operator": "Bane NOR", "passenger_lines": "1", "railway": "rail", "tunnel": "yes", "usage": "main", "voltage": "15000", "length_km": 0.056, "maxspeed_kmh": 90.0}}, {"type": "Feature", "geometry": {"type": "LineString", "coordinates": [[9.3415083, 60.4291695], [9.3412156, 60.4290706], [9.3408745, 60.4289589], [9.3402707, 60.4287743], [9.3396982, 60.4286117], [9.3391156, 60.428458], [9.3385096, 60.4283102], [9.337914, 60.4281783]]}, "properties": {"electrified": "contact_line", "frequency": "16.67", "gauge": "1435", "name": "Bergensbanen", "operator": "Bane NOR", "passenger_lines": "1", "railway": "rail", "usage": "main", "voltage": "15000", "length_km": 0.227}}, {"type": "Feature", "geometry": {"type": "LineString", "coordinates": [[9.3766596, 60.4309391], [9.3764307, 60.4309257]]}, "properties": {"bridge": "yes", "electrified": "contact_line", "frequency": "16.67", "gauge": "1435", "maxspeed": "90", "name": "Bergensbanen", "operator": "Bane NOR", "passenger_lines": "1", "railway": "rail", "usage": "main", "voltage": "15000", "length_km": 0.013, "maxspeed_kmh": 90.0}}, {"type": "Feature", "geometry": {"type": "LineString", "coordinates": [[9.3697326, 60.4305305], [9.3688671, 60.430481], [9.3683993, 60.4304622], [9.3679323, 60.430456], [9.3674548, 60.4304665], [9.367126, 60.4304807], [9.3668728, 60.430498], [9.3666294, 60.4305181], [9.3663706, 60.4305466], [9.3661055, 60.4305766], [9.3658403, 60.4306145], [9.365568, 60.4306594], [9.3652771, 60.4307144], [9.3650183, 60.4307696], [9.3647822, 60.4308249], [9.3643782, 60.4309331], [9.3640054, 60.4310474], [9.3638036, 60.4311146], [9.360825, 60.4321589], [9.3600831, 60.4324095], [9.3598581, 60.4324774]]}, "properties": {"electrified": "contact_line", "frequency": "16.67", "gauge": "1435", "maxspeed": "90", "name": "Bergensbanen", "operator": "Bane NOR", "passenger_lines": "1", "railway": "rail", "usage": "main", "voltage": "15000", "length_km": 0.608, "maxspeed_kmh": 90.0}}, {"type": "Feature", "geometry": {"type": "LineString", "coordinates": [[9.393837, 60.4312673], [9.3934336, 60.4310452], [9.3932589, 60.4309595], [9.3931097, 60.4308935], [9.3929106, 60.4308128], [9.3926892, 60.4307307], [9.3924445, 60.4306521], [9.3921922, 60.4305802], [9.3919146, 60.4305117], [9.3916014, 60.4304486], [9.3913522, 60.4304061], [9.3911091, 60.4303715], [9.3908202, 60.4303397], [9.3904768, 60.4303127], [9.3901971, 60.4303005], [9.3899516, 60.4302948], [9.3896768, 60.4302956], [9.3892245, 60.430316], [9.3890029, 60.4303344], [9.3887921, 60.4303552], [9.388552, 60.4303857], [9.3883474, 60.430416], [9.3881373, 60.4304528], [9.3877362, 60.4305369], [9.3874532, 60.4306036], [9.3871864, 60.4306696]]}, "properties": {"electrified": "contact_line", "frequency": "16.67", "gauge": "1435", "maxspeed": "75", "name": "Bergensbanen", "operator": "Bane NOR", "passenger_lines": "1", "railway": "rail", "usage": "main", "voltage": "15000", "length_km": 0.408, "maxspeed_kmh": 75.0}}, {"type": "Feature", "geometry": {"type": "LineString", "coordinates": [[9.3943701, 60.4316085], [9.393837, 60.4312673]]}, "properties": {"electrified": "contact_line", "frequency": "16.67", "gauge": "1435", "maxspeed": "75", "name": "Bergensbanen", "operator": "Bane NOR", "passenger_lines": "1", "railway": "rail", "tunnel": "yes", "usage": "main", "voltage": "15000", "length_km": 0.048, "maxspeed_kmh": 75.0}}, {"type": "Feature", "geometry": {"type": "LineString", "coordinates": [[9.3948274, 60.4319477], [9.3947431, 60.4318808], [9.3943701, 60.4316085]]}, "properties": {"electrified": "contact_line", "frequency": "16.67", "gauge": "1435", "maxspeed": "75", "name": "Bergensbanen", "operator": "Bane NOR", "passenger_lines": "1", "railway": "rail", "usage": "main", "voltage": "15000", "length_km": 0.045, "maxspeed_kmh": 75.0}}, {"type": "Feature", "geometry": {"type": "LineString", "coordinates": [[9.3950807, 60.4321509], [9.3948274, 60.4319477]]}, "properties": {"electrified": "contact_line", "frequency": "16.67", "gauge": "1435", "maxspeed": "75", "name": "Bergensbanen", "operator": "Bane NOR", "passenger_lines": "1", "railway": "rail", "tunnel": "yes", "usage": "main", "voltage": "15000", "length_km": 0.027, "maxspeed_kmh": 75.0}}, {"type": "Feature", "geometry": {"type": "LineString", "coordinates": [[9.4154287, 60.4431801], [9.4151913, 60.4430786], [9.4147732, 60.4428947], [9.4144335, 60.4427336], [9.4142431, 60.4426373], [9.4138396, 60.4424117], [9.4135255, 60.4422193], [9.4132901, 60.4420571], [9.4130364, 60.4418687], [9.4128535, 60.4417183], [9.4127388, 60.4416167], [9.4124409, 60.441327], [9.4122392, 60.4410946], [9.412079, 60.4408849], [9.4118774, 60.4405639], [9.4117796, 60.4403722], [9.4117256, 60.4402509], [9.4116474, 60.4400357], [9.4114899, 60.4395217], [9.4114096, 60.4393313], [9.4112881, 60.4391224], [9.4111342, 60.4389186], [9.4110455, 60.4388183], [9.4109442, 60.438719], [9.4107687, 60.4385659], [9.4106672, 60.4384868], [9.4104143, 60.4383121], [9.4102788, 60.4382289], [9.4101448, 60.4381526], [9.4099842, 60.4380698], [9.4098343, 60.437997], [9.4096341, 60.4379097], [9.4094427, 60.4378336], [9.4092606, 60.4377667], [9.4089211, 60.4376579], [9.4087149, 60.4375999], [9.4083995, 60.4375217], [9.408199, 60.4374776], [9.4079982, 60.4374388], [9.4076066, 60.4373748], [9.407344, 60.4373412], [9.4062796, 60.4372274], [9.4060002, 60.4371901], [9.4057439, 60.4371503], [9.4055011, 60.4371048], [9.4050343, 60.4369967], [9.4048199, 60.4369382], [9.4044241, 60.4368121], [9.4040849, 60.4366834], [9.4038957, 60.4366019], [9.4036957, 60.4365059], [9.4035105, 60.4364082], [9.4033545, 60.4363174], [9.4031707, 60.4362001], [9.402635, 60.4358246], [9.4022254, 60.4355536], [9.4020334, 60.4354401], [9.4017824, 60.4353026], [9.4015287, 60.4351736], [9.4013301, 60.4350803], [9.4010665, 60.4349658], [9.4008101, 60.4348617], [9.4004805, 60.4347385], [9.40012, 60.4346177], [9.398711, 60.434204], [9.3982345, 60.4340457], [9.3979391, 60.4339374], [9.3977341, 60.4338563], [9.397529, 60.4337694], [9.3970931, 60.4335662], [9.3967477, 60.4333848], [9.3965559, 60.4332736], [9.3964, 60.4331772], [9.3961134, 60.4329865], [9.3958029, 60.4327507], [9.3950807, 60.4321509]]}, "properties": {"electrified": "contact_line", "frequency": "16.67", "gauge": "1435", "maxspeed": "75", "name": "Bergensbanen", "operator": "Bane NOR", "passenger_lines": "1", "railway": "rail", "usage": "main", "voltage": "15000", "length_km": 1.743, "maxspeed_kmh": 75.0}}, {"type": "Feature", "geometry": {"type": "LineString", "coordinates": [[9.4237371, 60.446675], [9.4236233, 60.4466359], [9.4231418, 60.4464606], [9.4228449, 60.4463436], [9.4219242, 60.4459592], [9.4206972, 60.4454307], [9.4154287, 60.4431801]]}, "properties": {"electrified": "contact_line", "frequency": "16.67", "gauge": "1435", "maxspeed": "95", "name": "Bergensbanen", "operator": "Bane NOR", "passenger_lines": "1", "railway": "rail", "usage": "main", "voltage": "15000", "length_km": 0.601, "maxspeed_kmh": 95.0}}, {"type": "Feature", "geometry": {"type": "LineString", "coordinates": [[9.4574806, 60.4417315], [9.4572421, 60.4417662], [9.4558516, 60.4419669]]}, "properties": {"electrified": "contact_line", "frequency": "16.67", "gauge": "1435", "maxspeed": "110", "name": "Bergensbanen", "operator": "Bane NOR", "passenger_lines": "1", "railway": "rail", "usage": "main", "voltage": "15000", "length_km": 0.094, "maxspeed_kmh": 110.0}}, {"type": "Feature", "geometry": {"type": "LineString", "coordinates": [[9.4579202, 60.4416639], [9.4574806, 60.4417315]]}, "properties": {"bridge": "yes", "electrified": "contact_line", "frequency": "16.67", "gauge": "1435", "maxspeed": "110", "name": "Bergensbanen", "operator": "Bane NOR", "passenger_lines": "1", "railway": "rail", "usage": "main", "voltage": "15000", "length_km": 0.025, "maxspeed_kmh": 110.0}}, {"type": "Feature", "geometry": {"type": "LineString", "coordinates": [[9.462426, 60.4405959], [9.4622468, 60.4406519], [9.4616558, 60.4408333], [9.4610612, 60.4410002], [9.460438, 60.4411601], [9.4598534, 60.441297], [9.4592543, 60.4414235], [9.4585566, 60.4415566], [9.4582653, 60.4416073], [9.4579202, 60.4416639]]}, "properties": {"electrified": "contact_line", "frequency": "16.67", "gauge": "1435", "maxspeed": "110", "name": "Bergensbanen", "operator": "Bane NOR", "passenger_lines": "1", "railway": "rail", "usage": "main", "voltage": "15000", "length_km": 0.276, "maxspeed_kmh": 110.0}}, {"type": "Feature", "geometry": {"type": "LineString", "coordinates": [[9.4773989, 60.4298097], [9.477084, 60.4299787], [9.4767092, 60.4301939]]}, "properties": {"electrified": "contact_line", "frequency": "16.67", "gauge": "1435", "maxspeed": "110", "name": "Bergensbanen", "operator": "Bane NOR", "passenger_lines": "1", "railway": "rail", "usage": "main", "voltage": "15000", "length_km": 0.057, "maxspeed_kmh": 110.0}}, {"type": "Feature", "geometry": {"type": "LineString", "coordinates": [[9.4981923, 60.4202297], [9.4980615, 60.4203109]]}, "properties": {"bridge": "yes", "electrified": "contact_line", "frequency": "16.67", "gauge": "1435", "maxspeed": "100", "name": "Bergensbanen", "operator": "Bane NOR", "passenger_lines": "1", "railway": "rail", "usage": "main", "voltage": "15000", "length_km": 0.012, "maxspeed_kmh": 100.0}}, {"type": "Feature", "geometry": {"type": "LineString", "coordinates": [[9.5160667, 60.3961182], [9.5159553, 60.3961847]]}, "properties": {"bridge": "yes", "electrified": "contact_line", "frequency": "16.67", "gauge": "1435", "maxspeed": "100", "name": "Bergensbanen", "operator": "Bane NOR", "passenger_lines": "1", "railway": "rail", "usage": "main", "voltage": "15000", "length_km": 0.01, "maxspeed_kmh": 100.0}}, {"type": "Feature", "geometry": {"type": "LineString", "coordinates": [[9.5174026, 60.3951863], [9.5170956, 60.3954239], [9.5166658, 60.3957275], [9.5163624, 60.3959321], [9.5160667, 60.3961182]]}, "properties": {"electrified": "contact_line", "frequency": "16.67", "gauge": "1435", "maxspeed": "100", "name": "Bergensbanen", "operator": "Bane NOR", "passenger_lines": "1", "railway": "rail", "usage": "main", "voltage": "15000", "length_km": 0.127, "maxspeed_kmh": 100.0}}, {"type": "Feature", "geometry": {"type": "LineString", "coordinates": [[9.5218843, 60.393749], [9.5216194, 60.393748], [9.5213265, 60.393756], [9.5210177, 60.3937746], [9.5205803, 60.393821], [9.5202675, 60.3938695], [9.5199629, 60.3939283], [9.5197982, 60.3939646], [9.5195332, 60.3940311], [9.5192429, 60.3941194], [9.5189858, 60.3942114], [9.5187476, 60.3943094], [9.5185648, 60.3943917], [9.5183434, 60.3945089], [9.5181303, 60.3946375], [9.5178923, 60.394804], [9.5174026, 60.3951863]]}, "properties": {"electrified": "contact_line", "frequency": "16.67", "gauge": "1435", "maxspeed": "75", "name": "Bergensbanen", "operator": "Bane NOR", "passenger_lines": "1", "railway": "rail", "usage": "main", "voltage": "15000", "length_km": 0.312, "maxspeed_kmh": 75.0}}, {"type": "Feature", "geometry": {"type": "LineString", "coordinates": [[9.522998, 60.3938382], [9.5228451, 60.3938172], [9.5226684, 60.3937964], [9.5223111, 60.3937655], [9.5221308, 60.3937554], [9.5218843, 60.393749]]}, "properties": {"electrified": "contact_line", "frequency": "16.67", "gauge": "1435", "maxspeed": "75", "name": "Bergensbanen", "operator": "Bane NOR", "passenger_lines": "1", "railway": "rail", "tunnel": "yes", "usage": "main", "voltage": "15000", "length_km": 0.062, "maxspeed_kmh": 75.0}}, {"type": "Feature", "geometry": {"type": "LineString", "coordinates": [[9.527347, 60.3941222], [9.5269695, 60.3941598], [9.5265726, 60.3941934], [9.5263881, 60.3942039], [9.5259359, 60.3942155], [9.5256032, 60.3942095], [9.5254256, 60.3942021], [9.5250234, 60.3941735], [9.5246511, 60.3941299], [9.5244454, 60.3940998], [9.5242331, 60.394064], [9.5233531, 60.3938959], [9.5231231, 60.3938569], [9.522998, 60.3938382]]}, "properties": {"electrified": "contact_line", "frequency": "16.67", "gauge": "1435", "maxspeed": "75", "name": "Bergensbanen", "operator": "Bane NOR", "passenger_lines": "1", "railway": "rail", "usage": "main", "voltage": "15000", "length_km": 0.247, "maxspeed_kmh": 75.0}}, {"type": "Feature", "geometry": {"type": "LineString", "coordinates": [[9.5290003, 60.3939694], [9.5286234, 60.3939949], [9.5279568, 60.3940552], [9.527347, 60.3941222]]}, "properties": {"electrified": "contact_line", "frequency": "16.67", "gauge": "1435", "maxspeed": "95", "name": "Bergensbanen", "operator": "Bane NOR", "passenger_lines": "1", "railway": "rail", "usage": "main", "voltage": "15000", "length_km": 0.093, "maxspeed_kmh": 95.0}}, {"type": "Feature", "geometry": {"type": "LineString", "coordinates": [[9.5446582, 60.3998688], [9.5444801, 60.3998513]]}, "properties": {"bridge": "yes", "electrified": "contact_line", "frequency": "16.67", "gauge": "1435", "maxspeed": "95", "name": "Bergensbanen", "operator": "Bane NOR", "passenger_lines": "1", "railway": "rail", "usage": "main", "voltage": "15000", "length_km": 0.01, "maxspeed_kmh": 95.0}}, {"type": "Feature", "geometry": {"type": "LineString", "coordinates": [[9.5444801, 60.3998513], [9.5441299, 60.399811], [9.5438104, 60.3997675], [9.5435091, 60.3997196], [9.5431143, 60.3996478], [9.5428151, 60.3995854], [9.5424742, 60.3995056], [9.5421528, 60.3994214], [9.5418587, 60.3993356], [9.5415538, 60.3992375], [9.5411233, 60.3990832], [9.5408955, 60.398992], [9.5406774, 60.3988973], [9.5404787, 60.3988059], [9.5402671, 60.3987012], [9.540067, 60.3985946], [9.5398028, 60.3984424], [9.5395201, 60.398259], [9.5393177, 60.3981125], [9.5391631, 60.3979904], [9.5390352, 60.3978807], [9.5388717, 60.397728], [9.5386497, 60.3974929], [9.5384951, 60.397311], [9.5379887, 60.3966568], [9.5377853, 60.3964236], [9.5376627, 60.3962949], [9.5374762, 60.3961206], [9.5373177, 60.3959879], [9.5370541, 60.3957928], [9.5367985, 60.395622], [9.5364571, 60.3954162], [9.5363207, 60.3953421], [9.536128, 60.3952411], [9.5359416, 60.3951535]]}, "properties": {"electrified": "contact_line", "frequency": "16.67", "gauge": "1435", "maxspeed": "95", "name": "Bergensbanen", "operator": "Bane NOR", "passenger_lines": "1", "railway": "rail", "usage": "main", "voltage": "15000", "length_km": 0.736, "maxspeed_kmh": 95.0}}, {"type": "Feature", "geometry": {"type": "LineString", "coordinates": [[9.5716485, 60.3957681], [9.5715185, 60.3958956], [9.5712515, 60.39613], [9.5710397, 60.3962862], [9.5708004, 60.3964407], [9.5705776, 60.396566], [9.5703394, 60.3966843], [9.5700815, 60.3967961], [9.5697896, 60.3969058], [9.5694931, 60.397002], [9.5691925, 60.3970876], [9.5687203, 60.3971991], [9.5683887, 60.3972603], [9.5682164, 60.3972879], [9.568037, 60.3973129], [9.5676973, 60.3973517], [9.567534, 60.3973669], [9.5672306, 60.3973873], [9.567071, 60.3973945], [9.5667889, 60.3974005], [9.566626, 60.3974015], [9.5663479, 60.3973966], [9.5659334, 60.3973758], [9.5654978, 60.3973387], [9.5645635, 60.3972391], [9.5640731, 60.3971907], [9.563694, 60.3971611], [9.5633189, 60.3971455], [9.5628763, 60.3971368], [9.5626542, 60.3971382], [9.5621712, 60.3971521], [9.5616205, 60.3971886], [9.5613669, 60.3972119], [9.561088, 60.3972446], [9.5605384, 60.3973225], [9.5602882, 60.397368], [9.5597883, 60.3974741], [9.5595394, 60.3975343], [9.5590565, 60.397669], [9.5585507, 60.3978268], [9.5582919, 60.3979113]]}, "properties": {"electrified": "contact_line", "frequency": "16.67", "gauge": "1435", "maxspeed": "85", "name": "Bergensbanen", "operator": "Bane NOR", "passenger_lines": "1", "railway": "rail", "usage": "main", "voltage": "15000", "length_km": 0.832, "maxspeed_kmh": 85.0}}, {"type": "Feature", "geometry": {"type": "LineString", "coordinates": [[8.5738897, 60.6287738], [8.5728819, 60.6285536], [8.5725696, 60.6284854], [8.5723792, 60.6284446]]}, "properties": {"electrified": "contact_line", "frequency": "16.67", "gauge": "1435", "maxspeed": "90", "name": "Bergensbanen", "operator": "Bane NOR", "passenger_lines": "1", "railway": "rail", "usage": "main", "voltage": "15000", "length_km": 0.091, "maxspeed_kmh": 90.0}}, {"type": "Feature", "geometry": {"type": "LineString", "coordinates": [[8.5917297, 60.6395639], [8.5912546, 60.6389969], [8.5909851, 60.6386958], [8.5907612, 60.6384644], [8.5904438, 60.6381648], [8.5902069, 60.6379601], [8.5897268, 60.6375752], [8.5894707, 60.6373863], [8.5890031, 60.6370633], [8.5886607, 60.6368494], [8.5876158, 60.6362135], [8.5873605, 60.6360504], [8.5869686, 60.6357895], [8.5865472, 60.6354954], [8.5862852, 60.6353002], [8.5858653, 60.6349743], [8.5829888, 60.6326316], [8.582638, 60.632352], [8.5823587, 60.6321407], [8.5820896, 60.6319466], [8.5817708, 60.6317335], [8.581471, 60.6315422], [8.581177, 60.6313656], [8.5809555, 60.6312396], [8.580658, 60.6310743], [8.5801373, 60.6308055], [8.5795477, 60.6305271], [8.579184, 60.6303678], [8.5788684, 60.6302356], [8.5786079, 60.6301322], [8.5780379, 60.6299157], [8.5774777, 60.62972], [8.5768063, 60.6295055], [8.5763879, 60.6293809], [8.5760709, 60.6292909], [8.5757303, 60.6291997], [8.5751149, 60.6290466], [8.5743764, 60.6288793], [8.5741844, 60.6288377], [8.5738897, 60.6287738]]}, "properties": {"electrified": "contact_line", "frequency": "16.67", "gauge": "1435", "maxspeed": "130", "name": "Bergensbanen", "operator": "Bane NOR", "passenger_lines": "1", "railway": "rail", "usage": "main", "voltage": "15000", "length_km": 1.583, "maxspeed_kmh": 130.0}}, {"type": "Feature", "geometry": {"type": "LineString", "coordinates": [[8.6158877, 60.6483532], [8.6094946, 60.6469093], [8.6091305, 60.6468293]]}, "properties": {"electrified": "contact_line", "frequency": "16.67", "gauge": "1435", "maxspeed": "110", "name": "Bergensbanen", "operator": "Bane NOR", "passenger_lines": "1", "railway": "rail", "usage": "main", "voltage": "15000", "length_km": 0.407, "maxspeed_kmh": 110.0}}, {"type": "Feature", "geometry": {"type": "LineString", "coordinates": [[8.6256905, 60.6493151], [8.6250249, 60.6493833], [8.6244882, 60.6494272], [8.6242195, 60.6494435], [8.6237041, 60.6494675], [8.6234346, 60.6494749], [8.6231934, 60.6494763], [8.622888, 60.6494749], [8.622374, 60.6494642], [8.6218266, 60.6494382], [8.6212799, 60.649398], [8.6210007, 60.6493705], [8.6204976, 60.6493118], [8.6197707, 60.649203], [8.6194699, 60.6491465], [8.6187134, 60.6489901], [8.6160661, 60.6483942]]}, "properties": {"electrified": "contact_line", "frequency": "16.67", "gauge": "1435", "maxspeed": "110", "name": "Bergensbanen", "operator": "Bane NOR", "passenger_lines": "1", "railway": "rail", "usage": "main", "voltage": "15000", "length_km": 0.551, "maxspeed_kmh": 110.0}}, {"type": "Feature", "geometry": {"type": "LineString", "coordinates": [[8.6979278, 60.6554574], [8.6966185, 60.6538138], [8.6962415, 60.6533504], [8.6958568, 60.6528979], [8.6953584, 60.6523532], [8.6948296, 60.6518113], [8.6945342, 60.6515251], [8.6940396, 60.6510687], [8.693635, 60.6507104], [8.6930081, 60.6501864], [8.6925843, 60.6498504], [8.6923068, 60.6496451], [8.692158, 60.6495425], [8.6918468, 60.6493432], [8.6916404, 60.6492246], [8.6913116, 60.6490492], [8.6909686, 60.6488881], [8.6905755, 60.6487179], [8.690254, 60.6485939], [8.6899244, 60.6484798], [8.6895944, 60.6483755], [8.6891193, 60.6482404], [8.6889666, 60.6482007], [8.6884899, 60.6480887], [8.6878786, 60.6479665], [8.6871868, 60.647843]]}, "properties": {"electrified": "contact_line", "frequency": "16.67", "gauge": "1435", "maxspeed": "110", "name": "Bergensbanen", "operator": "Bane NOR", "passenger_lines": "1", "railway": "rail", "usage": "main", "voltage": "15000", "length_km": 1.071, "maxspeed_kmh": 110.0}}, {"type": "Feature", "geometry": {"type": "LineString", "coordinates": [[8.7078608, 60.6591152], [8.7077071, 60.6591102], [8.7069828, 60.6590827], [8.7063754, 60.6590467], [8.7060975, 60.659023], [8.7055688, 60.6589626], [8.7053129, 60.658926], [8.7048324, 60.658841], [8.7043411, 60.6587361], [8.7041235, 60.6586827], [8.7039111, 60.6586252], [8.7034835, 60.6584976], [8.703062, 60.658358], [8.7025558, 60.6581788], [8.7020729, 60.658002], [8.7009882, 60.657596], [8.7005094, 60.6574089], [8.7000516, 60.6572062], [8.6996363, 60.6569938], [8.6994415, 60.6568808], [8.6992733, 60.6567727], [8.6989897, 60.6565779], [8.6987031, 60.6563398], [8.6985776, 60.6562234], [8.6984691, 60.6561098], [8.6982627, 60.6558786], [8.6981653, 60.6557595], [8.6979278, 60.6554574]]}, "properties": {"electrified": "contact_line", "frequency": "16.67", "gauge": "1435", "maxspeed": "95", "name": "Bergensbanen", "operator": "Bane NOR", "passenger_lines": "1", "railway": "rail", "usage": "main", "voltage": "15000", "length_km": 0.719, "maxspeed_kmh": 95.0}}, {"type": "Feature", "geometry": {"type": "LineString", "coordinates": [[8.7473488, 60.6607645], [8.7469686, 60.6607039], [8.7463495, 60.6606164], [8.7457462, 60.6605423], [8.7454018, 60.6605043], [8.7447545, 60.660442], [8.7441662, 60.6603951], [8.7438467, 60.6603734], [8.74324, 60.6603402], [8.7428993, 60.6603252], [8.7421225, 60.660305], [8.741326, 60.6602999], [8.7408092, 60.6603056], [8.740132, 60.6603186], [8.7397173, 60.6603317], [8.7388206, 60.6603526], [8.7382814, 60.6603624], [8.7374656, 60.6603668], [8.7370328, 60.660364], [8.736195, 60.660349], [8.7351364, 60.6603123], [8.7332545, 60.6602201], [8.7327339, 60.6602027], [8.7322863, 60.6601928], [8.7318321, 60.6601892], [8.7314307, 60.6601894], [8.7309989, 60.6601949], [8.7297752, 60.660224]]}, "properties": {"electrified": "contact_line", "frequency": "16.67", "gauge": "1435", "maxspeed": "100", "name": "Bergensbanen", "operator": "Bane NOR", "passenger_lines": "1", "railway": "rail", "usage": "main", "voltage": "15000", "length_km": 0.969, "maxspeed_kmh": 100.0}}, {"type": "Feature", "geometry": {"type": "LineString", "coordinates": [[8.7297752, 60.660224], [8.7288469, 60.6602726], [8.7277338, 60.6603475], [8.7264651, 60.6604343], [8.7258241, 60.6604566], [8.7250221, 60.6604684], [8.7238614, 60.6604343], [8.7221474, 60.6602979], [8.7201311, 60.6601087], [8.7191091, 60.6600091], [8.7160876, 60.6597134], [8.7126141, 60.6593997], [8.7104845, 60.6592462], [8.7089275, 60.6591505]]}, "properties": {"electrified": "contact_line", "frequency": "16.67", "gauge": "1435", "maxspeed": "70", "name": "Bergensbanen", "railway": "rail", "service": "siding", "voltage": "15000", "length_km": 1.156, "maxspeed_kmh": 70.0}}, {"type": "Feature", "geometry": {"type": "LineString", "coordinates": [[8.758474, 60.6656414], [8.7579847, 60.6656365], [8.757545, 60.6656209], [8.7570898, 60.6655897], [8.7568856, 60.6655694], [8.7566119, 60.6655359], [8.7561525, 60.665463], [8.7559371, 60.6654219], [8.7555102, 60.6653209], [8.7552938, 60.6652643], [8.7551073, 60.6652071], [8.7548908, 60.6651347], [8.7546814, 60.6650564], [8.7544225, 60.66495], [8.7542484, 60.6648693], [8.7540818, 60.6647872], [8.7539182, 60.6647], [8.7536842, 60.6645571], [8.7535018, 60.6644327], [8.7532671, 60.6642378], [8.7531501, 60.6641255], [8.7530214, 60.6639846], [8.7527931, 60.6636807], [8.7523611, 60.6630412], [8.7522543, 60.6629064], [8.7521457, 60.662782], [8.7519291, 60.6625635], [8.7518123, 60.6624615], [8.751587, 60.6622815], [8.751442, 60.6621755], [8.751276, 60.6620637], [8.7510977, 60.6619527], [8.7509285, 60.6618553], [8.7507889, 60.6617813], [8.7504286, 60.6616067], [8.7500066, 60.6614294], [8.7497618, 60.6613394], [8.7494832, 60.6612435], [8.7489482, 60.6610884], [8.7486414, 60.661011], [8.7483428, 60.6609456], [8.7480025, 60.6608782], [8.7476578, 60.6608158], [8.7473488, 60.6607645]]}, "properties": {"electrified": "contact_line", "frequency": "16.67", "gauge": "1435", "maxspeed": "75", "name": "Bergensbanen", "operator": "Bane NOR", "passenger_lines": "1", "railway": "rail", "usage": "main", "voltage": "15000", "length_km": 0.873, "maxspeed_kmh": 75.0}}, {"type": "Feature", "geometry": {"type": "LineString", "coordinates": [[8.7822899, 60.6633646], [8.7805005, 60.6635895], [8.7664549, 60.6653317], [8.7652343, 60.6654763], [8.7649586, 60.6655067], [8.7644783, 60.6655514], [8.76398, 60.6655885], [8.7634579, 60.6656191], [8.7628763, 60.6656401], [8.7622484, 60.6656514], [8.7613156, 60.6656537], [8.758474, 60.6656414]]}, "properties": {"electrified": "contact_line", "frequency": "16.67", "gauge": "1435", "maxspeed": "85", "name": "Bergensbanen", "operator": "Bane NOR", "passenger_lines": "1", "railway": "rail", "usage": "main", "voltage": "15000", "length_km": 1.334, "maxspeed_kmh": 85.0}}, {"type": "Feature", "geometry": {"type": "LineString", "coordinates": [[8.7893381, 60.664522], [8.7889091, 60.6642568], [8.7884994, 60.6640342], [8.7883214, 60.6639523], [8.7880636, 60.6638421], [8.7878124, 60.6637496], [8.7875289, 60.6636553], [8.7872629, 60.6635743], [8.7869873, 60.6635003], [8.7867266, 60.66344], [8.7864145, 60.6633815], [8.7861191, 60.6633325], [8.7858466, 60.6632959], [8.7856168, 60.6632689], [8.7853491, 60.6632436], [8.785032, 60.6632212], [8.7847774, 60.6632103], [8.7845347, 60.6632044], [8.7840571, 60.6632092], [8.7837965, 60.6632192], [8.7833442, 60.6632507], [8.7829528, 60.6632897], [8.7822899, 60.6633646]]}, "properties": {"electrified": "contact_line", "frequency": "16.67", "gauge": "1435", "maxspeed": "70", "name": "Bergensbanen", "operator": "Bane NOR", "passenger_lines": "1", "railway": "rail", "usage": "main", "voltage": "15000", "length_km": 0.437, "maxspeed_kmh": 70.0}}, {"type": "Feature", "geometry": {"type": "LineString", "coordinates": [[8.8639846, 60.6818966], [8.8615244, 60.681522], [8.8604225, 60.6813676], [8.8591112, 60.6812025], [8.8578729, 60.6810596], [8.8497247, 60.6801443], [8.8490581, 60.6800727], [8.8477876, 60.6799471], [8.8474131, 60.6799121], [8.8465209, 60.6798371], [8.8455271, 60.6797588], [8.8451734, 60.6797328], [8.8444902, 60.6796912], [8.8436801, 60.6796438], [8.8424216, 60.6795807], [8.8413088, 60.6795371], [8.8403393, 60.6795082], [8.8382891, 60.6794593], [8.8364974, 60.6794256], [8.8359302, 60.6794107], [8.8353569, 60.6794002], [8.8326312, 60.6793379], [8.8321712, 60.6793262], [8.8318108, 60.6793127], [8.8314137, 60.6792921], [8.8307862, 60.6792442], [8.8303715, 60.6792008], [8.8299711, 60.6791497], [8.8295484, 60.6790858], [8.8289551, 60.6789778], [8.8284033, 60.6788584], [8.8279796, 60.6787608], [8.8271865, 60.6785697], [8.8261234, 60.6783041], [8.8248227, 60.6779687], [8.8237105, 60.6776712], [8.8222181, 60.6772574], [8.8214765, 60.6770423], [8.8210301, 60.6768998], [8.820778, 60.6768124], [8.8204965, 60.6767088], [8.8200865, 60.6765455], [8.8196934, 60.6763694], [8.819337, 60.676195], [8.8189602, 60.6759867], [8.8187013, 60.6758299], [8.8179994, 60.6753861], [8.8176803, 60.6751916], [8.8174917, 60.6750824], [8.817191, 60.67492], [8.8170196, 60.6748346], [8.8166814, 60.6746761], [8.8164035, 60.6745568], [8.8161179, 60.6744409], [8.8156323, 60.6742612], [8.8152713, 60.6741409], [8.8147313, 60.6739803], [8.8145524, 60.6739313], [8.8140956, 60.6738195], [8.8135997, 60.6737106], [8.8131601, 60.6736231], [8.811997, 60.6734091], [8.8118043, 60.673372], [8.8114138, 60.6732955], [8.8108965, 60.6731842], [8.8104561, 60.6730788], [8.8101065, 60.6729868], [8.8096218, 60.672848], [8.8091266, 60.6726877], [8.8087033, 60.6725395], [8.8082298, 60.6723625], [8.8073484, 60.6720236], [8.8062394, 60.6716009], [8.8031096, 60.6704098], [8.8015329, 60.6698046], [8.794834, 60.6672523], [8.794086, 60.6669618], [8.7933979, 60.6666768], [8.7928967, 60.6664588], [8.792356, 60.6662116], [8.7918547, 60.6659678], [8.7913828, 60.6657238], [8.7906422, 60.6653181], [8.7902226, 60.6650717], [8.7898723, 60.6648581], [8.7893381, 60.664522]]}, "properties": {"electrified": "contact_line", "frequency": "16.67", "gauge": "1435", "maxspeed": "110", "name": "Bergensbanen", "operator": "Bane NOR", "passenger_lines": "1", "railway": "rail", "usage": "main", "voltage": "15000", "length_km": 4.68, "maxspeed_kmh": 110.0}}, {"type": "Feature", "geometry": {"type": "LineString", "coordinates": [[8.8754772, 60.6809266], [8.8747809, 60.680898], [8.8742718, 60.680888], [8.8737492, 60.6808948], [8.8733923, 60.6809134], [8.8729651, 60.6809477], [8.8727223, 60.6809732], [8.872329, 60.6810278], [8.8720153, 60.6810794], [8.8717196, 60.6811396], [8.8714629, 60.6811965], [8.871004, 60.6813194], [8.8700925, 60.6816022], [8.8698705, 60.6816687], [8.8695199, 60.681766], [8.8691445, 60.6818592], [8.8688504, 60.6819187], [8.8685481, 60.681975], [8.8682263, 60.6820206], [8.8679149, 60.6820579], [8.8674869, 60.6820995], [8.8670907, 60.682123], [8.8667628, 60.6821319], [8.8664422, 60.6821344], [8.8660558, 60.6821266], [8.8656466, 60.6821047], [8.8653095, 60.6820761], [8.8650207, 60.6820454], [8.8645877, 60.6819894], [8.8639846, 60.6818966]]}, "properties": {"electrified": "contact_line", "frequency": "16.67", "gauge": "1435", "maxspeed": "90", "name": "Bergensbanen", "operator": "Bane NOR", "passenger_lines": "1", "railway": "rail", "usage": "main", "voltage": "15000", "length_km": 0.662, "maxspeed_kmh": 90.0}}, {"type": "Feature", "geometry": {"type": "LineString", "coordinates": [[8.9456176, 60.6958959], [8.945333, 60.6959509], [8.9449849, 60.696011], [8.9446275, 60.6960662], [8.9442837, 60.6961086], [8.944104, 60.6961255], [8.943714, 60.6961505], [8.943336, 60.6961555], [8.9430093, 60.6961476], [8.9426705, 60.6961284], [8.942489, 60.696111], [8.942099, 60.6960643], [8.9419249, 60.6960376], [8.9416149, 60.6959798], [8.9411736, 60.695873], [8.9408344, 60.6957706], [8.9406461, 60.6957037], [8.9404495, 60.6956274], [8.9402916, 60.6955595], [8.9401225, 60.6954849]]}, "properties": {"electrified": "contact_line", "frequency": "16.67", "gauge": "1435", "maxspeed": "75", "name": "Bergensbanen", "operator": "Bane NOR", "passenger_lines": "1", "railway": "rail", "usage": "main", "voltage": "15000", "length_km": 0.325, "maxspeed_kmh": 75.0}}, {"type": "Feature", "geometry": {"type": "LineString", "coordinates": [[8.9638479, 60.6979631], [8.9630145, 60.6978017], [8.962397, 60.6976749], [8.9615567, 60.6974906], [8.9608306, 60.6973252], [8.9549691, 60.695956], [8.9546382, 60.6958838], [8.9542255, 60.6957994], [8.9539613, 60.6957499], [8.9533974, 60.6956543], [8.9530057, 60.6956003], [8.9526177, 60.6955526], [8.952114, 60.6955003], [8.9516666, 60.6954652], [8.9512681, 60.6954412], [8.9509074, 60.695428], [8.9504104, 60.6954166], [8.9497164, 60.6954206], [8.9491972, 60.6954384], [8.9488787, 60.695455], [8.9485684, 60.695475], [8.9480312, 60.6955204], [8.9475634, 60.6955733], [8.9471175, 60.6956312], [8.9466489, 60.6957046], [8.9462102, 60.6957827], [8.9458901, 60.6958415], [8.9456176, 60.6958959]]}, "properties": {"electrified": "contact_line", "frequency": "16.67", "gauge": "1435", "maxspeed": "110", "name": "Bergensbanen", "operator": "Bane NOR", "passenger_lines": "1", "railway": "rail", "usage": "main", "voltage": "15000", "length_km": 1.062, "maxspeed_kmh": 110.0}}, {"type": "Feature", "geometry": {"type": "LineString", "coordinates": [[8.9656299, 60.6982844], [8.964544, 60.6980958], [8.9641926, 60.6980312], [8.9638479, 60.6979631]]}, "properties": {"electrified": "contact_line", "frequency": "16.67", "gauge": "1435", "maxspeed": "110", "name": "Bergensbanen", "operator": "Bane NOR", "passenger_lines": "1", "railway": "rail", "usage": "main", "voltage": "15000", "length_km": 0.104, "maxspeed_kmh": 110.0}}, {"type": "Feature", "geometry": {"type": "LineString", "coordinates": [[8.9787356, 60.6998476], [8.9714018, 60.6990565], [8.9707676, 60.6989889], [8.9696933, 60.6988696], [8.9685966, 60.6987314], [8.9678315, 60.6986264], [8.9667996, 60.6984721], [8.9656299, 60.6982844]]}, "properties": {"electrified": "contact_line", "frequency": "16.67", "gauge": "1435", "name": "Bergensbanen", "operator": "Bane NOR", "passenger_lines": "1", "railway": "rail", "usage": "main", "voltage": "15000", "length_km": 0.738}}, {"type": "Feature", "geometry": {"type": "LineString", "coordinates": [[8.9787356, 60.6998476], [8.9781918, 60.6997737], [8.9777532, 60.6997022], [8.9774381, 60.6996641], [8.9746766, 60.6993677], [8.9731426, 60.6992007], [8.9714232, 60.6990137], [8.9686269, 60.6986902], [8.9678492, 60.6985838], [8.9668259, 60.6984295], [8.9656578, 60.6982431], [8.965002, 60.6981322], [8.9642, 60.6980213], [8.9638479, 60.6979631]]}, "properties": {"electrified": "contact_line", "frequency": "16.67", "gauge": "1435", "maxspeed": "40", "name": "Bergensbanen", "passenger_lines": "1", "railway": "rail", "service": "siding", "voltage": "15000", "length_km": 0.841, "maxspeed_kmh": 40.0}}, {"type": "Feature", "geometry": {"type": "LineString", "coordinates": [[9.0137844, 60.6910733], [9.0134798, 60.6913945], [9.0132195, 60.6916349], [9.0129481, 60.6918691], [9.0126698, 60.6920873], [9.0124626, 60.692241], [9.0120646, 60.6925127], [9.0115787, 60.6928119], [9.0114237, 60.6928987], [9.0112072, 60.6930168], [9.0107908, 60.6932315], [9.0102389, 60.6934922], [9.0096829, 60.6937268], [9.0090511, 60.6939845], [9.0036228, 60.6961676], [9.0026631, 60.6965497], [9.0022873, 60.6966933], [9.0016831, 60.696915], [9.0014707, 60.6969882], [9.0010341, 60.6971415], [9.0002971, 60.6973845], [8.9995511, 60.6976169], [8.9990326, 60.6977697], [8.9981932, 60.6980048], [8.9973527, 60.6982241], [8.9964978, 60.6984363], [8.9960006, 60.698554], [8.9956154, 60.698644], [8.9945869, 60.6988747], [8.9938159, 60.6990407], [8.9933208, 60.6991426], [8.992146, 60.6993754], [8.9911383, 60.6995636], [8.9902879, 60.6997116], [8.9897942, 60.6997929], [8.9895295, 60.6998353], [8.9888888, 60.6999265], [8.9881061, 60.7000216], [8.9871915, 60.7001098], [8.9867332, 60.7001441], [8.9860023, 60.7001885], [8.9853164, 60.7002168], [8.984728, 60.7002287], [8.9844304, 60.7002309], [8.9836926, 60.7002279], [8.9833761, 60.7002215], [8.9830729, 60.7002129], [8.9824923, 60.7001898], [8.9819754, 60.7001606], [8.9815331, 60.7001304], [8.9810217, 60.700087], [8.9805098, 60.7000382], [8.9799559, 60.6999805], [8.9787356, 60.6998476]]}, "properties": {"electrified": "contact_line", "frequency": "16.67", "gauge": "1435", "maxspeed": "120", "name": "Bergensbanen", "operator": "Bane NOR", "passenger_lines": "1", "railway": "rail", "usage": "main", "voltage": "15000", "length_km": 2.28, "maxspeed_kmh": 120.0}}, {"type": "Feature", "geometry": {"type": "LineString", "coordinates": [[9.0513659, 60.6487329], [9.0511499, 60.6488525], [9.050739, 60.649096], [9.0505249, 60.6492359], [9.0503075, 60.6493868], [9.050137, 60.6495134], [9.0498178, 60.6497742], [9.0495643, 60.6500124], [9.0493907, 60.6501956], [9.0492833, 60.6503253], [9.0491451, 60.6504881], [9.0490055, 60.6506833]]}, "properties": {"electrified": "contact_line", "frequency": "16.67", "gauge": "1435", "maxspeed": "80", "name": "Bergensbanen", "operator": "Bane NOR", "passenger_lines": "1", "railway": "rail", "usage": "main", "voltage": "15000", "length_km": 0.255, "maxspeed_kmh": 80.0}}, {"type": "Feature", "geometry": {"type": "LineString", "coordinates": [[9.054776, 60.6446717], [9.0546153, 60.6448331], [9.0544463, 60.6450249], [9.0542931, 60.6452198], [9.0541215, 60.6454847], [9.0540145, 60.645688], [9.0539065, 60.6459578], [9.0538209, 60.6462742], [9.0537374, 60.646677], [9.0536696, 60.6468936], [9.0535953, 60.6470698], [9.0534481, 60.6473073], [9.0533866, 60.6473889], [9.0533103, 60.6474814], [9.0531305, 60.647663], [9.0529493, 60.6478159], [9.052841, 60.6478968], [9.052729, 60.6479739], [9.0524881, 60.6481254], [9.0524166, 60.6481663]]}, "properties": {"electrified": "contact_line", "frequency": "16.67", "gauge": "1435", "maxspeed": "80", "name": "Bergensbanen", "operator": "Bane NOR", "passenger_lines": "1", "railway": "rail", "usage": "main", "voltage": "15000", "length_km": 0.417, "maxspeed_kmh": 80.0}}, {"type": "Feature", "geometry": {"type": "LineString", "coordinates": [[9.0619344, 60.6255269], [9.0626925, 60.6264855], [9.0629868, 60.626887], [9.0632064, 60.6272283], [9.0632934, 60.6273823], [9.0634106, 60.627614], [9.0635161, 60.6278518], [9.0635896, 60.6280413], [9.0636634, 60.6282659], [9.0637381, 60.6285534], [9.0637832, 60.628789], [9.0638177, 60.6290325], [9.0638849, 60.6297859], [9.0640406, 60.6318579], [9.0640697, 60.6321678], [9.0641297, 60.6329773], [9.0641486, 60.6333136], [9.0641523, 60.6335368], [9.0641431, 60.6338747], [9.0641211, 60.6341344], [9.0640788, 60.634434], [9.0639918, 60.6348412], [9.0639192, 60.6351066], [9.0638502, 60.6353196], [9.0637636, 60.6355548], [9.0636867, 60.6357377], [9.0634859, 60.6361689], [9.0633777, 60.6363735], [9.0632604, 60.6365756], [9.0630422, 60.6369163], [9.0628121, 60.6372392], [9.0625173, 60.63761], [9.0622613, 60.6379034], [9.0621205, 60.6380547], [9.0616225, 60.6385504], [9.0611482, 60.6389829], [9.0596867, 60.6402951], [9.0550301, 60.6444349], [9.054776, 60.6446717]]}, "properties": {"electrified": "contact_line", "frequency": "16.67", "gauge": "1435", "maxspeed": "130", "name": "Bergensbanen", "operator": "Bane NOR", "passenger_lines": "1", "railway": "rail", "usage": "main", "voltage": "15000", "length_km": 2.27, "maxspeed_kmh": 130.0}}, {"type": "Feature", "geometry": {"type": "LineString", "coordinates": [[9.0618808, 60.6224009], [9.0617772, 60.622515], [9.0616819, 60.6226301], [9.0615412, 60.6228257], [9.0614432, 60.6229929], [9.0613678, 60.6231449], [9.0612842, 60.6233645], [9.0612514, 60.62348], [9.061213, 60.62369], [9.0611966, 60.6238855], [9.061202, 60.6240731], [9.0612265, 60.6242505], [9.061261, 60.6244034], [9.0613236, 60.6245896], [9.0613985, 60.6247544], [9.0614533, 60.6248547], [9.061541, 60.6250009], [9.0616701, 60.625184], [9.0618297, 60.6253955], [9.0619344, 60.6255269]]}, "properties": {"electrified": "contact_line", "frequency": "16.67", "gauge": "1435", "maxspeed": "90", "name": "Bergensbanen", "operator": "Bane NOR", "passenger_lines": "1", "railway": "rail", "usage": "main", "voltage": "15000", "length_km": 0.36, "maxspeed_kmh": 90.0}}, {"type": "Feature", "geometry": {"type": "LineString", "coordinates": [[9.102661, 60.5836711], [9.1020205, 60.5840899], [9.1016533, 60.5843398], [9.101321, 60.5845749], [9.1009036, 60.5848845], [9.1006154, 60.5851056], [9.1002287, 60.5854158], [9.0997416, 60.5858322], [9.0994141, 60.5861294], [9.0990927, 60.5864364], [9.0987452, 60.5867879], [9.0985209, 60.5870272], [9.0980869, 60.5875211], [9.0976583, 60.5880559], [9.0974445, 60.5883478], [9.0968951, 60.5891558], [9.0964688, 60.5897594], [9.0961303, 60.5902113], [9.0958228, 60.5906052], [9.0956503, 60.5908153], [9.0951359, 60.591417], [9.0947559, 60.5918338], [9.0927859, 60.5938877], [9.0924448, 60.5942546], [9.0922239, 60.5945134], [9.0919919, 60.5948081], [9.0917024, 60.5952188], [9.09153, 60.5954903], [9.0914071, 60.5956994], [9.0911017, 60.5962751], [9.090848, 60.5967866], [9.0905294, 60.59741], [9.0903362, 60.5977952]]}, "properties": {"electrified": "contact_line", "frequency": "16.67", "gauge": "1435", "maxspeed": "100", "name": "Bergensbanen", "operator": "Bane NOR", "passenger_lines": "1", "railway": "rail", "usage": "main", "voltage": "15000", "length_km": 1.724, "maxspeed_kmh": 100.0}}, {"type": "Feature", "geometry": {"type": "LineString", "coordinates": [[9.1196445, 60.5726735], [9.1184145, 60.5734693]]}, "properties": {"electrified": "contact_line", "frequency": "16.67", "gauge": "1435", "maxspeed": "100", "name": "Bergensbanen", "operator": "Bane NOR", "passenger_lines": "1", "railway": "rail", "usage": "main", "voltage": "15000", "length_km": 0.112, "maxspeed_kmh": 100.0}}, {"type": "Feature", "geometry": {"type": "LineString", "coordinates": [[9.1184145, 60.5734693], [9.116159, 60.5749352], [9.1132224, 60.5768332], [9.1102822, 60.5787363], [9.1092635, 60.5793974], [9.1090394, 60.5795442]]}, "properties": {"electrified": "contact_line", "frequency": "16.67", "gauge": "1435", "maxspeed": "100", "name": "Bergensbanen", "operator": "Bane NOR", "passenger_lines": "1", "railway": "rail", "usage": "main", "voltage": "15000", "length_km": 0.851, "maxspeed_kmh": 100.0}}, {"type": "Feature", "geometry": {"type": "LineString", "coordinates": [[9.164735, 60.5363016], [9.164259, 60.5366893], [9.1639997, 60.5369089], [9.1634198, 60.5374254], [9.1631913, 60.5376388], [9.1628273, 60.5379941], [9.162679, 60.5381439], [9.1623517, 60.5384919], [9.162046, 60.5388376], [9.1617302, 60.5392174], [9.1585809, 60.5431002], [9.1582874, 60.5434765], [9.1582041, 60.543593], [9.1580409, 60.5438351], [9.1578628, 60.5441295], [9.1577121, 60.5444167], [9.1576122, 60.5446328], [9.1575164, 60.5448661], [9.1573956, 60.5452267], [9.1572862, 60.5456645], [9.1571492, 60.5462865], [9.1570738, 60.5465602], [9.1569596, 60.5468914], [9.1568218, 60.5472223], [9.1566233, 60.547617], [9.1565507, 60.547745], [9.1563943, 60.5479938], [9.1561624, 60.548326], [9.155976, 60.548566], [9.155788, 60.548788], [9.1555718, 60.549025], [9.155351, 60.5492496], [9.1550684, 60.5495159], [9.1547747, 60.5497723], [9.1545524, 60.549954], [9.1541629, 60.5502499], [9.1537575, 60.5505346], [9.1534954, 60.5507088], [9.1473242, 60.5547192], [9.1196445, 60.5726735]]}, "properties": {"electrified": "contact_line", "frequency": "16.67", "gauge": "1435", "maxspeed": "130", "name": "Bergensbanen", "operator": "Bane NOR", "passenger_lines": "1", "railway": "rail", "usage": "main", "voltage": "15000", "length_km": 4.81, "maxspeed_kmh": 130.0}}, {"type": "Feature", "geometry": {"type": "LineString", "coordinates": [[9.1663236, 60.5345088], [9.1661482, 60.5348144], [9.1660504, 60.5349624], [9.1658257, 60.5352564], [9.1657158, 60.5353871], [9.1654903, 60.5356296], [9.1651858, 60.535917], [9.1649465, 60.5361238], [9.164735, 60.5363016]]}, "properties": {"electrified": "contact_line", "frequency": "16.67", "gauge": "1435", "maxspeed": "115", "name": "Bergensbanen", "operator": "Bane NOR", "passenger_lines": "1", "railway": "rail", "usage": "main", "voltage": "15000", "length_km": 0.219, "maxspeed_kmh": 115.0}}, {"type": "Feature", "geometry": {"type": "LineString", "coordinates": [[9.1665995, 60.5339762], [9.1663236, 60.5345088]]}, "properties": {"electrified": "contact_line", "frequency": "16.67", "gauge": "1435", "maxspeed": "115", "name": "Bergensbanen", "operator": "Bane NOR", "passenger_lines": "1", "railway": "rail", "tunnel": "yes", "usage": "main", "voltage": "15000", "length_km": 0.061, "maxspeed_kmh": 115.0}}, {"type": "Feature", "geometry": {"type": "LineString", "coordinates": [[9.1689384, 60.5273159], [9.1688574, 60.5274238], [9.1686795, 60.5276884], [9.1685155, 60.5279619], [9.1684459, 60.5280956], [9.1683234, 60.5283444], [9.1682079, 60.5286137], [9.1680702, 60.5290149], [9.1679973, 60.5292963], [9.1679707, 60.5294294], [9.1679223, 60.5297315], [9.1678383, 60.5304584], [9.1677978, 60.5307354], [9.1677177, 60.5312032], [9.1676596, 60.5314522], [9.1675376, 60.5318684], [9.1674466, 60.5321312], [9.1672409, 60.5326361], [9.1667906, 60.5335767], [9.1665995, 60.5339762]]}, "properties": {"electrified": "contact_line", "frequency": "16.67", "gauge": "1435", "maxspeed": "115", "name": "Bergensbanen", "operator": "Bane NOR", "passenger_lines": "1", "railway": "rail", "usage": "main", "voltage": "15000", "length_km": 0.756, "maxspeed_kmh": 115.0}}, {"type": "Feature", "geometry": {"type": "LineString", "coordinates": [[5.5270507, 60.420404], [5.5264241, 60.4204165], [5.5256942, 60.4204468], [5.5249824, 60.4204929], [5.5245471, 60.4205327], [5.5240763, 60.4205809]]}, "properties": {"electrified": "contact_line", "frequency": "16.67", "gauge": "1435", "maxspeed": "100", "name": "Bergensbanen", "operator": "Bane NOR", "passenger_lines": "1", "railway": "rail", "usage": "main", "voltage": "15000", "length_km": 0.166, "maxspeed_kmh": 100.0}}, {"type": "Feature", "geometry": {"type": "LineString", "coordinates": [[5.5124845, 60.4238128], [5.5121308, 60.4238579], [5.5116119, 60.4239149], [5.5113689, 60.423937]]}, "properties": {"electrified": "contact_line", "frequency": "16.67", "gauge": "1435", "maxspeed": "80", "name": "Bergensbanen", "operator": "Bane NOR", "passenger_lines": "1", "railway": "rail", "usage": "main", "voltage": "15000", "length_km": 0.063, "maxspeed_kmh": 80.0}}, {"type": "Feature", "geometry": {"type": "LineString", "coordinates": [[7.3762988, 60.6344266], [7.3265972, 60.6500858]]}, "properties": {"electrified": "contact_line", "frequency": "16.67", "gauge": "1435", "maxspeed": "160", "name": "Bergensbanen", "operator": "Bane NOR", "passenger_lines": "1", "railway": "rail", "tunnel": "yes", "usage": "main", "voltage": "15000", "length_km": 3.237, "maxspeed_kmh": 160.0}}, {"type": "Feature", "geometry": {"type": "LineString", "coordinates": [[7.3930411, 60.6291339], [7.3836831, 60.6321093], [7.3762988, 60.6344266]]}, "properties": {"electrified": "contact_line", "frequency": "16.67", "gauge": "1435", "maxspeed": "160", "name": "Bergensbanen", "operator": "Bane NOR", "passenger_lines": "1", "railway": "rail", "tunnel": "yes", "usage": "main", "voltage": "15000", "length_km": 1.092, "maxspeed_kmh": 160.0}}, {"type": "Feature", "geometry": {"type": "LineString", "coordinates": [[7.3213563, 60.6516994], [7.3212639, 60.6517269], [7.321193, 60.6517478], [7.3210104, 60.6518019], [7.3208187, 60.6518572], [7.3203799, 60.6519842], [7.3202337, 60.6520271], [7.3200478, 60.6520806], [7.3197783, 60.6521571], [7.3195087, 60.6522345], [7.3188135, 60.6524329], [7.3180843, 60.652638], [7.3173015, 60.6528525], [7.3165795, 60.6530468], [7.3163014, 60.6531219], [7.3158623, 60.6532314], [7.3157604, 60.6532559], [7.3155115, 60.653314]]}, "properties": {"electrified": "contact_line", "frequency": "16.67", "gauge": "1435", "maxspeed": "160", "name": "Bergensbanen", "operator": "Bane NOR", "passenger_lines": "1", "railway": "rail", "usage": "main", "voltage": "15000", "length_km": 0.368, "maxspeed_kmh": 160.0}}, {"type": "Feature", "geometry": {"type": "LineString", "coordinates": [[7.2560439, 60.6669024], [7.2559625, 60.6669581], [7.2558689, 60.6670206]]}, "properties": {"electrified": "contact_line", "frequency": "16.67", "gauge": "1435", "maxspeed": "60", "name": "Bergensbanen", "operator": "Bane NOR", "passenger_lines": "1", "railway": "rail", "tunnel": "avalanche_protector", "usage": "main", "voltage": "15000", "length_km": 0.016, "maxspeed_kmh": 60.0}}, {"type": "Feature", "geometry": {"type": "LineString", "coordinates": [[5.3441106, 60.3858717], [5.3438679, 60.3859487], [5.3434755, 60.3860758], [5.3430855, 60.3862114], [5.342598, 60.3863965], [5.3419882, 60.3866437], [5.341529, 60.3868315], [5.3410573, 60.3870244]]}, "properties": {"electrified": "contact_line", "frequency": "16.67", "gauge": "1435", "maxspeed": "30", "name": "Bergensbanen", "operator": "Bane NOR", "railway": "rail", "usage": "main", "voltage": "15000", "length_km": 0.213, "maxspeed_kmh": 30.0}}, {"type": "Feature", "geometry": {"type": "LineString", "coordinates": [[5.3500706, 60.3840869], [5.3498294, 60.3841629], [5.3493842, 60.3842913], [5.3490624, 60.3843808], [5.3489627, 60.3844083], [5.3488344, 60.3844438]]}, "properties": {"electrified": "contact_line", "frequency": "16.67", "gauge": "1435", "maxspeed": "30", "name": "Bergensbanen", "operator": "Bane NOR", "railway": "rail", "usage": "main", "voltage": "15000", "length_km": 0.079, "maxspeed_kmh": 30.0}}, {"type": "Feature", "geometry": {"type": "LineString", "coordinates": [[6.9204245, 60.7064028], [6.918819, 60.7062877], [6.9175466, 60.7062012]]}, "properties": {"electrified": "contact_line", "frequency": "16.67", "gauge": "1435", "maxspeed": "90", "name": "Bergensbanen", "operator": "Bane NOR", "passenger_lines": "1", "railway": "rail", "usage": "main", "voltage": "15000", "length_km": 0.159, "maxspeed_kmh": 90.0}}, {"type": "Feature", "geometry": {"type": "LineString", "coordinates": [[6.9421558, 60.7027323], [6.941808, 60.7030088], [6.9416588, 60.7031226]]}, "properties": {"electrified": "contact_line", "frequency": "16.67", "gauge": "1435", "maxspeed": "90", "name": "Bergensbanen", "operator": "Bane NOR", "passenger_lines": "1", "railway": "rail", "usage": "main", "voltage": "15000", "length_km": 0.051, "maxspeed_kmh": 90.0}}, {"type": "Feature", "geometry": {"type": "LineString", "coordinates": [[9.3698199, 60.4305354], [9.3697326, 60.4305305]]}, "properties": {"bridge": "yes", "electrified": "contact_line", "frequency": "16.67", "gauge": "1435", "maxspeed": "90", "name": "Bergensbanen", "operator": "Bane NOR", "passenger_lines": "1", "railway": "rail", "usage": "main", "voltage": "15000", "length_km": 0.005, "maxspeed_kmh": 90.0}}, {"type": "Feature", "geometry": {"type": "LineString", "coordinates": [[9.3764307, 60.4309257], [9.3698199, 60.4305354]]}, "properties": {"electrified": "contact_line", "frequency": "16.67", "gauge": "1435", "maxspeed": "90", "name": "Bergensbanen", "operator": "Bane NOR", "passenger_lines": "1", "railway": "rail", "usage": "main", "voltage": "15000", "length_km": 0.367, "maxspeed_kmh": 90.0}}, {"type": "Feature", "geometry": {"type": "LineString", "coordinates": [[7.1988133, 60.7200886], [7.1987386, 60.7202605], [7.1986949, 60.7203932]]}, "properties": {"electrified": "contact_line", "frequency": "16.67", "gauge": "1435", "maxspeed": "60", "name": "Bergensbanen", "operator": "Bane NOR", "passenger_lines": "1", "railway": "rail", "tunnel": "avalanche_protector", "usage": "main", "voltage": "15000", "length_km": 0.035, "maxspeed_kmh": 60.0}}, {"type": "Feature", "geometry": {"type": "LineString", "coordinates": [[5.339244, 60.3877643], [5.3368072, 60.3887574], [5.3362056, 60.3890026]]}, "properties": {"electrified": "contact_line", "frequency": "16.67", "gauge": "1435", "name": "Bergensbanen", "operator": "Bane NOR", "railway": "rail", "usage": "main", "voltage": "15000", "length_km": 0.218}}, {"type": "Feature", "geometry": {"type": "LineString", "coordinates": [[6.437761, 60.638379], [6.4374103, 60.6380803]]}, "properties": {"bridge": "yes", "electrified": "contact_line", "frequency": "16.67", "gauge": "1435", "maxspeed": "100", "name": "Bergensbanen", "operator": "Bane NOR", "passenger_lines": "1", "railway": "rail", "usage": "main", "voltage": "15000", "length_km": 0.039, "maxspeed_kmh": 100.0}}, {"type": "Feature", "geometry": {"type": "LineString", "coordinates": [[6.4378173, 60.638425], [6.437761, 60.638379]]}, "properties": {"electrified": "contact_line", "frequency": "16.67", "gauge": "1435", "maxspeed": "100", "name": "Bergensbanen", "operator": "Bane NOR", "passenger_lines": "1", "railway": "rail", "usage": "main", "voltage": "15000", "length_km": 0.006, "maxspeed_kmh": 100.0}}, {"type": "Feature", "geometry": {"type": "LineString", "coordinates": [[5.3397181, 60.3876551], [5.3393287, 60.3878492], [5.3388429, 60.3880991]]}, "properties": {"electrified": "contact_line", "frequency": "16.67", "gauge": "1435", "name": "Bergensbanen", "operator": "Bane NOR", "railway": "rail", "service": "siding", "voltage": "15000", "length_km": 0.069}}, {"type": "Feature", "geometry": {"type": "LineString", "coordinates": [[5.3410573, 60.3870244], [5.3409148, 60.3870833]]}, "properties": {"electrified": "contact_line", "frequency": "16.67", "gauge": "1435", "maxspeed": "30", "name": "Bergensbanen", "railway": "rail", "usage": "main", "voltage": "15000", "length_km": 0.01, "maxspeed_kmh": 30.0}}, {"type": "Feature", "geometry": {"type": "LineString", "coordinates": [[9.0638495, 60.6211356], [9.0636227, 60.6212436], [9.0632654, 60.6214215], [9.0628622, 60.621643], [9.062595, 60.6218103], [9.0624624, 60.6219029], [9.0623212, 60.6220077], [9.0621666, 60.6221337], [9.0619808, 60.622303], [9.0618808, 60.6224009]]}, "properties": {"electrified": "contact_line", "frequency": "16.67", "gauge": "1435", "maxspeed": "90", "name": "Bergensbanen", "operator": "Bane NOR", "passenger_lines": "1", "railway": "rail", "usage": "main", "voltage": "15000", "length_km": 0.179, "maxspeed_kmh": 90.0}}, {"type": "Feature", "geometry": {"type": "LineString", "coordinates": [[9.0666048, 60.6197044], [9.0661305, 60.6199814], [9.0659308, 60.6200928], [9.0654303, 60.6203601], [9.0650881, 60.620533], [9.0643872, 60.6208773]]}, "properties": {"electrified": "contact_line", "frequency": "16.67", "gauge": "1435", "maxspeed": "115", "name": "Bergensbanen", "operator": "Bane NOR", "passenger_lines": "1", "railway": "rail", "usage": "main", "voltage": "15000", "length_km": 0.179, "maxspeed_kmh": 115.0}}, {"type": "Feature", "geometry": {"type": "LineString", "coordinates": [[9.0643208, 60.6209095], [9.0638495, 60.6211356]]}, "properties": {"electrified": "contact_line", "frequency": "16.67", "gauge": "1435", "maxspeed": "115", "name": "Bergensbanen", "operator": "Bane NOR", "passenger_lines": "1", "railway": "rail", "usage": "main", "voltage": "15000", "length_km": 0.036, "maxspeed_kmh": 115.0}}, {"type": "Feature", "geometry": {"type": "LineString", "coordinates": [[9.0643872, 60.6208773], [9.0643208, 60.6209095]]}, "properties": {"bridge": "yes", "electrified": "contact_line", "frequency": "16.67", "gauge": "1435", "maxspeed": "115", "name": "Bergensbanen", "operator": "Bane NOR", "passenger_lines": "1", "railway": "rail", "usage": "main", "voltage": "15000", "length_km": 0.005, "maxspeed_kmh": 115.0}}, {"type": "Feature", "geometry": {"type": "LineString", "coordinates": [[9.1027589, 60.5836072], [9.102661, 60.5836711]]}, "properties": {"bridge": "yes", "electrified": "contact_line", "frequency": "16.67", "gauge": "1435", "maxspeed": "100", "name": "Bergensbanen", "operator": "Bane NOR", "passenger_lines": "1", "railway": "rail", "usage": "main", "voltage": "15000", "length_km": 0.009, "maxspeed_kmh": 100.0}}, {"type": "Feature", "geometry": {"type": "LineString", "coordinates": [[9.1090394, 60.5795442], [9.1088324, 60.579675], [9.1032344, 60.5832982], [9.1027589, 60.5836072]]}, "properties": {"electrified": "contact_line", "frequency": "16.67", "gauge": "1435", "maxspeed": "100", "name": "Bergensbanen", "operator": "Bane NOR", "passenger_lines": "1", "railway": "rail", "usage": "main", "voltage": "15000", "length_km": 0.569, "maxspeed_kmh": 100.0}}, {"type": "Feature", "geometry": {"type": "LineString", "coordinates": [[7.5685132, 60.5783224], [7.5683885, 60.5784385], [7.5678751, 60.5788887], [7.5677286, 60.579012], [7.5672008, 60.5794309], [7.5668473, 60.5796982], [7.5664849, 60.5799591], [7.5658475, 60.5803944], [7.5656411, 60.5805291], [7.565086, 60.5808763], [7.5644346, 60.5812592], [7.5638789, 60.5815729]]}, "properties": {"electrified": "contact_line", "frequency": "16.67", "gauge": "1435", "maxspeed": "160", "name": "Bergensbanen", "operator": "Bane NOR", "passenger_lines": "1", "railway": "rail", "usage": "main", "voltage": "15000", "length_km": 0.444, "maxspeed_kmh": 160.0}}, {"type": "Feature", "geometry": {"type": "LineString", "coordinates": [[7.1245294, 60.7391784], [7.1243796, 60.7391265], [7.1242891, 60.7390946]]}, "properties": {"electrified": "contact_line", "frequency": "16.67", "gauge": "1435", "maxspeed": "65", "name": "Bergensbanen", "operator": "Bane NOR", "passenger_lines": "1", "railway": "rail", "usage": "main", "voltage": "15000", "length_km": 0.016, "maxspeed_kmh": 65.0}}, {"type": "Feature", "geometry": {"type": "LineString", "coordinates": [[7.2063563, 60.7185469], [7.2045171, 60.718409]]}, "properties": {"electrified": "contact_line", "frequency": "16.67", "gauge": "1435", "maxspeed": "60", "name": "Bergensbanen", "operator": "Bane NOR", "passenger_lines": "1", "railway": "rail", "usage": "main", "voltage": "15000", "length_km": 0.102, "maxspeed_kmh": 60.0}}, {"type": "Feature", "geometry": {"type": "LineString", "coordinates": [[5.7376869, 60.5530455], [5.7375287, 60.5529372]]}, "properties": {"bridge": "yes", "electrified": "contact_line", "frequency": "16.67", "gauge": "1435", "maxspeed": "65", "name": "Bergensbanen", "operator": "Bane NOR", "passenger_lines": "1", "railway": "rail", "usage": "main", "voltage": "15000", "length_km": 0.015, "maxspeed_kmh": 65.0}}, {"type": "Feature", "geometry": {"type": "LineString", "coordinates": [[5.6002284, 60.4292266], [5.5999354, 60.429195]]}, "properties": {"bridge": "yes", "electrified": "contact_line", "frequency": "16.67", "gauge": "1435", "maxspeed": "60", "name": "Bergensbanen", "operator": "Bane NOR", "passenger_lines": "1", "railway": "rail", "usage": "main", "voltage": "15000", "length_km": 0.017, "maxspeed_kmh": 60.0}}, {"type": "Feature", "geometry": {"type": "LineString", "coordinates": [[5.6009876, 60.4292758], [5.6006725, 60.4292605], [5.6002284, 60.4292266]]}, "properties": {"electrified": "contact_line", "frequency": "16.67", "gauge": "1435", "maxspeed": "60", "name": "Bergensbanen", "operator": "Bane NOR", "passenger_lines": "1", "railway": "rail", "usage": "main", "voltage": "15000", "length_km": 0.042, "maxspeed_kmh": 60.0}}, {"type": "Feature", "geometry": {"type": "LineString", "coordinates": [[8.2374354, 60.5451727], [8.2372679, 60.5451252]]}, "properties": {"electrified": "contact_line", "frequency": "16.67", "gauge": "1435", "name": "Bergensbanen", "operator": "Bane NOR", "passenger_lines": "1", "railway": "rail", "usage": "main", "voltage": "15000", "length_km": 0.011}}, {"type": "Feature", "geometry": {"type": "LineString", "coordinates": [[8.2375655, 60.5452103], [8.2374354, 60.5451727]]}, "properties": {"bridge": "yes", "electrified": "contact_line", "frequency": "16.67", "gauge": "1435", "name": "Bergensbanen", "operator": "Bane NOR", "passenger_lines": "1", "railway": "rail", "usage": "main", "voltage": "15000", "length_km": 0.008}}, {"type": "Feature", "geometry": {"type": "LineString", "coordinates": [[8.0693715, 60.4924378], [8.0692678, 60.4923674], [8.0689967, 60.4922066], [8.0688432, 60.4921255], [8.0686604, 60.4920388], [8.0683218, 60.4918958], [8.0678826, 60.4917316], [8.0673496, 60.4915399], [8.0668625, 60.4913507], [8.0666146, 60.4912431], [8.0663276, 60.4911041], [8.0659934, 60.4909226], [8.0658237, 60.4908237], [8.0656455, 60.4907111], [8.0653784, 60.4905304], [8.0644541, 60.489872], [8.0641353, 60.4896664], [8.0638432, 60.4894991], [8.0637144, 60.4894319], [8.063341, 60.4892545], [8.062966, 60.4890991], [8.0626489, 60.4889844], [8.0624549, 60.4889188], [8.0621606, 60.4888278], [8.0618809, 60.4887504], [8.0614192, 60.4886387], [8.061171, 60.4885842]]}, "properties": {"electrified": "contact_line", "frequency": "16.67", "gauge": "1435", "maxspeed": "75", "name": "Bergensbanen", "operator": "Bane NOR", "passenger_lines": "1", "railway": "rail", "usage": "main", "voltage": "15000", "length_km": 0.631, "maxspeed_kmh": 75.0}}, {"type": "Feature", "geometry": {"type": "LineString", "coordinates": [[8.0694486, 60.4924935], [8.0693715, 60.4924378]]}, "properties": {"bridge": "yes", "electrified": "contact_line", "frequency": "16.67", "gauge": "1435", "maxspeed": "75", "name": "Bergensbanen", "operator": "Bane NOR", "passenger_lines": "1", "railway": "rail", "usage": "main", "voltage": "15000", "length_km": 0.008, "maxspeed_kmh": 75.0}}, {"type": "Feature", "geometry": {"type": "LineString", "coordinates": [[8.061171, 60.4885842], [8.0609434, 60.4885395], [8.0604172, 60.4884538]]}, "properties": {"electrified": "contact_line", "frequency": "16.67", "gauge": "1435", "maxspeed": "75", "name": "Bergensbanen", "operator": "Bane NOR", "passenger_lines": "1", "railway": "rail", "tunnel": "avalanche_protector", "usage": "main", "voltage": "15000", "length_km": 0.044, "maxspeed_kmh": 75.0}}, {"type": "Feature", "geometry": {"type": "LineString", "coordinates": [[8.0586765, 60.4883212], [8.058558, 60.4883224], [8.0584521, 60.4883245], [8.0581804, 60.4883372], [8.0580464, 60.4883457], [8.0579106, 60.4883578], [8.0577171, 60.4883773], [8.0575559, 60.4883977], [8.0574199, 60.4884172], [8.0572947, 60.4884367], [8.0571165, 60.4884693], [8.0569848, 60.4884974]]}, "properties": {"electrified": "contact_line", "frequency": "16.67", "gauge": "1435", "maxspeed": "75", "name": "Bergensbanen", "operator": "Bane NOR", "passenger_lines": "1", "railway": "rail", "tunnel": "avalanche_protector", "usage": "main", "voltage": "15000", "length_km": 0.096, "maxspeed_kmh": 75.0}}, {"type": "Feature", "geometry": {"type": "LineString", "coordinates": [[6.4069412, 60.6287791], [6.4065971, 60.6287501], [6.4035321, 60.6284997], [6.4033671, 60.6284855], [6.403206, 60.6284691], [6.4030626, 60.628452], [6.4028442, 60.6284241], [6.4025462, 60.6283788], [6.4023472, 60.6283426], [6.4021042, 60.6282923], [6.4018092, 60.6282222], [6.4015939, 60.6281636], [6.4013197, 60.6280801], [6.4010698, 60.627994], [6.4008827, 60.627922], [6.4005801, 60.6277974], [6.4002388, 60.6276331], [6.4001235, 60.6275707]]}, "properties": {"electrified": "contact_line", "frequency": "16.67", "gauge": "1435", "maxspeed": "70", "name": "Bergensbanen", "operator": "Bane NOR", "railway": "rail", "usage": "main", "voltage": "15000", "length_km": 0.408, "maxspeed_kmh": 70.0}}, {"type": "Feature", "geometry": {"type": "LineString", "coordinates": [[5.3344466, 60.3898935], [5.333543, 60.3902618], [5.3335082, 60.390276]]}, "properties": {"electrified": "contact_line", "frequency": "16.67", "gauge": "1435", "name": "Bergensbanen", "operator": "Bane NOR", "railway": "rail", "service": "siding", "voltage": "15000", "length_km": 0.067}}, {"type": "Feature", "geometry": {"type": "LineString", "coordinates": [[5.3343727, 60.3898495], [5.3366861, 60.38891], [5.3369088, 60.3888195], [5.3374337, 60.3886049]]}, "properties": {"electrified": "contact_line", "frequency": "16.67", "gauge": "1435", "name": "Bergensbanen", "operator": "Bane NOR", "railway": "rail", "service": "siding", "voltage": "15000", "length_km": 0.219}}, {"type": "Feature", "geometry": {"type": "LineString", "coordinates": [[10.1506423, 60.1988513], [10.1501338, 60.1988503], [10.1497789, 60.1988321], [10.1495462, 60.1988158], [10.1491058, 60.1987664], [10.1488931, 60.198735], [10.1486821, 60.1987011], [10.148339, 60.1986326], [10.1481517, 60.1985908], [10.1477948, 60.1984983], [10.1476377, 60.1984531], [10.1473714, 60.1983652], [10.1472151, 60.1983081], [10.1469086, 60.198185], [10.146193, 60.1978793], [10.1457272, 60.1977004], [10.1454809, 60.1976223], [10.1451934, 60.1975436], [10.144905, 60.1974824], [10.1446199, 60.197428], [10.1443296, 60.197383], [10.1440295, 60.1973492], [10.1437344, 60.1973284], [10.1432849, 60.1973086], [10.1430392, 60.1973073]]}, "properties": {"electrified": "contact_line", "frequency": "16.67", "gauge": "1435", "maxspeed": "75", "name": "Bergensbanen", "operator": "Bane NOR", "passenger_lines": "1", "railway": "rail", "usage": "main", "voltage": "15000", "length_km": 0.468, "maxspeed_kmh": 75.0}}, {"type": "Feature", "geometry": {"type": "LineString", "coordinates": [[10.1507275, 60.1988513], [10.1506423, 60.1988513]]}, "properties": {"bridge": "yes", "electrified": "contact_line", "frequency": "16.67", "gauge": "1435", "maxspeed": "75", "name": "Bergensbanen", "operator": "Bane NOR", "passenger_lines": "1", "railway": "rail", "usage": "main", "voltage": "15000", "length_km": 0.005, "maxspeed_kmh": 75.0}}, {"type": "Feature", "geometry": {"type": "LineString", "coordinates": [[7.495323, 60.6036584], [7.4950345, 60.6036574], [7.4945985, 60.6036536], [7.4944382, 60.6036517]]}, "properties": {"electrified": "contact_line", "frequency": "16.67", "gauge": "1435", "maxspeed": "80", "name": "Bergensbanen", "operator": "Bane NOR", "passenger_lines": "1", "railway": "rail", "usage": "main", "voltage": "15000", "length_km": 0.049, "maxspeed_kmh": 80.0}}, {"type": "Feature", "geometry": {"type": "LineString", "coordinates": [[7.4957018, 60.6036565], [7.4955195, 60.6036579], [7.495323, 60.6036584]]}, "properties": {"bridge": "yes", "electrified": "contact_line", "frequency": "16.67", "gauge": "1435", "maxspeed": "80", "name": "Bergensbanen", "operator": "Bane NOR", "passenger_lines": "1", "railway": "rail", "usage": "main", "voltage": "15000", "length_km": 0.021, "maxspeed_kmh": 80.0}}, {"type": "Feature", "geometry": {"type": "LineString", "coordinates": [[5.4564685, 60.4166186], [5.4536712, 60.4153779]]}, "properties": {"electrified": "contact_line", "frequency": "16.67", "gauge": "1435", "maxspeed": "160", "name": "Bergensbanen", "operator": "Bane NOR", "railway": "rail", "tunnel": "yes", "usage": "main", "voltage": "15000", "length_km": 0.208, "maxspeed_kmh": 160.0}}, {"type": "Feature", "geometry": {"type": "LineString", "coordinates": [[5.4632944, 60.4192061], [5.462975, 60.4191191], [5.4622006, 60.4189081], [5.4616803, 60.4187585], [5.4611197, 60.4185863], [5.4605645, 60.4183877], [5.4600576, 60.4181931], [5.4593521, 60.4178925], [5.4581076, 60.4173456], [5.4571077, 60.4169021], [5.4564685, 60.4166186]]}, "properties": {"electrified": "contact_line", "frequency": "16.67", "gauge": "1435", "maxspeed": "120", "name": "Bergensbanen", "operator": "Bane NOR", "railway": "rail", "tunnel": "yes", "usage": "main", "voltage": "15000", "length_km": 0.477, "maxspeed_kmh": 120.0}}, {"type": "Feature", "geometry": {"type": "LineString", "coordinates": [[5.3748035, 60.3807653], [5.3739644, 60.3805557], [5.3718981, 60.3801389], [5.3699079, 60.3798498], [5.368397, 60.3797031], [5.3665094, 60.3796093], [5.3644255, 60.3795773], [5.3631266, 60.3796074], [5.3616756, 60.3797275], [5.360521, 60.3799115], [5.3588574, 60.3802869], [5.3573659, 60.3806979], [5.3564811, 60.3809776], [5.3557116, 60.3813059], [5.3549985, 60.381657], [5.35381, 60.3822963]]}, "properties": {"electrified": "contact_line", "frequency": "16.67", "gauge": "1435", "name": "Bergensbanen", "operator": "Bane NOR", "railway": "rail", "tunnel": "yes", "usage": "main", "voltage": "15000", "length_km": 1.279}}, {"type": "Feature", "geometry": {"type": "LineString", "coordinates": [[5.3525418, 60.3829534], [5.3521121, 60.3831607], [5.3512812, 60.3835597]]}, "properties": {"electrified": "contact_line", "frequency": "16.67", "gauge": "1435", "name": "Bergensbanen", "operator": "Bane NOR", "railway": "rail", "usage": "main", "voltage": "15000", "length_km": 0.097}}, {"type": "Feature", "geometry": {"type": "LineString", "coordinates": [[5.3505854, 60.3839156], [5.3502888, 60.3840185], [5.3500706, 60.3840869]]}, "properties": {"electrified": "contact_line", "frequency": "16.67", "gauge": "1435", "maxspeed": "90", "name": "Bergensbanen", "operator": "Bane NOR", "railway": "rail", "usage": "main", "voltage": "15000", "length_km": 0.034, "maxspeed_kmh": 90.0}}, {"type": "Feature", "geometry": {"type": "LineString", "coordinates": [[5.3487952, 60.3844082], [5.3489227, 60.3843726], [5.3492421, 60.3842834], [5.3495096, 60.3842022], [5.3497618, 60.3841253], [5.3499924, 60.3840481], [5.350494, 60.3838685], [5.3507495, 60.3837657], [5.3512812, 60.3835597]]}, "properties": {"electrified": "contact_line", "frequency": "16.67", "gauge": "1435", "maxspeed": "30", "name": "Bergensbanen", "operator": "Bane NOR", "railway": "rail", "usage": "main", "voltage": "15000", "length_km": 0.167, "maxspeed_kmh": 30.0}}, {"type": "Feature", "geometry": {"type": "LineString", "coordinates": [[5.4712936, 60.4215941], [5.4702416, 60.4213186]]}, "properties": {"electrified": "contact_line", "frequency": "16.67", "gauge": "1435", "maxspeed": "110", "name": "Bergensbanen", "passenger_lines": "1", "railway": "rail", "tunnel": "yes", "usage": "main", "voltage": "15000", "length_km": 0.066, "maxspeed_kmh": 110.0}}, {"type": "Feature", "geometry": {"type": "LineString", "coordinates": [[10.2110363, 60.1733581], [10.2094616, 60.1743836], [10.2089084, 60.1747283], [10.2084254, 60.1750089], [10.2080805, 60.1752028], [10.2078845, 60.1753106], [10.2075716, 60.1754725], [10.2069233, 60.1757989], [10.2064719, 60.1760116], [10.2060593, 60.1761983], [10.2056763, 60.1763654], [10.2052755, 60.176533], [10.2048599, 60.1766978], [10.2044548, 60.1768524], [10.2040859, 60.1769852], [10.2036866, 60.1771173], [10.2033049, 60.1772291], [10.2028967, 60.1773402], [10.2024, 60.1774601], [10.2019317, 60.1775568], [10.2014889, 60.1776397], [10.2010032, 60.1777168], [10.2004881, 60.1777821], [10.1999556, 60.1778421], [10.1994216, 60.1778933]]}, "properties": {"electrified": "contact_line", "frequency": "16.67", "gauge": "1435", "maxspeed": "110", "name": "Bergensbanen", "operator": "Bane NOR", "passenger_lines": "1", "railway": "rail", "usage": "main", "voltage": "15000", "length_km": 0.842, "maxspeed_kmh": 110.0}}, {"type": "Feature", "geometry": {"type": "LineString", "coordinates": [[10.2111002, 60.1733164], [10.2110363, 60.1733581]]}, "properties": {"bridge": "yes", "electrified": "contact_line", "frequency": "16.67", "gauge": "1435", "maxspeed": "110", "name": "Bergensbanen", "operator": "Bane NOR", "passenger_lines": "1", "railway": "rail", "usage": "main", "voltage": "15000", "length_km": 0.006, "maxspeed_kmh": 110.0}}, {"type": "Feature", "geometry": {"type": "LineString", "coordinates": [[7.4929696, 60.6036412], [7.4913955, 60.603653]]}, "properties": {"electrified": "contact_line", "frequency": "16.67", "gauge": "1435", "maxspeed": "160", "name": "Bergensbanen", "operator": "Bane NOR", "passenger_lines": "1", "railway": "rail", "tunnel": "building_passage", "usage": "main", "voltage": "15000", "length_km": 0.086, "maxspeed_kmh": 160.0}}, {"type": "Feature", "geometry": {"type": "LineString", "coordinates": [[7.3258785, 60.6503104], [7.325049, 60.6505714], [7.3245989, 60.6507104], [7.3244274, 60.6507662], [7.323518, 60.6510474], [7.3230651, 60.6511867], [7.3224284, 60.6513771], [7.3221156, 60.6514733], [7.3215943, 60.6516284]]}, "properties": {"electrified": "contact_line", "frequency": "16.67", "gauge": "1435", "maxspeed": "160", "name": "Bergensbanen", "operator": "Bane NOR", "passenger_lines": "1", "railway": "rail", "usage": "main", "voltage": "15000", "length_km": 0.277, "maxspeed_kmh": 160.0}}, {"type": "Feature", "geometry": {"type": "LineString", "coordinates": [[7.3215943, 60.6516284], [7.3213563, 60.6516994]]}, "properties": {"bridge": "yes", "electrified": "contact_line", "frequency": "16.67", "gauge": "1435", "maxspeed": "160", "name": "Bergensbanen", "operator": "Bane NOR", "passenger_lines": "1", "railway": "rail", "usage": "main", "voltage": "15000", "length_km": 0.015, "maxspeed_kmh": 160.0}}, {"type": "Feature", "geometry": {"type": "LineString", "coordinates": [[7.5006628, 60.6030052], [7.5008995, 60.60295]]}, "properties": {"electrified": "contact_line", "frequency": "16.67", "gauge": "1435", "maxspeed": "40", "name": "Bergensbanen", "passenger_lines": "2", "railway": "rail", "service": "siding", "tunnel": "building_passage", "voltage": "15000", "length_km": 0.014, "maxspeed_kmh": 40.0}}, {"type": "Feature", "geometry": {"type": "LineString", "coordinates": [[7.5008845, 60.6029372], [7.5006628, 60.6030052]]}, "properties": {"electrified": "contact_line", "frequency": "16.67", "gauge": "1435", "maxspeed": "80", "name": "Bergensbanen", "operator": "Bane NOR", "passenger_lines": "2", "railway": "rail", "tunnel": "building_passage", "usage": "main", "voltage": "15000", "length_km": 0.014, "maxspeed_kmh": 80.0}}, {"type": "Feature", "geometry": {"type": "LineString", "coordinates": [[7.5006628, 60.6030052], [7.5002411, 60.6031113], [7.4998087, 60.6032063], [7.4990807, 60.6033525]]}, "properties": {"electrified": "contact_line", "frequency": "16.67", "gauge": "1435", "maxspeed": "80", "name": "Bergensbanen", "operator": "Bane NOR", "passenger_lines": "1", "railway": "rail", "tunnel": "building_passage", "usage": "main", "voltage": "15000", "length_km": 0.095, "maxspeed_kmh": 80.0}}, {"type": "Feature", "geometry": {"type": "LineString", "coordinates": [[7.5093504, 60.599541], [7.5100028, 60.5991658], [7.5103154, 60.5989455]]}, "properties": {"electrified": "contact_line", "frequency": "16.67", "gauge": "1435", "maxspeed": "50", "name": "Bergensbanen", "passenger_lines": "2", "railway": "rail", "service": "siding", "tunnel": "building_passage", "voltage": "15000", "length_km": 0.085, "maxspeed_kmh": 50.0}}, {"type": "Feature", "geometry": {"type": "LineString", "coordinates": [[7.5103154, 60.5989455], [7.5099884, 60.5991353], [7.5092913, 60.5995146]]}, "properties": {"electrified": "contact_line", "frequency": "16.67", "gauge": "1435", "maxspeed": "80", "name": "Bergensbanen", "operator": "Bane NOR", "passenger_lines": "2", "railway": "rail", "tunnel": "building_passage", "usage": "main", "voltage": "15000", "length_km": 0.085, "maxspeed_kmh": 80.0}}, {"type": "Feature", "geometry": {"type": "LineString", "coordinates": [[7.5111961, 60.5984865], [7.510582, 60.598808], [7.5103154, 60.5989455]]}, "properties": {"electrified": "contact_line", "frequency": "16.67", "gauge": "1435", "maxspeed": "80", "name": "Bergensbanen", "operator": "Bane NOR", "passenger_lines": "1", "railway": "rail", "tunnel": "building_passage", "usage": "main", "voltage": "15000", "length_km": 0.07, "maxspeed_kmh": 80.0}}, {"type": "Feature", "geometry": {"type": "LineString", "coordinates": [[7.3265972, 60.6500858], [7.3258785, 60.6503104]]}, "properties": {"electrified": "contact_line", "frequency": "16.67", "gauge": "1435", "maxspeed": "160", "name": "Bergensbanen", "operator": "Bane NOR", "passenger_lines": "1", "railway": "rail", "tunnel": "avalanche_protector", "usage": "main", "voltage": "15000", "length_km": 0.047, "maxspeed_kmh": 160.0}}, {"type": "Feature", "geometry": {"type": "LineString", "coordinates": [[7.1197977, 60.7329686], [7.1194266, 60.7329266], [7.1191831, 60.7329041]]}, "properties": {"electrified": "contact_line", "frequency": "16.67", "gauge": "1435", "maxspeed": "50", "name": "Bergensbanen", "operator": "Bane NOR", "passenger_lines": "2", "railway": "rail", "tunnel": "building_passage", "usage": "main", "voltage": "15000", "length_km": 0.034, "maxspeed_kmh": 50.0}}, {"type": "Feature", "geometry": {"type": "LineString", "coordinates": [[7.1198161, 60.7329275], [7.1194451, 60.7328882], [7.1191983, 60.7328653]]}, "properties": {"electrified": "contact_line", "frequency": "16.67", "gauge": "1435", "maxspeed": "50", "name": "Bergensbanen", "passenger_lines": "2", "railway": "rail", "service": "siding", "tunnel": "building_passage", "voltage": "15000", "length_km": 0.034, "maxspeed_kmh": 50.0}}, {"type": "Feature", "geometry": {"type": "LineString", "coordinates": [[7.0207625, 60.7252539], [7.020576, 60.7252834]]}, "properties": {"bridge": "yes", "electrified": "contact_line", "frequency": "16.67", "gauge": "1435", "maxspeed": "70", "name": "Bergensbanen", "operator": "Bane NOR", "passenger_lines": "1", "railway": "rail", "usage": "main", "voltage": "15000", "length_km": 0.011, "maxspeed_kmh": 70.0}}, {"type": "Feature", "geometry": {"type": "LineString", "coordinates": [[5.7266069, 60.5445212], [5.7264385, 60.5443622]]}, "properties": {"electrified": "contact_line", "frequency": "16.67", "gauge": "1435", "maxspeed": "95", "name": "Bergensbanen", "operator": "Bane NOR", "passenger_lines": "2", "railway": "rail", "usage": "main", "voltage": "15000", "length_km": 0.02, "maxspeed_kmh": 95.0}}, {"type": "Feature", "geometry": {"type": "LineString", "coordinates": [[5.7268047, 60.5447106], [5.7266069, 60.5445212]]}, "properties": {"bridge": "yes", "electrified": "contact_line", "frequency": "16.67", "gauge": "1435", "maxspeed": "95", "name": "Bergensbanen", "operator": "Bane NOR", "passenger_lines": "2", "railway": "rail", "usage": "main", "voltage": "15000", "length_km": 0.024, "maxspeed_kmh": 95.0}}, {"type": "Feature", "geometry": {"type": "LineString", "coordinates": [[5.7267501, 60.5447209], [5.7266416, 60.5445815], [5.7265922, 60.5445242]]}, "properties": {"bridge": "yes", "electrified": "contact_line", "frequency": "16.67", "gauge": "1435", "maxspeed": "40", "name": "Bergensbanen", "passenger_lines": "2", "railway": "rail", "service": "siding", "voltage": "15000", "length_km": 0.024, "maxspeed_kmh": 40.0}}, {"type": "Feature", "geometry": {"type": "LineString", "coordinates": [[5.7265922, 60.5445242], [5.7264385, 60.5443622]]}, "properties": {"electrified": "contact_line", "frequency": "16.67", "gauge": "1435", "maxspeed": "40", "name": "Bergensbanen", "passenger_lines": "2", "railway": "rail", "service": "siding", "voltage": "15000", "length_km": 0.02, "maxspeed_kmh": 40.0}}, {"type": "Feature", "geometry": {"type": "LineString", "coordinates": [[6.8105869, 60.6847979], [6.8103848, 60.6846748], [6.8101621, 60.6845219], [6.8099634, 60.6843778], [6.809763, 60.6842204], [6.8094644, 60.6839658], [6.8088437, 60.6833833], [6.8083714, 60.6829228], [6.808147, 60.682693], [6.8080311, 60.6825654], [6.8078694, 60.6823757]]}, "properties": {"electrified": "contact_line", "frequency": "16.67", "gauge": "1435", "maxspeed": "95", "name": "Bergensbanen", "operator": "Bane NOR", "passenger_lines": "1", "railway": "rail", "usage": "main", "voltage": "15000", "length_km": 0.309, "maxspeed_kmh": 95.0}}, {"type": "Feature", "geometry": {"type": "LineString", "coordinates": [[6.8107041, 60.6848693], [6.8105869, 60.6847979]]}, "properties": {"bridge": "yes", "electrified": "contact_line", "frequency": "16.67", "gauge": "1435", "maxspeed": "95", "name": "Bergensbanen", "operator": "Bane NOR", "passenger_lines": "1", "railway": "rail", "usage": "main", "voltage": "15000", "length_km": 0.01, "maxspeed_kmh": 95.0}}, {"type": "Feature", "geometry": {"type": "LineString", "coordinates": [[6.1046931, 60.6469149], [6.1040466, 60.6468283], [6.1026203, 60.6466334], [6.1023051, 60.6465835], [6.1019665, 60.646519], [6.1017834, 60.6464868], [6.1014219, 60.64643]]}, "properties": {"electrified": "contact_line", "frequency": "16.67", "gauge": "1435", "maxspeed": "40", "name": "Bergensbanen", "railway": "rail", "service": "siding", "voltage": "15000", "length_km": 0.188, "maxspeed_kmh": 40.0}}, {"type": "Feature", "geometry": {"type": "LineString", "coordinates": [[6.1048133, 60.646931], [6.1046931, 60.6469149]]}, "properties": {"bridge": "yes", "electrified": "contact_line", "frequency": "16.67", "gauge": "1435", "maxspeed": "40", "name": "Bergensbanen", "railway": "rail", "service": "siding", "voltage": "15000", "length_km": 0.007, "maxspeed_kmh": 40.0}}, {"type": "Feature", "geometry": {"type": "LineString", "coordinates": [[5.462525, 60.4192825], [5.4621509, 60.4191783]]}, "properties": {"electrified": "contact_line", "frequency": "16.67", "gauge": "1435", "maxspeed": "110", "name": "Bergensbanen", "railway": "rail", "tunnel": "yes", "usage": "main", "voltage": "15000", "length_km": 0.024, "maxspeed_kmh": 110.0}}, {"type": "Feature", "geometry": {"type": "LineString", "coordinates": [[5.462525, 60.4192825], [5.4630317, 60.4194451]]}, "properties": {"electrified": "contact_line", "frequency": "16.67", "gauge": "1435", "maxspeed": "40", "name": "Bergensbanen", "railway": "rail", "service": "siding", "tunnel": "yes", "voltage": "15000", "length_km": 0.033, "maxspeed_kmh": 40.0}}, {"type": "Feature", "geometry": {"type": "LineString", "coordinates": [[5.4630614, 60.4194185], [5.462525, 60.4192825]]}, "properties": {"electrified": "contact_line", "frequency": "16.67", "gauge": "1435", "maxspeed": "110", "name": "Bergensbanen", "railway": "rail", "tunnel": "yes", "usage": "main", "voltage": "15000", "length_km": 0.033, "maxspeed_kmh": 110.0}}, {"type": "Feature", "geometry": {"type": "LineString", "coordinates": [[5.7264385, 60.5443622], [5.7263191, 60.5442516]]}, "properties": {"electrified": "contact_line", "frequency": "16.67", "gauge": "1435", "maxspeed": "95", "name": "Bergensbanen", "operator": "Bane NOR", "passenger_lines": "2", "railway": "rail", "usage": "main", "voltage": "15000", "length_km": 0.014, "maxspeed_kmh": 95.0}}, {"type": "Feature", "geometry": {"type": "LineString", "coordinates": [[7.0207687, 60.7252529], [7.0207625, 60.7252539]]}, "properties": {"electrified": "contact_line", "frequency": "16.67", "gauge": "1435", "maxspeed": "70", "name": "Bergensbanen", "operator": "Bane NOR", "passenger_lines": "1", "railway": "rail", "usage": "main", "voltage": "15000", "length_km": 0.0, "maxspeed_kmh": 70.0}}, {"type": "Feature", "geometry": {"type": "LineString", "coordinates": [[7.1437664, 60.7358832], [7.1436933, 60.7360094]]}, "properties": {"electrified": "contact_line", "frequency": "16.67", "gauge": "1435", "maxspeed": "65", "name": "Bergensbanen", "operator": "Bane NOR", "passenger_lines": "1", "railway": "rail", "tunnel": "avalanche_protector", "usage": "main", "voltage": "15000", "length_km": 0.015, "maxspeed_kmh": 65.0}}, {"type": "Feature", "geometry": {"type": "LineString", "coordinates": [[7.1445517, 60.7351279], [7.1444818, 60.7351746], [7.1443308, 60.7352871], [7.1442451, 60.7353546]]}, "properties": {"electrified": "contact_line", "frequency": "16.67", "gauge": "1435", "maxspeed": "65", "name": "Bergensbanen", "operator": "Bane NOR", "passenger_lines": "1", "railway": "rail", "tunnel": "avalanche_protector", "usage": "main", "voltage": "15000", "length_km": 0.03, "maxspeed_kmh": 65.0}}, {"type": "Feature", "geometry": {"type": "LineString", "coordinates": [[7.1459128, 60.7344719], [7.1457234, 60.7345478]]}, "properties": {"electrified": "contact_line", "frequency": "16.67", "gauge": "1435", "maxspeed": "70", "name": "Bergensbanen", "operator": "Bane NOR", "passenger_lines": "1", "railway": "rail", "tunnel": "avalanche_protector", "usage": "main", "voltage": "15000", "length_km": 0.013, "maxspeed_kmh": 70.0}}, {"type": "Feature", "geometry": {"type": "LineString", "coordinates": [[7.2097448, 60.7185517], [7.2095984, 60.7185724], [7.2093734, 60.7186039], [7.2091808, 60.7186223]]}, "properties": {"electrified": "contact_line", "frequency": "16.67", "gauge": "1435", "maxspeed": "60", "name": "Bergensbanen", "operator": "Bane NOR", "passenger_lines": "1", "railway": "rail", "tunnel": "avalanche_protector", "usage": "main", "voltage": "15000", "length_km": 0.032, "maxspeed_kmh": 60.0}}, {"type": "Feature", "geometry": {"type": "LineString", "coordinates": [[9.4813946, 60.4286967], [9.4810104, 60.4287487], [9.4806831, 60.428798], [9.4803897, 60.4288486], [9.4801023, 60.4289042], [9.4797626, 60.4289779], [9.4795087, 60.4290398], [9.4791805, 60.4291282], [9.4788506, 60.4292262], [9.4785189, 60.4293361], [9.478312, 60.4294113], [9.4779721, 60.4295454], [9.4776447, 60.4296902], [9.4773989, 60.4298097]]}, "properties": {"electrified": "contact_line", "frequency": "16.67", "gauge": "1435", "maxspeed": "100", "name": "Bergensbanen", "operator": "Bane NOR", "passenger_lines": "1", "railway": "rail", "usage": "main", "voltage": "15000", "length_km": 0.256, "maxspeed_kmh": 100.0}}, {"type": "Feature", "geometry": {"type": "LineString", "coordinates": [[9.4815346, 60.4286782], [9.4813946, 60.4286967]]}, "properties": {"bridge": "yes", "electrified": "contact_line", "frequency": "16.67", "gauge": "1435", "maxspeed": "100", "name": "Bergensbanen", "operator": "Bane NOR", "passenger_lines": "1", "railway": "rail", "usage": "main", "voltage": "15000", "length_km": 0.008, "maxspeed_kmh": 100.0}}, {"type": "Feature", "geometry": {"type": "LineString", "coordinates": [[5.4774299, 60.4226148], [5.4766551, 60.4225819], [5.4759108, 60.4225189], [5.4751757, 60.422434], [5.4744519, 60.4223275], [5.4737422, 60.4221999], [5.4730492, 60.4220515], [5.4714435, 60.4216363]]}, "properties": {"electrified": "contact_line", "frequency": "16.67", "gauge": "1435", "maxspeed": "130", "name": "Bergensbanen", "operator": "Bane NOR", "passenger_lines": "1", "railway": "rail", "tunnel": "yes", "usage": "main", "voltage": "15000", "length_km": 0.352, "maxspeed_kmh": 130.0}}, {"type": "Feature", "geometry": {"type": "LineString", "coordinates": [[5.339244, 60.3877643], [5.3394936, 60.3876576], [5.3396836, 60.387574], [5.3399205, 60.3874613], [5.3402416, 60.3873115], [5.3403936, 60.387243], [5.3405406, 60.3871794]]}, "properties": {"electrified": "contact_line", "frequency": "16.67", "gauge": "1435", "name": "Bergensbanen", "operator": "Bane NOR", "railway": "rail", "usage": "main", "voltage": "15000", "length_km": 0.097}}, {"type": "Feature", "geometry": {"type": "LineString", "coordinates": [[5.3418184, 60.3866583], [5.341477, 60.3867977], [5.3410023, 60.3869916], [5.3405406, 60.3871794]]}, "properties": {"electrified": "contact_line", "frequency": "16.67", "gauge": "1435", "name": "Bergensbanen", "operator": "Bane NOR", "railway": "rail", "usage": "main", "voltage": "15000", "length_km": 0.092}}, {"type": "Feature", "geometry": {"type": "LineString", "coordinates": [[5.3409148, 60.3870833], [5.339244, 60.3877643]]}, "properties": {"electrified": "contact_line", "frequency": "16.67", "gauge": "1435", "name": "Bergensbanen", "operator": "Bane NOR", "railway": "rail", "usage": "main", "voltage": "15000", "length_km": 0.12}}, {"type": "Feature", "geometry": {"type": "LineString", "coordinates": [[5.624409, 60.4289724], [5.6242319, 60.4288709], [5.6241057, 60.4288037], [5.6240564, 60.4287788], [5.6239509, 60.4287298]]}, "properties": {"electrified": "contact_line", "frequency": "16.67", "gauge": "1435", "maxspeed": "50", "name": "Bergensbanen", "operator": "Bane NOR", "passenger_lines": "1", "railway": "rail", "usage": "main", "voltage": "15000", "length_km": 0.037, "maxspeed_kmh": 50.0}}, {"type": "Feature", "geometry": {"type": "LineString", "coordinates": [[5.6239509, 60.4287298], [5.6238083, 60.4286652]]}, "properties": {"bridge": "yes", "electrified": "contact_line", "frequency": "16.67", "gauge": "1435", "maxspeed": "50", "name": "Bergensbanen", "operator": "Bane NOR", "passenger_lines": "1", "railway": "rail", "usage": "main", "voltage": "15000", "length_km": 0.011, "maxspeed_kmh": 50.0}}, {"type": "Feature", "geometry": {"type": "LineString", "coordinates": [[5.4572283, 60.4174858], [5.4477917, 60.4132986]]}, "properties": {"electrified": "contact_line", "frequency": "16.67", "gauge": "1435", "maxspeed": "130", "name": "Bergensbanen", "railway": "rail", "tunnel": "yes", "usage": "main", "voltage": "15000", "length_km": 0.701, "maxspeed_kmh": 130.0}}, {"type": "Feature", "geometry": {"type": "LineString", "coordinates": [[5.3521742, 60.3832175], [5.3512812, 60.3835597]]}, "properties": {"electrified": "contact_line", "frequency": "16.67", "gauge": "1435", "name": "Bergensbanen", "operator": "Bane NOR", "railway": "rail", "usage": "main", "voltage": "15000", "length_km": 0.062}}, {"type": "Feature", "geometry": {"type": "LineString", "coordinates": [[5.3466645, 60.3850078], [5.3452135, 60.3855216]]}, "properties": {"electrified": "contact_line", "frequency": "16.67", "gauge": "1435", "name": "Bergensbanen", "operator": "Bane NOR", "railway": "rail", "service": "crossover", "voltage": "15000", "length_km": 0.099}}, {"type": "Feature", "geometry": {"type": "LineString", "coordinates": [[5.3452135, 60.3855216], [5.3446417, 60.3857031], [5.3441106, 60.3858717]]}, "properties": {"electrified": "contact_line", "frequency": "16.67", "gauge": "1435", "maxspeed": "30", "name": "Bergensbanen", "operator": "Bane NOR", "railway": "rail", "usage": "main", "voltage": "15000", "length_km": 0.072, "maxspeed_kmh": 30.0}}, {"type": "Feature", "geometry": {"type": "LineString", "coordinates": [[5.3381934, 60.3884326], [5.3380251, 60.3885181]]}, "properties": {"electrified": "contact_line", "frequency": "16.67", "gauge": "1435", "name": "Bergensbanen", "operator": "Bane NOR", "railway": "rail", "service": "siding", "voltage": "15000", "length_km": 0.013}}, {"type": "Feature", "geometry": {"type": "LineString", "coordinates": [[5.3388429, 60.3880991], [5.3382396, 60.3883432]]}, "properties": {"electrified": "contact_line", "frequency": "16.67", "gauge": "1435", "name": "Bergensbanen", "operator": "Bane NOR", "railway": "rail", "service": "siding", "voltage": "15000", "length_km": 0.043}}, {"type": "Feature", "geometry": {"type": "LineString", "coordinates": [[6.2801961, 60.6314443], [6.2794147, 60.6316075]]}, "properties": {"electrified": "contact_line", "frequency": "16.67", "gauge": "1435", "maxspeed": "130", "name": "Bergensbanen", "operator": "Bane NOR", "railway": "rail", "usage": "main", "voltage": "15000", "length_km": 0.047, "maxspeed_kmh": 130.0}}, {"type": "Feature", "geometry": {"type": "LineString", "coordinates": [[6.2927173, 60.6292091], [6.2922878, 60.629257]]}, "properties": {"electrified": "contact_line", "frequency": "16.67", "gauge": "1435", "maxspeed": "130", "name": "Bergensbanen", "operator": "Bane NOR", "railway": "rail", "tunnel": "yes", "usage": "main", "voltage": "15000", "length_km": 0.024, "maxspeed_kmh": 130.0}}, {"type": "Feature", "geometry": {"type": "LineString", "coordinates": [[5.9538987, 60.6375753], [5.9538026, 60.6375616], [5.9537123, 60.6375492], [5.9536202, 60.6375374]]}, "properties": {"electrified": "contact_line", "frequency": "16.67", "gauge": "1435", "maxspeed": "40", "name": "Bergensbanen", "railway": "rail", "service": "siding", "tunnel": "yes", "voltage": "15000", "length_km": 0.016, "maxspeed_kmh": 40.0}}, {"type": "Feature", "geometry": {"type": "LineString", "coordinates": [[5.9539474, 60.6375707], [5.9536202, 60.6375374]]}, "properties": {"electrified": "contact_line", "frequency": "16.67", "gauge": "1435", "name": "Bergensbanen", "operator": "Bane NOR", "railway": "rail", "tunnel": "yes", "usage": "main", "voltage": "15000", "length_km": 0.018}}, {"type": "Feature", "geometry": {"type": "LineString", "coordinates": [[6.4152673, 60.629768], [6.41494, 60.6297519], [6.4144262, 60.6297066], [6.413839, 60.6296392], [6.4134947, 60.6295934], [6.4132999, 60.6295674]]}, "properties": {"electrified": "contact_line", "frequency": "16.67", "gauge": "1435", "maxspeed": "70", "name": "Bergensbanen", "operator": "Bane NOR", "railway": "rail", "usage": "main", "voltage": "15000", "length_km": 0.11, "maxspeed_kmh": 70.0}}, {"type": "Feature", "geometry": {"type": "LineString", "coordinates": [[6.4132999, 60.6295674], [6.4132607, 60.6295627]]}, "properties": {"electrified": "contact_line", "frequency": "16.67", "gauge": "1435", "maxspeed": "70", "name": "Bergensbanen", "operator": "Bane NOR", "railway": "rail", "usage": "main", "voltage": "15000", "length_km": 0.002, "maxspeed_kmh": 70.0}}, {"type": "Feature", "geometry": {"type": "LineString", "coordinates": [[6.5971058, 60.6795353], [6.5970863, 60.6795348]]}, "properties": {"electrified": "contact_line", "frequency": "16.67", "gauge": "1435", "maxspeed": "90", "name": "Bergensbanen", "operator": "Bane NOR", "passenger_lines": "1", "railway": "rail", "usage": "main", "voltage": "15000", "length_km": 0.001, "maxspeed_kmh": 90.0}}, {"type": "Feature", "geometry": {"type": "LineString", "coordinates": [[6.7192126, 60.6779059], [6.7190598, 60.6778758], [6.7187756, 60.6778167], [6.7182923, 60.6777051], [6.7178902, 60.6775945], [6.7176638, 60.6775259], [6.7171736, 60.6773559], [6.7168576, 60.6772322], [6.7165498, 60.6770954], [6.7162298, 60.6769345], [6.7161152, 60.676871], [6.7159722, 60.6767923], [6.7157256, 60.6766415], [6.7154115, 60.6764202], [6.7153236, 60.6763534], [6.7151073, 60.6761682], [6.7149231, 60.6759903], [6.7147632, 60.6758152], [6.714603, 60.6756179], [6.7139238, 60.6746779], [6.7137923, 60.67451]]}, "properties": {"electrified": "contact_line", "frequency": "16.67", "gauge": "1435", "maxspeed": "100", "name": "Bergensbanen", "operator": "Bane NOR", "passenger_lines": "1", "railway": "rail", "usage": "main", "voltage": "15000", "length_km": 0.502, "maxspeed_kmh": 100.0}}, {"type": "Feature", "geometry": {"type": "LineString", "coordinates": [[6.7372137, 60.6776725], [6.7367241, 60.677741], [6.7363433, 60.6777901], [6.7357348, 60.6778584], [6.7354421, 60.6778878], [6.735003, 60.6779278], [6.7347591, 60.6779472], [6.7344745, 60.6779691], [6.734142, 60.6779898], [6.7338307, 60.678007], [6.7336703, 60.6780156]]}, "properties": {"electrified": "contact_line", "frequency": "16.67", "gauge": "1435", "maxspeed": "100", "name": "Bergensbanen", "operator": "Bane NOR", "passenger_lines": "1", "railway": "rail", "usage": "main", "voltage": "15000", "length_km": 0.198, "maxspeed_kmh": 100.0}}, {"type": "Feature", "geometry": {"type": "LineString", "coordinates": [[6.8424889, 60.695576], [6.8423532, 60.6954357]]}, "properties": {"electrified": "contact_line", "frequency": "16.67", "gauge": "1435", "maxspeed": "60", "name": "Bergensbanen", "operator": "Bane NOR", "passenger_lines": "1", "railway": "rail", "tunnel": "avalanche_protector", "usage": "main", "voltage": "15000", "length_km": 0.017, "maxspeed_kmh": 60.0}}, {"type": "Feature", "geometry": {"type": "LineString", "coordinates": [[6.835293, 60.6913663], [6.8349284, 60.6910768], [6.8347015, 60.6908741], [6.834515, 60.6906961], [6.8341753, 60.690341], [6.833374, 60.6894731], [6.8332048, 60.6893039], [6.8330647, 60.6891791], [6.8328664, 60.6890251], [6.8327547, 60.6889504], [6.8325586, 60.6888323], [6.8322971, 60.6886953], [6.8321458, 60.6886276], [6.8319281, 60.688539], [6.831769, 60.6884811], [6.8314879, 60.6883903], [6.8312939, 60.6883366], [6.8309919, 60.6882645]]}, "properties": {"electrified": "contact_line", "frequency": "16.67", "gauge": "1435", "maxspeed": "60", "name": "Bergensbanen", "operator": "Bane NOR", "passenger_lines": "1", "railway": "rail", "usage": "main", "voltage": "15000", "length_km": 0.428, "maxspeed_kmh": 60.0}}, {"type": "Feature", "geometry": {"type": "LineString", "coordinates": [[7.1212825, 60.7333249], [7.1211415, 60.7332737], [7.1210027, 60.7332296], [7.1207045, 60.7331409]]}, "properties": {"electrified": "contact_line", "frequency": "16.67", "gauge": "1435", "maxspeed": "50", "name": "Bergensbanen", "operator": "Bane NOR", "passenger_lines": "2", "railway": "rail", "usage": "main", "voltage": "15000", "length_km": 0.038, "maxspeed_kmh": 50.0}}, {"type": "Feature", "geometry": {"type": "LineString", "coordinates": [[8.5594459, 60.6257604], [8.5587271, 60.6255568], [8.558123, 60.6253813], [8.5580882, 60.6253712], [8.5578956, 60.625315], [8.5576209, 60.6252406], [8.5574326, 60.6251946], [8.5573208, 60.625168], [8.5570722, 60.6251095]]}, "properties": {"electrified": "contact_line", "frequency": "16.67", "gauge": "1435", "maxspeed": "40", "name": "Bergensbanen", "railway": "rail", "service": "siding", "voltage": "15000", "length_km": 0.149, "maxspeed_kmh": 40.0}}, {"type": "Feature", "geometry": {"type": "LineString", "coordinates": [[8.5596794, 60.6256781], [8.5581163, 60.6253374], [8.5578346, 60.6252754], [8.557325, 60.6251645], [8.5570722, 60.6251095]]}, "properties": {"electrified": "contact_line", "frequency": "16.67", "gauge": "1435", "maxspeed": "90", "name": "Bergensbanen", "operator": "Bane NOR", "railway": "rail", "usage": "main", "voltage": "15000", "length_km": 0.156, "maxspeed_kmh": 90.0}}, {"type": "Feature", "geometry": {"type": "LineString", "coordinates": [[7.1227429, 60.7363419], [7.1227935, 60.7361913], [7.1229991, 60.7355791], [7.1230545, 60.7353564], [7.1230668, 60.7352827], [7.1230744, 60.735222]]}, "properties": {"electrified": "contact_line", "frequency": "16.67", "gauge": "1435", "maxspeed": "50", "name": "Bergensbanen", "operator": "Bane NOR", "passenger_lines": "2", "railway": "rail", "usage": "main", "voltage": "15000", "length_km": 0.126, "maxspeed_kmh": 50.0}}]}