{"type": "FeatureCollection", "features": [{"type": "Feature", "geometry": {"type": "LineString", "coordinates": [[10.2788442, 63.2827156], [10.277119, 63.2840146], [10.276791, 63.2842621], [10.2741409, 63.2862425], [10.2740642, 63.2862997]]}, "properties": {"electrified": "contact_line", "frequency": "16.67", "gauge": "1435", "maxspeed": "130", "name": "Dovrebanen", "operator": "Bane NOR", "passenger_lines": "1", "railway": "rail", "usage": "main", "voltage": "15000", "length_km": 0.466, "maxspeed_kmh": 130.0}}, {"type": "Feature", "geometry": {"type": "LineString", "coordinates": [[10.3942298, 63.4358911], [10.3947187, 63.4360257], [10.3951317, 63.436136], [10.3954321, 63.4362032], [10.3956548, 63.43625], [10.3959052, 63.4362939], [10.3961367, 63.4363314], [10.3963613, 63.43636], [10.3966753, 63.4363948], [10.3968998, 63.4364136], [10.3980694, 63.4365032]]}, "properties": {"electrified": "contact_line", "frequency": "16.67", "gauge": "1435", "maxspeed": "30", "name": "Dovrebanen", "operator": "Bane NOR", "passenger_lines": "5", "railway": "rail", "usage": "main", "voltage": "15000", "length_km": 0.206, "maxspeed_kmh": 30.0}}, {"type": "Feature", "geometry": {"type": "LineString", "coordinates": [[10.373057, 63.4296372], [10.3732957, 63.4297779], [10.3737139, 63.43], [10.3741582, 63.4302109], [10.3747059, 63.4304412]]}, "properties": {"electrified": "contact_line", "frequency": "16.67", "gauge": "1435", "maxspeed": "40", "name": "Dovrebanen", "operator": "Bane NOR", "passenger_lines": "2", "railway": "rail", "tunnel": "yes", "usage": "main", "voltage": "15000", "length_km": 0.122, "maxspeed_kmh": 40.0}}, {"type": "Feature", "geometry": {"type": "LineString", "coordinates": [[10.3747059, 63.4304412], [10.3750425, 63.4305661], [10.3753637, 63.4306676], [10.3754785, 63.4306995]]}, "properties": {"electrified": "contact_line", "frequency": "16.67", "gauge": "1435", "maxspeed": "40", "name": "Dovrebanen", "operator": "Bane NOR", "passenger_lines": "2", "railway": "rail", "usage": "main", "voltage": "15000", "length_km": 0.048, "maxspeed_kmh": 40.0}}, {"type": "Feature", "geometry": {"type": "LineString", "coordinates": [[10.3792779, 63.4316084], [10.3802711, 63.4318503]]}, "properties": {"bridge": "movable", "electrified": "contact_line", "frequency": "16.67", "gauge": "1435", "maxspeed": "30", "name": "Dovrebanen", "operator": "Bane NOR", "passenger_lines": "2", "railway": "rail", "usage": "main", "voltage": "15000", "length_km": 0.056, "maxspeed_kmh": 30.0}}, {"type": "Feature", "geometry": {"type": "LineString", "coordinates": [[10.3802711, 63.4318503], [10.3804359, 63.4318871], [10.3807078, 63.4319522]]}, "properties": {"electrified": "contact_line", "frequency": "16.67", "gauge": "1435", "maxspeed": "30", "name": "Dovrebanen", "operator": "Bane NOR", "passenger_lines": "2", "railway": "rail", "usage": "main", "voltage": "15000", "length_km": 0.025, "maxspeed_kmh": 30.0}}, {"type": "Feature", "geometry": {"type": "LineString", "coordinates": [[10.3929273, 63.4355313], [10.3922271, 63.4353336]]}, "properties": {"bridge": "yes", "electrified": "contact_line", "frequency": "16.67", "gauge": "1435", "maxspeed": "30", "name": "Dovrebanen", "operator": "Bane NOR", "passenger_lines": "2", "railway": "rail", "usage": "main", "voltage": "15000", "length_km": 0.041, "maxspeed_kmh": 30.0}}, {"type": "Feature", "geometry": {"type": "LineString", "coordinates": [[9.5383492, 61.7681421], [9.5383363, 61.7692015]]}, "properties": {"bridge": "yes", "electrified": "contact_line", "frequency": "16.67", "gauge": "1435", "maxspeed": "95", "name": "Dovrebanen", "operator": "Bane NOR", "passenger_lines": "1", "railway": "rail", "usage": "main", "voltage": "15000", "length_km": 0.118, "maxspeed_kmh": 95.0}}, {"type": "Feature", "geometry": {"type": "LineString", "coordinates": [[9.2661446, 61.9573871], [9.2657649, 61.9579171], [9.2654381, 61.9583871]]}, "properties": {"bridge": "yes", "electrified": "contact_line", "frequency": "16.67", "gauge": "1435", "maxspeed": "70", "name": "Dovrebanen", "operator": "Bane NOR", "railway": "rail", "usage": "main", "voltage": "15000", "length_km": 0.118, "maxspeed_kmh": 70.0}}, {"type": "Feature", "geometry": {"type": "LineString", "coordinates": [[9.2537992, 61.966456], [9.2537646, 61.9667091], [9.2535919, 61.9685057], [9.2535434, 61.9690947], [9.253401, 61.9705346], [9.2532712, 61.9719758], [9.2532129, 61.9725575], [9.2531529, 61.9732741], [9.2531435, 61.9737331], [9.253157, 61.9739807], [9.2532093, 61.9743999], [9.2532392, 61.9745767], [9.2532999, 61.9748461], [9.2533334, 61.9749724], [9.2533689, 61.9751044], [9.2534977, 61.9754958], [9.2536931, 61.9760279], [9.2539508, 61.976643], [9.2542383, 61.9772656], [9.2543821, 61.97755], [9.2546236, 61.9779774], [9.2549265, 61.9784379], [9.2550406, 61.9785922], [9.2553119, 61.9789353], [9.2554899, 61.9791397], [9.2558489, 61.9795171], [9.2560479, 61.9797169], [9.2560887, 61.9797529], [9.2565624, 61.98024]]}, "properties": {"electrified": "contact_line", "frequency": "16.67", "gauge": "1435", "maxspeed": "120", "name": "Dovrebanen", "operator": "Bane NOR", "passenger_lines": "1", "railway": "rail", "usage": "main", "voltage": "15000", "length_km": 1.566, "maxspeed_kmh": 120.0}}, {"type": "Feature", "geometry": {"type": "LineString", "coordinates": [[9.1269961, 62.0706828], [9.127, 62.0706909]]}, "properties": {"electrified": "contact_line", "frequency": "16.67", "gauge": "1435", "maxspeed": "85", "name": "Dovrebanen", "operator": "Bane NOR", "passenger_lines": "1", "railway": "rail", "usage": "main", "voltage": "15000", "length_km": 0.001, "maxspeed_kmh": 85.0}}, {"type": "Feature", "geometry": {"type": "LineString", "coordinates": [[9.1364019, 62.0814671], [9.1368602, 62.082387], [9.1370329, 62.0826769], [9.1372245, 62.0829359], [9.1373108, 62.0830403], [9.1374866, 62.0832321], [9.1376901, 62.0834314], [9.1378489, 62.0835727], [9.1380445, 62.0837306], [9.1381889, 62.0838409], [9.1385323, 62.0840757], [9.1388729, 62.0842838], [9.1390351, 62.084375], [9.139402, 62.0845682], [9.1395994, 62.0846661], [9.1399297, 62.0848133], [9.1403442, 62.0849839], [9.1405381, 62.0850573], [9.1410386, 62.0852307], [9.1420573, 62.0855492], [9.1424113, 62.0856668], [9.1427579, 62.0857971], [9.1429948, 62.0858984], [9.1431389, 62.0859664], [9.1433531, 62.086077], [9.1435606, 62.0861976], [9.1437387, 62.0863144], [9.1439295, 62.0864542], [9.1440085, 62.0865192], [9.1441239, 62.086618]]}, "properties": {"electrified": "contact_line", "frequency": "16.67", "gauge": "1435", "maxspeed": "85", "name": "Dovrebanen", "operator": "Bane NOR", "passenger_lines": "1", "railway": "rail", "usage": "main", "voltage": "15000", "length_km": 0.726, "maxspeed_kmh": 85.0}}, {"type": "Feature", "geometry": {"type": "LineString", "coordinates": [[9.0885989, 62.1153915], [9.0888413, 62.1155019], [9.0893393, 62.1156703], [9.0896249, 62.1157534], [9.0899024, 62.1158198], [9.0902192, 62.1158797], [9.0905356, 62.1159272], [9.0909033, 62.115973], [9.0912181, 62.1159988], [9.0914974, 62.1160146], [9.0921431, 62.1160245], [9.0924742, 62.1160198], [9.0927569, 62.116011], [9.0931294, 62.1159839], [9.0934645, 62.1159463], [9.0937438, 62.1159054], [9.0940047, 62.1158597], [9.0942703, 62.1158041], [9.0948423, 62.1156615], [9.0951039, 62.1155806], [9.0955972, 62.115409], [9.0958701, 62.1152907], [9.0961171, 62.1151663], [9.0963247, 62.115042], [9.0965056, 62.1149181], [9.0966732, 62.1147818], [9.0968148, 62.1146518], [9.0969428, 62.1145096], [9.0970449, 62.1143797], [9.0972384, 62.1140591], [9.097313, 62.1138943], [9.0973957, 62.1136392], [9.0975923, 62.1131567], [9.0977414, 62.1129081], [9.0978738, 62.1127319], [9.0979382, 62.1126761], [9.0980151, 62.1125896], [9.0980996, 62.1125063], [9.0983117, 62.1123418], [9.0984607, 62.1122461]]}, "properties": {"electrified": "contact_line", "frequency": "16.67", "gauge": "1435", "maxspeed": "80", "name": "Dovrebanen", "operator": "Bane NOR", "passenger_lines": "1", "railway": "rail", "tunnel": "yes", "usage": "main", "voltage": "15000", "length_km": 0.792, "maxspeed_kmh": 80.0}}, {"type": "Feature", "geometry": {"type": "LineString", "coordinates": [[9.1031324, 62.1110859], [9.1052235, 62.1109822], [9.105872, 62.1109442], [9.1064021, 62.1109064], [9.1069616, 62.1108607], [9.1075123, 62.1108083], [9.1080188, 62.1107547], [9.1087834, 62.1106629], [9.1096887, 62.1105366], [9.1103824, 62.110426], [9.1108433, 62.1103477], [9.1117913, 62.1101723], [9.1126384, 62.1100099], [9.1135751, 62.1098252], [9.114269, 62.1096839], [9.1155072, 62.1094221], [9.1163959, 62.1092268], [9.1171999, 62.1090443], [9.1185945, 62.1087138], [9.1194988, 62.1084902], [9.1201245, 62.1083309], [9.1205056, 62.1082312], [9.1213494, 62.1080009], [9.1222428, 62.1077469], [9.1231235, 62.1074804], [9.1237023, 62.1073007], [9.1247662, 62.1069532], [9.1286543, 62.1056469], [9.1321564, 62.1044701], [9.1384234, 62.1023641], [9.1417124, 62.1012588], [9.1424003, 62.1010225], [9.1429155, 62.1008386], [9.1435073, 62.1006176], [9.1443341, 62.1002941], [9.1447847, 62.1001101], [9.1453481, 62.0998719], [9.146061, 62.0995553], [9.1464834, 62.0993603], [9.147281, 62.0989735], [9.1481531, 62.0985258], [9.1486752, 62.0982411], [9.1494157, 62.0978173], [9.150177, 62.0973608]]}, "properties": {"electrified": "contact_line", "frequency": "16.67", "gauge": "1435", "maxspeed": "130", "name": "Dovrebanen", "operator": "Bane NOR", "passenger_lines": "1", "railway": "rail", "usage": "main", "voltage": "15000", "length_km": 2.947, "maxspeed_kmh": 130.0}}, {"type": "Feature", "geometry": {"type": "LineString", "coordinates": [[9.6181997, 62.3294451], [9.6188411, 62.3384697]]}, "properties": {"electrified": "contact_line", "frequency": "16.67", "gauge": "1435", "maxspeed": "100", "name": "Dovrebanen", "operator": "Bane NOR", "passenger_lines": "1", "railway": "rail", "tunnel": "yes", "usage": "main", "voltage": "15000", "length_km": 1.007, "maxspeed_kmh": 100.0}}, {"type": "Feature", "geometry": {"type": "LineString", "coordinates": [[9.6360478, 62.3743372], [9.6360632, 62.3744299], [9.6360681, 62.374546], [9.6360622, 62.3746569], [9.6360442, 62.3747764], [9.6360107, 62.3749097], [9.635957, 62.3750584], [9.635922, 62.3751317], [9.6358849, 62.3752043], [9.6357856, 62.3753552], [9.6357049, 62.375469], [9.6356112, 62.375588], [9.6353277, 62.3759238], [9.6351488, 62.3761493], [9.6350083, 62.3763584], [9.6349414, 62.3764883], [9.6348854, 62.3766182], [9.6348461, 62.3767502], [9.6348213, 62.3768663], [9.6348098, 62.3769723], [9.6348065, 62.377074], [9.6348155, 62.377196], [9.6348527, 62.3773858], [9.6348842, 62.3774862], [9.6349841, 62.3777098], [9.6350537, 62.3778224], [9.6351916, 62.3780157]]}, "properties": {"electrified": "contact_line", "frequency": "16.67", "gauge": "1435", "maxspeed": "80", "name": "Dovrebanen", "operator": "Bane NOR", "passenger_lines": "1", "railway": "rail", "usage": "main", "voltage": "15000", "length_km": 0.422, "maxspeed_kmh": 80.0}}, {"type": "Feature", "geometry": {"type": "LineString", "coordinates": [[9.6188655, 62.3387917], [9.618884, 62.3390709], [9.6188691, 62.3394074], [9.6188233, 62.3396774], [9.6187882, 62.3398118], [9.6187475, 62.3399428], [9.6186835, 62.340104], [9.6186172, 62.3402339], [9.6185404, 62.3403623], [9.6184556, 62.3404803], [9.6182943, 62.3406638], [9.6182023, 62.3407549], [9.6180926, 62.3408536], [9.6179341, 62.3409778], [9.6176141, 62.3412005], [9.6168818, 62.3416686], [9.6166228, 62.341854], [9.6165301, 62.3419276], [9.6163076, 62.3421337], [9.6161553, 62.3423075], [9.616065, 62.3424297], [9.6159817, 62.3425672], [9.615894, 62.3427496], [9.6158395, 62.3429256], [9.6158159, 62.343121], [9.6158173, 62.3432896], [9.6158548, 62.3434776]]}, "properties": {"electrified": "contact_line", "frequency": "16.67", "gauge": "1435", "maxspeed": "85", "name": "Dovrebanen", "operator": "Bane NOR", "passenger_lines": "1", "railway": "rail", "usage": "main", "voltage": "15000", "length_km": 0.56, "maxspeed_kmh": 85.0}}, {"type": "Feature", "geometry": {"type": "LineString", "coordinates": [[9.6158548, 62.3434776], [9.6158872, 62.3436027], [9.6159551, 62.3437794], [9.6160754, 62.3439966], [9.6161994, 62.3441665], [9.6163475, 62.3443323], [9.6165189, 62.3444931], [9.6166133, 62.3445715], [9.6167653, 62.3446861], [9.6169865, 62.3448332], [9.6172919, 62.3450069], [9.617558, 62.345137], [9.6178423, 62.3452585], [9.6181431, 62.345371], [9.6184595, 62.3454739], [9.6187899, 62.3455668], [9.6191323, 62.3456499], [9.619482, 62.3457259], [9.620543, 62.3459423], [9.6208898, 62.3460212], [9.6211439, 62.3460859], [9.6212249, 62.3461088]]}, "properties": {"electrified": "contact_line", "frequency": "16.67", "gauge": "1435", "maxspeed": "85", "name": "Dovrebanen", "operator": "Bane NOR", "passenger_lines": "1", "railway": "rail", "tunnel": "yes", "usage": "main", "voltage": "15000", "length_km": 0.429, "maxspeed_kmh": 85.0}}, {"type": "Feature", "geometry": {"type": "LineString", "coordinates": [[9.6227249, 62.3467167], [9.6229031, 62.3468216], [9.6238598, 62.3474644], [9.6242293, 62.3477005], [9.624535, 62.3478816], [9.6248417, 62.3480513], [9.6250966, 62.3481852], [9.625489, 62.3483785], [9.6258384, 62.3485378], [9.6262796, 62.3487254], [9.6275895, 62.3492357], [9.6277865, 62.3493191], [9.6280006, 62.3494183], [9.6282867, 62.3495605], [9.6285261, 62.3496942], [9.6288052, 62.3498668], [9.6290615, 62.3500498], [9.6292547, 62.3502035], [9.6294264, 62.3503565], [9.6296268, 62.3505636], [9.629778, 62.3507472], [9.6299293, 62.3509738], [9.6300852, 62.351289], [9.6301569, 62.3515107], [9.6302031, 62.351796], [9.6302008, 62.3520746], [9.6301372, 62.3523961], [9.6299996, 62.352742]]}, "properties": {"electrified": "contact_line", "frequency": "16.67", "gauge": "1435", "maxspeed": "95", "name": "Dovrebanen", "operator": "Bane NOR", "passenger_lines": "1", "railway": "rail", "usage": "main", "voltage": "15000", "length_km": 0.811, "maxspeed_kmh": 95.0}}, {"type": "Feature", "geometry": {"type": "LineString", "coordinates": [[9.6281916, 62.3562253], [9.6281635, 62.3563259], [9.6281096, 62.356594], [9.6280667, 62.3569076], [9.628047, 62.3571766], [9.6280432, 62.3574459], [9.6280586, 62.35776], [9.628089, 62.3580289], [9.6281352, 62.3582973], [9.628197, 62.358565], [9.6282891, 62.3588763], [9.6284178, 62.3592303], [9.6307573, 62.3650995], [9.6310159, 62.3657163], [9.6313071, 62.3663298], [9.6314648, 62.3666353], [9.6316798, 62.3670267], [9.6318823, 62.3673732], [9.6321503, 62.3678043], [9.632494, 62.3683187], [9.6329344, 62.3689393]]}, "properties": {"electrified": "contact_line", "frequency": "16.67", "gauge": "1435", "maxspeed": "130", "name": "Dovrebanen", "operator": "Bane NOR", "passenger_lines": "1", "railway": "rail", "tunnel": "yes", "usage": "main", "voltage": "15000", "length_km": 1.445, "maxspeed_kmh": 130.0}}, {"type": "Feature", "geometry": {"type": "LineString", "coordinates": [[9.6329344, 62.3689393], [9.6332116, 62.3693297], [9.6335129, 62.3697691], [9.6340043, 62.3705129], [9.6342691, 62.3709271], [9.6344903, 62.3712879], [9.6347782, 62.3717739], [9.6352626, 62.3726364], [9.635562, 62.3731984], [9.6358126, 62.37369], [9.6359305, 62.3739437], [9.636021, 62.3742111], [9.6360478, 62.3743372]]}, "properties": {"electrified": "contact_line", "frequency": "16.67", "gauge": "1435", "maxspeed": "130", "name": "Dovrebanen", "operator": "Bane NOR", "passenger_lines": "1", "railway": "rail", "usage": "main", "voltage": "15000", "length_km": 0.624, "maxspeed_kmh": 130.0}}, {"type": "Feature", "geometry": {"type": "LineString", "coordinates": [[9.6346597, 62.3927467], [9.6346825, 62.3929518], [9.6346885, 62.3931564], [9.634662, 62.3933605], [9.6346105, 62.3935636], [9.6345343, 62.3937649], [9.6344333, 62.3939639], [9.6343078, 62.3941599], [9.6341586, 62.3943522], [9.6339766, 62.3945498], [9.6338189, 62.3947072]]}, "properties": {"electrified": "contact_line", "frequency": "16.67", "gauge": "1435", "maxspeed": "80", "name": "Dovrebanen", "operator": "Bane NOR", "passenger_lines": "1", "railway": "rail", "tunnel": "yes", "usage": "main", "voltage": "15000", "length_km": 0.226, "maxspeed_kmh": 80.0}}, {"type": "Feature", "geometry": {"type": "LineString", "coordinates": [[9.6338189, 62.3947072], [9.6336305, 62.3948972], [9.6330999, 62.3954731], [9.6330051, 62.3955943], [9.6328137, 62.3958828], [9.6326259, 62.3962973], [9.632582, 62.3964809], [9.6325619, 62.3966009], [9.6325512, 62.3969135], [9.632573, 62.397166], [9.6326654, 62.3977665], [9.6326883, 62.3979897], [9.6326925, 62.3982016], [9.6326784, 62.3983847], [9.6326342, 62.3986073], [9.6325914, 62.3987461], [9.6325421, 62.3988681], [9.6324117, 62.3991391], [9.6321708, 62.3995801]]}, "properties": {"electrified": "contact_line", "frequency": "16.67", "gauge": "1435", "maxspeed": "80", "name": "Dovrebanen", "operator": "Bane NOR", "passenger_lines": "1", "railway": "rail", "usage": "main", "voltage": "15000", "length_km": 0.558, "maxspeed_kmh": 80.0}}, {"type": "Feature", "geometry": {"type": "LineString", "coordinates": [[9.6321708, 62.3995801], [9.6320735, 62.3998267], [9.6320258, 62.4001164], [9.632017, 62.4004427], [9.6320635, 62.4007656], [9.632191, 62.401054], [9.6324, 62.4013567], [9.6326814, 62.4016372]]}, "properties": {"electrified": "contact_line", "frequency": "16.67", "gauge": "1435", "maxspeed": "80", "name": "Dovrebanen", "operator": "Bane NOR", "passenger_lines": "1", "railway": "rail", "tunnel": "yes", "usage": "main", "voltage": "15000", "length_km": 0.236, "maxspeed_kmh": 80.0}}, {"type": "Feature", "geometry": {"type": "LineString", "coordinates": [[9.6346409, 62.4039269], [9.6346909, 62.4041138], [9.6347551, 62.4044059], [9.6348658, 62.40501], [9.6349459, 62.4056381], [9.6349862, 62.4062247], [9.6350017, 62.4066926], [9.6349917, 62.4072369], [9.634975, 62.4075442], [9.6349443, 62.4079391], [9.6349005, 62.4083216], [9.6347293, 62.4094289], [9.6346793, 62.4098004], [9.6346423, 62.4102376], [9.6346301, 62.4105017], [9.6346278, 62.4107589], [9.6346381, 62.4111641], [9.6346688, 62.4115712], [9.6347059, 62.4118701], [9.6347843, 62.4123477], [9.6348743, 62.4127984]]}, "properties": {"electrified": "contact_line", "frequency": "16.67", "gauge": "1435", "maxspeed": "120", "name": "Dovrebanen", "operator": "Bane NOR", "passenger_lines": "1", "railway": "rail", "usage": "main", "voltage": "15000", "length_km": 0.991, "maxspeed_kmh": 120.0}}, {"type": "Feature", "geometry": {"type": "LineString", "coordinates": [[9.5772578, 62.4486127], [9.5770316, 62.448708], [9.5766233, 62.4488894], [9.5762382, 62.4490816], [9.5758782, 62.4492838], [9.5755443, 62.4494954], [9.5752377, 62.4497157], [9.5749593, 62.449944], [9.5747102, 62.4501794], [9.574491, 62.450421], [9.5743029, 62.4506682], [9.5741461, 62.4509201], [9.5740213, 62.4511758], [9.573929, 62.4514344], [9.5738695, 62.4516951], [9.5738429, 62.4519569], [9.5738108, 62.4527813]]}, "properties": {"electrified": "contact_line", "frequency": "16.67", "gauge": "1435", "maxspeed": "95", "name": "Dovrebanen", "operator": "Bane NOR", "passenger_lines": "1", "railway": "rail", "tunnel": "yes", "usage": "main", "voltage": "15000", "length_km": 0.517, "maxspeed_kmh": 95.0}}, {"type": "Feature", "geometry": {"type": "LineString", "coordinates": [[9.6139538, 62.5274953], [9.6145583, 62.5278709], [9.6152334, 62.5282703], [9.6157253, 62.5285517], [9.6161387, 62.5287821], [9.6164881, 62.5289702], [9.6172607, 62.5293705], [9.6176844, 62.5295695], [9.6178978, 62.5296588], [9.6181198, 62.5297445], [9.6183266, 62.5298169], [9.6185264, 62.5298809], [9.6188369, 62.5299688], [9.6191422, 62.5300441], [9.6193407, 62.5300877], [9.6195303, 62.5301239]]}, "properties": {"electrified": "contact_line", "frequency": "16.67", "gauge": "1435", "maxspeed": "85", "name": "Dovrebanen", "operator": "Bane NOR", "passenger_lines": "1", "railway": "rail", "usage": "main", "voltage": "15000", "length_km": 0.415, "maxspeed_kmh": 85.0}}, {"type": "Feature", "geometry": {"type": "LineString", "coordinates": [[9.9834555, 62.7228471], [9.9837041, 62.7228497], [9.9899191, 62.7227552], [9.9927956, 62.7228003], [9.9936694, 62.7228443], [9.9943931, 62.7229551], [9.99515, 62.7232204], [9.9956775, 62.7235602], [9.9962228, 62.7239776], [9.9966818, 62.7244523]]}, "properties": {"electrified": "contact_line", "frequency": "16.67", "gauge": "1435", "maxspeed": "85", "name": "Dovrebanen", "operator": "Bane NOR", "passenger_lines": "1", "railway": "rail", "tunnel": "yes", "usage": "main", "voltage": "15000", "length_km": 0.77, "maxspeed_kmh": 85.0}}, {"type": "Feature", "geometry": {"type": "LineString", "coordinates": [[9.9966818, 62.7244523], [9.9968426, 62.7247318]]}, "properties": {"electrified": "contact_line", "frequency": "16.67", "gauge": "1435", "maxspeed": "85", "name": "Dovrebanen", "operator": "Bane NOR", "passenger_lines": "1", "railway": "rail", "usage": "main", "voltage": "15000", "length_km": 0.032, "maxspeed_kmh": 85.0}}, {"type": "Feature", "geometry": {"type": "LineString", "coordinates": [[9.9964587, 62.7287617], [9.9958035, 62.7291317], [9.9954163, 62.7293646], [9.9951011, 62.729579], [9.9949194, 62.729714], [9.9947395, 62.7298603], [9.9945306, 62.7300471], [9.9944313, 62.7301438], [9.9942168, 62.7303667], [9.9937437, 62.7308911], [9.993575, 62.7310689], [9.9932786, 62.7313619], [9.9931204, 62.7315073], [9.9928987, 62.731701], [9.9925183, 62.7320116], [9.9914498, 62.7328275], [9.9910051, 62.7331845], [9.9908015, 62.7333559], [9.990531, 62.7335993], [9.9902748, 62.7338482], [9.9900672, 62.734063], [9.989808, 62.7343526], [9.9895644, 62.7346542], [9.989419, 62.7348481], [9.9892937, 62.7350262], [9.989115, 62.7353053], [9.9889819, 62.7355336], [9.9888794, 62.7357316], [9.9887148, 62.7360873], [9.9885711, 62.736466], [9.9884469, 62.7368839], [9.9883081, 62.7374438], [9.9882482, 62.7376543], [9.9881227, 62.7380109], [9.9880095, 62.7382458], [9.9879068, 62.7384224], [9.9877858, 62.7385968], [9.9876382, 62.7387834], [9.9874736, 62.7389638], [9.9873831, 62.739057], [9.9870881, 62.7393237], [9.9868866, 62.7394841], [9.9865432, 62.7397374], [9.9848847, 62.740908], [9.9846612, 62.7410717], [9.9843101, 62.7413537], [9.9840037, 62.7416318], [9.9838649, 62.741774], [9.9836046, 62.7420732], [9.9833835, 62.7423736], [9.9833071, 62.742496], [9.9831279, 62.7428325], [9.9830552, 62.7430238], [9.9829785, 62.7432616], [9.9829442, 62.7434081], [9.9829158, 62.7435836], [9.9828924, 62.7438492], [9.9829003, 62.7441168], [9.9829117, 62.744224], [9.9829516, 62.7444405], [9.983009, 62.7446371], [9.983127, 62.7449248], [9.9832259, 62.745115], [9.9833805, 62.7453727], [9.983721, 62.7458712], [9.9839323, 62.7462009], [9.9840582, 62.7464204], [9.9841652, 62.7466478], [9.9842421, 62.746849]]}, "properties": {"electrified": "contact_line", "frequency": "16.67", "gauge": "1435", "maxspeed": "110", "name": "Dovrebanen", "operator": "Bane NOR", "passenger_lines": "1", "railway": "rail", "usage": "main", "voltage": "15000", "length_km": 2.188, "maxspeed_kmh": 110.0}}, {"type": "Feature", "geometry": {"type": "LineString", "coordinates": [[10.1539287, 62.9255433], [10.1536846, 62.9260194]]}, "properties": {"bridge": "yes", "electrified": "contact_line", "frequency": "16.67", "gauge": "1435", "maxspeed": "75", "name": "Dovrebanen", "operator": "Bane NOR", "passenger_lines": "1", "railway": "rail", "usage": "main", "voltage": "15000", "length_km": 0.055, "maxspeed_kmh": 75.0}}, {"type": "Feature", "geometry": {"type": "LineString", "coordinates": [[10.1536846, 62.9260194], [10.1536216, 62.9261442], [10.1535639, 62.9262859], [10.1535384, 62.9263798], [10.1535193, 62.9264684], [10.1535042, 62.9265712], [10.1534991, 62.9266487], [10.1535022, 62.9267418], [10.1535128, 62.9268288], [10.1535304, 62.9269136], [10.1535552, 62.9269954], [10.1535867, 62.9270781], [10.1536245, 62.9271594], [10.153671, 62.9272431], [10.1537407, 62.9273477], [10.1538207, 62.9274486], [10.1539186, 62.9275551], [10.1540165, 62.9276509], [10.1540997, 62.9277224], [10.1541859, 62.9277921], [10.1543843, 62.927933], [10.1545662, 62.9280445], [10.1548146, 62.9281764], [10.1550846, 62.9282991], [10.1553282, 62.9283937], [10.1555832, 62.9284817], [10.1558387, 62.928559], [10.1560951, 62.9286257], [10.1564777, 62.9287105], [10.1566552, 62.9287439], [10.1570374, 62.928803], [10.1574703, 62.9288517], [10.1576587, 62.9288675], [10.1578863, 62.9288811], [10.1581028, 62.9288909], [10.1585089, 62.9289018], [10.1595474, 62.9289135], [10.1599207, 62.9289241], [10.1601968, 62.9289382], [10.1607034, 62.9289774], [10.1609511, 62.9290039], [10.1611797, 62.9290335], [10.1616432, 62.9291075], [10.1620669, 62.9291882], [10.1627697, 62.9293309], [10.1631306, 62.9293975], [10.1633163, 62.9294279], [10.1635363, 62.929461], [10.1637321, 62.9294852], [10.1639198, 62.9295052], [10.1641318, 62.9295227], [10.1643355, 62.9295362], [10.1647693, 62.9295482], [10.1652024, 62.9295431], [10.1654586, 62.9295314], [10.1656859, 62.9295162], [10.1661482, 62.929472], [10.1674559, 62.9293132], [10.1676781, 62.9292902], [10.1679227, 62.9292697], [10.1683702, 62.9292436], [10.1685612, 62.9292366], [10.1688222, 62.9292312], [10.1693178, 62.9292328], [10.1698627, 62.9292488], [10.1701957, 62.9292633], [10.1704854, 62.9292807], [10.1710735, 62.9293234], [10.1716658, 62.9293778], [10.172267, 62.9294444], [10.1726782, 62.9294957], [10.1731082, 62.9295557], [10.1736499, 62.9296397], [10.1742395, 62.9297432], [10.1748477, 62.9298655], [10.1752367, 62.9299581], [10.1755863, 62.9300551], [10.1758864, 62.9301517], [10.1760854, 62.9302226], [10.1764357, 62.9303663], [10.1766529, 62.9304667], [10.1769338, 62.9306141], [10.177051, 62.9306835], [10.1773141, 62.930857], [10.177563, 62.9310415], [10.1778501, 62.9312666], [10.1781921, 62.931525], [10.1785597, 62.9317719], [10.1789427, 62.9319983], [10.1797859, 62.9324598], [10.1800069, 62.9325863], [10.1802249, 62.9327223], [10.1803444, 62.932803], [10.1805854, 62.9329823], [10.1807322, 62.9331057], [10.1808561, 62.9332253]]}, "properties": {"electrified": "contact_line", "frequency": "16.67", "gauge": "1435", "maxspeed": "75", "name": "Dovrebanen", "operator": "Bane NOR", "passenger_lines": "1", "railway": "rail", "usage": "main", "voltage": "15000", "length_km": 1.814, "maxspeed_kmh": 75.0}}, {"type": "Feature", "geometry": {"type": "LineString", "coordinates": [[10.241928, 63.0188917], [10.242852, 63.019112], [10.2438176, 63.0193809], [10.2446035, 63.0196681], [10.2452767, 63.0199626], [10.2457058, 63.0201987], [10.2459446, 63.0203344]]}, "properties": {"electrified": "contact_line", "frequency": "16.67", "gauge": "1435", "maxspeed": "85", "name": "Dovrebanen", "operator": "Bane NOR", "passenger_lines": "1", "railway": "rail", "tunnel": "yes", "usage": "main", "voltage": "15000", "length_km": 0.262, "maxspeed_kmh": 85.0}}, {"type": "Feature", "geometry": {"type": "LineString", "coordinates": [[10.2459446, 63.0203344], [10.2460881, 63.020467], [10.2462637, 63.0206556], [10.2464193, 63.020843], [10.2465534, 63.0210377], [10.2466533, 63.0212059], [10.2467452, 63.0213973], [10.2468149, 63.0215907], [10.2468726, 63.0217933], [10.2469102, 63.0219959], [10.2469209, 63.0221803], [10.2469235, 63.0223269], [10.2469276, 63.0224851], [10.2469155, 63.0227199], [10.2469249, 63.0228957], [10.2469464, 63.0230466], [10.2469718, 63.0231725], [10.2470188, 63.0233143], [10.2470858, 63.0234499], [10.2472159, 63.0236556], [10.2473299, 63.0238022], [10.2474748, 63.0239549], [10.2476209, 63.0240844], [10.2477872, 63.0242055], [10.247983, 63.0243485], [10.2481949, 63.0244805], [10.2485289, 63.0246502], [10.2488507, 63.0247962], [10.2492209, 63.0249416], [10.249642, 63.0250961], [10.2501194, 63.0252756], [10.2504238, 63.0253972], [10.2507269, 63.0255359], [10.2509871, 63.0256722], [10.2511883, 63.0257872], [10.2514914, 63.0259855], [10.2517354, 63.0261655], [10.2520573, 63.0264125], [10.2523376, 63.0266345], [10.2526206, 63.0268444], [10.2528875, 63.0270165], [10.2531195, 63.0271467], [10.2534521, 63.0273152], [10.2538329, 63.0274904], [10.2546751, 63.0278553], [10.2550668, 63.0280062], [10.2555469, 63.0281771], [10.2562577, 63.028401], [10.2569242, 63.0286157], [10.2574459, 63.0287921], [10.2579837, 63.0289885], [10.2585031, 63.0291819]]}, "properties": {"electrified": "contact_line", "frequency": "16.67", "gauge": "1435", "maxspeed": "85", "name": "Dovrebanen", "operator": "Bane NOR", "passenger_lines": "1", "railway": "rail", "usage": "main", "voltage": "15000", "length_km": 1.232, "maxspeed_kmh": 85.0}}, {"type": "Feature", "geometry": {"type": "LineString", "coordinates": [[10.2367079, 63.1140185], [10.2371969, 63.1141116], [10.2382074, 63.1142875], [10.2383321, 63.1143113]]}, "properties": {"bridge": "yes", "electrified": "contact_line", "frequency": "16.67", "gauge": "1435", "maxspeed": "100", "name": "Dovrebanen", "operator": "Bane NOR", "passenger_lines": "1", "railway": "rail", "usage": "main", "voltage": "15000", "length_km": 0.088, "maxspeed_kmh": 100.0}}, {"type": "Feature", "geometry": {"type": "LineString", "coordinates": [[10.2399444, 63.1147539], [10.240171, 63.1148437], [10.2404131, 63.1149522], [10.2406012, 63.1150505], [10.2407905, 63.1151572], [10.2409529, 63.1152559], [10.241324, 63.1155337], [10.2414399, 63.1156338], [10.2416421, 63.1158262], [10.2417391, 63.1159288], [10.241917, 63.1161489], [10.242066, 63.1163646], [10.2424262, 63.1169999], [10.2427527, 63.1176119], [10.2429565, 63.1179744], [10.2430856, 63.1182099], [10.2444474, 63.1207132], [10.2445272, 63.1208736], [10.2445921, 63.121037], [10.2446604, 63.1212792], [10.2446716, 63.1213564], [10.2446807, 63.1214943], [10.2446768, 63.1216124], [10.2446577, 63.1217539], [10.2446405, 63.1218349], [10.2445878, 63.1219929], [10.2445451, 63.1220934], [10.2444958, 63.1221922], [10.2444307, 63.1222975], [10.24428, 63.1225155], [10.2425114, 63.1248506], [10.2423972, 63.1250081], [10.2422331, 63.1252566], [10.2421487, 63.1254205], [10.242086, 63.1255957], [10.2420567, 63.1257228], [10.2420373, 63.1259038], [10.242039, 63.1260286], [10.2420603, 63.1261692], [10.242094, 63.126303], [10.2421419, 63.1264367], [10.2422107, 63.126589], [10.2423778, 63.1269121], [10.2434485, 63.1289099], [10.2436682, 63.1292937], [10.2438152, 63.129513], [10.2439862, 63.1297316], [10.2441839, 63.1299495], [10.24431, 63.1300765], [10.244693, 63.1304349]]}, "properties": {"electrified": "contact_line", "frequency": "16.67", "gauge": "1435", "maxspeed": "85", "name": "Dovrebanen", "operator": "Bane NOR", "passenger_lines": "1", "railway": "rail", "usage": "main", "voltage": "15000", "length_km": 1.837, "maxspeed_kmh": 85.0}}, {"type": "Feature", "geometry": {"type": "LineString", "coordinates": [[10.2872037, 63.057346], [10.2878555, 63.0592079], [10.2879691, 63.0595618], [10.2880713, 63.059946], [10.2881496, 63.0603611], [10.2881892, 63.060684], [10.2882055, 63.0611015], [10.2882028, 63.0613365], [10.2881735, 63.0617161], [10.2881337, 63.0620327], [10.2880867, 63.0623037], [10.2879852, 63.06274], [10.2878804, 63.0630902], [10.2877298, 63.0635072], [10.2875845, 63.0638452], [10.2874149, 63.0641893], [10.2872306, 63.0645159], [10.2871171, 63.0646974], [10.2869974, 63.0648692], [10.2867975, 63.065123], [10.2866097, 63.0653294], [10.2864041, 63.0655347], [10.2860927, 63.0658161], [10.2858961, 63.0659809], [10.2855656, 63.066239], [10.2851105, 63.0665602], [10.2847966, 63.0667662], [10.2842898, 63.0670726], [10.2841409, 63.0671567], [10.2837273, 63.0673585], [10.2834779, 63.0674617], [10.2831948, 63.067568], [10.2829187, 63.0676564], [10.2826476, 63.0677349], [10.2823111, 63.0678179], [10.2819589, 63.067892], [10.28161, 63.0679511], [10.281316, 63.0679931], [10.2810289, 63.0680271], [10.2807306, 63.0680539], [10.2803608, 63.0680791], [10.279677, 63.0681011], [10.2781357, 63.0681244], [10.2761335, 63.0681635], [10.2722385, 63.068275], [10.2716774, 63.0682944], [10.2715868, 63.0682975], [10.2711785, 63.0683154], [10.2705268, 63.0683571], [10.2699266, 63.06841], [10.2693576, 63.0684728], [10.2689808, 63.0685242], [10.2687783, 63.0685512], [10.2681652, 63.0686503], [10.2677608, 63.0687266], [10.2648229, 63.0693236], [10.260511, 63.0702165], [10.2596105, 63.0704141], [10.2588277, 63.0705988], [10.2584315, 63.0707015], [10.2582223, 63.0707616], [10.2578635, 63.0708774], [10.2575345, 63.0709985], [10.2572252, 63.0711306], [10.2570846, 63.0711966], [10.2568042, 63.0713415], [10.2566178, 63.0714516], [10.2564791, 63.0715406], [10.2562109, 63.0717337], [10.256083, 63.0718426], [10.2559546, 63.0719627], [10.255841, 63.0720829], [10.2556971, 63.0722622], [10.2556069, 63.0724021], [10.2555185, 63.0725695], [10.2554565, 63.0727288], [10.2554318, 63.0728219], [10.2553955, 63.0730305], [10.2553916, 63.0731204], [10.2553996, 63.0733523], [10.2554396, 63.0737612], [10.2554473, 63.0739497], [10.2554299, 63.0741475], [10.2554068, 63.074255], [10.2553669, 63.0743802], [10.2553151, 63.0745092], [10.255256, 63.0746278], [10.2550957, 63.074863], [10.2549041, 63.0750882]]}, "properties": {"electrified": "contact_line", "frequency": "16.67", "gauge": "1435", "maxspeed": "75", "name": "Dovrebanen", "operator": "Bane NOR", "passenger_lines": "1", "railway": "rail", "usage": "main", "voltage": "15000", "length_km": 3.078, "maxspeed_kmh": 75.0}}, {"type": "Feature", "geometry": {"type": "LineString", "coordinates": [[10.3002724, 63.2061051], [10.3003863, 63.2064018], [10.3004706, 63.2065787], [10.3005766, 63.2067687], [10.300814, 63.2071178], [10.3010274, 63.2073802], [10.3011984, 63.2075612], [10.301326, 63.2076912]]}, "properties": {"electrified": "contact_line", "frequency": "16.67", "gauge": "1435", "maxspeed": "120", "name": "Dovrebanen", "operator": "Bane NOR", "passenger_lines": "1", "railway": "rail", "usage": "main", "voltage": "15000", "length_km": 0.185, "maxspeed_kmh": 120.0}}, {"type": "Feature", "geometry": {"type": "LineString", "coordinates": [[10.3091167, 63.2113832], [10.3096368, 63.2115953], [10.3099036, 63.2117149], [10.3100871, 63.2118068], [10.3103006, 63.2119277], [10.3104683, 63.2120319], [10.3106231, 63.2121402], [10.3107615, 63.2122454], [10.310909, 63.2123707], [10.3110228, 63.2124812], [10.3111523, 63.2126313], [10.3112378, 63.2127431], [10.311373, 63.2129708], [10.3114304, 63.2131107], [10.3114695, 63.2132353], [10.3114955, 63.2133526], [10.3115522, 63.2137961], [10.3116319, 63.2147474], [10.311653, 63.2148982], [10.3116899, 63.2153116], [10.3116867, 63.2155444], [10.3116719, 63.2156924], [10.3116391, 63.2158344], [10.3115989, 63.215957], [10.3115464, 63.2160705], [10.3114844, 63.2161778], [10.3113696, 63.2163361], [10.311281, 63.2164401], [10.3111219, 63.2166014], [10.3110109, 63.2166983], [10.3107579, 63.2168892], [10.3106155, 63.2169818], [10.3103464, 63.2171363], [10.3101807, 63.2172172], [10.309815, 63.217378], [10.3094377, 63.217515], [10.3091651, 63.2176025], [10.3088859, 63.2176839], [10.3083316, 63.2178318], [10.3070938, 63.2181501], [10.3066557, 63.218273], [10.3063487, 63.2183695], [10.3060673, 63.2184681], [10.3057095, 63.2186148], [10.305559, 63.2186832], [10.3052795, 63.2188265], [10.3050293, 63.2189731], [10.3048327, 63.2191043], [10.3045143, 63.2193448], [10.3038098, 63.2199054], [10.3036001, 63.2200602], [10.3032497, 63.2202926], [10.302967, 63.2204578], [10.3025581, 63.2206652], [10.3023354, 63.2207685], [10.3017898, 63.2209977], [10.3006005, 63.2214736], [10.300119, 63.221678], [10.2997499, 63.2218447], [10.2993624, 63.2220295], [10.2981864, 63.2226196], [10.2977578, 63.2228159], [10.297538, 63.2229108], [10.2972594, 63.22302], [10.2970909, 63.2230826], [10.2966872, 63.2232175], [10.2962501, 63.22335], [10.2960635, 63.2234], [10.2956266, 63.2235089], [10.2946185, 63.22373], [10.2942285, 63.223819], [10.2937657, 63.2239339], [10.2934323, 63.2240309], [10.2931449, 63.2241261], [10.2928761, 63.2242282], [10.292574, 63.2243581], [10.292397, 63.2244448], [10.2922078, 63.2245481], [10.292002, 63.2246718], [10.2918429, 63.2247765], [10.2916513, 63.2249241], [10.2915061, 63.2250445], [10.2913697, 63.2251725], [10.2910595, 63.2255071], [10.2907856, 63.2258262], [10.2905575, 63.2260583], [10.2901991, 63.2263702], [10.2898578, 63.2266143], [10.2892031, 63.2270312], [10.2838531, 63.2303291], [10.283286, 63.2306816], [10.2825635, 63.2311306], [10.2822935, 63.2313075], [10.2820147, 63.2314991], [10.281867, 63.2316102], [10.2814852, 63.2319095], [10.2812675, 63.2320953], [10.2810257, 63.2323205], [10.2809194, 63.232422], [10.2806125, 63.2327418], [10.2804678, 63.2329083], [10.2802153, 63.2332297], [10.2800191, 63.2335119], [10.2799776, 63.2335751], [10.2799007, 63.2337138], [10.2798118, 63.2338918], [10.2797551, 63.2340355], [10.2797111, 63.2341563], [10.2796741, 63.2342963], [10.2796311, 63.2345328], [10.2796139, 63.2347169], [10.2796137, 63.2348848], [10.2796277, 63.235034], [10.2796478, 63.2351475], [10.2797073, 63.2353844], [10.2797738, 63.2355568], [10.2800471, 63.2361905], [10.2800944, 63.2363768], [10.2801139, 63.2364939], [10.2801201, 63.2366301], [10.2801045, 63.2368487], [10.2799734, 63.2374843], [10.2799557, 63.2376342], [10.2799536, 63.2378197], [10.2799669, 63.2379455], [10.2799974, 63.2380822], [10.2800802, 63.2382975], [10.2801625, 63.2384482], [10.2802547, 63.2385823], [10.280357, 63.238709], [10.2805389, 63.238896], [10.2806833, 63.2390233], [10.2813252, 63.2395406], [10.2814977, 63.2396925], [10.2817237, 63.2399271], [10.2818666, 63.2401178], [10.2819479, 63.2402514], [10.2820169, 63.2403886], [10.2820703, 63.2405284], [10.2821154, 63.2407008], [10.2821328, 63.2408239], [10.282138, 63.2409548], [10.2821211, 63.2411497], [10.2821069, 63.241224], [10.2820863, 63.2413074], [10.2820345, 63.2414541], [10.2819208, 63.2416774], [10.2818145, 63.2418353], [10.2816889, 63.2419894], [10.2816055, 63.2420804], [10.2813284, 63.2423462], [10.2808733, 63.2427572], [10.2803772, 63.2431951], [10.2780122, 63.2453171], [10.2778413, 63.2454801], [10.2777885, 63.2455317], [10.2776522, 63.2456745], [10.2773661, 63.2459995], [10.2771618, 63.246267], [10.2770289, 63.2464584], [10.2769218, 63.2466397], [10.2768617, 63.2467589], [10.2768078, 63.2468912], [10.2767539, 63.2471027], [10.2767404, 63.2471898], [10.2767352, 63.2473522], [10.2767627, 63.2475741], [10.2768146, 63.2477531], [10.2768895, 63.2479243], [10.2769344, 63.2480032], [10.2770802, 63.248215], [10.2771338, 63.2482792], [10.2773403, 63.2484907], [10.2775735, 63.2486845], [10.2778018, 63.2488451], [10.2780816, 63.2490235], [10.2781871, 63.2490867]]}, "properties": {"electrified": "contact_line", "frequency": "16.67", "gauge": "1435", "maxspeed": "85", "name": "Dovrebanen", "operator": "Bane NOR", "passenger_lines": "1", "railway": "rail", "usage": "main", "voltage": "15000", "length_km": 4.961, "maxspeed_kmh": 85.0}}, {"type": "Feature", "geometry": {"type": "LineString", "coordinates": [[10.279243, 63.2824099], [10.2788442, 63.2827156]]}, "properties": {"bridge": "yes", "electrified": "contact_line", "frequency": "16.67", "gauge": "1435", "maxspeed": "130", "name": "Dovrebanen", "operator": "Bane NOR", "passenger_lines": "1", "railway": "rail", "usage": "main", "voltage": "15000", "length_km": 0.04, "maxspeed_kmh": 130.0}}, {"type": "Feature", "geometry": {"type": "LineString", "coordinates": [[10.3394816, 63.3257237], [10.3393801, 63.3259477], [10.3392453, 63.3263254], [10.3391989, 63.3264742]]}, "properties": {"bridge": "yes", "electrified": "contact_line", "frequency": "16.67", "gauge": "1435", "maxspeed": "85", "name": "Dovrebanen", "operator": "Bane NOR", "passenger_lines": "1", "railway": "rail", "usage": "main", "voltage": "15000", "length_km": 0.085, "maxspeed_kmh": 85.0}}, {"type": "Feature", "geometry": {"type": "LineString", "coordinates": [[10.3405552, 63.3312896], [10.3409379, 63.3319235], [10.3411039, 63.3321854], [10.3412666, 63.3324188], [10.3413468, 63.3325209], [10.3414994, 63.3326917], [10.3416606, 63.3328417], [10.3417338, 63.3329039], [10.3420543, 63.3331464], [10.3423845, 63.3333826], [10.3425645, 63.3335183], [10.3428757, 63.3337787], [10.3429746, 63.3338782], [10.3431335, 63.3340645], [10.3432322, 63.3342071], [10.3432905, 63.3343089], [10.3433601, 63.3344473], [10.3433846, 63.3345187], [10.3434119, 63.3345988], [10.3434392, 63.3347444], [10.3434519, 63.3348449], [10.3434527, 63.3349471], [10.3434399, 63.3351275], [10.3434181, 63.3352213], [10.3433602, 63.335397], [10.3433212, 63.3354864], [10.3432685, 63.3355852], [10.3431411, 63.3357785], [10.3429961, 63.3359509], [10.342793, 63.3361479], [10.3419956, 63.3368303], [10.3418543, 63.3369705], [10.3417033, 63.3371346], [10.3416009, 63.3372606], [10.3415013, 63.3374001], [10.3414178, 63.3375321], [10.3413365, 63.3377009], [10.3412824, 63.3378379], [10.3412058, 63.3381055], [10.341171, 63.338311], [10.3411176, 63.3386749], [10.3409937, 63.3396823], [10.3410029, 63.3399614], [10.3410291, 63.3400986], [10.3410686, 63.3402438], [10.3411839, 63.3404928], [10.3412734, 63.340647], [10.3414614, 63.3408717], [10.3415505, 63.3409648], [10.341717, 63.3411213], [10.3418685, 63.3412466], [10.3421143, 63.3414159], [10.3423668, 63.3415759], [10.3427172, 63.3417649], [10.3430789, 63.3419288], [10.3434054, 63.3420621], [10.3436713, 63.3421554], [10.3439323, 63.3422387], [10.344322, 63.3423512], [10.3445828, 63.3424183], [10.3448323, 63.3424763], [10.3451701, 63.3425482], [10.346412, 63.3427823], [10.346987, 63.3428975]]}, "properties": {"electrified": "contact_line", "frequency": "16.67", "gauge": "1435", "maxspeed": "85", "name": "Dovrebanen", "operator": "Bane NOR", "passenger_lines": "1", "railway": "rail", "usage": "main", "voltage": "15000", "length_km": 1.492, "maxspeed_kmh": 85.0}}, {"type": "Feature", "geometry": {"type": "LineString", "coordinates": [[10.3581705, 63.3538089], [10.35801, 63.3542723]]}, "properties": {"bridge": "yes", "electrified": "contact_line", "frequency": "16.67", "gauge": "1435", "maxspeed": "95", "name": "Dovrebanen", "operator": "Bane NOR", "passenger_lines": "1", "railway": "rail", "usage": "main", "voltage": "15000", "length_km": 0.052, "maxspeed_kmh": 95.0}}, {"type": "Feature", "geometry": {"type": "LineString", "coordinates": [[10.3831252, 63.4096759], [10.3831777, 63.4099686]]}, "properties": {"bridge": "yes", "electrified": "contact_line", "frequency": "16.67", "gauge": "1435", "maxspeed": "105", "name": "Dovrebanen", "operator": "Bane NOR", "passenger_lines": "1", "railway": "rail", "usage": "main", "voltage": "15000", "length_km": 0.033, "maxspeed_kmh": 105.0}}, {"type": "Feature", "geometry": {"type": "LineString", "coordinates": [[9.8749692, 61.5713571], [9.8754516, 61.5711836], [9.8771464, 61.5705757], [9.8775726, 61.5704305], [9.877928, 61.5703194], [9.8782713, 61.5702198], [9.8786308, 61.5701266], [9.8789982, 61.5700412], [9.879308, 61.5699759], [9.8795891, 61.5699221]]}, "properties": {"electrified": "contact_line", "frequency": "16.67", "gauge": "1435", "maxspeed": "105", "name": "Dovrebanen", "operator": "Bane NOR", "passenger_lines": "1", "railway": "rail", "usage": "main", "voltage": "15000", "length_km": 0.294, "maxspeed_kmh": 105.0}}, {"type": "Feature", "geometry": {"type": "LineString", "coordinates": [[9.9002767, 61.5685712], [9.9028136, 61.5675859], [9.9038239, 61.5672104], [9.9046894, 61.5669228], [9.9053983, 61.5667258], [9.905976, 61.5665818], [9.9061382, 61.5665436], [9.9071624, 61.5663284], [9.9083447, 61.566138]]}, "properties": {"electrified": "contact_line", "frequency": "16.67", "gauge": "1435", "maxspeed": "130", "name": "Dovrebanen", "operator": "Bane NOR", "passenger_lines": "1", "railway": "rail", "usage": "main", "voltage": "15000", "length_km": 0.512, "maxspeed_kmh": 130.0}}, {"type": "Feature", "geometry": {"type": "LineString", "coordinates": [[9.5406353, 61.6810511], [9.5407018, 61.6811471], [9.5411391, 61.6817397], [9.5413649, 61.6820093], [9.5415816, 61.6822399], [9.541729, 61.6823847], [9.5417815, 61.6824341], [9.5420216, 61.6826461], [9.5422286, 61.6828144], [9.5424182, 61.6829601], [9.5426671, 61.6831447], [9.5442422, 61.6842599], [9.5444197, 61.6843911], [9.5446552, 61.6845759], [9.5448165, 61.6847115], [9.5449694, 61.684851], [9.5451642, 61.6850412], [9.5454086, 61.6853117], [9.5456293, 61.6856038], [9.5457502, 61.6857905], [9.545876, 61.6860132], [9.5459656, 61.6862063], [9.5460384, 61.6863884], [9.5461138, 61.6866152], [9.5462734, 61.6871782]]}, "properties": {"electrified": "contact_line", "frequency": "16.67", "gauge": "1435", "maxspeed": "95", "name": "Dovrebanen", "operator": "Bane NOR", "passenger_lines": "1", "railway": "rail", "usage": "main", "voltage": "15000", "length_km": 0.754, "maxspeed_kmh": 95.0}}, {"type": "Feature", "geometry": {"type": "LineString", "coordinates": [[9.7330619, 61.6124517], [9.7329976, 61.6109571], [9.7329815, 61.6104278], [9.733011, 61.6100924], [9.7330914, 61.6097787], [9.7332148, 61.6095134], [9.7333784, 61.6092482], [9.7335823, 61.6089918], [9.7338022, 61.6087686], [9.7340812, 61.6085365], [9.7345264, 61.6082241], [9.7350655, 61.6079269], [9.7367017, 61.6071438], [9.73756, 61.6066846], [9.7382332, 61.6062931], [9.7388931, 61.6058632], [9.7395287, 61.6054066], [9.740202, 61.6048556], [9.7407572, 61.6043466], [9.7409852, 61.6041094], [9.7411756, 61.6038938], [9.74135, 61.6036489], [9.7414841, 61.6033581], [9.7415404, 61.6030392], [9.7415088, 61.6027566], [9.7414864, 61.6026756]]}, "properties": {"electrified": "contact_line", "frequency": "16.67", "gauge": "1435", "maxspeed": "80", "name": "Dovrebanen", "operator": "Bane NOR", "passenger_lines": "1", "railway": "rail", "usage": "main", "voltage": "15000", "length_km": 1.23, "maxspeed_kmh": 80.0}}, {"type": "Feature", "geometry": {"type": "LineString", "coordinates": [[9.7191139, 61.6657789], [9.7191936, 61.6657682], [9.7197327, 61.665688], [9.7202987, 61.6655811], [9.7207708, 61.665478], [9.7212723, 61.6653418], [9.72179, 61.6651814], [9.7222272, 61.6650108], [9.7227234, 61.6648058], [9.7234026, 61.6645088]]}, "properties": {"electrified": "contact_line", "frequency": "16.67", "gauge": "1435", "name": "Dovrebanen", "operator": "Bane NOR", "passenger_lines": "1", "railway": "rail", "usage": "main", "voltage": "15000", "length_km": 0.271}}, {"type": "Feature", "geometry": {"type": "LineString", "coordinates": [[9.550035, 61.7387279], [9.5500313, 61.7388258], [9.5500036, 61.7390675], [9.5499455, 61.7393107], [9.5498755, 61.73953], [9.5498033, 61.7396962], [9.5496954, 61.7399062], [9.5495601, 61.7401142], [9.549249, 61.7405255], [9.5491115, 61.7406897], [9.5488643, 61.7409805], [9.5484384, 61.7414531], [9.5481703, 61.7417172], [9.5478236, 61.7420033], [9.5475606, 61.7421857], [9.5472744, 61.7423597], [9.5469606, 61.7425276], [9.5468045, 61.7426045], [9.5466264, 61.7426846], [9.5464396, 61.7427642], [9.5461369, 61.7428837], [9.5456513, 61.743055], [9.5447569, 61.7433598], [9.544318, 61.7435273], [9.5439161, 61.7437049], [9.54363, 61.7438501], [9.5434659, 61.7439439], [9.5431768, 61.7441246], [9.5430286, 61.7442269], [9.5422612, 61.7448064], [9.5417002, 61.745219], [9.5410947, 61.7456328], [9.5404056, 61.7460834], [9.5400122, 61.7463565], [9.5396068, 61.7466714], [9.5393461, 61.7469031], [9.5391176, 61.7471311], [9.5389494, 61.7473149], [9.5388166, 61.7474713], [9.5386975, 61.747624], [9.5384694, 61.7479541], [9.5383706, 61.7481199], [9.5382784, 61.7482934], [9.5379371, 61.7489853], [9.5378237, 61.749196], [9.537714, 61.7493778], [9.5374865, 61.749687], [9.5374268, 61.7497575], [9.5373943, 61.749796], [9.5371878, 61.7500105], [9.5369203, 61.7502517], [9.5362915, 61.7507821], [9.5359888, 61.7510508], [9.5358473, 61.7511897], [9.5357054, 61.7513403], [9.5354883, 61.7515977], [9.5353826, 61.7517424], [9.5352043, 61.7520215], [9.5350613, 61.7522915], [9.5349744, 61.7524901], [9.5349407, 61.7525868], [9.5349, 61.752721], [9.5348444, 61.7529548], [9.5348239, 61.7530717], [9.5348025, 61.7532793], [9.5347967, 61.7535019], [9.5348202, 61.7537886], [9.5348551, 61.7539829], [9.5349021, 61.7541703], [9.5350135, 61.7544789], [9.5350795, 61.7546184], [9.5351979, 61.7548471], [9.5352749, 61.7549948], [9.5354685, 61.7553433], [9.5356075, 61.7556351], [9.5356511, 61.755749], [9.5356968, 61.7559164], [9.5357215, 61.7560384], [9.5357425, 61.7562249], [9.5357378, 61.7564332], [9.5357255, 61.7565437], [9.5356811, 61.7567547], [9.5356017, 61.7570028], [9.5353627, 61.7576412], [9.5352984, 61.7578619], [9.5352726, 61.7579839], [9.5352405, 61.7582052], [9.5352417, 61.75844], [9.5352653, 61.7586531], [9.5353161, 61.7588943], [9.5353947, 61.7591407], [9.535439, 61.7592487], [9.5355454, 61.7594656], [9.5356716, 61.7596738], [9.5359356, 61.7600633], [9.5367182, 61.7611612], [9.5373375, 61.7620297], [9.5376624, 61.7625321], [9.5377559, 61.7626966], [9.5377993, 61.7627759], [9.5379937, 61.7631785], [9.5380723, 61.7633713], [9.5381561, 61.7636033], [9.5382337, 61.7638709], [9.5383259, 61.7643011], [9.5383529, 61.76451], [9.5383743, 61.7647909], [9.5383842, 61.7651126], [9.5383691, 61.7664099], [9.5383492, 61.7681421]]}, "properties": {"electrified": "contact_line", "frequency": "16.67", "gauge": "1435", "maxspeed": "95", "name": "Dovrebanen", "operator": "Bane NOR", "passenger_lines": "1", "railway": "rail", "usage": "main", "voltage": "15000", "length_km": 3.544, "maxspeed_kmh": 95.0}}, {"type": "Feature", "geometry": {"type": "LineString", "coordinates": [[10.2827575, 63.0463326], [10.2829018, 63.0464968], [10.2829533, 63.0465512]]}, "properties": {"bridge": "yes", "electrified": "contact_line", "frequency": "16.67", "gauge": "1435", "maxspeed": "75", "name": "Dovrebanen", "operator": "Bane NOR", "passenger_lines": "1", "railway": "rail", "usage": "main", "voltage": "15000", "length_km": 0.026, "maxspeed_kmh": 75.0}}, {"type": "Feature", "geometry": {"type": "LineString", "coordinates": [[10.3831777, 63.4099686], [10.3833741, 63.4109483], [10.3835561, 63.4116856], [10.3836936, 63.4120914], [10.3837739, 63.4123285], [10.3838569, 63.4125809], [10.383947, 63.4130099], [10.3840111, 63.4134882], [10.3839291, 63.4142976], [10.3837612, 63.4151151], [10.3836177, 63.4158003], [10.383473, 63.4164994], [10.3833186, 63.4172664], [10.3832049, 63.4177046], [10.3831607, 63.4178748], [10.3831278, 63.417971], [10.3831009, 63.4180493], [10.3830551, 63.4181581]]}, "properties": {"electrified": "contact_line", "frequency": "16.67", "gauge": "1435", "maxspeed": "105", "name": "Dovrebanen", "operator": "Bane NOR", "passenger_lines": "1", "railway": "rail", "usage": "main", "voltage": "15000", "length_km": 0.918, "maxspeed_kmh": 105.0}}, {"type": "Feature", "geometry": {"type": "LineString", "coordinates": [[10.4291046, 61.1345338], [10.4287765, 61.1347006], [10.427274, 61.1355208], [10.4255575, 61.136675], [10.4251488, 61.1369842], [10.4238854, 61.1379503], [10.4235193, 61.1382507], [10.4233547, 61.1383888], [10.4230092, 61.1386796], [10.4225358, 61.1390936], [10.4221207, 61.1394742], [10.4220463, 61.1395418], [10.421636, 61.1399257], [10.4211988, 61.1403503], [10.4209188, 61.1406273], [10.4203512, 61.1412074], [10.4200655, 61.1415168], [10.4198302, 61.1417956], [10.4196739, 61.1420145], [10.4194482, 61.1424293], [10.4193513, 61.1427011], [10.4192918, 61.1429385], [10.4192729, 61.143089], [10.4192595, 61.1432709], [10.4192662, 61.1434864], [10.4192917, 61.1437187], [10.4193467, 61.1440273], [10.4193951, 61.144307], [10.4194526, 61.1446139], [10.4195497, 61.1451608]]}, "properties": {"electrified": "contact_line", "frequency": "16.67", "gauge": "1435", "maxspeed": "105", "name": "Dovrebanen", "operator": "Bane NOR", "passenger_lines": "1", "railway": "rail", "usage": "main", "voltage": "15000", "length_km": 1.336, "maxspeed_kmh": 105.0}}, {"type": "Feature", "geometry": {"type": "LineString", "coordinates": [[10.4382634, 61.1309882], [10.437371, 61.131476], [10.4361284, 61.1320835]]}, "properties": {"bridge": "yes", "electrified": "contact_line", "frequency": "16.67", "gauge": "1435", "maxspeed": "125", "name": "Dovrebanen", "operator": "Bane NOR", "passenger_lines": "1", "railway": "rail", "usage": "main", "voltage": "15000", "length_km": 0.168, "maxspeed_kmh": 125.0}}, {"type": "Feature", "geometry": {"type": "LineString", "coordinates": [[10.4643217, 61.105302], [10.4643536, 61.1054934], [10.4644546, 61.1059285], [10.4644886, 61.1061055], [10.4645084, 61.1062852], [10.4645154, 61.106425], [10.4645008, 61.1065587], [10.4644696, 61.1067052], [10.4644251, 61.1068376], [10.4643636, 61.1069815], [10.46426, 61.1071828], [10.4641355, 61.1073969], [10.4624409, 61.1103973]]}, "properties": {"electrified": "contact_line", "frequency": "16.67", "gauge": "1435", "maxspeed": "75", "name": "Dovrebanen", "operator": "Bane NOR", "passenger_lines": "1", "railway": "rail", "usage": "main", "voltage": "15000", "length_km": 0.583, "maxspeed_kmh": 75.0}}, {"type": "Feature", "geometry": {"type": "LineString", "coordinates": [[10.4614166, 61.1131859], [10.461412, 61.113216]]}, "properties": {"electrified": "contact_line", "frequency": "16.67", "gauge": "1435", "maxspeed": "75", "name": "Dovrebanen", "operator": "Bane NOR", "passenger_lines": "1", "railway": "rail", "usage": "main", "voltage": "15000", "length_km": 0.003, "maxspeed_kmh": 75.0}}, {"type": "Feature", "geometry": {"type": "LineString", "coordinates": [[10.4614895, 61.1127728], [10.4614166, 61.1131859]]}, "properties": {"bridge": "yes", "electrified": "contact_line", "frequency": "16.67", "gauge": "1435", "maxspeed": "75", "name": "Dovrebanen", "operator": "Bane NOR", "passenger_lines": "1", "railway": "rail", "usage": "main", "voltage": "15000", "length_km": 0.046, "maxspeed_kmh": 75.0}}, {"type": "Feature", "geometry": {"type": "LineString", "coordinates": [[11.1001464, 60.7831516], [11.0999609, 60.7833096], [11.0997236, 60.7834957], [11.0994883, 60.7836674], [11.0991373, 60.7839175], [11.0944217, 60.7872704]]}, "properties": {"electrified": "contact_line", "frequency": "16.67", "gauge": "1435", "maxspeed": "105", "name": "Dovrebanen", "operator": "Bane NOR", "passenger_lines": "1", "railway": "rail", "usage": "main", "voltage": "15000", "length_km": 0.555, "maxspeed_kmh": 105.0}}, {"type": "Feature", "geometry": {"type": "LineString", "coordinates": [[10.2960464, 61.3113092], [10.2958439, 61.3115751], [10.2954626, 61.3120554], [10.2954165, 61.312111], [10.2951003, 61.3124856], [10.2947773, 61.3128546], [10.2946084, 61.3130343], [10.2944512, 61.3131941], [10.2942855, 61.3133478], [10.2938881, 61.3136822], [10.2936803, 61.3138344], [10.2934388, 61.3140024], [10.2931019, 61.3142142], [10.2927691, 61.3144003], [10.2924621, 61.3145611], [10.2920445, 61.3147552], [10.2916653, 61.3149186], [10.2909371, 61.3152082], [10.2905326, 61.3153784], [10.2901015, 61.3155732], [10.289781, 61.3157319], [10.2894235, 61.3159457], [10.2890984, 61.3161744], [10.2888474, 61.3163671], [10.288263, 61.3168423]]}, "properties": {"electrified": "contact_line", "frequency": "16.67", "gauge": "1435", "maxspeed": "85", "name": "Dovrebanen", "operator": "Bane NOR", "passenger_lines": "1", "railway": "rail", "usage": "main", "voltage": "15000", "length_km": 0.756, "maxspeed_kmh": 85.0}}, {"type": "Feature", "geometry": {"type": "LineString", "coordinates": [[10.9275177, 60.8851935], [10.926905, 60.8854581], [10.9264264, 60.8856598], [10.9259859, 60.8858382], [10.9254029, 60.8860663], [10.9249512, 60.8862408], [10.9243576, 60.8864583], [10.9237633, 60.8866649], [10.9230893, 60.8868927], [10.9225495, 60.8870693], [10.921768, 60.8873018], [10.9211092, 60.8874956], [10.9206695, 60.8876203], [10.9202467, 60.8877358], [10.919526, 60.8879238], [10.9187562, 60.8881135], [10.9179284, 60.8883052], [10.9176195, 60.8883725], [10.9171857, 60.888464], [10.9167476, 60.8885574], [10.9162945, 60.888645], [10.9159423, 60.8887141]]}, "properties": {"electrified": "contact_line", "frequency": "16.67", "gauge": "1435", "maxspeed": "100", "name": "Dovrebanen", "operator": "Bane NOR", "passenger_lines": "1", "railway": "rail", "usage": "main", "voltage": "15000", "length_km": 0.745, "maxspeed_kmh": 100.0}}, {"type": "Feature", "geometry": {"type": "LineString", "coordinates": [[11.1930485, 60.720057], [11.1933934, 60.7196569]]}, "properties": {"bridge": "yes", "electrified": "contact_line", "frequency": "16.67", "gauge": "1435", "maxspeed": "130", "name": "Dovrebanen", "operator": "Bane NOR", "passenger_lines": "2", "railway": "rail", "usage": "main", "voltage": "15000", "length_km": 0.048, "maxspeed_kmh": 130.0}}, {"type": "Feature", "geometry": {"type": "LineString", "coordinates": [[11.1934487, 60.7195928], [11.1944217, 60.7184644], [11.1949187, 60.7178877], [11.1960083, 60.7166229], [11.1962914, 60.7162939], [11.1966068, 60.7159279], [11.1970131, 60.7154563], [11.1976386, 60.7147296]]}, "properties": {"electrified": "contact_line", "frequency": "16.67", "gauge": "1435", "maxspeed": "130", "name": "Dovrebanen", "operator": "Bane NOR", "passenger_lines": "2", "railway": "rail", "usage": "main", "voltage": "15000", "length_km": 0.588, "maxspeed_kmh": 130.0}}, {"type": "Feature", "geometry": {"type": "LineString", "coordinates": [[9.6867102, 62.5903404], [9.6869675, 62.5904773]]}, "properties": {"bridge": "yes", "electrified": "contact_line", "frequency": "16.67", "gauge": "1435", "maxspeed": "100", "name": "Dovrebanen", "operator": "Bane NOR", "passenger_lines": "1", "railway": "rail", "usage": "main", "voltage": "15000", "length_km": 0.02, "maxspeed_kmh": 100.0}}, {"type": "Feature", "geometry": {"type": "LineString", "coordinates": [[9.6896212, 62.5916557], [9.6898609, 62.5917416], [9.6901037, 62.5918265], [9.6904034, 62.5919275], [9.6907376, 62.5920325], [9.6913509, 62.5922111], [9.6921153, 62.5924235], [9.6942265, 62.5930011], [9.6965665, 62.5936402], [9.6975736, 62.5939131], [9.6986045, 62.5941805], [9.6993291, 62.5943643], [9.7000895, 62.5945495], [9.7007674, 62.5947073], [9.7014434, 62.5948611]]}, "properties": {"electrified": "contact_line", "frequency": "16.67", "gauge": "1435", "maxspeed": "100", "name": "Dovrebanen", "operator": "Bane NOR", "passenger_lines": "1", "railway": "rail", "usage": "main", "voltage": "15000", "length_km": 0.706, "maxspeed_kmh": 100.0}}, {"type": "Feature", "geometry": {"type": "LineString", "coordinates": [[11.0065033, 60.8161436], [11.0064635, 60.8161782], [11.006379, 60.8162659], [11.0062968, 60.8163631], [11.0061819, 60.8165266], [11.0061077, 60.8166762], [11.0060511, 60.8168338], [11.0060173, 60.8169768], [11.0060128, 60.8171313], [11.0060345, 60.8173574], [11.0060598, 60.8174671], [11.0061038, 60.8175715], [11.0061443, 60.8176685], [11.0062005, 60.817761], [11.0062838, 60.8178778], [11.006374, 60.8179881], [11.0065909, 60.8182057], [11.006884, 60.8184625], [11.0069838, 60.8185618], [11.0071017, 60.8186634], [11.0072281, 60.8187896], [11.0073309, 60.8189124], [11.0074223, 60.8190344], [11.0074901, 60.8191501], [11.0075901, 60.8193816], [11.0076454, 60.8195464], [11.0076553, 60.8196979], [11.0076444, 60.8198464], [11.007612, 60.8199929], [11.0075739, 60.8201252], [11.0075129, 60.8202626]]}, "properties": {"electrified": "contact_line", "frequency": "16.67", "gauge": "1435", "maxspeed": "80", "name": "Dovrebanen", "operator": "Bane NOR", "passenger_lines": "1", "railway": "rail", "usage": "main", "voltage": "15000", "length_km": 0.481, "maxspeed_kmh": 80.0}}, {"type": "Feature", "geometry": {"type": "LineString", "coordinates": [[10.7010354, 60.9277169], [10.7008094, 60.9279552], [10.7005705, 60.928182]]}, "properties": {"bridge": "yes", "electrified": "contact_line", "frequency": "16.67", "gauge": "1435", "maxspeed": "100", "name": "Dovrebanen", "operator": "Bane NOR", "passenger_lines": "1", "railway": "rail", "usage": "main", "voltage": "15000", "length_km": 0.058, "maxspeed_kmh": 100.0}}, {"type": "Feature", "geometry": {"type": "LineString", "coordinates": [[10.7005705, 60.928182], [10.7004873, 60.9282592]]}, "properties": {"electrified": "contact_line", "frequency": "16.67", "gauge": "1435", "maxspeed": "100", "name": "Dovrebanen", "operator": "Bane NOR", "passenger_lines": "1", "railway": "rail", "usage": "main", "voltage": "15000", "length_km": 0.01, "maxspeed_kmh": 100.0}}, {"type": "Feature", "geometry": {"type": "LineString", "coordinates": [[11.0297434, 60.8051353], [11.0295167, 60.8052913]]}, "properties": {"bridge": "yes", "electrified": "contact_line", "frequency": "16.67", "gauge": "1435", "maxspeed": "105", "name": "Dovrebanen", "operator": "Bane NOR", "passenger_lines": "1", "railway": "rail", "usage": "main", "voltage": "15000", "length_km": 0.021, "maxspeed_kmh": 105.0}}, {"type": "Feature", "geometry": {"type": "LineString", "coordinates": [[11.0437566, 60.7986419], [11.0426841, 60.7989332], [11.0415905, 60.7992312], [11.0399807, 60.7996682], [11.0378973, 60.800233], [11.0367576, 60.8005399], [11.0366169, 60.8005801], [11.0361878, 60.8007028], [11.0358808, 60.8007949], [11.0356065, 60.8008831], [11.035176, 60.8010325], [11.0347817, 60.8011891], [11.0345102, 60.8013071], [11.0341803, 60.8014638], [11.0339151, 60.8015973], [11.0337408, 60.8016926], [11.0334366, 60.8018688], [11.0332313, 60.8019965], [11.0330237, 60.8021413], [11.032862, 60.8022561], [11.032674, 60.8024033], [11.0325105, 60.8025423], [11.0323709, 60.8026704], [11.0320883, 60.8029472], [11.0316084, 60.8034635], [11.0314511, 60.8036327], [11.0311555, 60.8039624], [11.0309585, 60.80416], [11.0307387, 60.8043643], [11.0304135, 60.8046372], [11.0300219, 60.8049385], [11.0297434, 60.8051353]]}, "properties": {"electrified": "contact_line", "frequency": "16.67", "gauge": "1435", "maxspeed": "105", "name": "Dovrebanen", "operator": "Bane NOR", "passenger_lines": "1", "railway": "rail", "usage": "main", "voltage": "15000", "length_km": 1.088, "maxspeed_kmh": 105.0}}, {"type": "Feature", "geometry": {"type": "LineString", "coordinates": [[11.043988, 60.7985787], [11.0437566, 60.7986419]]}, "properties": {"bridge": "yes", "electrified": "contact_line", "frequency": "16.67", "gauge": "1435", "maxspeed": "105", "name": "Dovrebanen", "operator": "Bane NOR", "passenger_lines": "1", "railway": "rail", "usage": "main", "voltage": "15000", "length_km": 0.014, "maxspeed_kmh": 105.0}}, {"type": "Feature", "geometry": {"type": "LineString", "coordinates": [[11.0586745, 60.7945953], [11.058464, 60.7946524]]}, "properties": {"bridge": "yes", "electrified": "contact_line", "frequency": "16.67", "gauge": "1435", "maxspeed": "105", "name": "Dovrebanen", "operator": "Bane NOR", "passenger_lines": "1", "railway": "rail", "usage": "main", "voltage": "15000", "length_km": 0.013, "maxspeed_kmh": 105.0}}, {"type": "Feature", "geometry": {"type": "LineString", "coordinates": [[11.058464, 60.7946524], [11.0566889, 60.795134], [11.0545074, 60.7957262], [11.0519173, 60.7964284], [11.0493296, 60.7971303], [11.0466887, 60.7978458], [11.043988, 60.7985787]]}, "properties": {"electrified": "contact_line", "frequency": "16.67", "gauge": "1435", "maxspeed": "105", "name": "Dovrebanen", "operator": "Bane NOR", "passenger_lines": "1", "railway": "rail", "usage": "main", "voltage": "15000", "length_km": 0.902, "maxspeed_kmh": 105.0}}, {"type": "Feature", "geometry": {"type": "LineString", "coordinates": [[11.0637034, 60.7935939], [11.0634845, 60.7936147]]}, "properties": {"bridge": "yes", "electrified": "contact_line", "frequency": "16.67", "gauge": "1435", "maxspeed": "75", "name": "Dovrebanen", "operator": "Bane NOR", "passenger_lines": "1", "railway": "rail", "usage": "main", "voltage": "15000", "length_km": 0.012, "maxspeed_kmh": 75.0}}, {"type": "Feature", "geometry": {"type": "LineString", "coordinates": [[11.0634845, 60.7936147], [11.0633255, 60.7936316], [11.0628417, 60.7936859], [11.0624026, 60.793745], [11.0618955, 60.7938231]]}, "properties": {"electrified": "contact_line", "frequency": "16.67", "gauge": "1435", "maxspeed": "75", "name": "Dovrebanen", "operator": "Bane NOR", "passenger_lines": "1", "railway": "rail", "usage": "main", "voltage": "15000", "length_km": 0.09, "maxspeed_kmh": 75.0}}, {"type": "Feature", "geometry": {"type": "LineString", "coordinates": [[11.0672741, 60.793622], [11.0668155, 60.7935823], [11.0664569, 60.7935513], [11.0660497, 60.7935246], [11.0657111, 60.7935125], [11.065454, 60.7935084], [11.065043, 60.7935086], [11.064584, 60.7935282], [11.0637034, 60.7935939]]}, "properties": {"electrified": "contact_line", "frequency": "16.67", "gauge": "1435", "maxspeed": "75", "name": "Dovrebanen", "operator": "Bane NOR", "passenger_lines": "1", "railway": "rail", "usage": "main", "voltage": "15000", "length_km": 0.196, "maxspeed_kmh": 75.0}}, {"type": "Feature", "geometry": {"type": "LineString", "coordinates": [[11.0675263, 60.7936453], [11.0672741, 60.793622]]}, "properties": {"bridge": "yes", "electrified": "contact_line", "frequency": "16.67", "gauge": "1435", "maxspeed": "75", "name": "Dovrebanen", "operator": "Bane NOR", "passenger_lines": "1", "railway": "rail", "usage": "main", "voltage": "15000", "length_km": 0.014, "maxspeed_kmh": 75.0}}, {"type": "Feature", "geometry": {"type": "LineString", "coordinates": [[11.0738173, 60.7920988], [11.0737077, 60.7921537]]}, "properties": {"bridge": "yes", "electrified": "contact_line", "frequency": "16.67", "gauge": "1435", "name": "Dovrebanen", "operator": "Bane NOR", "passenger_lines": "1", "railway": "rail", "usage": "main", "voltage": "15000", "length_km": 0.009}}, {"type": "Feature", "geometry": {"type": "LineString", "coordinates": [[11.0721119, 60.7930727], [11.0720796, 60.7930865], [11.0719421, 60.7931432], [11.0717588, 60.7932128], [11.0715478, 60.7932838], [11.0712496, 60.7933729], [11.0710715, 60.7934192], [11.0708344, 60.793476], [11.0706121, 60.7935244], [11.0703682, 60.793568], [11.0700797, 60.7936138]]}, "properties": {"electrified": "contact_line", "frequency": "16.67", "gauge": "1435", "maxspeed": "75", "name": "Dovrebanen", "operator": "Bane NOR", "passenger_lines": "1", "railway": "rail", "usage": "main", "voltage": "15000", "length_km": 0.127, "maxspeed_kmh": 75.0}}, {"type": "Feature", "geometry": {"type": "LineString", "coordinates": [[11.00564, 60.8216114], [11.0050575, 60.8218794], [11.0046542, 60.8220592], [11.0042336, 60.8222403], [11.0036214, 60.8224969], [11.0030718, 60.822713], [11.0025131, 60.8229257], [11.0020103, 60.8231066], [11.0015046, 60.8232869], [11.000969, 60.8234705], [11.0004193, 60.8236532], [10.9998344, 60.8238506], [10.9992439, 60.8240462], [10.9986646, 60.8242405], [10.9965659, 60.8249322], [10.9949113, 60.8254963], [10.9940381, 60.8257904], [10.9931602, 60.8260847], [10.992164, 60.8264178]]}, "properties": {"electrified": "contact_line", "frequency": "16.67", "gauge": "1435", "maxspeed": "105", "name": "Dovrebanen", "operator": "Bane NOR", "passenger_lines": "1", "railway": "rail", "usage": "main", "voltage": "15000", "length_km": 0.909, "maxspeed_kmh": 105.0}}, {"type": "Feature", "geometry": {"type": "LineString", "coordinates": [[11.0075129, 60.8202626], [11.0074536, 60.8203629]]}, "properties": {"bridge": "yes", "electrified": "contact_line", "frequency": "16.67", "gauge": "1435", "maxspeed": "80", "name": "Dovrebanen", "operator": "Bane NOR", "passenger_lines": "1", "railway": "rail", "usage": "main", "voltage": "15000", "length_km": 0.012, "maxspeed_kmh": 80.0}}, {"type": "Feature", "geometry": {"type": "LineString", "coordinates": [[10.9569988, 60.8631082], [10.9569397, 60.8635394], [10.956891, 60.8637973], [10.9568484, 60.8639857], [10.9567904, 60.8641625], [10.9567344, 60.8643215], [10.9566643, 60.8644825], [10.9565635, 60.8646858], [10.9564627, 60.864871], [10.9563599, 60.8650291], [10.956229, 60.8652041], [10.9560814, 60.8653811], [10.9559431, 60.86554], [10.9558226, 60.8656742], [10.9555963, 60.8658812], [10.9554141, 60.866035], [10.9551335, 60.8662506], [10.9548241, 60.8664771], [10.9545714, 60.8666442], [10.9538175, 60.8671034], [10.9531954, 60.8674769], [10.9527052, 60.8677789], [10.9522162, 60.8680773], [10.9519637, 60.8682361], [10.9517358, 60.868392], [10.9514957, 60.8685622], [10.9512747, 60.8687308], [10.951084, 60.8688969], [10.9508988, 60.8690592], [10.9507403, 60.8692041], [10.9506206, 60.8693341], [10.9504825, 60.8694833], [10.9503081, 60.8696848], [10.9497384, 60.8703588], [10.9487689, 60.8714216], [10.9484293, 60.8718045], [10.9481763, 60.8720672], [10.9478957, 60.8723263], [10.9476765, 60.8725092], [10.9473476, 60.8727659], [10.9468489, 60.8731119], [10.9463343, 60.8734242], [10.9453515, 60.8740002], [10.9446321, 60.8744161]]}, "properties": {"electrified": "contact_line", "frequency": "16.67", "gauge": "1435", "maxspeed": "110", "name": "Dovrebanen", "operator": "Bane NOR", "passenger_lines": "1", "railway": "rail", "usage": "main", "voltage": "15000", "length_km": 1.451, "maxspeed_kmh": 110.0}}, {"type": "Feature", "geometry": {"type": "LineString", "coordinates": [[10.9649931, 60.8449365], [10.9649652, 60.8450207]]}, "properties": {"bridge": "yes", "electrified": "contact_line", "frequency": "16.67", "gauge": "1435", "maxspeed": "85", "name": "Dovrebanen", "operator": "Bane NOR", "passenger_lines": "1", "railway": "rail", "usage": "main", "voltage": "15000", "length_km": 0.01, "maxspeed_kmh": 85.0}}, {"type": "Feature", "geometry": {"type": "LineString", "coordinates": [[9.5404277, 61.680736], [9.5404658, 61.6807951]]}, "properties": {"bridge": "yes", "electrified": "contact_line", "frequency": "16.67", "gauge": "1435", "maxspeed": "75", "name": "Dovrebanen", "operator": "Bane NOR", "passenger_lines": "1", "railway": "rail", "usage": "main", "voltage": "15000", "length_km": 0.007, "maxspeed_kmh": 75.0}}, {"type": "Feature", "geometry": {"type": "LineString", "coordinates": [[9.5838386, 61.6643327], [9.5804999, 61.6651509], [9.5796577, 61.6653482], [9.5792895, 61.6654302], [9.5786418, 61.66557], [9.577862, 61.6657281], [9.5770857, 61.6658759], [9.576408, 61.6659977], [9.575724, 61.6661128], [9.5750932, 61.6662135], [9.5745414, 61.6662962], [9.5738024, 61.6664013], [9.5704909, 61.6668461], [9.5667147, 61.6673527], [9.5664609, 61.6673868], [9.5634792, 61.6677903], [9.5629301, 61.6678748], [9.5624005, 61.6679687], [9.5618988, 61.6680688], [9.5615709, 61.6681411], [9.5612696, 61.6682126], [9.5608897, 61.668309], [9.5603204, 61.6684676], [9.559739, 61.6686516], [9.5591937, 61.6688429], [9.5586954, 61.6690279], [9.551979, 61.6715889], [9.5516415, 61.6717213], [9.5513715, 61.6718326], [9.5511425, 61.6719353], [9.5508975, 61.6720536], [9.5506046, 61.6722096], [9.55025, 61.6724255], [9.550068, 61.6725498], [9.5499016, 61.6726714], [9.5497287, 61.672807], [9.5494629, 61.6730264], [9.5488884, 61.6735167], [9.5485142, 61.6738124], [9.5481918, 61.6740401], [9.5478319, 61.6742677], [9.5475829, 61.6744118], [9.5473216, 61.6745527], [9.547102, 61.6746642], [9.5468186, 61.6747995], [9.5462931, 61.6750288], [9.5457919, 61.6752405], [9.5455021, 61.6753619], [9.5454534, 61.6753845]]}, "properties": {"electrified": "contact_line", "frequency": "16.67", "gauge": "1435", "maxspeed": "105", "name": "Dovrebanen", "operator": "Bane NOR", "passenger_lines": "1", "railway": "rail", "usage": "main", "voltage": "15000", "length_km": 2.448, "maxspeed_kmh": 105.0}}, {"type": "Feature", "geometry": {"type": "LineString", "coordinates": [[10.4605919, 61.117274], [10.4605257, 61.1174835], [10.4604576, 61.117657], [10.4603918, 61.1177838], [10.460314, 61.1179221], [10.4602353, 61.1180485], [10.4601425, 61.1181781], [10.460032, 61.1183125], [10.4599098, 61.1184424], [10.4598226, 61.1185245], [10.4596561, 61.1186662], [10.4594511, 61.1188221], [10.4592867, 61.1189235], [10.4590224, 61.1190791], [10.4582876, 61.1194383], [10.4572993, 61.1199216]]}, "properties": {"electrified": "contact_line", "frequency": "16.67", "gauge": "1435", "maxspeed": "75", "name": "Dovrebanen", "operator": "Bane NOR", "passenger_lines": "2", "railway": "rail", "usage": "main", "voltage": "15000", "length_km": 0.354, "maxspeed_kmh": 75.0}}, {"type": "Feature", "geometry": {"type": "LineString", "coordinates": [[10.4606742, 61.1169987], [10.4605919, 61.117274]]}, "properties": {"bridge": "yes", "electrified": "contact_line", "frequency": "16.67", "gauge": "1435", "maxspeed": "75", "name": "Dovrebanen", "operator": "Bane NOR", "passenger_lines": "2", "railway": "rail", "usage": "main", "voltage": "15000", "length_km": 0.031, "maxspeed_kmh": 75.0}}, {"type": "Feature", "geometry": {"type": "LineString", "coordinates": [[10.2738171, 63.2864957], [10.2736448, 63.2866364]]}, "properties": {"bridge": "yes", "electrified": "contact_line", "frequency": "16.67", "gauge": "1435", "maxspeed": "50", "name": "Dovrebanen", "operator": "Bane NOR", "passenger_lines": "1", "railway": "rail", "usage": "main", "voltage": "15000", "length_km": 0.018, "maxspeed_kmh": 50.0}}, {"type": "Feature", "geometry": {"type": "LineString", "coordinates": [[10.3175089, 63.2990618], [10.3184324, 63.299215], [10.3189444, 63.2993014], [10.3195602, 63.2994133], [10.3199379, 63.2994925], [10.3205014, 63.2996335], [10.3206924, 63.2996882], [10.3209647, 63.2997743], [10.3211231, 63.2998277], [10.3214698, 63.2999574], [10.3218255, 63.3001081], [10.3221733, 63.3002748], [10.3224699, 63.3004312], [10.3233283, 63.3009042], [10.3235683, 63.3010285], [10.3237839, 63.3011321], [10.3241049, 63.3012699], [10.3244505, 63.3014026], [10.3247438, 63.3015019], [10.3249923, 63.3015776], [10.3253898, 63.3016846], [10.3255991, 63.3017352], [10.3259135, 63.3018044], [10.3262128, 63.3018618], [10.326571, 63.3019234], [10.3270757, 63.3020004], [10.3276442, 63.3020798], [10.3283683, 63.3021893], [10.3288458, 63.3022719], [10.329286, 63.3023608], [10.3295663, 63.3024238], [10.329851, 63.3024937], [10.3302132, 63.3025909], [10.3306902, 63.302736], [10.3310397, 63.3028557], [10.3314609, 63.3030156], [10.3316201, 63.3030801], [10.3318316, 63.3031745], [10.3321391, 63.3033226], [10.3323074, 63.3034075]]}, "properties": {"electrified": "contact_line", "frequency": "16.67", "gauge": "1435", "maxspeed": "95", "name": "Dovrebanen", "operator": "Bane NOR", "passenger_lines": "1", "railway": "rail", "usage": "main", "voltage": "15000", "length_km": 0.903, "maxspeed_kmh": 95.0}}, {"type": "Feature", "geometry": {"type": "LineString", "coordinates": [[11.0295167, 60.8052913], [11.0292093, 60.8054858], [11.0290544, 60.8055836], [11.028786, 60.8057465], [11.0283505, 60.8059892], [11.0279289, 60.80621], [11.0275927, 60.8063759], [11.0270915, 60.8066066], [11.0263664, 60.8069204], [11.0259389, 60.8070993], [11.0256517, 60.8072188], [11.0253425, 60.8073514], [11.0249864, 60.8075105], [11.0246459, 60.807671], [11.0241941, 60.8078878], [11.0238159, 60.8080813], [11.0234238, 60.8082815], [11.02305, 60.8084864], [11.0227024, 60.8086872], [11.0222646, 60.8089445], [11.0218327, 60.8092172], [11.021263, 60.809596], [11.0205329, 60.810097], [11.0200614, 60.8104111], [11.0197294, 60.8106179], [11.0194165, 60.8107955], [11.0190557, 60.8109838], [11.0186952, 60.8111514], [11.0184194, 60.81127], [11.0181353, 60.8113818], [11.0177889, 60.8115117], [11.017453, 60.8116262], [11.0169981, 60.8117649], [11.0166284, 60.8118676], [11.0161548, 60.8119894], [11.0157566, 60.8120815], [11.0152273, 60.8121997], [11.0145028, 60.8123633], [11.0139368, 60.8125025], [11.0133773, 60.8126509], [11.0129325, 60.8127811], [11.012557, 60.8128974], [11.0120553, 60.8130616], [11.0117627, 60.8131656], [11.0112274, 60.8133569], [11.0107039, 60.8135593]]}, "properties": {"electrified": "contact_line", "frequency": "16.67", "gauge": "1435", "maxspeed": "105", "name": "Dovrebanen", "operator": "Bane NOR", "passenger_lines": "1", "railway": "rail", "usage": "main", "voltage": "15000", "length_km": 1.395, "maxspeed_kmh": 105.0}}, {"type": "Feature", "geometry": {"type": "LineString", "coordinates": [[10.9398671, 60.8790116], [10.939786, 60.8790643]]}, "properties": {"electrified": "contact_line", "frequency": "16.67", "gauge": "1435", "maxspeed": "100", "name": "Dovrebanen", "operator": "Bane NOR", "passenger_lines": "1", "railway": "rail", "usage": "main", "voltage": "15000", "length_km": 0.007, "maxspeed_kmh": 100.0}}, {"type": "Feature", "geometry": {"type": "LineString", "coordinates": [[10.9400015, 60.8789256], [10.9398671, 60.8790116]]}, "properties": {"bridge": "yes", "electrified": "contact_line", "frequency": "16.67", "gauge": "1435", "maxspeed": "100", "name": "Dovrebanen", "operator": "Bane NOR", "passenger_lines": "1", "railway": "rail", "usage": "main", "voltage": "15000", "length_km": 0.012, "maxspeed_kmh": 100.0}}, {"type": "Feature", "geometry": {"type": "LineString", "coordinates": [[11.2930733, 60.5999238], [11.2931503, 60.60002], [11.293267, 60.6001797], [11.2933719, 60.6003539], [11.2934483, 60.6005214], [11.2935054, 60.6007094], [11.2935458, 60.6009057], [11.2935557, 60.6010777], [11.2935346, 60.6012573], [11.2935016, 60.6014237], [11.2934421, 60.6016081], [11.2933749, 60.6017463], [11.2932981, 60.6018874]]}, "properties": {"electrified": "contact_line", "frequency": "16.67", "gauge": "1435", "maxspeed": "90", "name": "Dovrebanen", "operator": "Bane NOR", "passenger_lines": "1", "railway": "rail", "usage": "main", "voltage": "15000", "length_km": 0.224, "maxspeed_kmh": 90.0}}, {"type": "Feature", "geometry": {"type": "LineString", "coordinates": [[11.1976386, 60.7147296], [11.1975665, 60.7148159], [11.1975353, 60.7148573], [11.1974683, 60.7149544], [11.1974032, 60.7150642], [11.1973666, 60.7151283], [11.1973281, 60.7151882], [11.1972744, 60.7152629], [11.1971946, 60.7153624], [11.1970976, 60.7154741], [11.1970231, 60.7155604], [11.196373, 60.7163144], [11.196124, 60.7166034], [11.1950055, 60.7179018], [11.1945148, 60.7184721], [11.1940781, 60.7189892], [11.1938412, 60.7192698], [11.1934632, 60.7197131]]}, "properties": {"electrified": "contact_line", "frequency": "16.67", "gauge": "1435", "maxspeed": "40", "name": "Dovrebanen", "passenger_lines": "2", "railway": "rail", "usage": "main", "voltage": "15000", "length_km": 0.601, "maxspeed_kmh": 40.0}}, {"type": "Feature", "geometry": {"type": "LineString", "coordinates": [[11.0605689, 60.7940909], [11.0603691, 60.7941413], [11.0600764, 60.7942167], [11.0595504, 60.7943567], [11.0586745, 60.7945953]]}, "properties": {"electrified": "contact_line", "frequency": "16.67", "gauge": "1435", "maxspeed": "105", "name": "Dovrebanen", "operator": "Bane NOR", "passenger_lines": "1", "railway": "rail", "usage": "main", "voltage": "15000", "length_km": 0.118, "maxspeed_kmh": 105.0}}, {"type": "Feature", "geometry": {"type": "LineString", "coordinates": [[11.0607287, 60.7940537], [11.0605689, 60.7940909]]}, "properties": {"bridge": "yes", "electrified": "contact_line", "frequency": "16.67", "gauge": "1435", "maxspeed": "105", "name": "Dovrebanen", "operator": "Bane NOR", "passenger_lines": "1", "railway": "rail", "usage": "main", "voltage": "15000", "length_km": 0.01, "maxspeed_kmh": 105.0}}, {"type": "Feature", "geometry": {"type": "LineString", "coordinates": [[11.0069379, 60.8157781], [11.0067469, 60.8159361], [11.0065033, 60.8161436]]}, "properties": {"electrified": "contact_line", "frequency": "16.67", "gauge": "1435", "maxspeed": "80", "name": "Dovrebanen", "operator": "Bane NOR", "passenger_lines": "1", "railway": "rail", "tunnel": "yes", "usage": "main", "voltage": "15000", "length_km": 0.047, "maxspeed_kmh": 80.0}}, {"type": "Feature", "geometry": {"type": "LineString", "coordinates": [[9.126115, 62.0693235], [9.126167, 62.0694322], [9.1262309, 62.0695428], [9.1262902, 62.0696287], [9.1265032, 62.0699447], [9.1265479, 62.0700112], [9.1266206, 62.070119], [9.1267482, 62.0703083]]}, "properties": {"electrified": "contact_line", "frequency": "16.67", "gauge": "1435", "maxspeed": "40", "name": "Dovrebanen", "railway": "rail", "usage": "main", "voltage": "15000", "length_km": 0.115, "maxspeed_kmh": 40.0}}, {"type": "Feature", "geometry": {"type": "LineString", "coordinates": [[11.0842033, 60.7909252], [11.0839387, 60.790944], [11.083703, 60.7909674], [11.0834543, 60.7909959], [11.0831539, 60.791025], [11.0829489, 60.7910389], [11.0825579, 60.7910637], [11.077021, 60.7913969], [11.0765698, 60.7914273], [11.0762368, 60.7914504], [11.0760481, 60.7914695], [11.0757498, 60.7915102], [11.0754855, 60.7915523], [11.0752862, 60.7915959], [11.0752166, 60.7916123], [11.0751168, 60.7916358], [11.0749432, 60.7916819], [11.0747795, 60.7917302], [11.0745743, 60.791794], [11.074232, 60.7919098]]}, "properties": {"electrified": "contact_line", "frequency": "16.67", "gauge": "1435", "name": "Dovrebanen", "operator": "Bane NOR", "railway": "rail", "usage": "main", "voltage": "15000", "length_km": 0.56}}, {"type": "Feature", "geometry": {"type": "LineString", "coordinates": [[10.3980694, 63.4365032], [10.4021659, 63.4368153], [10.4026176, 63.4368508], [10.4029524, 63.4368733], [10.4033296, 63.4368943], [10.403822, 63.4369148], [10.4056795, 63.4369623]]}, "properties": {"electrified": "contact_line", "frequency": "16.67", "gauge": "1435", "maxspeed": "30", "name": "Dovrebanen", "operator": "Bane NOR", "passenger_lines": "5", "railway": "rail", "usage": "main", "voltage": "15000", "length_km": 0.384, "maxspeed_kmh": 30.0}}, {"type": "Feature", "geometry": {"type": "LineString", "coordinates": [[10.2837697, 63.0477243], [10.2839662, 63.0481443], [10.2841486, 63.0486422], [10.28428, 63.049007]]}, "properties": {"electrified": "contact_line", "frequency": "16.67", "gauge": "1435", "maxspeed": "75", "name": "Dovrebanen", "operator": "Bane NOR", "passenger_lines": "1", "railway": "rail", "usage": "main", "voltage": "15000", "length_km": 0.145, "maxspeed_kmh": 75.0}}, {"type": "Feature", "geometry": {"type": "LineString", "coordinates": [[9.203608, 62.100752], [9.2037927, 62.1007818]]}, "properties": {"bridge": "yes", "electrified": "contact_line", "frequency": "16.67", "gauge": "1435", "maxspeed": "130", "name": "Dovrebanen", "operator": "Bane NOR", "passenger_lines": "1", "railway": "rail", "usage": "main", "voltage": "15000", "length_km": 0.01, "maxspeed_kmh": 130.0}}, {"type": "Feature", "geometry": {"type": "LineString", "coordinates": [[9.2037927, 62.1007818], [9.2047027, 62.100933], [9.2050989, 62.1010018], [9.2061023, 62.1011846], [9.2069989, 62.1013586], [9.2080066, 62.1015681], [9.2089321, 62.1017723], [9.2096466, 62.101937], [9.2107962, 62.1022154], [9.2135213, 62.1029116], [9.2139834, 62.1030252], [9.2144996, 62.103146], [9.2149662, 62.1032492], [9.2153969, 62.1033394], [9.215832, 62.1034243], [9.2163171, 62.1035118], [9.2167932, 62.1035922], [9.2172609, 62.1036639], [9.2176713, 62.1037241], [9.2181128, 62.103782], [9.2188364, 62.1038681], [9.2191769, 62.1039034], [9.2199034, 62.1039706], [9.2207024, 62.1040325], [9.2211683, 62.1040628], [9.22196, 62.1041012], [9.2227039, 62.1041233], [9.2233534, 62.1041317], [9.2241712, 62.1041296], [9.2249409, 62.1041156], [9.2253004, 62.1041043], [9.2259578, 62.1040758], [9.2265946, 62.1040387], [9.2270097, 62.104009], [9.2277154, 62.1039507], [9.2307341, 62.1036773], [9.2314624, 62.1036201], [9.2323245, 62.1035683], [9.2332129, 62.1035319], [9.2339419, 62.1035133], [9.2343884, 62.1035075], [9.2351913, 62.1035058], [9.2359217, 62.1035171], [9.2364118, 62.1035306], [9.2372763, 62.1035661], [9.2376613, 62.1035876], [9.2382068, 62.1036229], [9.2387709, 62.1036649], [9.2394632, 62.1037266], [9.239844, 62.1037649], [9.2405135, 62.1038397], [9.2408867, 62.1038866], [9.2415288, 62.1039741], [9.2420225, 62.1040465], [9.2423405, 62.1040962], [9.2430187, 62.1042114], [9.2434412, 62.1042889], [9.2443029, 62.1044584], [9.2454421, 62.1047015], [9.2465602, 62.1049646], [9.2474662, 62.1051976], [9.2482125, 62.1054014], [9.2490053, 62.1056298], [9.2499001, 62.1059052], [9.2506069, 62.106136], [9.2512167, 62.1063409], [9.2532556, 62.1070466], [9.254138, 62.1073574], [9.2555793, 62.1078726], [9.2576489, 62.1086305], [9.2593206, 62.1092601], [9.2602442, 62.1096129], [9.2615227, 62.1101097], [9.2629582, 62.1106799], [9.2639143, 62.1110847], [9.2648067, 62.1114836], [9.2657115, 62.111914], [9.2664791, 62.1123019], [9.2668772, 62.1125103], [9.2673953, 62.112791], [9.2677901, 62.1130131], [9.2685509, 62.1134595], [9.2692287, 62.1138787], [9.2696717, 62.1141686], [9.2700427, 62.1144188], [9.2708117, 62.1149594], [9.2739915, 62.117246]]}, "properties": {"electrified": "contact_line", "frequency": "16.67", "gauge": "1435", "maxspeed": "130", "name": "Dovrebanen", "operator": "Bane NOR", "passenger_lines": "1", "railway": "rail", "usage": "main", "voltage": "15000", "length_km": 4.35, "maxspeed_kmh": 130.0}}, {"type": "Feature", "geometry": {"type": "LineString", "coordinates": [[11.0699094, 60.7936349], [11.0696648, 60.7936647], [11.0694351, 60.7936837], [11.0691289, 60.7937033], [11.0687156, 60.7937115], [11.0683558, 60.7937043], [11.0680448, 60.7936891], [11.0677541, 60.7936674], [11.0675263, 60.7936453]]}, "properties": {"electrified": "contact_line", "frequency": "16.67", "gauge": "1435", "maxspeed": "75", "name": "Dovrebanen", "operator": "Bane NOR", "passenger_lines": "1", "railway": "rail", "usage": "main", "voltage": "15000", "length_km": 0.131, "maxspeed_kmh": 75.0}}, {"type": "Feature", "geometry": {"type": "LineString", "coordinates": [[11.0700797, 60.7936138], [11.0699094, 60.7936349]]}, "properties": {"bridge": "yes", "electrified": "contact_line", "frequency": "16.67", "gauge": "1435", "maxspeed": "75", "name": "Dovrebanen", "operator": "Bane NOR", "passenger_lines": "1", "railway": "rail", "usage": "main", "voltage": "15000", "length_km": 0.01, "maxspeed_kmh": 75.0}}, {"type": "Feature", "geometry": {"type": "LineString", "coordinates": [[9.9968426, 62.7247318], [9.9973238, 62.7255007]]}, "properties": {"bridge": "yes", "electrified": "contact_line", "frequency": "16.67", "gauge": "1435", "maxspeed": "85", "name": "Dovrebanen", "operator": "Bane NOR", "passenger_lines": "1", "railway": "rail", "usage": "main", "voltage": "15000", "length_km": 0.089, "maxspeed_kmh": 85.0}}, {"type": "Feature", "geometry": {"type": "LineString", "coordinates": [[9.9595938, 62.7068382], [9.9595997, 62.7071371], [9.9596182, 62.7073503], [9.9596318, 62.7074405], [9.9596855, 62.7076529], [9.9597224, 62.70776], [9.9597676, 62.7078599], [9.9598252, 62.7079702], [9.9598904, 62.7080759], [9.9599565, 62.708173], [9.9600388, 62.7082773], [9.9601398, 62.7083899], [9.960339, 62.7085877], [9.9604898, 62.7087157], [9.96072, 62.708895], [9.96117, 62.7092081], [9.9614703, 62.7094065], [9.9619043, 62.7096811], [9.9625195, 62.7100489], [9.9629479, 62.7102908], [9.9635952, 62.7106376], [9.9647665, 62.7112318], [9.9649211, 62.7113143], [9.9652181, 62.7114814], [9.9654878, 62.7116526], [9.965617, 62.7117433], [9.9658888, 62.7119584], [9.9661022, 62.7121648], [9.9662858, 62.7123871], [9.9664028, 62.7125635], [9.9665035, 62.7127608], [9.9665426, 62.7128624], [9.9665982, 62.7130569], [9.9666255, 62.7132085], [9.9666381, 62.7133267], [9.9666461, 62.7136008], [9.9666478, 62.713888], [9.9666544, 62.7152271], [9.9666799, 62.7156887], [9.9667258, 62.7160475], [9.9667658, 62.7162643], [9.9668463, 62.7165942], [9.9669232, 62.7168531], [9.9670351, 62.7171714], [9.9672074, 62.7175773], [9.967308, 62.7177851], [9.9674711, 62.7180942], [9.967671, 62.7184247], [9.9679415, 62.7188271], [9.9681214, 62.7190602], [9.9683184, 62.719284], [9.9684312, 62.7193961], [9.9685581, 62.7195075], [9.9686785, 62.719602], [9.9689701, 62.7197991], [9.9691434, 62.7199023], [9.9693457, 62.7200118], [9.9695819, 62.7201227], [9.9698478, 62.7202339], [9.9701266, 62.7203339], [9.9703848, 62.7204182], [9.9706068, 62.720484], [9.9708575, 62.7205504], [9.9713048, 62.7206516], [9.9717783, 62.7207354], [9.9720098, 62.7207697], [9.9723768, 62.720815], [9.9726139, 62.7208378], [9.9730935, 62.7208773], [9.9739109, 62.7209318], [9.974445, 62.7209729], [9.9748283, 62.7210073], [9.9750964, 62.7210369], [9.9755061, 62.7210907], [9.975951, 62.7211586], [9.9766157, 62.7212831], [9.9770833, 62.7213887], [9.977531, 62.7215021], [9.9777993, 62.7215779], [9.9781816, 62.7216943], [9.9785914, 62.7218319], [9.979822, 62.7222686], [9.9802629, 62.7224112], [9.9807136, 62.7225328], [9.9809628, 62.7225899], [9.9812024, 62.7226395], [9.9814521, 62.722685], [9.9818576, 62.7227454], [9.9821015, 62.7227751], [9.9825818, 62.7228177], [9.982841, 62.7228306], [9.9834555, 62.7228471]]}, "properties": {"electrified": "contact_line", "frequency": "16.67", "gauge": "1435", "maxspeed": "85", "name": "Dovrebanen", "operator": "Bane NOR", "passenger_lines": "1", "railway": "rail", "usage": "main", "voltage": "15000", "length_km": 2.408, "maxspeed_kmh": 85.0}}, {"type": "Feature", "geometry": {"type": "LineString", "coordinates": [[9.9557253, 62.7009267], [9.9559233, 62.7010329]]}, "properties": {"bridge": "yes", "electrified": "contact_line", "frequency": "16.67", "gauge": "1435", "maxspeed": "95", "name": "Dovrebanen", "operator": "Bane NOR", "passenger_lines": "1", "railway": "rail", "usage": "main", "voltage": "15000", "length_km": 0.016, "maxspeed_kmh": 95.0}}, {"type": "Feature", "geometry": {"type": "LineString", "coordinates": [[9.1243126, 62.0661966], [9.1245632, 62.0665042], [9.124718, 62.0666941], [9.1248057, 62.0668061], [9.1250186, 62.0670897], [9.1251709, 62.0673075], [9.125322, 62.0675303], [9.1254461, 62.0677203], [9.1255777, 62.0679281], [9.1257266, 62.0681767], [9.1258073, 62.0683234], [9.1259279, 62.0685463], [9.1260193, 62.0687245], [9.1261426, 62.0689767], [9.1262181, 62.0691398], [9.1264131, 62.0695894], [9.1265145, 62.0698338], [9.1265783, 62.0699836], [9.1266391, 62.0701168], [9.1266872, 62.0702063], [9.1267482, 62.0703083]]}, "properties": {"electrified": "contact_line", "frequency": "16.67", "gauge": "1435", "maxspeed": "40", "name": "Dovrebanen", "operator": "Bane NOR", "passenger_lines": "2", "railway": "rail", "usage": "main", "voltage": "15000", "length_km": 0.477, "maxspeed_kmh": 40.0}}, {"type": "Feature", "geometry": {"type": "LineString", "coordinates": [[9.1446855, 62.0874632], [9.1447066, 62.0875461]]}, "properties": {"bridge": "yes", "electrified": "contact_line", "frequency": "16.67", "gauge": "1435", "maxspeed": "85", "name": "Dovrebanen", "operator": "Bane NOR", "passenger_lines": "1", "railway": "rail", "usage": "main", "voltage": "15000", "length_km": 0.009, "maxspeed_kmh": 85.0}}, {"type": "Feature", "geometry": {"type": "LineString", "coordinates": [[9.1160129, 62.1057105], [9.1157577, 62.1058575], [9.1155993, 62.1059488], [9.1153101, 62.1061084], [9.1150049, 62.1062694], [9.1144066, 62.106575], [9.1141784, 62.1066861], [9.113604, 62.1069522], [9.1132441, 62.1071117], [9.1126902, 62.1073448], [9.1123248, 62.1074921], [9.1119244, 62.107647], [9.1112899, 62.1078816], [9.110961, 62.1079971], [9.1103367, 62.1082058], [9.1100755, 62.108289], [9.1094914, 62.1084685], [9.1089413, 62.1086293], [9.1083008, 62.1088071], [9.107988, 62.1088885], [9.107097, 62.109109], [9.1067295, 62.1091943], [9.1060063, 62.1093525], [9.1053696, 62.1094811], [9.1049093, 62.1095687], [9.1042534, 62.1096854], [9.1038685, 62.1097487], [9.1028058, 62.1099128], [9.1011007, 62.1101436], [9.1003303, 62.1102409], [9.099359, 62.1103572], [9.0979778, 62.1105085], [9.096461, 62.1106583], [9.0954126, 62.1107529], [9.0920432, 62.1110222]]}, "properties": {"electrified": "contact_line", "frequency": "16.67", "gauge": "1435", "maxspeed": "130", "name": "Dovrebanen", "operator": "Bane NOR", "passenger_lines": "1", "railway": "rail", "usage": "main", "voltage": "15000", "length_km": 1.423, "maxspeed_kmh": 130.0}}, {"type": "Feature", "geometry": {"type": "LineString", "coordinates": [[9.1252486, 62.0631371], [9.1247105, 62.0634409], [9.1242349, 62.0637188], [9.1241019, 62.0638475], [9.1239691, 62.0639909], [9.1239383, 62.0640304], [9.1238984, 62.0641044], [9.1238689, 62.0641833], [9.1238142, 62.0645278], [9.1238076, 62.0646903], [9.1237988, 62.0647785]]}, "properties": {"electrified": "contact_line", "frequency": "16.67", "gauge": "1435", "maxspeed": "50", "name": "Dovrebanen", "operator": "Bane NOR", "passenger_lines": "1", "railway": "rail", "tunnel": "yes", "usage": "main", "voltage": "15000", "length_km": 0.206, "maxspeed_kmh": 50.0}}, {"type": "Feature", "geometry": {"type": "LineString", "coordinates": [[9.1237988, 62.0647785], [9.1237837, 62.0649254], [9.1237874, 62.0650463], [9.1237881, 62.0651233], [9.1237982, 62.0651987], [9.1238091, 62.0652807], [9.1238417, 62.0654164], [9.1238713, 62.0655078], [9.1239256, 62.0656362], [9.1239474, 62.065683]]}, "properties": {"electrified": "contact_line", "frequency": "16.67", "gauge": "1435", "maxspeed": "50", "name": "Dovrebanen", "operator": "Bane NOR", "passenger_lines": "1", "railway": "rail", "usage": "main", "voltage": "15000", "length_km": 0.102, "maxspeed_kmh": 50.0}}, {"type": "Feature", "geometry": {"type": "LineString", "coordinates": [[11.0913614, 60.7890829], [11.0911749, 60.789169], [11.0909376, 60.789273], [11.0907156, 60.7893688], [11.0904564, 60.7894757], [11.090326, 60.7895295], [11.0900722, 60.7896302], [11.0892055, 60.7899698], [11.0889681, 60.7900609], [11.088694, 60.7901591], [11.0884831, 60.7902333], [11.0882087, 60.790318], [11.0880898, 60.790353], [11.087904, 60.7904027]]}, "properties": {"electrified": "contact_line", "frequency": "16.67", "gauge": "1435", "maxspeed": "50", "name": "Dovrebanen", "operator": "Bane NOR", "passenger_lines": "1", "railway": "rail", "usage": "main", "voltage": "15000", "length_km": 0.239, "maxspeed_kmh": 50.0}}, {"type": "Feature", "geometry": {"type": "LineString", "coordinates": [[11.0944217, 60.7872704], [11.0937903, 60.7877188]]}, "properties": {"bridge": "yes", "electrified": "contact_line", "frequency": "16.67", "gauge": "1435", "maxspeed": "105", "name": "Dovrebanen", "operator": "Bane NOR", "passenger_lines": "1", "railway": "rail", "usage": "main", "voltage": "15000", "length_km": 0.061, "maxspeed_kmh": 105.0}}, {"type": "Feature", "geometry": {"type": "LineString", "coordinates": [[11.0700471, 60.7935765], [11.0699017, 60.7935953]]}, "properties": {"bridge": "yes", "electrified": "contact_line", "frequency": "16.67", "gauge": "1435", "name": "Dovrebanen", "railway": "rail", "service": "yard", "voltage": "15000", "length_km": 0.008}}, {"type": "Feature", "geometry": {"type": "LineString", "coordinates": [[11.0736128, 60.7921169], [11.0735119, 60.7921803]]}, "properties": {"electrified": "contact_line", "frequency": "16.67", "gauge": "1435", "name": "Dovrebanen", "railway": "rail", "service": "siding", "voltage": "15000", "length_km": 0.009}}, {"type": "Feature", "geometry": {"type": "LineString", "coordinates": [[11.087904, 60.7904027], [11.0872824, 60.7905279], [11.0869543, 60.7905742], [11.0866804, 60.7906064], [11.0863625, 60.7906383], [11.0860754, 60.7906584], [11.085821, 60.7906736], [11.0854832, 60.7906954], [11.0850005, 60.7907223], [11.0847812, 60.7907295], [11.0835523, 60.7908033], [11.0830539, 60.7908342], [11.0827943, 60.7908494], [11.0817698, 60.7909116], [11.0795657, 60.7910456], [11.0769657, 60.7912015], [11.0767795, 60.7912207], [11.0765388, 60.7912398], [11.0763498, 60.7912632], [11.0761163, 60.7912962], [11.0758645, 60.7913386], [11.0756194, 60.7913903], [11.075353, 60.7914548], [11.0751466, 60.7915127], [11.0749805, 60.7915664], [11.0748556, 60.7916099], [11.07469, 60.7916722], [11.0745164, 60.7917475], [11.0743635, 60.7918203], [11.0742446, 60.7918793], [11.0741302, 60.7919363], [11.073875, 60.7920685]]}, "properties": {"electrified": "contact_line", "frequency": "16.67", "gauge": "1435", "name": "Dovrebanen", "passenger_lines": "3", "railway": "rail", "service": "siding", "voltage": "15000", "length_km": 0.803}}, {"type": "Feature", "geometry": {"type": "LineString", "coordinates": [[11.074232, 60.7919098], [11.0745943, 60.7917624], [11.0747646, 60.7916951], [11.0749013, 60.7916452], [11.0750634, 60.7915905], [11.0752737, 60.7915268], [11.0754633, 60.7914763], [11.075711, 60.791419], [11.0759184, 60.7913764], [11.0761631, 60.7913336], [11.0763831, 60.7913027], [11.0765548, 60.7912826], [11.0768043, 60.7912598], [11.07698, 60.7912473], [11.0795812, 60.7910898], [11.0817819, 60.7909565], [11.0827737, 60.7908918], [11.083463, 60.7908675], [11.0838805, 60.7908436]]}, "properties": {"electrified": "contact_line", "frequency": "16.67", "gauge": "1435", "name": "Dovrebanen", "passenger_lines": "3", "railway": "rail", "usage": "main", "voltage": "15000", "length_km": 0.548}}, {"type": "Feature", "geometry": {"type": "LineString", "coordinates": [[11.1376332, 60.7476786], [11.1374833, 60.7477391]]}, "properties": {"electrified": "contact_line", "frequency": "16.67", "gauge": "1435", "maxspeed": "130", "name": "Dovrebanen", "operator": "Bane NOR", "passenger_lines": "1", "railway": "rail", "usage": "main", "voltage": "15000", "length_km": 0.011, "maxspeed_kmh": 130.0}}, {"type": "Feature", "geometry": {"type": "LineString", "coordinates": [[11.1374833, 60.7477391], [11.1371742, 60.7478573]]}, "properties": {"bridge": "yes", "electrified": "contact_line", "frequency": "16.67", "gauge": "1435", "maxspeed": "130", "name": "Dovrebanen", "operator": "Bane NOR", "passenger_lines": "1", "railway": "rail", "usage": "main", "voltage": "15000", "length_km": 0.021, "maxspeed_kmh": 130.0}}, {"type": "Feature", "geometry": {"type": "LineString", "coordinates": [[10.3929273, 63.4355313], [10.3930121, 63.4355547], [10.3932676, 63.4356239], [10.3942298, 63.4358911]]}, "properties": {"electrified": "contact_line", "frequency": "16.67", "gauge": "1435", "maxspeed": "30", "name": "Dovrebanen", "operator": "Bane NOR", "passenger_lines": "5", "railway": "rail", "usage": "main", "voltage": "15000", "length_km": 0.076, "maxspeed_kmh": 30.0}}, {"type": "Feature", "geometry": {"type": "LineString", "coordinates": [[10.3785161, 63.3920162], [10.3789365, 63.3921777], [10.3793757, 63.3923625], [10.379567, 63.3924576], [10.3798344, 63.3926037], [10.3799543, 63.3926776], [10.3801446, 63.3928106], [10.3802916, 63.3929247], [10.3804913, 63.3930984], [10.3807756, 63.39338], [10.3810437, 63.3936603], [10.3813554, 63.393961], [10.3815067, 63.39409], [10.3816839, 63.3942282], [10.3820038, 63.3944502], [10.3825458, 63.3947772], [10.3830119, 63.3950585], [10.3832391, 63.3952085], [10.3833952, 63.395319], [10.3834928, 63.3953974], [10.3836784, 63.3955679], [10.3838066, 63.3957031], [10.3838836, 63.3958004], [10.3839518, 63.3958954], [10.3840307, 63.3960292], [10.3840711, 63.3961089], [10.3841462, 63.3962989], [10.3843198, 63.3968615], [10.3843682, 63.3969893], [10.3844782, 63.397212], [10.3845195, 63.39728], [10.384631, 63.3974327], [10.3848314, 63.3976484], [10.3850204, 63.3978152], [10.3853141, 63.3980444], [10.3857721, 63.3983882], [10.3860609, 63.3986351], [10.3862444, 63.3988288], [10.3863724, 63.3990012], [10.3864991, 63.3992274], [10.3865438, 63.3993366], [10.3865916, 63.3995177], [10.3866178, 63.3997055], [10.3866285, 63.39993], [10.3866245, 63.4003654], [10.386637, 63.4006215], [10.3866656, 63.4008072], [10.3866997, 63.400975], [10.3867588, 63.4011693], [10.3868816, 63.4015246], [10.3869909, 63.4018762], [10.3870343, 63.4020894], [10.3870526, 63.4022756], [10.3870449, 63.4024547], [10.3870023, 63.4026523], [10.3869517, 63.4027978], [10.3868619, 63.4029776]]}, "properties": {"electrified": "contact_line", "frequency": "16.67", "gauge": "1435", "maxspeed": "80", "name": "Dovrebanen", "operator": "Bane NOR", "passenger_lines": "1", "railway": "rail", "usage": "main", "voltage": "15000", "length_km": 1.333, "maxspeed_kmh": 80.0}}, {"type": "Feature", "geometry": {"type": "LineString", "coordinates": [[10.3849262, 63.4051557], [10.3847338, 63.4056454], [10.3846358, 63.4058599], [10.3845725, 63.4059803], [10.3844607, 63.4061648], [10.3843667, 63.4063055], [10.3841536, 63.4065828], [10.3839091, 63.4068694], [10.3835874, 63.4072653], [10.383428, 63.4074907], [10.3833324, 63.4076466], [10.3832529, 63.4078006], [10.3831723, 63.4079853], [10.383138, 63.4080812], [10.3830826, 63.4082808], [10.3830604, 63.4083908], [10.3830317, 63.4086554], [10.3830388, 63.4089512], [10.3830861, 63.4093884], [10.3831067, 63.4095217]]}, "properties": {"electrified": "contact_line", "frequency": "16.67", "gauge": "1435", "maxspeed": "105", "name": "Dovrebanen", "operator": "Bane NOR", "passenger_lines": "1", "railway": "rail", "usage": "main", "voltage": "15000", "length_km": 0.5, "maxspeed_kmh": 105.0}}, {"type": "Feature", "geometry": {"type": "LineString", "coordinates": [[10.3607718, 63.385824], [10.3612987, 63.3859005], [10.3616853, 63.3859439], [10.3620767, 63.3859773], [10.3624718, 63.3860006], [10.3630334, 63.3860255]]}, "properties": {"electrified": "contact_line", "frequency": "16.67", "gauge": "1435", "maxspeed": "80", "name": "Dovrebanen", "operator": "Bane NOR", "passenger_lines": "1", "railway": "rail", "tunnel": "yes", "usage": "main", "voltage": "15000", "length_km": 0.116, "maxspeed_kmh": 80.0}}, {"type": "Feature", "geometry": {"type": "LineString", "coordinates": [[10.3868619, 63.4029776], [10.3867567, 63.4031387], [10.3866312, 63.4032968], [10.3864861, 63.4034515], [10.3863214, 63.4036023], [10.3861087, 63.4037751]]}, "properties": {"electrified": "contact_line", "frequency": "16.67", "gauge": "1435", "maxspeed": "80", "name": "Dovrebanen", "operator": "Bane NOR", "passenger_lines": "1", "railway": "rail", "tunnel": "yes", "usage": "main", "voltage": "15000", "length_km": 0.097, "maxspeed_kmh": 80.0}}, {"type": "Feature", "geometry": {"type": "LineString", "coordinates": [[10.3810554, 63.4319903], [10.3828846, 63.4324287], [10.385127, 63.4329656], [10.3857305, 63.4331203], [10.3864949, 63.4333398], [10.3871172, 63.4335366], [10.3881445, 63.4338952], [10.390293, 63.4346534], [10.3911561, 63.4349575], [10.3912143, 63.4349779], [10.3915188, 63.4350853]]}, "properties": {"electrified": "contact_line", "frequency": "16.67", "gauge": "1435", "maxspeed": "30", "name": "Dovrebanen", "operator": "Bane NOR", "passenger_lines": "2", "railway": "rail", "usage": "main", "voltage": "15000", "length_km": 0.628, "maxspeed_kmh": 30.0}}, {"type": "Feature", "geometry": {"type": "LineString", "coordinates": [[10.3755127, 63.430635], [10.375621, 63.430669], [10.3761384, 63.4308103], [10.3766388, 63.4309381], [10.3775425, 63.4311559], [10.378829, 63.4314616], [10.3789587, 63.4314903], [10.3793161, 63.4315763]]}, "properties": {"electrified": "contact_line", "frequency": "16.67", "gauge": "1435", "maxspeed": "30", "name": "Dovrebanen", "operator": "Bane NOR", "passenger_lines": "2", "railway": "rail", "usage": "main", "voltage": "15000", "length_km": 0.217, "maxspeed_kmh": 30.0}}, {"type": "Feature", "geometry": {"type": "LineString", "coordinates": [[10.3731642, 63.429603], [10.3735828, 63.4298441], [10.373902, 63.4299934], [10.3743178, 63.4301908], [10.3748416, 63.4304084]]}, "properties": {"electrified": "contact_line", "frequency": "16.67", "gauge": "1435", "maxspeed": "80", "name": "Dovrebanen", "operator": "Bane NOR", "passenger_lines": "2", "railway": "rail", "tunnel": "yes", "usage": "main", "voltage": "15000", "length_km": 0.123, "maxspeed_kmh": 80.0}}, {"type": "Feature", "geometry": {"type": "LineString", "coordinates": [[10.3793161, 63.4315763], [10.3803125, 63.4318156]]}, "properties": {"bridge": "movable", "electrified": "contact_line", "frequency": "16.67", "gauge": "1435", "maxspeed": "30", "name": "Dovrebanen", "operator": "Bane NOR", "passenger_lines": "2", "railway": "rail", "usage": "main", "voltage": "15000", "length_km": 0.056, "maxspeed_kmh": 30.0}}, {"type": "Feature", "geometry": {"type": "LineString", "coordinates": [[10.3921946, 63.4352785], [10.3929466, 63.4354853]]}, "properties": {"bridge": "yes", "electrified": "contact_line", "frequency": "16.67", "gauge": "1435", "maxspeed": "30", "name": "Dovrebanen", "operator": "Bane NOR", "passenger_lines": "2", "railway": "rail", "usage": "main", "voltage": "15000", "length_km": 0.044, "maxspeed_kmh": 30.0}}, {"type": "Feature", "geometry": {"type": "LineString", "coordinates": [[10.3948653, 63.4361137], [10.3952283, 63.436202], [10.3955046, 63.4362644], [10.3957567, 63.4363143], [10.396024, 63.4363575], [10.3963414, 63.4364023], [10.3966329, 63.4364339], [10.3968975, 63.4364567], [10.398054, 63.436545], [10.4002011, 63.4367058]]}, "properties": {"electrified": "contact_line", "frequency": "16.67", "gauge": "1435", "maxspeed": "30", "name": "Dovrebanen", "operator": "Bane NOR", "passenger_lines": "5", "railway": "rail", "service": "siding", "voltage": "15000", "length_km": 0.276, "maxspeed_kmh": 30.0}}, {"type": "Feature", "geometry": {"type": "LineString", "coordinates": [[10.3929466, 63.4354853], [10.3931004, 63.4355299], [10.393914, 63.4357575], [10.3942938, 63.4358588], [10.3946388, 63.4359455], [10.3949302, 63.4360072], [10.3952455, 63.4360682], [10.3955333, 63.436116], [10.3958023, 63.4361536], [10.3960777, 63.436186], [10.3963101, 63.4362116], [10.3965709, 63.436236], [10.3981258, 63.4363558], [10.4003835, 63.4365258], [10.4023298, 63.4366744]]}, "properties": {"electrified": "contact_line", "frequency": "16.67", "gauge": "1435", "maxspeed": "30", "name": "Dovrebanen", "operator": "Bane NOR", "passenger_lines": "5", "railway": "rail", "usage": "main", "voltage": "15000", "length_km": 0.493, "maxspeed_kmh": 30.0}}, {"type": "Feature", "geometry": {"type": "LineString", "coordinates": [[10.3718506, 63.4257353], [10.3719407, 63.4256756], [10.3720305, 63.425621], [10.37218, 63.4255373], [10.3723584, 63.4254461], [10.3726226, 63.4253111], [10.3734091, 63.4249171]]}, "properties": {"electrified": "contact_line", "frequency": "16.67", "gauge": "1435", "maxspeed": "40", "name": "Dovrebanen", "operator": "Bane NOR", "railway": "rail", "service": "siding", "voltage": "15000", "length_km": 0.12, "maxspeed_kmh": 40.0}}, {"type": "Feature", "geometry": {"type": "LineString", "coordinates": [[10.3922271, 63.4353336], [10.3925567, 63.4354512], [10.3928795, 63.4355641]]}, "properties": {"bridge": "yes", "electrified": "contact_line", "frequency": "16.67", "gauge": "1435", "maxspeed": "30", "name": "Dovrebanen", "passenger_lines": "2", "railway": "rail", "service": "siding", "voltage": "15000", "length_km": 0.041, "maxspeed_kmh": 30.0}}, {"type": "Feature", "geometry": {"type": "LineString", "coordinates": [[10.3711239, 63.4265213], [10.3710204, 63.4267991], [10.3709604, 63.4271122], [10.3709726, 63.4273711], [10.3710031, 63.4275786], [10.3710962, 63.4278354], [10.3712146, 63.4280461], [10.3713321, 63.4282304], [10.371511, 63.4284483], [10.3717071, 63.42865], [10.3719285, 63.4288423], [10.3722396, 63.4290875], [10.3723866, 63.429201]]}, "properties": {"electrified": "contact_line", "frequency": "16.67", "gauge": "1435", "maxspeed": "40", "name": "Dovrebanen", "operator": "Bane NOR", "passenger_lines": "2", "railway": "rail", "usage": "main", "voltage": "15000", "length_km": 0.314, "maxspeed_kmh": 40.0}}, {"type": "Feature", "geometry": {"type": "LineString", "coordinates": [[10.3778216, 63.4312654], [10.3783424, 63.4313887], [10.3787424, 63.4314838], [10.3788218, 63.4315027], [10.3792779, 63.4316084]]}, "properties": {"electrified": "contact_line", "frequency": "16.67", "gauge": "1435", "maxspeed": "30", "name": "Dovrebanen", "operator": "Bane NOR", "passenger_lines": "2", "railway": "rail", "usage": "main", "voltage": "15000", "length_km": 0.082, "maxspeed_kmh": 30.0}}, {"type": "Feature", "geometry": {"type": "LineString", "coordinates": [[10.3710498, 63.3888679], [10.3721253, 63.3891929], [10.3727802, 63.3894025], [10.373021, 63.3894831], [10.3730876, 63.389507], [10.373606, 63.3896948], [10.3740552, 63.3898713], [10.3744263, 63.3900284], [10.3748047, 63.390199], [10.3750333, 63.3903072], [10.3752558, 63.3904195], [10.3754879, 63.3905367], [10.3757151, 63.3906583], [10.3760577, 63.390851], [10.376757, 63.3912558], [10.3769647, 63.3913676], [10.3771741, 63.3914725], [10.3774719, 63.3916066], [10.3777088, 63.3917052], [10.3785161, 63.3920162]]}, "properties": {"electrified": "contact_line", "frequency": "16.67", "gauge": "1435", "maxspeed": "80", "name": "Dovrebanen", "operator": "Bane NOR", "railway": "rail", "usage": "main", "voltage": "15000", "length_km": 0.515, "maxspeed_kmh": 80.0}}, {"type": "Feature", "geometry": {"type": "LineString", "coordinates": [[10.4050184, 63.4369269], [10.4050961, 63.436933], [10.4053764, 63.436951], [10.4056795, 63.4369623]]}, "properties": {"electrified": "contact_line", "frequency": "16.67", "gauge": "1435", "name": "Dovrebanen", "operator": "Bane NOR", "passenger_lines": "5", "railway": "rail", "usage": "main", "voltage": "15000", "length_km": 0.033}}, {"type": "Feature", "geometry": {"type": "LineString", "coordinates": [[10.3810091, 63.4203621], [10.3807151, 63.4206083], [10.3802906, 63.4209416], [10.3797167, 63.4213548], [10.3787077, 63.422003], [10.3773015, 63.4228733], [10.3767193, 63.4231782], [10.3757709, 63.4236624], [10.374377, 63.4243692], [10.3741599, 63.424476], [10.373917, 63.4245982], [10.3736647, 63.4247289], [10.3732256, 63.4249464], [10.3731793, 63.4249696], [10.3725796, 63.4252724], [10.3723079, 63.425434], [10.3720842, 63.4255787], [10.3718506, 63.4257353]]}, "properties": {"electrified": "contact_line", "frequency": "16.67", "gauge": "1435", "maxspeed": "40", "name": "Dovrebanen", "passenger_lines": "3", "railway": "rail", "usage": "branch", "voltage": "15000", "length_km": 0.756, "maxspeed_kmh": 40.0}}, {"type": "Feature", "geometry": {"type": "LineString", "coordinates": [[10.3810975, 63.4203834], [10.3817974, 63.4197855], [10.3820735, 63.4195444], [10.3821893, 63.4194471], [10.3822679, 63.4193798], [10.3823361, 63.4193117], [10.3824622, 63.4191725]]}, "properties": {"electrified": "contact_line", "frequency": "16.67", "gauge": "1435", "maxspeed": "40", "name": "Dovrebanen", "operator": "Bane NOR", "passenger_lines": "3", "railway": "rail", "service": "siding", "voltage": "15000", "length_km": 0.151, "maxspeed_kmh": 40.0}}, {"type": "Feature", "geometry": {"type": "LineString", "coordinates": [[10.3734091, 63.4249171], [10.3738055, 63.424722], [10.3749694, 63.4241352], [10.3757553, 63.4237404], [10.3765761, 63.4233252], [10.3771796, 63.4230084], [10.3776516, 63.4227432], [10.3783839, 63.4222884], [10.3789525, 63.4219152], [10.3795479, 63.4215275], [10.3800576, 63.4211831], [10.3806342, 63.4207667], [10.3808013, 63.4206301], [10.3810975, 63.4203834]]}, "properties": {"electrified": "contact_line", "frequency": "16.67", "gauge": "1435", "maxspeed": "40", "name": "Dovrebanen", "operator": "Bane NOR", "passenger_lines": "3", "railway": "rail", "service": "siding", "voltage": "15000", "length_km": 0.637, "maxspeed_kmh": 40.0}}, {"type": "Feature", "geometry": {"type": "LineString", "coordinates": [[10.3712339, 63.4265326], [10.3711606, 63.4266948], [10.3710937, 63.4269275], [10.3710674, 63.4272414], [10.3710978, 63.4274731], [10.3711843, 63.4277291], [10.3712635, 63.4278994], [10.371424, 63.428153], [10.3715898, 63.4283453], [10.3717723, 63.4285564], [10.3719938, 63.4287641], [10.3721734, 63.4289021], [10.3723323, 63.4290423], [10.3723732, 63.4290756]]}, "properties": {"electrified": "contact_line", "frequency": "16.67", "gauge": "1435", "maxspeed": "80", "name": "Dovrebanen", "operator": "Bane NOR", "railway": "rail", "usage": "main", "voltage": "15000", "length_km": 0.297, "maxspeed_kmh": 80.0}}, {"type": "Feature", "geometry": {"type": "LineString", "coordinates": [[10.3824622, 63.4191725], [10.382346, 63.4193135], [10.3822166, 63.4194667], [10.3820367, 63.4196679], [10.3817214, 63.4199745], [10.3814177, 63.4202528], [10.3810166, 63.4205749], [10.3804807, 63.4209743], [10.379324, 63.4217498], [10.3782168, 63.4224679], [10.3776715, 63.4228017], [10.3769634, 63.4232029], [10.3757971, 63.4237866], [10.3747442, 63.4243185], [10.3738404, 63.4247661], [10.372806, 63.4252865]]}, "properties": {"electrified": "contact_line", "frequency": "16.67", "gauge": "1435", "maxspeed": "105", "name": "Dovrebanen", "operator": "Bane NOR", "passenger_lines": "3", "railway": "rail", "usage": "main", "voltage": "15000", "length_km": 0.84, "maxspeed_kmh": 105.0}}, {"type": "Feature", "geometry": {"type": "LineString", "coordinates": [[10.3942298, 63.4358911], [10.3944692, 63.4359537], [10.3946415, 63.4359938], [10.3950319, 63.4360764], [10.3953274, 63.4361289], [10.3956104, 63.4361744], [10.3959385, 63.4362209], [10.3962587, 63.4362559], [10.3965475, 63.4362818], [10.3981103, 63.4363996], [10.4038459, 63.4368387], [10.404101, 63.4368581], [10.4050184, 63.4369269]]}, "properties": {"electrified": "contact_line", "frequency": "16.67", "gauge": "1435", "maxspeed": "30", "name": "Dovrebanen", "operator": "Bane NOR", "passenger_lines": "5", "railway": "rail", "service": "siding", "voltage": "15000", "length_km": 0.553, "maxspeed_kmh": 30.0}}, {"type": "Feature", "geometry": {"type": "LineString", "coordinates": [[10.3564229, 63.3490283], [10.3565978, 63.3492538], [10.3570819, 63.3498786], [10.3572458, 63.3501136], [10.357414, 63.3504298], [10.357466, 63.3505533], [10.3575943, 63.3508998], [10.3581653, 63.3524261], [10.3582706, 63.3528072], [10.3582964, 63.3529457], [10.3582901, 63.3532796]]}, "properties": {"electrified": "contact_line", "frequency": "16.67", "gauge": "1435", "maxspeed": "95", "name": "Dovrebanen", "operator": "Bane NOR", "passenger_lines": "1", "railway": "rail", "usage": "main", "voltage": "15000", "length_km": 0.485, "maxspeed_kmh": 95.0}}, {"type": "Feature", "geometry": {"type": "LineString", "coordinates": [[10.3084145, 63.1835574], [10.3084532, 63.1837649], [10.3085529, 63.184366], [10.3085665, 63.1844871], [10.3085847, 63.1847197], [10.3085867, 63.1848778], [10.308558, 63.185179], [10.3085233, 63.1853663], [10.3084398, 63.1856741], [10.3083287, 63.1859466], [10.3082071, 63.1861879], [10.3081129, 63.1863513], [10.3080153, 63.1865014], [10.3077822, 63.1868142], [10.3074965, 63.1871279], [10.307262, 63.1873572], [10.3070896, 63.1875086], [10.3067572, 63.1877707], [10.3063526, 63.1880541], [10.3061537, 63.1881822], [10.3059502, 63.1883048], [10.305736, 63.188429], [10.3054789, 63.1885672], [10.3052604, 63.188676], [10.3047339, 63.1889232], [10.3044676, 63.1890376], [10.3041597, 63.1891658], [10.3021209, 63.1899465], [10.3015796, 63.1901646], [10.3012392, 63.1903109], [10.3010566, 63.1903923], [10.3004886, 63.1906755], [10.2999723, 63.19097], [10.2995687, 63.1912297], [10.2991701, 63.1915195], [10.2989905, 63.1916631], [10.2988264, 63.1918018], [10.2985228, 63.1920925], [10.298265, 63.1923726], [10.2981654, 63.1924963], [10.2979649, 63.1927717], [10.297872, 63.1929221], [10.2977202, 63.1931884], [10.2976069, 63.1934198], [10.2975466, 63.1935732], [10.2974296, 63.1939267], [10.2973608, 63.194242], [10.2973182, 63.1945995], [10.2973179, 63.1948383], [10.297337, 63.1950945], [10.297415, 63.1956839]]}, "properties": {"electrified": "contact_line", "frequency": "16.67", "gauge": "1435", "maxspeed": "120", "name": "Dovrebanen", "operator": "Bane NOR", "passenger_lines": "1", "railway": "rail", "usage": "main", "voltage": "15000", "length_km": 1.537, "maxspeed_kmh": 120.0}}, {"type": "Feature", "geometry": {"type": "LineString", "coordinates": [[10.282021, 63.1527847], [10.2823529, 63.1529623], [10.2825512, 63.1530754], [10.2828106, 63.1532376]]}, "properties": {"bridge": "yes", "electrified": "contact_line", "frequency": "16.67", "gauge": "1435", "maxspeed": "50", "name": "Dovrebanen", "operator": "Bane NOR", "passenger_lines": "1", "railway": "rail", "usage": "main", "voltage": "15000", "length_km": 0.064, "maxspeed_kmh": 50.0}}, {"type": "Feature", "geometry": {"type": "LineString", "coordinates": [[10.4605835, 61.1169924], [10.4605966, 61.1168579], [10.4605957, 61.116832], [10.4606141, 61.116614], [10.460625, 61.1164642]]}, "properties": {"electrified": "contact_line", "frequency": "16.67", "gauge": "1435", "maxspeed": "40", "name": "Dovrebanen", "railway": "rail", "service": "siding", "voltage": "15000", "length_km": 0.059, "maxspeed_kmh": 40.0}}, {"type": "Feature", "geometry": {"type": "LineString", "coordinates": [[10.353962, 63.3463788], [10.3539931, 63.3464024], [10.3546851, 63.3469622], [10.3547563, 63.3470198], [10.3550425, 63.3472827], [10.355156, 63.3474058]]}, "properties": {"electrified": "contact_line", "frequency": "16.67", "gauge": "1435", "maxspeed": "95", "name": "Dovrebanen", "operator": "Bane NOR", "passenger_lines": "1", "railway": "rail", "usage": "main", "voltage": "15000", "length_km": 0.129, "maxspeed_kmh": 95.0}}, {"type": "Feature", "geometry": {"type": "LineString", "coordinates": [[10.4624409, 61.1103973], [10.4623834, 61.1104982]]}, "properties": {"bridge": "yes", "electrified": "contact_line", "frequency": "16.67", "gauge": "1435", "maxspeed": "75", "name": "Dovrebanen", "operator": "Bane NOR", "passenger_lines": "1", "railway": "rail", "usage": "main", "voltage": "15000", "length_km": 0.012, "maxspeed_kmh": 75.0}}, {"type": "Feature", "geometry": {"type": "LineString", "coordinates": [[10.4623834, 61.1104982], [10.4621629, 61.1109077], [10.4619784, 61.1113056], [10.4618391, 61.1116409], [10.4617112, 61.1119876], [10.4615928, 61.112362], [10.4615289, 61.1126117], [10.4614895, 61.1127728]]}, "properties": {"electrified": "contact_line", "frequency": "16.67", "gauge": "1435", "maxspeed": "75", "name": "Dovrebanen", "operator": "Bane NOR", "passenger_lines": "1", "railway": "rail", "usage": "main", "voltage": "15000", "length_km": 0.258, "maxspeed_kmh": 75.0}}, {"type": "Feature", "geometry": {"type": "LineString", "coordinates": [[9.5454857, 61.7947599], [9.5453101, 61.7951369], [9.5448143, 61.7961739], [9.5420374, 61.8020507], [9.5416407, 61.8028674], [9.5412276, 61.8036533], [9.5408548, 61.8043023], [9.5404199, 61.8050183], [9.5400333, 61.8056084], [9.5394231, 61.8064908], [9.5389468, 61.8071339], [9.5383077, 61.8079511], [9.5377723, 61.8085932], [9.5371717, 61.809277], [9.5368223, 61.8096588], [9.5362572, 61.8102555], [9.5358436, 61.8106754], [9.5353636, 61.8111476], [9.5350771, 61.8114214], [9.5347845, 61.8116824], [9.5345349, 61.8118885], [9.5341659, 61.8121743], [9.533872, 61.8123873], [9.5334265, 61.8126856], [9.5332578, 61.8127893], [9.533067, 61.8129065], [9.532703, 61.8131176], [9.5323348, 61.8133185], [9.5318288, 61.813577], [9.5311128, 61.8139104], [9.5299493, 61.8144043], [9.5253631, 61.8163193], [9.5127627, 61.8215831], [9.5096606, 61.8228755], [9.509152, 61.8230778], [9.5086921, 61.8232487], [9.5081354, 61.823441], [9.5077844, 61.8235554], [9.5071815, 61.8237401], [9.5068567, 61.8238325], [9.5065291, 61.8239224], [9.5059168, 61.8240789], [9.5053423, 61.8242139], [9.5046777, 61.8243559], [9.5040296, 61.8244797], [9.5032315, 61.8246182], [9.4937588, 61.8261165], [9.4869136, 61.8271992], [9.4862369, 61.8273127], [9.4856934, 61.8274089], [9.4846634, 61.827604], [9.4838304, 61.8277725], [9.4831286, 61.8279239], [9.4822342, 61.8281305], [9.4815351, 61.8283009], [9.4809754, 61.828444], [9.4732942, 61.8304983], [9.4726301, 61.8306743], [9.4719024, 61.8308585], [9.4713174, 61.8309926], [9.470696, 61.8311216], [9.4701572, 61.8312232], [9.4694558, 61.8313394], [9.4687658, 61.8314392], [9.4680597, 61.8315261], [9.4675126, 61.8315833], [9.4667447, 61.8316473], [9.4662007, 61.8316836], [9.4658635, 61.8317009], [9.464766, 61.8317518], [9.4634396, 61.8318064], [9.462397, 61.831855], [9.4617714, 61.8318892], [9.4605201, 61.8319735], [9.4596465, 61.8320434], [9.4588042, 61.8321189], [9.4576663, 61.8322381], [9.4565844, 61.8323676], [9.4558228, 61.8324672]]}, "properties": {"electrified": "contact_line", "frequency": "16.67", "gauge": "1435", "maxspeed": "130", "name": "Dovrebanen", "operator": "Bane NOR", "passenger_lines": "1", "railway": "rail", "usage": "main", "voltage": "15000", "length_km": 6.866, "maxspeed_kmh": 130.0}}, {"type": "Feature", "geometry": {"type": "LineString", "coordinates": [[10.4643081, 61.1051646], [10.4643217, 61.105302]]}, "properties": {"bridge": "yes", "electrified": "contact_line", "frequency": "16.67", "gauge": "1435", "maxspeed": "75", "name": "Dovrebanen", "operator": "Bane NOR", "passenger_lines": "1", "railway": "rail", "usage": "main", "voltage": "15000", "length_km": 0.015, "maxspeed_kmh": 75.0}}, {"type": "Feature", "geometry": {"type": "LineString", "coordinates": [[10.2834682, 63.2792193], [10.2833515, 63.2793063]]}, "properties": {"bridge": "yes", "electrified": "contact_line", "frequency": "16.67", "gauge": "1435", "maxspeed": "130", "name": "Dovrebanen", "operator": "Bane NOR", "passenger_lines": "1", "railway": "rail", "usage": "main", "voltage": "15000", "length_km": 0.011, "maxspeed_kmh": 130.0}}, {"type": "Feature", "geometry": {"type": "LineString", "coordinates": [[10.9277296, 60.8850936], [10.9275177, 60.8851935]]}, "properties": {"bridge": "yes", "electrified": "contact_line", "frequency": "16.67", "gauge": "1435", "maxspeed": "100", "name": "Dovrebanen", "operator": "Bane NOR", "passenger_lines": "1", "railway": "rail", "usage": "main", "voltage": "15000", "length_km": 0.016, "maxspeed_kmh": 100.0}}, {"type": "Feature", "geometry": {"type": "LineString", "coordinates": [[10.9349332, 60.8816591], [10.9350117, 60.8816212], [10.9354926, 60.8813971], [10.9357253, 60.8812884], [10.9360387, 60.881142], [10.9362019, 60.8810672], [10.9366243, 60.8808493], [10.937819, 60.8801996], [10.938495, 60.8798059], [10.9389785, 60.8795143], [10.9391152, 60.8794312], [10.9392361, 60.8793679], [10.9393948, 60.8792885], [10.9395799, 60.879188], [10.939786, 60.8790643]]}, "properties": {"electrified": "contact_line", "frequency": "16.67", "gauge": "1435", "maxspeed": "40", "name": "Dovrebanen", "passenger_lines": "2", "railway": "rail", "service": "siding", "voltage": "15000", "length_km": 0.392, "maxspeed_kmh": 40.0}}, {"type": "Feature", "geometry": {"type": "LineString", "coordinates": [[10.9293679, 60.8843289], [10.9295505, 60.8842362], [10.9297288, 60.8841412], [10.9298761, 60.8840536], [10.930046, 60.8839587], [10.9301847, 60.8838867], [10.9304246, 60.8837721], [10.9316701, 60.8831878], [10.9330177, 60.8825552], [10.9347038, 60.8817663]]}, "properties": {"electrified": "contact_line", "frequency": "16.67", "gauge": "1435", "maxspeed": "40", "name": "Dovrebanen", "passenger_lines": "2", "railway": "rail", "service": "siding", "voltage": "15000", "length_km": 0.407, "maxspeed_kmh": 40.0}}, {"type": "Feature", "geometry": {"type": "LineString", "coordinates": [[10.9347038, 60.8817663], [10.9349332, 60.8816591]]}, "properties": {"bridge": "yes", "electrified": "contact_line", "frequency": "16.67", "gauge": "1435", "maxspeed": "40", "name": "Dovrebanen", "passenger_lines": "2", "railway": "rail", "service": "siding", "voltage": "15000", "length_km": 0.017, "maxspeed_kmh": 40.0}}, {"type": "Feature", "geometry": {"type": "LineString", "coordinates": [[10.4053635, 63.4369942], [10.4047179, 63.4370068], [10.4042942, 63.4370188], [10.4040989, 63.4370191], [10.4039036, 63.4370156], [10.402858, 63.4369893], [10.4026572, 63.4369832], [10.4023791, 63.4369722], [10.4021243, 63.4369572], [10.4018357, 63.4369377], [10.4015248, 63.4369137], [10.3995359, 63.4367657]]}, "properties": {"electrified": "contact_line", "frequency": "16.67", "gauge": "1435", "maxspeed": "30", "name": "Dovrebanen", "operator": "Bane NOR", "passenger_lines": "5", "railway": "rail", "service": "siding", "voltage": "15000", "length_km": 0.293, "maxspeed_kmh": 30.0}}, {"type": "Feature", "geometry": {"type": "LineString", "coordinates": [[10.3575634, 63.3845194], [10.3577098, 63.3846444], [10.3577996, 63.3847133], [10.3578808, 63.384773]]}, "properties": {"bridge": "yes", "electrified": "contact_line", "frequency": "16.67", "gauge": "1435", "maxspeed": "80", "name": "Dovrebanen", "operator": "Bane NOR", "passenger_lines": "1", "railway": "rail", "usage": "main", "voltage": "15000", "length_km": 0.032, "maxspeed_kmh": 80.0}}, {"type": "Feature", "geometry": {"type": "LineString", "coordinates": [[10.3578808, 63.384773], [10.3581085, 63.3849156], [10.3583299, 63.385041], [10.3584316, 63.3850933], [10.3586465, 63.3851975], [10.3588646, 63.3852919], [10.3590828, 63.385378], [10.3592799, 63.3854485], [10.3595293, 63.3855307], [10.3597539, 63.3855965], [10.3600082, 63.3856645], [10.3604421, 63.3857634], [10.3607718, 63.385824]]}, "properties": {"electrified": "contact_line", "frequency": "16.67", "gauge": "1435", "maxspeed": "80", "name": "Dovrebanen", "operator": "Bane NOR", "passenger_lines": "1", "railway": "rail", "usage": "main", "voltage": "15000", "length_km": 0.189, "maxspeed_kmh": 80.0}}, {"type": "Feature", "geometry": {"type": "LineString", "coordinates": [[9.7157789, 62.5979501], [9.7159792, 62.5979939]]}, "properties": {"bridge": "yes", "electrified": "contact_line", "frequency": "16.67", "gauge": "1435", "maxspeed": "130", "name": "Dovrebanen", "operator": "Bane NOR", "passenger_lines": "1", "railway": "rail", "usage": "main", "voltage": "15000", "length_km": 0.011, "maxspeed_kmh": 130.0}}, {"type": "Feature", "geometry": {"type": "LineString", "coordinates": [[10.3654419, 63.3697798], [10.3655586, 63.370082], [10.3655978, 63.3702128], [10.3656272, 63.3703565], [10.365646, 63.3705008], [10.3656409, 63.3707093], [10.3656202, 63.3708499], [10.3655903, 63.3709658], [10.365493, 63.3711901], [10.365361, 63.3713926], [10.3652736, 63.3715069], [10.3650783, 63.3717156], [10.3648259, 63.3719305], [10.3647059, 63.3720198], [10.3644206, 63.3722036], [10.3642064, 63.3723219], [10.3639623, 63.3724423], [10.3637244, 63.3725463], [10.3635133, 63.3726288], [10.3632921, 63.3727077], [10.3630888, 63.3727735], [10.3628711, 63.3728396], [10.3624858, 63.3729398], [10.362254, 63.3729949], [10.3618802, 63.3730783], [10.3607567, 63.3733161], [10.3603376, 63.3734162], [10.3596835, 63.3736098], [10.359105, 63.3738153], [10.3585824, 63.3740359], [10.3580884, 63.3742787], [10.3576778, 63.3745127], [10.3574028, 63.3746955], [10.3571222, 63.3749125], [10.3568744, 63.3751352], [10.3567087, 63.3753092], [10.3565385, 63.3755236], [10.3563712, 63.3758012], [10.3562657, 63.3760411], [10.3562054, 63.3762466], [10.3561646, 63.376456], [10.3561559, 63.376623], [10.3561594, 63.3767863], [10.3561911, 63.3770293], [10.3562242, 63.3772151], [10.3563067, 63.3774821], [10.3563727, 63.3776564], [10.3564445, 63.3778181], [10.3565454, 63.3780015], [10.3567088, 63.378255], [10.3569329, 63.3785567], [10.3571564, 63.3788118], [10.3577245, 63.3793995], [10.3579521, 63.3796477], [10.3581441, 63.3798973], [10.3582597, 63.3800985], [10.3583371, 63.3802939], [10.3583939, 63.3805895], [10.358388, 63.3808207], [10.3583415, 63.3810269], [10.358261, 63.3812374], [10.3581459, 63.3814347], [10.3580849, 63.3815238], [10.3579755, 63.3816593], [10.357497, 63.3821699], [10.3572699, 63.3824331], [10.3571099, 63.382668], [10.3570273, 63.3828379], [10.356976, 63.3829798], [10.3569411, 63.3831527], [10.3569308, 63.383256], [10.356928, 63.3833709], [10.3569397, 63.3834818], [10.3569612, 63.383598], [10.3570257, 63.3838026], [10.3570935, 63.3839471], [10.3571496, 63.3840409], [10.3572671, 63.3842074], [10.3574188, 63.3843788], [10.3575634, 63.3845194]]}, "properties": {"electrified": "contact_line", "frequency": "16.67", "gauge": "1435", "maxspeed": "80", "name": "Dovrebanen", "operator": "Bane NOR", "passenger_lines": "1", "railway": "rail", "usage": "main", "voltage": "15000", "length_km": 1.88, "maxspeed_kmh": 80.0}}, {"type": "Feature", "geometry": {"type": "LineString", "coordinates": [[10.4375399, 61.2153261], [10.4375314, 61.2153947], [10.437516, 61.2155143], [10.4374137, 61.2160961], [10.4373905, 61.216272], [10.4373495, 61.21677], [10.4373582, 61.2172093], [10.4373867, 61.2174789], [10.4374333, 61.2177584], [10.4375522, 61.2182336], [10.4378994, 61.219379], [10.4383349, 61.2207746], [10.4386168, 61.2217409], [10.4386641, 61.2219485], [10.4387018, 61.2221745], [10.4387336, 61.2224832], [10.4387479, 61.2227846], [10.4387397, 61.2230411], [10.4387291, 61.2231876], [10.438679, 61.223616], [10.4380652, 61.2281181], [10.4380156, 61.2284312], [10.437954, 61.2287183], [10.4378839, 61.22897], [10.437792, 61.2292413], [10.4376359, 61.229604], [10.4375066, 61.2298729], [10.4374287, 61.2300156], [10.437247, 61.2303121], [10.4371558, 61.2304484], [10.4369313, 61.230758], [10.4366192, 61.2311395], [10.4334923, 61.2346947], [10.4331145, 61.2351374], [10.4326324, 61.2357291], [10.4322019, 61.2362953], [10.4317885, 61.2368737], [10.4313814, 61.2374954], [10.4311558, 61.237862], [10.4309187, 61.2382698], [10.4306591, 61.2387521], [10.4303874, 61.2392557], [10.4302404, 61.2394983], [10.4300885, 61.2397267], [10.4299327, 61.2399345], [10.4297326, 61.2401697], [10.4297061, 61.2402009], [10.4295771, 61.2403361], [10.4292559, 61.240652], [10.4287481, 61.2411237], [10.4284941, 61.2413816], [10.4282824, 61.2416231], [10.4280304, 61.2419705], [10.4278606, 61.24225], [10.4276643, 61.2426066], [10.4274183, 61.2430947], [10.4271873, 61.2436014], [10.4270342, 61.2439695], [10.4268786, 61.2443772], [10.4267339, 61.2448189]]}, "properties": {"electrified": "contact_line", "frequency": "16.67", "gauge": "1435", "maxspeed": "115", "name": "Dovrebanen", "operator": "Bane NOR", "passenger_lines": "1", "railway": "rail", "usage": "main", "voltage": "15000", "length_km": 3.4, "maxspeed_kmh": 115.0}}, {"type": "Feature", "geometry": {"type": "LineString", "coordinates": [[10.4378158, 61.2137253], [10.4377064, 61.2144007], [10.4375399, 61.2153261]]}, "properties": {"bridge": "yes", "electrified": "contact_line", "frequency": "16.67", "gauge": "1435", "maxspeed": "115", "name": "Dovrebanen", "operator": "Bane NOR", "passenger_lines": "1", "railway": "rail", "usage": "main", "voltage": "15000", "length_km": 0.179, "maxspeed_kmh": 115.0}}, {"type": "Feature", "geometry": {"type": "LineString", "coordinates": [[9.5911183, 62.4425622], [9.5909968, 62.442621], [9.590428, 62.4429107], [9.5898455, 62.4432284], [9.5891969, 62.4435991], [9.5885325, 62.4440012], [9.5881723, 62.4442277], [9.5875714, 62.444625], [9.5863661, 62.4454514], [9.5858987, 62.4457487], [9.5856957, 62.4458622], [9.5855151, 62.4459561], [9.5851821, 62.4461121], [9.5849227, 62.4462217], [9.584535, 62.4463664], [9.5843033, 62.4464435], [9.5838215, 62.4465886], [9.5833029, 62.4467255], [9.5824931, 62.4469237], [9.5817687, 62.4471064], [9.581216, 62.447258], [9.5806298, 62.4474319], [9.5799434, 62.4476505], [9.5793895, 62.4478344], [9.5783435, 62.4481971], [9.5780746, 62.4482941], [9.5775046, 62.4485098], [9.5772578, 62.4486127]]}, "properties": {"electrified": "contact_line", "frequency": "16.67", "gauge": "1435", "maxspeed": "95", "name": "Dovrebanen", "operator": "Bane NOR", "passenger_lines": "1", "railway": "rail", "usage": "main", "voltage": "15000", "length_km": 0.998, "maxspeed_kmh": 95.0}}, {"type": "Feature", "geometry": {"type": "LineString", "coordinates": [[9.6176165, 62.3214722], [9.6176786, 62.3216558], [9.6177478, 62.3218138], [9.6178748, 62.32205], [9.6179802, 62.322211], [9.6181853, 62.3224817], [9.618655, 62.323044], [9.6188151, 62.3232595], [9.6189169, 62.3234241], [9.6190007, 62.323594], [9.6190615, 62.3237515], [9.6191046, 62.323896], [9.6191372, 62.3240769], [9.6191527, 62.3243253], [9.6191375, 62.3245107], [9.6191116, 62.3246595], [9.6190603, 62.3248481], [9.6189705, 62.3250825], [9.6185633, 62.3260032], [9.6184429, 62.3262934], [9.6183563, 62.3265296], [9.6182742, 62.3268025], [9.6182341, 62.3269561], [9.6181725, 62.3272688], [9.6181232, 62.3276974], [9.618115, 62.327891], [9.6181186, 62.3282293], [9.6181417, 62.3286169], [9.6181997, 62.3294451]]}, "properties": {"electrified": "contact_line", "frequency": "16.67", "gauge": "1435", "maxspeed": "100", "name": "Dovrebanen", "operator": "Bane NOR", "passenger_lines": "1", "railway": "rail", "usage": "main", "voltage": "15000", "length_km": 0.905, "maxspeed_kmh": 100.0}}, {"type": "Feature", "geometry": {"type": "LineString", "coordinates": [[9.6358426, 62.3900133], [9.6351764, 62.3905902]]}, "properties": {"electrified": "contact_line", "frequency": "16.67", "gauge": "1435", "maxspeed": "80", "name": "Dovrebanen", "operator": "Bane NOR", "passenger_lines": "1", "railway": "rail", "tunnel": "yes", "usage": "main", "voltage": "15000", "length_km": 0.073, "maxspeed_kmh": 80.0}}, {"type": "Feature", "geometry": {"type": "LineString", "coordinates": [[9.5912298, 62.4425106], [9.5911183, 62.4425622]]}, "properties": {"bridge": "yes", "electrified": "contact_line", "frequency": "16.67", "gauge": "1435", "maxspeed": "95", "name": "Dovrebanen", "operator": "Bane NOR", "passenger_lines": "1", "railway": "rail", "usage": "main", "voltage": "15000", "length_km": 0.008, "maxspeed_kmh": 95.0}}, {"type": "Feature", "geometry": {"type": "LineString", "coordinates": [[9.6348743, 62.4127984], [9.6349561, 62.4131957]]}, "properties": {"bridge": "yes", "electrified": "contact_line", "frequency": "16.67", "gauge": "1435", "maxspeed": "120", "name": "Dovrebanen", "operator": "Bane NOR", "passenger_lines": "1", "railway": "rail", "usage": "main", "voltage": "15000", "length_km": 0.045, "maxspeed_kmh": 120.0}}, {"type": "Feature", "geometry": {"type": "LineString", "coordinates": [[9.6175309, 62.3203934], [9.6175261, 62.3208382], [9.6175428, 62.3210862], [9.6175774, 62.3212957], [9.6176165, 62.3214722]]}, "properties": {"electrified": "contact_line", "frequency": "16.67", "gauge": "1435", "maxspeed": "100", "name": "Dovrebanen", "operator": "Bane NOR", "passenger_lines": "1", "railway": "rail", "tunnel": "yes", "usage": "main", "voltage": "15000", "length_km": 0.12, "maxspeed_kmh": 100.0}}, {"type": "Feature", "geometry": {"type": "LineString", "coordinates": [[9.6351916, 62.3780157], [9.6359693, 62.3789205]]}, "properties": {"electrified": "contact_line", "frequency": "16.67", "gauge": "1435", "maxspeed": "80", "name": "Dovrebanen", "operator": "Bane NOR", "passenger_lines": "1", "railway": "rail", "tunnel": "yes", "usage": "main", "voltage": "15000", "length_km": 0.109, "maxspeed_kmh": 80.0}}, {"type": "Feature", "geometry": {"type": "LineString", "coordinates": [[9.6299996, 62.352742], [9.6297795, 62.3531146]]}, "properties": {"electrified": "contact_line", "frequency": "16.67", "gauge": "1435", "maxspeed": "95", "name": "Dovrebanen", "operator": "Bane NOR", "passenger_lines": "1", "railway": "rail", "tunnel": "yes", "usage": "main", "voltage": "15000", "length_km": 0.043, "maxspeed_kmh": 95.0}}, {"type": "Feature", "geometry": {"type": "LineString", "coordinates": [[9.5996821, 62.3006537], [9.5998064, 62.3007124]]}, "properties": {"bridge": "yes", "electrified": "contact_line", "frequency": "16.67", "gauge": "1435", "maxspeed": "85", "name": "Dovrebanen", "operator": "Bane NOR", "passenger_lines": "1", "railway": "rail", "usage": "main", "voltage": "15000", "length_km": 0.009, "maxspeed_kmh": 85.0}}, {"type": "Feature", "geometry": {"type": "LineString", "coordinates": [[9.6359693, 62.3789205], [9.6370124, 62.3801325], [9.6372024, 62.3803647], [9.637401, 62.3806332], [9.637559, 62.380894], [9.6377146, 62.3812113], [9.6377945, 62.3814224], [9.6378483, 62.3816182], [9.6378902, 62.3818416], [9.6379059, 62.3819644], [9.6379172, 62.3822216], [9.6378991, 62.3825255], [9.6378415, 62.3829632], [9.6377577, 62.3834872], [9.6376164, 62.3842617], [9.6374523, 62.384994], [9.6373658, 62.3852911], [9.637269, 62.3855424], [9.6371076, 62.3858649], [9.6368367, 62.386329], [9.6366439, 62.3866871], [9.6365871, 62.386818], [9.6365374, 62.3869607], [9.6364733, 62.3872224], [9.6364527, 62.3873655], [9.6364454, 62.3875096], [9.6364577, 62.3877718], [9.6365481, 62.3883231], [9.6365791, 62.3885363], [9.6365855, 62.3886382], [9.6365761, 62.388853], [9.6365436, 62.3890228], [9.6364962, 62.3891709], [9.6364413, 62.389298], [9.6363374, 62.389478], [9.6362681, 62.3895746], [9.6361702, 62.3896944], [9.6359195, 62.3899463], [9.6358426, 62.3900133]]}, "properties": {"electrified": "contact_line", "frequency": "16.67", "gauge": "1435", "maxspeed": "80", "name": "Dovrebanen", "operator": "Bane NOR", "passenger_lines": "1", "railway": "rail", "usage": "main", "voltage": "15000", "length_km": 1.267, "maxspeed_kmh": 80.0}}, {"type": "Feature", "geometry": {"type": "LineString", "coordinates": [[9.6344586, 62.416382], [9.6344143, 62.4164924], [9.6343231, 62.4166964], [9.6342292, 62.4168752], [9.6341126, 62.4170733], [9.6339785, 62.4172664], [9.6338189, 62.4174769], [9.6336915, 62.4176284], [9.6334822, 62.4178563], [9.6330826, 62.4182637], [9.6327661, 62.4185791], [9.6324348, 62.4189033], [9.6322015, 62.419128], [9.6319266, 62.4193882], [9.6312359, 62.4200222], [9.6308121, 62.4203991], [9.6304862, 62.4206834], [9.6301402, 62.4209752], [9.6298908, 62.421177], [9.6296252, 62.4213788], [9.6293141, 62.4215968], [9.6289144, 62.4218706], [9.6286529, 62.4220481], [9.6281929, 62.4223592], [9.6280027, 62.4224872], [9.6275599, 62.4227851], [9.6269779, 62.4231806], [9.6251581, 62.4244097], [9.6240006, 62.4251899], [9.6233415, 62.4256364], [9.6220598, 62.4265014], [9.6211909, 62.4270878], [9.6198752, 62.4279826], [9.6193119, 62.4283755], [9.6185163, 62.4289514], [9.6177673, 62.4295141], [9.6166789, 62.4303652], [9.6163242, 62.4306354], [9.6158274, 62.43098], [9.615569, 62.4311504], [9.6150045, 62.4314922], [9.6145879, 62.4317277], [9.6141505, 62.4319574], [9.6139258, 62.43207], [9.6137289, 62.4321671], [9.6131457, 62.4324413], [9.6100661, 62.4338647], [9.6084843, 62.4345995], [9.6078714, 62.4349012], [9.6073591, 62.4351714], [9.6072225, 62.4352479], [9.606808, 62.4354875], [9.6065266, 62.4356602], [9.6062497, 62.4358372], [9.6060151, 62.4359956], [9.6054971, 62.436367], [9.6040647, 62.437483], [9.6036516, 62.4377885], [9.6033813, 62.4379761], [9.6031151, 62.4381507], [9.602761, 62.4383686], [9.6024732, 62.4385355], [9.6020424, 62.4387686], [9.6015988, 62.4389928], [9.6011152, 62.4392196], [9.6005943, 62.4394514], [9.5994889, 62.4399288], [9.5986605, 62.4402769], [9.5981216, 62.4404958]]}, "properties": {"electrified": "contact_line", "frequency": "16.67", "gauge": "1435", "maxspeed": "120", "name": "Dovrebanen", "operator": "Bane NOR", "passenger_lines": "1", "railway": "rail", "usage": "main", "voltage": "15000", "length_km": 3.308, "maxspeed_kmh": 120.0}}, {"type": "Feature", "geometry": {"type": "LineString", "coordinates": [[9.6074116, 62.3084225], [9.6075004, 62.3085039], [9.6077462, 62.3087545], [9.6080279, 62.3090734], [9.6083068, 62.30942], [9.6085067, 62.309699], [9.6089858, 62.3104193], [9.6092013, 62.3107174], [9.6094368, 62.3110196], [9.6097153, 62.3113425], [9.6099953, 62.3116264], [9.610156, 62.3117794], [9.6103461, 62.3119512], [9.6105667, 62.3121403], [9.61174, 62.3131285], [9.6129132, 62.3141117], [9.6134173, 62.3145171], [9.6140485, 62.3149771], [9.6146542, 62.3153694], [9.6152088, 62.3157105], [9.6154776, 62.315882], [9.6157973, 62.3161002], [9.6159386, 62.3162072], [9.6161744, 62.3164062], [9.6162953, 62.3165228], [9.6164575, 62.3167002], [9.6166119, 62.3168993], [9.6166837, 62.317005], [9.6167956, 62.317194], [9.6169492, 62.3174863], [9.6170923, 62.3177978], [9.6172395, 62.3181796], [9.6173812, 62.3186432], [9.617451, 62.3189437], [9.6175027, 62.3192716], [9.6175413, 62.3197074], [9.617543, 62.320071], [9.6175309, 62.3203934]]}, "properties": {"electrified": "contact_line", "frequency": "16.67", "gauge": "1435", "maxspeed": "100", "name": "Dovrebanen", "operator": "Bane NOR", "passenger_lines": "1", "railway": "rail", "usage": "main", "voltage": "15000", "length_km": 1.459, "maxspeed_kmh": 100.0}}, {"type": "Feature", "geometry": {"type": "LineString", "coordinates": [[9.6296503, 62.3533381], [9.628887, 62.3546159], [9.6286474, 62.355041], [9.6285095, 62.3553269], [9.6283719, 62.3556563], [9.6282579, 62.3559897], [9.6281916, 62.3562253]]}, "properties": {"electrified": "contact_line", "frequency": "16.67", "gauge": "1435", "maxspeed": "130", "name": "Dovrebanen", "operator": "Bane NOR", "passenger_lines": "1", "railway": "rail", "usage": "main", "voltage": "15000", "length_km": 0.331, "maxspeed_kmh": 130.0}}, {"type": "Feature", "geometry": {"type": "LineString", "coordinates": [[9.6351764, 62.3905902], [9.6350512, 62.3907098], [9.6348772, 62.3909124], [9.6347839, 62.3910489], [9.6346973, 62.3911951], [9.6346512, 62.3913184], [9.6346021, 62.3914757], [9.6345766, 62.3915994], [9.634562, 62.3917117], [9.6345585, 62.3918465], [9.6345595, 62.392013], [9.6345712, 62.3921484], [9.6346249, 62.3925003], [9.6346457, 62.3926336], [9.6346597, 62.3927467]]}, "properties": {"electrified": "contact_line", "frequency": "16.67", "gauge": "1435", "maxspeed": "80", "name": "Dovrebanen", "operator": "Bane NOR", "passenger_lines": "1", "railway": "rail", "usage": "main", "voltage": "15000", "length_km": 0.246, "maxspeed_kmh": 80.0}}, {"type": "Feature", "geometry": {"type": "LineString", "coordinates": [[9.5662345, 62.2650293], [9.5665853, 62.2651479]]}, "properties": {"bridge": "yes", "electrified": "contact_line", "frequency": "16.67", "gauge": "1435", "maxspeed": "130", "name": "Dovrebanen", "operator": "Bane NOR", "passenger_lines": "1", "railway": "rail", "usage": "main", "voltage": "15000", "length_km": 0.023, "maxspeed_kmh": 130.0}}, {"type": "Feature", "geometry": {"type": "LineString", "coordinates": [[9.5731027, 62.2665736], [9.5735868, 62.2666388], [9.5739711, 62.2666954], [9.5744528, 62.266772], [9.5747949, 62.2668349], [9.5753746, 62.266954], [9.5756544, 62.267019], [9.5759941, 62.2671043], [9.5765245, 62.2672536], [9.5769947, 62.2674032], [9.5773443, 62.2675254], [9.5778365, 62.2677188], [9.5781777, 62.2678654], [9.5784996, 62.268018], [9.5786683, 62.2681046], [9.5790012, 62.2682851], [9.5793178, 62.268475], [9.579468, 62.2685723], [9.5798084, 62.2688135], [9.5801155, 62.2690591], [9.5803901, 62.2693149], [9.5805236, 62.2694546], [9.5807183, 62.2696834], [9.5809106, 62.2699456], [9.5810698, 62.2702104], [9.5811954, 62.2704779], [9.5812974, 62.2707748], [9.5813592, 62.2710919], [9.5813747, 62.2712666], [9.5813794, 62.2714487], [9.5813165, 62.2728913], [9.5812092, 62.2750061], [9.5812037, 62.2754068], [9.5812118, 62.275547], [9.5812329, 62.2757207], [9.5812968, 62.2759985], [9.5813451, 62.2761361], [9.5814023, 62.2762756], [9.5815406, 62.2765457], [9.5816472, 62.2767038]]}, "properties": {"electrified": "contact_line", "frequency": "16.67", "gauge": "1435", "maxspeed": "110", "name": "Dovrebanen", "operator": "Bane NOR", "passenger_lines": "1", "railway": "rail", "usage": "main", "voltage": "15000", "length_km": 1.337, "maxspeed_kmh": 110.0}}, {"type": "Feature", "geometry": {"type": "LineString", "coordinates": [[9.5377804, 62.2226841], [9.5374025, 62.2230412], [9.5371851, 62.223248], [9.5368198, 62.2236045], [9.5361776, 62.2242526], [9.5356881, 62.2247668], [9.5351614, 62.225339], [9.5347904, 62.2257546], [9.5341223, 62.2265331], [9.5338255, 62.2268931], [9.5335436, 62.2272475], [9.53303, 62.2279124], [9.5324649, 62.2286828], [9.532179, 62.2290914], [9.5317117, 62.2297934], [9.5311799, 62.2306414], [9.5307216, 62.2314286], [9.5303339, 62.2321457], [9.5299807, 62.2328537], [9.5296228, 62.2336168], [9.5293992, 62.2341418], [9.5293103, 62.2343836], [9.5292322, 62.2346287], [9.5291656, 62.2348775], [9.5291171, 62.2351078], [9.5290684, 62.2354231], [9.529043, 62.2358457], [9.5290422, 62.2360612], [9.5290563, 62.2363184], [9.5290761, 62.2365257], [9.5291084, 62.2367431], [9.5291743, 62.2370659], [9.5292777, 62.2374301], [9.5293362, 62.2376069], [9.5295183, 62.2381039], [9.5297089, 62.238585], [9.5299664, 62.2391887], [9.5302414, 62.2397655], [9.5305445, 62.2403585], [9.530645, 62.2405398], [9.5308044, 62.240816], [9.5311186, 62.2413037], [9.5313202, 62.2415857], [9.5315334, 62.241867], [9.5317816, 62.2421687], [9.5322273, 62.2426699], [9.5324069, 62.2428573], [9.5327713, 62.2432194], [9.5329593, 62.2433949], [9.5333295, 62.243724], [9.5338112, 62.2441238], [9.5341891, 62.2444224], [9.5373409, 62.2468536], [9.53781, 62.2472294], [9.5379899, 62.2473847], [9.538174, 62.247554], [9.5383878, 62.2477569], [9.5385866, 62.2479616], [9.5389165, 62.2483332], [9.5390703, 62.2485293], [9.5392269, 62.2487387], [9.5393713, 62.2489476], [9.5395158, 62.2491801], [9.5396144, 62.2493526], [9.5397564, 62.2496301], [9.5401936, 62.250622], [9.540387, 62.2510129], [9.5406302, 62.251421], [9.5408966, 62.2517989], [9.5410481, 62.2519919], [9.5412392, 62.2522013], [9.5414516, 62.252452], [9.5417312, 62.2527344], [9.5419528, 62.2529404], [9.5422225, 62.2531733], [9.5425531, 62.2534426], [9.5428078, 62.2536359], [9.5431047, 62.2538456], [9.5434005, 62.2540435], [9.5437814, 62.2542818], [9.544106, 62.2544743], [9.5444401, 62.2546601], [9.544873, 62.2548898], [9.5454886, 62.2551883], [9.5461761, 62.2554918], [9.5467279, 62.2557144], [9.5473158, 62.2559333], [9.5478058, 62.2561043], [9.5483238, 62.2562731], [9.5496888, 62.2567061], [9.5500181, 62.2568141], [9.5504655, 62.2569699], [9.5510192, 62.2571769], [9.5515883, 62.2574059], [9.5521963, 62.2576733], [9.5524954, 62.2578137], [9.5530559, 62.2580922], [9.5535699, 62.2583692], [9.5596792, 62.2617539], [9.5633055, 62.2637539], [9.5637952, 62.2640074], [9.5643137, 62.2642547], [9.5648864, 62.2645084], [9.5654186, 62.2647251], [9.5659009, 62.2649104], [9.5662345, 62.2650293]]}, "properties": {"electrified": "contact_line", "frequency": "16.67", "gauge": "1435", "maxspeed": "130", "name": "Dovrebanen", "operator": "Bane NOR", "passenger_lines": "1", "railway": "rail", "usage": "main", "voltage": "15000", "length_km": 5.447, "maxspeed_kmh": 130.0}}, {"type": "Feature", "geometry": {"type": "LineString", "coordinates": [[9.2829278, 62.1236576], [9.283012, 62.123718]]}, "properties": {"bridge": "yes", "electrified": "contact_line", "frequency": "16.67", "gauge": "1435", "maxspeed": "130", "name": "Dovrebanen", "operator": "Bane NOR", "passenger_lines": "1", "railway": "rail", "usage": "main", "voltage": "15000", "length_km": 0.008, "maxspeed_kmh": 130.0}}, {"type": "Feature", "geometry": {"type": "LineString", "coordinates": [[9.283012, 62.123718], [9.3036454, 62.1385177]]}, "properties": {"electrified": "contact_line", "frequency": "16.67", "gauge": "1435", "maxspeed": "130", "name": "Dovrebanen", "operator": "Bane NOR", "passenger_lines": "1", "railway": "rail", "usage": "main", "voltage": "15000", "length_km": 1.971, "maxspeed_kmh": 130.0}}, {"type": "Feature", "geometry": {"type": "LineString", "coordinates": [[9.2739915, 62.117246], [9.2743348, 62.1174524], [9.2744312, 62.1175048], [9.2745918, 62.1175921], [9.2748743, 62.1177816], [9.2751212, 62.1179599], [9.276436, 62.1189034], [9.2788697, 62.1206515]]}, "properties": {"electrified": "contact_line", "frequency": "16.67", "gauge": "1435", "maxspeed": "40", "name": "Dovrebanen", "railway": "rail", "usage": "main", "voltage": "15000", "length_km": 0.458, "maxspeed_kmh": 40.0}}, {"type": "Feature", "geometry": {"type": "LineString", "coordinates": [[10.7213343, 60.9147951], [10.7213232, 60.914879], [10.7213164, 60.9149553], [10.7213149, 60.9150547], [10.7213186, 60.9151738], [10.7213353, 60.9154826], [10.7213397, 60.9155917], [10.721337, 60.9156878], [10.7213303, 60.915784], [10.7213214, 60.9158621], [10.7212986, 60.9159638], [10.7212691, 60.9160518], [10.7212272, 60.9161573], [10.7211763, 60.9162577], [10.7211015, 60.9163733], [10.7210187, 60.916485], [10.720912, 60.9166068], [10.7207897, 60.9167256], [10.7206282, 60.9168603], [10.7204598, 60.9169817], [10.7202874, 60.9170893], [10.7201086, 60.9171868], [10.7199666, 60.9172583], [10.7197802, 60.917343], [10.719584, 60.9174212], [10.7193572, 60.917502], [10.719128, 60.9175762], [10.7188632, 60.917648], [10.7186385, 60.9177008], [10.718421, 60.9177456], [10.7182111, 60.9177835], [10.717949, 60.9178218], [10.7177041, 60.9178509], [10.7174934, 60.9178691], [10.7172567, 60.9178865], [10.7170281, 60.9178977], [10.7167493, 60.917903], [10.716444, 60.9179034], [10.7158058, 60.9178988], [10.7153302, 60.9178952], [10.7150428, 60.9178968], [10.7147469, 60.9179047], [10.714505, 60.9179138], [10.7142436, 60.9179273], [10.7139078, 60.9179531], [10.7136272, 60.9179812], [10.7133577, 60.9180146], [10.712891, 60.9180804], [10.7124742, 60.918155], [10.7119446, 60.9182742], [10.711522, 60.9183848], [10.7110518, 60.9185293], [10.7109055, 60.9185812], [10.7107525, 60.9186368], [10.7104971, 60.9187372], [10.7101675, 60.9188824], [10.7099681, 60.9189821], [10.7097888, 60.9190781], [10.7096167, 60.9191744], [10.7094681, 60.9192647], [10.7091679, 60.9194499], [10.7089235, 60.9196448], [10.7087161, 60.9198339], [10.7085137, 60.9200707], [10.7083973, 60.92025], [10.7083386, 60.9203581], [10.7082924, 60.9204616], [10.7082198, 60.9206715], [10.7081972, 60.9208205], [10.7081884, 60.9209076], [10.7081899, 60.9209959], [10.7082013, 60.9211143], [10.7082344, 60.9212902], [10.7082856, 60.9214918], [10.7083784, 60.9218288], [10.7084186, 60.9220173], [10.7084318, 60.9221832], [10.7084298, 60.9222718], [10.7084181, 60.922373], [10.7083909, 60.9224927], [10.7083499, 60.9226131], [10.7082606, 60.9228044], [10.7081456, 60.9229675], [10.7080798, 60.9230571], [10.7080017, 60.9231407], [10.7079135, 60.9232286], [10.7078224, 60.9233074]]}, "properties": {"electrified": "contact_line", "frequency": "16.67", "gauge": "1435", "maxspeed": "80", "name": "Dovrebanen", "operator": "Bane NOR", "passenger_lines": "1", "railway": "rail", "usage": "main", "voltage": "15000", "length_km": 1.404, "maxspeed_kmh": 80.0}}, {"type": "Feature", "geometry": {"type": "LineString", "coordinates": [[10.7213541, 60.9147139], [10.7213343, 60.9147951]]}, "properties": {"bridge": "yes", "electrified": "contact_line", "frequency": "16.67", "gauge": "1435", "maxspeed": "80", "name": "Dovrebanen", "operator": "Bane NOR", "passenger_lines": "1", "railway": "rail", "usage": "main", "voltage": "15000", "length_km": 0.009, "maxspeed_kmh": 80.0}}, {"type": "Feature", "geometry": {"type": "LineString", "coordinates": [[10.7220256, 60.9138055], [10.7218011, 60.914012], [10.7217016, 60.9141054]]}, "properties": {"electrified": "contact_line", "frequency": "16.67", "gauge": "1435", "maxspeed": "80", "name": "Dovrebanen", "operator": "Bane NOR", "passenger_lines": "1", "railway": "rail", "tunnel": "yes", "usage": "main", "voltage": "15000", "length_km": 0.038, "maxspeed_kmh": 80.0}}, {"type": "Feature", "geometry": {"type": "LineString", "coordinates": [[10.7217016, 60.9141054], [10.7216223, 60.914195], [10.7215638, 60.9142762], [10.7215147, 60.9143477], [10.7214696, 60.9144223], [10.7214315, 60.9144954], [10.7213977, 60.9145731], [10.7213736, 60.9146376], [10.7213541, 60.9147139]]}, "properties": {"electrified": "contact_line", "frequency": "16.67", "gauge": "1435", "maxspeed": "80", "name": "Dovrebanen", "operator": "Bane NOR", "passenger_lines": "1", "railway": "rail", "usage": "main", "voltage": "15000", "length_km": 0.071, "maxspeed_kmh": 80.0}}, {"type": "Feature", "geometry": {"type": "LineString", "coordinates": [[10.7066525, 60.923944], [10.7064906, 60.9240002], [10.706314, 60.9240555], [10.7060393, 60.9241392], [10.7056014, 60.9242661], [10.7051591, 60.9243938], [10.7049447, 60.9244598], [10.7046096, 60.9245774], [10.7043138, 60.9246941], [10.7040993, 60.9247909], [10.7039138, 60.9248816], [10.703612, 60.9250445], [10.703298, 60.9252466], [10.7030267, 60.9254535], [10.7028379, 60.9256276], [10.7026179, 60.9258548], [10.7023397, 60.9261813], [10.7021803, 60.9263711]]}, "properties": {"electrified": "contact_line", "frequency": "16.67", "gauge": "1435", "maxspeed": "75", "name": "Dovrebanen", "operator": "Bane NOR", "passenger_lines": "1", "railway": "rail", "usage": "main", "voltage": "15000", "length_km": 0.375, "maxspeed_kmh": 75.0}}, {"type": "Feature", "geometry": {"type": "LineString", "coordinates": [[10.706766, 60.9238987], [10.7066525, 60.923944]]}, "properties": {"bridge": "yes", "electrified": "contact_line", "frequency": "16.67", "gauge": "1435", "maxspeed": "75", "name": "Dovrebanen", "operator": "Bane NOR", "passenger_lines": "1", "railway": "rail", "usage": "main", "voltage": "15000", "length_km": 0.008, "maxspeed_kmh": 75.0}}, {"type": "Feature", "geometry": {"type": "LineString", "coordinates": [[10.7021009, 60.9264717], [10.7015815, 60.927089]]}, "properties": {"bridge": "yes", "electrified": "contact_line", "frequency": "16.67", "gauge": "1435", "maxspeed": "100", "name": "Dovrebanen", "operator": "Bane NOR", "passenger_lines": "1", "railway": "rail", "usage": "main", "voltage": "15000", "length_km": 0.074, "maxspeed_kmh": 100.0}}, {"type": "Feature", "geometry": {"type": "LineString", "coordinates": [[10.7015815, 60.927089], [10.7014031, 60.9273147], [10.7012151, 60.9275254], [10.7010354, 60.9277169]]}, "properties": {"electrified": "contact_line", "frequency": "16.67", "gauge": "1435", "maxspeed": "100", "name": "Dovrebanen", "operator": "Bane NOR", "passenger_lines": "1", "railway": "rail", "usage": "main", "voltage": "15000", "length_km": 0.076, "maxspeed_kmh": 100.0}}, {"type": "Feature", "geometry": {"type": "LineString", "coordinates": [[9.5816472, 62.2767038], [9.5817089, 62.2767931]]}, "properties": {"bridge": "yes", "electrified": "contact_line", "frequency": "16.67", "gauge": "1435", "maxspeed": "110", "name": "Dovrebanen", "operator": "Bane NOR", "passenger_lines": "1", "railway": "rail", "usage": "main", "voltage": "15000", "length_km": 0.01, "maxspeed_kmh": 110.0}}, {"type": "Feature", "geometry": {"type": "LineString", "coordinates": [[9.5857218, 62.2792144], [9.5863936, 62.2794765], [9.5873022, 62.2798449], [9.5881089, 62.2801848], [9.5890053, 62.2805791], [9.5900842, 62.2810761], [9.5908507, 62.2814458], [9.5916082, 62.2818264], [9.5926335, 62.282364], [9.5930888, 62.2826111], [9.5937613, 62.2829919], [9.5941349, 62.2832227], [9.5944414, 62.2834328], [9.5945874, 62.2835431], [9.5947549, 62.2836794], [9.5948825, 62.28379], [9.5950181, 62.2839191], [9.5952338, 62.2841463], [9.5953972, 62.2843511], [9.5955433, 62.2845591], [9.5956015, 62.2846534], [9.5957507, 62.2849469], [9.5958245, 62.2851419], [9.5958866, 62.285359], [9.5959329, 62.2856635], [9.595938, 62.2859297], [9.5959195, 62.2861356], [9.5959031, 62.2862339], [9.5958583, 62.2864212], [9.5958019, 62.2865944], [9.5957224, 62.2867845], [9.5956421, 62.2869442], [9.5954994, 62.287176], [9.5953782, 62.287341], [9.5951727, 62.2875848], [9.594996, 62.2877745], [9.5919227, 62.2908892], [9.5915553, 62.2912706], [9.5913972, 62.2914563], [9.591281, 62.2916219], [9.5911938, 62.2917709]]}, "properties": {"electrified": "contact_line", "frequency": "16.67", "gauge": "1435", "maxspeed": "110", "name": "Dovrebanen", "operator": "Bane NOR", "passenger_lines": "1", "railway": "rail", "usage": "main", "voltage": "15000", "length_km": 1.649, "maxspeed_kmh": 110.0}}, {"type": "Feature", "geometry": {"type": "LineString", "coordinates": [[9.6357876, 62.5377442], [9.6361084, 62.5382395], [9.6363273, 62.5386278], [9.6363766, 62.5387391], [9.6364615, 62.5389773], [9.636514, 62.5392154], [9.6365361, 62.539357], [9.6368674, 62.5429629], [9.6369261, 62.5433992], [9.636956, 62.5435366], [9.6370347, 62.5438248], [9.6370793, 62.5439555], [9.6371974, 62.5442411], [9.6372951, 62.5444457], [9.6376075, 62.5450375], [9.6376953, 62.545217], [9.637799, 62.5454474], [9.6378856, 62.5456705], [9.6379247, 62.5457776], [9.6379939, 62.5460161], [9.6381654, 62.5467614], [9.6382414, 62.5470423], [9.6383219, 62.5472775], [9.6383771, 62.5474148], [9.638486, 62.5476615], [9.6390856, 62.5488351], [9.6393538, 62.5494518]]}, "properties": {"electrified": "contact_line", "frequency": "16.67", "gauge": "1435", "maxspeed": "100", "name": "Dovrebanen", "operator": "Bane NOR", "passenger_lines": "1", "railway": "rail", "usage": "main", "voltage": "15000", "length_km": 1.323, "maxspeed_kmh": 100.0}}, {"type": "Feature", "geometry": {"type": "LineString", "coordinates": [[9.6393538, 62.5494518], [9.6393909, 62.5495482]]}, "properties": {"bridge": "yes", "electrified": "contact_line", "frequency": "16.67", "gauge": "1435", "maxspeed": "100", "name": "Dovrebanen", "operator": "Bane NOR", "passenger_lines": "1", "railway": "rail", "usage": "main", "voltage": "15000", "length_km": 0.011, "maxspeed_kmh": 100.0}}, {"type": "Feature", "geometry": {"type": "LineString", "coordinates": [[9.6294176, 62.5306482], [9.6298941, 62.5308122]]}, "properties": {"bridge": "yes", "electrified": "contact_line", "frequency": "16.67", "gauge": "1435", "maxspeed": "85", "name": "Dovrebanen", "operator": "Bane NOR", "passenger_lines": "1", "railway": "rail", "usage": "main", "voltage": "15000", "length_km": 0.031, "maxspeed_kmh": 85.0}}, {"type": "Feature", "geometry": {"type": "LineString", "coordinates": [[9.6393909, 62.5495482], [9.6394912, 62.5497896], [9.6395964, 62.5500913], [9.639738, 62.550542], [9.6399866, 62.5514187], [9.6400272, 62.5515435], [9.6401188, 62.5517794], [9.6402208, 62.5519883], [9.6403507, 62.5521985], [9.6405683, 62.552481], [9.6407305, 62.552653], [9.6408617, 62.552773]]}, "properties": {"electrified": "contact_line", "frequency": "16.67", "gauge": "1435", "maxspeed": "100", "name": "Dovrebanen", "operator": "Bane NOR", "passenger_lines": "1", "railway": "rail", "usage": "main", "voltage": "15000", "length_km": 0.369, "maxspeed_kmh": 100.0}}, {"type": "Feature", "geometry": {"type": "LineString", "coordinates": [[9.3038677, 62.1386771], [9.3040378, 62.1387998]]}, "properties": {"bridge": "yes", "electrified": "contact_line", "frequency": "16.67", "gauge": "1435", "maxspeed": "130", "name": "Dovrebanen", "operator": "Bane NOR", "passenger_lines": "1", "railway": "rail", "usage": "main", "voltage": "15000", "length_km": 0.016, "maxspeed_kmh": 130.0}}, {"type": "Feature", "geometry": {"type": "LineString", "coordinates": [[9.5543573, 62.2111684], [9.5543496, 62.2113717], [9.5542977, 62.2115985], [9.5541742, 62.2118888], [9.5540364, 62.2121571], [9.5538898, 62.2123721], [9.5537972, 62.212467], [9.5537121, 62.2125468]]}, "properties": {"electrified": "contact_line", "frequency": "16.67", "gauge": "1435", "maxspeed": "85", "name": "Dovrebanen", "operator": "Bane NOR", "passenger_lines": "1", "railway": "rail", "tunnel": "yes", "usage": "main", "voltage": "15000", "length_km": 0.159, "maxspeed_kmh": 85.0}}, {"type": "Feature", "geometry": {"type": "LineString", "coordinates": [[9.3405854, 62.1597978], [9.3415166, 62.1601648], [9.3428535, 62.1606786], [9.3444743, 62.1612822], [9.3464422, 62.1619938], [9.3483527, 62.1626579], [9.3497706, 62.1631367], [9.3501977, 62.1632792], [9.3504649, 62.1633678], [9.3515229, 62.1637122], [9.3527603, 62.1641083], [9.3549248, 62.164783], [9.3580793, 62.1657585], [9.3588688, 62.1660069], [9.3593093, 62.1661512], [9.3598683, 62.1663408], [9.360861, 62.1666994], [9.3615983, 62.1669813], [9.3621988, 62.1672242], [9.3629817, 62.16756], [9.3635863, 62.1678341], [9.3640528, 62.1680538], [9.3644815, 62.1682643], [9.3664624, 62.1692844], [9.3669131, 62.1695109], [9.3675596, 62.1698204], [9.3681615, 62.1700907], [9.3682496, 62.17013], [9.3686883, 62.1703179], [9.3691655, 62.1705118], [9.3694336, 62.1706184], [9.3700673, 62.1708598], [9.3710479, 62.17121], [9.3724248, 62.1716796], [9.3739479, 62.1721841], [9.3750554, 62.1725422], [9.3762552, 62.1729214], [9.3778159, 62.1734017], [9.3787555, 62.1736837], [9.380249, 62.1741208], [9.3815513, 62.1744916], [9.3828623, 62.174856], [9.3843213, 62.1752507], [9.3851552, 62.1754713], [9.3859266, 62.1756681], [9.3863826, 62.1757806], [9.3868279, 62.1758853], [9.3874661, 62.1760264], [9.3882651, 62.1761892], [9.3885972, 62.1762527], [9.3892886, 62.1763772], [9.3900865, 62.1765092], [9.3908611, 62.176625], [9.3917391, 62.1767408], [9.3923036, 62.1768077], [9.3932195, 62.1769029], [9.3938805, 62.1769615], [9.3948611, 62.1770388], [9.3960538, 62.1771224], [9.3971222, 62.1771915], [9.3986859, 62.1772817], [9.3998743, 62.1773427], [9.4014913, 62.177415], [9.4025386, 62.1774539], [9.4039373, 62.1774983], [9.4050117, 62.177524], [9.4057506, 62.1775315], [9.4066154, 62.1775231], [9.4070579, 62.1775113], [9.4076785, 62.1774868], [9.4081206, 62.1774627], [9.4089626, 62.1774068], [9.4189124, 62.1766831]]}, "properties": {"electrified": "contact_line", "frequency": "16.67", "gauge": "1435", "maxspeed": "130", "name": "Dovrebanen", "operator": "Bane NOR", "passenger_lines": "1", "railway": "rail", "usage": "main", "voltage": "15000", "length_km": 4.72, "maxspeed_kmh": 130.0}}, {"type": "Feature", "geometry": {"type": "LineString", "coordinates": [[9.5519873, 62.2134924], [9.5517168, 62.2135966], [9.5477421, 62.2150957], [9.5471505, 62.2153287], [9.5468858, 62.2154428], [9.5465786, 62.2155817], [9.5461224, 62.2158026], [9.5457421, 62.2160052], [9.5454406, 62.2161826], [9.5451363, 62.2163757], [9.5447942, 62.2166056], [9.5446434, 62.2167219], [9.5445225, 62.2168145], [9.5442506, 62.217035], [9.543923, 62.2173209]]}, "properties": {"electrified": "contact_line", "frequency": "16.67", "gauge": "1435", "maxspeed": "110", "name": "Dovrebanen", "operator": "Bane NOR", "passenger_lines": "1", "railway": "rail", "usage": "main", "voltage": "15000", "length_km": 0.605, "maxspeed_kmh": 110.0}}, {"type": "Feature", "geometry": {"type": "LineString", "coordinates": [[9.9222925, 62.671011], [9.9224941, 62.6710541], [9.9226857, 62.6710963]]}, "properties": {"bridge": "yes", "electrified": "contact_line", "frequency": "16.67", "gauge": "1435", "maxspeed": "90", "name": "Dovrebanen", "operator": "Bane NOR", "passenger_lines": "1", "railway": "rail", "usage": "main", "voltage": "15000", "length_km": 0.022, "maxspeed_kmh": 90.0}}, {"type": "Feature", "geometry": {"type": "LineString", "coordinates": [[9.9259508, 62.6723224], [9.9260889, 62.6724163], [9.9271, 62.6730804], [9.927682, 62.6734408], [9.9278666, 62.6735493], [9.9284268, 62.6738678], [9.9288562, 62.6740986], [9.9298967, 62.6746382], [9.9303264, 62.6748708], [9.9307132, 62.6750925], [9.9312848, 62.675449], [9.9317118, 62.6757385], [9.9320129, 62.6759571], [9.9323842, 62.6762444], [9.9326287, 62.6764482], [9.9328889, 62.676676], [9.9331522, 62.676926], [9.9334929, 62.6772759], [9.933767, 62.6775729], [9.9343939, 62.6782773], [9.9349673, 62.6789483], [9.937288, 62.6817747], [9.9374888, 62.6820352], [9.9376635, 62.6822864], [9.9378003, 62.682522], [9.9378498, 62.6826237], [9.9379628, 62.6828866], [9.9380433, 62.6831474], [9.9380984, 62.6834067], [9.9381315, 62.6838099], [9.9381189, 62.684238], [9.9381015, 62.6845091], [9.9380588, 62.6849618], [9.9380373, 62.6851618], [9.9378623, 62.6867851], [9.9378542, 62.6868607], [9.9377716, 62.6877128], [9.9377629, 62.6881224], [9.9377829, 62.6883929], [9.9378028, 62.6885465], [9.9378252, 62.6886736], [9.9378917, 62.6889579], [9.9379924, 62.6892875], [9.9382996, 62.6901606], [9.9386397, 62.6910475], [9.938748, 62.6913133], [9.9388636, 62.6915521]]}, "properties": {"electrified": "contact_line", "frequency": "16.67", "gauge": "1435", "maxspeed": "115", "name": "Dovrebanen", "operator": "Bane NOR", "passenger_lines": "1", "railway": "rail", "usage": "main", "voltage": "15000", "length_km": 2.316, "maxspeed_kmh": 115.0}}, {"type": "Feature", "geometry": {"type": "LineString", "coordinates": [[11.2086146, 60.6988238], [11.2079598, 60.7001106], [11.2075709, 60.7008839], [11.2060171, 60.7039499], [11.2052911, 60.7053784], [11.2052114, 60.7055323], [11.2051291, 60.7056857], [11.2050085, 60.7058957], [11.2049353, 60.7060218], [11.2048503, 60.706163], [11.2046959, 60.706397], [11.2045342, 60.706637], [11.2043081, 60.7069477], [11.2040957, 60.7072153], [11.2038137, 60.7075552], [11.2033403, 60.7081046], [11.2028845, 60.7086346], [11.2025522, 60.7090194], [11.2012851, 60.7104944], [11.2004063, 60.7115136], [11.1989897, 60.7131611], [11.1976386, 60.7147296]]}, "properties": {"electrified": "contact_line", "frequency": "16.67", "gauge": "1435", "maxspeed": "130", "name": "Dovrebanen", "operator": "Bane NOR", "passenger_lines": "1", "railway": "rail", "usage": "main", "voltage": "15000", "length_km": 1.876, "maxspeed_kmh": 130.0}}, {"type": "Feature", "geometry": {"type": "LineString", "coordinates": [[11.1934632, 60.7197131], [11.1931151, 60.7201169]]}, "properties": {"bridge": "yes", "electrified": "contact_line", "frequency": "16.67", "gauge": "1435", "maxspeed": "40", "name": "Dovrebanen", "passenger_lines": "2", "railway": "rail", "usage": "main", "voltage": "15000", "length_km": 0.049, "maxspeed_kmh": 40.0}}, {"type": "Feature", "geometry": {"type": "LineString", "coordinates": [[11.1931151, 60.7201169], [11.1925835, 60.7207339], [11.192307, 60.7210475], [11.1920798, 60.721283], [11.1918502, 60.7215052], [11.1917085, 60.7216423], [11.1914608, 60.7219036]]}, "properties": {"electrified": "contact_line", "frequency": "16.67", "gauge": "1435", "maxspeed": "40", "name": "Dovrebanen", "passenger_lines": "2", "railway": "rail", "usage": "main", "voltage": "15000", "length_km": 0.219, "maxspeed_kmh": 40.0}}, {"type": "Feature", "geometry": {"type": "LineString", "coordinates": [[11.1914608, 60.7219036], [11.1924831, 60.7207163], [11.1930485, 60.720057]]}, "properties": {"electrified": "contact_line", "frequency": "16.67", "gauge": "1435", "maxspeed": "130", "name": "Dovrebanen", "operator": "Bane NOR", "passenger_lines": "2", "railway": "rail", "usage": "main", "voltage": "15000", "length_km": 0.223, "maxspeed_kmh": 130.0}}, {"type": "Feature", "geometry": {"type": "LineString", "coordinates": [[11.2898256, 60.5963291], [11.2898961, 60.5964108]]}, "properties": {"bridge": "yes", "electrified": "contact_line", "frequency": "16.67", "gauge": "1435", "maxspeed": "110", "name": "Dovrebanen", "operator": "Bane NOR", "passenger_lines": "1", "railway": "rail", "usage": "main", "voltage": "15000", "length_km": 0.01, "maxspeed_kmh": 110.0}}, {"type": "Feature", "geometry": {"type": "LineString", "coordinates": [[11.2495791, 60.5582966], [11.249707, 60.558544], [11.2500282, 60.5591295], [11.2503522, 60.5597163], [11.2509052, 60.5607021], [11.2515157, 60.5618084], [11.2516654, 60.5620881], [11.2518044, 60.5623245], [11.251866, 60.5624299], [11.2519388, 60.5625595], [11.2521088, 60.5628335], [11.2523136, 60.5631348], [11.252437, 60.5633194], [11.2525731, 60.5634987], [11.2527814, 60.5637628], [11.2530825, 60.564113], [11.2532848, 60.5643253], [11.2534998, 60.5645386], [11.2539152, 60.5649303], [11.2543287, 60.5653105], [11.2564087, 60.5672388], [11.2568208, 60.56762], [11.2577583, 60.5684855], [11.258302, 60.5689865], [11.2588204, 60.5694587], [11.2591146, 60.5697266], [11.2593538, 60.5699428], [11.2596021, 60.5701532], [11.259896, 60.5704035], [11.2606025, 60.5709856], [11.2609612, 60.5712873], [11.261321, 60.5715965], [11.2616083, 60.5718498], [11.2618958, 60.5721165], [11.2622291, 60.5724359], [11.2632718, 60.5734609], [11.263922, 60.5741055], [11.2645601, 60.5747437], [11.2648247, 60.5750017], [11.2651169, 60.5752864], [11.2659118, 60.5760776], [11.2665105, 60.5766781], [11.2670963, 60.5772529], [11.2675522, 60.577708], [11.2681535, 60.5783062], [11.2686815, 60.5788289], [11.2689279, 60.5790838], [11.269167, 60.5793367]]}, "properties": {"electrified": "contact_line", "frequency": "16.67", "gauge": "1435", "maxspeed": "120", "name": "Dovrebanen", "operator": "Bane NOR", "passenger_lines": "1", "railway": "rail", "usage": "main", "voltage": "15000", "length_km": 2.589, "maxspeed_kmh": 120.0}}, {"type": "Feature", "geometry": {"type": "LineString", "coordinates": [[9.4104329, 61.8438188], [9.410543, 61.8438763], [9.4111543, 61.8441855], [9.4113071, 61.8442665], [9.4115678, 61.8444163], [9.4118099, 61.8445792], [9.4120174, 61.844739], [9.4122171, 61.8449263], [9.4123811, 61.8451142], [9.412516, 61.8453099], [9.4125914, 61.8454512], [9.4126404, 61.8455647], [9.4126815, 61.8456841], [9.4127385, 61.8459117], [9.4128459, 61.8465358], [9.412917, 61.8468548], [9.4130342, 61.8472187], [9.4133192, 61.8479293], [9.4133795, 61.8481477], [9.4134045, 61.8483479], [9.4133989, 61.8485557], [9.4133597, 61.8487592], [9.4133296, 61.8488535], [9.4132347, 61.8490618], [9.413195, 61.8491303], [9.4130903, 61.8492823], [9.4129883, 61.8494127], [9.4127757, 61.8496429], [9.4125896, 61.8498299], [9.4119298, 61.8504532], [9.4117407, 61.850647], [9.4115806, 61.8508235], [9.411517, 61.8509016], [9.4113484, 61.8511387], [9.4112507, 61.851304], [9.4111373, 61.8515338], [9.4110579, 61.8517612], [9.4110176, 61.8519269], [9.4109815, 61.8522273], [9.4109855, 61.8525862], [9.4110055, 61.8528305], [9.4110132, 61.8531464], [9.410998, 61.853375], [9.410984, 61.8534662], [9.4109155, 61.8537013], [9.4108741, 61.8537999], [9.4108328, 61.8538805], [9.4107052, 61.8540822], [9.4105577, 61.8542655], [9.4104797, 61.8543479], [9.4103825, 61.854439], [9.4101668, 61.8546201], [9.40993, 61.8547848], [9.4097769, 61.8548794], [9.4094687, 61.8550472], [9.4092638, 61.8551444], [9.4090567, 61.8552325], [9.4088883, 61.8552982], [9.4086169, 61.8553988], [9.4077229, 61.855704], [9.4072264, 61.855878], [9.4070237, 61.8559517], [9.406488, 61.8561584], [9.4061097, 61.856313], [9.405816, 61.8564387], [9.4052472, 61.8566965], [9.4048699, 61.8568765], [9.4044023, 61.8571104], [9.4039095, 61.8573652], [9.4033718, 61.8576546], [9.4029029, 61.8579187], [9.4024883, 61.8581599], [9.4017096, 61.8586314], [9.401337, 61.8588705], [9.4008276, 61.8592119], [9.4003322, 61.8595668], [9.3999683, 61.8598434], [9.39945, 61.8602697], [9.3991431, 61.8605458], [9.3988083, 61.8608749], [9.3985346, 61.8611667], [9.3983357, 61.8613974]]}, "properties": {"electrified": "contact_line", "frequency": "16.67", "gauge": "1435", "maxspeed": "85", "name": "Dovrebanen", "operator": "Bane NOR", "passenger_lines": "1", "railway": "rail", "usage": "main", "voltage": "15000", "length_km": 2.267, "maxspeed_kmh": 85.0}}, {"type": "Feature", "geometry": {"type": "LineString", "coordinates": [[10.4636809, 61.0877694], [10.4637602, 61.0878883]]}, "properties": {"bridge": "yes", "electrified": "contact_line", "frequency": "16.67", "gauge": "1435", "maxspeed": "85", "name": "Dovrebanen", "operator": "Bane NOR", "passenger_lines": "1", "railway": "rail", "usage": "main", "voltage": "15000", "length_km": 0.014, "maxspeed_kmh": 85.0}}, {"type": "Feature", "geometry": {"type": "LineString", "coordinates": [[10.4663631, 61.0959769], [10.4663999, 61.0960526], [10.4665217, 61.0963809], [10.46657, 61.0965622], [10.4665881, 61.0967027], [10.4665958, 61.096834], [10.4665917, 61.0969154], [10.4665816, 61.0970347], [10.4665627, 61.0971772], [10.4665359, 61.0973269], [10.4665107, 61.0974668], [10.4664743, 61.0976779], [10.4664672, 61.0978389], [10.4664798, 61.0979914], [10.4665146, 61.0981862], [10.4665708, 61.0983588], [10.4666517, 61.098546], [10.4667325, 61.0987258], [10.4668098, 61.0989014], [10.4669073, 61.09917], [10.466945, 61.0993133], [10.4669679, 61.0994413], [10.466978, 61.0995767], [10.4669776, 61.0997201], [10.4669716, 61.100042], [10.4669469, 61.1003577], [10.4668848, 61.1015106], [10.4668547, 61.1017228], [10.4668036, 61.1018955], [10.4667235, 61.102063], [10.4666087, 61.1022392], [10.4664982, 61.1023817], [10.4663696, 61.1025061], [10.4662325, 61.1026253], [10.4659106, 61.1028709], [10.4654397, 61.1032099], [10.4652626, 61.1033457], [10.4651114, 61.1034679], [10.4649623, 61.1036095], [10.4648403, 61.1037382], [10.4647325, 61.1038611], [10.4646365, 61.103989], [10.4645593, 61.1041163], [10.4644998, 61.10423], [10.4644386, 61.1043612], [10.4643786, 61.1045212], [10.4643333, 61.1047003], [10.4643108, 61.1048456], [10.4642991, 61.1049998], [10.4643081, 61.1051646]]}, "properties": {"electrified": "contact_line", "frequency": "16.67", "gauge": "1435", "maxspeed": "75", "name": "Dovrebanen", "operator": "Bane NOR", "passenger_lines": "1", "railway": "rail", "usage": "main", "voltage": "15000", "length_km": 1.059, "maxspeed_kmh": 75.0}}, {"type": "Feature", "geometry": {"type": "LineString", "coordinates": [[11.2420137, 60.4490512], [11.2418766, 60.448734], [11.2417146, 60.4483112], [11.2415685, 60.4478625], [11.2414719, 60.447505], [11.2413715, 60.4470567], [11.2412883, 60.4465424], [11.2412386, 60.4460286], [11.2412197, 60.4455234], [11.2412211, 60.4450102], [11.2412359, 60.444493], [11.2412553, 60.4439705], [11.2412667, 60.44367], [11.2412986, 60.4428247], [11.2413304, 60.4418917], [11.2413331, 60.4413648], [11.2413297, 60.4411335], [11.241311, 60.440769], [11.2412769, 60.4404018], [11.2412198, 60.4399913], [11.2411405, 60.4395784], [11.2410542, 60.4392235], [11.2409591, 60.4388763]]}, "properties": {"electrified": "contact_line", "frequency": "16.67", "gauge": "1435", "maxspeed": "200", "name": "Dovrebanen", "operator": "Bane NOR", "passenger_lines": "2", "railway": "rail", "usage": "main", "voltage": "15000", "length_km": 1.138, "maxspeed_kmh": 200.0}}, {"type": "Feature", "geometry": {"type": "LineString", "coordinates": [[11.2410419, 60.4388699], [11.241138, 60.4392192], [11.2412243, 60.4395723], [11.2413029, 60.4399873], [11.2413607, 60.4404004], [11.2413941, 60.4407674], [11.2414122, 60.4411331], [11.2414156, 60.4413671], [11.2414129, 60.4418924], [11.2413821, 60.4428254], [11.2413499, 60.4436703], [11.2413391, 60.4439713], [11.2413192, 60.444493], [11.2413056, 60.4450122], [11.2413024, 60.4455231], [11.2413231, 60.4460266], [11.2413726, 60.4465416], [11.2414546, 60.4470518], [11.2415544, 60.4475004], [11.241652, 60.4478572], [11.2417971, 60.4483035], [11.2419594, 60.4487267], [11.2420996, 60.4490506]]}, "properties": {"electrified": "contact_line", "frequency": "16.67", "gauge": "1435", "maxspeed": "200", "name": "Dovrebanen", "operator": "Bane NOR", "passenger_lines": "2", "railway": "rail", "usage": "main", "voltage": "15000", "length_km": 1.139, "maxspeed_kmh": 200.0}}, {"type": "Feature", "geometry": {"type": "LineString", "coordinates": [[11.2367903, 60.483393], [11.236589, 60.4835969], [11.2362141, 60.4839826], [11.2358398, 60.4843936], [11.2355413, 60.4847427], [11.2352082, 60.4851581], [11.2348161, 60.4856931], [11.234465, 60.4862219], [11.2341484, 60.4867545], [11.2338615, 60.4872956], [11.2336097, 60.4878274], [11.2333712, 60.4883765], [11.2331446, 60.4889198], [11.2329281, 60.4894681], [11.2327205, 60.4900195], [11.2325226, 60.4905685], [11.2323333, 60.491122], [11.2321588, 60.4916676], [11.2320341, 60.4921061], [11.231944, 60.492473], [11.231857, 60.4929199], [11.2317826, 60.4934765], [11.2317462, 60.4940369], [11.2317517, 60.4945816], [11.2317938, 60.4951399], [11.2318761, 60.4956957], [11.2319962, 60.4962495], [11.2320701, 60.4965259], [11.2321579, 60.4968112], [11.2322512, 60.497084], [11.2323569, 60.4973604], [11.2324711, 60.4976366], [11.232597, 60.497916], [11.2327336, 60.4981902], [11.2328786, 60.4984671], [11.233033, 60.498739], [11.2331966, 60.4990108], [11.2333676, 60.4992746], [11.2335558, 60.4995501], [11.2338652, 60.4999702], [11.2341374, 60.5003124], [11.2344991, 60.5007379], [11.2349825, 60.5012572], [11.2354966, 60.5017606], [11.2360139, 60.5022351], [11.2364536, 60.5026231], [11.2367426, 60.5028766]]}, "properties": {"electrified": "contact_line", "frequency": "16.67", "gauge": "1435", "maxspeed": "200", "name": "Dovrebanen", "operator": "Bane NOR", "passenger_lines": "2", "railway": "rail", "usage": "main", "voltage": "15000", "length_km": 2.262, "maxspeed_kmh": 200.0}}, {"type": "Feature", "geometry": {"type": "LineString", "coordinates": [[11.2392806, 60.4294975], [11.2393414, 60.4280896], [11.2393887, 60.4269512], [11.2394327, 60.4258165], [11.2394428, 60.4253458], [11.239439, 60.4249141], [11.239424, 60.4243099], [11.2393997, 60.4237052], [11.2393297, 60.4221034], [11.2392402, 60.4199805], [11.2391704, 60.4183197], [11.2391026, 60.4167334], [11.2390289, 60.4150552], [11.2390113, 60.4146691], [11.2389899, 60.4142816], [11.2389633, 60.4139165], [11.2389254, 60.4135381], [11.2388895, 60.4132858], [11.2388446, 60.4130002], [11.2387799, 60.4126971], [11.2387185, 60.4124322], [11.2387036, 60.4123742], [11.238631, 60.4121125], [11.2385304, 60.411795], [11.2384231, 60.4114998], [11.2383151, 60.4112242], [11.2381791, 60.4109094], [11.2380077, 60.4105379], [11.2374608, 60.4094344], [11.2373432, 60.4091988], [11.2372242, 60.4089547], [11.2370777, 60.4086524], [11.2369441, 60.4083661], [11.2367817, 60.407983]]}, "properties": {"electrified": "contact_line", "frequency": "16.67", "gauge": "1435", "maxspeed": "200", "name": "Dovrebanen", "operator": "Bane NOR", "passenger_lines": "2", "railway": "rail", "usage": "main", "voltage": "15000", "length_km": 2.41, "maxspeed_kmh": 200.0}}, {"type": "Feature", "geometry": {"type": "LineString", "coordinates": [[11.2366694, 60.5028924], [11.2363802, 60.5026432], [11.2359386, 60.5022551], [11.2354236, 60.5017805], [11.2349087, 60.5012754], [11.2344233, 60.5007551], [11.2340596, 60.5003278], [11.2337859, 60.4999837], [11.2334743, 60.4995623], [11.2332872, 60.4992868], [11.2331162, 60.4990233], [11.2329512, 60.4987509], [11.2327968, 60.4984781], [11.2326505, 60.4982011], [11.2325154, 60.4979257], [11.2323893, 60.4976455], [11.2322744, 60.4973688], [11.2321707, 60.4970926], [11.232076, 60.4968182], [11.2319876, 60.4965325], [11.231912, 60.4962553], [11.2317922, 60.4957007], [11.231709, 60.495143], [11.2316669, 60.4945827], [11.2316637, 60.4940362], [11.231699, 60.4934751], [11.2317731, 60.4929159], [11.2318609, 60.4924691], [11.2319504, 60.4921003], [11.2320763, 60.4916629], [11.2322528, 60.4911146], [11.2324405, 60.4905623], [11.2326374, 60.4900112], [11.2328453, 60.4894618], [11.2330631, 60.4889129], [11.2332895, 60.4883672], [11.233529, 60.4878177], [11.2337808, 60.4872849], [11.2340668, 60.4867425], [11.2343862, 60.4862068], [11.2347364, 60.4856793], [11.2351286, 60.4851455], [11.2354597, 60.4847319], [11.2357611, 60.4843786], [11.2361347, 60.4839688], [11.2365128, 60.4835789], [11.2367158, 60.4833731]]}, "properties": {"electrified": "contact_line", "frequency": "16.67", "gauge": "1435", "maxspeed": "200", "name": "Dovrebanen", "operator": "Bane NOR", "passenger_lines": "2", "railway": "rail", "usage": "main", "voltage": "15000", "length_km": 2.267, "maxspeed_kmh": 200.0}}, {"type": "Feature", "geometry": {"type": "LineString", "coordinates": [[11.2367426, 60.5028766], [11.2382011, 60.504143]]}, "properties": {"electrified": "contact_line", "frequency": "16.67", "gauge": "1435", "maxspeed": "200", "name": "Dovrebanen", "operator": "Bane NOR", "passenger_lines": "2", "railway": "rail", "tunnel": "yes", "usage": "main", "voltage": "15000", "length_km": 0.162, "maxspeed_kmh": 200.0}}, {"type": "Feature", "geometry": {"type": "LineString", "coordinates": [[11.2367158, 60.4833731], [11.2370975, 60.483035], [11.2376293, 60.4826126], [11.2384291, 60.4819554], [11.2391348, 60.4814238], [11.239947, 60.4808056], [11.2412182, 60.4798505], [11.2419979, 60.4792103], [11.2426999, 60.4785666], [11.2434113, 60.4778337], [11.2440594, 60.477095], [11.2446393, 60.4762911], [11.2451366, 60.4755058], [11.2455093, 60.474755], [11.2459164, 60.4737097], [11.2461834, 60.4726701], [11.2464696, 60.4713216], [11.2468503, 60.4695028], [11.2470558, 60.4684519], [11.247173, 60.4676747], [11.247247, 60.466772], [11.2473125, 60.4655441], [11.2473282, 60.4647152], [11.2473075, 60.4639021], [11.2472518, 60.4628882], [11.2471911, 60.4620325], [11.2470338, 60.460972], [11.2468335, 60.4598979], [11.2465703, 60.4588106], [11.2463502, 60.4580351], [11.2461093, 60.4572501], [11.2459006, 60.4566709], [11.2456252, 60.455911], [11.2453065, 60.4551684], [11.244785, 60.4540601], [11.2442429, 60.4529697], [11.2435434, 60.4517571], [11.2429061, 60.450704], [11.2424349, 60.4499193], [11.2420137, 60.4490512]]}, "properties": {"electrified": "contact_line", "frequency": "16.67", "gauge": "1435", "maxspeed": "200", "name": "Dovrebanen", "operator": "Bane NOR", "passenger_lines": "2", "railway": "rail", "tunnel": "yes", "usage": "main", "voltage": "15000", "length_km": 3.984, "maxspeed_kmh": 200.0}}, {"type": "Feature", "geometry": {"type": "LineString", "coordinates": [[11.2420996, 60.4490506], [11.2425251, 60.4499122], [11.2429915, 60.4506972], [11.2436283, 60.4517512], [11.2443288, 60.4529628], [11.2448621, 60.454051], [11.2453913, 60.4551654], [11.2456983, 60.4559053], [11.2459831, 60.4566687], [11.2461839, 60.45725], [11.2464349, 60.458029], [11.246648, 60.4588085], [11.2469146, 60.4598954], [11.2471215, 60.4609726], [11.2472723, 60.4620324], [11.2473482, 60.4628911], [11.2474122, 60.4639055], [11.2474082, 60.4647158], [11.2474011, 60.4655504], [11.2473425, 60.466778], [11.2472528, 60.4676806], [11.2471229, 60.4684587], [11.2469346, 60.4695075], [11.2465473, 60.4713274], [11.2462731, 60.4726752], [11.2460023, 60.473712], [11.2455908, 60.4747663], [11.2452147, 60.4755161], [11.2447235, 60.476304], [11.2441357, 60.4771057], [11.2434897, 60.4778483], [11.2427687, 60.4785867], [11.2420626, 60.4792361], [11.2412943, 60.4798686], [11.2400289, 60.4808277], [11.2392157, 60.4814383], [11.2385164, 60.4819754], [11.2377071, 60.4826252], [11.2371561, 60.4830687], [11.2367903, 60.483393]]}, "properties": {"electrified": "contact_line", "frequency": "16.67", "gauge": "1435", "maxspeed": "200", "name": "Dovrebanen", "operator": "Bane NOR", "passenger_lines": "2", "railway": "rail", "tunnel": "yes", "usage": "main", "voltage": "15000", "length_km": 3.986, "maxspeed_kmh": 200.0}}, {"type": "Feature", "geometry": {"type": "LineString", "coordinates": [[11.2409591, 60.4388763], [11.2407116, 60.4381226], [11.2403438, 60.4371636], [11.239998, 60.4362812], [11.2397349, 60.4355557], [11.2395658, 60.4349444], [11.2393941, 60.4341842], [11.2392717, 60.4336486]]}, "properties": {"electrified": "contact_line", "frequency": "16.67", "gauge": "1435", "maxspeed": "200", "name": "Dovrebanen", "operator": "Bane NOR", "passenger_lines": "2", "railway": "rail", "tunnel": "yes", "usage": "main", "voltage": "15000", "length_km": 0.59, "maxspeed_kmh": 200.0}}, {"type": "Feature", "geometry": {"type": "LineString", "coordinates": [[11.2393542, 60.433641], [11.2394912, 60.4341662], [11.2396557, 60.4349399], [11.2398236, 60.4355502], [11.2400705, 60.4362723], [11.240425, 60.4371527], [11.2408037, 60.4381194], [11.2410419, 60.4388699]]}, "properties": {"electrified": "contact_line", "frequency": "16.67", "gauge": "1435", "maxspeed": "200", "name": "Dovrebanen", "operator": "Bane NOR", "passenger_lines": "2", "railway": "rail", "tunnel": "yes", "usage": "main", "voltage": "15000", "length_km": 0.59, "maxspeed_kmh": 200.0}}, {"type": "Feature", "geometry": {"type": "LineString", "coordinates": [[11.2381329, 60.5041667], [11.2366694, 60.5028924]]}, "properties": {"electrified": "contact_line", "frequency": "16.67", "gauge": "1435", "maxspeed": "200", "name": "Dovrebanen", "operator": "Bane NOR", "passenger_lines": "2", "railway": "rail", "tunnel": "yes", "usage": "main", "voltage": "15000", "length_km": 0.163, "maxspeed_kmh": 200.0}}, {"type": "Feature", "geometry": {"type": "LineString", "coordinates": [[10.4543296, 61.1213562], [10.4541492, 61.1214438]]}, "properties": {"bridge": "yes", "electrified": "contact_line", "frequency": "16.67", "gauge": "1435", "maxspeed": "125", "name": "Dovrebanen", "operator": "Bane NOR", "passenger_lines": "1", "railway": "rail", "usage": "main", "voltage": "15000", "length_km": 0.014, "maxspeed_kmh": 125.0}}, {"type": "Feature", "geometry": {"type": "LineString", "coordinates": [[10.4541492, 61.1214438], [10.4511407, 61.122897], [10.4488577, 61.1240627], [10.4484176, 61.1243558]]}, "properties": {"electrified": "contact_line", "frequency": "16.67", "gauge": "1435", "maxspeed": "125", "name": "Dovrebanen", "operator": "Bane NOR", "passenger_lines": "1", "railway": "rail", "usage": "main", "voltage": "15000", "length_km": 0.449, "maxspeed_kmh": 125.0}}, {"type": "Feature", "geometry": {"type": "LineString", "coordinates": [[10.6772671, 60.952377], [10.677151, 60.952439]]}, "properties": {"bridge": "yes", "electrified": "contact_line", "frequency": "16.67", "gauge": "1435", "maxspeed": "100", "name": "Dovrebanen", "operator": "Bane NOR", "passenger_lines": "1", "railway": "rail", "usage": "main", "voltage": "15000", "length_km": 0.009, "maxspeed_kmh": 100.0}}, {"type": "Feature", "geometry": {"type": "LineString", "coordinates": [[10.663959, 60.9631736], [10.663741, 60.9632604]]}, "properties": {"bridge": "yes", "electrified": "contact_line", "frequency": "16.67", "gauge": "1435", "maxspeed": "85", "name": "Dovrebanen", "operator": "Bane NOR", "passenger_lines": "1", "railway": "rail", "usage": "main", "voltage": "15000", "length_km": 0.015, "maxspeed_kmh": 85.0}}, {"type": "Feature", "geometry": {"type": "LineString", "coordinates": [[10.663741, 60.9632604], [10.6634627, 60.9633584], [10.6631525, 60.9634578], [10.6628429, 60.9635476], [10.6623163, 60.9636918], [10.6612333, 60.9639956], [10.6607789, 60.9641343], [10.6605054, 60.9642343], [10.6603166, 60.9643096], [10.6600605, 60.9644221], [10.659858, 60.9645248], [10.6595944, 60.9646783], [10.6593762, 60.9648247], [10.6591482, 60.9650074], [10.6589601, 60.9651841], [10.6588019, 60.9653447], [10.6583475, 60.9658213], [10.658002, 60.9661364], [10.6576369, 60.966454], [10.6572117, 60.9667942], [10.6567502, 60.9671358], [10.6563165, 60.9674327], [10.6559967, 60.9676462], [10.6556247, 60.967901], [10.6553443, 60.9681154], [10.655058, 60.9683627], [10.6548272, 60.9685972], [10.654662, 60.968791], [10.6544847, 60.9690409], [10.6543856, 60.9692056], [10.6542875, 60.9693955]]}, "properties": {"electrified": "contact_line", "frequency": "16.67", "gauge": "1435", "maxspeed": "85", "name": "Dovrebanen", "operator": "Bane NOR", "passenger_lines": "1", "railway": "rail", "usage": "main", "voltage": "15000", "length_km": 0.879, "maxspeed_kmh": 85.0}}, {"type": "Feature", "geometry": {"type": "LineString", "coordinates": [[11.0991339, 60.7784146], [11.0995328, 60.778661], [11.0998643, 60.778901], [11.1001225, 60.7791179], [11.1003492, 60.7793335], [11.1006102, 60.7796175], [11.1007985, 60.7798911], [11.1009101, 60.7800749], [11.1009971, 60.7802581], [11.1010625, 60.7804187]]}, "properties": {"electrified": "contact_line", "frequency": "16.67", "gauge": "1435", "maxspeed": "105", "name": "Dovrebanen", "operator": "Bane NOR", "passenger_lines": "1", "railway": "rail", "usage": "main", "voltage": "15000", "length_km": 0.25, "maxspeed_kmh": 105.0}}, {"type": "Feature", "geometry": {"type": "LineString", "coordinates": [[10.0625597, 61.5493568], [10.0621429, 61.5494612], [10.0618453, 61.5495343]]}, "properties": {"bridge": "yes", "electrified": "contact_line", "frequency": "16.67", "gauge": "1435", "maxspeed": "130", "name": "Dovrebanen", "operator": "Bane NOR", "passenger_lines": "1", "railway": "rail", "usage": "main", "voltage": "15000", "length_km": 0.043, "maxspeed_kmh": 130.0}}, {"type": "Feature", "geometry": {"type": "LineString", "coordinates": [[10.0556071, 61.5504626], [10.0550549, 61.5505245]]}, "properties": {"bridge": "yes", "electrified": "contact_line", "frequency": "16.67", "gauge": "1435", "maxspeed": "130", "name": "Dovrebanen", "operator": "Bane NOR", "passenger_lines": "1", "railway": "rail", "usage": "main", "voltage": "15000", "length_km": 0.03, "maxspeed_kmh": 130.0}}, {"type": "Feature", "geometry": {"type": "LineString", "coordinates": [[10.0548787, 61.5505419], [10.0542948, 61.5505995], [10.0538923, 61.5506271], [10.0535364, 61.550641], [10.0532952, 61.5506438], [10.0528916, 61.5506398], [10.0526471, 61.5506308], [10.0524446, 61.5506192], [10.052169, 61.5505981], [10.0519167, 61.5505737], [10.0514026, 61.5505069], [10.0511718, 61.550469], [10.0509457, 61.5504267], [10.0507223, 61.5503805], [10.0503988, 61.5503028], [10.0500529, 61.5502072], [10.0497757, 61.550118], [10.0494609, 61.5500049], [10.0490957, 61.5498633], [10.0483426, 61.5495555]]}, "properties": {"electrified": "contact_line", "frequency": "16.67", "gauge": "1435", "maxspeed": "90", "name": "Dovrebanen", "operator": "Bane NOR", "passenger_lines": "1", "railway": "rail", "usage": "main", "voltage": "15000", "length_km": 0.383, "maxspeed_kmh": 90.0}}, {"type": "Feature", "geometry": {"type": "LineString", "coordinates": [[10.0618453, 61.5495343], [10.0615655, 61.5495955], [10.060935, 61.5497298], [10.0602459, 61.5498638], [10.0598526, 61.5499332], [10.0594948, 61.5499914], [10.0587352, 61.5501032], [10.0576397, 61.5502368], [10.0556071, 61.5504626]]}, "properties": {"electrified": "contact_line", "frequency": "16.67", "gauge": "1435", "maxspeed": "130", "name": "Dovrebanen", "operator": "Bane NOR", "passenger_lines": "1", "railway": "rail", "usage": "main", "voltage": "15000", "length_km": 0.349, "maxspeed_kmh": 130.0}}, {"type": "Feature", "geometry": {"type": "LineString", "coordinates": [[9.9083447, 61.566138], [9.9087364, 61.5660816]]}, "properties": {"bridge": "yes", "electrified": "contact_line", "frequency": "16.67", "gauge": "1435", "maxspeed": "130", "name": "Dovrebanen", "operator": "Bane NOR", "passenger_lines": "1", "railway": "rail", "usage": "main", "voltage": "15000", "length_km": 0.022, "maxspeed_kmh": 130.0}}, {"type": "Feature", "geometry": {"type": "LineString", "coordinates": [[9.9087364, 61.5660816], [9.9097647, 61.565965], [9.9133372, 61.5656885], [9.9148843, 61.5655635], [9.9158575, 61.5654611], [9.9167286, 61.5653361], [9.9179168, 61.5651157], [9.918715, 61.5649387], [9.9196079, 61.5646992], [9.9201291, 61.5645465], [9.9210039, 61.5642445], [9.9217219, 61.5639789], [9.9225711, 61.5635954], [9.9232964, 61.5632448], [9.9246818, 61.5624496], [9.9254773, 61.5618251], [9.9260666, 61.5613249], [9.926448, 61.5609358], [9.9267889, 61.5605771], [9.9271325, 61.5601325], [9.9274797, 61.5596026], [9.9275218, 61.5595181], [9.9276634, 61.5592341], [9.9279791, 61.5584939], [9.928079, 61.557938], [9.9281306, 61.5574175], [9.9281151, 61.5567596], [9.9280441, 61.5563008], [9.9278491, 61.5555115], [9.927666, 61.5547701], [9.9275397, 61.5541674]]}, "properties": {"electrified": "contact_line", "frequency": "16.67", "gauge": "1435", "maxspeed": "130", "name": "Dovrebanen", "operator": "Bane NOR", "passenger_lines": "1", "railway": "rail", "usage": "main", "voltage": "15000", "length_km": 1.936, "maxspeed_kmh": 130.0}}, {"type": "Feature", "geometry": {"type": "LineString", "coordinates": [[10.4267339, 61.2448189], [10.4267025, 61.2449129]]}, "properties": {"bridge": "yes", "electrified": "contact_line", "frequency": "16.67", "gauge": "1435", "maxspeed": "115", "name": "Dovrebanen", "operator": "Bane NOR", "railway": "rail", "usage": "main", "voltage": "15000", "length_km": 0.011, "maxspeed_kmh": 115.0}}, {"type": "Feature", "geometry": {"type": "LineString", "coordinates": [[9.6773022, 61.6628777], [9.6768395, 61.6628831]]}, "properties": {"bridge": "yes", "electrified": "contact_line", "frequency": "16.67", "gauge": "1435", "maxspeed": "130", "name": "Dovrebanen", "operator": "Bane NOR", "passenger_lines": "1", "railway": "rail", "usage": "main", "voltage": "15000", "length_km": 0.025, "maxspeed_kmh": 130.0}}, {"type": "Feature", "geometry": {"type": "LineString", "coordinates": [[9.5908744, 61.6634854], [9.5907158, 61.6635026]]}, "properties": {"bridge": "yes", "electrified": "contact_line", "frequency": "16.67", "gauge": "1435", "maxspeed": "105", "name": "Dovrebanen", "operator": "Bane NOR", "passenger_lines": "1", "railway": "rail", "usage": "main", "voltage": "15000", "length_km": 0.009, "maxspeed_kmh": 105.0}}, {"type": "Feature", "geometry": {"type": "LineString", "coordinates": [[9.6123458, 61.659218], [9.6122068, 61.6592191], [9.6117678, 61.6592299], [9.6113853, 61.659245], [9.6110224, 61.6592673], [9.6107077, 61.6592867], [9.6100893, 61.6593429], [9.609506, 61.6594093], [9.6092143, 61.6594486], [9.6089034, 61.6594939], [9.6084097, 61.6595753], [9.6078758, 61.6596766], [9.6076143, 61.6597314], [9.6070874, 61.6598532], [9.6066023, 61.6599788], [9.6061145, 61.6601203], [9.6058906, 61.6601899], [9.605362, 61.6603693], [9.6040456, 61.6608598], [9.6037855, 61.6609534], [9.6034111, 61.6610807], [9.6028829, 61.6612438], [9.6023278, 61.6613965], [9.602021, 61.661474], [9.6014302, 61.6616086], [9.6004208, 61.661808], [9.5934414, 61.6631181], [9.5927462, 61.6632364], [9.5922132, 61.6633188], [9.5915332, 61.66341], [9.5908744, 61.6634854]]}, "properties": {"electrified": "contact_line", "frequency": "16.67", "gauge": "1435", "maxspeed": "105", "name": "Dovrebanen", "operator": "Bane NOR", "passenger_lines": "1", "railway": "rail", "usage": "main", "voltage": "15000", "length_km": 1.247, "maxspeed_kmh": 105.0}}, {"type": "Feature", "geometry": {"type": "LineString", "coordinates": [[9.7095825, 61.6657686], [9.7098488, 61.6658003], [9.7102115, 61.6658446], [9.7105832, 61.6658872], [9.7111067, 61.6659411], [9.7115249, 61.6659766], [9.7119915, 61.6660123], [9.712427, 61.6660387], [9.7128538, 61.6660607], [9.713164, 61.6660725], [9.7138319, 61.6660903], [9.7142324, 61.6660954], [9.7146464, 61.6660962], [9.7151297, 61.6660878], [9.7155386, 61.6660767], [9.7158979, 61.6660647], [9.7163386, 61.6660424], [9.7167653, 61.6660169], [9.7171302, 61.6659906], [9.7175379, 61.6659566], [9.7180269, 61.6659082], [9.7183868, 61.6658695], [9.7187529, 61.6658246], [9.7191139, 61.6657789]]}, "properties": {"electrified": "contact_line", "frequency": "16.67", "gauge": "1435", "name": "Dovrebanen", "operator": "Bane NOR", "passenger_lines": "1", "railway": "rail", "usage": "main", "voltage": "15000", "length_km": 0.512}}, {"type": "Feature", "geometry": {"type": "LineString", "coordinates": [[10.4291383, 61.2076565], [10.429619, 61.2078594]]}, "properties": {"bridge": "yes", "electrified": "contact_line", "frequency": "16.67", "gauge": "1435", "maxspeed": "110", "name": "Dovrebanen", "operator": "Bane NOR", "passenger_lines": "1", "railway": "rail", "usage": "main", "voltage": "15000", "length_km": 0.034, "maxspeed_kmh": 110.0}}, {"type": "Feature", "geometry": {"type": "LineString", "coordinates": [[10.4367537, 61.2118686], [10.4370386, 61.2120589], [10.4372013, 61.2121794], [10.4373319, 61.2122926], [10.4374713, 61.2124312], [10.4375764, 61.212556], [10.4376609, 61.2126738], [10.4377346, 61.2128111], [10.43779, 61.2129399], [10.4378299, 61.2130688], [10.4378563, 61.2132059], [10.4378549, 61.2133191], [10.4378523, 61.2134522], [10.4378472, 61.2135038]]}, "properties": {"electrified": "contact_line", "frequency": "16.67", "gauge": "1435", "maxspeed": "75", "name": "Dovrebanen", "operator": "Bane NOR", "passenger_lines": "1", "railway": "rail", "usage": "main", "voltage": "15000", "length_km": 0.196, "maxspeed_kmh": 75.0}}, {"type": "Feature", "geometry": {"type": "LineString", "coordinates": [[10.037651, 62.8157919], [10.0376072, 62.8158972], [10.0375665, 62.815971]]}, "properties": {"bridge": "yes", "electrified": "contact_line", "frequency": "16.67", "gauge": "1435", "maxspeed": "80", "name": "Dovrebanen", "operator": "Bane NOR", "railway": "rail", "usage": "main", "voltage": "15000", "length_km": 0.02, "maxspeed_kmh": 80.0}}, {"type": "Feature", "geometry": {"type": "LineString", "coordinates": [[10.0375665, 62.815971], [10.0374601, 62.8161359], [10.0373617, 62.8162575], [10.037288, 62.8163313], [10.0371457, 62.8164641], [10.0370618, 62.8165332], [10.0368969, 62.8166536], [10.0367148, 62.8167707], [10.0365603, 62.8168575], [10.0363434, 62.8169657], [10.0362219, 62.8170212], [10.0359703, 62.8171245], [10.0357257, 62.8172126], [10.0354569, 62.8172964], [10.0353058, 62.8173384], [10.0350212, 62.8174091], [10.0346557, 62.8174841], [10.0343455, 62.8175364], [10.0338411, 62.8175983], [10.033512, 62.817626], [10.0332063, 62.8176415], [10.0329127, 62.8176473], [10.0327182, 62.8176462], [10.0324097, 62.817638], [10.0322215, 62.8176277]]}, "properties": {"electrified": "contact_line", "frequency": "16.67", "gauge": "1435", "maxspeed": "80", "name": "Dovrebanen", "operator": "Bane NOR", "railway": "rail", "usage": "main", "voltage": "15000", "length_km": 0.36, "maxspeed_kmh": 80.0}}, {"type": "Feature", "geometry": {"type": "LineString", "coordinates": [[10.8208809, 60.9158481], [10.8203966, 60.9158365], [10.8199233, 60.9158313], [10.8193087, 60.9158327], [10.818631, 60.9158241], [10.8172301, 60.9157787], [10.8157583, 60.9157264], [10.8145745, 60.9156766], [10.8127564, 60.9156132], [10.8116456, 60.9155824], [10.8100448, 60.9155486], [10.809029, 60.9155345], [10.8080602, 60.9155264], [10.8068347, 60.9155228], [10.8060342, 60.9155249], [10.8046938, 60.915535], [10.8030969, 60.9155518], [10.8027341, 60.9155512], [10.8023949, 60.9155455], [10.8019242, 60.9155349], [10.8016252, 60.9155304], [10.8012231, 60.9155296]]}, "properties": {"electrified": "contact_line", "frequency": "16.67", "gauge": "1435", "name": "Dovrebanen", "railway": "rail", "service": "siding", "voltage": "15000", "length_km": 1.068}}, {"type": "Feature", "geometry": {"type": "LineString", "coordinates": [[10.693875, 60.9342495], [10.6939137, 60.9341465], [10.6939524, 60.9340091], [10.6939708, 60.9339135], [10.6939978, 60.9338103], [10.6940308, 60.9336956], [10.6940727, 60.933588], [10.6941692, 60.9333632], [10.6942912, 60.9330761], [10.6943318, 60.9329827], [10.6943973, 60.9328444], [10.6944787, 60.9326789], [10.694593, 60.9324873], [10.6947628, 60.9322491], [10.6949395, 60.9320347], [10.6951174, 60.9318619], [10.6953682, 60.9316531], [10.6955403, 60.9315235], [10.6957087, 60.9314051], [10.6959742, 60.9312356], [10.6962157, 60.9310858], [10.6965148, 60.9309026], [10.6966307, 60.9308285], [10.6971489, 60.930511], [10.6975463, 60.9302638], [10.6983285, 60.9297825], [10.6986986, 60.9295362], [10.6991206, 60.9292475], [10.699394, 60.9290439], [10.6995756, 60.9289084], [10.6997216, 60.9288078], [10.6999276, 60.9286732], [10.7000507, 60.9285936], [10.7002853, 60.9284278], [10.7004873, 60.9282592]]}, "properties": {"electrified": "contact_line", "frequency": "16.67", "gauge": "1435", "maxspeed": "40", "name": "Dovrebanen", "passenger_lines": "2", "railway": "rail", "service": "siding", "voltage": "15000", "length_km": 0.772, "maxspeed_kmh": 40.0}}, {"type": "Feature", "geometry": {"type": "LineString", "coordinates": [[10.6456263, 60.9815139], [10.6441699, 60.9818085], [10.6438089, 60.9818817], [10.6433963, 60.9819679], [10.643014, 60.9820401], [10.6426284, 60.9821114], [10.6422643, 60.9821732], [10.641871, 60.9822265], [10.641609, 60.9822608], [10.6413534, 60.9822876], [10.6410988, 60.9823117], [10.640848, 60.9823336], [10.6406157, 60.9823475], [10.6402687, 60.9823645], [10.639998, 60.9823729], [10.6397173, 60.9823808], [10.6393676, 60.9823787], [10.6390423, 60.9823758], [10.6385979, 60.9823618], [10.6381609, 60.9823466], [10.6374527, 60.9823179], [10.6369692, 60.9823092], [10.636509, 60.9823078], [10.6361779, 60.982315], [10.6357543, 60.9823311], [10.6354423, 60.9823498], [10.6351495, 60.982372], [10.6348062, 60.9824031], [10.6344628, 60.9824408], [10.6342204, 60.9824721], [10.6339015, 60.9825169], [10.6335917, 60.9825676], [10.6333258, 60.9826166], [10.6330359, 60.9826748], [10.6326815, 60.9827537], [10.632397, 60.9828226], [10.632162, 60.9828829], [10.6319422, 60.982948], [10.6316493, 60.9830381], [10.6313828, 60.9831236], [10.6311468, 60.9832081], [10.6309484, 60.9832782], [10.6305663, 60.9834327], [10.630241, 60.9835679], [10.6298275, 60.9837445], [10.6293907, 60.9839314], [10.6290579, 60.9840723], [10.6287453, 60.984201], [10.62848, 60.9843055], [10.6281391, 60.9844301], [10.6276867, 60.9845883], [10.6274966, 60.9846506], [10.6272146, 60.9847365], [10.6269585, 60.9848138], [10.626736, 60.9848775], [10.6264872, 60.9849484], [10.6260632, 60.985061]]}, "properties": {"electrified": "contact_line", "frequency": "16.67", "gauge": "1435", "maxspeed": "95", "name": "Dovrebanen", "operator": "Bane NOR", "passenger_lines": "2", "railway": "rail", "usage": "main", "voltage": "15000", "length_km": 1.168, "maxspeed_kmh": 95.0}}, {"type": "Feature", "geometry": {"type": "LineString", "coordinates": [[11.271431, 60.5820028], [11.2713681, 60.581956], [11.2712549, 60.5818717], [11.2711017, 60.5817556], [11.2709221, 60.5816062], [11.2707508, 60.5814372], [11.270652, 60.5813301], [11.2705192, 60.58116], [11.2704272, 60.5810373], [11.2699367, 60.5803124], [11.269797, 60.5801154], [11.2696108, 60.579874], [11.2692835, 60.5794723]]}, "properties": {"electrified": "contact_line", "frequency": "16.67", "gauge": "1435", "name": "Dovrebanen", "operator": "Bane NOR", "passenger_lines": "2", "railway": "rail", "usage": "main", "voltage": "15000", "length_km": 0.307}}, {"type": "Feature", "geometry": {"type": "LineString", "coordinates": [[11.271866, 60.6140518], [11.2714158, 60.6144585], [11.2712428, 60.6146142], [11.2708234, 60.615016], [11.2704979, 60.6153283], [11.2703808, 60.6154457], [11.2702505, 60.6155824], [11.2701182, 60.6157336], [11.2699869, 60.6159013], [11.269843, 60.6161142], [11.2696297, 60.6164498], [11.2694916, 60.6166844], [11.2690906, 60.6173749], [11.268984, 60.6175568], [11.2688332, 60.6178073], [11.2687302, 60.6179711], [11.2685478, 60.6182129]]}, "properties": {"electrified": "contact_line", "frequency": "16.67", "gauge": "1435", "maxspeed": "80", "name": "Dovrebanen", "operator": "Bane NOR", "passenger_lines": "2", "railway": "rail", "usage": "main", "voltage": "15000", "length_km": 0.5, "maxspeed_kmh": 80.0}}, {"type": "Feature", "geometry": {"type": "LineString", "coordinates": [[11.2692835, 60.5794723], [11.2694775, 60.5796767], [11.2695839, 60.5797726], [11.2696807, 60.579868], [11.2697598, 60.5799529], [11.2698879, 60.5801064], [11.2700218, 60.5802916], [11.2701572, 60.5804948], [11.2704062, 60.5808764], [11.2705017, 60.5810113], [11.2706065, 60.5811487], [11.2707482, 60.5813164], [11.2708525, 60.5814291], [11.2710189, 60.5815872], [11.271186, 60.5817336], [11.2713328, 60.5818518], [11.2714398, 60.5819292], [11.2715057, 60.5819769]]}, "properties": {"electrified": "contact_line", "frequency": "16.67", "gauge": "1435", "maxspeed": "40", "name": "Dovrebanen", "passenger_lines": "2", "railway": "rail", "usage": "main", "voltage": "15000", "length_km": 0.306, "maxspeed_kmh": 40.0}}, {"type": "Feature", "geometry": {"type": "LineString", "coordinates": [[11.2932981, 60.6018874], [11.2932297, 60.6019834]]}, "properties": {"bridge": "yes", "electrified": "contact_line", "frequency": "16.67", "gauge": "1435", "maxspeed": "90", "name": "Dovrebanen", "operator": "Bane NOR", "passenger_lines": "1", "railway": "rail", "usage": "main", "voltage": "15000", "length_km": 0.011, "maxspeed_kmh": 90.0}}, {"type": "Feature", "geometry": {"type": "LineString", "coordinates": [[11.2799884, 60.6107948], [11.2797372, 60.6108418]]}, "properties": {"bridge": "yes", "electrified": "contact_line", "frequency": "16.67", "gauge": "1435", "maxspeed": "90", "name": "Dovrebanen", "operator": "Bane NOR", "passenger_lines": "1", "railway": "rail", "usage": "main", "voltage": "15000", "length_km": 0.015, "maxspeed_kmh": 90.0}}, {"type": "Feature", "geometry": {"type": "LineString", "coordinates": [[11.2851761, 60.591231], [11.2853045, 60.5913594]]}, "properties": {"bridge": "yes", "electrified": "contact_line", "frequency": "16.67", "gauge": "1435", "maxspeed": "110", "name": "Dovrebanen", "operator": "Bane NOR", "passenger_lines": "1", "railway": "rail", "usage": "main", "voltage": "15000", "length_km": 0.016, "maxspeed_kmh": 110.0}}, {"type": "Feature", "geometry": {"type": "LineString", "coordinates": [[11.2728965, 60.6131415], [11.2727776, 60.6132417]]}, "properties": {"bridge": "yes", "electrified": "contact_line", "frequency": "16.67", "gauge": "1435", "maxspeed": "80", "name": "Dovrebanen", "operator": "Bane NOR", "passenger_lines": "1", "railway": "rail", "usage": "main", "voltage": "15000", "length_km": 0.013, "maxspeed_kmh": 80.0}}, {"type": "Feature", "geometry": {"type": "LineString", "coordinates": [[11.2715057, 60.5819769], [11.2715875, 60.5820346]]}, "properties": {"bridge": "yes", "electrified": "contact_line", "frequency": "16.67", "gauge": "1435", "maxspeed": "40", "name": "Dovrebanen", "passenger_lines": "2", "railway": "rail", "usage": "main", "voltage": "15000", "length_km": 0.008, "maxspeed_kmh": 40.0}}, {"type": "Feature", "geometry": {"type": "LineString", "coordinates": [[11.2715092, 60.5820566], [11.271431, 60.5820028]]}, "properties": {"bridge": "yes", "electrified": "contact_line", "frequency": "16.67", "gauge": "1435", "name": "Dovrebanen", "operator": "Bane NOR", "passenger_lines": "2", "railway": "rail", "usage": "main", "voltage": "15000", "length_km": 0.007}}, {"type": "Feature", "geometry": {"type": "LineString", "coordinates": [[11.266344, 60.619586], [11.2661181, 60.6196544]]}, "properties": {"bridge": "yes", "electrified": "contact_line", "frequency": "16.67", "gauge": "1435", "maxspeed": "80", "name": "Dovrebanen", "operator": "Bane NOR", "passenger_lines": "1", "railway": "rail", "usage": "main", "voltage": "15000", "length_km": 0.015, "maxspeed_kmh": 80.0}}, {"type": "Feature", "geometry": {"type": "LineString", "coordinates": [[11.2678649, 60.6188681], [11.2676248, 60.6190256]]}, "properties": {"bridge": "yes", "electrified": "contact_line", "frequency": "16.67", "gauge": "1435", "maxspeed": "80", "name": "Dovrebanen", "operator": "Bane NOR", "passenger_lines": "1", "railway": "rail", "usage": "main", "voltage": "15000", "length_km": 0.022, "maxspeed_kmh": 80.0}}, {"type": "Feature", "geometry": {"type": "LineString", "coordinates": [[11.2794916, 60.6108864], [11.2791856, 60.6109315], [11.2787304, 60.6109847], [11.2778336, 60.611077], [11.2772922, 60.6111515], [11.2768259, 60.6112351], [11.2764472, 60.6113234], [11.276137, 60.6113957], [11.2758421, 60.6114813], [11.2754892, 60.6115925], [11.2751537, 60.6117155], [11.274844, 60.6118463], [11.2745082, 60.6120023], [11.2742187, 60.6121595], [11.2740151, 60.6122755], [11.2738265, 60.612394], [11.273597, 60.6125623], [11.2732407, 60.6128475], [11.2728965, 60.6131415]]}, "properties": {"electrified": "contact_line", "frequency": "16.67", "gauge": "1435", "maxspeed": "80", "name": "Dovrebanen", "operator": "Bane NOR", "passenger_lines": "1", "railway": "rail", "usage": "main", "voltage": "15000", "length_km": 0.461, "maxspeed_kmh": 80.0}}, {"type": "Feature", "geometry": {"type": "LineString", "coordinates": [[11.2772034, 60.5851059], [11.2768562, 60.5847938], [11.2765315, 60.5845194], [11.2763748, 60.5844012], [11.2762465, 60.5843064], [11.276108, 60.5842161], [11.2758707, 60.5840722], [11.2755743, 60.5839177], [11.2753381, 60.5838045], [11.2749555, 60.5836411], [11.2733295, 60.5829775], [11.2729003, 60.5828023], [11.2726335, 60.5826841], [11.2724006, 60.5825738], [11.2722292, 60.5824857], [11.2720339, 60.5823814], [11.2718658, 60.5822844], [11.2717307, 60.582199], [11.271574, 60.5820981], [11.2715092, 60.5820566]]}, "properties": {"electrified": "contact_line", "frequency": "16.67", "gauge": "1435", "name": "Dovrebanen", "operator": "Bane NOR", "passenger_lines": "2", "railway": "rail", "usage": "main", "voltage": "15000", "length_km": 0.466}}, {"type": "Feature", "geometry": {"type": "LineString", "coordinates": [[11.2685478, 60.6182129], [11.2685991, 60.6181221], [11.2686331, 60.6180508], [11.2686954, 60.6179279], [11.2687497, 60.6178227], [11.2687622, 60.6177984], [11.2688983, 60.617546], [11.2693942, 60.6166797], [11.2695298, 60.6164357], [11.2696415, 60.616252], [11.269739, 60.6160984], [11.2698893, 60.6158878], [11.2700148, 60.6157179], [11.2701427, 60.6155639], [11.270265, 60.6154269], [11.2703879, 60.6153066], [11.2707354, 60.6149872], [11.2711565, 60.6146046], [11.2713374, 60.6144433], [11.271461, 60.6143458], [11.2715929, 60.6142485], [11.271866, 60.6140518]]}, "properties": {"electrified": "contact_line", "frequency": "16.67", "gauge": "1435", "maxspeed": "40", "name": "Dovrebanen", "passenger_lines": "2", "railway": "rail", "usage": "main", "voltage": "15000", "length_km": 0.501, "maxspeed_kmh": 40.0}}, {"type": "Feature", "geometry": {"type": "LineString", "coordinates": [[11.2504772, 60.6254271], [11.2502392, 60.6256607], [11.2500604, 60.6258164], [11.2498453, 60.626002], [11.2496626, 60.6261443], [11.2494942, 60.6262714], [11.2492856, 60.6264145], [11.2490925, 60.6265435], [11.2488618, 60.6266827], [11.2486247, 60.6268168], [11.2483733, 60.6269534], [11.2481582, 60.6270646], [11.2478771, 60.6272019], [11.247264, 60.6274997], [11.2463038, 60.6279916], [11.2459384, 60.6281988], [11.2455367, 60.6284353], [11.2451946, 60.6286521], [11.2448707, 60.6288631], [11.2445208, 60.6291039], [11.2440997, 60.6294179], [11.2437421, 60.6297007], [11.2434518, 60.6299479], [11.2432234, 60.6301605], [11.2430073, 60.6304047], [11.2427597, 60.6307171], [11.2424153, 60.6311626], [11.2421172, 60.6314929], [11.2419324, 60.631681], [11.2417854, 60.6318115], [11.2416096, 60.6319547], [11.2414083, 60.6321037], [11.2412271, 60.6322255], [11.2410409, 60.6323421], [11.240836, 60.632461], [11.2405676, 60.6326057], [11.2402963, 60.6327344], [11.2400815, 60.632833], [11.2398498, 60.6329296], [11.2395815, 60.6330355], [11.2393252, 60.633129], [11.2386498, 60.6333809], [11.2383909, 60.6334797], [11.2380894, 60.6336022], [11.2378407, 60.6337123], [11.2375651, 60.6338444], [11.2373243, 60.6339707], [11.2371271, 60.6340869], [11.2369444, 60.6341976], [11.2367784, 60.6343051], [11.236623, 60.6344122], [11.2364532, 60.6345438], [11.2362262, 60.634736], [11.2360045, 60.634937], [11.2357751, 60.6351657], [11.2355886, 60.635347], [11.2354252, 60.6354976], [11.2352627, 60.6356409], [11.2350557, 60.6358025], [11.2348521, 60.6359496], [11.2346852, 60.6360604], [11.234436, 60.6362104], [11.2341979, 60.6363449], [11.2337471, 60.6365967], [11.2333804, 60.6368043], [11.2331864, 60.6369209], [11.2329698, 60.6370594], [11.232743, 60.637214], [11.2325408, 60.6373616], [11.2323115, 60.6375424], [11.2321044, 60.6377197], [11.2319112, 60.6379024], [11.2317371, 60.6380827], [11.2315741, 60.6382673], [11.2314289, 60.6384454], [11.2312993, 60.6386267], [11.2311096, 60.6388998]]}, "properties": {"electrified": "contact_line", "frequency": "16.67", "gauge": "1435", "maxspeed": "105", "name": "Dovrebanen", "operator": "Bane NOR", "passenger_lines": "1", "railway": "rail", "usage": "main", "voltage": "15000", "length_km": 1.86, "maxspeed_kmh": 105.0}}, {"type": "Feature", "geometry": {"type": "LineString", "coordinates": [[11.2715875, 60.5820346], [11.2716337, 60.5820676], [11.2717879, 60.5821705], [11.2719289, 60.5822617], [11.2720998, 60.5823608], [11.272275, 60.5824568], [11.2724636, 60.5825531], [11.2726934, 60.5826579], [11.2729595, 60.5827721], [11.2733713, 60.5829432], [11.2749987, 60.5836087], [11.2753883, 60.5837737], [11.2756403, 60.5838903], [11.2759333, 60.5840463], [11.2761842, 60.5841931], [11.2763266, 60.5842884], [11.2764511, 60.584376], [11.2766078, 60.5844924], [11.2767577, 60.5846291], [11.276842, 60.5847143], [11.2768989, 60.5847855], [11.2769901, 60.5848925], [11.2770896, 60.585001], [11.2772034, 60.5851059]]}, "properties": {"electrified": "contact_line", "frequency": "16.67", "gauge": "1435", "maxspeed": "40", "name": "Dovrebanen", "passenger_lines": "2", "railway": "rail", "usage": "main", "voltage": "15000", "length_km": 0.466, "maxspeed_kmh": 40.0}}, {"type": "Feature", "geometry": {"type": "LineString", "coordinates": [[11.2772968, 60.5851935], [11.2774836, 60.5853564], [11.277739, 60.5855828], [11.2779976, 60.5857988], [11.2782342, 60.5859817], [11.2785084, 60.5861778], [11.2788908, 60.5864253], [11.2795573, 60.586847], [11.2799635, 60.5871112], [11.2804628, 60.5874603], [11.2808808, 60.5877639], [11.2813071, 60.5880945], [11.2818978, 60.588595], [11.2821804, 60.5888362], [11.2824424, 60.5890662], [11.2827415, 60.5893099], [11.2830537, 60.5895586], [11.2833316, 60.5897729], [11.283642, 60.5900001], [11.2841007, 60.5903345], [11.2843746, 60.5905428], [11.2846595, 60.5907646], [11.2849236, 60.590998], [11.2851761, 60.591231]]}, "properties": {"electrified": "contact_line", "frequency": "16.67", "gauge": "1435", "maxspeed": "110", "name": "Dovrebanen", "operator": "Bane NOR", "passenger_lines": "1", "railway": "rail", "usage": "main", "voltage": "15000", "length_km": 0.8, "maxspeed_kmh": 110.0}}, {"type": "Feature", "geometry": {"type": "LineString", "coordinates": [[11.2727776, 60.6132417], [11.272343, 60.6136215], [11.2722309, 60.6137195], [11.271866, 60.6140518]]}, "properties": {"electrified": "contact_line", "frequency": "16.67", "gauge": "1435", "maxspeed": "80", "name": "Dovrebanen", "operator": "Bane NOR", "passenger_lines": "1", "railway": "rail", "usage": "main", "voltage": "15000", "length_km": 0.103, "maxspeed_kmh": 80.0}}, {"type": "Feature", "geometry": {"type": "LineString", "coordinates": [[11.2853045, 60.5913594], [11.2855293, 60.5915947], [11.2858096, 60.5918995], [11.2859071, 60.5920055], [11.2898256, 60.5963291]]}, "properties": {"electrified": "contact_line", "frequency": "16.67", "gauge": "1435", "maxspeed": "110", "name": "Dovrebanen", "operator": "Bane NOR", "passenger_lines": "1", "railway": "rail", "usage": "main", "voltage": "15000", "length_km": 0.607, "maxspeed_kmh": 110.0}}, {"type": "Feature", "geometry": {"type": "LineString", "coordinates": [[11.2685478, 60.6182129], [11.2683503, 60.6184381], [11.2681363, 60.6186495], [11.2679806, 60.6187784], [11.2678649, 60.6188681]]}, "properties": {"electrified": "contact_line", "frequency": "16.67", "gauge": "1435", "maxspeed": "80", "name": "Dovrebanen", "operator": "Bane NOR", "passenger_lines": "1", "railway": "rail", "usage": "main", "voltage": "15000", "length_km": 0.082, "maxspeed_kmh": 80.0}}, {"type": "Feature", "geometry": {"type": "LineString", "coordinates": [[11.2932297, 60.6019834], [11.2930744, 60.6021765], [11.2928874, 60.6023713], [11.2926756, 60.602547], [11.2923978, 60.6027437], [11.2921026, 60.6029198], [11.2917686, 60.6030884], [11.2914876, 60.603211], [11.2911919, 60.6033193], [11.2908354, 60.6034384], [11.2904689, 60.6035374], [11.2901664, 60.603608], [11.2898408, 60.603675], [11.2892687, 60.6037752], [11.2886144, 60.603893], [11.2882106, 60.603974], [11.2878142, 60.6040688], [11.2874346, 60.6041703], [11.2870261, 60.6042942], [11.2866402, 60.6044294], [11.2862905, 60.6045719], [11.2859735, 60.6047092], [11.2856649, 60.6048633], [11.28543, 60.604989], [11.2851767, 60.6051425], [11.2849205, 60.6053139], [11.2846725, 60.6054955], [11.2844325, 60.6057024], [11.2842106, 60.6059153], [11.2840074, 60.6061543], [11.2838601, 60.6063589], [11.283725, 60.606596], [11.2836217, 60.6068195], [11.2835548, 60.607019], [11.2835046, 60.6072424], [11.2834824, 60.6074438], [11.2834769, 60.6077638], [11.2834812, 60.6081841], [11.283461, 60.6084207], [11.2834189, 60.6085938], [11.2833584, 60.608777], [11.283268, 60.6089519], [11.2831697, 60.6091087], [11.2830656, 60.6092493], [11.2829286, 60.6093978], [11.2827557, 60.6095681], [11.2825723, 60.6097177], [11.2823772, 60.6098593], [11.2820853, 60.6100391], [11.2818888, 60.6101465], [11.281691, 60.6102437], [11.2814429, 60.6103529], [11.2812283, 60.6104364], [11.2809094, 60.6105528], [11.2805872, 60.6106504], [11.2802672, 60.6107296], [11.2799884, 60.6107948]]}, "properties": {"electrified": "contact_line", "frequency": "16.67", "gauge": "1435", "maxspeed": "90", "name": "Dovrebanen", "operator": "Bane NOR", "passenger_lines": "1", "railway": "rail", "usage": "main", "voltage": "15000", "length_km": 1.31, "maxspeed_kmh": 90.0}}, {"type": "Feature", "geometry": {"type": "LineString", "coordinates": [[11.2676248, 60.6190256], [11.2673478, 60.6191787], [11.2671131, 60.6192938], [11.2668577, 60.6194004], [11.2665799, 60.6195074], [11.266344, 60.619586]]}, "properties": {"electrified": "contact_line", "frequency": "16.67", "gauge": "1435", "maxspeed": "80", "name": "Dovrebanen", "operator": "Bane NOR", "passenger_lines": "1", "railway": "rail", "usage": "main", "voltage": "15000", "length_km": 0.094, "maxspeed_kmh": 80.0}}, {"type": "Feature", "geometry": {"type": "LineString", "coordinates": [[11.224376, 60.6642103], [11.2243591, 60.6640292], [11.2243447, 60.6638634], [11.2243302, 60.6636777], [11.2243138, 60.6634881], [11.2242877, 60.6631898], [11.2241222, 60.6612112], [11.2239616, 60.6593538], [11.2239462, 60.6591519], [11.2239397, 60.6590097], [11.2239318, 60.6588728], [11.2239315, 60.6587694], [11.2239294, 60.6586397], [11.2239369, 60.6585022], [11.2239472, 60.6583656], [11.2239648, 60.6582087], [11.2239884, 60.6580632], [11.2240155, 60.6579083], [11.2240938, 60.6575113], [11.224212, 60.6569227]]}, "properties": {"electrified": "contact_line", "frequency": "16.67", "gauge": "1435", "maxspeed": "125", "name": "Dovrebanen", "operator": "Bane NOR", "passenger_lines": "2", "railway": "rail", "usage": "main", "voltage": "15000", "length_km": 0.813, "maxspeed_kmh": 125.0}}, {"type": "Feature", "geometry": {"type": "LineString", "coordinates": [[11.224212, 60.6569227], [11.2241936, 60.6570924], [11.224194, 60.6571545], [11.2241923, 60.6572532], [11.2241947, 60.6573278], [11.2241859, 60.657428], [11.2241761, 60.6575151], [11.2241559, 60.6576339], [11.2240979, 60.6579131], [11.2240742, 60.6580675], [11.2240528, 60.6582078], [11.2240344, 60.6583666], [11.2240211, 60.6585027], [11.2240138, 60.6586434], [11.2240126, 60.6587691], [11.2240148, 60.6588696], [11.22402, 60.659007], [11.2240307, 60.6591489], [11.2240485, 60.6593508], [11.2242068, 60.6612057], [11.224379, 60.6631936], [11.2243992, 60.663491], [11.2244071, 60.6636697], [11.2244071, 60.6637342], [11.2244023, 60.66382], [11.2243804, 60.6639905], [11.2243735, 60.6640988], [11.224376, 60.6642103]]}, "properties": {"electrified": "contact_line", "frequency": "16.67", "gauge": "1435", "maxspeed": "40", "name": "Dovrebanen", "passenger_lines": "2", "railway": "rail", "usage": "main", "voltage": "15000", "length_km": 0.813, "maxspeed_kmh": 40.0}}, {"type": "Feature", "geometry": {"type": "LineString", "coordinates": [[11.2154266, 60.6763183], [11.2154064, 60.6763514]]}, "properties": {"bridge": "yes", "electrified": "contact_line", "frequency": "16.67", "gauge": "1435", "maxspeed": "125", "name": "Dovrebanen", "operator": "Bane NOR", "railway": "rail", "usage": "main", "voltage": "15000", "length_km": 0.004, "maxspeed_kmh": 125.0}}, {"type": "Feature", "geometry": {"type": "LineString", "coordinates": [[11.224376, 60.6642103], [11.2243967, 60.6645246], [11.2244194, 60.6648078], [11.2245422, 60.6662877], [11.2245525, 60.6664089], [11.2245572, 60.6665442], [11.2245613, 60.6666592], [11.2245592, 60.6667469], [11.2245566, 60.6668327], [11.2245512, 60.6669233], [11.2245425, 60.6670331], [11.2245277, 60.6671451], [11.2245096, 60.6672604], [11.2244848, 60.6673806], [11.22446, 60.6674946], [11.2244355, 60.6675779], [11.2244184, 60.6676411], [11.2243792, 60.6677644], [11.2243487, 60.6678461], [11.2243004, 60.6679689], [11.2242521, 60.668079], [11.2241978, 60.6681949], [11.224124, 60.6683364], [11.2240566, 60.6684574], [11.2239812, 60.6685809], [11.2239102, 60.6686898], [11.2238357, 60.6687921], [11.2237495, 60.6689086], [11.223652, 60.6690319], [11.2235633, 60.6691382], [11.2234325, 60.6692816], [11.2233378, 60.6693828], [11.2232285, 60.6694935], [11.2231041, 60.6696113], [11.2229746, 60.6697305], [11.2228339, 60.6698521], [11.2226867, 60.6699719], [11.2224591, 60.670147], [11.2221843, 60.6703476], [11.2218716, 60.6705656], [11.2216504, 60.6707162], [11.2213423, 60.6709273], [11.2195992, 60.6721171], [11.2193416, 60.6722993], [11.2190977, 60.6724762], [11.2189222, 60.6726068], [11.2187422, 60.6727437], [11.2185692, 60.6728799], [11.2183687, 60.6730387], [11.2181897, 60.6731887], [11.2179932, 60.6733559], [11.2178188, 60.6735114], [11.2176204, 60.6736922], [11.2174415, 60.6738567], [11.2172744, 60.6740213], [11.2171003, 60.674194], [11.2169317, 60.6743698], [11.2167715, 60.6745428], [11.2165636, 60.674776], [11.216347, 60.6750315], [11.2161049, 60.675334], [11.2159416, 60.6755501], [11.2158273, 60.6757136], [11.2156518, 60.6759656], [11.2154266, 60.6763183]]}, "properties": {"electrified": "contact_line", "frequency": "16.67", "gauge": "1435", "maxspeed": "125", "name": "Dovrebanen", "operator": "Bane NOR", "passenger_lines": "1", "railway": "rail", "usage": "main", "voltage": "15000", "length_km": 1.477, "maxspeed_kmh": 125.0}}, {"type": "Feature", "geometry": {"type": "LineString", "coordinates": [[11.0737077, 60.7921537], [11.0736143, 60.7922033], [11.0734724, 60.7922756]]}, "properties": {"electrified": "contact_line", "frequency": "16.67", "gauge": "1435", "name": "Dovrebanen", "operator": "Bane NOR", "passenger_lines": "1", "railway": "rail", "usage": "main", "voltage": "15000", "length_km": 0.019}}, {"type": "Feature", "geometry": {"type": "LineString", "coordinates": [[11.073681, 60.792141], [11.0734724, 60.7922756]]}, "properties": {"electrified": "contact_line", "frequency": "16.67", "gauge": "1435", "name": "Dovrebanen", "railway": "rail", "service": "siding", "voltage": "15000", "length_km": 0.019}}, {"type": "Feature", "geometry": {"type": "LineString", "coordinates": [[11.1079405, 60.7585896], [11.1078547, 60.758653]]}, "properties": {"bridge": "yes", "electrified": "contact_line", "frequency": "16.67", "gauge": "1435", "maxspeed": "130", "name": "Dovrebanen", "operator": "Bane NOR", "passenger_lines": "1", "railway": "rail", "usage": "main", "voltage": "15000", "length_km": 0.008, "maxspeed_kmh": 130.0}}, {"type": "Feature", "geometry": {"type": "LineString", "coordinates": [[11.0843693, 60.7909144], [11.0842033, 60.7909252]]}, "properties": {"electrified": "contact_line", "frequency": "16.67", "gauge": "1435", "maxspeed": "60", "name": "Dovrebanen", "operator": "Bane NOR", "passenger_lines": "3", "railway": "rail", "usage": "main", "voltage": "15000", "length_km": 0.009, "maxspeed_kmh": 60.0}}, {"type": "Feature", "geometry": {"type": "LineString", "coordinates": [[11.1862576, 60.7299757], [11.1862325, 60.7300537]]}, "properties": {"bridge": "yes", "electrified": "contact_line", "frequency": "16.67", "gauge": "1435", "maxspeed": "115", "name": "Dovrebanen", "operator": "Bane NOR", "passenger_lines": "1", "railway": "rail", "usage": "main", "voltage": "15000", "length_km": 0.009, "maxspeed_kmh": 115.0}}, {"type": "Feature", "geometry": {"type": "LineString", "coordinates": [[11.1870693, 60.7270328], [11.1869688, 60.7271752], [11.18686, 60.727346], [11.1867558, 60.7275432], [11.1866601, 60.7277499], [11.1865992, 60.7279049], [11.1865323, 60.7281325], [11.186485, 60.728329], [11.1864535, 60.7285512], [11.1864271, 60.7288232], [11.1863948, 60.7292312], [11.1863769, 60.7294154], [11.1863558, 60.7295648], [11.1863261, 60.7297273], [11.1862942, 60.7298629], [11.1862576, 60.7299757]]}, "properties": {"electrified": "contact_line", "frequency": "16.67", "gauge": "1435", "maxspeed": "115", "name": "Dovrebanen", "operator": "Bane NOR", "passenger_lines": "1", "railway": "rail", "usage": "main", "voltage": "15000", "length_km": 0.332, "maxspeed_kmh": 115.0}}, {"type": "Feature", "geometry": {"type": "LineString", "coordinates": [[11.1519487, 60.7412968], [11.1506738, 60.7416998], [11.1492979, 60.7421369], [11.1484986, 60.7424001], [11.1480172, 60.742574], [11.1476942, 60.7426972], [11.147274, 60.7428719], [11.146925, 60.7430282], [11.1465331, 60.7432129], [11.1462111, 60.7433842], [11.1458164, 60.7436068], [11.1455204, 60.7437812], [11.1451895, 60.7440061], [11.1446084, 60.7444127], [11.1439952, 60.7448417], [11.1437077, 60.7450368], [11.1435894, 60.7451139], [11.1434759, 60.7451895], [11.143286, 60.7453033], [11.1431259, 60.7453954], [11.1430268, 60.7454524], [11.142759, 60.745601], [11.1422466, 60.7458636], [11.1418137, 60.746061], [11.1413571, 60.7462574], [11.1409912, 60.7464024], [11.1404439, 60.746614], [11.1402683, 60.7466819], [11.139331, 60.7470332], [11.1376332, 60.7476786]]}, "properties": {"electrified": "contact_line", "frequency": "16.67", "gauge": "1435", "maxspeed": "130", "name": "Dovrebanen", "operator": "Bane NOR", "passenger_lines": "2", "railway": "rail", "usage": "main", "voltage": "15000", "length_km": 1.066, "maxspeed_kmh": 130.0}}, {"type": "Feature", "geometry": {"type": "LineString", "coordinates": [[11.1376332, 60.7476786], [11.1378743, 60.747582], [11.1381264, 60.7474752], [11.1384945, 60.747314], [11.1388637, 60.7471541], [11.1391316, 60.7470437], [11.1394489, 60.7469205], [11.1402051, 60.7466334], [11.1409206, 60.7463611], [11.1413016, 60.7462166], [11.1417342, 60.7460327], [11.1421775, 60.7458296], [11.1426829, 60.7455737], [11.1429463, 60.7454305], [11.143202, 60.745282], [11.1433181, 60.7452106], [11.1435102, 60.7450891], [11.1436391, 60.7450048], [11.1437716, 60.744915], [11.1439341, 60.7448049], [11.1451239, 60.7439769], [11.1454397, 60.7437543], [11.1457536, 60.7435726], [11.1461564, 60.7433484], [11.1464816, 60.7431752], [11.1468649, 60.7429943], [11.1472138, 60.74284], [11.1476568, 60.7426559], [11.1479526, 60.7425298], [11.1484521, 60.7423611], [11.1492566, 60.742096], [11.1498248, 60.7419122], [11.1503412, 60.7417563], [11.1505343, 60.7416969], [11.1507626, 60.7416294], [11.1511766, 60.7415161], [11.1513702, 60.7414632], [11.1519487, 60.7412968]]}, "properties": {"electrified": "contact_line", "frequency": "16.67", "gauge": "1435", "name": "Dovrebanen", "passenger_lines": "2", "railway": "rail", "usage": "main", "voltage": "15000", "length_km": 1.066}}, {"type": "Feature", "geometry": {"type": "LineString", "coordinates": [[11.1371742, 60.7478573], [11.1336219, 60.7492095], [11.1324334, 60.7496609], [11.1314424, 60.7500334], [11.1307973, 60.7502799], [11.129911, 60.7505859], [11.1287698, 60.7510206], [11.1259427, 60.7520991], [11.1253689, 60.7523101], [11.1248087, 60.7525069], [11.1243321, 60.7526646], [11.1237952, 60.7528357], [11.1232486, 60.7529973], [11.1226671, 60.7531727], [11.1218862, 60.7533787], [11.1211821, 60.75356], [11.1204085, 60.7537264], [11.1194888, 60.7539256], [11.1188209, 60.7540569], [11.1180466, 60.7541926], [11.1172036, 60.7543424], [11.1165576, 60.7544625], [11.1160141, 60.754577], [11.1154165, 60.7547167], [11.1150114, 60.7548182], [11.1141357, 60.7550661], [11.1135627, 60.7552542], [11.1130071, 60.7554534], [11.1125289, 60.7556346], [11.1120092, 60.7558563], [11.1116464, 60.7560262], [11.1113, 60.7562048], [11.1107791, 60.7565003], [11.1104764, 60.7566795], [11.1102018, 60.7568659], [11.1089919, 60.7577911], [11.1079405, 60.7585896]]}, "properties": {"electrified": "contact_line", "frequency": "16.67", "gauge": "1435", "maxspeed": "130", "name": "Dovrebanen", "operator": "Bane NOR", "passenger_lines": "1", "railway": "rail", "usage": "main", "voltage": "15000", "length_km": 2.025, "maxspeed_kmh": 130.0}}, {"type": "Feature", "geometry": {"type": "LineString", "coordinates": [[11.074232, 60.7919098], [11.0741268, 60.7919521], [11.0739901, 60.7920116], [11.073875, 60.7920685], [11.0738173, 60.7920988]]}, "properties": {"electrified": "contact_line", "frequency": "16.67", "gauge": "1435", "name": "Dovrebanen", "operator": "Bane NOR", "passenger_lines": "3", "railway": "rail", "usage": "main", "voltage": "15000", "length_km": 0.031}}, {"type": "Feature", "geometry": {"type": "LineString", "coordinates": [[11.1078547, 60.758653], [11.1040082, 60.7616131], [11.1039087, 60.7616897], [11.1014962, 60.7635231], [11.0999539, 60.764697], [11.0979324, 60.7662337], [11.0971251, 60.7668521], [11.0964178, 60.7673848], [11.0957108, 60.7679358], [11.0954058, 60.7681955], [11.0951293, 60.7684571], [11.0948634, 60.7687406], [11.0945951, 60.7690593], [11.0943875, 60.7693463], [11.0942017, 60.769652], [11.0940546, 60.7699191], [11.0939547, 60.7701336], [11.0938597, 60.7703742], [11.0937571, 60.7706516], [11.0936638, 60.7709336], [11.0935289, 60.7713841], [11.093474, 60.7716047], [11.0933947, 60.7719191], [11.0933339, 60.7721953], [11.0932817, 60.7724757], [11.0932365, 60.7727748], [11.0931914, 60.7731007]]}, "properties": {"electrified": "contact_line", "frequency": "16.67", "gauge": "1435", "maxspeed": "130", "name": "Dovrebanen", "operator": "Bane NOR", "passenger_lines": "1", "railway": "rail", "usage": "main", "voltage": "15000", "length_km": 1.826, "maxspeed_kmh": 130.0}}, {"type": "Feature", "geometry": {"type": "LineString", "coordinates": [[11.1705189, 60.7384246], [11.169575, 60.7383498], [11.1688806, 60.7383065], [11.1682012, 60.7382759], [11.1675865, 60.7382629], [11.1669923, 60.7382575], [11.1663712, 60.7382632], [11.1659798, 60.7382781], [11.1654316, 60.7382934], [11.1648172, 60.7383236], [11.1644868, 60.7383453], [11.1640177, 60.7383855], [11.1634694, 60.7384403], [11.162981, 60.7384977], [11.1625599, 60.7385492], [11.1620826, 60.7386151], [11.1614977, 60.7387024], [11.1609356, 60.7387959], [11.1603205, 60.7389097], [11.1597964, 60.7390158], [11.1592086, 60.7391444], [11.1585449, 60.7392994], [11.1580493, 60.7394245], [11.1576936, 60.739517], [11.1571087, 60.7396803], [11.1564265, 60.7398835], [11.1541316, 60.7406067], [11.1532889, 60.74087], [11.1521711, 60.7412245], [11.1519487, 60.7412968]]}, "properties": {"electrified": "contact_line", "frequency": "16.67", "gauge": "1435", "maxspeed": "130", "name": "Dovrebanen", "operator": "Bane NOR", "passenger_lines": "1", "railway": "rail", "usage": "main", "voltage": "15000", "length_km": 1.097, "maxspeed_kmh": 130.0}}, {"type": "Feature", "geometry": {"type": "LineString", "coordinates": [[11.0867795, 60.790625], [11.0861396, 60.7907217], [11.0857781, 60.7907671], [11.0855546, 60.7907921], [11.0851829, 60.790835], [11.0849181, 60.7908663], [11.0846398, 60.7908935], [11.0843693, 60.7909144]]}, "properties": {"electrified": "contact_line", "frequency": "16.67", "gauge": "1435", "name": "Dovrebanen", "operator": "Bane NOR", "railway": "rail", "usage": "main", "voltage": "15000", "length_km": 0.135}}, {"type": "Feature", "geometry": {"type": "LineString", "coordinates": [[10.4572993, 61.1199216], [10.457599, 61.1197606], [10.4579275, 61.119565], [10.4582254, 61.1194153], [10.4584987, 61.1192884], [10.4587793, 61.1191343], [10.4590303, 61.1190093], [10.4592367, 61.1188902], [10.4593796, 61.1187963], [10.4595317, 61.1186849], [10.4596424, 61.1185955], [10.4597421, 61.1185079], [10.4598277, 61.1184224], [10.4599546, 61.1182926], [10.4600562, 61.1181655], [10.4601518, 61.1180351], [10.4602317, 61.1179115], [10.4602737, 61.1178398], [10.4603091, 61.1177766], [10.4603722, 61.117648], [10.4604397, 61.1174823], [10.4604749, 61.1173704], [10.4605021, 61.1172641]]}, "properties": {"electrified": "contact_line", "frequency": "16.67", "gauge": "1435", "maxspeed": "40", "name": "Dovrebanen", "railway": "rail", "service": "siding", "voltage": "15000", "length_km": 0.351, "maxspeed_kmh": 40.0}}, {"type": "Feature", "geometry": {"type": "LineString", "coordinates": [[10.7625481, 60.9161025], [10.7622542, 60.916153], [10.7620914, 60.9161807], [10.7617882, 60.9162261], [10.7614568, 60.9162652], [10.761144, 60.9162937], [10.7607532, 60.9163175], [10.7603576, 60.9163284], [10.7600378, 60.916326], [10.7597227, 60.916313], [10.7594285, 60.9162958], [10.7591709, 60.9162727], [10.7589115, 60.9162459], [10.7586489, 60.9162092], [10.758396, 60.9161668], [10.7581812, 60.9161274], [10.7578986, 60.9160723], [10.757631, 60.9160054], [10.7573244, 60.9159162], [10.7570542, 60.9158292], [10.7568345, 60.9157529], [10.7565996, 60.9156605], [10.7562835, 60.915508], [10.7559859, 60.9153477], [10.7557053, 60.9151785], [10.7550961, 60.9147782], [10.7547521, 60.9145745], [10.7545441, 60.9144631], [10.754307, 60.9143519], [10.7540904, 60.9142587], [10.7538651, 60.9141674], [10.7536186, 60.9140733], [10.7533751, 60.913988], [10.7529539, 60.9138638], [10.7525532, 60.9137567], [10.7521329, 60.9136604], [10.751662, 60.9135745], [10.7512508, 60.9135144], [10.7509175, 60.9134734], [10.750527, 60.9134362], [10.7501517, 60.9134118], [10.7497035, 60.9133925], [10.7490944, 60.91337], [10.7484498, 60.9133475], [10.7480727, 60.91333], [10.7477587, 60.9133138], [10.7473934, 60.913291], [10.7470576, 60.9132622], [10.7466585, 60.9132199], [10.7461264, 60.9131517], [10.7455861, 60.9130744], [10.7450736, 60.9129896], [10.7443027, 60.9128519], [10.7439294, 60.912784], [10.7435949, 60.9127296], [10.7433184, 60.9126859], [10.7429977, 60.9126389], [10.7425626, 60.9125838], [10.7422834, 60.9125546], [10.7420218, 60.9125286], [10.74169, 60.9125019], [10.7410696, 60.9124584], [10.7407039, 60.9124395], [10.740349, 60.912423], [10.7397282, 60.9123976], [10.7391789, 60.9123784], [10.7385588, 60.9123668], [10.738055, 60.9123634], [10.7374496, 60.9123742], [10.7365824, 60.9123779], [10.7361676, 60.9123894], [10.7357024, 60.9124053], [10.7349715, 60.9124338], [10.7342824, 60.9124755], [10.7339072, 60.912498], [10.7333497, 60.9125378], [10.7329502, 60.9125697], [10.7318774, 60.9126669], [10.7313627, 60.9127183], [10.7308338, 60.9127649], [10.7304698, 60.9127857], [10.7300698, 60.9127966], [10.7296821, 60.9127965], [10.7295097, 60.9127932], [10.7292403, 60.9127812]]}, "properties": {"electrified": "contact_line", "frequency": "16.67", "gauge": "1435", "maxspeed": "85", "name": "Dovrebanen", "operator": "Bane NOR", "passenger_lines": "1", "railway": "rail", "usage": "main", "voltage": "15000", "length_km": 1.942, "maxspeed_kmh": 85.0}}, {"type": "Feature", "geometry": {"type": "LineString", "coordinates": [[10.8012231, 60.9155296], [10.8046736, 60.9154856], [10.806636, 60.9154709], [10.8080115, 60.9154747], [10.8090025, 60.9154837], [10.8100397, 60.9154968], [10.8116159, 60.9155319], [10.8127311, 60.9155637], [10.8145957, 60.9156321], [10.8161977, 60.9156869], [10.8172427, 60.9157223], [10.818651, 60.9157722], [10.8198843, 60.9158147], [10.8208809, 60.9158481]]}, "properties": {"electrified": "contact_line", "frequency": "16.67", "gauge": "1435", "maxspeed": "130", "name": "Dovrebanen", "operator": "Bane NOR", "passenger_lines": "2", "railway": "rail", "usage": "main", "voltage": "15000", "length_km": 1.068, "maxspeed_kmh": 130.0}}, {"type": "Feature", "geometry": {"type": "LineString", "coordinates": [[10.8788708, 60.8949222], [10.8786337, 60.8950879], [10.8768757, 60.8963154], [10.8757937, 60.8970923], [10.8752131, 60.8974607], [10.874634, 60.897817], [10.8741637, 60.8980976], [10.8736938, 60.8983609], [10.8731865, 60.8986413], [10.872707, 60.8988996], [10.8719455, 60.8992895], [10.8702804, 60.9001209], [10.867836, 60.9013305], [10.865347, 60.9025515], [10.8641445, 60.9031432], [10.8625164, 60.9039441], [10.860365, 60.9050036], [10.8590625, 60.9056426], [10.8578001, 60.9062722], [10.8545505, 60.9078649], [10.8535901, 60.9083352], [10.8526585, 60.9088367], [10.8519786, 60.9091897], [10.8513582, 60.9095464], [10.8506547, 60.9099648], [10.8500041, 60.9103705], [10.848754, 60.9111596], [10.847937, 60.911612], [10.8465699, 60.9123194], [10.8460956, 60.9125684], [10.8456927, 60.9127958], [10.845165, 60.913113], [10.8446993, 60.9134061], [10.8441704, 60.913778], [10.8435549, 60.9142434]]}, "properties": {"electrified": "contact_line", "frequency": "16.67", "gauge": "1435", "maxspeed": "110", "name": "Dovrebanen", "operator": "Bane NOR", "passenger_lines": "1", "railway": "rail", "usage": "main", "voltage": "15000", "length_km": 2.889, "maxspeed_kmh": 110.0}}, {"type": "Feature", "geometry": {"type": "LineString", "coordinates": [[10.9799207, 60.8305689], [10.9801403, 60.8304816], [10.9803472, 60.8303925], [10.980516, 60.8303165], [10.9807598, 60.8302119], [10.9810596, 60.8300991], [10.9815964, 60.8299105], [10.982087, 60.8297382], [10.9840817, 60.8290692], [10.9854946, 60.8285968], [10.9897426, 60.8271749], [10.9907826, 60.8268259], [10.9910679, 60.8267296], [10.991336, 60.8266504], [10.9915426, 60.8265973], [10.991722, 60.826552], [10.9919011, 60.8265003], [10.992164, 60.8264178]]}, "properties": {"electrified": "contact_line", "frequency": "16.67", "gauge": "1435", "maxspeed": "40", "name": "Dovrebanen", "passenger_lines": "2", "railway": "rail", "service": "siding", "usage": "main", "voltage": "15000", "length_km": 0.812, "maxspeed_kmh": 40.0}}, {"type": "Feature", "geometry": {"type": "LineString", "coordinates": [[10.5215093, 61.0104804], [10.5204418, 61.0106321], [10.5196741, 61.0108126], [10.5193019, 61.0109324], [10.5191249, 61.0109961], [10.5189372, 61.0110755], [10.518685, 61.0111963], [10.5184381, 61.011339], [10.5181968, 61.0114966], [10.517992, 61.0116707], [10.5177972, 61.0118514], [10.5176573, 61.0120448], [10.5175182, 61.0122778], [10.5174699, 61.0124], [10.5174464, 61.0125221], [10.5174297, 61.0126989], [10.5174404, 61.012877], [10.5175028, 61.0132287], [10.5176896, 61.013858], [10.5177123, 61.014209], [10.5175895, 61.0146209], [10.5172956, 61.0150625], [10.5169268, 61.0154434], [10.5162948, 61.0158568], [10.5154699, 61.0162529], [10.5132575, 61.0169323], [10.5113175, 61.0175517], [10.5101744, 61.0179635], [10.50888, 61.0184601], [10.5084953, 61.0185945], [10.5081493, 61.018694], [10.5076906, 61.0187946], [10.5071996, 61.018874], [10.5067116, 61.0189194], [10.5062355, 61.018949], [10.5051465, 61.0189769], [10.5044052, 61.0190247], [10.5039006, 61.0190935], [10.5035361, 61.0191588], [10.5031711, 61.0192404], [10.5028472, 61.019334], [10.5024844, 61.0194613], [10.5021416, 61.0196036], [10.5019453, 61.0197017], [10.5017634, 61.0198045], [10.501374, 61.0200747], [10.5010601, 61.020376], [10.500859, 61.0206893], [10.500792, 61.0208531], [10.5007417, 61.0210157], [10.5006471, 61.0214288], [10.5005935, 61.021638], [10.5005177, 61.0218348], [10.500387, 61.0220551], [10.5002125, 61.0222609], [10.5000983, 61.0223697], [10.4999908, 61.0224709]]}, "properties": {"electrified": "contact_line", "frequency": "16.67", "gauge": "1435", "maxspeed": "75", "name": "Dovrebanen", "operator": "Bane NOR", "passenger_lines": "1", "railway": "rail", "usage": "main", "voltage": "15000", "length_km": 1.97, "maxspeed_kmh": 75.0}}, {"type": "Feature", "geometry": {"type": "LineString", "coordinates": [[10.7292403, 60.9127812], [10.7289753, 60.9127634]]}, "properties": {"bridge": "yes", "electrified": "contact_line", "frequency": "16.67", "gauge": "1435", "maxspeed": "85", "name": "Dovrebanen", "operator": "Bane NOR", "passenger_lines": "1", "railway": "rail", "usage": "main", "voltage": "15000", "length_km": 0.015, "maxspeed_kmh": 85.0}}, {"type": "Feature", "geometry": {"type": "LineString", "coordinates": [[10.5989834, 60.9939337], [10.5988048, 60.994025]]}, "properties": {"bridge": "yes", "electrified": "contact_line", "frequency": "16.67", "gauge": "1435", "maxspeed": "85", "name": "Dovrebanen", "operator": "Bane NOR", "passenger_lines": "1", "railway": "rail", "usage": "main", "voltage": "15000", "length_km": 0.014, "maxspeed_kmh": 85.0}}, {"type": "Feature", "geometry": {"type": "LineString", "coordinates": [[10.9350039, 60.8816971], [10.9347785, 60.8818021]]}, "properties": {"bridge": "yes", "electrified": "contact_line", "frequency": "16.67", "gauge": "1435", "maxspeed": "100", "name": "Dovrebanen", "operator": "Bane NOR", "passenger_lines": "2", "railway": "rail", "usage": "main", "voltage": "15000", "length_km": 0.017, "maxspeed_kmh": 100.0}}, {"type": "Feature", "geometry": {"type": "LineString", "coordinates": [[10.6542875, 60.9693955], [10.6542692, 60.9694318]]}, "properties": {"bridge": "yes", "electrified": "contact_line", "frequency": "16.67", "gauge": "1435", "maxspeed": "85", "name": "Dovrebanen", "operator": "Bane NOR", "passenger_lines": "1", "railway": "rail", "usage": "main", "voltage": "15000", "length_km": 0.004, "maxspeed_kmh": 85.0}}, {"type": "Feature", "geometry": {"type": "LineString", "coordinates": [[10.9109451, 60.8890162], [10.9106646, 60.8889862]]}, "properties": {"bridge": "yes", "electrified": "contact_line", "frequency": "16.67", "gauge": "1435", "maxspeed": "90", "name": "Dovrebanen", "operator": "Bane NOR", "passenger_lines": "1", "railway": "rail", "usage": "main", "voltage": "15000", "length_km": 0.016, "maxspeed_kmh": 90.0}}, {"type": "Feature", "geometry": {"type": "LineString", "coordinates": [[10.7279124, 60.9126456], [10.7274488, 60.9125951], [10.7271548, 60.9125653], [10.7268948, 60.9125439], [10.7266247, 60.9125297], [10.7263908, 60.9125244], [10.726122, 60.9125253], [10.7257792, 60.9125379], [10.7255062, 60.9125564], [10.7251699, 60.9125919], [10.7248639, 60.9126347], [10.7245483, 60.9126904], [10.7242596, 60.9127588], [10.7239253, 60.9128474], [10.7235956, 60.9129481], [10.7232291, 60.9130826], [10.7229193, 60.9132105], [10.7226605, 60.9133464], [10.7224409, 60.9134841], [10.722215, 60.9136504], [10.7220256, 60.9138055]]}, "properties": {"electrified": "contact_line", "frequency": "16.67", "gauge": "1435", "maxspeed": "80", "name": "Dovrebanen", "operator": "Bane NOR", "passenger_lines": "1", "railway": "rail", "usage": "main", "voltage": "15000", "length_km": 0.375, "maxspeed_kmh": 80.0}}, {"type": "Feature", "geometry": {"type": "LineString", "coordinates": [[10.7004873, 60.9282592], [10.7002068, 60.9285099], [10.6999892, 60.9286949], [10.6996747, 60.9289428], [10.6995003, 60.9290721], [10.6992205, 60.9292796], [10.6987907, 60.9295688], [10.6984295, 60.9298069], [10.6976112, 60.9302974], [10.6972167, 60.930538], [10.6966969, 60.9308594], [10.6964672, 60.9310005], [10.69604, 60.9312608], [10.6957821, 60.9314298], [10.6956168, 60.931547], [10.6954509, 60.9316706], [10.6951984, 60.9318784], [10.6950358, 60.9320452], [10.6948462, 60.9322578], [10.6946751, 60.932496], [10.6945693, 60.9326889], [10.6944771, 60.9328673], [10.6943813, 60.9330764], [10.694257, 60.9333721], [10.6941579, 60.9335996], [10.693875, 60.9342495]]}, "properties": {"electrified": "contact_line", "frequency": "16.67", "gauge": "1435", "maxspeed": "100", "name": "Dovrebanen", "operator": "Bane NOR", "passenger_lines": "2", "railway": "rail", "usage": "main", "voltage": "15000", "length_km": 0.771, "maxspeed_kmh": 100.0}}, {"type": "Feature", "geometry": {"type": "LineString", "coordinates": [[10.9347785, 60.8818021], [10.933085, 60.8825932], [10.9317418, 60.8832188], [10.9303683, 60.8838614], [10.9298783, 60.8840946], [10.9293679, 60.8843289]]}, "properties": {"electrified": "contact_line", "frequency": "16.67", "gauge": "1435", "maxspeed": "100", "name": "Dovrebanen", "operator": "Bane NOR", "passenger_lines": "2", "railway": "rail", "usage": "main", "voltage": "15000", "length_km": 0.407, "maxspeed_kmh": 100.0}}, {"type": "Feature", "geometry": {"type": "LineString", "coordinates": [[10.9284672, 60.8847509], [10.92811, 60.8849208], [10.9277296, 60.8850936]]}, "properties": {"electrified": "contact_line", "frequency": "16.67", "gauge": "1435", "maxspeed": "100", "name": "Dovrebanen", "operator": "Bane NOR", "passenger_lines": "1", "railway": "rail", "usage": "main", "voltage": "15000", "length_km": 0.055, "maxspeed_kmh": 100.0}}, {"type": "Feature", "geometry": {"type": "LineString", "coordinates": [[10.693875, 60.9342495], [10.6934247, 60.9352921], [10.6933364, 60.9355037], [10.693264, 60.9356896], [10.6925524, 60.9376688], [10.6924564, 60.9379204], [10.6923551, 60.9381725], [10.6921927, 60.9385047], [10.6919752, 60.9388656], [10.6917672, 60.9391576], [10.6915197, 60.9394633], [10.6912942, 60.9397127], [10.6910127, 60.9399872], [10.6907594, 60.9402086], [10.6905301, 60.9404002], [10.6902795, 60.9405927], [10.6899829, 60.9408041], [10.689693, 60.9410058], [10.689189, 60.9413382], [10.6886918, 60.9416682], [10.6877575, 60.9422893], [10.6873005, 60.9425933], [10.6868222, 60.9429205], [10.6864993, 60.9431646], [10.6862228, 60.9434035], [10.6859753, 60.9436566], [10.6858402, 60.9438144], [10.6857273, 60.9439619], [10.6855698, 60.9441898], [10.6854402, 60.9444387], [10.6853674, 60.9446147], [10.6853106, 60.9447591], [10.6852554, 60.944971], [10.6852254, 60.9451651], [10.6852116, 60.9453882], [10.6852075, 60.9456185], [10.685218, 60.9459666], [10.6852115, 60.9463169], [10.6851823, 60.9465554], [10.6851485, 60.9467227], [10.6850878, 60.9469345], [10.6850208, 60.9470937], [10.6849142, 60.9473075], [10.6847763, 60.9475174], [10.6846425, 60.9476977], [10.6845006, 60.9478712], [10.6843103, 60.948068], [10.6840831, 60.9482777], [10.6838292, 60.9484891], [10.6835221, 60.9487066], [10.6831672, 60.9489417], [10.6829227, 60.9490971], [10.6826708, 60.9492508], [10.6817189, 60.9498401], [10.6807396, 60.9504201], [10.6794784, 60.9511492], [10.6782684, 60.951829], [10.6772671, 60.952377]]}, "properties": {"electrified": "contact_line", "frequency": "16.67", "gauge": "1435", "maxspeed": "100", "name": "Dovrebanen", "operator": "Bane NOR", "passenger_lines": "1", "railway": "rail", "usage": "main", "voltage": "15000", "length_km": 2.273, "maxspeed_kmh": 100.0}}, {"type": "Feature", "geometry": {"type": "LineString", "coordinates": [[10.6542692, 60.9694318], [10.654187, 60.9696375], [10.6541431, 60.9697934], [10.6540899, 60.9700347], [10.6540692, 60.9702113], [10.6540623, 60.9703846], [10.654063, 60.9706567], [10.6540887, 60.9708983], [10.6541353, 60.9713308], [10.6541457, 60.9716086], [10.6541382, 60.9718515], [10.6541023, 60.9721022], [10.6540412, 60.9723437], [10.6539806, 60.9725435], [10.6539033, 60.9727397], [10.6537924, 60.9729658], [10.653618, 60.9732471], [10.6532372, 60.9738193], [10.6530853, 60.974076], [10.6529835, 60.9742985], [10.652893, 60.9745474], [10.6528331, 60.9748042], [10.6527856, 60.9750399], [10.6527628, 60.9752575], [10.652744, 60.9755095], [10.6527013, 60.9760515], [10.652679, 60.9762288], [10.652649, 60.9763928], [10.6525942, 60.976611], [10.6525239, 60.9768095], [10.6524275, 60.9770443], [10.6523027, 60.9772749], [10.6521952, 60.9774564], [10.6520922, 60.9776117], [10.65185, 60.9779248], [10.6516151, 60.9782073], [10.6513099, 60.9785519], [10.6504804, 60.9795049], [10.650149, 60.9798544], [10.6498906, 60.9800851], [10.6497122, 60.9802184], [10.6495629, 60.9803174], [10.6493362, 60.9804485], [10.6490952, 60.9805718], [10.6488283, 60.9806992], [10.6486021, 60.9807844], [10.6483617, 60.98087], [10.6480394, 60.9809716], [10.6477742, 60.9810485], [10.6474372, 60.9811322], [10.6470206, 60.9812273], [10.6466449, 60.9813075], [10.6461708, 60.9814035], [10.6459439, 60.9814509]]}, "properties": {"electrified": "contact_line", "frequency": "16.67", "gauge": "1435", "maxspeed": "85", "name": "Dovrebanen", "operator": "Bane NOR", "passenger_lines": "1", "railway": "rail", "usage": "main", "voltage": "15000", "length_km": 1.493, "maxspeed_kmh": 85.0}}, {"type": "Feature", "geometry": {"type": "LineString", "coordinates": [[10.5970616, 60.994628], [10.5960194, 60.9949126], [10.5955714, 60.9950383], [10.5951398, 60.9951639], [10.5945867, 60.9953343], [10.5942269, 60.9954439], [10.5939097, 60.9955504], [10.5934279, 60.9957133], [10.5928477, 60.9959142], [10.5922202, 60.9961515], [10.591803, 60.9963128], [10.591518, 60.9964304], [10.5911282, 60.9965967], [10.5908178, 60.9967286], [10.5903345, 60.9969499], [10.5900625, 60.9970752], [10.5897524, 60.9972237], [10.5894603, 60.9973688], [10.5892483, 60.997476], [10.5888772, 60.9976734], [10.5884876, 60.9978847], [10.5881524, 60.9980752], [10.5879246, 60.998199], [10.587723, 60.9983076], [10.5874501, 60.9984511], [10.5871563, 60.9985845], [10.5868123, 60.9987384], [10.5865284, 60.9988455], [10.5862355, 60.998952], [10.5859413, 60.9990419], [10.5856738, 60.9991287], [10.585176, 60.9992693], [10.5844553, 60.9994658], [10.5838611, 60.9996337], [10.5834654, 60.9997502], [10.5830878, 60.9998572], [10.5824901, 61.0000436], [10.5821112, 61.0001647], [10.5817643, 61.0002783], [10.5812567, 61.0004515], [10.5808471, 61.0005933], [10.580477, 61.0007256], [10.5792976, 61.0011744], [10.5783188, 61.0015644], [10.5777527, 61.0017828], [10.5772004, 61.0019716], [10.5768607, 61.002083], [10.5765075, 61.0021886], [10.5760641, 61.002306], [10.5755956, 61.002424], [10.5750997, 61.0025476], [10.5741241, 61.002784]]}, "properties": {"electrified": "contact_line", "frequency": "16.67", "gauge": "1435", "maxspeed": "100", "name": "Dovrebanen", "operator": "Bane NOR", "passenger_lines": "1", "railway": "rail", "usage": "main", "voltage": "15000", "length_km": 1.548, "maxspeed_kmh": 100.0}}, {"type": "Feature", "geometry": {"type": "LineString", "coordinates": [[10.6260632, 60.985061], [10.6264745, 60.9849395], [10.6267154, 60.9848618], [10.6271791, 60.9847053], [10.6276245, 60.9845581], [10.6280913, 60.9843962], [10.6284086, 60.9842767], [10.6286856, 60.9841684], [10.6289952, 60.9840411], [10.6293197, 60.9838994], [10.629737, 60.9837025], [10.6301332, 60.9835158], [10.6304578, 60.9833551], [10.6307678, 60.9832009], [10.6310749, 60.9830593], [10.6313916, 60.9829189], [10.6317049, 60.9827903], [10.6320302, 60.9826674], [10.6322597, 60.9825912], [10.632531, 60.9825118], [10.6328023, 60.9824348], [10.6330704, 60.9823738], [10.6333345, 60.9823206], [10.6335339, 60.9822835], [10.6338515, 60.9822304], [10.6341315, 60.9821944], [10.6345114, 60.9821529], [10.6349824, 60.9821214], [10.6352925, 60.9821075], [10.6356483, 60.9821021], [10.6359156, 60.982104], [10.6361904, 60.9821126], [10.6364055, 60.9821242], [10.6367685, 60.9821525], [10.6370732, 60.9821798], [10.6374572, 60.9822162], [10.6378454, 60.9822561], [10.6381856, 60.9822868], [10.6383566, 60.9822985], [10.6385862, 60.9823143], [10.6388079, 60.9823249], [10.6390318, 60.9823329], [10.639365, 60.9823377], [10.6397219, 60.9823383], [10.6399919, 60.982332], [10.640273, 60.9823217], [10.6405971, 60.9823076], [10.640839, 60.9822909], [10.6410702, 60.9822713], [10.6413338, 60.9822482], [10.641578, 60.9822212], [10.6418481, 60.9821854], [10.6422415, 60.982131], [10.6426242, 60.9820688], [10.6429853, 60.9820006], [10.6433663, 60.981926], [10.6437649, 60.9818464], [10.6439919, 60.9818028], [10.644328, 60.9817422], [10.6445533, 60.9817034], [10.6448554, 60.9816546], [10.6452437, 60.9815873], [10.6456263, 60.9815139]]}, "properties": {"electrified": "contact_line", "frequency": "16.67", "gauge": "1435", "maxspeed": "40", "name": "Dovrebanen", "passenger_lines": "2", "railway": "rail", "service": "siding", "voltage": "15000", "length_km": 1.187, "maxspeed_kmh": 40.0}}, {"type": "Feature", "geometry": {"type": "LineString", "coordinates": [[10.939786, 60.8790643], [10.9392607, 60.8794021], [10.9390472, 60.8795349], [10.9385612, 60.8798341], [10.937887, 60.8802255], [10.9372813, 60.8805579], [10.9366942, 60.8808718], [10.9359004, 60.881256], [10.9350039, 60.8816971]]}, "properties": {"electrified": "contact_line", "frequency": "16.67", "gauge": "1435", "maxspeed": "100", "name": "Dovrebanen", "operator": "Bane NOR", "passenger_lines": "2", "railway": "rail", "usage": "main", "voltage": "15000", "length_km": 0.392, "maxspeed_kmh": 100.0}}, {"type": "Feature", "geometry": {"type": "LineString", "coordinates": [[10.9786495, 60.831046], [10.9782187, 60.8312133], [10.9779365, 60.8313303], [10.977682, 60.8314389], [10.9774908, 60.8315293], [10.9772515, 60.8316572], [10.9770326, 60.831785], [10.9768306, 60.831926], [10.9766832, 60.8320406], [10.9764886, 60.832212], [10.9763229, 60.8323859], [10.9762309, 60.8324971], [10.9761435, 60.8326231], [10.9760684, 60.8327629], [10.9760174, 60.8328892], [10.9759706, 60.8330157], [10.9759295, 60.8331867], [10.9759104, 60.8333872], [10.9759105, 60.8335979], [10.9759328, 60.8337657], [10.9760019, 60.8340111], [10.9761987, 60.8345135], [10.9762817, 60.8347362], [10.9763379, 60.8349434], [10.9763662, 60.8351204], [10.9763704, 60.8352062], [10.9763693, 60.8352994], [10.976353, 60.8354439], [10.9763006, 60.8356642], [10.9762296, 60.8358406], [10.9761241, 60.8360267], [10.9760242, 60.8361687], [10.9759587, 60.8362482], [10.9758886, 60.8363272], [10.9758098, 60.8364093], [10.9757211, 60.8364923], [10.9755699, 60.8366213], [10.9754217, 60.8367337], [10.9753016, 60.8368152], [10.9751766, 60.8368934], [10.9750454, 60.8369713], [10.9749101, 60.8370479], [10.9747336, 60.8371367], [10.9745607, 60.8372116], [10.9743413, 60.837305], [10.9741062, 60.8373901], [10.9739336, 60.8374507], [10.9737656, 60.8375039], [10.9735595, 60.8375624], [10.9733334, 60.8376247], [10.9729338, 60.8377284], [10.9725395, 60.8378246], [10.9719273, 60.8379735], [10.9713165, 60.8381219], [10.9706964, 60.8382762], [10.9701846, 60.8384111], [10.9698441, 60.8385091], [10.9695319, 60.8386052], [10.9691423, 60.838738], [10.9687927, 60.8388658], [10.9686068, 60.8389413], [10.968399, 60.8390231], [10.9680342, 60.8391849], [10.9677195, 60.8393365], [10.9673879, 60.8395136], [10.9670598, 60.8397022], [10.9667226, 60.8399176], [10.966325, 60.8402059], [10.9660826, 60.8403916], [10.9658626, 60.8405853], [10.9657166, 60.8407294], [10.9655463, 60.8409331], [10.9654505, 60.8410616], [10.9654136, 60.8411183], [10.9653722, 60.841193], [10.9653137, 60.8413061], [10.9652707, 60.8414185], [10.9652366, 60.8415322], [10.9652114, 60.8416436], [10.9651903, 60.841789], [10.9651792, 60.8419241], [10.9651735, 60.8421623], [10.9651724, 60.8424484], [10.965167, 60.8428703], [10.9651642, 60.8432898], [10.9651591, 60.843735], [10.9651524, 60.8439908], [10.965132, 60.8442089], [10.9651072, 60.844424], [10.965063, 60.8446825], [10.9649931, 60.8449365]]}, "properties": {"electrified": "contact_line", "frequency": "16.67", "gauge": "1435", "maxspeed": "85", "name": "Dovrebanen", "operator": "Bane NOR", "passenger_lines": "1", "railway": "rail", "usage": "main", "voltage": "15000", "length_km": 1.877, "maxspeed_kmh": 85.0}}, {"type": "Feature", "geometry": {"type": "LineString", "coordinates": [[10.6189782, 60.9860215], [10.6186418, 60.9860427], [10.618416, 60.9860582], [10.6181099, 60.9860822], [10.6177416, 60.9861165], [10.6173711, 60.9861635], [10.6170321, 60.9862163], [10.6166642, 60.9862838], [10.616318, 60.9863658], [10.6158832, 60.9864715], [10.6155047, 60.9865796], [10.6151273, 60.9866671], [10.61465, 60.9867941], [10.6142492, 60.9868935], [10.6138228, 60.9869861], [10.6135103, 60.9870454], [10.6131889, 60.9870975], [10.6127846, 60.9871535], [10.6122419, 60.9872098], [10.6116847, 60.9872518], [10.6103925, 60.9873405], [10.6099007, 60.9873843], [10.6094739, 60.9874355], [10.6090721, 60.9874978], [10.6086733, 60.9875693], [10.6083088, 60.9876461], [10.6079245, 60.9877393], [10.607596, 60.9878294], [10.6063527, 60.9881784], [10.6053616, 60.9884356], [10.6047566, 60.9886232], [10.6043185, 60.9887717], [10.6039273, 60.9889138], [10.6034123, 60.9891283], [10.6030506, 60.9893015], [10.6026992, 60.9894839], [10.602414, 60.9896505], [10.6021648, 60.9897861], [10.6019387, 60.9899482], [10.6016593, 60.9901671], [10.6014197, 60.9903824], [10.6012354, 60.990569], [10.6010609, 60.9907731], [10.6009148, 60.990976], [10.6007793, 60.9912006], [10.6006884, 60.9913769], [10.6006202, 60.9915123], [10.6005373, 60.9917525], [10.6004635, 60.9920071], [10.6003898, 60.9922933], [10.6003274, 60.992562]]}, "properties": {"electrified": "contact_line", "frequency": "16.67", "gauge": "1435", "maxspeed": "95", "name": "Dovrebanen", "operator": "Bane NOR", "passenger_lines": "1", "railway": "rail", "usage": "main", "voltage": "15000", "length_km": 1.353, "maxspeed_kmh": 95.0}}, {"type": "Feature", "geometry": {"type": "LineString", "coordinates": [[10.992164, 60.8264178], [10.9908284, 60.8268648], [10.9897762, 60.8272177], [10.98554, 60.8286353], [10.9841293, 60.8291071], [10.9821346, 60.8297784], [10.9816454, 60.8299486], [10.9811217, 60.8301329], [10.9799207, 60.8305689]]}, "properties": {"electrified": "contact_line", "frequency": "16.67", "gauge": "1435", "maxspeed": "105", "name": "Dovrebanen", "operator": "Bane NOR", "passenger_lines": "2", "railway": "rail", "usage": "main", "voltage": "15000", "length_km": 0.811, "maxspeed_kmh": 105.0}}, {"type": "Feature", "geometry": {"type": "LineString", "coordinates": [[10.4607959, 61.1166003], [10.4606742, 61.1169987]]}, "properties": {"electrified": "contact_line", "frequency": "16.67", "gauge": "1435", "maxspeed": "75", "name": "Dovrebanen", "operator": "Bane NOR", "passenger_lines": "2", "railway": "rail", "usage": "main", "voltage": "15000", "length_km": 0.045, "maxspeed_kmh": 75.0}}, {"type": "Feature", "geometry": {"type": "LineString", "coordinates": [[10.4605021, 61.1172641], [10.4605835, 61.1169924]]}, "properties": {"bridge": "yes", "electrified": "contact_line", "frequency": "16.67", "gauge": "1435", "maxspeed": "40", "name": "Dovrebanen", "railway": "rail", "service": "siding", "voltage": "15000", "length_km": 0.031, "maxspeed_kmh": 40.0}}, {"type": "Feature", "geometry": {"type": "LineString", "coordinates": [[10.4572993, 61.1199216], [10.4568613, 61.1201336], [10.4543296, 61.1213562]]}, "properties": {"electrified": "contact_line", "frequency": "16.67", "gauge": "1435", "maxspeed": "125", "name": "Dovrebanen", "operator": "Bane NOR", "passenger_lines": "1", "railway": "rail", "usage": "main", "voltage": "15000", "length_km": 0.226, "maxspeed_kmh": 125.0}}, {"type": "Feature", "geometry": {"type": "LineString", "coordinates": [[10.4607452, 61.11647], [10.4607858, 61.1163435], [10.4608548, 61.1160837], [10.4609207, 61.1157906], [10.4609648, 61.1155499], [10.4610074, 61.1152694], [10.4611524, 61.1142495], [10.4611896, 61.11399], [10.4611976, 61.1139248], [10.4612234, 61.1137811], [10.4612571, 61.1136681], [10.4613416, 61.1134358]]}, "properties": {"electrified": "contact_line", "frequency": "16.67", "gauge": "1435", "maxspeed": "20", "name": "Dovrebanen", "railway": "rail", "service": "siding", "voltage": "15000", "length_km": 0.34, "maxspeed_kmh": 20.0}}, {"type": "Feature", "geometry": {"type": "LineString", "coordinates": [[10.461412, 61.113216], [10.4612982, 61.1140332], [10.4612694, 61.1142507], [10.4611112, 61.1153222], [10.4610654, 61.1155479], [10.4610089, 61.1157923], [10.4609391, 61.1160897], [10.4608682, 61.1163537], [10.4607959, 61.1166003]]}, "properties": {"electrified": "contact_line", "frequency": "16.67", "gauge": "1435", "maxspeed": "75", "name": "Dovrebanen", "operator": "Bane NOR", "passenger_lines": "2", "railway": "rail", "usage": "main", "voltage": "15000", "length_km": 0.379, "maxspeed_kmh": 75.0}}, {"type": "Feature", "geometry": {"type": "LineString", "coordinates": [[9.2447688, 61.9980443], [9.244441, 61.9981944], [9.2437032, 61.9985136], [9.2433176, 61.9986701], [9.2431431, 61.9987382]]}, "properties": {"electrified": "contact_line", "frequency": "16.67", "gauge": "1435", "maxspeed": "130", "name": "Dovrebanen", "operator": "Bane NOR", "passenger_lines": "1", "railway": "rail", "usage": "main", "voltage": "15000", "length_km": 0.115, "maxspeed_kmh": 130.0}}, {"type": "Feature", "geometry": {"type": "LineString", "coordinates": [[10.0129746, 62.8244229], [10.0128673, 62.8245319], [10.012758, 62.8246434], [10.0126735, 62.824742], [10.0125877, 62.8248526], [10.0125099, 62.8249738], [10.0124475, 62.825093], [10.0124013, 62.8251953], [10.012361, 62.8253208], [10.0123335, 62.8254332], [10.0123181, 62.8255533], [10.0123134, 62.8256678], [10.0123195, 62.8257934], [10.0123382, 62.8259106], [10.0123698, 62.8260387], [10.012412, 62.8261581], [10.0124784, 62.8262996], [10.0125535, 62.8264263], [10.0126232, 62.8265317], [10.0127265, 62.8266634], [10.0128472, 62.8267914], [10.0129813, 62.826916], [10.0131, 62.8270161]]}, "properties": {"electrified": "contact_line", "frequency": "16.67", "gauge": "1435", "maxspeed": "85", "name": "Dovrebanen", "operator": "Bane NOR", "passenger_lines": "1", "railway": "rail", "usage": "main", "voltage": "15000", "length_km": 0.302, "maxspeed_kmh": 85.0}}, {"type": "Feature", "geometry": {"type": "LineString", "coordinates": [[10.0131, 62.8270161], [10.0133564, 62.8272055]]}, "properties": {"bridge": "yes", "electrified": "contact_line", "frequency": "16.67", "gauge": "1435", "maxspeed": "85", "name": "Dovrebanen", "operator": "Bane NOR", "passenger_lines": "1", "railway": "rail", "usage": "main", "voltage": "15000", "length_km": 0.025, "maxspeed_kmh": 85.0}}, {"type": "Feature", "geometry": {"type": "LineString", "coordinates": [[9.2448855, 61.9979908], [9.2447688, 61.9980443]]}, "properties": {"bridge": "yes", "electrified": "contact_line", "frequency": "16.67", "gauge": "1435", "maxspeed": "130", "name": "Dovrebanen", "operator": "Bane NOR", "passenger_lines": "1", "railway": "rail", "usage": "main", "voltage": "15000", "length_km": 0.009, "maxspeed_kmh": 130.0}}, {"type": "Feature", "geometry": {"type": "LineString", "coordinates": [[9.221385, 62.0126821], [9.2206421, 62.0131109], [9.2198385, 62.0135882], [9.218595, 62.0143525], [9.2173362, 62.015159], [9.2168885, 62.0154566], [9.2164169, 62.0157782], [9.2161413, 62.0159736], [9.2159395, 62.0161241], [9.2155221, 62.0164557], [9.215299, 62.0166439], [9.2148002, 62.0170945], [9.2145727, 62.0172922]]}, "properties": {"electrified": "contact_line", "frequency": "16.67", "gauge": "1435", "maxspeed": "100", "name": "Dovrebanen", "operator": "Bane NOR", "passenger_lines": "1", "railway": "rail", "usage": "main", "voltage": "15000", "length_km": 0.627, "maxspeed_kmh": 100.0}}, {"type": "Feature", "geometry": {"type": "LineString", "coordinates": [[10.0322215, 62.8176277], [10.0320306, 62.8176158]]}, "properties": {"bridge": "yes", "electrified": "contact_line", "frequency": "16.67", "gauge": "1435", "maxspeed": "80", "name": "Dovrebanen", "operator": "Bane NOR", "railway": "rail", "usage": "main", "voltage": "15000", "length_km": 0.01, "maxspeed_kmh": 80.0}}, {"type": "Feature", "geometry": {"type": "LineString", "coordinates": [[9.2072823, 62.0202306], [9.2069934, 62.0203976], [9.1906211, 62.0300189], [9.1902402, 62.0302384], [9.1897502, 62.0305115], [9.1893155, 62.0307431], [9.1886371, 62.0310851], [9.1882607, 62.0312649], [9.1878424, 62.0314563], [9.1874093, 62.031646], [9.1866384, 62.0319669], [9.185112, 62.0325741], [9.1840964, 62.0329901], [9.1833521, 62.0333101], [9.1824699, 62.0337031], [9.1814149, 62.0341925], [9.1809052, 62.0344369], [9.1779442, 62.0358892], [9.1768402, 62.0364242], [9.1759457, 62.0368428], [9.1749358, 62.0372997], [9.1740838, 62.0376722], [9.1731401, 62.0380735], [9.1723001, 62.0384169], [9.1695696, 62.0395197], [9.1688042, 62.0398373], [9.1680497, 62.0401727], [9.1677059, 62.0403339], [9.167207, 62.0405786], [9.1669168, 62.0407268], [9.1666292, 62.0408784], [9.1659996, 62.0412257], [9.1656952, 62.0413993], [9.1648161, 62.0419163], [9.1628272, 62.0431014], [9.1620114, 62.0436045], [9.1613715, 62.0440175], [9.1609886, 62.0442827], [9.16055, 62.0446084], [9.1604167, 62.0447144], [9.1601393, 62.0449405], [9.1598858, 62.0451588], [9.1595674, 62.045446]]}, "properties": {"electrified": "contact_line", "frequency": "16.67", "gauge": "1435", "maxspeed": "130", "name": "Dovrebanen", "operator": "Bane NOR", "passenger_lines": "1", "railway": "rail", "usage": "main", "voltage": "15000", "length_km": 3.776, "maxspeed_kmh": 130.0}}, {"type": "Feature", "geometry": {"type": "LineString", "coordinates": [[10.0885423, 62.8734636], [10.0893488, 62.8748609], [10.0895845, 62.8752518], [10.0896985, 62.8754233], [10.0898274, 62.8756002], [10.0900864, 62.8759034], [10.0902543, 62.8760727], [10.0904481, 62.8762531], [10.0908009, 62.8765459], [10.0910095, 62.8766984], [10.0912449, 62.8768599], [10.0914707, 62.8770044], [10.0919165, 62.877261], [10.0926002, 62.8776213], [10.0953265, 62.8790271], [10.0957555, 62.8792602], [10.0959982, 62.8793985], [10.0964597, 62.8796776], [10.096684, 62.8798204], [10.0975036, 62.880344], [10.0986851, 62.881115], [10.0998609, 62.881899], [10.1009812, 62.8826638], [10.1015758, 62.8830774], [10.1021624, 62.8835], [10.1025449, 62.8837995], [10.1030281, 62.8842166], [10.1033533, 62.8845284], [10.1034951, 62.8846751], [10.103735, 62.8849362], [10.1039215, 62.885157], [10.1041435, 62.8854433], [10.1042354, 62.8855714]]}, "properties": {"electrified": "contact_line", "frequency": "16.67", "gauge": "1435", "maxspeed": "115", "name": "Dovrebanen", "operator": "Bane NOR", "passenger_lines": "1", "railway": "rail", "usage": "main", "voltage": "15000", "length_km": 1.587, "maxspeed_kmh": 115.0}}, {"type": "Feature", "geometry": {"type": "LineString", "coordinates": [[9.7794762, 61.585579], [9.7797206, 61.5855287]]}, "properties": {"bridge": "yes", "electrified": "contact_line", "frequency": "16.67", "gauge": "1435", "maxspeed": "130", "name": "Dovrebanen", "operator": "Bane NOR", "passenger_lines": "1", "railway": "rail", "usage": "main", "voltage": "15000", "length_km": 0.014, "maxspeed_kmh": 130.0}}, {"type": "Feature", "geometry": {"type": "LineString", "coordinates": [[9.8081994, 61.5851518], [9.8089825, 61.5852583], [9.8096933, 61.5853157], [9.8103209, 61.5853413], [9.8108359, 61.5853578], [9.8114287, 61.585354], [9.812051, 61.5853285], [9.8145696, 61.5851983], [9.8159399, 61.5851301], [9.8164149, 61.5851064], [9.8172196, 61.5850949], [9.8176736, 61.5851016], [9.8181691, 61.585109], [9.8191561, 61.5851524], [9.8202183, 61.5852034], [9.8221452, 61.5853004], [9.8228308, 61.5853349], [9.8235559, 61.585373], [9.825249, 61.5854582], [9.8258187, 61.5854791], [9.8265242, 61.5854855], [9.8272966, 61.5854574], [9.8274062, 61.5854512], [9.8279752, 61.5854102], [9.8286377, 61.5853438], [9.8295819, 61.5851983], [9.8307379, 61.5849928], [9.8337259, 61.5844478], [9.836164, 61.5840024], [9.8370626, 61.5837994], [9.8378806, 61.5835722], [9.8386022, 61.5833272], [9.8392352, 61.5830566], [9.8398118, 61.5827745]]}, "properties": {"electrified": "contact_line", "frequency": "16.67", "gauge": "1435", "maxspeed": "105", "name": "Dovrebanen", "operator": "Bane NOR", "passenger_lines": "1", "railway": "rail", "usage": "main", "voltage": "15000", "length_km": 1.76, "maxspeed_kmh": 105.0}}, {"type": "Feature", "geometry": {"type": "LineString", "coordinates": [[10.1417934, 61.5181529], [10.1432325, 61.5195925]]}, "properties": {"bridge": "yes", "electrified": "contact_line", "frequency": "16.67", "gauge": "1435", "maxspeed": "105", "name": "Dovrebanen", "operator": "Bane NOR", "passenger_lines": "1", "railway": "rail", "usage": "main", "voltage": "15000", "length_km": 0.178, "maxspeed_kmh": 105.0}}, {"type": "Feature", "geometry": {"type": "LineString", "coordinates": [[10.1042097, 61.5357222], [10.103794, 61.5358223], [10.0981919, 61.5371712], [10.0935818, 61.5382845], [10.0929135, 61.5384566], [10.0925289, 61.5385602], [10.0918404, 61.5387587], [10.091186, 61.5389609], [10.0906419, 61.5391404], [10.0899707, 61.5393775], [10.0894146, 61.5395859], [10.0887327, 61.5398597], [10.0880243, 61.5401662], [10.0874377, 61.5404387], [10.0867595, 61.5407769], [10.0861024, 61.5411162], [10.0849746, 61.5417179], [10.0843198, 61.5420806], [10.0834423, 61.5425811], [10.0828083, 61.5429538], [10.0814066, 61.543798], [10.0810246, 61.5440165], [10.080708, 61.5441856], [10.0802926, 61.5443931], [10.0799832, 61.5445358], [10.0796311, 61.5446905], [10.0793742, 61.5447967], [10.0790492, 61.5449245], [10.0786146, 61.5450859], [10.0781984, 61.5452278], [10.0779169, 61.545318], [10.0773533, 61.5454881], [10.0766433, 61.5456813], [10.0756967, 61.545932], [10.0718868, 61.54692], [10.0707496, 61.5472207], [10.0689668, 61.5476831], [10.0628527, 61.5492815], [10.0625597, 61.5493568]]}, "properties": {"electrified": "contact_line", "frequency": "16.67", "gauge": "1435", "maxspeed": "130", "name": "Dovrebanen", "operator": "Bane NOR", "passenger_lines": "1", "railway": "rail", "usage": "main", "voltage": "15000", "length_km": 2.72, "maxspeed_kmh": 130.0}}, {"type": "Feature", "geometry": {"type": "LineString", "coordinates": [[10.1537651, 62.9241967], [10.1538643, 62.9244116], [10.1539662, 62.9246631], [10.1539998, 62.9247864], [10.1540199, 62.9248694], [10.1540333, 62.9249848], [10.1540373, 62.9250965], [10.1540326, 62.9251829], [10.1540072, 62.925311], [10.1539783, 62.9254179], [10.1539287, 62.9255433]]}, "properties": {"electrified": "contact_line", "frequency": "16.67", "gauge": "1435", "maxspeed": "75", "name": "Dovrebanen", "operator": "Bane NOR", "passenger_lines": "1", "railway": "rail", "usage": "main", "voltage": "15000", "length_km": 0.152, "maxspeed_kmh": 75.0}}, {"type": "Feature", "geometry": {"type": "LineString", "coordinates": [[10.1536216, 62.9239358], [10.1537651, 62.9241967]]}, "properties": {"bridge": "yes", "electrified": "contact_line", "frequency": "16.67", "gauge": "1435", "maxspeed": "75", "name": "Dovrebanen", "operator": "Bane NOR", "passenger_lines": "1", "railway": "rail", "usage": "main", "voltage": "15000", "length_km": 0.03, "maxspeed_kmh": 75.0}}, {"type": "Feature", "geometry": {"type": "LineString", "coordinates": [[9.9842421, 62.746849], [9.9842763, 62.7469528]]}, "properties": {"bridge": "yes", "electrified": "contact_line", "frequency": "16.67", "gauge": "1435", "maxspeed": "110", "name": "Dovrebanen", "operator": "Bane NOR", "passenger_lines": "1", "railway": "rail", "usage": "main", "voltage": "15000", "length_km": 0.012, "maxspeed_kmh": 110.0}}, {"type": "Feature", "geometry": {"type": "LineString", "coordinates": [[9.9876235, 62.7531224], [9.9878619, 62.7532079], [9.9880697, 62.7532731], [9.9883028, 62.7533399], [9.9885024, 62.7533909], [9.9889193, 62.7534849], [9.9891596, 62.7535297], [9.9895317, 62.7535893], [9.9897851, 62.7536222], [9.9899551, 62.7536411], [9.9903715, 62.7536794], [9.9909761, 62.7537211], [9.991663, 62.7537634], [9.9919635, 62.7537861], [9.9924039, 62.7538277], [9.9927787, 62.7538748], [9.9930938, 62.7539252], [9.9932442, 62.753953], [9.993694, 62.7540497], [9.9940355, 62.7541383], [9.9941949, 62.7541837], [9.9943577, 62.7542342], [9.9946394, 62.7543298], [9.9948482, 62.7544095], [9.9950735, 62.7545047], [9.9952819, 62.7546023], [9.9954539, 62.7546912], [9.9956316, 62.7547924], [9.9958228, 62.7549115], [9.9959379, 62.754991], [9.9961228, 62.7551332], [9.9962542, 62.7552458], [9.9963695, 62.7553611], [9.9964856, 62.7554922], [9.9966092, 62.7556632], [9.9966791, 62.7557794], [9.9967459, 62.7559139], [9.9968234, 62.756155], [9.9968471, 62.7562997], [9.9968506, 62.7564327], [9.9968422, 62.7565805], [9.9967802, 62.7568351], [9.9967437, 62.7569398], [9.9966608, 62.7571161], [9.9965697, 62.7572611], [9.9963645, 62.7575516], [9.9961269, 62.7578684], [9.9959195, 62.7582109], [9.9958489, 62.7583523], [9.9958122, 62.758448], [9.9957573, 62.7586086], [9.9957259, 62.7587776]]}, "properties": {"electrified": "contact_line", "frequency": "16.67", "gauge": "1435", "maxspeed": "85", "name": "Dovrebanen", "operator": "Bane NOR", "passenger_lines": "1", "railway": "rail", "usage": "main", "voltage": "15000", "length_km": 0.927, "maxspeed_kmh": 85.0}}, {"type": "Feature", "geometry": {"type": "LineString", "coordinates": [[9.2300305, 62.002413], [9.2297555, 62.0025094], [9.2294554, 62.0026263], [9.2290388, 62.0028101], [9.2287465, 62.0029579], [9.2284634, 62.0031192], [9.2281835, 62.0033006], [9.2278994, 62.0035101], [9.227666, 62.0037154], [9.2274373, 62.0039457], [9.2272538, 62.0041739], [9.2271224, 62.0043746], [9.2270204, 62.0045752], [9.2269466, 62.0047527], [9.2268918, 62.0049484], [9.2268495, 62.0051499], [9.2267499, 62.0059469], [9.2266957, 62.0062671], [9.2266242, 62.0066124], [9.2265393, 62.0069532], [9.2264427, 62.0072668], [9.2263419, 62.0075549], [9.2262426, 62.0078126], [9.2261134, 62.0081095], [9.2258271, 62.0086731], [9.2256683, 62.0089518], [9.2254818, 62.0092409], [9.2252591, 62.0095473], [9.2250848, 62.0097713], [9.2249074, 62.0099815], [9.2245861, 62.0103287], [9.224384, 62.0105331], [9.2239818, 62.010899], [9.2237175, 62.0111209], [9.2234931, 62.0113008], [9.2231945, 62.0115278], [9.2228691, 62.0117603], [9.2225323, 62.0119887], [9.2221338, 62.012241], [9.2217671, 62.0124617], [9.2215057, 62.0126129]]}, "properties": {"electrified": "contact_line", "frequency": "16.67", "gauge": "1435", "maxspeed": "100", "name": "Dovrebanen", "operator": "Bane NOR", "passenger_lines": "1", "railway": "rail", "usage": "main", "voltage": "15000", "length_km": 1.255, "maxspeed_kmh": 100.0}}, {"type": "Feature", "geometry": {"type": "LineString", "coordinates": [[9.2431431, 61.9987382], [9.2429506, 61.9988128]]}, "properties": {"bridge": "yes", "electrified": "contact_line", "frequency": "16.67", "gauge": "1435", "maxspeed": "130", "name": "Dovrebanen", "operator": "Bane NOR", "passenger_lines": "1", "railway": "rail", "usage": "main", "voltage": "15000", "length_km": 0.013, "maxspeed_kmh": 130.0}}, {"type": "Feature", "geometry": {"type": "LineString", "coordinates": [[9.6760327, 61.6628961], [9.6757203, 61.6629034]]}, "properties": {"bridge": "yes", "electrified": "contact_line", "frequency": "16.67", "gauge": "1435", "maxspeed": "130", "name": "Dovrebanen", "operator": "Bane NOR", "passenger_lines": "1", "railway": "rail", "usage": "main", "voltage": "15000", "length_km": 0.017, "maxspeed_kmh": 130.0}}, {"type": "Feature", "geometry": {"type": "LineString", "coordinates": [[9.6768395, 61.6628831], [9.6760327, 61.6628961]]}, "properties": {"electrified": "contact_line", "frequency": "16.67", "gauge": "1435", "maxspeed": "130", "name": "Dovrebanen", "operator": "Bane NOR", "passenger_lines": "1", "railway": "rail", "usage": "main", "voltage": "15000", "length_km": 0.043, "maxspeed_kmh": 130.0}}, {"type": "Feature", "geometry": {"type": "LineString", "coordinates": [[9.4163304, 61.8722493], [9.4171673, 61.8729318]]}, "properties": {"electrified": "contact_line", "frequency": "16.67", "gauge": "1435", "maxspeed": "110", "name": "Dovrebanen", "operator": "Bane NOR", "passenger_lines": "1", "railway": "rail", "tunnel": "yes", "usage": "main", "voltage": "15000", "length_km": 0.088, "maxspeed_kmh": 110.0}}, {"type": "Feature", "geometry": {"type": "LineString", "coordinates": [[9.4174925, 61.873186], [9.4177617, 61.8733833], [9.4184813, 61.8739038], [9.4187883, 61.874136], [9.4189538, 61.8742812], [9.419099, 61.8744321], [9.4192267, 61.8745919], [9.4192742, 61.8746623], [9.4193664, 61.8748406], [9.4194266, 61.8750159], [9.4194503, 61.8751334], [9.4194612, 61.8753176], [9.4194534, 61.8754303], [9.4194361, 61.8755237], [9.4194139, 61.8756148], [9.4193514, 61.8757746], [9.4192276, 61.8759907], [9.4190786, 61.8761776], [9.4190165, 61.876244], [9.418859, 61.8763899], [9.4187717, 61.8764608], [9.4185906, 61.8765899], [9.4184218, 61.8766956], [9.4182384, 61.8767984], [9.4180257, 61.8769064], [9.4176632, 61.8770707], [9.4172831, 61.8772205], [9.4171428, 61.8772715], [9.4168617, 61.8773652], [9.4163501, 61.8775155], [9.4157762, 61.8776556], [9.4148932, 61.877842], [9.4128355, 61.8782557], [9.4123372, 61.8783651], [9.4121759, 61.8784042], [9.4118959, 61.8784763], [9.4115397, 61.8785836], [9.4113296, 61.8786556], [9.4110162, 61.8787755], [9.4108947, 61.8788275], [9.4105038, 61.8790059], [9.4101141, 61.8792005], [9.4095473, 61.8794999], [9.4091268, 61.8797341], [9.4086139, 61.8800358], [9.4082687, 61.8802477], [9.4071406, 61.8809718], [9.4069482, 61.8810884], [9.4065816, 61.8812947], [9.406295, 61.8814421], [9.4058327, 61.8816597], [9.404725, 61.8821471], [9.4044826, 61.8822678], [9.4043289, 61.8823499], [9.4041135, 61.8824751], [9.4039657, 61.8825733], [9.403787, 61.8827102], [9.4036712, 61.8828139], [9.4035997, 61.8828874], [9.4034588, 61.8830495], [9.4034005, 61.8831296], [9.403317, 61.8832696], [9.4032303, 61.8834777], [9.4031905, 61.8836473], [9.4031745, 61.8837763], [9.4031629, 61.8839921], [9.403174, 61.8848344], [9.4031908, 61.8851835], [9.4032384, 61.8854525], [9.4033072, 61.8856446], [9.403391, 61.8858163], [9.4034759, 61.8859506], [9.4035705, 61.8860718], [9.4037538, 61.8862689], [9.4039341, 61.8864362], [9.4045203, 61.8869259], [9.4046876, 61.8870736], [9.4049007, 61.8872851], [9.4049764, 61.8873696], [9.405061, 61.8874679], [9.4052054, 61.8876705], [9.4052573, 61.8877538], [9.4053793, 61.8879875], [9.4054444, 61.8881667], [9.4054924, 61.8883405], [9.4055225, 61.8885329], [9.4055308, 61.8886568], [9.4055218, 61.8888643], [9.4054931, 61.8890662], [9.4053873, 61.8893904]]}, "properties": {"electrified": "contact_line", "frequency": "16.67", "gauge": "1435", "maxspeed": "80", "name": "Dovrebanen", "operator": "Bane NOR", "passenger_lines": "1", "railway": "rail", "usage": "main", "voltage": "15000", "length_km": 2.246, "maxspeed_kmh": 80.0}}, {"type": "Feature", "geometry": {"type": "LineString", "coordinates": [[9.6663413, 62.5753601], [9.6664245, 62.5754438]]}, "properties": {"bridge": "yes", "electrified": "contact_line", "frequency": "16.67", "gauge": "1435", "maxspeed": "130", "name": "Dovrebanen", "operator": "Bane NOR", "passenger_lines": "1", "railway": "rail", "usage": "main", "voltage": "15000", "length_km": 0.01, "maxspeed_kmh": 130.0}}, {"type": "Feature", "geometry": {"type": "LineString", "coordinates": [[9.6740897, 62.5830731], [9.6742523, 62.5831667]]}, "properties": {"bridge": "yes", "electrified": "contact_line", "frequency": "16.67", "gauge": "1435", "maxspeed": "130", "name": "Dovrebanen", "operator": "Bane NOR", "passenger_lines": "1", "railway": "rail", "usage": "main", "voltage": "15000", "length_km": 0.013, "maxspeed_kmh": 130.0}}, {"type": "Feature", "geometry": {"type": "LineString", "coordinates": [[9.6825566, 62.5880456], [9.6831625, 62.5883954], [9.6846402, 62.5892268], [9.686186, 62.5900707], [9.6867102, 62.5903404]]}, "properties": {"electrified": "contact_line", "frequency": "16.67", "gauge": "1435", "maxspeed": "100", "name": "Dovrebanen", "operator": "Bane NOR", "passenger_lines": "1", "railway": "rail", "usage": "main", "voltage": "15000", "length_km": 0.333, "maxspeed_kmh": 100.0}}, {"type": "Feature", "geometry": {"type": "LineString", "coordinates": [[9.6664245, 62.5754438], [9.6666572, 62.5756851], [9.6669353, 62.5759967], [9.6671251, 62.576225], [9.6674174, 62.5766143], [9.6676394, 62.5769446], [9.6678853, 62.5773269], [9.6687653, 62.5787117], [9.6690605, 62.5791415], [9.6691818, 62.5793014], [9.6694164, 62.5795901], [9.6695554, 62.5797473], [9.6698022, 62.5800126], [9.6700084, 62.5802223], [9.6701857, 62.580394], [9.6704317, 62.5806185], [9.6708151, 62.580945], [9.671254, 62.5812905], [9.6714917, 62.5814658], [9.671733, 62.5816343], [9.6722037, 62.5819458], [9.6726973, 62.5822544], [9.6740897, 62.5830731]]}, "properties": {"electrified": "contact_line", "frequency": "16.67", "gauge": "1435", "maxspeed": "130", "name": "Dovrebanen", "operator": "Bane NOR", "passenger_lines": "1", "railway": "rail", "usage": "main", "voltage": "15000", "length_km": 0.947, "maxspeed_kmh": 130.0}}, {"type": "Feature", "geometry": {"type": "LineString", "coordinates": [[9.6623629, 62.5713911], [9.6624146, 62.5714996]]}, "properties": {"bridge": "yes", "electrified": "contact_line", "frequency": "16.67", "gauge": "1435", "maxspeed": "130", "name": "Dovrebanen", "operator": "Bane NOR", "passenger_lines": "1", "railway": "rail", "usage": "main", "voltage": "15000", "length_km": 0.012, "maxspeed_kmh": 130.0}}, {"type": "Feature", "geometry": {"type": "LineString", "coordinates": [[9.6624146, 62.5714996], [9.6625386, 62.5717392], [9.6627524, 62.5720884], [9.6628527, 62.5722321], [9.6630521, 62.5724899], [9.6631628, 62.5726211], [9.663393, 62.5728733], [9.6635145, 62.5729978], [9.6638239, 62.5732888], [9.6639674, 62.5734152], [9.66428, 62.5736707], [9.665239, 62.5744043], [9.6656734, 62.5747535], [9.6661441, 62.5751692], [9.6663413, 62.5753601]]}, "properties": {"electrified": "contact_line", "frequency": "16.67", "gauge": "1435", "maxspeed": "130", "name": "Dovrebanen", "operator": "Bane NOR", "passenger_lines": "1", "railway": "rail", "usage": "main", "voltage": "15000", "length_km": 0.478, "maxspeed_kmh": 130.0}}, {"type": "Feature", "geometry": {"type": "LineString", "coordinates": [[9.6408617, 62.552773], [9.6409425, 62.5528463]]}, "properties": {"bridge": "yes", "electrified": "contact_line", "frequency": "16.67", "gauge": "1435", "maxspeed": "100", "name": "Dovrebanen", "operator": "Bane NOR", "passenger_lines": "1", "railway": "rail", "usage": "main", "voltage": "15000", "length_km": 0.009, "maxspeed_kmh": 100.0}}, {"type": "Feature", "geometry": {"type": "LineString", "coordinates": [[9.6409425, 62.5528463], [9.6411435, 62.5530141], [9.6415253, 62.5533037], [9.642526, 62.5540508], [9.6427153, 62.5541978], [9.6431952, 62.5545774], [9.6436523, 62.5549674], [9.6441162, 62.5553866], [9.6444423, 62.5556973], [9.6450164, 62.5562615], [9.6453276, 62.5565525], [9.6455047, 62.5567009], [9.645698, 62.556853], [9.6459291, 62.5570162], [9.6461696, 62.5571733], [9.6463672, 62.5572919], [9.6467859, 62.5575124], [9.6471736, 62.5576925], [9.6474201, 62.5577977], [9.6477092, 62.5579097], [9.6480656, 62.5580404], [9.6488171, 62.5583033], [9.6492963, 62.5584783], [9.6496096, 62.5586036], [9.6499473, 62.5587488], [9.6500589, 62.5588003], [9.6503246, 62.5589346]]}, "properties": {"electrified": "contact_line", "frequency": "16.67", "gauge": "1435", "maxspeed": "100", "name": "Dovrebanen", "operator": "Bane NOR", "passenger_lines": "1", "railway": "rail", "usage": "main", "voltage": "15000", "length_km": 0.844, "maxspeed_kmh": 100.0}}, {"type": "Feature", "geometry": {"type": "LineString", "coordinates": [[9.1267482, 62.0703083], [9.1268921, 62.0705202], [9.1269477, 62.0706012], [9.1269705, 62.0706383], [9.1269961, 62.0706828]]}, "properties": {"electrified": "contact_line", "frequency": "16.67", "gauge": "1435", "maxspeed": "40", "name": "Dovrebanen", "operator": "Bane NOR", "railway": "rail", "tracks": "1", "usage": "main", "voltage": "15000", "length_km": 0.044, "maxspeed_kmh": 40.0}}, {"type": "Feature", "geometry": {"type": "LineString", "coordinates": [[9.1243126, 62.0661966], [9.1243745, 62.0662779], [9.1244323, 62.0663603], [9.1244687, 62.0664193], [9.1245089, 62.0664947], [9.1246748, 62.066799], [9.1248597, 62.0671161], [9.1250011, 62.0673356], [9.1251484, 62.0675558], [9.1252703, 62.0677421], [9.1254051, 62.0679555], [9.125548, 62.0681979], [9.1256291, 62.0683441], [9.1257516, 62.0685663], [9.1258437, 62.0687452], [9.1259662, 62.0689946], [9.1260701, 62.0692174], [9.126115, 62.0693235]]}, "properties": {"electrified": "contact_line", "frequency": "16.67", "gauge": "1435", "maxspeed": "40", "name": "Dovrebanen", "operator": "Bane NOR", "passenger_lines": "2", "railway": "rail", "usage": "main", "voltage": "15000", "length_km": 0.361, "maxspeed_kmh": 40.0}}, {"type": "Feature", "geometry": {"type": "LineString", "coordinates": [[10.3807078, 63.4319522], [10.380894, 63.4319965], [10.3834142, 63.4325954], [10.3851731, 63.4330265], [10.3858451, 63.4332086], [10.3866702, 63.4334492], [10.3874483, 63.4337033], [10.3886294, 63.4341205], [10.3901864, 63.4346764], [10.391158, 63.4350099], [10.391273, 63.4350507], [10.3921654, 63.4353171]]}, "properties": {"electrified": "contact_line", "frequency": "16.67", "gauge": "1435", "maxspeed": "30", "name": "Dovrebanen", "operator": "Bane NOR", "passenger_lines": "2", "railway": "rail", "usage": "main", "voltage": "15000", "length_km": 0.686, "maxspeed_kmh": 30.0}}, {"type": "Feature", "geometry": {"type": "LineString", "coordinates": [[10.3995359, 63.4367657], [10.3980089, 63.4366485], [10.3972704, 63.4365906], [10.3970561, 63.4365707], [10.3968276, 63.4365445], [10.3965819, 63.4365104], [10.396331, 63.4364698], [10.3963092, 63.4364647], [10.3959686, 63.4363987], [10.3956253, 63.4363183], [10.3951907, 63.4362044], [10.3948653, 63.4361137]]}, "properties": {"electrified": "contact_line", "frequency": "16.67", "gauge": "1435", "maxspeed": "30", "name": "Dovrebanen", "operator": "Bane NOR", "passenger_lines": "5", "railway": "rail", "service": "siding", "voltage": "15000", "length_km": 0.247, "maxspeed_kmh": 30.0}}, {"type": "Feature", "geometry": {"type": "LineString", "coordinates": [[10.3915188, 63.4350853], [10.3921946, 63.4352785]]}, "properties": {"electrified": "contact_line", "frequency": "16.67", "gauge": "1435", "maxspeed": "30", "name": "Dovrebanen", "operator": "Bane NOR", "passenger_lines": "2", "railway": "rail", "usage": "main", "voltage": "15000", "length_km": 0.04, "maxspeed_kmh": 30.0}}, {"type": "Feature", "geometry": {"type": "LineString", "coordinates": [[10.3929102, 63.4355719], [10.3942949, 63.4359549], [10.3948653, 63.4361137]]}, "properties": {"electrified": "contact_line", "frequency": "16.67", "gauge": "1435", "maxspeed": "30", "name": "Dovrebanen", "passenger_lines": "5", "railway": "rail", "service": "siding", "voltage": "15000", "length_km": 0.115, "maxspeed_kmh": 30.0}}, {"type": "Feature", "geometry": {"type": "LineString", "coordinates": [[10.4002011, 63.4367058], [10.4021581, 63.4368594], [10.4027006, 63.4369006], [10.4029718, 63.4369181], [10.4032314, 63.436931], [10.4034768, 63.4369415], [10.4037609, 63.4369516], [10.4041495, 63.4369624], [10.4053635, 63.4369942]]}, "properties": {"electrified": "contact_line", "frequency": "16.67", "gauge": "1435", "maxspeed": "30", "name": "Dovrebanen", "operator": "Bane NOR", "passenger_lines": "5", "railway": "rail", "service": "siding", "voltage": "15000", "length_km": 0.26, "maxspeed_kmh": 30.0}}, {"type": "Feature", "geometry": {"type": "LineString", "coordinates": [[9.543923, 62.2173209], [9.5435979, 62.2176757], [9.5434556, 62.2178283], [9.5432962, 62.2179769], [9.5431511, 62.2181069], [9.5409682, 62.2200046], [9.5387597, 62.2219138], [9.5386203, 62.2220239], [9.5384296, 62.2221671], [9.5380179, 62.2224652]]}, "properties": {"electrified": "contact_line", "frequency": "16.67", "gauge": "1435", "maxspeed": "40", "name": "Dovrebanen", "railway": "rail", "service": "siding", "voltage": "15000", "length_km": 0.651, "maxspeed_kmh": 40.0}}, {"type": "Feature", "geometry": {"type": "LineString", "coordinates": [[10.665841, 60.9615373], [10.6657708, 60.9616789], [10.6656615, 60.9618844], [10.6655669, 60.962028], [10.6654836, 60.962139], [10.6653702, 60.9622647], [10.6652583, 60.9623792], [10.6650806, 60.9625334], [10.6649069, 60.9626641], [10.664596, 60.9628608], [10.6643921, 60.9629726], [10.6642033, 60.9630661], [10.663959, 60.9631736]]}, "properties": {"electrified": "contact_line", "frequency": "16.67", "gauge": "1435", "maxspeed": "85", "name": "Dovrebanen", "operator": "Bane NOR", "passenger_lines": "1", "railway": "rail", "usage": "main", "voltage": "15000", "length_km": 0.213, "maxspeed_kmh": 85.0}}, {"type": "Feature", "geometry": {"type": "LineString", "coordinates": [[10.677151, 60.952439], [10.6750615, 60.9535387], [10.6744347, 60.9538631], [10.6734697, 60.954366], [10.6726658, 60.9547871], [10.6718425, 60.9552132], [10.6710873, 60.9556086], [10.670715, 60.9558135], [10.6703749, 60.9560112], [10.6700538, 60.9562027], [10.6697976, 60.9563701], [10.6695313, 60.956549], [10.6692018, 60.9567862], [10.6688705, 60.9570391], [10.6686176, 60.9572454], [10.6683276, 60.9574913], [10.6680966, 60.9577083], [10.6679301, 60.9578768], [10.6677454, 60.9580739], [10.6675767, 60.9582877], [10.667439, 60.9584613], [10.6673072, 60.9586435], [10.6670493, 60.959021], [10.6669595, 60.9591611], [10.6668744, 60.959308], [10.6667183, 60.9595965], [10.6665808, 60.9598887], [10.6664551, 60.9601689], [10.6663098, 60.9604959], [10.6659194, 60.9613685], [10.665841, 60.9615373]]}, "properties": {"electrified": "contact_line", "frequency": "16.67", "gauge": "1435", "maxspeed": "100", "name": "Dovrebanen", "operator": "Bane NOR", "passenger_lines": "1", "railway": "rail", "usage": "main", "voltage": "15000", "length_km": 1.213, "maxspeed_kmh": 100.0}}, {"type": "Feature", "geometry": {"type": "LineString", "coordinates": [[9.3957299, 61.8630681], [9.3953885, 61.8632048], [9.3951792, 61.8633024], [9.3949832, 61.863406], [9.3948012, 61.863515], [9.3946337, 61.8636291], [9.3944815, 61.863748], [9.3943452, 61.863871], [9.394179, 61.8640526]]}, "properties": {"electrified": "contact_line", "frequency": "16.67", "gauge": "1435", "maxspeed": "75", "name": "Dovrebanen", "operator": "Bane NOR", "passenger_lines": "1", "railway": "rail", "tunnel": "yes", "usage": "main", "voltage": "15000", "length_km": 0.139, "maxspeed_kmh": 75.0}}, {"type": "Feature", "geometry": {"type": "LineString", "coordinates": [[9.394543, 61.8659908], [9.3946289, 61.8660553], [9.3947441, 61.8661372], [9.3949085, 61.8662409], [9.3950854, 61.8663399], [9.3952741, 61.8664339], [9.3954739, 61.8665227], [9.3956842, 61.8666059], [9.3959046, 61.8666832], [9.3961338, 61.8667544], [9.3963713, 61.8668191], [9.3966166, 61.8668773], [9.3968135, 61.866921]]}, "properties": {"electrified": "contact_line", "frequency": "16.67", "gauge": "1435", "maxspeed": "75", "name": "Dovrebanen", "operator": "Bane NOR", "passenger_lines": "1", "railway": "rail", "tunnel": "yes", "usage": "main", "voltage": "15000", "length_km": 0.161, "maxspeed_kmh": 75.0}}, {"type": "Feature", "geometry": {"type": "LineString", "coordinates": [[9.3938907, 61.8646959], [9.3938846, 61.864748], [9.393888, 61.8649165], [9.3939162, 61.8651009], [9.3939541, 61.8652254], [9.3940012, 61.865336], [9.3940983, 61.8655108], [9.3941972, 61.8656498], [9.3943223, 61.8657857], [9.3944692, 61.8659273], [9.394543, 61.8659908]]}, "properties": {"electrified": "contact_line", "frequency": "16.67", "gauge": "1435", "maxspeed": "75", "name": "Dovrebanen", "operator": "Bane NOR", "passenger_lines": "1", "railway": "rail", "usage": "main", "voltage": "15000", "length_km": 0.151, "maxspeed_kmh": 75.0}}, {"type": "Feature", "geometry": {"type": "LineString", "coordinates": [[9.3979584, 61.8671662], [9.398976, 61.8673721], [9.4001583, 61.8676004], [9.4007879, 61.8677154], [9.4017231, 61.8678801], [9.4027219, 61.868036], [9.4034551, 61.8681351], [9.404052, 61.8682076], [9.4053858, 61.8683529], [9.4060319, 61.8684325], [9.4062442, 61.868462], [9.4069348, 61.8685729], [9.4073413, 61.8686491], [9.4075495, 61.8686928], [9.408022, 61.8687985], [9.4087547, 61.8689808], [9.4115434, 61.8697058], [9.4121365, 61.8698695], [9.4126408, 61.870024], [9.4129606, 61.8701341], [9.4132852, 61.8702564], [9.4134748, 61.8703328], [9.413831, 61.8704893], [9.4141502, 61.870645], [9.4145671, 61.8708716], [9.4148047, 61.8710183], [9.4150915, 61.8712111], [9.4154765, 61.8715077], [9.4163304, 61.8722493]]}, "properties": {"electrified": "contact_line", "frequency": "16.67", "gauge": "1435", "maxspeed": "110", "name": "Dovrebanen", "operator": "Bane NOR", "passenger_lines": "1", "railway": "rail", "usage": "main", "voltage": "15000", "length_km": 1.16, "maxspeed_kmh": 110.0}}, {"type": "Feature", "geometry": {"type": "LineString", "coordinates": [[9.8398118, 61.5827745], [9.8400586, 61.5826302]]}, "properties": {"bridge": "yes", "electrified": "contact_line", "frequency": "16.67", "gauge": "1435", "maxspeed": "105", "name": "Dovrebanen", "operator": "Bane NOR", "passenger_lines": "1", "railway": "rail", "usage": "main", "voltage": "15000", "length_km": 0.021, "maxspeed_kmh": 105.0}}, {"type": "Feature", "geometry": {"type": "LineString", "coordinates": [[9.7206193, 61.6404938], [9.7202652, 61.6402707], [9.7202025, 61.6402312], [9.7199021, 61.6400095], [9.7196043, 61.6397598], [9.7193281, 61.6394896], [9.7190786, 61.6391877], [9.7189861, 61.6390551], [9.718927, 61.6389704], [9.7189016, 61.6389341], [9.7187434, 61.6386258], [9.7186334, 61.6383111], [9.7185744, 61.6380473], [9.7185422, 61.6377963], [9.7185444, 61.6377224], [9.7185488, 61.6375732], [9.7185502, 61.6375249], [9.7185851, 61.6371694], [9.7186208, 61.6368994], [9.7187246, 61.6361144], [9.7188346, 61.6353307], [9.7190706, 61.6337124], [9.7191859, 61.633251], [9.7193308, 61.6328203], [9.7195212, 61.6324125], [9.719709, 61.6320633], [9.7199504, 61.6317078], [9.7202561, 61.631291], [9.7209052, 61.6305225], [9.7215194, 61.6297527], [9.7217957, 61.6293627], [9.7220344, 61.6290033], [9.7223375, 61.6284935], [9.7225789, 61.6280181], [9.7228793, 61.6273018], [9.7231744, 61.6265332], [9.7237162, 61.6250444], [9.723792, 61.6247861]]}, "properties": {"electrified": "contact_line", "frequency": "16.67", "gauge": "1435", "maxspeed": "105", "name": "Dovrebanen", "operator": "Bane NOR", "passenger_lines": "1", "railway": "rail", "usage": "main", "voltage": "15000", "length_km": 1.812, "maxspeed_kmh": 105.0}}, {"type": "Feature", "geometry": {"type": "LineString", "coordinates": [[9.8431874, 61.5799617], [9.8433551, 61.579813], [9.8437601, 61.5795232], [9.8441758, 61.5792781], [9.8445889, 61.5790726], [9.8451414, 61.5788467], [9.8457342, 61.5786564], [9.8463967, 61.5784815], [9.847078, 61.5783501], [9.8483279, 61.5781598], [9.8489582, 61.5780475], [9.8494973, 61.5779275], [9.8501008, 61.5777603], [9.8506051, 61.5775905], [9.8511975, 61.577349], [9.8521473, 61.5768857], [9.8526777, 61.576624]]}, "properties": {"electrified": "contact_line", "frequency": "16.67", "gauge": "1435", "maxspeed": "95", "name": "Dovrebanen", "operator": "Bane NOR", "passenger_lines": "1", "railway": "rail", "usage": "main", "voltage": "15000", "length_km": 0.642, "maxspeed_kmh": 95.0}}, {"type": "Feature", "geometry": {"type": "LineString", "coordinates": [[9.8624707, 61.5744732], [9.8638548, 61.5744505], [9.8646246, 61.5744249], [9.865279, 61.5743764], [9.8660327, 61.5742985], [9.8668025, 61.5741849], [9.8674838, 61.574056], [9.8681141, 61.5739066], [9.8687077, 61.5737374], [9.8692326, 61.5735593], [9.8698146, 61.5733397], [9.8706783, 61.572977]]}, "properties": {"electrified": "contact_line", "frequency": "16.67", "gauge": "1435", "maxspeed": "105", "name": "Dovrebanen", "operator": "Bane NOR", "passenger_lines": "1", "railway": "rail", "usage": "main", "voltage": "15000", "length_km": 0.482, "maxspeed_kmh": 105.0}}, {"type": "Feature", "geometry": {"type": "LineString", "coordinates": [[10.4483526, 61.1243991], [10.4451918, 61.1264962], [10.4395033, 61.1302791], [10.4382634, 61.1309882]]}, "properties": {"electrified": "contact_line", "frequency": "16.67", "gauge": "1435", "maxspeed": "125", "name": "Dovrebanen", "operator": "Bane NOR", "passenger_lines": "1", "railway": "rail", "usage": "main", "voltage": "15000", "length_km": 0.914, "maxspeed_kmh": 125.0}}, {"type": "Feature", "geometry": {"type": "LineString", "coordinates": [[10.4484176, 61.1243558], [10.4483526, 61.1243991]]}, "properties": {"bridge": "yes", "electrified": "contact_line", "frequency": "16.67", "gauge": "1435", "maxspeed": "125", "name": "Dovrebanen", "operator": "Bane NOR", "passenger_lines": "1", "railway": "rail", "usage": "main", "voltage": "15000", "length_km": 0.006, "maxspeed_kmh": 125.0}}, {"type": "Feature", "geometry": {"type": "LineString", "coordinates": [[9.8795891, 61.5699221], [9.8799504, 61.5698584], [9.8802401, 61.5698138], [9.8804929, 61.5697783], [9.880849, 61.5697349], [9.8811682, 61.5697014]]}, "properties": {"bridge": "yes", "electrified": "contact_line", "frequency": "16.67", "gauge": "1435", "maxspeed": "105", "name": "Dovrebanen", "operator": "Bane NOR", "passenger_lines": "1", "railway": "rail", "usage": "main", "voltage": "15000", "length_km": 0.088, "maxspeed_kmh": 105.0}}, {"type": "Feature", "geometry": {"type": "LineString", "coordinates": [[9.8811682, 61.5697014], [9.8814538, 61.569679], [9.8819902, 61.5696426], [9.8824637, 61.5696241], [9.8829863, 61.5696108], [9.8877302, 61.5696709], [9.8897231, 61.5696962], [9.8935415, 61.5697446], [9.8940602, 61.5697454], [9.8946449, 61.569732], [9.8951508, 61.5697067], [9.8956561, 61.5696688], [9.8961486, 61.5696183], [9.8966351, 61.5695539], [9.8970347, 61.5694932], [9.8975815, 61.5693939], [9.8981291, 61.5692665], [9.8983541, 61.56921], [9.8986146, 61.5691439], [9.8991134, 61.5689968], [9.8994984, 61.5688656], [9.8998876, 61.5687222], [9.9002767, 61.5685712]]}, "properties": {"electrified": "contact_line", "frequency": "16.67", "gauge": "1435", "maxspeed": "105", "name": "Dovrebanen", "operator": "Bane NOR", "passenger_lines": "1", "railway": "rail", "usage": "main", "voltage": "15000", "length_km": 1.049, "maxspeed_kmh": 105.0}}, {"type": "Feature", "geometry": {"type": "LineString", "coordinates": [[11.2467023, 60.3392858], [11.2466149, 60.3396666], [11.2465135, 60.3399908], [11.2464404, 60.3402426], [11.2463723, 60.3405125], [11.2463042, 60.3408511], [11.2462624, 60.341148], [11.2462204, 60.3414784], [11.2461805, 60.3418011], [11.2460601, 60.342735], [11.2458291, 60.3445465], [11.245791, 60.3449014], [11.2457547, 60.3453035], [11.2457309, 60.3456534], [11.2457145, 60.3460036], [11.2457031, 60.3463487], [11.2456593, 60.3485468]]}, "properties": {"electrified": "contact_line", "frequency": "16.67", "gauge": "1435", "name": "Dovrebanen", "operator": "Bane NOR", "passenger_lines": "2", "railway": "rail", "service": "siding", "voltage": "15000", "length_km": 1.034}}, {"type": "Feature", "geometry": {"type": "LineString", "coordinates": [[11.247339, 60.3362232], [11.2472057, 60.3371942], [11.2471505, 60.3375778], [11.2470954, 60.3378712], [11.2469991, 60.3383409], [11.2468325, 60.3391933], [11.2467414, 60.3396515], [11.2466597, 60.3400682], [11.2465709, 60.3405134], [11.2465062, 60.3408472], [11.2464455, 60.3411452], [11.246403, 60.341422], [11.2463949, 60.3414748], [11.2463545, 60.3417571]]}, "properties": {"electrified": "contact_line", "frequency": "16.67", "gauge": "1435", "name": "Dovrebanen", "operator": "Bane NOR", "railway": "rail", "usage": "branch", "voltage": "15000", "length_km": 0.619}}, {"type": "Feature", "geometry": {"type": "LineString", "coordinates": [[11.2380025, 60.3914757], [11.2380572, 60.3931233], [11.2380639, 60.3936574], [11.2380613, 60.3940221], [11.2380549, 60.3943681], [11.2380409, 60.3947812], [11.2380166, 60.3952357], [11.2379883, 60.3956252], [11.237943, 60.3961418], [11.2378961, 60.396564], [11.2378432, 60.3969863], [11.2377827, 60.397405], [11.237718, 60.3978108], [11.2376542, 60.3981747], [11.2375868, 60.3985253], [11.2374871, 60.3990014]]}, "properties": {"bridge": "yes", "electrified": "contact_line", "frequency": "16.67", "gauge": "1435", "maxspeed": "200", "name": "Dovrebanen", "operator": "Bane NOR", "railway": "rail", "usage": "main", "voltage": "15000", "length_km": 0.84, "maxspeed_kmh": 200.0}}, {"type": "Feature", "geometry": {"type": "LineString", "coordinates": [[11.2460238, 60.3423588], [11.2460963, 60.3417909], [11.2461373, 60.3414681], [11.2461803, 60.3411374], [11.2462212, 60.3408417], [11.2462717, 60.3405031], [11.2463468, 60.3400627], [11.2464258, 60.3396268], [11.2465155, 60.3391845], [11.2466999, 60.3383286]]}, "properties": {"electrified": "contact_line", "frequency": "16.67", "gauge": "1435", "name": "Dovrebanen", "operator": "Bane NOR", "railway": "rail", "usage": "main", "voltage": "15000", "length_km": 0.451}}, {"type": "Feature", "geometry": {"type": "LineString", "coordinates": [[11.2362124, 60.4059057], [11.2361859, 60.4057042], [11.2361691, 60.4055494], [11.2361503, 60.4053242], [11.2361379, 60.4050888], [11.2361321, 60.404867], [11.2361281, 60.4046334], [11.2361363, 60.4044116], [11.2361482, 60.404203], [11.2361732, 60.4039204], [11.2362097, 60.4036242], [11.2362632, 60.4032946], [11.2363141, 60.4030435], [11.2363874, 60.4027228], [11.2364703, 60.4024037], [11.2365524, 60.4021073], [11.2369106, 60.4009071], [11.2369936, 60.400624], [11.2370601, 60.4003847]]}, "properties": {"electrified": "contact_line", "frequency": "16.67", "gauge": "1435", "maxspeed": "200", "name": "Dovrebanen", "operator": "Bane NOR", "railway": "rail", "usage": "main", "voltage": "15000", "length_km": 0.619, "maxspeed_kmh": 200.0}}, {"type": "Feature", "geometry": {"type": "LineString", "coordinates": [[11.2371359, 60.4004194], [11.2370759, 60.4006306], [11.2369934, 60.4009119], [11.2366339, 60.4021149], [11.2365524, 60.4024047], [11.2364696, 60.4027301], [11.2363974, 60.4030475], [11.2363471, 60.4032964], [11.2362931, 60.403628], [11.2362566, 60.4039219], [11.2362314, 60.4042026], [11.236222, 60.4044106], [11.2362126, 60.4046345], [11.236215, 60.4048678], [11.2362211, 60.4050846], [11.2362341, 60.4053199], [11.2362522, 60.4055441], [11.2362697, 60.4056992], [11.2362955, 60.4059026]]}, "properties": {"electrified": "contact_line", "frequency": "16.67", "gauge": "1435", "maxspeed": "200", "name": "Dovrebanen", "operator": "Bane NOR", "railway": "rail", "usage": "main", "voltage": "15000", "length_km": 0.614, "maxspeed_kmh": 200.0}}, {"type": "Feature", "geometry": {"type": "LineString", "coordinates": [[11.2374057, 60.3989972], [11.237504, 60.3985209], [11.237571, 60.3981711], [11.2376355, 60.3978081], [11.2376988, 60.397402], [11.2377592, 60.3969836], [11.2378123, 60.3965625], [11.2378596, 60.3961405], [11.2379038, 60.3956238], [11.2379321, 60.3952352], [11.2379576, 60.3947805], [11.2379714, 60.3943679], [11.2379788, 60.394022], [11.2379801, 60.3936576], [11.2379737, 60.3931241], [11.2379194, 60.3914766]]}, "properties": {"bridge": "yes", "electrified": "contact_line", "frequency": "16.67", "gauge": "1435", "maxspeed": "200", "name": "Dovrebanen", "operator": "Bane NOR", "railway": "rail", "usage": "main", "voltage": "15000", "length_km": 0.839, "maxspeed_kmh": 200.0}}, {"type": "Feature", "geometry": {"type": "LineString", "coordinates": [[11.2372715, 60.3999105], [11.2371359, 60.4004194]]}, "properties": {"bridge": "yes", "electrified": "contact_line", "frequency": "16.67", "gauge": "1435", "maxspeed": "200", "name": "Dovrebanen", "operator": "Bane NOR", "railway": "rail", "usage": "main", "voltage": "15000", "length_km": 0.057, "maxspeed_kmh": 200.0}}, {"type": "Feature", "geometry": {"type": "LineString", "coordinates": [[11.2457415, 60.3485473], [11.2457375, 60.3487406]]}, "properties": {"bridge": "yes", "electrified": "contact_line", "frequency": "16.67", "gauge": "1435", "maxspeed": "200", "name": "Dovrebanen", "operator": "Bane NOR", "railway": "rail", "usage": "main", "voltage": "15000", "length_km": 0.022, "maxspeed_kmh": 200.0}}, {"type": "Feature", "geometry": {"type": "LineString", "coordinates": [[11.2370601, 60.4003847], [11.2371966, 60.3998767]]}, "properties": {"bridge": "yes", "electrified": "contact_line", "frequency": "16.67", "gauge": "1435", "maxspeed": "200", "name": "Dovrebanen", "operator": "Bane NOR", "railway": "rail", "usage": "main", "voltage": "15000", "length_km": 0.057, "maxspeed_kmh": 200.0}}, {"type": "Feature", "geometry": {"type": "LineString", "coordinates": [[11.2455724, 60.3487396], [11.2455764, 60.3485463]]}, "properties": {"bridge": "yes", "electrified": "contact_line", "frequency": "16.67", "gauge": "1435", "maxspeed": "200", "name": "Dovrebanen", "operator": "Bane NOR", "railway": "rail", "usage": "main", "voltage": "15000", "length_km": 0.022, "maxspeed_kmh": 200.0}}, {"type": "Feature", "geometry": {"type": "LineString", "coordinates": [[11.2437886, 60.3705191], [11.2436156, 60.3711074]]}, "properties": {"bridge": "yes", "electrified": "contact_line", "frequency": "16.67", "gauge": "1435", "maxspeed": "200", "name": "Dovrebanen", "operator": "Bane NOR", "railway": "rail", "usage": "main", "voltage": "15000", "length_km": 0.066, "maxspeed_kmh": 200.0}}, {"type": "Feature", "geometry": {"type": "LineString", "coordinates": [[11.2375877, 60.3872787], [11.2375497, 60.3868879]]}, "properties": {"electrified": "contact_line", "frequency": "16.67", "gauge": "1435", "maxspeed": "200", "name": "Dovrebanen", "operator": "Bane NOR", "railway": "rail", "tunnel": "yes", "usage": "main", "voltage": "15000", "length_km": 0.044, "maxspeed_kmh": 200.0}}, {"type": "Feature", "geometry": {"type": "LineString", "coordinates": [[11.2456593, 60.3485468], [11.245654, 60.3487401]]}, "properties": {"bridge": "yes", "electrified": "contact_line", "frequency": "16.67", "gauge": "1435", "name": "Dovrebanen", "operator": "Bane NOR", "railway": "rail", "service": "siding", "voltage": "15000", "length_km": 0.022}}, {"type": "Feature", "geometry": {"type": "LineString", "coordinates": [[11.2435351, 60.3711017], [11.2437055, 60.3705132]]}, "properties": {"bridge": "yes", "electrified": "contact_line", "frequency": "16.67", "gauge": "1435", "maxspeed": "200", "name": "Dovrebanen", "operator": "Bane NOR", "railway": "rail", "usage": "main", "voltage": "15000", "length_km": 0.066, "maxspeed_kmh": 200.0}}, {"type": "Feature", "geometry": {"type": "LineString", "coordinates": [[11.2457138, 60.3499206], [11.2456892, 60.3510157], [11.2456786, 60.3512825], [11.24566, 60.3516973], [11.2456267, 60.3521778], [11.2456029, 60.3525037], [11.2455821, 60.3529068], [11.245569, 60.3532009], [11.245559, 60.3535094], [11.2455528, 60.353768], [11.2455323, 60.3548484], [11.2454703, 60.3581562], [11.2453947, 60.361991], [11.2453838, 60.362576], [11.2453747, 60.3630093], [11.2453662, 60.3633578], [11.2453534, 60.363743], [11.245337, 60.3640615], [11.2453145, 60.3643731], [11.2452753, 60.3647366], [11.2452326, 60.3650651], [11.2451907, 60.3653318], [11.2451484, 60.3655792], [11.2451018, 60.3658295], [11.2450423, 60.3661056], [11.244961, 60.366454], [11.2448467, 60.3668859], [11.2446642, 60.3675211], [11.2437886, 60.3705191]]}, "properties": {"electrified": "contact_line", "frequency": "16.67", "gauge": "1435", "maxspeed": "200", "name": "Dovrebanen", "operator": "Bane NOR", "railway": "rail", "usage": "main", "voltage": "15000", "length_km": 2.301, "maxspeed_kmh": 200.0}}, {"type": "Feature", "geometry": {"type": "LineString", "coordinates": [[11.2374871, 60.3990014], [11.237416, 60.3993148], [11.2373459, 60.3996173], [11.2372715, 60.3999105]]}, "properties": {"electrified": "contact_line", "frequency": "16.67", "gauge": "1435", "maxspeed": "200", "name": "Dovrebanen", "operator": "Bane NOR", "railway": "rail", "usage": "main", "voltage": "15000", "length_km": 0.102, "maxspeed_kmh": 200.0}}, {"type": "Feature", "geometry": {"type": "LineString", "coordinates": [[11.2375497, 60.3868879], [11.2375337, 60.3867225], [11.237509, 60.3862953], [11.237503, 60.3859794], [11.237502, 60.3856908], [11.2375083, 60.385413], [11.2375228, 60.3851112], [11.2375436, 60.3848078], [11.2375766, 60.3844699], [11.2376101, 60.3841818], [11.2376584, 60.3838477], [11.2377003, 60.383605], [11.237745, 60.3833713], [11.237803, 60.3830954], [11.2378683, 60.3828105], [11.2379454, 60.3825129], [11.2380151, 60.3822617], [11.2380993, 60.3819852], [11.2382062, 60.3816539], [11.238345, 60.3812655], [11.2384945, 60.3808765], [11.2386124, 60.3806], [11.2387334, 60.3803209], [11.2388742, 60.3800202], [11.2390508, 60.3796617], [11.2392275, 60.3793261], [11.239428, 60.3789658], [11.2396197, 60.3786404], [11.2397743, 60.378388], [11.2399389, 60.37813], [11.2401039, 60.3778791], [11.2402846, 60.3776167], [11.2404663, 60.3773588], [11.2406541, 60.377091], [11.2409816, 60.3766326], [11.2411721, 60.3763618], [11.241332, 60.3761316], [11.2415256, 60.3758412], [11.2417036, 60.3755586], [11.241858, 60.3753038], [11.242002, 60.3750558], [11.2421539, 60.3747848], [11.2423226, 60.3744608], [11.2424687, 60.3741614], [11.2426099, 60.373855], [11.2427246, 60.3735875], [11.2428612, 60.3732458], [11.2429851, 60.3729083], [11.2431011, 60.3725629], [11.2432107, 60.3722052], [11.2433306, 60.371804], [11.2434484, 60.3713998], [11.2435351, 60.3711017]]}, "properties": {"electrified": "contact_line", "frequency": "16.67", "gauge": "1435", "maxspeed": "200", "name": "Dovrebanen", "operator": "Bane NOR", "railway": "rail", "usage": "main", "voltage": "15000", "length_km": 1.8, "maxspeed_kmh": 200.0}}, {"type": "Feature", "geometry": {"type": "LineString", "coordinates": [[11.2436156, 60.3711074], [11.2435317, 60.3714057], [11.2434149, 60.3718072], [11.2432936, 60.3722118], [11.2431835, 60.372568], [11.2430663, 60.3729162], [11.2429434, 60.3732523], [11.242806, 60.3735961], [11.2426898, 60.3738637], [11.2425484, 60.3741707], [11.2424019, 60.3744705], [11.2422329, 60.3747952], [11.2420824, 60.3750672], [11.2419382, 60.375317], [11.2417845, 60.3755692], [11.2416035, 60.3758535], [11.2414095, 60.3761445], [11.2412494, 60.376375], [11.2410612, 60.3766467], [11.2407349, 60.3771054], [11.2405438, 60.3773732], [11.2403657, 60.3776286], [11.2401833, 60.3778919], [11.2400178, 60.3781424], [11.2398531, 60.3783998], [11.2396981, 60.3786519], [11.239508, 60.3789774], [11.2393078, 60.3793377], [11.2391321, 60.3796716], [11.2389549, 60.3800304], [11.2388159, 60.3803302], [11.238693, 60.380609], [11.2385747, 60.3808844], [11.2384255, 60.3812728], [11.2382869, 60.3816606], [11.2381801, 60.3819914], [11.2380961, 60.3822675], [11.2380264, 60.3825182], [11.2379495, 60.3828153], [11.2378854, 60.3830998], [11.2378278, 60.383375], [11.2377831, 60.3836091], [11.2377423, 60.3838499], [11.2376937, 60.3841839], [11.2376595, 60.3844705], [11.237627, 60.3848115], [11.2376059, 60.3851129], [11.2375921, 60.3854131], [11.2375854, 60.385691], [11.2375864, 60.3859788], [11.2375928, 60.3862944], [11.2376164, 60.3867222], [11.2376323, 60.3868843]]}, "properties": {"electrified": "contact_line", "frequency": "16.67", "gauge": "1435", "maxspeed": "200", "name": "Dovrebanen", "operator": "Bane NOR", "railway": "rail", "usage": "main", "voltage": "15000", "length_km": 1.799, "maxspeed_kmh": 200.0}}, {"type": "Feature", "geometry": {"type": "LineString", "coordinates": [[11.2467023, 60.3392858], [11.2465477, 60.3400657], [11.246497, 60.3402923], [11.2464021, 60.3408436], [11.2463518, 60.3411396], [11.2463059, 60.3414689], [11.246265, 60.3417941], [11.2461453, 60.342732]]}, "properties": {"electrified": "contact_line", "frequency": "16.67", "gauge": "1435", "name": "Dovrebanen", "operator": "Bane NOR", "railway": "rail", "usage": "main", "voltage": "15000", "length_km": 0.385}}, {"type": "Feature", "geometry": {"type": "LineString", "coordinates": [[11.2456485, 60.3490226], [11.2456312, 60.3499175], [11.2456204, 60.3500827], [11.2456097, 60.3502078], [11.2455835, 60.3504327], [11.245555, 60.3506627], [11.245539, 60.3508362], [11.2455255, 60.3510198]]}, "properties": {"electrified": "contact_line", "frequency": "16.67", "gauge": "1435", "name": "Dovrebanen", "operator": "Bane NOR", "railway": "rail", "service": "siding", "voltage": "15000", "length_km": 0.223}}, {"type": "Feature", "geometry": {"type": "LineString", "coordinates": [[11.2480682, 60.3317752], [11.2479424, 60.3326215], [11.2478053, 60.3335211], [11.2477119, 60.3341201], [11.2476509, 60.3344551], [11.2475173, 60.3351502], [11.2474587, 60.3354744], [11.2474009, 60.3358085], [11.2473741, 60.3359598], [11.247339, 60.3362232]]}, "properties": {"electrified": "contact_line", "frequency": "16.67", "gauge": "1435", "name": "Dovrebanen", "operator": "Bane NOR", "railway": "rail", "usage": "branch", "voltage": "15000", "length_km": 0.497}}, {"type": "Feature", "geometry": {"type": "LineString", "coordinates": [[11.2474106, 60.3344486], [11.2474607, 60.3341125], [11.2475486, 60.3335204], [11.2476845, 60.3326134], [11.247812, 60.3317652]]}, "properties": {"electrified": "contact_line", "frequency": "16.67", "gauge": "1435", "name": "Dovrebanen", "operator": "Bane NOR", "railway": "rail", "service": "siding", "voltage": "15000", "length_km": 0.3}}, {"type": "Feature", "geometry": {"type": "LineString", "coordinates": [[11.2473587, 60.3354735], [11.2473734, 60.3353226], [11.2473821, 60.3351908], [11.2473855, 60.3349456], [11.2473862, 60.3347763], [11.2473969, 60.3346077], [11.2474106, 60.3344486]]}, "properties": {"electrified": "contact_line", "frequency": "16.67", "gauge": "1435", "name": "Dovrebanen", "operator": "Bane NOR", "railway": "rail", "service": "crossover", "voltage": "15000", "length_km": 0.114}}, {"type": "Feature", "geometry": {"type": "LineString", "coordinates": [[9.753284, 61.5930987], [9.7562469, 61.5920474], [9.7597858, 61.5907929], [9.7611474, 61.5903118], [9.7627003, 61.589825], [9.7641165, 61.5894039], [9.7665607, 61.5887794], [9.7666485, 61.5887582], [9.7689126, 61.5881904], [9.7714465, 61.5875548], [9.772518, 61.587286], [9.7734527, 61.5870514], [9.7735904, 61.5870168], [9.7739839, 61.5869182], [9.7740774, 61.5868947], [9.7749883, 61.5866664], [9.775326, 61.5865778], [9.7760575, 61.5863973], [9.7769281, 61.5861789], [9.7770316, 61.586154], [9.7770454, 61.5861507], [9.7771548, 61.5861244], [9.7783711, 61.5858317], [9.7794762, 61.585579]]}, "properties": {"electrified": "contact_line", "frequency": "16.67", "gauge": "1435", "maxspeed": "130", "name": "Dovrebanen", "operator": "Bane NOR", "passenger_lines": "1", "railway": "rail", "usage": "main", "voltage": "15000", "length_km": 1.629, "maxspeed_kmh": 130.0}}, {"type": "Feature", "geometry": {"type": "LineString", "coordinates": [[9.7449512, 61.596055], [9.7461419, 61.5956315], [9.7469186, 61.5953579], [9.748941, 61.594635]]}, "properties": {"electrified": "contact_line", "frequency": "16.67", "gauge": "1435", "maxspeed": "85", "name": "Dovrebanen", "operator": "Bane NOR", "passenger_lines": "1", "railway": "rail", "usage": "main", "voltage": "15000", "length_km": 0.265, "maxspeed_kmh": 85.0}}, {"type": "Feature", "geometry": {"type": "LineString", "coordinates": [[11.087904, 60.7904027], [11.0877015, 60.790452], [11.0874896, 60.7904998], [11.087333, 60.7905318], [11.0869464, 60.7906015], [11.0867795, 60.790625]]}, "properties": {"electrified": "contact_line", "frequency": "16.67", "gauge": "1435", "maxspeed": "50", "name": "Dovrebanen", "operator": "Bane NOR", "railway": "rail", "usage": "main", "voltage": "15000", "length_km": 0.066, "maxspeed_kmh": 50.0}}, {"type": "Feature", "geometry": {"type": "LineString", "coordinates": [[11.0838805, 60.7908436], [11.084374, 60.790812], [11.084628, 60.790797], [11.08502, 60.7907736], [11.0854909, 60.7907446], [11.0859096, 60.7907172], [11.0861531, 60.7906979], [11.086304, 60.7906838], [11.0865448, 60.7906559], [11.0867795, 60.790625]]}, "properties": {"electrified": "contact_line", "frequency": "16.67", "gauge": "1435", "name": "Dovrebanen", "railway": "rail", "usage": "main", "voltage": "15000", "length_km": 0.16}}, {"type": "Feature", "geometry": {"type": "LineString", "coordinates": [[11.0735119, 60.7921803], [11.0731588, 60.792408], [11.072845, 60.7926084], [11.0726437, 60.7927354], [11.0724839, 60.7928265], [11.0723155, 60.7929155], [11.0720167, 60.793059], [11.0718261, 60.7931338], [11.0715943, 60.7932181], [11.0713338, 60.7933013], [11.0710747, 60.7933727], [11.0708404, 60.7934292], [11.0705508, 60.7934917], [11.0703401, 60.7935295], [11.0702228, 60.7935508], [11.0700471, 60.7935765]]}, "properties": {"electrified": "contact_line", "frequency": "16.67", "gauge": "1435", "name": "Dovrebanen", "railway": "rail", "service": "yard", "voltage": "15000", "length_km": 0.25}}, {"type": "Feature", "geometry": {"type": "LineString", "coordinates": [[9.6900773, 61.6634491], [9.6888031, 61.6633287], [9.6875909, 61.6632283], [9.6866748, 61.6631596], [9.6855113, 61.663085], [9.6841903, 61.6630133], [9.6827578, 61.6629517], [9.6818358, 61.6629218], [9.6811872, 61.6629063], [9.6805324, 61.6628908], [9.6795264, 61.6628777], [9.6787044, 61.6628723], [9.6773022, 61.6628777]]}, "properties": {"electrified": "contact_line", "frequency": "16.67", "gauge": "1435", "maxspeed": "130", "name": "Dovrebanen", "operator": "Bane NOR", "passenger_lines": "1", "railway": "rail", "usage": "main", "voltage": "15000", "length_km": 0.682, "maxspeed_kmh": 130.0}}, {"type": "Feature", "geometry": {"type": "LineString", "coordinates": [[9.6900773, 61.6634491], [9.6907298, 61.6635161]]}, "properties": {"bridge": "yes", "electrified": "contact_line", "frequency": "16.67", "gauge": "1435", "maxspeed": "130", "name": "Dovrebanen", "operator": "Bane NOR", "passenger_lines": "1", "railway": "rail", "usage": "main", "voltage": "15000", "length_km": 0.035, "maxspeed_kmh": 130.0}}, {"type": "Feature", "geometry": {"type": "LineString", "coordinates": [[11.2415545, 60.5277924], [11.2415883, 60.5279646], [11.2416091, 60.5280782], [11.2416632, 60.5283055], [11.2417262, 60.5285672], [11.2417829, 60.528817], [11.2418021, 60.5289336]]}, "properties": {"electrified": "contact_line", "frequency": "16.67", "gauge": "1435", "maxspeed": "100", "name": "Dovrebanen", "railway": "rail", "service": "siding", "voltage": "15000", "length_km": 0.128, "maxspeed_kmh": 100.0}}, {"type": "Feature", "geometry": {"type": "LineString", "coordinates": [[11.2412667, 60.525207], [11.2412883, 60.5254045], [11.2412984, 60.525573], [11.2413085, 60.5258004], [11.2413098, 60.5258842], [11.2413178, 60.5260722], [11.2413292, 60.5262101], [11.2413467, 60.5263533]]}, "properties": {"electrified": "contact_line", "frequency": "16.67", "gauge": "1435", "maxspeed": "100", "name": "Dovrebanen", "railway": "rail", "usage": "main", "voltage": "15000", "length_km": 0.128, "maxspeed_kmh": 100.0}}, {"type": "Feature", "geometry": {"type": "LineString", "coordinates": [[11.2382011, 60.504143], [11.2384766, 60.5043983], [11.2388876, 60.5047911], [11.2391287, 60.5050345], [11.2393614, 60.5052787], [11.239593, 60.5055337], [11.2398171, 60.5057917], [11.2402344, 60.5063092], [11.2404191, 60.5065587], [11.2406145, 60.5068341], [11.2408962, 60.5072639], [11.241103, 60.5076043], [11.2412231, 60.5078198], [11.2413371, 60.5080367], [11.2414758, 60.5083135], [11.2415976, 60.5085802], [11.241713, 60.5088542], [11.2418205, 60.50913], [11.2419185, 60.5094126], [11.2420114, 60.5096976], [11.2421653, 60.5102461], [11.242235, 60.510527], [11.2423008, 60.5108102], [11.2424089, 60.5113736], [11.2424925, 60.5119229], [11.2425519, 60.512464], [11.2425736, 60.5127345], [11.2425911, 60.5130044], [11.2426048, 60.5135808], [11.2426018, 60.5138696], [11.2425909, 60.5141585], [11.2425723, 60.5144342], [11.2425474, 60.5147095], [11.2425186, 60.5149614], [11.2424836, 60.5152146], [11.2424127, 60.5156194], [11.2423093, 60.5161103], [11.2422387, 60.5163895], [11.2421639, 60.5166685], [11.2419991, 60.5172212], [11.2418248, 60.5177704], [11.2416473, 60.5183254], [11.2414773, 60.5188749], [11.2413267, 60.519405], [11.2411982, 60.5199485], [11.2410964, 60.5204948], [11.2410219, 60.5210404], [11.2409764, 60.5215902], [11.2409583, 60.5221293], [11.2409683, 60.5226509], [11.2409998, 60.5231435], [11.2410384, 60.5235467], [11.2411004, 60.5240297], [11.2411718, 60.5245458], [11.2412409, 60.5250249], [11.2412667, 60.525207]]}, "properties": {"electrified": "contact_line", "frequency": "16.67", "gauge": "1435", "maxspeed": "200", "name": "Dovrebanen", "operator": "Bane NOR", "passenger_lines": "2", "railway": "rail", "usage": "main", "voltage": "15000", "length_km": 2.393, "maxspeed_kmh": 200.0}}, {"type": "Feature", "geometry": {"type": "LineString", "coordinates": [[11.2421119, 60.5315361], [11.2421364, 60.53207], [11.2421435, 60.5323261], [11.2421602, 60.5331664], [11.242176, 60.5337176], [11.2422051, 60.5342639], [11.2422523, 60.5348189], [11.2423219, 60.5353231], [11.2423316, 60.5353889], [11.2423799, 60.5356715], [11.2424382, 60.5359531], [11.2425783, 60.5365159], [11.2427177, 60.5369988], [11.2429341, 60.5376183], [11.2431369, 60.5381175], [11.2433166, 60.5385158], [11.2435536, 60.539005], [11.2438409, 60.5395552], [11.244133, 60.5400996], [11.2444262, 60.5406422], [11.2447181, 60.5411942], [11.2449903, 60.5417413], [11.2451154, 60.5420176], [11.2452377, 60.5422968], [11.2454556, 60.5428536], [11.2456433, 60.5434072], [11.2458001, 60.5439667], [11.2459294, 60.5445252], [11.2460198, 60.5450293], [11.2460743, 60.5454338], [11.2461235, 60.5459375], [11.2461677, 60.5465801]]}, "properties": {"gauge": "1435", "maxspeed": "200", "name": "Dovrebanen", "operator": "Bane NOR", "railway": "rail", "service": "siding", "length_km": 1.698, "maxspeed_kmh": 200.0}}, {"type": "Feature", "geometry": {"type": "LineString", "coordinates": [[11.2413467, 60.5263533], [11.241157, 60.525029], [11.2410872, 60.5245497], [11.2410159, 60.5240344], [11.2409553, 60.5235487], [11.240916, 60.5231456], [11.240883, 60.5226517], [11.2408738, 60.5221297], [11.2408927, 60.5215883], [11.2409381, 60.5210382], [11.241011, 60.5204911], [11.2411136, 60.5199444], [11.2412439, 60.5194015], [11.2413935, 60.5188681], [11.2415641, 60.5183191], [11.2417408, 60.5177649], [11.2419141, 60.5172147], [11.2420791, 60.5166624], [11.2421552, 60.516384], [11.242226, 60.5161056], [11.2423302, 60.5156161], [11.2424004, 60.5152113], [11.2424355, 60.5149585], [11.2424648, 60.5147085], [11.2424891, 60.5144335], [11.2425074, 60.5141584], [11.2425183, 60.5138695], [11.2425213, 60.5135807], [11.2425065, 60.5130066], [11.2424912, 60.5127362], [11.2424704, 60.5124661], [11.242408, 60.5119265], [11.2423249, 60.5113768], [11.2422165, 60.5108149], [11.2421532, 60.5105319], [11.2420835, 60.5102524], [11.241928, 60.5097034], [11.2418364, 60.5094192], [11.2417381, 60.5091388], [11.2416308, 60.5088631], [11.2415149, 60.5085896], [11.2413925, 60.5083229], [11.2412557, 60.5080464], [11.2411423, 60.5078315], [11.2410212, 60.5076171], [11.2408164, 60.5072739], [11.2405355, 60.5068474], [11.2403387, 60.5065681], [11.2401563, 60.506324], [11.2397402, 60.5058076], [11.2395166, 60.5055505], [11.2392843, 60.5052956], [11.2390529, 60.5050515], [11.2388131, 60.5048109], [11.2384035, 60.5044185], [11.2381329, 60.5041667]]}, "properties": {"electrified": "contact_line", "frequency": "16.67", "gauge": "1435", "maxspeed": "200", "name": "Dovrebanen", "operator": "Bane NOR", "passenger_lines": "2", "railway": "rail", "usage": "main", "voltage": "15000", "length_km": 2.518, "maxspeed_kmh": 200.0}}, {"type": "Feature", "geometry": {"type": "LineString", "coordinates": [[11.2412667, 60.525207], [11.2414273, 60.5263521], [11.2416389, 60.5277897], [11.2418021, 60.5289336], [11.2418986, 60.5295971], [11.2419711, 60.5301257], [11.2420318, 60.5306221], [11.2420762, 60.5310586], [11.2421119, 60.5315361]]}, "properties": {"electrified": "contact_line", "frequency": "16.67", "gauge": "1435", "name": "Dovrebanen", "operator": "Bane NOR", "passenger_lines": "1", "railway": "rail", "service": "siding", "voltage": "15000", "length_km": 0.707}}, {"type": "Feature", "geometry": {"type": "LineString", "coordinates": [[11.2469187, 60.5512637], [11.2470735, 60.5516927], [11.2472306, 60.5520823], [11.247444, 60.552535], [11.2476537, 60.5529885], [11.2479589, 60.5535422], [11.2481679, 60.5539058], [11.248475, 60.5543859], [11.2490457, 60.5551776], [11.2494799, 60.5557357]]}, "properties": {"electrified": "contact_line", "frequency": "16.67", "gauge": "1435", "maxspeed": "200", "name": "Dovrebanen", "operator": "Bane NOR", "railway": "rail", "usage": "main", "voltage": "15000", "length_km": 0.519, "maxspeed_kmh": 200.0}}, {"type": "Feature", "geometry": {"type": "LineString", "coordinates": [[11.2460821, 60.5465779], [11.2460785, 60.5465064], [11.2460394, 60.5459401], [11.2459892, 60.545436], [11.2459354, 60.5450329], [11.2458453, 60.54453], [11.2457166, 60.5439729], [11.2455589, 60.543414], [11.2453731, 60.5428618], [11.245153, 60.5423045], [11.2450329, 60.5420264], [11.2449065, 60.5417503], [11.244632, 60.5412023], [11.2443426, 60.5406538], [11.2440478, 60.5401128], [11.2437525, 60.5395655], [11.2434621, 60.5390136], [11.2432241, 60.538526], [11.2430445, 60.5381255], [11.242844, 60.5376261], [11.2426265, 60.537005], [11.2424864, 60.5365218], [11.2423456, 60.5359564], [11.242288, 60.5356746], [11.2422387, 60.5353923], [11.2421602, 60.5348219], [11.2421137, 60.5342676], [11.2420875, 60.533718], [11.2420727, 60.5331678], [11.2420582, 60.5323277], [11.2420513, 60.532071], [11.2420271, 60.5315374], [11.2419904, 60.5310602], [11.241948, 60.5306258], [11.2418868, 60.5301301], [11.2418139, 60.5296003], [11.2417194, 60.5289367], [11.2415545, 60.5277924]]}, "properties": {"electrified": "contact_line", "frequency": "16.67", "gauge": "1435", "maxspeed": "200", "name": "Dovrebanen", "operator": "Bane NOR", "passenger_lines": "1", "railway": "rail", "usage": "main", "voltage": "15000", "length_km": 2.115, "maxspeed_kmh": 200.0}}, {"type": "Feature", "geometry": {"type": "LineString", "coordinates": [[11.2368627, 60.4079746], [11.237031, 60.4083569], [11.2371605, 60.4086481], [11.2373041, 60.4089425], [11.237426, 60.4091901], [11.2375439, 60.4094262], [11.2380901, 60.4105286], [11.2382613, 60.4109021], [11.2383976, 60.4112136], [11.2385057, 60.411494], [11.2386142, 60.4117934], [11.2387111, 60.4121094], [11.2387864, 60.4123681], [11.2388015, 60.4124264], [11.2388641, 60.4126942], [11.2389252, 60.4129914], [11.238974, 60.4132785], [11.2390081, 60.4135302], [11.2390465, 60.4139113], [11.2390736, 60.4142786], [11.2390954, 60.4146665], [11.2391129, 60.4150545], [11.2391861, 60.4167336], [11.2392526, 60.4183173], [11.2393227, 60.4199772], [11.2394148, 60.4221006], [11.239483, 60.4237039], [11.2395072, 60.4243086], [11.239524, 60.424911], [11.2395233, 60.4253438], [11.2395179, 60.4258161], [11.2394734, 60.4269433], [11.2393193, 60.4306465], [11.2392859, 60.4313819], [11.2392661, 60.4320674], [11.2392645, 60.4324315], [11.2392783, 60.4327895], [11.2392973, 60.4330833], [11.239324, 60.4333856], [11.2393542, 60.433641]]}, "properties": {"electrified": "contact_line", "frequency": "16.67", "gauge": "1435", "maxspeed": "200", "name": "Dovrebanen", "operator": "Bane NOR", "passenger_lines": "2", "railway": "rail", "usage": "main", "voltage": "15000", "length_km": 2.873, "maxspeed_kmh": 200.0}}, {"type": "Feature", "geometry": {"type": "LineString", "coordinates": [[10.2712507, 63.1490347], [10.2729205, 63.1498908], [10.2729518, 63.1499068], [10.273313, 63.1500836], [10.2736117, 63.150226], [10.2743645, 63.1505596], [10.2746785, 63.1506869], [10.2749104, 63.1507747], [10.2751851, 63.1508688], [10.2754371, 63.1509481], [10.2757667, 63.1510377], [10.2761847, 63.1511424], [10.2769215, 63.1513159], [10.2788248, 63.1517612], [10.2794457, 63.1519197], [10.27976, 63.152008], [10.2804779, 63.1522125], [10.2806276, 63.1522553], [10.2812966, 63.1524661], [10.2814669, 63.1525334], [10.2816216, 63.1525988]]}, "properties": {"electrified": "contact_line", "frequency": "16.67", "gauge": "1435", "maxspeed": "50", "name": "Dovrebanen", "operator": "Bane NOR", "railway": "rail", "usage": "main", "voltage": "15000", "length_km": 0.664, "maxspeed_kmh": 50.0}}, {"type": "Feature", "geometry": {"type": "LineString", "coordinates": [[10.297415, 63.1956839], [10.2975282, 63.1963507], [10.2976283, 63.1968856], [10.2977529, 63.1974393], [10.2978224, 63.1976736], [10.2978912, 63.1979234], [10.2979275, 63.1980358], [10.2980375, 63.1983794], [10.2982423, 63.198952], [10.2983454, 63.1992452], [10.2985851, 63.1999088], [10.2987488, 63.2004319], [10.2988543, 63.2007967]]}, "properties": {"electrified": "contact_line", "frequency": "16.67", "gauge": "1435", "maxspeed": "120", "name": "Dovrebanen", "operator": "Bane NOR", "railway": "rail", "usage": "main", "voltage": "15000", "length_km": 0.575, "maxspeed_kmh": 120.0}}, {"type": "Feature", "geometry": {"type": "LineString", "coordinates": [[10.2959412, 61.3112924], [10.2953262, 61.3120968], [10.2949722, 61.3125236], [10.2945892, 61.3129505], [10.2944225, 61.3131256], [10.29424, 61.313299], [10.2940741, 61.3134462], [10.2938953, 61.3135942], [10.2935114, 61.3138779], [10.293097, 61.314144], [10.2928398, 61.3142968], [10.2923993, 61.3145276], [10.2919942, 61.3147201], [10.2913814, 61.3149763], [10.2905351, 61.31532], [10.2901113, 61.3155086], [10.289709, 61.3157121], [10.2893268, 61.3159406], [10.2889137, 61.3162296], [10.2887741, 61.3163484], [10.2886643, 61.3164497], [10.2885387, 61.3165859], [10.288416, 61.3167105], [10.2883449, 61.3167733], [10.288263, 61.3168423]]}, "properties": {"electrified": "contact_line", "frequency": "16.67", "gauge": "1435", "maxspeed": "40", "name": "Dovrebanen", "railway": "rail", "service": "siding", "voltage": "15000", "length_km": 0.755, "maxspeed_kmh": 40.0}}, {"type": "Feature", "geometry": {"type": "LineString", "coordinates": [[10.296206, 61.310916], [10.2960804, 61.3111067], [10.2959412, 61.3112924]]}, "properties": {"bridge": "yes", "electrified": "contact_line", "frequency": "16.67", "gauge": "1435", "maxspeed": "40", "name": "Dovrebanen", "railway": "rail", "service": "siding", "voltage": "15000", "length_km": 0.044, "maxspeed_kmh": 40.0}}, {"type": "Feature", "geometry": {"type": "LineString", "coordinates": [[10.2963087, 61.3109332], [10.2961801, 61.3111234], [10.2960464, 61.3113092]]}, "properties": {"bridge": "yes", "electrified": "contact_line", "frequency": "16.67", "gauge": "1435", "maxspeed": "85", "name": "Dovrebanen", "operator": "Bane NOR", "passenger_lines": "1", "railway": "rail", "usage": "main", "voltage": "15000", "length_km": 0.044, "maxspeed_kmh": 85.0}}, {"type": "Feature", "geometry": {"type": "LineString", "coordinates": [[10.2965553, 61.3094037], [10.2965914, 61.3095977], [10.2966086, 61.309798], [10.2966072, 61.309993], [10.2965869, 61.3102117], [10.2965501, 61.3103875], [10.2965053, 61.3105334], [10.2964252, 61.310724], [10.2963087, 61.3109332]]}, "properties": {"electrified": "contact_line", "frequency": "16.67", "gauge": "1435", "maxspeed": "85", "name": "Dovrebanen", "operator": "Bane NOR", "passenger_lines": "1", "railway": "rail", "usage": "main", "voltage": "15000", "length_km": 0.172, "maxspeed_kmh": 85.0}}, {"type": "Feature", "geometry": {"type": "LineString", "coordinates": [[10.3587199, 61.2754995], [10.3578282, 61.2754108], [10.3572425, 61.2753635], [10.3570081, 61.2753487], [10.3563664, 61.2753234], [10.3554352, 61.2753055], [10.355174, 61.2752987], [10.3548658, 61.2752848], [10.354558, 61.2752667], [10.3542955, 61.275245], [10.3539977, 61.2752123], [10.3534834, 61.2751348], [10.3532487, 61.2750885], [10.3529877, 61.2750314], [10.3527599, 61.2749751], [10.3524851, 61.2749041], [10.3519347, 61.2747497], [10.3502809, 61.2742725], [10.3497253, 61.2741184], [10.3493925, 61.274033], [10.3490636, 61.273954], [10.3488227, 61.2738994], [10.3483018, 61.2737941], [10.3478729, 61.2737172], [10.3474174, 61.2736527], [10.3469665, 61.2736024], [10.3466749, 61.2735793], [10.3463697, 61.2735642], [10.3459786, 61.2735534], [10.3457742, 61.273553], [10.3454919, 61.2735568], [10.3451416, 61.2735698], [10.3437023, 61.273646], [10.3433262, 61.2736586], [10.343039, 61.2736632], [10.3427111, 61.273664], [10.3423053, 61.2736554], [10.341912, 61.2736401], [10.341499, 61.2736186]]}, "properties": {"electrified": "contact_line", "frequency": "16.67", "gauge": "1435", "maxspeed": "85", "name": "Dovrebanen", "operator": "Bane NOR", "passenger_lines": "1", "railway": "rail", "usage": "main", "voltage": "15000", "length_km": 0.97, "maxspeed_kmh": 85.0}}, {"type": "Feature", "geometry": {"type": "LineString", "coordinates": [[10.2738939, 61.3351102], [10.2733696, 61.3352978], [10.2727296, 61.33554], [10.2724053, 61.3356729], [10.2720364, 61.3358387], [10.2717617, 61.3359731], [10.2714467, 61.3361377], [10.271094, 61.336343], [10.2707678, 61.3365497], [10.2704701, 61.3367624], [10.2703537, 61.3368521], [10.2702394, 61.3369406], [10.2700361, 61.3371122], [10.2698586, 61.3372764], [10.2696765, 61.3374592], [10.2694966, 61.3376591], [10.2693592, 61.3378299], [10.2692344, 61.338001], [10.2691199, 61.3381789], [10.2690227, 61.3383539], [10.2689261, 61.3385498], [10.2688631, 61.3387059], [10.2687966, 61.3389012], [10.2687341, 61.3391167], [10.2683296, 61.3406701], [10.2682213, 61.341112], [10.2681856, 61.3413658], [10.2681773, 61.3415566], [10.2681959, 61.3417532], [10.2682513, 61.3420292], [10.2683246, 61.3422462], [10.2684415, 61.3424963], [10.2689001, 61.3432792], [10.2689917, 61.3434631], [10.2690866, 61.3437256], [10.2691336, 61.3439542], [10.2691482, 61.3441587], [10.269143, 61.3443468], [10.269107, 61.3445661], [10.2690523, 61.3447576], [10.2689835, 61.3449329], [10.2688659, 61.3451653], [10.2687431, 61.3453856], [10.2686095, 61.345609], [10.2684694, 61.3458673], [10.268365, 61.3460859], [10.2682717, 61.3463179], [10.2682092, 61.3465196], [10.2681457, 61.3467842], [10.2681099, 61.3470145], [10.2680915, 61.3472748], [10.2680942, 61.347491], [10.2681109, 61.3476957], [10.2681411, 61.3479089], [10.268193, 61.3481303], [10.2682582, 61.3483368], [10.2683281, 61.3485346], [10.2684335, 61.3487827], [10.2690578, 61.3501411], [10.2692509, 61.3505822], [10.269334, 61.3508014], [10.2694054, 61.3510222], [10.2694711, 61.3513097], [10.2695001, 61.3515134], [10.2695178, 61.3517675], [10.2695157, 61.3519687], [10.2694932, 61.3522167], [10.2694615, 61.3524719], [10.2692197, 61.3540982], [10.2691936, 61.3543362], [10.2691811, 61.3545576], [10.2691841, 61.3548159], [10.2691975, 61.3550083], [10.2693566, 61.356129], [10.2693946, 61.3564449], [10.2693951, 61.3564711]]}, "properties": {"electrified": "contact_line", "frequency": "16.67", "gauge": "1435", "maxspeed": "100", "name": "Dovrebanen", "operator": "Bane NOR", "passenger_lines": "1", "railway": "rail", "usage": "main", "voltage": "15000", "length_km": 2.499, "maxspeed_kmh": 100.0}}, {"type": "Feature", "geometry": {"type": "LineString", "coordinates": [[10.2965553, 61.3094037], [10.2965614, 61.3096149], [10.2965453, 61.3097624], [10.2965091, 61.3100437], [10.2964594, 61.3102999], [10.2963903, 61.3105233], [10.2963723, 61.3105703], [10.2962972, 61.3107461], [10.296206, 61.310916]]}, "properties": {"electrified": "contact_line", "frequency": "16.67", "gauge": "1435", "maxspeed": "40", "name": "Dovrebanen", "railway": "rail", "service": "siding", "voltage": "15000", "length_km": 0.17, "maxspeed_kmh": 40.0}}, {"type": "Feature", "geometry": {"type": "LineString", "coordinates": [[10.2894107, 63.0357723], [10.2896718, 63.0359158]]}, "properties": {"bridge": "yes", "electrified": "contact_line", "frequency": "16.67", "gauge": "1435", "maxspeed": "75", "name": "Dovrebanen", "operator": "Bane NOR", "passenger_lines": "1", "railway": "rail", "usage": "main", "voltage": "15000", "length_km": 0.021, "maxspeed_kmh": 75.0}}, {"type": "Feature", "geometry": {"type": "LineString", "coordinates": [[10.2899308, 63.0360841], [10.2900588, 63.0361826], [10.2902117, 63.0363194], [10.2903526, 63.0364714], [10.2904759, 63.0366477], [10.2905443, 63.0367602], [10.2906141, 63.0369153], [10.2906476, 63.037046], [10.2906664, 63.0371816], [10.2906691, 63.0373294], [10.2906476, 63.0374668], [10.2905926, 63.0376547], [10.2905242, 63.0378359], [10.2903901, 63.0380925], [10.2902815, 63.0382707], [10.290138, 63.0384841], [10.289977, 63.0386921], [10.2897464, 63.038945], [10.2895218, 63.0391654], [10.2893306, 63.0393287], [10.2890892, 63.0395244], [10.2887902, 63.0397409], [10.2884683, 63.0399555], [10.2881008, 63.0401835], [10.2876462, 63.0404553], [10.2873015, 63.040659], [10.2868791, 63.0409046], [10.2857526, 63.0415412], [10.2848406, 63.042033], [10.2838442, 63.0425668], [10.2832501, 63.0428824], [10.2827914, 63.0431231], [10.2825151, 63.0432854], [10.2823059, 63.0434265], [10.2820846, 63.0435961], [10.2819277, 63.0437523], [10.2818017, 63.0439092], [10.2816904, 63.0440782], [10.2816153, 63.0442308], [10.2815697, 63.0443718], [10.2815402, 63.0445062], [10.2815348, 63.0446521], [10.2815509, 63.0448211], [10.2815884, 63.0449591], [10.2816488, 63.0451056], [10.2817225, 63.0452424], [10.2818218, 63.0453828], [10.2819251, 63.0455056], [10.282037, 63.0456246]]}, "properties": {"electrified": "contact_line", "frequency": "16.67", "gauge": "1435", "maxspeed": "75", "name": "Dovrebanen", "operator": "Bane NOR", "passenger_lines": "1", "railway": "rail", "usage": "main", "voltage": "15000", "length_km": 1.216, "maxspeed_kmh": 75.0}}, {"type": "Feature", "geometry": {"type": "LineString", "coordinates": [[9.742455, 61.5977569], [9.7426287, 61.5975603], [9.7428064, 61.5973738], [9.743021, 61.5971645], [9.7432785, 61.5969413], [9.7436003, 61.5967129], [9.7439168, 61.5965266], [9.7444533, 61.5962585], [9.7449512, 61.596055]]}, "properties": {"electrified": "contact_line", "frequency": "16.67", "gauge": "1435", "maxspeed": "85", "name": "Dovrebanen", "operator": "Bane NOR", "passenger_lines": "1", "railway": "rail", "usage": "main", "voltage": "15000", "length_km": 0.235, "maxspeed_kmh": 85.0}}, {"type": "Feature", "geometry": {"type": "LineString", "coordinates": [[9.7418881, 61.5985348], [9.7419265, 61.598476]]}, "properties": {"electrified": "contact_line", "frequency": "16.67", "gauge": "1435", "maxspeed": "85", "name": "Dovrebanen", "operator": "Bane NOR", "passenger_lines": "1", "railway": "rail", "usage": "main", "voltage": "15000", "length_km": 0.007, "maxspeed_kmh": 85.0}}, {"type": "Feature", "geometry": {"type": "LineString", "coordinates": [[9.1291311, 62.0733898], [9.1293218, 62.0734835]]}, "properties": {"bridge": "yes", "electrified": "contact_line", "frequency": "16.67", "gauge": "1435", "maxspeed": "85", "name": "Dovrebanen", "operator": "Bane NOR", "passenger_lines": "1", "railway": "rail", "tracks": "1", "usage": "main", "voltage": "15000", "length_km": 0.014, "maxspeed_kmh": 85.0}}, {"type": "Feature", "geometry": {"type": "LineString", "coordinates": [[9.1275311, 62.0719188], [9.1275888, 62.0720315], [9.1276679, 62.0721669], [9.1277417, 62.0722812], [9.1278235, 62.0723924], [9.1279723, 62.0725629], [9.1281261, 62.072713], [9.128259, 62.0728298], [9.1284163, 62.0729534], [9.1285658, 62.0730585], [9.128718, 62.0731568], [9.1288481, 62.0732343], [9.1289598, 62.0732985], [9.1291311, 62.0733898]]}, "properties": {"electrified": "contact_line", "frequency": "16.67", "gauge": "1435", "maxspeed": "85", "name": "Dovrebanen", "operator": "Bane NOR", "passenger_lines": "1", "railway": "rail", "usage": "main", "voltage": "15000", "length_km": 0.186, "maxspeed_kmh": 85.0}}, {"type": "Feature", "geometry": {"type": "LineString", "coordinates": [[10.4911999, 61.0308335], [10.4915125, 61.0311373], [10.4918383, 61.031442]]}, "properties": {"electrified": "contact_line", "frequency": "16.67", "gauge": "1435", "maxspeed": "75", "name": "Dovrebanen", "operator": "Bane NOR", "passenger_lines": "1", "railway": "rail", "tunnel": "yes", "usage": "main", "voltage": "15000", "length_km": 0.076, "maxspeed_kmh": 75.0}}, {"type": "Feature", "geometry": {"type": "LineString", "coordinates": [[10.455987, 61.0617962], [10.4558985, 61.0619319], [10.4557952, 61.0621284], [10.4557174, 61.062314], [10.4556598, 61.0625055], [10.4556182, 61.0626709], [10.4555833, 61.0629227], [10.4555726, 61.0634431], [10.4556115, 61.0639272], [10.4557027, 61.0643359], [10.455865, 61.0647259], [10.4561278, 61.0651139], [10.4565234, 61.0656171], [10.4567954, 61.0660002], [10.456905, 61.0661939], [10.4569995, 61.0663908], [10.4571196, 61.0667928], [10.4571511, 61.0671937], [10.4571202, 61.0677352], [10.4570746, 61.0681173], [10.4570679, 61.0682782], [10.4570197, 61.0688167], [10.4569727, 61.069359], [10.4569231, 61.0698969], [10.4568882, 61.070434], [10.4568949, 61.0709627], [10.456966, 61.0715252], [10.4570988, 61.0720545], [10.4572745, 61.0725047], [10.4575346, 61.072975], [10.4578686, 61.0734388], [10.4582269, 61.073888], [10.4584631, 61.0742631], [10.458578, 61.0744799], [10.4586598, 61.0747011], [10.4587309, 61.0750321], [10.4588261, 61.0756125], [10.4590581, 61.0771088], [10.4591547, 61.0776958], [10.4593036, 61.0786583], [10.4594725, 61.0796201], [10.4595423, 61.0798398], [10.4596268, 61.0800579], [10.4597414, 61.0802725], [10.4598697, 61.0804862], [10.4602464, 61.0809619], [10.4605454, 61.0813394], [10.4611328, 61.0820514], [10.4613876, 61.0824963], [10.4615888, 61.0830021], [10.4617162, 61.0833672], [10.4618882, 61.0837773], [10.4620424, 61.0840328]]}, "properties": {"electrified": "contact_line", "frequency": "16.67", "gauge": "1435", "maxspeed": "100", "name": "Dovrebanen", "operator": "Bane NOR", "passenger_lines": "1", "railway": "rail", "usage": "main", "voltage": "15000", "length_km": 2.529, "maxspeed_kmh": 100.0}}, {"type": "Feature", "geometry": {"type": "LineString", "coordinates": [[10.4047661, 61.161311], [10.4048003, 61.1613779]]}, "properties": {"bridge": "yes", "electrified": "contact_line", "frequency": "16.67", "gauge": "1435", "maxspeed": "95", "name": "Dovrebanen", "operator": "Bane NOR", "passenger_lines": "1", "railway": "rail", "usage": "main", "voltage": "15000", "length_km": 0.008, "maxspeed_kmh": 95.0}}, {"type": "Feature", "geometry": {"type": "LineString", "coordinates": [[10.4048003, 61.1613779], [10.4051003, 61.1619599], [10.4052129, 61.1622112], [10.4052753, 61.1623862], [10.4053348, 61.1626069], [10.4053719, 61.1628093], [10.4053903, 61.1630032], [10.4053876, 61.1632598], [10.4053674, 61.1634276], [10.4053209, 61.1636488], [10.4052542, 61.1638874], [10.4051663, 61.164143], [10.4049425, 61.1647519], [10.4047178, 61.1653377], [10.4039635, 61.1672298], [10.40385, 61.1675286], [10.4037937, 61.1677125], [10.4037614, 61.1678682], [10.4037476, 61.167956], [10.4037321, 61.1681686], [10.4037427, 61.1683315], [10.4037691, 61.1685158], [10.4038507, 61.1687987], [10.4039321, 61.1689917], [10.4040479, 61.1692124], [10.4041834, 61.1694339], [10.4043022, 61.1696088]]}, "properties": {"electrified": "contact_line", "frequency": "16.67", "gauge": "1435", "maxspeed": "95", "name": "Dovrebanen", "operator": "Bane NOR", "passenger_lines": "1", "railway": "rail", "usage": "main", "voltage": "15000", "length_km": 0.932, "maxspeed_kmh": 95.0}}, {"type": "Feature", "geometry": {"type": "LineString", "coordinates": [[10.2360083, 63.1138581], [10.2363485, 63.1139431], [10.2367079, 63.1140185]]}, "properties": {"electrified": "contact_line", "frequency": "16.67", "gauge": "1435", "maxspeed": "100", "name": "Dovrebanen", "operator": "Bane NOR", "passenger_lines": "1", "railway": "rail", "usage": "main", "voltage": "15000", "length_km": 0.04, "maxspeed_kmh": 100.0}}, {"type": "Feature", "geometry": {"type": "LineString", "coordinates": [[10.2286792, 63.1085355], [10.2287827, 63.1086313], [10.2328409, 63.1122778], [10.2330731, 63.112476], [10.2333231, 63.1126696], [10.2335984, 63.1128562], [10.2338368, 63.1129996], [10.2340906, 63.1131373], [10.2342909, 63.1132368], [10.2345704, 63.1133641], [10.2347892, 63.1134553], [10.2350151, 63.1135427], [10.2353276, 63.1136531], [10.2355696, 63.1137312], [10.235902, 63.113829], [10.2360083, 63.1138581]]}, "properties": {"electrified": "contact_line", "frequency": "16.67", "gauge": "1435", "maxspeed": "100", "name": "Dovrebanen", "operator": "Bane NOR", "passenger_lines": "1", "railway": "rail", "tunnel": "yes", "usage": "main", "voltage": "15000", "length_km": 0.709, "maxspeed_kmh": 100.0}}, {"type": "Feature", "geometry": {"type": "LineString", "coordinates": [[10.2337233, 63.0957627], [10.2336051, 63.0958792], [10.2316441, 63.0977758], [10.2314521, 63.0979706], [10.2310971, 63.0983518], [10.2307228, 63.0987939], [10.2306045, 63.0989395], [10.2301731, 63.099467], [10.2300249, 63.0996642], [10.2299202, 63.0998163], [10.2298225, 63.0999749], [10.2296573, 63.1003127], [10.2293779, 63.1010769], [10.2293771, 63.1010779]]}, "properties": {"electrified": "contact_line", "frequency": "16.67", "gauge": "1435", "maxspeed": "110", "name": "Dovrebanen", "operator": "Bane NOR", "passenger_lines": "1", "railway": "rail", "usage": "main", "voltage": "15000", "length_km": 0.635, "maxspeed_kmh": 110.0}}, {"type": "Feature", "geometry": {"type": "LineString", "coordinates": [[10.2549041, 63.0750882], [10.2522773, 63.0778567], [10.2522401, 63.0778963], [10.2463419, 63.0841007], [10.245851, 63.0846009], [10.2453828, 63.0850437], [10.2433104, 63.0869486], [10.2410269, 63.08904], [10.2345646, 63.0949663], [10.2341205, 63.0953823]]}, "properties": {"electrified": "contact_line", "frequency": "16.67", "gauge": "1435", "maxspeed": "130", "name": "Dovrebanen", "operator": "Bane NOR", "passenger_lines": "1", "railway": "rail", "usage": "main", "voltage": "15000", "length_km": 2.495, "maxspeed_kmh": 130.0}}, {"type": "Feature", "geometry": {"type": "LineString", "coordinates": [[10.2279526, 63.1061014], [10.227925, 63.1062044], [10.2278284, 63.1066492], [10.2278109, 63.1067616], [10.2278089, 63.1069527], [10.2278168, 63.1070702], [10.2278537, 63.1072876], [10.2278799, 63.1073851], [10.2279685, 63.1076169], [10.2280209, 63.1077264], [10.2281423, 63.10793], [10.2282296, 63.1080496], [10.2284363, 63.1082955], [10.2285581, 63.1084202], [10.2286792, 63.1085355]]}, "properties": {"electrified": "contact_line", "frequency": "16.67", "gauge": "1435", "maxspeed": "100", "name": "Dovrebanen", "operator": "Bane NOR", "passenger_lines": "1", "railway": "rail", "usage": "main", "voltage": "15000", "length_km": 0.279, "maxspeed_kmh": 100.0}}, {"type": "Feature", "geometry": {"type": "LineString", "coordinates": [[10.2850403, 63.1573745], [10.285214, 63.1575871], [10.2857266, 63.1581615], [10.2860787, 63.1585261], [10.286535, 63.1589667], [10.2868657, 63.1592656], [10.287098, 63.1594595], [10.2872697, 63.1595929], [10.2876179, 63.1598326], [10.2878716, 63.159985], [10.2880129, 63.1600641], [10.288502, 63.1603121], [10.2886848, 63.1603951], [10.2890656, 63.160553], [10.2895233, 63.1607243], [10.2899658, 63.1608775], [10.2914897, 63.1613878], [10.2917524, 63.1614759]]}, "properties": {"electrified": "contact_line", "frequency": "16.67", "gauge": "1435", "maxspeed": "80", "name": "Dovrebanen", "operator": "Bane NOR", "passenger_lines": "1", "railway": "rail", "usage": "main", "voltage": "15000", "length_km": 0.583, "maxspeed_kmh": 80.0}}, {"type": "Feature", "geometry": {"type": "LineString", "coordinates": [[10.35801, 63.3542723], [10.3579084, 63.3545986], [10.3578827, 63.3547397], [10.3578699, 63.3548704], [10.3578679, 63.3549965], [10.3578858, 63.3551869], [10.3579155, 63.3553404], [10.3580201, 63.3556511], [10.3581428, 63.3559351], [10.3596613, 63.3591852], [10.360135, 63.3602168], [10.3603134, 63.3605863], [10.360525, 63.3609627], [10.3607346, 63.3612813], [10.3609516, 63.3615624], [10.3610874, 63.3617162], [10.3613749, 63.3620193], [10.362113, 63.36274], [10.3622459, 63.3628788], [10.362448, 63.3631048], [10.3626507, 63.3633621], [10.3627611, 63.3635187], [10.3628581, 63.3636628], [10.3630196, 63.3639405], [10.3630936, 63.364084], [10.363252, 63.3644316], [10.3653899, 63.3696465], [10.3654419, 63.3697798]]}, "properties": {"electrified": "contact_line", "frequency": "16.67", "gauge": "1435", "maxspeed": "95", "name": "Dovrebanen", "operator": "Bane NOR", "passenger_lines": "1", "railway": "rail", "usage": "main", "voltage": "15000", "length_km": 1.778, "maxspeed_kmh": 95.0}}, {"type": "Feature", "geometry": {"type": "LineString", "coordinates": [[10.2921717, 63.2726395], [10.2902668, 63.2740805], [10.2873995, 63.2762532], [10.2865222, 63.2769104], [10.2838711, 63.2789183], [10.2834682, 63.2792193]]}, "properties": {"electrified": "contact_line", "frequency": "16.67", "gauge": "1435", "maxspeed": "130", "name": "Dovrebanen", "operator": "Bane NOR", "passenger_lines": "1", "railway": "rail", "usage": "main", "voltage": "15000", "length_km": 0.854, "maxspeed_kmh": 130.0}}, {"type": "Feature", "geometry": {"type": "LineString", "coordinates": [[10.2734967, 63.2867628], [10.2733, 63.2869483], [10.2730826, 63.2871738], [10.2729825, 63.2873], [10.2728857, 63.287439], [10.2728296, 63.2875375], [10.2727485, 63.2877238], [10.2727123, 63.2878376], [10.2726834, 63.2879699], [10.2726727, 63.2880616], [10.2726702, 63.2882181], [10.2726836, 63.2883734], [10.272716, 63.2885417], [10.2729691, 63.2894935], [10.2730796, 63.2899086], [10.2731451, 63.2901015], [10.2731935, 63.2902176], [10.2732436, 63.2903138], [10.2733629, 63.2904935], [10.273495, 63.2906446], [10.2736624, 63.2908015], [10.2738479, 63.2909461], [10.273969, 63.2910289], [10.2742142, 63.2911786], [10.2744816, 63.2913274], [10.2746774, 63.2914277], [10.2747628, 63.2914689], [10.2749467, 63.2915626], [10.2753295, 63.2917321], [10.2754244, 63.2917734], [10.2758788, 63.2919521], [10.2761854, 63.2920569], [10.2763392, 63.2921058], [10.2765053, 63.2921521], [10.276684, 63.2921965], [10.2772655, 63.2923246], [10.2775434, 63.2923806], [10.2782392, 63.2925007], [10.2799764, 63.2927893]]}, "properties": {"electrified": "contact_line", "frequency": "16.67", "gauge": "1435", "maxspeed": "50", "name": "Dovrebanen", "operator": "Bane NOR", "passenger_lines": "1", "railway": "rail", "usage": "main", "voltage": "15000", "length_km": 0.861, "maxspeed_kmh": 50.0}}, {"type": "Feature", "geometry": {"type": "LineString", "coordinates": [[10.2781871, 63.2490867], [10.2809222, 63.2507431], [10.2813875, 63.2510336], [10.2818106, 63.2513139], [10.2821359, 63.2515422], [10.2823951, 63.2517344], [10.28276, 63.2520222], [10.2830917, 63.2523023], [10.2834223, 63.2526005], [10.2835819, 63.2527544], [10.2838711, 63.253052], [10.2841349, 63.2533451], [10.2843624, 63.2536199], [10.2845667, 63.2538916], [10.2847002, 63.2540815], [10.2848137, 63.254251], [10.2849412, 63.2544602], [10.2853792, 63.2552619], [10.2869575, 63.25824], [10.2874467, 63.2591614]]}, "properties": {"electrified": "contact_line", "frequency": "16.67", "gauge": "1435", "maxspeed": "100", "name": "Dovrebanen", "operator": "Bane NOR", "passenger_lines": "1", "railway": "rail", "usage": "main", "voltage": "15000", "length_km": 1.233, "maxspeed_kmh": 100.0}}, {"type": "Feature", "geometry": {"type": "LineString", "coordinates": [[10.3861087, 63.4037751], [10.3857736, 63.4040439], [10.3855811, 63.4042102], [10.3854451, 63.4043388], [10.3853082, 63.4044856], [10.3851536, 63.4046915], [10.3850659, 63.4048421], [10.3849953, 63.4049854], [10.3849262, 63.4051557]]}, "properties": {"electrified": "contact_line", "frequency": "16.67", "gauge": "1435", "maxspeed": "80", "name": "Dovrebanen", "operator": "Bane NOR", "passenger_lines": "1", "railway": "rail", "usage": "main", "voltage": "15000", "length_km": 0.166, "maxspeed_kmh": 80.0}}, {"type": "Feature", "geometry": {"type": "LineString", "coordinates": [[10.2830268, 63.153388], [10.2831195, 63.1534544], [10.2832286, 63.1535414], [10.2834533, 63.1537522], [10.2835672, 63.1538811], [10.2836598, 63.1540003], [10.2837349, 63.1541194], [10.2837978, 63.1542354], [10.2838437, 63.1543387], [10.2838768, 63.1544321], [10.2839246, 63.1546484], [10.2839454, 63.1548938], [10.2839524, 63.1550365], [10.2839671, 63.15541], [10.2840149, 63.1557029], [10.2840638, 63.1558865], [10.284125, 63.1560448], [10.2842139, 63.1562228], [10.2842421, 63.1562791], [10.2844237, 63.1565697], [10.2845474, 63.1567443], [10.2848331, 63.157118], [10.2850403, 63.1573745]]}, "properties": {"electrified": "contact_line", "frequency": "16.67", "gauge": "1435", "maxspeed": "50", "name": "Dovrebanen", "operator": "Bane NOR", "passenger_lines": "1", "railway": "rail", "usage": "main", "voltage": "15000", "length_km": 0.461, "maxspeed_kmh": 50.0}}, {"type": "Feature", "geometry": {"type": "LineString", "coordinates": [[10.2929596, 63.2697813], [10.2929896, 63.2698642], [10.2930716, 63.2701323], [10.2931812, 63.2705699], [10.2932257, 63.270823], [10.2932405, 63.2710039], [10.2932352, 63.2711747], [10.2932018, 63.2713579], [10.2931442, 63.2715462], [10.2930609, 63.2717231], [10.2929458, 63.2719052], [10.2928746, 63.2719976], [10.2927218, 63.2721712], [10.2925247, 63.2723553], [10.2922413, 63.2725863], [10.2921717, 63.2726395]]}, "properties": {"electrified": "contact_line", "frequency": "16.67", "gauge": "1435", "maxspeed": "90", "name": "Dovrebanen", "operator": "Bane NOR", "passenger_lines": "1", "railway": "rail", "usage": "main", "voltage": "15000", "length_km": 0.33, "maxspeed_kmh": 90.0}}, {"type": "Feature", "geometry": {"type": "LineString", "coordinates": [[10.2799764, 63.2927893], [10.2902024, 63.2944924], [10.2996544, 63.2960722], [10.3170983, 63.2989933], [10.3175089, 63.2990618]]}, "properties": {"electrified": "contact_line", "frequency": "16.67", "gauge": "1435", "maxspeed": "130", "name": "Dovrebanen", "operator": "Bane NOR", "passenger_lines": "1", "railway": "rail", "usage": "main", "voltage": "15000", "length_km": 2.009, "maxspeed_kmh": 130.0}}, {"type": "Feature", "geometry": {"type": "LineString", "coordinates": [[10.301326, 63.2076912], [10.3015199, 63.2078684], [10.3017228, 63.2080424], [10.3018762, 63.2081629], [10.3021617, 63.2083734], [10.3023064, 63.2084739], [10.3025651, 63.208642], [10.3030208, 63.208907], [10.3032998, 63.2090577], [10.3036523, 63.2092327], [10.3038451, 63.2093223], [10.3043838, 63.2095555], [10.3051407, 63.2098532], [10.3071406, 63.2106197], [10.3076881, 63.2108354], [10.3086126, 63.2111893], [10.3087293, 63.2112352]]}, "properties": {"electrified": "contact_line", "frequency": "16.67", "gauge": "1435", "maxspeed": "120", "name": "Dovrebanen", "operator": "Bane NOR", "passenger_lines": "1", "railway": "rail", "usage": "main", "voltage": "15000", "length_km": 0.548, "maxspeed_kmh": 120.0}}, {"type": "Feature", "geometry": {"type": "LineString", "coordinates": [[10.244693, 63.1304349], [10.2512184, 63.1365374], [10.2525329, 63.137757], [10.2531146, 63.1383002], [10.2534712, 63.1386111], [10.2538036, 63.1388883], [10.2542743, 63.1392595], [10.2547232, 63.1395923], [10.2550221, 63.1398029], [10.255327, 63.1400091], [10.2556727, 63.1402342], [10.256171, 63.1405411], [10.2578261, 63.141531], [10.2640693, 63.1452534], [10.264569, 63.1455502], [10.2650249, 63.1458138], [10.2654453, 63.1460477], [10.2663117, 63.1465028], [10.2671921, 63.1469511], [10.2711075, 63.1489607]]}, "properties": {"electrified": "contact_line", "frequency": "16.67", "gauge": "1435", "maxspeed": "130", "name": "Dovrebanen", "operator": "Bane NOR", "passenger_lines": "1", "railway": "rail", "usage": "main", "voltage": "15000", "length_km": 2.473, "maxspeed_kmh": 130.0}}, {"type": "Feature", "geometry": {"type": "LineString", "coordinates": [[9.5998064, 62.3007124], [9.5998701, 62.3007423], [9.6000133, 62.3008184], [9.6002638, 62.3009627], [9.6004037, 62.3010536], [9.6006689, 62.3012559], [9.6008606, 62.3014355], [9.6010437, 62.3016424], [9.6011327, 62.3017712], [9.6012021, 62.3018882], [9.6012613, 62.3020109], [9.6013038, 62.3021255], [9.6013457, 62.3022786], [9.6013799, 62.3025125], [9.6013999, 62.3032842], [9.601424, 62.3034477], [9.6014459, 62.3035396], [9.6015197, 62.3037408], [9.6015767, 62.3038507], [9.6016474, 62.3039633], [9.6017261, 62.3040714], [9.6019097, 62.3042745], [9.6020369, 62.3043936], [9.6023243, 62.3046271], [9.6024072, 62.3046873]]}, "properties": {"electrified": "contact_line", "frequency": "16.67", "gauge": "1435", "maxspeed": "85", "name": "Dovrebanen", "operator": "Bane NOR", "passenger_lines": "1", "railway": "rail", "usage": "main", "voltage": "15000", "length_km": 0.475, "maxspeed_kmh": 85.0}}, {"type": "Feature", "geometry": {"type": "LineString", "coordinates": [[9.5911938, 62.2917709], [9.5911045, 62.2919929], [9.5910813, 62.2920754], [9.5910516, 62.292237], [9.5910532, 62.2925034], [9.5910685, 62.2926419], [9.5911277, 62.2929569], [9.5912108, 62.2933054], [9.5913008, 62.2936486], [9.5914078, 62.2940123], [9.5916319, 62.2946908], [9.5918201, 62.2951822], [9.5920001, 62.2956107], [9.5922217, 62.2960861], [9.5924864, 62.2966135], [9.5926698, 62.296961], [9.5928299, 62.297236], [9.5930033, 62.2974855], [9.5931094, 62.2976186], [9.5932484, 62.2977744], [9.5933808, 62.2979032], [9.5935342, 62.2980401], [9.5936767, 62.2981546], [9.5938336, 62.2982703], [9.5940094, 62.2983879], [9.5941728, 62.2984908], [9.5943681, 62.2986027], [9.5945995, 62.2987247], [9.5947717, 62.298811], [9.595203, 62.298997], [9.5956715, 62.2991767], [9.5959323, 62.2992719], [9.5988946, 62.300334], [9.5990945, 62.3004078], [9.5996085, 62.3006193], [9.5996821, 62.3006537]]}, "properties": {"electrified": "contact_line", "frequency": "16.67", "gauge": "1435", "maxspeed": "85", "name": "Dovrebanen", "operator": "Bane NOR", "passenger_lines": "1", "railway": "rail", "usage": "main", "voltage": "15000", "length_km": 1.151, "maxspeed_kmh": 85.0}}, {"type": "Feature", "geometry": {"type": "LineString", "coordinates": [[9.5887577, 62.504828], [9.5885991, 62.505359], [9.5885798, 62.5054449], [9.5885511, 62.5056719], [9.5885479, 62.5058384], [9.588569, 62.50604], [9.5886047, 62.5062054], [9.5886308, 62.5062982], [9.5886978, 62.5064777], [9.5888271, 62.5067224], [9.5889408, 62.506893], [9.5890763, 62.5070684], [9.5892639, 62.507271], [9.5893665, 62.5073706], [9.5896295, 62.507594], [9.5899472, 62.5078208], [9.590146, 62.5079461], [9.5903569, 62.5080694], [9.5907306, 62.5082603], [9.5910401, 62.5084], [9.5912487, 62.508486], [9.5915247, 62.5085913], [9.5918756, 62.5087104], [9.5921603, 62.5087984], [9.5923458, 62.5088499], [9.5925454, 62.5089032], [9.5928397, 62.5089747], [9.5933168, 62.5090749], [9.5935159, 62.5091126], [9.5938622, 62.5091703], [9.5941708, 62.509213], [9.5945883, 62.509261], [9.5949342, 62.5092944]]}, "properties": {"electrified": "contact_line", "frequency": "16.67", "gauge": "1435", "maxspeed": "95", "name": "Dovrebanen", "operator": "Bane NOR", "passenger_lines": "1", "railway": "rail", "usage": "main", "voltage": "15000", "length_km": 0.662, "maxspeed_kmh": 95.0}}, {"type": "Feature", "geometry": {"type": "LineString", "coordinates": [[9.5380179, 62.2224652], [9.5377804, 62.2226841]]}, "properties": {"electrified": "contact_line", "frequency": "16.67", "gauge": "1435", "maxspeed": "110", "name": "Dovrebanen", "operator": "Bane NOR", "passenger_lines": "1", "railway": "rail", "usage": "main", "voltage": "15000", "length_km": 0.027, "maxspeed_kmh": 110.0}}, {"type": "Feature", "geometry": {"type": "LineString", "coordinates": [[9.5861413, 62.4915375], [9.5861798, 62.491643], [9.5867803, 62.4932884], [9.586914, 62.4936222], [9.5870813, 62.4939768], [9.5872749, 62.4943273], [9.587435, 62.494584], [9.5877951, 62.4951184], [9.5879788, 62.4953911], [9.5881886, 62.4957479], [9.5882831, 62.4959445], [9.5883719, 62.4961543], [9.5884576, 62.4964054], [9.5885339, 62.4966913], [9.5886873, 62.4974639], [9.5887875, 62.4980491], [9.5888915, 62.4987451], [9.5890065, 62.4996663], [9.5890893, 62.5006275], [9.5891249, 62.501168], [9.5891565, 62.501994], [9.5891622, 62.5026285], [9.5891408, 62.503106], [9.5891168, 62.5033551], [9.5890782, 62.5036444], [9.5889867, 62.5040718], [9.5888986, 62.5044005], [9.5887577, 62.504828]]}, "properties": {"electrified": "contact_line", "frequency": "16.67", "gauge": "1435", "maxspeed": "125", "name": "Dovrebanen", "operator": "Bane NOR", "passenger_lines": "1", "railway": "rail", "usage": "main", "voltage": "15000", "length_km": 1.498, "maxspeed_kmh": 125.0}}, {"type": "Feature", "geometry": {"type": "LineString", "coordinates": [[9.8978782, 62.665025], [9.8981768, 62.6652325], [9.8984833, 62.6654146], [9.8987967, 62.6655793], [9.8989805, 62.6656666], [9.8993118, 62.6658101], [9.8996666, 62.6659475], [9.8998765, 62.6660202], [9.900067, 62.6660824], [9.9004361, 62.6661919], [9.9008414, 62.6662969], [9.9011738, 62.666372], [9.9013461, 62.6664084], [9.9016591, 62.6664666], [9.9019432, 62.6665135], [9.9022277, 62.6665552], [9.9027416, 62.6666214], [9.9041427, 62.6667859], [9.9047024, 62.6668627], [9.9049559, 62.6669039], [9.9054101, 62.6669854], [9.905808, 62.6670681], [9.9062496, 62.6671706], [9.9066648, 62.6672807], [9.906913, 62.6673532], [9.9073308, 62.6674863], [9.9075519, 62.6675626], [9.9079325, 62.6677065], [9.9083286, 62.6678697], [9.9086822, 62.6680246], [9.9097926, 62.6685345], [9.910184, 62.6687087], [9.9105062, 62.6688455], [9.9108624, 62.6689877], [9.9112866, 62.6691457], [9.9119108, 62.6693576], [9.9124262, 62.6695159], [9.912805, 62.6696237], [9.9130927, 62.6696999], [9.9136642, 62.6698389], [9.9139321, 62.6699002]]}, "properties": {"electrified": "contact_line", "frequency": "16.67", "gauge": "1435", "maxspeed": "95", "name": "Dovrebanen", "operator": "Bane NOR", "passenger_lines": "1", "railway": "rail", "usage": "main", "voltage": "15000", "length_km": 1.006, "maxspeed_kmh": 95.0}}, {"type": "Feature", "geometry": {"type": "LineString", "coordinates": [[9.6742523, 62.5831667], [9.6821462, 62.5878083], [9.6825566, 62.5880456]]}, "properties": {"electrified": "contact_line", "frequency": "16.67", "gauge": "1435", "maxspeed": "130", "name": "Dovrebanen", "operator": "Bane NOR", "passenger_lines": "1", "railway": "rail", "usage": "main", "voltage": "15000", "length_km": 0.692, "maxspeed_kmh": 130.0}}, {"type": "Feature", "geometry": {"type": "LineString", "coordinates": [[9.6212249, 62.3461088], [9.621426, 62.3461658], [9.6217052, 62.3462555], [9.6219124, 62.3463306], [9.6223361, 62.34651], [9.6225975, 62.3466415], [9.6227249, 62.3467167]]}, "properties": {"electrified": "contact_line", "frequency": "16.67", "gauge": "1435", "maxspeed": "85", "name": "Dovrebanen", "operator": "Bane NOR", "passenger_lines": "1", "railway": "rail", "usage": "main", "voltage": "15000", "length_km": 0.104, "maxspeed_kmh": 85.0}}, {"type": "Feature", "geometry": {"type": "LineString", "coordinates": [[9.7159792, 62.5979939], [9.7164075, 62.5980905], [9.7169829, 62.5982238], [9.7174525, 62.5983398], [9.7179012, 62.5984574], [9.7183995, 62.5985971], [9.7188963, 62.5987441], [9.7197412, 62.5990154], [9.7199409, 62.5990852], [9.7203364, 62.5992263], [9.7206951, 62.59936], [9.7210557, 62.5995005], [9.7214287, 62.599652], [9.7218887, 62.5998498], [9.7226321, 62.6001956], [9.7286583, 62.6031646], [9.7292054, 62.6034299], [9.7303124, 62.6039455], [9.7308806, 62.6041999], [9.7318736, 62.6046309], [9.7323438, 62.604827], [9.7325828, 62.6049264], [9.7331416, 62.6051511], [9.7339076, 62.6054517], [9.7345477, 62.6056949], [9.7355422, 62.6060584], [9.7391516, 62.6073223], [9.7400933, 62.6076663], [9.7412226, 62.6080985]]}, "properties": {"electrified": "contact_line", "frequency": "16.67", "gauge": "1435", "maxspeed": "130", "name": "Dovrebanen", "operator": "Bane NOR", "passenger_lines": "1", "railway": "rail", "usage": "main", "voltage": "15000", "length_km": 1.726, "maxspeed_kmh": 130.0}}, {"type": "Feature", "geometry": {"type": "LineString", "coordinates": [[9.5738108, 62.4527813], [9.5737781, 62.453618], [9.573765, 62.4537149], [9.5737634, 62.4538449], [9.5736999, 62.4545872], [9.5736385, 62.4550537], [9.5735684, 62.455511], [9.5735385, 62.4557816], [9.5735273, 62.4559867], [9.5735473, 62.4562733], [9.5735841, 62.4564837], [9.5736087, 62.4565749], [9.5736383, 62.4566737], [9.5737184, 62.4568782], [9.5739272, 62.4572911], [9.5744154, 62.4581384], [9.574543, 62.4583797], [9.5745986, 62.4584922], [9.5746953, 62.45872], [9.574758, 62.4589286], [9.5747853, 62.4590386], [9.574815, 62.459232], [9.5748273, 62.4594085], [9.5748331, 62.4599928], [9.574825, 62.4607608], [9.5748235, 62.4609079], [9.574821, 62.461145], [9.5748284, 62.4614324], [9.5748446, 62.4616094], [9.5748691, 62.4617647], [9.5749089, 62.4619206], [9.574964, 62.4620815], [9.5750156, 62.4622042], [9.5751601, 62.4624912], [9.5753462, 62.4628216], [9.5754989, 62.4631098], [9.5755699, 62.4632618], [9.5756247, 62.4634035], [9.5757025, 62.4636659], [9.575728, 62.4638004], [9.5757561, 62.4640639], [9.5757565, 62.4642083], [9.5757263, 62.4646004], [9.5756813, 62.4649202], [9.5756167, 62.4652821], [9.5755345, 62.4656575], [9.5748775, 62.4680715], [9.5747595, 62.4684812], [9.5738567, 62.4717697], [9.5737384, 62.4722619], [9.5736807, 62.4726097], [9.573662, 62.4727726], [9.5736428, 62.4730948], [9.573643, 62.4734342], [9.5736529, 62.4736188], [9.5736883, 62.4739471], [9.5737541, 62.4743125], [9.5738288, 62.4746265], [9.5739508, 62.4750141], [9.5740864, 62.475361], [9.574245, 62.4757008], [9.5743593, 62.4759164], [9.5745653, 62.4762659], [9.5747285, 62.4765154], [9.5749712, 62.4768468], [9.5751465, 62.4770701], [9.5753238, 62.4772791], [9.5755925, 62.4775764], [9.5758805, 62.4778692], [9.5760945, 62.4780721], [9.5764429, 62.4783835], [9.5775987, 62.4793493], [9.577891, 62.4796217], [9.5780541, 62.4797999], [9.57821, 62.4800065], [9.5783303, 62.4801998], [9.5784286, 62.4803949], [9.5786666, 62.480947], [9.5787717, 62.4811638], [9.5788705, 62.4813476], [9.5789937, 62.4815383], [9.579131, 62.4817165], [9.5793304, 62.4819465], [9.5795261, 62.4821539], [9.5795956, 62.4822251]]}, "properties": {"electrified": "contact_line", "frequency": "16.67", "gauge": "1435", "maxspeed": "95", "name": "Dovrebanen", "operator": "Bane NOR", "passenger_lines": "1", "railway": "rail", "usage": "main", "voltage": "15000", "length_km": 3.359, "maxspeed_kmh": 95.0}}, {"type": "Feature", "geometry": {"type": "LineString", "coordinates": [[9.7014434, 62.5948611], [9.70179, 62.5949383], [9.7056211, 62.5957664], [9.7066723, 62.5959927]]}, "properties": {"electrified": "contact_line", "frequency": "16.67", "gauge": "1435", "maxspeed": "100", "name": "Dovrebanen", "operator": "Bane NOR", "passenger_lines": "1", "railway": "rail", "usage": "main", "voltage": "15000", "length_km": 0.297, "maxspeed_kmh": 100.0}}, {"type": "Feature", "geometry": {"type": "LineString", "coordinates": [[9.4726154, 62.1847933], [9.4726855, 62.1848449], [9.4731843, 62.1851943], [9.4737621, 62.1855633], [9.4741102, 62.1857713], [9.4744234, 62.1859485], [9.4749863, 62.1862503], [9.4753897, 62.1864525], [9.4757982, 62.1866466], [9.4762204, 62.1868372], [9.4767328, 62.1870608], [9.4820943, 62.1893771], [9.48354, 62.1899818], [9.4846254, 62.1904151], [9.4856952, 62.1908276], [9.4888335, 62.1919943], [9.4952892, 62.1943878], [9.4958765, 62.1945997], [9.4962817, 62.1947392], [9.4966677, 62.1948659], [9.4972315, 62.195041], [9.4979468, 62.1952482], [9.498555, 62.1954104], [9.4989822, 62.1955175], [9.4994178, 62.1956223], [9.5000153, 62.1957568], [9.5009106, 62.1959412], [9.5023493, 62.1962283], [9.5227502, 62.2002763], [9.523876, 62.2005067], [9.5246998, 62.2006892], [9.5254382, 62.2008661], [9.5261942, 62.2010596], [9.5268619, 62.2012409], [9.5274198, 62.2014019], [9.5286053, 62.2017632], [9.5296117, 62.2020787], [9.5303638, 62.2023198], [9.5311055, 62.202561], [9.532502, 62.2030256], [9.5339545, 62.2035257], [9.5355002, 62.2040755], [9.5367108, 62.2045192], [9.5385942, 62.2052273], [9.5395491, 62.2055809], [9.5401218, 62.2057767], [9.540732, 62.2059722], [9.5415067, 62.2062], [9.5420122, 62.2063371], [9.5423677, 62.2064286], [9.5432589, 62.2066401], [9.5447083, 62.2069632], [9.5457116, 62.2071973], [9.5461578, 62.2073064], [9.5467607, 62.2074602], [9.5476521, 62.2077], [9.5479813, 62.2077934], [9.5487155, 62.2080081], [9.5491443, 62.20814], [9.5497341, 62.2083269], [9.5504636, 62.2085685], [9.5511339, 62.208801], [9.5514254, 62.2089081]]}, "properties": {"electrified": "contact_line", "frequency": "16.67", "gauge": "1435", "maxspeed": "130", "name": "Dovrebanen", "operator": "Bane NOR", "passenger_lines": "1", "railway": "rail", "usage": "main", "voltage": "15000", "length_km": 4.959, "maxspeed_kmh": 130.0}}, {"type": "Feature", "geometry": {"type": "LineString", "coordinates": [[9.4189124, 62.1766831], [9.4260101, 62.176167], [9.4299012, 62.1758823]]}, "properties": {"electrified": "contact_line", "frequency": "16.67", "gauge": "1435", "maxspeed": "130", "name": "Dovrebanen", "operator": "Bane NOR", "passenger_lines": "1", "railway": "rail", "usage": "main", "voltage": "15000", "length_km": 0.58, "maxspeed_kmh": 130.0}}, {"type": "Feature", "geometry": {"type": "LineString", "coordinates": [[9.6326814, 62.4016372], [9.632973, 62.4018676], [9.6333974, 62.4021812], [9.6336197, 62.4023531], [9.6337394, 62.4024527], [9.6339118, 62.4026101], [9.6340663, 62.4027717], [9.6342, 62.4029338], [9.6343261, 62.4031163], [9.6344243, 62.4032839], [9.6344977, 62.4034509], [9.634563, 62.4036312], [9.6346409, 62.4039269]]}, "properties": {"electrified": "contact_line", "frequency": "16.67", "gauge": "1435", "maxspeed": "80", "name": "Dovrebanen", "operator": "Bane NOR", "passenger_lines": "1", "railway": "rail", "usage": "main", "voltage": "15000", "length_km": 0.278, "maxspeed_kmh": 80.0}}, {"type": "Feature", "geometry": {"type": "LineString", "coordinates": [[9.5665853, 62.2651479], [9.5667988, 62.2652201], [9.5673855, 62.2654038], [9.5676862, 62.2654923], [9.568214, 62.265639], [9.5687252, 62.2657707], [9.5692515, 62.265898], [9.5695045, 62.2659551], [9.5701802, 62.2660992], [9.5704721, 62.2661559], [9.5709902, 62.2662525], [9.5715321, 62.2663436], [9.5722677, 62.2664541], [9.5731027, 62.2665736]]}, "properties": {"electrified": "contact_line", "frequency": "16.67", "gauge": "1435", "maxspeed": "130", "name": "Dovrebanen", "operator": "Bane NOR", "passenger_lines": "1", "railway": "rail", "usage": "main", "voltage": "15000", "length_km": 0.376, "maxspeed_kmh": 130.0}}, {"type": "Feature", "geometry": {"type": "LineString", "coordinates": [[9.5537121, 62.2125468], [9.5536056, 62.2126446], [9.5534166, 62.2127881], [9.5533165, 62.212855], [9.55304, 62.2130224], [9.5528265, 62.213135], [9.5524927, 62.2132909], [9.5524043, 62.2133271], [9.5521899, 62.2134155], [9.5519873, 62.2134924]]}, "properties": {"electrified": "contact_line", "frequency": "16.67", "gauge": "1435", "maxspeed": "85", "name": "Dovrebanen", "operator": "Bane NOR", "passenger_lines": "1", "railway": "rail", "usage": "main", "voltage": "15000", "length_km": 0.14, "maxspeed_kmh": 85.0}}, {"type": "Feature", "geometry": {"type": "LineString", "coordinates": [[9.1728937, 62.0990464], [9.1732165, 62.099078], [9.1735444, 62.0991068], [9.1739219, 62.0991348], [9.1742504, 62.0991522], [9.1745904, 62.0991646], [9.1749328, 62.0991708], [9.1753164, 62.0991705], [9.1757029, 62.0991638], [9.1761281, 62.0991484], [9.1765706, 62.0991218], [9.1768832, 62.0990971], [9.1774353, 62.0990405], [9.1777653, 62.0989992], [9.1780612, 62.0989564], [9.1786609, 62.0988573], [9.1801269, 62.098588], [9.180786, 62.0984836], [9.1812126, 62.0984263], [9.1817571, 62.0983645], [9.1823667, 62.0983111], [9.1830481, 62.0982713], [9.1836611, 62.0982512], [9.1842043, 62.0982482], [9.1846591, 62.0982531], [9.1851118, 62.0982669], [9.1853101, 62.0982763], [9.185567, 62.0982897], [9.1859794, 62.0983178], [9.1863234, 62.0983461], [9.1870674, 62.0984263], [9.1880565, 62.0985612]]}, "properties": {"electrified": "contact_line", "frequency": "16.67", "gauge": "1435", "maxspeed": "110", "name": "Dovrebanen", "operator": "Bane NOR", "passenger_lines": "1", "railway": "rail", "usage": "main", "voltage": "15000", "length_km": 0.812, "maxspeed_kmh": 110.0}}, {"type": "Feature", "geometry": {"type": "LineString", "coordinates": [[9.5981216, 62.4404958], [9.5977948, 62.4406284], [9.5971307, 62.4408791], [9.596694, 62.4410266], [9.5962704, 62.4411564], [9.5956601, 62.4413189], [9.594988, 62.441477], [9.5945113, 62.4415819], [9.5933448, 62.4418386], [9.5929392, 62.441934], [9.5925715, 62.4420314], [9.5923631, 62.442092], [9.5920291, 62.442201], [9.5918891, 62.4422467], [9.5916897, 62.4423207], [9.5913368, 62.4424649], [9.5912298, 62.4425106]]}, "properties": {"electrified": "contact_line", "frequency": "16.67", "gauge": "1435", "maxspeed": "95", "name": "Dovrebanen", "operator": "Bane NOR", "passenger_lines": "1", "railway": "rail", "usage": "main", "voltage": "15000", "length_km": 0.423, "maxspeed_kmh": 95.0}}, {"type": "Feature", "geometry": {"type": "LineString", "coordinates": [[9.6554495, 62.5644358], [9.6555115, 62.5645088], [9.6557195, 62.5647383], [9.6559281, 62.5649539], [9.6561896, 62.5652101], [9.6563049, 62.5653154], [9.6567796, 62.5657227], [9.6590567, 62.5675192], [9.6602814, 62.5684939], [9.6605256, 62.5687035], [9.6607659, 62.5689233], [9.6608876, 62.5690436], [9.6610933, 62.5692626], [9.6612812, 62.5694802], [9.6614376, 62.5696786], [9.6615467, 62.5698259], [9.6617308, 62.5700985], [9.6618947, 62.5703807], [9.661987, 62.5705599], [9.6623629, 62.5713911]]}, "properties": {"electrified": "contact_line", "frequency": "16.67", "gauge": "1435", "maxspeed": "130", "name": "Dovrebanen", "operator": "Bane NOR", "passenger_lines": "1", "railway": "rail", "usage": "main", "voltage": "15000", "length_km": 0.859, "maxspeed_kmh": 130.0}}, {"type": "Feature", "geometry": {"type": "LineString", "coordinates": [[9.6314475, 62.5315265], [9.6316031, 62.5316315], [9.6318362, 62.5318181], [9.6319806, 62.531958], [9.6321, 62.5320885], [9.6321887, 62.5322031], [9.6323723, 62.5324681], [9.6324824, 62.5326378]]}, "properties": {"electrified": "contact_line", "frequency": "16.67", "gauge": "1435", "maxspeed": "85", "name": "Dovrebanen", "operator": "Bane NOR", "passenger_lines": "1", "railway": "rail", "usage": "main", "voltage": "15000", "length_km": 0.136, "maxspeed_kmh": 85.0}}, {"type": "Feature", "geometry": {"type": "LineString", "coordinates": [[9.5514254, 62.2089081], [9.5518773, 62.2090732], [9.5523591, 62.2092622], [9.5525813, 62.2093588], [9.5526643, 62.2093949], [9.5529549, 62.2095397], [9.5531468, 62.2096452], [9.5532856, 62.2097314], [9.5535638, 62.2099299], [9.553711, 62.210053], [9.5537846, 62.2101219], [9.5539074, 62.2102472], [9.5539874, 62.21034], [9.5540927, 62.2104775], [9.5541523, 62.2105722], [9.5542214, 62.2107012], [9.5542907, 62.2108634], [9.5543227, 62.2109705], [9.5543573, 62.2111684]]}, "properties": {"electrified": "contact_line", "frequency": "16.67", "gauge": "1435", "maxspeed": "85", "name": "Dovrebanen", "operator": "Bane NOR", "passenger_lines": "1", "railway": "rail", "usage": "main", "voltage": "15000", "length_km": 0.306, "maxspeed_kmh": 85.0}}, {"type": "Feature", "geometry": {"type": "LineString", "coordinates": [[9.5464073, 61.687662], [9.546754, 61.6889151], [9.5469609, 61.6895226], [9.5471608, 61.6900214], [9.5474096, 61.6905488], [9.5475551, 61.6908254], [9.5477717, 61.6912038], [9.5480481, 61.6916454], [9.5485696, 61.6924], [9.548702, 61.6926011], [9.5488539, 61.6928703], [9.548923, 61.6930161], [9.5489508, 61.6930911], [9.5490053, 61.6932651], [9.5490252, 61.6933547], [9.5490533, 61.6935516], [9.5490599, 61.6937101], [9.5490516, 61.6938469], [9.5490249, 61.6940369], [9.5489811, 61.6942225], [9.5489152, 61.6943968], [9.5489028, 61.6944257], [9.5488448, 61.6945604], [9.5487462, 61.6947693]]}, "properties": {"electrified": "contact_line", "frequency": "16.67", "gauge": "1435", "maxspeed": "95", "name": "Dovrebanen", "operator": "Bane NOR", "passenger_lines": "1", "railway": "rail", "usage": "main", "voltage": "15000", "length_km": 0.811, "maxspeed_kmh": 95.0}}, {"type": "Feature", "geometry": {"type": "LineString", "coordinates": [[9.5487462, 61.6947693], [9.5483127, 61.6956797]]}, "properties": {"bridge": "yes", "electrified": "contact_line", "frequency": "16.67", "gauge": "1435", "maxspeed": "95", "name": "Dovrebanen", "operator": "Bane NOR", "passenger_lines": "1", "railway": "rail", "usage": "main", "voltage": "15000", "length_km": 0.104, "maxspeed_kmh": 95.0}}, {"type": "Feature", "geometry": {"type": "LineString", "coordinates": [[10.1777782, 62.967542], [10.1779304, 62.9676072]]}, "properties": {"bridge": "yes", "electrified": "contact_line", "frequency": "16.67", "gauge": "1435", "maxspeed": "85", "name": "Dovrebanen", "operator": "Bane NOR", "passenger_lines": "1", "railway": "rail", "usage": "main", "voltage": "15000", "length_km": 0.011, "maxspeed_kmh": 85.0}}, {"type": "Feature", "geometry": {"type": "LineString", "coordinates": [[10.1760737, 62.9644476], [10.1760703, 62.9645193]]}, "properties": {"bridge": "yes", "electrified": "contact_line", "frequency": "16.67", "gauge": "1435", "maxspeed": "130", "name": "Dovrebanen", "operator": "Bane NOR", "passenger_lines": "1", "railway": "rail", "usage": "main", "voltage": "15000", "length_km": 0.008, "maxspeed_kmh": 130.0}}, {"type": "Feature", "geometry": {"type": "LineString", "coordinates": [[10.1751053, 62.9598992], [10.1751008, 62.9602878], [10.1751323, 62.9606842], [10.1751871, 62.9610267], [10.1752394, 62.9612604], [10.1753327, 62.9615784], [10.1754596, 62.9619305], [10.1756977, 62.962518], [10.1758513, 62.9629483], [10.1759274, 62.9632098], [10.1759828, 62.9634436], [10.1760356, 62.9637658], [10.1760641, 62.9639909], [10.1760754, 62.9642282], [10.1760737, 62.9644476]]}, "properties": {"electrified": "contact_line", "frequency": "16.67", "gauge": "1435", "maxspeed": "130", "name": "Dovrebanen", "operator": "Bane NOR", "passenger_lines": "1", "railway": "rail", "usage": "main", "voltage": "15000", "length_km": 0.511, "maxspeed_kmh": 130.0}}, {"type": "Feature", "geometry": {"type": "LineString", "coordinates": [[10.1985908, 62.9743225], [10.1992229, 62.9744271], [10.1996896, 62.9745173], [10.1999838, 62.9745853], [10.2001152, 62.9746195], [10.2003723, 62.9746934], [10.2006025, 62.9747679], [10.2008504, 62.9748583], [10.2009913, 62.9749173], [10.2012143, 62.9750197], [10.2014531, 62.9751466], [10.2015829, 62.975223], [10.2017189, 62.9753115], [10.2018938, 62.9754393], [10.2019954, 62.9755247], [10.2021358, 62.975655], [10.2023334, 62.9758674], [10.2026406, 62.9762229], [10.2027656, 62.9763514], [10.2028886, 62.9764639], [10.203085, 62.9766151], [10.203234, 62.9767162], [10.2033349, 62.9767767], [10.2035159, 62.9768748], [10.2037279, 62.9769769], [10.2039624, 62.9770756], [10.2043415, 62.9772142], [10.2046896, 62.9773242], [10.2050571, 62.977433], [10.206047, 62.9777131], [10.2065211, 62.9778415], [10.2069537, 62.9779444], [10.2073897, 62.9780297], [10.2078261, 62.9780952], [10.2081458, 62.9781325], [10.2083237, 62.9781491], [10.2087277, 62.9781767], [10.209162, 62.9781959], [10.209935, 62.9782234], [10.2104831, 62.9782514], [10.2108462, 62.9782784], [10.2112238, 62.9783189], [10.211441, 62.9783471], [10.2117549, 62.9783942], [10.2120968, 62.9784514], [10.214402, 62.9788586], [10.2148435, 62.9789334], [10.2151341, 62.9789784], [10.215437, 62.9790182], [10.2158704, 62.9790625], [10.2161704, 62.9790831], [10.2164422, 62.9790956], [10.2166405, 62.9791007], [10.2169223, 62.9791019], [10.2174763, 62.9790883], [10.2189189, 62.9790218], [10.2192695, 62.9790125]]}, "properties": {"electrified": "contact_line", "frequency": "16.67", "gauge": "1435", "maxspeed": "80", "name": "Dovrebanen", "operator": "Bane NOR", "passenger_lines": "1", "railway": "rail", "usage": "main", "voltage": "15000", "length_km": 1.252, "maxspeed_kmh": 80.0}}, {"type": "Feature", "geometry": {"type": "LineString", "coordinates": [[10.1763237, 62.9568228], [10.1762628, 62.9569142]]}, "properties": {"bridge": "yes", "electrified": "contact_line", "frequency": "16.67", "gauge": "1435", "maxspeed": "130", "name": "Dovrebanen", "operator": "Bane NOR", "passenger_lines": "1", "railway": "rail", "usage": "main", "voltage": "15000", "length_km": 0.011, "maxspeed_kmh": 130.0}}, {"type": "Feature", "geometry": {"type": "LineString", "coordinates": [[10.2837206, 63.0476334], [10.2837697, 63.0477243]]}, "properties": {"bridge": "yes", "electrified": "contact_line", "frequency": "16.67", "gauge": "1435", "maxspeed": "75", "name": "Dovrebanen", "operator": "Bane NOR", "passenger_lines": "1", "railway": "rail", "usage": "main", "voltage": "15000", "length_km": 0.01, "maxspeed_kmh": 75.0}}, {"type": "Feature", "geometry": {"type": "LineString", "coordinates": [[10.2829533, 63.0465512], [10.2833131, 63.0469937], [10.2835572, 63.0473614], [10.2837206, 63.0476334]]}, "properties": {"electrified": "contact_line", "frequency": "16.67", "gauge": "1435", "maxspeed": "75", "name": "Dovrebanen", "operator": "Bane NOR", "passenger_lines": "1", "railway": "rail", "usage": "main", "voltage": "15000", "length_km": 0.127, "maxspeed_kmh": 75.0}}, {"type": "Feature", "geometry": {"type": "LineString", "coordinates": [[10.2358702, 63.0064925], [10.2360418, 63.0068467], [10.2361679, 63.0070689], [10.2362819, 63.0072345], [10.2364469, 63.0074469], [10.2366641, 63.0076746], [10.2368988, 63.0078967], [10.2371831, 63.008139], [10.2374983, 63.0083898], [10.2378161, 63.0086436], [10.2383056, 63.0090295], [10.2387133, 63.0093441], [10.2391519, 63.0096862], [10.2395636, 63.0099936], [10.2398533, 63.0101999], [10.2402838, 63.0104945], [10.241012, 63.0109698], [10.2412266, 63.0111171], [10.2414076, 63.0112516], [10.2415417, 63.011363], [10.2416517, 63.0114677], [10.2417804, 63.0116058], [10.2418984, 63.0117482], [10.241999, 63.0119083], [10.2420714, 63.0120464], [10.2421211, 63.0121779], [10.2421586, 63.0123136], [10.2421801, 63.0124633], [10.2421881, 63.0126319], [10.2421781, 63.012753], [10.2421559, 63.012858], [10.2421137, 63.0130095], [10.2420674, 63.0131255]]}, "properties": {"electrified": "contact_line", "frequency": "16.67", "gauge": "1435", "maxspeed": "85", "name": "Dovrebanen", "operator": "Bane NOR", "passenger_lines": "1", "railway": "rail", "usage": "main", "voltage": "15000", "length_km": 0.82, "maxspeed_kmh": 85.0}}, {"type": "Feature", "geometry": {"type": "LineString", "coordinates": [[10.2348945, 62.9956803], [10.2346605, 62.9957674]]}, "properties": {"bridge": "yes", "electrified": "contact_line", "frequency": "16.67", "gauge": "1435", "maxspeed": "105", "name": "Dovrebanen", "operator": "Bane NOR", "passenger_lines": "1", "railway": "rail", "usage": "main", "voltage": "15000", "length_km": 0.015, "maxspeed_kmh": 105.0}}, {"type": "Feature", "geometry": {"type": "LineString", "coordinates": [[10.2420674, 63.0131255], [10.2419762, 63.0132837], [10.2418528, 63.0134584], [10.2416611, 63.0136622], [10.2414143, 63.013891], [10.2412044, 63.0140633]]}, "properties": {"electrified": "contact_line", "frequency": "16.67", "gauge": "1435", "maxspeed": "85", "name": "Dovrebanen", "operator": "Bane NOR", "passenger_lines": "1", "railway": "rail", "tunnel": "yes", "usage": "main", "voltage": "15000", "length_km": 0.114, "maxspeed_kmh": 85.0}}, {"type": "Feature", "geometry": {"type": "LineString", "coordinates": [[10.2412044, 63.0140633], [10.241081, 63.0141463], [10.2409168, 63.0142477], [10.2407075, 63.0143639], [10.2404407, 63.0145075], [10.2399364, 63.0147759], [10.239695, 63.0149158], [10.2394724, 63.0150625], [10.2393101, 63.0151915], [10.2391519, 63.0153339], [10.2390017, 63.0154866], [10.2388783, 63.0156424], [10.2387576, 63.0158201], [10.2386892, 63.0159619], [10.2386288, 63.016153], [10.238598, 63.0163276], [10.238594, 63.0165211], [10.2386168, 63.0166939], [10.2386503, 63.0168491], [10.23872, 63.0170189], [10.2388059, 63.0171826], [10.2389292, 63.0173608], [10.239113, 63.0175635], [10.2393155, 63.0177509], [10.2395099, 63.0179036], [10.2397285, 63.0180582], [10.2399565, 63.0181872], [10.2401912, 63.0183143], [10.2404299, 63.018422], [10.240725, 63.0185419], [10.2409717, 63.0186295], [10.2413164, 63.018739], [10.2416275, 63.0188218], [10.241928, 63.0188917]]}, "properties": {"electrified": "contact_line", "frequency": "16.67", "gauge": "1435", "maxspeed": "85", "name": "Dovrebanen", "operator": "Bane NOR", "passenger_lines": "1", "railway": "rail", "usage": "main", "voltage": "15000", "length_km": 0.643, "maxspeed_kmh": 85.0}}, {"type": "Feature", "geometry": {"type": "LineString", "coordinates": [[10.2898401, 63.0360252], [10.2899308, 63.0360841]]}, "properties": {"bridge": "yes", "electrified": "contact_line", "frequency": "16.67", "gauge": "1435", "maxspeed": "75", "name": "Dovrebanen", "operator": "Bane NOR", "passenger_lines": "1", "railway": "rail", "usage": "main", "voltage": "15000", "length_km": 0.008, "maxspeed_kmh": 75.0}}, {"type": "Feature", "geometry": {"type": "LineString", "coordinates": [[10.2896718, 63.0359158], [10.2898401, 63.0360252]]}, "properties": {"electrified": "contact_line", "frequency": "16.67", "gauge": "1435", "maxspeed": "75", "name": "Dovrebanen", "operator": "Bane NOR", "passenger_lines": "1", "railway": "rail", "usage": "main", "voltage": "15000", "length_km": 0.015, "maxspeed_kmh": 75.0}}, {"type": "Feature", "geometry": {"type": "LineString", "coordinates": [[9.1590358, 62.0459233], [9.1587764, 62.0461431], [9.1584338, 62.0464104], [9.1581023, 62.0466451], [9.1579338, 62.0467544], [9.1575894, 62.0469638], [9.1573738, 62.0470868], [9.1571352, 62.0472157], [9.1569593, 62.0473041]]}, "properties": {"electrified": "contact_line", "frequency": "16.67", "gauge": "1435", "maxspeed": "85", "name": "Dovrebanen", "operator": "Bane NOR", "passenger_lines": "1", "railway": "rail", "usage": "main", "voltage": "15000", "length_km": 0.189, "maxspeed_kmh": 85.0}}, {"type": "Feature", "geometry": {"type": "LineString", "coordinates": [[9.1595674, 62.045446], [9.1594908, 62.0455152]]}, "properties": {"bridge": "yes", "electrified": "contact_line", "frequency": "16.67", "gauge": "1435", "maxspeed": "130", "name": "Dovrebanen", "operator": "Bane NOR", "passenger_lines": "1", "railway": "rail", "usage": "main", "voltage": "15000", "length_km": 0.009, "maxspeed_kmh": 130.0}}, {"type": "Feature", "geometry": {"type": "LineString", "coordinates": [[9.1567938, 62.0473873], [9.1567326, 62.0474181], [9.1565157, 62.0475187], [9.1561274, 62.0476875], [9.1553886, 62.0479947], [9.1545429, 62.0483624], [9.1541935, 62.0485326], [9.1540191, 62.0486231], [9.1536679, 62.0488227], [9.153508, 62.0489203], [9.1532665, 62.0490797], [9.1530357, 62.0492422], [9.1529041, 62.0493424], [9.1526611, 62.0495439], [9.1519833, 62.0501546], [9.1517845, 62.0503175], [9.1516391, 62.0504255], [9.1514098, 62.050577], [9.151271, 62.0506579], [9.1509688, 62.0508156], [9.1508118, 62.0508887], [9.150533, 62.0510055], [9.1502018, 62.0511246], [9.1498674, 62.0512268], [9.149682, 62.0512779], [9.1494163, 62.0513441], [9.1490842, 62.0514146], [9.1489091, 62.0514464], [9.1486929, 62.0514857], [9.1480521, 62.0515847], [9.1471961, 62.0517073], [9.1467734, 62.0517726], [9.1461285, 62.0518879], [9.1454971, 62.0520176], [9.1443308, 62.0522915], [9.1437678, 62.0524293], [9.1435355, 62.052488]]}, "properties": {"electrified": "contact_line", "frequency": "16.67", "gauge": "1435", "maxspeed": "85", "name": "Dovrebanen", "operator": "Bane NOR", "passenger_lines": "1", "railway": "rail", "usage": "main", "voltage": "15000", "length_km": 0.928, "maxspeed_kmh": 85.0}}, {"type": "Feature", "geometry": {"type": "LineString", "coordinates": [[9.1569593, 62.0473041], [9.1567938, 62.0473873]]}, "properties": {"bridge": "yes", "electrified": "contact_line", "frequency": "16.67", "gauge": "1435", "maxspeed": "85", "name": "Dovrebanen", "operator": "Bane NOR", "passenger_lines": "1", "railway": "rail", "usage": "main", "voltage": "15000", "length_km": 0.013, "maxspeed_kmh": 85.0}}, {"type": "Feature", "geometry": {"type": "LineString", "coordinates": [[9.1398941, 62.0534824], [9.139699, 62.0535597], [9.1394441, 62.0536716], [9.1393062, 62.0537394], [9.1389666, 62.0539253], [9.1386332, 62.0541295], [9.1377344, 62.0547116], [9.1373976, 62.0549226], [9.1367571, 62.0553124], [9.1362859, 62.0555904], [9.1355986, 62.0559775], [9.1350935, 62.0562525], [9.1345592, 62.0565336], [9.134101, 62.0567666], [9.1337702, 62.056926], [9.1334392, 62.0570777], [9.1330732, 62.0572394], [9.132749, 62.0573766], [9.1320306, 62.0576586], [9.1310457, 62.0580223], [9.1307954, 62.0581206], [9.1305901, 62.0582068], [9.1302679, 62.0583566], [9.1300888, 62.0584516], [9.1299387, 62.0585378], [9.1297117, 62.0586834], [9.1296104, 62.0587567], [9.1295065, 62.0588373], [9.1293369, 62.0589869], [9.1291742, 62.0591583], [9.1290979, 62.0592507], [9.1289567, 62.0594622], [9.1288677, 62.0596382], [9.1288121, 62.059776]]}, "properties": {"electrified": "contact_line", "frequency": "16.67", "gauge": "1435", "maxspeed": "85", "name": "Dovrebanen", "operator": "Bane NOR", "passenger_lines": "1", "railway": "rail", "usage": "main", "voltage": "15000", "length_km": 0.923, "maxspeed_kmh": 85.0}}, {"type": "Feature", "geometry": {"type": "LineString", "coordinates": [[9.1401684, 62.0533847], [9.1400466, 62.053424], [9.1398941, 62.0534824]]}, "properties": {"electrified": "contact_line", "frequency": "16.67", "gauge": "1435", "maxspeed": "85", "name": "Dovrebanen", "operator": "Bane NOR", "passenger_lines": "1", "railway": "rail", "tunnel": "yes", "usage": "main", "voltage": "15000", "length_km": 0.018, "maxspeed_kmh": 85.0}}, {"type": "Feature", "geometry": {"type": "LineString", "coordinates": [[9.1340221, 62.0765761], [9.134072, 62.0766695]]}, "properties": {"bridge": "yes", "electrified": "contact_line", "frequency": "16.67", "gauge": "1435", "maxspeed": "85", "name": "Dovrebanen", "operator": "Bane NOR", "passenger_lines": "1", "railway": "rail", "usage": "main", "voltage": "15000", "length_km": 0.011, "maxspeed_kmh": 85.0}}, {"type": "Feature", "geometry": {"type": "LineString", "coordinates": [[9.13037, 62.0739257], [9.130911, 62.0741449], [9.1313351, 62.0743297], [9.1317135, 62.0745123], [9.1319326, 62.074627], [9.1322062, 62.0747809], [9.1324707, 62.0749465], [9.1326073, 62.0750396], [9.1327872, 62.0751676], [9.1330452, 62.0753719], [9.1332986, 62.0756007], [9.1335072, 62.0758172], [9.1336106, 62.0759391], [9.1337503, 62.0761221], [9.1337988, 62.0761938], [9.1338254, 62.0762331], [9.133881, 62.0763194], [9.1340221, 62.0765761]]}, "properties": {"electrified": "contact_line", "frequency": "16.67", "gauge": "1435", "maxspeed": "85", "name": "Dovrebanen", "operator": "Bane NOR", "passenger_lines": "1", "railway": "rail", "tracks": "1", "usage": "main", "voltage": "15000", "length_km": 0.359, "maxspeed_kmh": 85.0}}, {"type": "Feature", "geometry": {"type": "LineString", "coordinates": [[9.1276002, 62.0620201], [9.127517, 62.062079], [9.1273608, 62.0621781], [9.1271107, 62.0623142], [9.1269717, 62.0623853], [9.126781, 62.0624722], [9.1265643, 62.0625661], [9.125819, 62.0628699], [9.1255826, 62.0629771], [9.1253897, 62.0630683], [9.1252486, 62.0631371]]}, "properties": {"electrified": "contact_line", "frequency": "16.67", "gauge": "1435", "maxspeed": "50", "name": "Dovrebanen", "operator": "Bane NOR", "passenger_lines": "1", "railway": "rail", "usage": "main", "voltage": "15000", "length_km": 0.176, "maxspeed_kmh": 50.0}}, {"type": "Feature", "geometry": {"type": "LineString", "coordinates": [[9.127684, 62.0619604], [9.1276002, 62.0620201]]}, "properties": {"bridge": "yes", "electrified": "contact_line", "frequency": "16.67", "gauge": "1435", "maxspeed": "50", "name": "Dovrebanen", "operator": "Bane NOR", "passenger_lines": "1", "railway": "rail", "usage": "main", "voltage": "15000", "length_km": 0.008, "maxspeed_kmh": 50.0}}, {"type": "Feature", "geometry": {"type": "LineString", "coordinates": [[10.2829121, 63.153306], [10.2830268, 63.153388]]}, "properties": {"bridge": "yes", "electrified": "contact_line", "frequency": "16.67", "gauge": "1435", "maxspeed": "50", "name": "Dovrebanen", "operator": "Bane NOR", "passenger_lines": "1", "railway": "rail", "usage": "main", "voltage": "15000", "length_km": 0.011, "maxspeed_kmh": 50.0}}, {"type": "Feature", "geometry": {"type": "LineString", "coordinates": [[10.2828106, 63.1532376], [10.2828595, 63.15327], [10.2829121, 63.153306]]}, "properties": {"electrified": "contact_line", "frequency": "16.67", "gauge": "1435", "maxspeed": "50", "name": "Dovrebanen", "operator": "Bane NOR", "passenger_lines": "1", "railway": "rail", "usage": "main", "voltage": "15000", "length_km": 0.009, "maxspeed_kmh": 50.0}}, {"type": "Feature", "geometry": {"type": "LineString", "coordinates": [[10.3083782, 63.1833798], [10.3084145, 63.1835574]]}, "properties": {"bridge": "yes", "electrified": "contact_line", "frequency": "16.67", "gauge": "1435", "maxspeed": "120", "name": "Dovrebanen", "operator": "Bane NOR", "passenger_lines": "1", "railway": "rail", "usage": "main", "voltage": "15000", "length_km": 0.02, "maxspeed_kmh": 120.0}}, {"type": "Feature", "geometry": {"type": "LineString", "coordinates": [[10.2989878, 63.1656622], [10.3006327, 63.1688399], [10.3007469, 63.1690437], [10.3009908, 63.1694175], [10.3011454, 63.1696257], [10.301295, 63.1698094], [10.3014743, 63.1700113], [10.3016921, 63.1702363], [10.3020288, 63.1705504], [10.3025483, 63.1709795], [10.3027991, 63.1711776], [10.3030015, 63.1713275], [10.3033423, 63.1715919], [10.3035936, 63.1717958], [10.3040162, 63.1721438], [10.304313, 63.1724092], [10.304757, 63.1728398], [10.3050039, 63.1731012], [10.3053648, 63.1735115], [10.3056266, 63.1738343], [10.3058311, 63.1740967], [10.3060403, 63.1743917], [10.3062067, 63.1746461], [10.3064674, 63.1750945], [10.30671, 63.1755767], [10.3069463, 63.1760953], [10.3071382, 63.1766633], [10.3072144, 63.1769486], [10.3072812, 63.1772619], [10.3074017, 63.1779071], [10.3074599, 63.178268], [10.3075322, 63.1786309], [10.3076361, 63.179242], [10.3077084, 63.1796086], [10.3079022, 63.1807161], [10.3079828, 63.1811326], [10.3080145, 63.181342], [10.3083782, 63.1833798]]}, "properties": {"electrified": "contact_line", "frequency": "16.67", "gauge": "1435", "maxspeed": "120", "name": "Dovrebanen", "operator": "Bane NOR", "passenger_lines": "1", "railway": "rail", "usage": "main", "voltage": "15000", "length_km": 2.054, "maxspeed_kmh": 120.0}}, {"type": "Feature", "geometry": {"type": "LineString", "coordinates": [[10.2833515, 63.2793063], [10.2816204, 63.2806127], [10.2810435, 63.2810546], [10.279243, 63.2824099]]}, "properties": {"electrified": "contact_line", "frequency": "16.67", "gauge": "1435", "maxspeed": "130", "name": "Dovrebanen", "operator": "Bane NOR", "passenger_lines": "1", "railway": "rail", "usage": "main", "voltage": "15000", "length_km": 0.403, "maxspeed_kmh": 130.0}}, {"type": "Feature", "geometry": {"type": "LineString", "coordinates": [[9.5967266, 62.5094354], [9.5970587, 62.5094594], [9.5974243, 62.509494], [9.5976895, 62.5095219], [9.5980078, 62.5095614], [9.5985502, 62.5096432], [9.5988644, 62.5097008], [9.5990547, 62.5097401], [9.5993332, 62.5098012], [9.5997202, 62.5098986], [9.6001438, 62.5100184], [9.6003701, 62.5100913], [9.6006005, 62.5101713], [9.6007803, 62.5102392], [9.6011899, 62.5104072], [9.6013822, 62.5104951], [9.6016992, 62.5106435], [9.6024464, 62.5110166], [9.6035336, 62.5115899], [9.6040489, 62.5118769], [9.6045336, 62.5121556], [9.6051436, 62.5125183], [9.6054087, 62.512683], [9.6059717, 62.5130373], [9.6065632, 62.5134277], [9.6072629, 62.5139096]]}, "properties": {"electrified": "contact_line", "frequency": "16.67", "gauge": "1435", "maxspeed": "95", "name": "Dovrebanen", "operator": "Bane NOR", "passenger_lines": "1", "railway": "rail", "usage": "main", "voltage": "15000", "length_km": 0.76, "maxspeed_kmh": 95.0}}, {"type": "Feature", "geometry": {"type": "LineString", "coordinates": [[9.5952494, 62.5093217], [9.5955067, 62.5093456]]}, "properties": {"electrified": "contact_line", "frequency": "16.67", "gauge": "1435", "maxspeed": "95", "name": "Dovrebanen", "operator": "Bane NOR", "passenger_lines": "1", "railway": "rail", "usage": "main", "voltage": "15000", "length_km": 0.014, "maxspeed_kmh": 95.0}}, {"type": "Feature", "geometry": {"type": "LineString", "coordinates": [[9.6073683, 62.513987], [9.6075978, 62.5141552], [9.6080372, 62.5145022], [9.6082195, 62.514653], [9.6084048, 62.5148167], [9.6086792, 62.5150741], [9.6089108, 62.5153063], [9.6092062, 62.5156283], [9.6093951, 62.5158527], [9.6096195, 62.5161395], [9.6098865, 62.5165285], [9.6101072, 62.5168995], [9.6103174, 62.5173131], [9.6104947, 62.517749], [9.6106157, 62.5181118], [9.6107965, 62.5187033], [9.6110223, 62.5195522], [9.6111153, 62.5199478], [9.6112341, 62.520524], [9.6112673, 62.5207436], [9.6112837, 62.52099]]}, "properties": {"electrified": "contact_line", "frequency": "16.67", "gauge": "1435", "maxspeed": "95", "name": "Dovrebanen", "operator": "Bane NOR", "passenger_lines": "1", "railway": "rail", "usage": "main", "voltage": "15000", "length_km": 0.816, "maxspeed_kmh": 95.0}}, {"type": "Feature", "geometry": {"type": "LineString", "coordinates": [[9.6072629, 62.5139096], [9.6073683, 62.513987]]}, "properties": {"bridge": "yes", "electrified": "contact_line", "frequency": "16.67", "gauge": "1435", "maxspeed": "95", "name": "Dovrebanen", "operator": "Bane NOR", "passenger_lines": "1", "railway": "rail", "usage": "main", "voltage": "15000", "length_km": 0.01, "maxspeed_kmh": 95.0}}, {"type": "Feature", "geometry": {"type": "LineString", "coordinates": [[9.5483127, 61.6956797], [9.5481134, 61.6960839], [9.5479809, 61.696334], [9.5476996, 61.6967916], [9.5471605, 61.6975674], [9.5469922, 61.6978094], [9.5468838, 61.6979722], [9.5467256, 61.6982405], [9.546623, 61.6984724], [9.5465635, 61.6986687], [9.5465245, 61.6988895], [9.5465144, 61.6990995], [9.5465185, 61.6991924], [9.5465431, 61.6993856], [9.5465856, 61.6995659], [9.5466136, 61.699647], [9.5466649, 61.6997794], [9.5467484, 61.69995], [9.5468282, 61.7000891], [9.546909, 61.7002079], [9.5470454, 61.7003839], [9.5472401, 61.7005942], [9.5479112, 61.7012381], [9.5481093, 61.7014411], [9.5482485, 61.7016035], [9.5483953, 61.7017941], [9.5485178, 61.7019771], [9.5486288, 61.7021783], [9.5486802, 61.7022852], [9.5487753, 61.7025259], [9.5488393, 61.7027657], [9.5488726, 61.7029797], [9.5488858, 61.7032009], [9.5488762, 61.7033993], [9.548853, 61.7035723], [9.5488169, 61.7037497], [9.5487267, 61.7040368], [9.5485986, 61.7043106], [9.5485068, 61.7044686], [9.5484104, 61.7046193], [9.5482939, 61.7047792], [9.548106, 61.7050025], [9.5479686, 61.7051448], [9.5476779, 61.7054112], [9.5475038, 61.7055517], [9.5472122, 61.7057689], [9.5470098, 61.7059137], [9.546525, 61.7062392], [9.5457509, 61.7067369], [9.5452707, 61.7070313], [9.5444853, 61.7074967], [9.5437012, 61.7079333], [9.5431452, 61.7082239], [9.5427595, 61.7084117], [9.5423912, 61.7085834], [9.5417557, 61.7088616], [9.541127, 61.7091175], [9.5398671, 61.7095863], [9.5395745, 61.7096998], [9.5391151, 61.7098964], [9.538992, 61.7099536], [9.5387565, 61.7100729], [9.5386275, 61.710143], [9.5383684, 61.7102969], [9.5380928, 61.7104809], [9.537836, 61.7106789], [9.5377365, 61.7107648], [9.5375793, 61.7109132], [9.5373516, 61.7111641], [9.5371544, 61.7114336]]}, "properties": {"electrified": "contact_line", "frequency": "16.67", "gauge": "1435", "maxspeed": "95", "name": "Dovrebanen", "operator": "Bane NOR", "passenger_lines": "1", "railway": "rail", "usage": "main", "voltage": "15000", "length_km": 2.013, "maxspeed_kmh": 95.0}}, {"type": "Feature", "geometry": {"type": "LineString", "coordinates": [[9.5500352, 61.7386834], [9.550035, 61.7387279]]}, "properties": {"bridge": "yes", "electrified": "contact_line", "frequency": "16.67", "gauge": "1435", "maxspeed": "95", "name": "Dovrebanen", "operator": "Bane NOR", "passenger_lines": "1", "railway": "rail", "usage": "main", "voltage": "15000", "length_km": 0.005, "maxspeed_kmh": 95.0}}, {"type": "Feature", "geometry": {"type": "LineString", "coordinates": [[10.1317143, 62.9078908], [10.1318489, 62.9079478]]}, "properties": {"bridge": "yes", "electrified": "contact_line", "frequency": "16.67", "gauge": "1435", "maxspeed": "95", "name": "Dovrebanen", "operator": "Bane NOR", "passenger_lines": "1", "railway": "rail", "usage": "main", "voltage": "15000", "length_km": 0.009, "maxspeed_kmh": 95.0}}, {"type": "Feature", "geometry": {"type": "LineString", "coordinates": [[10.1184597, 62.9029785], [10.1190294, 62.9033104], [10.1193288, 62.9034728], [10.1196444, 62.9036369], [10.1199757, 62.9037999], [10.120307, 62.9039563], [10.1207935, 62.9041728], [10.121093, 62.9043016], [10.1213723, 62.9044157], [10.122329, 62.9047931], [10.1226448, 62.9049145], [10.1238107, 62.9053625], [10.125034, 62.905822], [10.1261248, 62.9062193], [10.1267158, 62.9064214], [10.1272027, 62.9065768], [10.127829, 62.9067621], [10.1284143, 62.9069209]]}, "properties": {"electrified": "contact_line", "frequency": "16.67", "gauge": "1435", "maxspeed": "130", "name": "Dovrebanen", "operator": "Bane NOR", "passenger_lines": "1", "railway": "rail", "usage": "main", "voltage": "15000", "length_km": 0.673, "maxspeed_kmh": 130.0}}, {"type": "Feature", "geometry": {"type": "LineString", "coordinates": [[10.1052248, 62.8877312], [10.1056567, 62.8891785], [10.1058379, 62.8897551], [10.1060874, 62.8904785], [10.1063061, 62.8910211], [10.106647, 62.8917249], [10.1069814, 62.892309], [10.1071533, 62.8925843], [10.1073616, 62.8928937], [10.1075755, 62.8931958], [10.1079885, 62.8937258], [10.1083473, 62.8941524], [10.1087206, 62.89457], [10.1091588, 62.8950367], [10.1096852, 62.895581], [10.1111558, 62.8970935]]}, "properties": {"electrified": "contact_line", "frequency": "16.67", "gauge": "1435", "maxspeed": "130", "name": "Dovrebanen", "operator": "Bane NOR", "passenger_lines": "1", "railway": "rail", "service": "siding", "voltage": "15000", "length_km": 1.093, "maxspeed_kmh": 130.0}}, {"type": "Feature", "geometry": {"type": "LineString", "coordinates": [[10.1049046, 62.886765], [10.1049345, 62.8868394]]}, "properties": {"bridge": "yes", "electrified": "contact_line", "frequency": "16.67", "gauge": "1435", "maxspeed": "130", "name": "Dovrebanen", "operator": "Bane NOR", "passenger_lines": "1", "railway": "rail", "usage": "main", "voltage": "15000", "length_km": 0.008, "maxspeed_kmh": 130.0}}, {"type": "Feature", "geometry": {"type": "LineString", "coordinates": [[10.013053, 62.8243479], [10.0129746, 62.8244229]]}, "properties": {"bridge": "yes", "electrified": "contact_line", "frequency": "16.67", "gauge": "1435", "maxspeed": "85", "name": "Dovrebanen", "operator": "Bane NOR", "passenger_lines": "1", "railway": "rail", "usage": "main", "voltage": "15000", "length_km": 0.009, "maxspeed_kmh": 85.0}}, {"type": "Feature", "geometry": {"type": "LineString", "coordinates": [[10.0296157, 62.8171123], [10.0294188, 62.8170456], [10.0288068, 62.8168529], [10.0284915, 62.8167649], [10.0281193, 62.8166744], [10.0277217, 62.8165945], [10.0272467, 62.8165174], [10.0269707, 62.8164837], [10.0267531, 62.8164616], [10.0265586, 62.8164442], [10.0263104, 62.8164278], [10.0260091, 62.816413], [10.025724, 62.8164067], [10.025385, 62.8164079], [10.0251433, 62.8164136], [10.0248806, 62.8164252], [10.0246065, 62.8164432], [10.0241553, 62.8164864], [10.0238153, 62.8165305], [10.0235191, 62.8165781], [10.0233576, 62.8166066], [10.023006, 62.8166795], [10.0227154, 62.8167492], [10.0224422, 62.8168241], [10.0221863, 62.8169019], [10.0219623, 62.8169778], [10.0216525, 62.8170973], [10.0215273, 62.8171499], [10.0212116, 62.8173022], [10.0211166, 62.8173515], [10.0209161, 62.8174666], [10.0207271, 62.8175885], [10.0204897, 62.8177605], [10.0201809, 62.8180164], [10.0195251, 62.8186007]]}, "properties": {"electrified": "contact_line", "frequency": "16.67", "gauge": "1435", "maxspeed": "85", "name": "Dovrebanen", "operator": "Bane NOR", "passenger_lines": "1", "railway": "rail", "usage": "main", "voltage": "15000", "length_km": 0.645, "maxspeed_kmh": 85.0}}, {"type": "Feature", "geometry": {"type": "LineString", "coordinates": [[10.1318489, 62.9079478], [10.1321728, 62.9080931], [10.1368027, 62.9102293], [10.1372058, 62.910428], [10.1373976, 62.9105314], [10.1376226, 62.9106628], [10.1378305, 62.9107966], [10.1380688, 62.9109711], [10.1382422, 62.9111135], [10.138412, 62.9112689], [10.1386026, 62.9114732], [10.1387552, 62.9116654], [10.1388338, 62.911775], [10.1397105, 62.9131354], [10.1399006, 62.9134077], [10.1400877, 62.9136566], [10.1403288, 62.9139448], [10.1406646, 62.9142991], [10.1409074, 62.9145317], [10.1412093, 62.9147922], [10.1414066, 62.9149445], [10.1416518, 62.9151149], [10.1420044, 62.9153229], [10.1423385, 62.9154928], [10.1425904, 62.9156089], [10.1428897, 62.9157343], [10.144122, 62.9162095], [10.1444267, 62.9163355], [10.144743, 62.9164781], [10.1451165, 62.9166701], [10.1454401, 62.9168645], [10.1456658, 62.9170185], [10.1459052, 62.9172045], [10.1461186, 62.9173958], [10.1462089, 62.9174848], [10.1463816, 62.9176801], [10.146533, 62.9178878], [10.1466185, 62.9180254], [10.1466843, 62.9181513], [10.146747, 62.9183045], [10.1468216, 62.9185469], [10.1468428, 62.9186508], [10.1469269, 62.91924], [10.1469646, 62.9194436], [10.1470291, 62.9196737], [10.1471202, 62.9198921], [10.147177, 62.9200003], [10.1472947, 62.920185], [10.1474556, 62.920394], [10.1476536, 62.9206077], [10.1479209, 62.9208449], [10.1481523, 62.9210216], [10.1482699, 62.9211031], [10.1485131, 62.9212594], [10.1486308, 62.9213294], [10.1488684, 62.9214592], [10.149145, 62.9215959], [10.1492887, 62.9216614], [10.1495881, 62.9217879], [10.1497389, 62.9218453]]}, "properties": {"electrified": "contact_line", "frequency": "16.67", "gauge": "1435", "maxspeed": "95", "name": "Dovrebanen", "operator": "Bane NOR", "passenger_lines": "1", "railway": "rail", "usage": "main", "voltage": "15000", "length_km": 1.85, "maxspeed_kmh": 95.0}}, {"type": "Feature", "geometry": {"type": "LineString", "coordinates": [[10.1798597, 62.9514364], [10.1793728, 62.9522206], [10.1787951, 62.9531027], [10.1786503, 62.9533239], [10.1785319, 62.9535046], [10.1777633, 62.9546595], [10.1775159, 62.9550312], [10.1763237, 62.9568228]]}, "properties": {"electrified": "contact_line", "frequency": "16.67", "gauge": "1435", "maxspeed": "130", "name": "Dovrebanen", "operator": "Bane NOR", "passenger_lines": "1", "railway": "rail", "usage": "main", "voltage": "15000", "length_km": 0.627, "maxspeed_kmh": 130.0}}, {"type": "Feature", "geometry": {"type": "LineString", "coordinates": [[10.1760067, 62.9651616], [10.1759787, 62.9654765], [10.175976, 62.9656753], [10.1760024, 62.9658772], [10.1760702, 62.966097], [10.1761535, 62.9662734], [10.1762198, 62.9663835], [10.1763555, 62.9665662], [10.1765265, 62.9667478], [10.1767733, 62.96696], [10.1769499, 62.9670889], [10.1772304, 62.967266], [10.1775601, 62.9674417], [10.1777782, 62.967542]]}, "properties": {"electrified": "contact_line", "frequency": "16.67", "gauge": "1435", "maxspeed": "85", "name": "Dovrebanen", "operator": "Bane NOR", "passenger_lines": "1", "railway": "rail", "usage": "main", "voltage": "15000", "length_km": 0.291, "maxspeed_kmh": 85.0}}, {"type": "Feature", "geometry": {"type": "LineString", "coordinates": [[10.2393121, 62.987584], [10.2395964, 62.9877817], [10.2397502, 62.987898], [10.2399145, 62.9880443], [10.2400424, 62.9881746], [10.2401777, 62.9883366], [10.240276, 62.9884805], [10.2403412, 62.9885975], [10.2404617, 62.9888851], [10.240582, 62.9892872], [10.2407132, 62.9896537], [10.2408103, 62.9898535], [10.2410056, 62.9901844], [10.2415638, 62.990971], [10.2416654, 62.9911407], [10.2417847, 62.9914075], [10.2418121, 62.9915039], [10.2418517, 62.9917734], [10.2418221, 62.9920556], [10.2417712, 62.9922331], [10.2417063, 62.9923838], [10.2416329, 62.9925183], [10.241522, 62.9926783], [10.2414132, 62.9928082], [10.2412745, 62.9929541], [10.2411318, 62.9930801], [10.2409695, 62.9932097], [10.2407661, 62.9933476], [10.2405894, 62.9934576], [10.2403602, 62.9935836], [10.2401098, 62.9937115], [10.2399246, 62.9937991]]}, "properties": {"electrified": "contact_line", "frequency": "16.67", "gauge": "1435", "maxspeed": "85", "name": "Dovrebanen", "operator": "Bane NOR", "passenger_lines": "1", "railway": "rail", "usage": "main", "voltage": "15000", "length_km": 0.742, "maxspeed_kmh": 85.0}}, {"type": "Feature", "geometry": {"type": "LineString", "coordinates": [[10.239182, 62.9875002], [10.2393121, 62.987584]]}, "properties": {"bridge": "yes", "electrified": "contact_line", "frequency": "16.67", "gauge": "1435", "maxspeed": "85", "name": "Dovrebanen", "operator": "Bane NOR", "passenger_lines": "1", "railway": "rail", "usage": "main", "voltage": "15000", "length_km": 0.011, "maxspeed_kmh": 85.0}}, {"type": "Feature", "geometry": {"type": "LineString", "coordinates": [[10.2358246, 63.0063945], [10.2358702, 63.0064925]]}, "properties": {"bridge": "yes", "electrified": "contact_line", "frequency": "16.67", "gauge": "1435", "maxspeed": "85", "name": "Dovrebanen", "operator": "Bane NOR", "passenger_lines": "1", "railway": "rail", "usage": "main", "voltage": "15000", "length_km": 0.011, "maxspeed_kmh": 85.0}}, {"type": "Feature", "geometry": {"type": "LineString", "coordinates": [[10.2346605, 62.9957674], [10.234403, 62.9958685], [10.234049, 62.9960207], [10.233821, 62.9961279], [10.2334106, 62.9963331], [10.2330767, 62.9965279], [10.2327776, 62.9967149], [10.2325322, 62.9968939], [10.2323256, 62.9970528], [10.2321205, 62.9972282], [10.2319193, 62.9974255], [10.231757, 62.9975996], [10.2316095, 62.9977829], [10.2314767, 62.9979656], [10.2313292, 62.9982079], [10.2312461, 62.998376], [10.2311575, 62.9985708], [10.2310328, 62.9988941], [10.2309604, 62.9991206], [10.230888, 62.9993995], [10.2308518, 62.9995888], [10.2308223, 62.9997727], [10.2308035, 62.999942], [10.2307941, 63.0001325], [10.2307941, 63.0003292], [10.2308129, 63.0005441], [10.2308397, 63.0007073], [10.2308772, 63.0008656], [10.2309322, 63.0010525], [10.2309979, 63.0012236], [10.2310757, 63.0013983], [10.2311602, 63.0015536], [10.2312796, 63.0017569], [10.231411, 63.0019468], [10.2315894, 63.0021794], [10.2318455, 63.0024808], [10.2322599, 63.0029447], [10.2326368, 63.0033519], [10.2328648, 63.0035827], [10.2331236, 63.0038408], [10.2333435, 63.0040575], [10.2336225, 63.0043083], [10.2338307, 63.0044796], [10.2340959, 63.0046845], [10.2344097, 63.0049189], [10.2344808, 63.0049712]]}, "properties": {"electrified": "contact_line", "frequency": "16.67", "gauge": "1435", "maxspeed": "105", "name": "Dovrebanen", "operator": "Bane NOR", "passenger_lines": "1", "railway": "rail", "usage": "main", "voltage": "15000", "length_km": 1.12, "maxspeed_kmh": 105.0}}, {"type": "Feature", "geometry": {"type": "LineString", "coordinates": [[10.2710554, 63.0332648], [10.2715074, 63.0333706], [10.2719244, 63.0334509], [10.272371, 63.0335251], [10.2727801, 63.0335871], [10.2731596, 63.0336339], [10.2736451, 63.033682], [10.2741775, 63.0337282], [10.2748467, 63.0337726], [10.2763166, 63.0338638], [10.277891, 63.0339641], [10.2787144, 63.0340219], [10.2794091, 63.0340766], [10.280136, 63.0341375], [10.2814396, 63.0342713], [10.2824441, 63.0343856], [10.2832206, 63.0344835], [10.2844222, 63.0346513], [10.285386, 63.034798], [10.2864861, 63.0349809], [10.2871218, 63.0350934]]}, "properties": {"electrified": "contact_line", "frequency": "16.67", "gauge": "1435", "maxspeed": "100", "name": "Dovrebanen", "operator": "Bane NOR", "passenger_lines": "1", "railway": "rail", "usage": "main", "voltage": "15000", "length_km": 0.842, "maxspeed_kmh": 100.0}}, {"type": "Feature", "geometry": {"type": "LineString", "coordinates": [[10.2707966, 63.0331991], [10.2710554, 63.0332648]]}, "properties": {"bridge": "yes", "electrified": "contact_line", "frequency": "16.67", "gauge": "1435", "maxspeed": "100", "name": "Dovrebanen", "operator": "Bane NOR", "passenger_lines": "1", "railway": "rail", "usage": "main", "voltage": "15000", "length_km": 0.015, "maxspeed_kmh": 100.0}}, {"type": "Feature", "geometry": {"type": "LineString", "coordinates": [[10.2847833, 63.0500992], [10.285082, 63.0509476], [10.2852476, 63.0514384], [10.2852936, 63.0515564], [10.2855594, 63.0523072], [10.2858459, 63.0531254], [10.2861321, 63.0539384], [10.2865264, 63.0550608], [10.2868831, 63.0560732], [10.2870635, 63.0566004], [10.2870964, 63.056717], [10.2871281, 63.0568545], [10.2871419, 63.0570856], [10.2871647, 63.0572092], [10.2871818, 63.0572758], [10.2872037, 63.057346]]}, "properties": {"electrified": "contact_line", "frequency": "16.67", "gauge": "1435", "maxspeed": "40", "name": "Dovrebanen", "passenger_lines": "1", "railway": "rail", "usage": "main", "voltage": "15000", "length_km": 0.817, "maxspeed_kmh": 40.0}}, {"type": "Feature", "geometry": {"type": "LineString", "coordinates": [[10.2847833, 63.0500992], [10.2847005, 63.0498575], [10.284673, 63.0497861], [10.2846532, 63.0497346], [10.2846294, 63.0496697], [10.2845985, 63.0495974], [10.2845339, 63.0494779], [10.2844262, 63.0493044], [10.2843511, 63.0491692], [10.2843142, 63.0490926], [10.28428, 63.049007]]}, "properties": {"electrified": "contact_line", "frequency": "16.67", "gauge": "1435", "maxspeed": "40", "name": "Dovrebanen", "passenger_lines": "1", "railway": "rail", "service": "siding", "usage": "main", "voltage": "15000", "length_km": 0.125, "maxspeed_kmh": 40.0}}, {"type": "Feature", "geometry": {"type": "LineString", "coordinates": [[9.7066723, 62.5959927], [9.7157789, 62.5979501]]}, "properties": {"electrified": "contact_line", "frequency": "16.67", "gauge": "1435", "maxspeed": "130", "name": "Dovrebanen", "operator": "Bane NOR", "passenger_lines": "1", "railway": "rail", "usage": "main", "voltage": "15000", "length_km": 0.516, "maxspeed_kmh": 130.0}}, {"type": "Feature", "geometry": {"type": "LineString", "coordinates": [[9.7864265, 62.6295816], [9.8151145, 62.6383717], [9.8237062, 62.6410037], [9.8353165, 62.6445597], [9.8359823, 62.6447565], [9.8366126, 62.6449293], [9.8372635, 62.6450938], [9.8379123, 62.6452462], [9.8387316, 62.6454193], [9.8395146, 62.6455681], [9.839979, 62.6456483], [9.8407686, 62.6457709], [9.8412007, 62.6458323], [9.842038, 62.6459378], [9.8427608, 62.6460151], [9.8437193, 62.6460993], [9.8443862, 62.6461449], [9.8458208, 62.6462286], [9.8640233, 62.6472542], [9.8660283, 62.64737], [9.8668156, 62.6474229], [9.8673569, 62.6474653], [9.8681956, 62.6475458], [9.8690974, 62.647651], [9.8697052, 62.647733], [9.8702344, 62.6478113], [9.8709641, 62.647932], [9.8714866, 62.6480264], [9.8719918, 62.6481249], [9.8726391, 62.6482616], [9.8731024, 62.6483669], [9.8736811, 62.6485069], [9.8739942, 62.648587], [9.8745122, 62.6487273], [9.8752448, 62.6489407], [9.8757065, 62.6490823], [9.8759358, 62.649154], [9.8762081, 62.6492477], [9.8763589, 62.649301], [9.8769584, 62.6495194], [9.8776169, 62.6497807], [9.8780836, 62.6499803], [9.878545, 62.6501836], [9.8788749, 62.6503383], [9.8792168, 62.6505071], [9.8795575, 62.6506833], [9.8798686, 62.6508564], [9.8801731, 62.6510333], [9.8804091, 62.6511793], [9.880612, 62.6513122], [9.8809147, 62.6515268], [9.8812594, 62.6517831], [9.8823361, 62.6525931], [9.8827992, 62.6529451], [9.8834984, 62.6534673], [9.8846646, 62.6543486], [9.8853545, 62.6548613], [9.8854027, 62.6549007]]}, "properties": {"electrified": "contact_line", "frequency": "16.67", "gauge": "1435", "maxspeed": "120", "name": "Dovrebanen", "operator": "Bane NOR", "passenger_lines": "1", "railway": "rail", "usage": "main", "voltage": "15000", "length_km": 5.998, "maxspeed_kmh": 120.0}}, {"type": "Feature", "geometry": {"type": "LineString", "coordinates": [[9.7862247, 62.6295199], [9.7864265, 62.6295816]]}, "properties": {"bridge": "yes", "electrified": "contact_line", "frequency": "16.67", "gauge": "1435", "maxspeed": "120", "name": "Dovrebanen", "operator": "Bane NOR", "passenger_lines": "1", "railway": "rail", "usage": "main", "voltage": "15000", "length_km": 0.012, "maxspeed_kmh": 120.0}}, {"type": "Feature", "geometry": {"type": "LineString", "coordinates": [[9.8854027, 62.6549007], [9.8854931, 62.6549693]]}, "properties": {"bridge": "yes", "electrified": "contact_line", "frequency": "16.67", "gauge": "1435", "maxspeed": "120", "name": "Dovrebanen", "operator": "Bane NOR", "passenger_lines": "1", "railway": "rail", "usage": "main", "voltage": "15000", "length_km": 0.009, "maxspeed_kmh": 120.0}}, {"type": "Feature", "geometry": {"type": "LineString", "coordinates": [[9.9853626, 62.7509164], [9.9853914, 62.7510198]]}, "properties": {"bridge": "yes", "electrified": "contact_line", "frequency": "16.67", "gauge": "1435", "maxspeed": "110", "name": "Dovrebanen", "operator": "Bane NOR", "passenger_lines": "1", "railway": "rail", "usage": "main", "voltage": "15000", "length_km": 0.012, "maxspeed_kmh": 110.0}}, {"type": "Feature", "geometry": {"type": "LineString", "coordinates": [[9.9872148, 62.7529592], [9.9876235, 62.7531224]]}, "properties": {"electrified": "contact_line", "frequency": "16.67", "gauge": "1435", "maxspeed": "85", "name": "Dovrebanen", "operator": "Bane NOR", "passenger_lines": "1", "railway": "rail", "tunnel": "yes", "usage": "main", "voltage": "15000", "length_km": 0.028, "maxspeed_kmh": 85.0}}, {"type": "Feature", "geometry": {"type": "LineString", "coordinates": [[9.9856326, 62.7517043], [9.985695, 62.751809], [9.9858468, 62.7520156], [9.9860126, 62.75219], [9.9860922, 62.752265], [9.9862463, 62.7523931], [9.9865109, 62.7525835], [9.9867652, 62.7527346], [9.9870113, 62.7528645], [9.9872148, 62.7529592]]}, "properties": {"electrified": "contact_line", "frequency": "16.67", "gauge": "1435", "maxspeed": "85", "name": "Dovrebanen", "operator": "Bane NOR", "passenger_lines": "1", "railway": "rail", "usage": "main", "voltage": "15000", "length_km": 0.164, "maxspeed_kmh": 85.0}}, {"type": "Feature", "geometry": {"type": "LineString", "coordinates": [[9.9957259, 62.7587776], [9.9957079, 62.7591142], [9.9957503, 62.7594518], [9.9958916, 62.7599417]]}, "properties": {"electrified": "contact_line", "frequency": "16.67", "gauge": "1435", "maxspeed": "85", "name": "Dovrebanen", "operator": "Bane NOR", "passenger_lines": "1", "railway": "rail", "tunnel": "yes", "usage": "main", "voltage": "15000", "length_km": 0.13, "maxspeed_kmh": 85.0}}, {"type": "Feature", "geometry": {"type": "LineString", "coordinates": [[9.9958916, 62.7599417], [9.9959263, 62.7601244], [9.9959672, 62.7603806], [9.9959712, 62.7605261], [9.9959635, 62.760647], [9.9959138, 62.7608697], [9.9958294, 62.761073], [9.9957565, 62.7612061], [9.9955886, 62.76146], [9.9952949, 62.7618443], [9.9949582, 62.762268], [9.9945944, 62.7627113], [9.9944752, 62.7628488], [9.9942508, 62.7630881], [9.9940301, 62.7632978], [9.9938173, 62.7634771], [9.9936693, 62.763593], [9.9932636, 62.763888], [9.9927657, 62.7642314], [9.9924689, 62.7644503], [9.9922869, 62.7645963], [9.9921226, 62.7647418], [9.9919145, 62.7649496], [9.9918187, 62.7650598], [9.9916862, 62.7652375], [9.9916047, 62.7653646], [9.9915263, 62.7655157], [9.9914541, 62.7656749], [9.9913835, 62.7658943], [9.9913261, 62.7661344], [9.9912893, 62.7663338], [9.9911138, 62.7673893], [9.9910697, 62.7676045], [9.9910059, 62.7678174], [9.9909175, 62.7680195], [9.9908305, 62.7681818], [9.9907442, 62.768312], [9.990651, 62.7684363], [9.9904682, 62.7686466], [9.9903115, 62.7688102]]}, "properties": {"electrified": "contact_line", "frequency": "16.67", "gauge": "1435", "maxspeed": "85", "name": "Dovrebanen", "operator": "Bane NOR", "passenger_lines": "1", "railway": "rail", "usage": "main", "voltage": "15000", "length_km": 1.047, "maxspeed_kmh": 85.0}}, {"type": "Feature", "geometry": {"type": "LineString", "coordinates": [[9.9896997, 62.7712067], [9.9897393, 62.7713863], [9.9897353, 62.77163], [9.9897142, 62.7717837], [9.9896594, 62.771977], [9.9896052, 62.7721019], [9.9895107, 62.7722688], [9.9894382, 62.7723815], [9.9893395, 62.772517], [9.9891003, 62.7728198], [9.9889211, 62.7730623], [9.9888055, 62.7732556], [9.988746, 62.7733699], [9.9886774, 62.7735842], [9.9886535, 62.7737177], [9.9886453, 62.7738731], [9.9886556, 62.7740629], [9.9886736, 62.7741432], [9.9887247, 62.7743301], [9.9887828, 62.7744721], [9.988865, 62.7746403], [9.9890625, 62.7749352]]}, "properties": {"electrified": "contact_line", "frequency": "16.67", "gauge": "1435", "maxspeed": "80", "name": "Dovrebanen", "operator": "Bane NOR", "passenger_lines": "1", "railway": "rail", "usage": "main", "voltage": "15000", "length_km": 0.426, "maxspeed_kmh": 80.0}}, {"type": "Feature", "geometry": {"type": "LineString", "coordinates": [[9.9896266, 62.7709429], [9.9896997, 62.7712067]]}, "properties": {"electrified": "contact_line", "frequency": "16.67", "gauge": "1435", "maxspeed": "80", "name": "Dovrebanen", "operator": "Bane NOR", "passenger_lines": "1", "railway": "rail", "tunnel": "yes", "usage": "main", "voltage": "15000", "length_km": 0.03, "maxspeed_kmh": 80.0}}, {"type": "Feature", "geometry": {"type": "LineString", "coordinates": [[9.9891832, 62.7785792], [9.989467, 62.7789091], [9.989631, 62.7790716], [9.9897885, 62.7792162], [9.9899699, 62.7793624], [9.9906474, 62.7798706], [9.9910279, 62.7801791], [9.991228, 62.7803529], [9.9935551, 62.7825359], [9.9937426, 62.7826973], [9.9939322, 62.782849], [9.9940197, 62.7829166], [9.9942605, 62.7830829], [9.9945254, 62.7832444], [9.9947764, 62.7833808], [9.9950542, 62.7835181], [9.9953354, 62.7836426], [9.9956038, 62.7837498], [9.995926, 62.7838677], [9.9969476, 62.7842175], [9.9973689, 62.7843705], [9.9977337, 62.7845166], [9.9980693, 62.7846688], [9.9982471, 62.7847583], [9.9986186, 62.7849678], [9.9996284, 62.7856117], [9.999963, 62.7858074], [10.0003467, 62.786009], [10.0006108, 62.7861363], [10.0010046, 62.7863054], [10.0012837, 62.7864143], [10.0016003, 62.7865311], [10.0024482, 62.7868191], [10.0031471, 62.787069], [10.0034758, 62.7872025], [10.0036408, 62.7872764], [10.0038749, 62.7873929], [10.0041401, 62.7875427], [10.0042679, 62.7876233], [10.0045232, 62.7878092], [10.0047266, 62.7879843], [10.0048881, 62.7881521], [10.0050528, 62.7883481], [10.0054141, 62.7888384], [10.0056038, 62.789073], [10.0058249, 62.7892898], [10.0059438, 62.7893897], [10.0060743, 62.7894935], [10.0061873, 62.7895705], [10.0064693, 62.7897462], [10.0065994, 62.7898177], [10.006765, 62.7899027], [10.0069821, 62.790002], [10.0073106, 62.7901345], [10.0076728, 62.7902626], [10.0079093, 62.7903354], [10.0082555, 62.7904271], [10.0085557, 62.790497], [10.008836, 62.7905528], [10.0092307, 62.7906193], [10.0093714, 62.7906396], [10.009682, 62.7906778], [10.0098408, 62.7906934], [10.0102326, 62.7907252], [10.010451, 62.7907389], [10.0111159, 62.7907707], [10.0120739, 62.7908083], [10.0124587, 62.7908325], [10.0128534, 62.7908682], [10.0133129, 62.790924], [10.0136963, 62.7909845], [10.0140496, 62.791054], [10.0142146, 62.7910914], [10.014531, 62.7911709], [10.0148161, 62.7912541], [10.0150411, 62.7913262], [10.0152157, 62.7913872], [10.0155153, 62.791501], [10.0164049, 62.7918528], [10.016721, 62.7919681], [10.0171552, 62.7921037], [10.0174791, 62.7921887], [10.0176423, 62.7922264], [10.0180991, 62.7923159]]}, "properties": {"electrified": "contact_line", "frequency": "16.67", "gauge": "1435", "maxspeed": "85", "name": "Dovrebanen", "operator": "Bane NOR", "passenger_lines": "1", "railway": "rail", "usage": "main", "voltage": "15000", "length_km": 2.23, "maxspeed_kmh": 85.0}}, {"type": "Feature", "geometry": {"type": "LineString", "coordinates": [[9.9890966, 62.7773822], [9.9889549, 62.777628], [9.988881, 62.7778323], [9.9888718, 62.7781055], [9.9889969, 62.7783413], [9.9891832, 62.7785792]]}, "properties": {"electrified": "contact_line", "frequency": "16.67", "gauge": "1435", "maxspeed": "85", "name": "Dovrebanen", "operator": "Bane NOR", "passenger_lines": "1", "railway": "rail", "tunnel": "yes", "usage": "main", "voltage": "15000", "length_km": 0.137, "maxspeed_kmh": 85.0}}, {"type": "Feature", "geometry": {"type": "LineString", "coordinates": [[10.0188997, 62.7924346], [10.019339, 62.7924725], [10.0197801, 62.7924944], [10.0202938, 62.7925024], [10.0205787, 62.792498], [10.0210293, 62.7924778], [10.0215053, 62.7924433], [10.0223392, 62.7923714], [10.0227213, 62.7923432], [10.0229048, 62.7923321], [10.0232396, 62.7923189], [10.0235437, 62.7923135], [10.023954, 62.7923191], [10.0241589, 62.7923258], [10.024545, 62.7923496], [10.0249507, 62.7923871], [10.0254256, 62.7924486], [10.0255805, 62.792473], [10.0259031, 62.7925316], [10.0262602, 62.792608], [10.0263873, 62.7926379], [10.0266677, 62.7927124], [10.027087, 62.7928408], [10.0273421, 62.792932], [10.0275997, 62.7930363], [10.0277287, 62.7930934], [10.0280479, 62.7932509], [10.0283239, 62.7934128], [10.0284378, 62.7934871], [10.0286247, 62.7936223], [10.0288776, 62.7938351], [10.0290404, 62.7940124], [10.0291176, 62.7941055], [10.0291943, 62.7942153], [10.0293081, 62.794407], [10.0294041, 62.7946531], [10.0294431, 62.7948594], [10.0294481, 62.7951096], [10.0294246, 62.7952611], [10.0293789, 62.795419], [10.0292745, 62.7956581], [10.0291799, 62.7958122], [10.0291074, 62.79592], [10.028683, 62.7964964], [10.028618, 62.7965969], [10.0285363, 62.7967449], [10.0284878, 62.7968527], [10.0284319, 62.7970175], [10.0283992, 62.7972216], [10.0283945, 62.7973205], [10.0284118, 62.7975312], [10.0284706, 62.7977565], [10.0285602, 62.7979573], [10.0286684, 62.7981369], [10.0287192, 62.7982091], [10.0289347, 62.7984518], [10.029013, 62.7985268], [10.0291846, 62.7986725], [10.0293684, 62.798809], [10.0295935, 62.7989557], [10.029823, 62.7990863], [10.0301005, 62.7992219], [10.030446, 62.7993711], [10.0307503, 62.7994822], [10.0310634, 62.7995823], [10.0312112, 62.7996252], [10.0315749, 62.7997185], [10.0320439, 62.7998168], [10.0324426, 62.799884], [10.0326843, 62.7999164], [10.0329224, 62.7999444], [10.0332803, 62.7999784], [10.0336218, 62.7999994], [10.0340268, 62.8000165], [10.0349343, 62.8000386], [10.0355385, 62.8000594], [10.0359024, 62.8000794], [10.0362924, 62.8001131], [10.0366153, 62.8001497], [10.0370081, 62.8002105], [10.0372106, 62.800247], [10.0376413, 62.8003384], [10.0380966, 62.8004584], [10.0382569, 62.8005059], [10.0386584, 62.8006429], [10.0388774, 62.8007282], [10.0391259, 62.8008355], [10.0392569, 62.8008984], [10.0395276, 62.801039], [10.0396417, 62.8011048], [10.0398528, 62.8012395], [10.0400596, 62.8013921], [10.0401571, 62.8014716], [10.040321, 62.8016247], [10.0404745, 62.8017954], [10.040591, 62.8019522], [10.040716, 62.80217], [10.0407803, 62.8023379], [10.0408282, 62.802523], [10.0408415, 62.8026318], [10.0408463, 62.8028117], [10.0408317, 62.8029495], [10.0408184, 62.8030288], [10.0407755, 62.8031944], [10.0407255, 62.8033285], [10.0406164, 62.803561], [10.0404782, 62.803784], [10.0403007, 62.8040089], [10.0401609, 62.8041638], [10.0400003, 62.8043165], [10.0399111, 62.8043933], [10.0397142, 62.8045568], [10.0395244, 62.8047027], [10.0386808, 62.805329], [10.0383424, 62.8055896], [10.0380854, 62.8057999], [10.0378423, 62.8060137], [10.037433, 62.8064059], [10.0372344, 62.8066165], [10.0369486, 62.8069446], [10.0365404, 62.8074731], [10.0362498, 62.8078903], [10.0361058, 62.8081114], [10.0359323, 62.8083993], [10.0357571, 62.8087113], [10.0355917, 62.8090345], [10.0353791, 62.8095032], [10.03526, 62.8098055], [10.0351624, 62.8100792], [10.035031, 62.8105121], [10.0349929, 62.8106724], [10.0349597, 62.8108897], [10.0349514, 62.8110433], [10.0349556, 62.8112299], [10.0349804, 62.811407], [10.0350543, 62.811682], [10.0351008, 62.8117938], [10.0352095, 62.812012], [10.0353969, 62.8122984], [10.0356108, 62.8125687], [10.0370784, 62.814224]]}, "properties": {"electrified": "contact_line", "frequency": "16.67", "gauge": "1435", "maxspeed": "85", "name": "Dovrebanen", "operator": "Bane NOR", "passenger_lines": "1", "railway": "rail", "usage": "main", "voltage": "15000", "length_km": 3.316, "maxspeed_kmh": 85.0}}, {"type": "Feature", "geometry": {"type": "LineString", "coordinates": [[10.0180991, 62.7923159], [10.0183818, 62.7923674], [10.018565, 62.7923937], [10.0188997, 62.7924346]]}, "properties": {"electrified": "contact_line", "frequency": "16.67", "gauge": "1435", "maxspeed": "85", "name": "Dovrebanen", "operator": "Bane NOR", "passenger_lines": "1", "railway": "rail", "tunnel": "yes", "usage": "main", "voltage": "15000", "length_km": 0.043, "maxspeed_kmh": 85.0}}, {"type": "Feature", "geometry": {"type": "LineString", "coordinates": [[10.0195251, 62.8186007], [10.0175952, 62.8203168], [10.0170505, 62.8208034], [10.0155259, 62.822157], [10.0152258, 62.8224229], [10.0145373, 62.8230331], [10.0132839, 62.8241427]]}, "properties": {"electrified": "contact_line", "frequency": "16.67", "gauge": "1435", "maxspeed": "85", "name": "Dovrebanen", "operator": "Bane NOR", "passenger_lines": "1", "railway": "rail", "usage": "main", "voltage": "15000", "length_km": 0.695, "maxspeed_kmh": 85.0}}, {"type": "Feature", "geometry": {"type": "LineString", "coordinates": [[9.9842763, 62.7469528], [9.9843918, 62.7473572], [9.9844402, 62.7475321], [9.9846981, 62.7484654], [9.9849082, 62.7492477], [9.9853276, 62.7507882], [9.9853626, 62.7509164]]}, "properties": {"electrified": "contact_line", "frequency": "16.67", "gauge": "1435", "maxspeed": "110", "name": "Dovrebanen", "operator": "Bane NOR", "passenger_lines": "1", "railway": "rail", "usage": "main", "voltage": "15000", "length_km": 0.445, "maxspeed_kmh": 110.0}}, {"type": "Feature", "geometry": {"type": "LineString", "coordinates": [[9.6344861, 62.4163101], [9.6344586, 62.416382]]}, "properties": {"bridge": "yes", "electrified": "contact_line", "frequency": "16.67", "gauge": "1435", "maxspeed": "120", "name": "Dovrebanen", "operator": "Bane NOR", "passenger_lines": "1", "railway": "rail", "usage": "main", "voltage": "15000", "length_km": 0.008, "maxspeed_kmh": 120.0}}, {"type": "Feature", "geometry": {"type": "LineString", "coordinates": [[9.6349561, 62.4131957], [9.6349856, 62.4133957], [9.6349989, 62.4135187], [9.6350057, 62.4136478], [9.6350098, 62.4138292], [9.6349977, 62.4139763], [9.6349682, 62.4142303], [9.634932, 62.4144589], [9.6348689, 62.4148017], [9.6348234, 62.4150094], [9.6348079, 62.4150756], [9.6346718, 62.4156773], [9.6345685, 62.4160571], [9.6344861, 62.4163101]]}, "properties": {"electrified": "contact_line", "frequency": "16.67", "gauge": "1435", "maxspeed": "120", "name": "Dovrebanen", "operator": "Bane NOR", "passenger_lines": "1", "railway": "rail", "usage": "main", "voltage": "15000", "length_km": 0.349, "maxspeed_kmh": 120.0}}, {"type": "Feature", "geometry": {"type": "LineString", "coordinates": [[9.5861104, 62.4914514], [9.5861413, 62.4915375]]}, "properties": {"bridge": "yes", "electrified": "contact_line", "frequency": "16.67", "gauge": "1435", "maxspeed": "125", "name": "Dovrebanen", "operator": "Bane NOR", "passenger_lines": "1", "railway": "rail", "usage": "main", "voltage": "15000", "length_km": 0.01, "maxspeed_kmh": 125.0}}, {"type": "Feature", "geometry": {"type": "LineString", "coordinates": [[9.5810845, 62.4837572], [9.5831738, 62.4859072], [9.5837433, 62.486506], [9.5839579, 62.4867517], [9.584077, 62.4868977], [9.584276, 62.4871555], [9.5843786, 62.487302], [9.5845707, 62.4875979], [9.5846923, 62.4878042], [9.5848777, 62.4881631], [9.584996, 62.4884304], [9.5851235, 62.4887574], [9.5861104, 62.4914514]]}, "properties": {"electrified": "contact_line", "frequency": "16.67", "gauge": "1435", "maxspeed": "125", "name": "Dovrebanen", "operator": "Bane NOR", "passenger_lines": "1", "railway": "rail", "usage": "main", "voltage": "15000", "length_km": 0.902, "maxspeed_kmh": 125.0}}, {"type": "Feature", "geometry": {"type": "LineString", "coordinates": [[9.6138316, 62.5274181], [9.6139538, 62.5274953]]}, "properties": {"bridge": "yes", "electrified": "contact_line", "frequency": "16.67", "gauge": "1435", "maxspeed": "85", "name": "Dovrebanen", "operator": "Bane NOR", "passenger_lines": "1", "railway": "rail", "usage": "main", "voltage": "15000", "length_km": 0.011, "maxspeed_kmh": 85.0}}, {"type": "Feature", "geometry": {"type": "LineString", "coordinates": [[9.6112837, 62.52099], [9.6112745, 62.5211997], [9.6112493, 62.5213437], [9.6112025, 62.5215153], [9.6109298, 62.5222388], [9.6108529, 62.5225073], [9.6108328, 62.522623], [9.6108105, 62.5228501], [9.6108196, 62.5230484], [9.6108354, 62.5231483], [9.6108845, 62.5233644], [9.610925, 62.5234839], [9.6110268, 62.5237293], [9.6112764, 62.5242567], [9.6117051, 62.5251066], [9.6120168, 62.5256789], [9.6121679, 62.5259153], [9.6122467, 62.5260241], [9.612406, 62.5262303], [9.6126092, 62.5264591], [9.6128678, 62.5267048], [9.61304, 62.5268497], [9.6132484, 62.5270139], [9.6134612, 62.5271679], [9.6138316, 62.5274181]]}, "properties": {"electrified": "contact_line", "frequency": "16.67", "gauge": "1435", "maxspeed": "85", "name": "Dovrebanen", "operator": "Bane NOR", "passenger_lines": "1", "railway": "rail", "usage": "main", "voltage": "15000", "length_km": 0.748, "maxspeed_kmh": 85.0}}, {"type": "Feature", "geometry": {"type": "LineString", "coordinates": [[9.6313429, 62.5314571], [9.6314475, 62.5315265]]}, "properties": {"bridge": "yes", "electrified": "contact_line", "frequency": "16.67", "gauge": "1435", "maxspeed": "85", "name": "Dovrebanen", "operator": "Bane NOR", "passenger_lines": "1", "railway": "rail", "usage": "main", "voltage": "15000", "length_km": 0.009, "maxspeed_kmh": 85.0}}, {"type": "Feature", "geometry": {"type": "LineString", "coordinates": [[9.6298941, 62.5308122], [9.6301074, 62.5308886], [9.6303215, 62.5309684], [9.6306159, 62.5310852], [9.6309186, 62.5312232], [9.6311975, 62.5313694], [9.6313429, 62.5314571]]}, "properties": {"electrified": "contact_line", "frequency": "16.67", "gauge": "1435", "maxspeed": "85", "name": "Dovrebanen", "operator": "Bane NOR", "passenger_lines": "1", "railway": "rail", "usage": "main", "voltage": "15000", "length_km": 0.104, "maxspeed_kmh": 85.0}}, {"type": "Feature", "geometry": {"type": "LineString", "coordinates": [[9.6357286, 62.5376529], [9.6357876, 62.5377442]]}, "properties": {"bridge": "yes", "electrified": "contact_line", "frequency": "16.67", "gauge": "1435", "maxspeed": "100", "name": "Dovrebanen", "operator": "Bane NOR", "passenger_lines": "1", "railway": "rail", "usage": "main", "voltage": "15000", "length_km": 0.011, "maxspeed_kmh": 100.0}}, {"type": "Feature", "geometry": {"type": "LineString", "coordinates": [[9.6324824, 62.5326378], [9.6347889, 62.5362014], [9.634997, 62.536523], [9.6357286, 62.5376529]]}, "properties": {"electrified": "contact_line", "frequency": "16.67", "gauge": "1435", "maxspeed": "100", "name": "Dovrebanen", "operator": "Bane NOR", "passenger_lines": "1", "railway": "rail", "usage": "main", "voltage": "15000", "length_km": 0.584, "maxspeed_kmh": 100.0}}, {"type": "Feature", "geometry": {"type": "LineString", "coordinates": [[9.6504526, 62.5590051], [9.6506128, 62.5590926], [9.6509844, 62.5593269], [9.6510869, 62.5593996], [9.6513003, 62.5595618], [9.6515409, 62.5597578], [9.6517909, 62.5599788], [9.6521868, 62.5603464], [9.6527254, 62.5608564], [9.6532789, 62.5614001], [9.6535191, 62.5616472], [9.6537674, 62.5619321], [9.653909, 62.5621132], [9.6540861, 62.5623731], [9.6542272, 62.5626109]]}, "properties": {"electrified": "contact_line", "frequency": "16.67", "gauge": "1435", "maxspeed": "100", "name": "Dovrebanen", "operator": "Bane NOR", "passenger_lines": "1", "railway": "rail", "usage": "main", "voltage": "15000", "length_km": 0.449, "maxspeed_kmh": 100.0}}, {"type": "Feature", "geometry": {"type": "LineString", "coordinates": [[9.6503246, 62.5589346], [9.6504526, 62.5590051]]}, "properties": {"bridge": "yes", "electrified": "contact_line", "frequency": "16.67", "gauge": "1435", "maxspeed": "100", "name": "Dovrebanen", "operator": "Bane NOR", "passenger_lines": "1", "railway": "rail", "usage": "main", "voltage": "15000", "length_km": 0.01, "maxspeed_kmh": 100.0}}, {"type": "Feature", "geometry": {"type": "LineString", "coordinates": [[9.6553704, 62.5643419], [9.6554495, 62.5644358]]}, "properties": {"bridge": "yes", "electrified": "contact_line", "frequency": "16.67", "gauge": "1435", "maxspeed": "130", "name": "Dovrebanen", "operator": "Bane NOR", "passenger_lines": "1", "railway": "rail", "usage": "main", "voltage": "15000", "length_km": 0.011, "maxspeed_kmh": 130.0}}, {"type": "Feature", "geometry": {"type": "LineString", "coordinates": [[9.6542272, 62.5626109], [9.654638, 62.5633045], [9.654871, 62.5636741], [9.6550386, 62.5639146], [9.6551228, 62.5640306], [9.6553704, 62.5643419]]}, "properties": {"electrified": "contact_line", "frequency": "16.67", "gauge": "1435", "maxspeed": "130", "name": "Dovrebanen", "operator": "Bane NOR", "passenger_lines": "1", "railway": "rail", "usage": "main", "voltage": "15000", "length_km": 0.202, "maxspeed_kmh": 130.0}}, {"type": "Feature", "geometry": {"type": "LineString", "coordinates": [[9.5855797, 62.2791589], [9.5857218, 62.2792144]]}, "properties": {"bridge": "yes", "electrified": "contact_line", "frequency": "16.67", "gauge": "1435", "maxspeed": "110", "name": "Dovrebanen", "operator": "Bane NOR", "passenger_lines": "1", "railway": "rail", "usage": "main", "voltage": "15000", "length_km": 0.01, "maxspeed_kmh": 110.0}}, {"type": "Feature", "geometry": {"type": "LineString", "coordinates": [[9.5817089, 62.2767931], [9.5817525, 62.2768533], [9.5818075, 62.276923], [9.5819067, 62.2770454], [9.5821472, 62.2772966], [9.5822726, 62.2774138], [9.582542, 62.2776405], [9.5826945, 62.2777563], [9.5830341, 62.2779888], [9.5831711, 62.2780736], [9.5834543, 62.2782378], [9.5837599, 62.2783989], [9.5839548, 62.2784939], [9.5843182, 62.2786576], [9.5847272, 62.2788263], [9.5855797, 62.2791589]]}, "properties": {"electrified": "contact_line", "frequency": "16.67", "gauge": "1435", "maxspeed": "110", "name": "Dovrebanen", "operator": "Bane NOR", "passenger_lines": "1", "railway": "rail", "usage": "main", "voltage": "15000", "length_km": 0.337, "maxspeed_kmh": 110.0}}, {"type": "Feature", "geometry": {"type": "LineString", "coordinates": [[9.3387431, 62.1590613], [9.3396881, 62.159444], [9.340461, 62.1597489]]}, "properties": {"electrified": "contact_line", "frequency": "16.67", "gauge": "1435", "maxspeed": "130", "name": "Dovrebanen", "operator": "Bane NOR", "passenger_lines": "1", "railway": "rail", "usage": "main", "voltage": "15000", "length_km": 0.118, "maxspeed_kmh": 130.0}}, {"type": "Feature", "geometry": {"type": "LineString", "coordinates": [[9.338591, 62.1589988], [9.3387431, 62.1590613]]}, "properties": {"bridge": "yes", "electrified": "contact_line", "frequency": "16.67", "gauge": "1435", "maxspeed": "130", "name": "Dovrebanen", "operator": "Bane NOR", "passenger_lines": "1", "railway": "rail", "usage": "main", "voltage": "15000", "length_km": 0.011, "maxspeed_kmh": 130.0}}, {"type": "Feature", "geometry": {"type": "LineString", "coordinates": [[9.340461, 62.1597489], [9.3405854, 62.1597978]]}, "properties": {"bridge": "yes", "electrified": "contact_line", "frequency": "16.67", "gauge": "1435", "maxspeed": "130", "name": "Dovrebanen", "operator": "Bane NOR", "passenger_lines": "1", "railway": "rail", "usage": "main", "voltage": "15000", "length_km": 0.008, "maxspeed_kmh": 130.0}}, {"type": "Feature", "geometry": {"type": "LineString", "coordinates": [[9.304157, 62.1388855], [9.3043326, 62.1390117], [9.3129622, 62.1451992], [9.3141115, 62.146012], [9.3149315, 62.1465754], [9.3164803, 62.1476059], [9.317404, 62.1481999], [9.3182839, 62.1487545], [9.3188259, 62.1490893], [9.3203294, 62.1499991], [9.3213311, 62.150589], [9.3228864, 62.1514756], [9.3235475, 62.1518441], [9.3244385, 62.1523318], [9.3257168, 62.1530153], [9.3274655, 62.1539229], [9.3281742, 62.1542808], [9.3294088, 62.1548929], [9.3308071, 62.1555663], [9.3313805, 62.1558377], [9.3323618, 62.1562929], [9.3334984, 62.1568109], [9.3343213, 62.1571802], [9.3359291, 62.1578815], [9.337696, 62.1586304], [9.338591, 62.1589988]]}, "properties": {"electrified": "contact_line", "frequency": "16.67", "gauge": "1435", "maxspeed": "130", "name": "Dovrebanen", "operator": "Bane NOR", "passenger_lines": "1", "railway": "rail", "usage": "main", "voltage": "15000", "length_km": 2.886, "maxspeed_kmh": 130.0}}, {"type": "Feature", "geometry": {"type": "LineString", "coordinates": [[9.1506739, 62.0970644], [9.1507419, 62.0970217], [9.1510403, 62.0968476], [9.1513014, 62.0967035], [9.1515442, 62.0965816], [9.1517221, 62.0965029], [9.1519685, 62.0964025], [9.1521602, 62.0963321], [9.1523952, 62.0962526], [9.1526282, 62.0961836], [9.1528649, 62.096119], [9.1531352, 62.0960541], [9.1535778, 62.0959657], [9.1539517, 62.0959067], [9.1543931, 62.0958529], [9.1547285, 62.0958235], [9.1549782, 62.0958084], [9.1552631, 62.0957973], [9.1555627, 62.0957939], [9.1558593, 62.0957967], [9.1562362, 62.0958122], [9.1565335, 62.0958317], [9.1568043, 62.0958569], [9.1572109, 62.0959062], [9.157739, 62.0959858], [9.1581147, 62.0960503]]}, "properties": {"electrified": "contact_line", "frequency": "16.67", "gauge": "1435", "maxspeed": "85", "name": "Dovrebanen", "operator": "Bane NOR", "passenger_lines": "1", "railway": "rail", "usage": "main", "voltage": "15000", "length_km": 0.441, "maxspeed_kmh": 85.0}}, {"type": "Feature", "geometry": {"type": "LineString", "coordinates": [[9.150177, 62.0973608], [9.1502721, 62.0973039]]}, "properties": {"bridge": "yes", "electrified": "contact_line", "frequency": "16.67", "gauge": "1435", "maxspeed": "130", "name": "Dovrebanen", "operator": "Bane NOR", "passenger_lines": "1", "railway": "rail", "usage": "main", "voltage": "15000", "length_km": 0.008, "maxspeed_kmh": 130.0}}, {"type": "Feature", "geometry": {"type": "LineString", "coordinates": [[9.1727465, 62.0990289], [9.1728937, 62.0990464]]}, "properties": {"bridge": "yes", "electrified": "contact_line", "frequency": "16.67", "gauge": "1435", "maxspeed": "110", "name": "Dovrebanen", "operator": "Bane NOR", "passenger_lines": "1", "railway": "rail", "usage": "main", "voltage": "15000", "length_km": 0.008, "maxspeed_kmh": 110.0}}, {"type": "Feature", "geometry": {"type": "LineString", "coordinates": [[9.2739915, 62.117246], [9.2749186, 62.1179084], [9.2763373, 62.1189288], [9.2787889, 62.1206879]]}, "properties": {"electrified": "contact_line", "frequency": "16.67", "gauge": "1435", "maxspeed": "130", "name": "Dovrebanen", "operator": "Bane NOR", "passenger_lines": "1", "railway": "rail", "usage": "main", "voltage": "15000", "length_km": 0.458, "maxspeed_kmh": 130.0}}, {"type": "Feature", "geometry": {"type": "LineString", "coordinates": [[9.4725152, 62.1847188], [9.4726154, 62.1847933]]}, "properties": {"bridge": "yes", "electrified": "contact_line", "frequency": "16.67", "gauge": "1435", "maxspeed": "130", "name": "Dovrebanen", "operator": "Bane NOR", "passenger_lines": "1", "railway": "rail", "usage": "main", "voltage": "15000", "length_km": 0.01, "maxspeed_kmh": 130.0}}, {"type": "Feature", "geometry": {"type": "LineString", "coordinates": [[9.4373574, 62.1753473], [9.4378432, 62.1753221], [9.4384596, 62.1752994], [9.4389534, 62.175289], [9.4394198, 62.1752846], [9.4399657, 62.175285], [9.4405675, 62.1752942], [9.4412839, 62.1753169], [9.4418298, 62.175343], [9.4425558, 62.1753886], [9.4431923, 62.1754393], [9.4435496, 62.1754722], [9.4441722, 62.1755382], [9.4447187, 62.1756047], [9.445495, 62.1757124], [9.4461138, 62.1758109], [9.4468156, 62.1759362], [9.4473755, 62.1760466], [9.4480477, 62.1761864], [9.460204, 62.1787373], [9.4608889, 62.1788935], [9.4615393, 62.1790516], [9.4619618, 62.1791616], [9.4624329, 62.179291], [9.4631502, 62.1795011], [9.4635192, 62.1796165], [9.4639519, 62.1797583], [9.4642338, 62.1798537], [9.4646998, 62.180019], [9.4652061, 62.1802083], [9.4654853, 62.1803187], [9.4659134, 62.1804939], [9.4662224, 62.1806257], [9.466866, 62.1809157], [9.4672319, 62.1810917], [9.4675955, 62.1812755], [9.4679285, 62.1814503], [9.4682009, 62.1815997], [9.4686792, 62.1818764], [9.4691033, 62.1821378], [9.4694877, 62.1823892], [9.4698027, 62.1826087], [9.4700304, 62.1827751], [9.470381, 62.1830425], [9.4723825, 62.1846197], [9.4725152, 62.1847188]]}, "properties": {"electrified": "contact_line", "frequency": "16.67", "gauge": "1435", "maxspeed": "130", "name": "Dovrebanen", "operator": "Bane NOR", "passenger_lines": "1", "railway": "rail", "usage": "main", "voltage": "15000", "length_km": 2.211, "maxspeed_kmh": 130.0}}, {"type": "Feature", "geometry": {"type": "LineString", "coordinates": [[9.4355023, 62.1754738], [9.4359624, 62.1754405], [9.4368558, 62.175378], [9.4372477, 62.1753532], [9.4373574, 62.1753473]]}, "properties": {"electrified": "contact_line", "frequency": "16.67", "gauge": "1435", "maxspeed": "130", "name": "Dovrebanen", "operator": "Bane NOR", "passenger_lines": "1", "railway": "rail", "usage": "main", "voltage": "15000", "length_km": 0.098, "maxspeed_kmh": 130.0}}, {"type": "Feature", "geometry": {"type": "LineString", "coordinates": [[9.4299012, 62.1758823], [9.4302204, 62.1758592]]}, "properties": {"bridge": "yes", "electrified": "contact_line", "frequency": "16.67", "gauge": "1435", "maxspeed": "130", "name": "Dovrebanen", "operator": "Bane NOR", "passenger_lines": "1", "railway": "rail", "usage": "main", "voltage": "15000", "length_km": 0.017, "maxspeed_kmh": 130.0}}, {"type": "Feature", "geometry": {"type": "LineString", "coordinates": [[9.6412771, 61.6634089], [9.6411309, 61.663391]]}, "properties": {"bridge": "yes", "electrified": "contact_line", "frequency": "16.67", "gauge": "1435", "maxspeed": "130", "name": "Dovrebanen", "operator": "Bane NOR", "passenger_lines": "1", "railway": "rail", "usage": "main", "voltage": "15000", "length_km": 0.008, "maxspeed_kmh": 130.0}}, {"type": "Feature", "geometry": {"type": "LineString", "coordinates": [[9.6757203, 61.6629034], [9.6751401, 61.6629174], [9.6740511, 61.6629535], [9.6731999, 61.6629874], [9.6723105, 61.6630301], [9.6712131, 61.6630918], [9.6594612, 61.6638611], [9.6585725, 61.6639123], [9.6580309, 61.6639344], [9.657141, 61.6639494], [9.6559676, 61.663954], [9.6501944, 61.663957], [9.6491781, 61.663945], [9.6481125, 61.6639202], [9.6473032, 61.6638916], [9.646403, 61.6638487], [9.6454228, 61.6637917], [9.6443289, 61.663713], [9.6434153, 61.6636347], [9.6426194, 61.6635577], [9.6415407, 61.6634409], [9.6412771, 61.6634089]]}, "properties": {"electrified": "contact_line", "frequency": "16.67", "gauge": "1435", "maxspeed": "130", "name": "Dovrebanen", "operator": "Bane NOR", "passenger_lines": "1", "railway": "rail", "usage": "main", "voltage": "15000", "length_km": 1.838, "maxspeed_kmh": 130.0}}, {"type": "Feature", "geometry": {"type": "LineString", "coordinates": [[9.5839375, 61.6643094], [9.5838386, 61.6643327]]}, "properties": {"bridge": "yes", "electrified": "contact_line", "frequency": "16.67", "gauge": "1435", "maxspeed": "105", "name": "Dovrebanen", "operator": "Bane NOR", "passenger_lines": "1", "railway": "rail", "usage": "main", "voltage": "15000", "length_km": 0.006, "maxspeed_kmh": 105.0}}, {"type": "Feature", "geometry": {"type": "LineString", "coordinates": [[9.5907158, 61.6635026], [9.5903182, 61.6635415], [9.5898065, 61.6635857], [9.5874457, 61.6637632], [9.5869629, 61.6638027], [9.5865122, 61.6638457], [9.586209, 61.6638797], [9.5856725, 61.663953], [9.5853421, 61.6640071], [9.5850437, 61.6640623], [9.5846364, 61.664146], [9.5843949, 61.6642013], [9.5839375, 61.6643094]]}, "properties": {"electrified": "contact_line", "frequency": "16.67", "gauge": "1435", "maxspeed": "105", "name": "Dovrebanen", "operator": "Bane NOR", "passenger_lines": "1", "railway": "rail", "usage": "main", "voltage": "15000", "length_km": 0.373, "maxspeed_kmh": 105.0}}, {"type": "Feature", "geometry": {"type": "LineString", "coordinates": [[9.541972, 61.678287], [9.5414306, 61.6785717]]}, "properties": {"electrified": "contact_line", "frequency": "16.67", "gauge": "1435", "maxspeed": "75", "name": "Dovrebanen", "operator": "Bane NOR", "passenger_lines": "1", "railway": "rail", "tunnel": "yes", "usage": "main", "voltage": "15000", "length_km": 0.043, "maxspeed_kmh": 75.0}}, {"type": "Feature", "geometry": {"type": "LineString", "coordinates": [[9.5414306, 61.6785717], [9.5411256, 61.6787539], [9.5409733, 61.6788585], [9.5408538, 61.6789524], [9.5407691, 61.679025], [9.5406476, 61.6791425], [9.5405655, 61.6792341], [9.5404454, 61.6793909], [9.5403841, 61.6794916], [9.5403022, 61.6796596], [9.5402563, 61.6798017], [9.5402333, 61.6799244], [9.540222, 61.6800656], [9.5402331, 61.68023], [9.5402846, 61.6804395], [9.5403635, 61.6806199], [9.5404277, 61.680736]]}, "properties": {"electrified": "contact_line", "frequency": "16.67", "gauge": "1435", "maxspeed": "75", "name": "Dovrebanen", "operator": "Bane NOR", "passenger_lines": "1", "railway": "rail", "usage": "main", "voltage": "15000", "length_km": 0.258, "maxspeed_kmh": 75.0}}, {"type": "Feature", "geometry": {"type": "LineString", "coordinates": [[9.5373381, 61.7264791], [9.5374961, 61.7269896], [9.5376566, 61.7274124], [9.5377338, 61.7275873], [9.5377614, 61.7276494], [9.5379209, 61.7279623], [9.5380794, 61.7282392], [9.5382275, 61.7284737], [9.5384488, 61.728795], [9.5387567, 61.7291933], [9.5390895, 61.7295793], [9.53926, 61.7297608], [9.5397028, 61.7301939], [9.5398815, 61.730356], [9.5402091, 61.7306384], [9.540518, 61.7308859], [9.540813, 61.7311088], [9.5411321, 61.731337], [9.5415259, 61.7316058], [9.5439018, 61.7331854], [9.5460021, 61.7345817], [9.5479528, 61.7358814]]}, "properties": {"electrified": "contact_line", "frequency": "16.67", "gauge": "1435", "maxspeed": "130", "name": "Dovrebanen", "operator": "Bane NOR", "passenger_lines": "1", "railway": "rail", "usage": "main", "voltage": "15000", "length_km": 1.205, "maxspeed_kmh": 130.0}}, {"type": "Feature", "geometry": {"type": "LineString", "coordinates": [[9.5373224, 61.7264278], [9.5373381, 61.7264791]]}, "properties": {"bridge": "yes", "electrified": "contact_line", "frequency": "16.67", "gauge": "1435", "maxspeed": "130", "name": "Dovrebanen", "operator": "Bane NOR", "passenger_lines": "1", "railway": "rail", "usage": "main", "voltage": "15000", "length_km": 0.006, "maxspeed_kmh": 130.0}}, {"type": "Feature", "geometry": {"type": "LineString", "coordinates": [[9.5458267, 61.78881], [9.5458309, 61.788849]]}, "properties": {"bridge": "yes", "electrified": "contact_line", "frequency": "16.67", "gauge": "1435", "maxspeed": "120", "name": "Dovrebanen", "operator": "Bane NOR", "passenger_lines": "1", "railway": "rail", "usage": "main", "voltage": "15000", "length_km": 0.004, "maxspeed_kmh": 120.0}}, {"type": "Feature", "geometry": {"type": "LineString", "coordinates": [[9.537975, 61.7705697], [9.5373746, 61.7717698], [9.5371228, 61.7722753], [9.5360563, 61.7744177], [9.5358573, 61.7748516], [9.5357822, 61.7750781], [9.5357383, 61.7753254], [9.5357344, 61.7754153], [9.5357359, 61.7756457], [9.5357543, 61.7757941], [9.5357928, 61.7759517], [9.535819, 61.7760379], [9.5358431, 61.7761169], [9.5358676, 61.7761785], [9.5358896, 61.776229], [9.5359511, 61.7763583], [9.5360019, 61.776453], [9.5361025, 61.7766124], [9.53621, 61.7767552], [9.5363327, 61.7769043], [9.5364741, 61.7770558], [9.5367815, 61.777349], [9.5371277, 61.7776662]]}, "properties": {"electrified": "contact_line", "frequency": "16.67", "gauge": "1435", "maxspeed": "60", "name": "Dovrebanen", "operator": "Bane NOR", "passenger_lines": "1", "railway": "rail", "usage": "main", "voltage": "15000", "length_km": 0.819, "maxspeed_kmh": 60.0}}, {"type": "Feature", "geometry": {"type": "LineString", "coordinates": [[9.420246, 61.8374057], [9.4194192, 61.8376154], [9.4185198, 61.8378585], [9.4177439, 61.8380757], [9.4162705, 61.8385117], [9.4151485, 61.8388615], [9.4143405, 61.8391268], [9.4134526, 61.8394326], [9.4127254, 61.839696], [9.4120081, 61.8399809], [9.411502, 61.8401985], [9.4110801, 61.8403883], [9.4107554, 61.840542], [9.4105186, 61.8406634]]}, "properties": {"electrified": "contact_line", "frequency": "16.67", "gauge": "1435", "maxspeed": "130", "name": "Dovrebanen", "operator": "Bane NOR", "passenger_lines": "1", "railway": "rail", "usage": "main", "voltage": "15000", "length_km": 0.631, "maxspeed_kmh": 130.0}}, {"type": "Feature", "geometry": {"type": "LineString", "coordinates": [[9.4203667, 61.837375], [9.420246, 61.8374057]]}, "properties": {"bridge": "yes", "electrified": "contact_line", "frequency": "16.67", "gauge": "1435", "maxspeed": "130", "name": "Dovrebanen", "operator": "Bane NOR", "passenger_lines": "1", "railway": "rail", "usage": "main", "voltage": "15000", "length_km": 0.007, "maxspeed_kmh": 130.0}}, {"type": "Feature", "geometry": {"type": "LineString", "coordinates": [[9.4105186, 61.8406634], [9.41036, 61.8407471]]}, "properties": {"bridge": "yes", "electrified": "contact_line", "frequency": "16.67", "gauge": "1435", "maxspeed": "130", "name": "Dovrebanen", "operator": "Bane NOR", "passenger_lines": "1", "railway": "rail", "usage": "main", "voltage": "15000", "length_km": 0.013, "maxspeed_kmh": 130.0}}, {"type": "Feature", "geometry": {"type": "LineString", "coordinates": [[9.3906573, 61.8966146], [9.3899663, 61.8967889], [9.3886302, 61.8971063], [9.3875572, 61.8973485], [9.3839904, 61.8981181], [9.3821584, 61.8985095], [9.3810902, 61.8987427], [9.3807229, 61.8988192], [9.3798473, 61.8990122], [9.3793526, 61.899125], [9.3786249, 61.8993092], [9.3781484, 61.899436], [9.3773868, 61.8996516], [9.3769841, 61.8997737], [9.3763006, 61.8999919], [9.3755814, 61.9002394], [9.3747915, 61.9005322], [9.3740579, 61.9008322], [9.3737122, 61.9009791], [9.373288, 61.9011687], [9.3728853, 61.9013574], [9.3724438, 61.9015745], [9.3718422, 61.9018883], [9.3714503, 61.9021059], [9.3711886, 61.9022576], [9.3706126, 61.9026114], [9.3701776, 61.9028982], [9.369866, 61.9031162], [9.3694735, 61.9034013], [9.3642186, 61.9072912], [9.3637943, 61.9076155], [9.3635013, 61.9078495], [9.3628897, 61.9083658], [9.3626234, 61.9086043], [9.3621962, 61.9090045], [9.3618444, 61.9093597], [9.3614737, 61.9097502], [9.3609786, 61.9102882], [9.3602371, 61.9110776], [9.3592564, 61.9121405], [9.3566005, 61.9149933], [9.3563743, 61.9152295]]}, "properties": {"electrified": "contact_line", "frequency": "16.67", "gauge": "1435", "maxspeed": "130", "name": "Dovrebanen", "operator": "Bane NOR", "passenger_lines": "1", "railway": "rail", "usage": "main", "voltage": "15000", "length_km": 2.863, "maxspeed_kmh": 130.0}}, {"type": "Feature", "geometry": {"type": "LineString", "coordinates": [[9.3920714, 61.896244], [9.3919019, 61.89629]]}, "properties": {"bridge": "yes", "electrified": "contact_line", "frequency": "16.67", "gauge": "1435", "maxspeed": "125", "name": "Dovrebanen", "operator": "Bane NOR", "passenger_lines": "1", "railway": "rail", "usage": "main", "voltage": "15000", "length_km": 0.01, "maxspeed_kmh": 125.0}}, {"type": "Feature", "geometry": {"type": "LineString", "coordinates": [[9.3501032, 61.9180579], [9.3498888, 61.9180999], [9.3491704, 61.9182287], [9.348404, 61.918353], [9.3475453, 61.9184771], [9.3471597, 61.9185284], [9.3464041, 61.9186205], [9.3459062, 61.918674], [9.3449989, 61.9187616], [9.3442131, 61.9188244], [9.3437207, 61.9188584], [9.3418226, 61.918971], [9.3411396, 61.9190249], [9.340448, 61.919094], [9.3400708, 61.9191375], [9.339744, 61.9191792], [9.3391504, 61.9192653], [9.3384324, 61.9193868], [9.3380632, 61.919457], [9.3377457, 61.9195202], [9.337368, 61.9196027], [9.3368468, 61.9197235], [9.3366107, 61.9197845]]}, "properties": {"electrified": "contact_line", "frequency": "16.67", "gauge": "1435", "maxspeed": "125", "name": "Dovrebanen", "operator": "Bane NOR", "passenger_lines": "1", "railway": "rail", "usage": "main", "voltage": "15000", "length_km": 0.739, "maxspeed_kmh": 125.0}}, {"type": "Feature", "geometry": {"type": "LineString", "coordinates": [[9.3558716, 61.9157006], [9.3558099, 61.9157517]]}, "properties": {"bridge": "yes", "electrified": "contact_line", "frequency": "16.67", "gauge": "1435", "maxspeed": "120", "name": "Dovrebanen", "operator": "Bane NOR", "passenger_lines": "1", "railway": "rail", "usage": "main", "voltage": "15000", "length_km": 0.007, "maxspeed_kmh": 120.0}}, {"type": "Feature", "geometry": {"type": "LineString", "coordinates": [[9.3365151, 61.9198095], [9.3362897, 61.919868], [9.3357007, 61.9200362], [9.3353794, 61.9201366], [9.3348022, 61.9203265], [9.3345475, 61.9204082], [9.3324606, 61.921107], [9.3280704, 61.922572], [9.327892, 61.9226315], [9.3238447, 61.9239809], [9.3186108, 61.9257296], [9.3177907, 61.9260006], [9.3173256, 61.9261543], [9.3155406, 61.9267301], [9.314406, 61.9270836]]}, "properties": {"electrified": "contact_line", "frequency": "16.67", "gauge": "1435", "maxspeed": "125", "name": "Dovrebanen", "operator": "Bane NOR", "passenger_lines": "1", "railway": "rail", "usage": "main", "voltage": "15000", "length_km": 1.418, "maxspeed_kmh": 125.0}}, {"type": "Feature", "geometry": {"type": "LineString", "coordinates": [[9.3366107, 61.9197845], [9.3365151, 61.9198095]]}, "properties": {"bridge": "yes", "electrified": "contact_line", "frequency": "16.67", "gauge": "1435", "maxspeed": "125", "name": "Dovrebanen", "operator": "Bane NOR", "passenger_lines": "1", "railway": "rail", "usage": "main", "voltage": "15000", "length_km": 0.006, "maxspeed_kmh": 125.0}}, {"type": "Feature", "geometry": {"type": "LineString", "coordinates": [[9.3105199, 61.9282503], [9.3098368, 61.9284726], [9.3093661, 61.9286403], [9.3091037, 61.9287411], [9.3086291, 61.9289399], [9.308172, 61.9291527], [9.3079537, 61.929264], [9.3076305, 61.9294378], [9.3074044, 61.9295664], [9.3070057, 61.9298166], [9.3067783, 61.9299731], [9.3066049, 61.9301], [9.3063686, 61.9302841], [9.3062058, 61.930422], [9.3060689, 61.9305468], [9.3060059, 61.9306042], [9.3057808, 61.9308334]]}, "properties": {"electrified": "contact_line", "frequency": "16.67", "gauge": "1435", "maxspeed": "115", "name": "Dovrebanen", "operator": "Bane NOR", "passenger_lines": "1", "railway": "rail", "usage": "main", "voltage": "15000", "length_km": 0.386, "maxspeed_kmh": 115.0}}, {"type": "Feature", "geometry": {"type": "LineString", "coordinates": [[9.314406, 61.9270836], [9.3142645, 61.9271275]]}, "properties": {"bridge": "yes", "electrified": "contact_line", "frequency": "16.67", "gauge": "1435", "maxspeed": "125", "name": "Dovrebanen", "operator": "Bane NOR", "passenger_lines": "1", "railway": "rail", "usage": "main", "voltage": "15000", "length_km": 0.009, "maxspeed_kmh": 125.0}}, {"type": "Feature", "geometry": {"type": "LineString", "coordinates": [[9.3055336, 61.9311228], [9.305424, 61.9312537], [9.3051128, 61.9316692], [9.3049264, 61.9319356]]}, "properties": {"electrified": "contact_line", "frequency": "16.67", "gauge": "1435", "maxspeed": "130", "name": "Dovrebanen", "operator": "Bane NOR", "passenger_lines": "1", "railway": "rail", "usage": "main", "voltage": "15000", "length_km": 0.096, "maxspeed_kmh": 130.0}}, {"type": "Feature", "geometry": {"type": "LineString", "coordinates": [[9.3057808, 61.9308334], [9.3057104, 61.9309116]]}, "properties": {"bridge": "yes", "electrified": "contact_line", "frequency": "16.67", "gauge": "1435", "maxspeed": "115", "name": "Dovrebanen", "operator": "Bane NOR", "passenger_lines": "1", "railway": "rail", "usage": "main", "voltage": "15000", "length_km": 0.009, "maxspeed_kmh": 115.0}}, {"type": "Feature", "geometry": {"type": "LineString", "coordinates": [[9.3048989, 61.9319763], [9.3046667, 61.9323368], [9.3044044, 61.932782], [9.304293, 61.9329869], [9.3041835, 61.9331882], [9.3039543, 61.9336729], [9.3037824, 61.9340684], [9.3037133, 61.9342494], [9.3036003, 61.9345694], [9.3035, 61.9348866], [9.3034226, 61.9351659], [9.3033446, 61.9354851], [9.303248, 61.935973], [9.3031955, 61.9363469], [9.3031581, 61.936712], [9.3029484, 61.9394178], [9.3029101, 61.9397502], [9.3028396, 61.9401325], [9.3027406, 61.9405134], [9.3026942, 61.9406644]]}, "properties": {"electrified": "contact_line", "frequency": "16.67", "gauge": "1435", "maxspeed": "130", "name": "Dovrebanen", "operator": "Bane NOR", "passenger_lines": "1", "railway": "rail", "usage": "main", "voltage": "15000", "length_km": 0.979, "maxspeed_kmh": 130.0}}, {"type": "Feature", "geometry": {"type": "LineString", "coordinates": [[9.3049264, 61.9319356], [9.3048989, 61.9319763]]}, "properties": {"bridge": "yes", "electrified": "contact_line", "frequency": "16.67", "gauge": "1435", "maxspeed": "130", "name": "Dovrebanen", "operator": "Bane NOR", "passenger_lines": "1", "railway": "rail", "usage": "main", "voltage": "15000", "length_km": 0.005, "maxspeed_kmh": 130.0}}, {"type": "Feature", "geometry": {"type": "LineString", "coordinates": [[9.3026693, 61.940737], [9.3026072, 61.940908], [9.3024179, 61.9413617], [9.3022542, 61.9416921], [9.3021553, 61.9418703], [9.3019344, 61.9422287], [9.3018016, 61.9424255], [9.3015286, 61.9427983], [9.3014321, 61.9429184]]}, "properties": {"electrified": "contact_line", "frequency": "16.67", "gauge": "1435", "maxspeed": "130", "name": "Dovrebanen", "operator": "Bane NOR", "passenger_lines": "1", "railway": "rail", "usage": "main", "voltage": "15000", "length_km": 0.252, "maxspeed_kmh": 130.0}}, {"type": "Feature", "geometry": {"type": "LineString", "coordinates": [[9.3026942, 61.9406644], [9.3026693, 61.940737]]}, "properties": {"bridge": "yes", "electrified": "contact_line", "frequency": "16.67", "gauge": "1435", "maxspeed": "130", "name": "Dovrebanen", "operator": "Bane NOR", "passenger_lines": "1", "railway": "rail", "usage": "main", "voltage": "15000", "length_km": 0.008, "maxspeed_kmh": 130.0}}, {"type": "Feature", "geometry": {"type": "LineString", "coordinates": [[9.3013631, 61.9430035], [9.3011446, 61.9432597], [9.3007798, 61.9436474], [9.3004985, 61.9439202], [9.300315, 61.9440898], [9.3000291, 61.9443423], [9.2996769, 61.9446324], [9.2994522, 61.9448093], [9.2990697, 61.945096], [9.2986824, 61.9453671], [9.2984143, 61.9455461], [9.2979328, 61.9458476], [9.2976347, 61.9460252], [9.297347, 61.9461881], [9.2967116, 61.94653], [9.2965087, 61.9466335], [9.295891, 61.9469324], [9.2952084, 61.9472358], [9.2948709, 61.947379], [9.2944872, 61.9475311], [9.2942498, 61.9476258], [9.2934533, 61.9479198], [9.2930874, 61.9480476], [9.2925854, 61.9482118], [9.2918654, 61.9484347], [9.2914444, 61.9485568], [9.2910218, 61.9486737], [9.2905582, 61.9487963], [9.2896397, 61.9490211], [9.2891728, 61.9491264], [9.2887475, 61.9492167], [9.2879724, 61.9493677], [9.2870924, 61.9495234], [9.2864758, 61.9496227], [9.2831036, 61.9501379], [9.2816558, 61.9503626], [9.281082, 61.9504588], [9.2805085, 61.950563], [9.2798891, 61.950685], [9.2793699, 61.9507962], [9.2788851, 61.9509069], [9.2784354, 61.9510157], [9.2779089, 61.9511507], [9.2770705, 61.9513833], [9.2766365, 61.9515117]]}, "properties": {"electrified": "contact_line", "frequency": "16.67", "gauge": "1435", "maxspeed": "130", "name": "Dovrebanen", "operator": "Bane NOR", "passenger_lines": "1", "railway": "rail", "usage": "main", "voltage": "15000", "length_km": 1.672, "maxspeed_kmh": 130.0}}, {"type": "Feature", "geometry": {"type": "LineString", "coordinates": [[9.3014321, 61.9429184], [9.3013631, 61.9430035]]}, "properties": {"bridge": "yes", "electrified": "contact_line", "frequency": "16.67", "gauge": "1435", "maxspeed": "130", "name": "Dovrebanen", "operator": "Bane NOR", "passenger_lines": "1", "railway": "rail", "usage": "main", "voltage": "15000", "length_km": 0.01, "maxspeed_kmh": 130.0}}, {"type": "Feature", "geometry": {"type": "LineString", "coordinates": [[9.2646478, 61.9591486], [9.264559, 61.9592052]]}, "properties": {"bridge": "yes", "electrified": "contact_line", "frequency": "16.67", "gauge": "1435", "maxspeed": "70", "name": "Dovrebanen", "operator": "Bane NOR", "passenger_lines": "1", "railway": "rail", "usage": "main", "voltage": "15000", "length_km": 0.008, "maxspeed_kmh": 70.0}}, {"type": "Feature", "geometry": {"type": "LineString", "coordinates": [[9.2654381, 61.9583871], [9.2653391, 61.9585129], [9.2651923, 61.9586836], [9.2650346, 61.9588437], [9.2648726, 61.9589818], [9.2646478, 61.9591486]]}, "properties": {"electrified": "contact_line", "frequency": "16.67", "gauge": "1435", "maxspeed": "70", "name": "Dovrebanen", "operator": "Bane NOR", "passenger_lines": "1", "railway": "rail", "usage": "main", "voltage": "15000", "length_km": 0.095, "maxspeed_kmh": 70.0}}, {"type": "Feature", "geometry": {"type": "LineString", "coordinates": [[9.2565219, 61.9868291], [9.2559689, 61.9889224], [9.2558472, 61.9893431], [9.2557466, 61.9896269], [9.2556522, 61.9898492], [9.2555286, 61.9901104], [9.2554006, 61.9903587], [9.2552545, 61.9906077], [9.2550714, 61.9908903], [9.2547602, 61.9913157], [9.254389, 61.9917554], [9.2541831, 61.9919726], [9.2539236, 61.992231], [9.2536582, 61.9924741], [9.2531576, 61.9928945], [9.2526368, 61.9933056], [9.2522218, 61.9936204], [9.2514407, 61.9941813], [9.2507339, 61.9946692], [9.2504005, 61.9948908], [9.2500623, 61.9951119], [9.2493448, 61.9955667], [9.248475, 61.9960918], [9.2475952, 61.996595], [9.247072, 61.9968829], [9.2465487, 61.9971595], [9.2460335, 61.997428], [9.2455072, 61.997692], [9.2448855, 61.9979908]]}, "properties": {"electrified": "contact_line", "frequency": "16.67", "gauge": "1435", "maxspeed": "130", "name": "Dovrebanen", "operator": "Bane NOR", "passenger_lines": "1", "railway": "rail", "usage": "main", "voltage": "15000", "length_km": 1.422, "maxspeed_kmh": 130.0}}, {"type": "Feature", "geometry": {"type": "LineString", "coordinates": [[9.2565481, 61.9867312], [9.2565219, 61.9868291]]}, "properties": {"bridge": "yes", "electrified": "contact_line", "frequency": "16.67", "gauge": "1435", "maxspeed": "130", "name": "Dovrebanen", "operator": "Bane NOR", "passenger_lines": "1", "railway": "rail", "usage": "main", "voltage": "15000", "length_km": 0.011, "maxspeed_kmh": 130.0}}, {"type": "Feature", "geometry": {"type": "LineString", "coordinates": [[9.2143254, 62.0174912], [9.2142247, 62.0175686]]}, "properties": {"bridge": "yes", "electrified": "contact_line", "frequency": "16.67", "gauge": "1435", "maxspeed": "90", "name": "Dovrebanen", "operator": "Bane NOR", "passenger_lines": "1", "railway": "rail", "usage": "main", "voltage": "15000", "length_km": 0.01, "maxspeed_kmh": 90.0}}, {"type": "Feature", "geometry": {"type": "LineString", "coordinates": [[9.1433639, 62.0525313], [9.1422008, 62.0528249], [9.1414537, 62.0530215], [9.1407137, 62.0532218], [9.140504, 62.053281], [9.1401684, 62.0533847]]}, "properties": {"electrified": "contact_line", "frequency": "16.67", "gauge": "1435", "maxspeed": "85", "name": "Dovrebanen", "operator": "Bane NOR", "passenger_lines": "1", "railway": "rail", "usage": "main", "voltage": "15000", "length_km": 0.193, "maxspeed_kmh": 85.0}}, {"type": "Feature", "geometry": {"type": "LineString", "coordinates": [[9.1435355, 62.052488], [9.1433639, 62.0525313]]}, "properties": {"bridge": "yes", "electrified": "contact_line", "frequency": "16.67", "gauge": "1435", "maxspeed": "85", "name": "Dovrebanen", "operator": "Bane NOR", "passenger_lines": "1", "railway": "rail", "usage": "main", "voltage": "15000", "length_km": 0.01, "maxspeed_kmh": 85.0}}, {"type": "Feature", "geometry": {"type": "LineString", "coordinates": [[10.5562946, 61.008698], [10.5561342, 61.0087441]]}, "properties": {"bridge": "yes", "electrified": "contact_line", "frequency": "16.67", "gauge": "1435", "maxspeed": "95", "name": "Dovrebanen", "operator": "Bane NOR", "passenger_lines": "1", "railway": "rail", "usage": "main", "voltage": "15000", "length_km": 0.01, "maxspeed_kmh": 95.0}}, {"type": "Feature", "geometry": {"type": "LineString", "coordinates": [[10.5686901, 61.0040049], [10.5685339, 61.0040374], [10.5672464, 61.0043034], [10.5666643, 61.0044348], [10.5661755, 61.0045798], [10.5657487, 61.0047319], [10.5654265, 61.0048716], [10.564999, 61.005094], [10.5646741, 61.0052994], [10.5644032, 61.0054944], [10.5642848, 61.0055777]]}, "properties": {"electrified": "contact_line", "frequency": "16.67", "gauge": "1435", "maxspeed": "85", "name": "Dovrebanen", "operator": "Bane NOR", "passenger_lines": "1", "railway": "rail", "usage": "main", "voltage": "15000", "length_km": 0.303, "maxspeed_kmh": 85.0}}, {"type": "Feature", "geometry": {"type": "LineString", "coordinates": [[10.4999908, 61.0224709], [10.4998601, 61.0225707]]}, "properties": {"bridge": "yes", "electrified": "contact_line", "frequency": "16.67", "gauge": "1435", "maxspeed": "75", "name": "Dovrebanen", "operator": "Bane NOR", "passenger_lines": "1", "railway": "rail", "usage": "main", "voltage": "15000", "length_km": 0.013, "maxspeed_kmh": 75.0}}, {"type": "Feature", "geometry": {"type": "LineString", "coordinates": [[10.4998601, 61.0225707], [10.4997682, 61.0226408], [10.4995045, 61.0227971], [10.4992234, 61.0229395], [10.499094, 61.0230002], [10.4988608, 61.0230921], [10.4986167, 61.0231778], [10.4983833, 61.0232506], [10.4981019, 61.0233273], [10.4977825, 61.0233987], [10.497446, 61.0234572], [10.4969135, 61.0235235], [10.496283, 61.0235802], [10.4951835, 61.0236469], [10.4947258, 61.023683], [10.4940891, 61.0237535], [10.4936035, 61.0238287], [10.4931745, 61.0239224], [10.4927898, 61.0240216], [10.4922101, 61.0242211], [10.4916993, 61.024472], [10.491482, 61.0246058], [10.4912938, 61.0247416], [10.4908935, 61.0251126], [10.4906898, 61.0254704], [10.4905996, 61.0257441], [10.4905598, 61.0260244], [10.490473, 61.0266158], [10.49048, 61.0279443], [10.4905433, 61.0285604], [10.4906076, 61.0290025], [10.4906861, 61.0294374], [10.4907686, 61.0298392], [10.4908676, 61.0302198], [10.4909469, 61.0304186], [10.4910488, 61.0306161], [10.4911999, 61.0308335]]}, "properties": {"electrified": "contact_line", "frequency": "16.67", "gauge": "1435", "maxspeed": "75", "name": "Dovrebanen", "operator": "Bane NOR", "passenger_lines": "1", "railway": "rail", "usage": "main", "voltage": "15000", "length_km": 1.233, "maxspeed_kmh": 75.0}}, {"type": "Feature", "geometry": {"type": "LineString", "coordinates": [[11.0937903, 60.7877188], [11.0935352, 60.787895], [11.0932211, 60.7880968], [11.0931011, 60.7881693], [11.0928654, 60.7883117], [11.0924063, 60.7885689], [11.0921408, 60.7887083], [11.0918561, 60.7888475], [11.0916577, 60.7889467], [11.0913614, 60.7890829]]}, "properties": {"electrified": "contact_line", "frequency": "16.67", "gauge": "1435", "maxspeed": "105", "name": "Dovrebanen", "operator": "Bane NOR", "passenger_lines": "1", "railway": "rail", "usage": "main", "voltage": "15000", "length_km": 0.202, "maxspeed_kmh": 105.0}}, {"type": "Feature", "geometry": {"type": "LineString", "coordinates": [[11.0931914, 60.7731007], [11.0931632, 60.773258], [11.0931432, 60.7734951], [11.093139, 60.773672], [11.0931436, 60.773937], [11.0931693, 60.7741331], [11.0932315, 60.7743441], [11.0933362, 60.7746209], [11.0934628, 60.774865], [11.0935511, 60.7750253], [11.0936626, 60.7751819], [11.093847, 60.7754096], [11.0939923, 60.7755754], [11.0941976, 60.7757787], [11.0943882, 60.7759352], [11.0946241, 60.7761193], [11.0948258, 60.7762545], [11.0950897, 60.7764239], [11.0955483, 60.776674], [11.0959396, 60.7768705], [11.0966739, 60.7772201]]}, "properties": {"electrified": "contact_line", "frequency": "16.67", "gauge": "1435", "maxspeed": "105", "name": "Dovrebanen", "operator": "Bane NOR", "passenger_lines": "1", "railway": "rail", "usage": "main", "voltage": "15000", "length_km": 0.519, "maxspeed_kmh": 105.0}}, {"type": "Feature", "geometry": {"type": "LineString", "coordinates": [[11.1806809, 60.7359828], [11.1805748, 60.7360875], [11.1803557, 60.7362989], [11.1800609, 60.7365505], [11.1798314, 60.7367209], [11.179562, 60.736902], [11.1793401, 60.7370419], [11.1791323, 60.7371614], [11.1789451, 60.7372605], [11.1785905, 60.737429], [11.1782448, 60.7375787], [11.1778484, 60.7377282], [11.1772511, 60.7379313], [11.1767545, 60.7380695], [11.1764029, 60.7381579], [11.1759824, 60.7382484], [11.175493, 60.7383333], [11.1750122, 60.7384048], [11.1747361, 60.7384399], [11.1743651, 60.7384777], [11.1739652, 60.7385084], [11.1734842, 60.7385332], [11.1730458, 60.7385442], [11.1726195, 60.7385461], [11.1721689, 60.7385332], [11.1717163, 60.7385114], [11.171148, 60.7384737], [11.1705189, 60.7384246]]}, "properties": {"electrified": "contact_line", "frequency": "16.67", "gauge": "1435", "maxspeed": "105", "name": "Dovrebanen", "operator": "Bane NOR", "passenger_lines": "1", "railway": "rail", "usage": "main", "voltage": "15000", "length_km": 0.672, "maxspeed_kmh": 105.0}}, {"type": "Feature", "geometry": {"type": "LineString", "coordinates": [[11.1862325, 60.7300537], [11.1861259, 60.7303237], [11.1860453, 60.7304898], [11.1859707, 60.7306276], [11.185847, 60.7308305], [11.1856925, 60.73105], [11.1854353, 60.7313604], [11.1852364, 60.7315756], [11.1849398, 60.73187], [11.1841378, 60.7326445], [11.1828734, 60.7338675], [11.1815961, 60.7351068], [11.1813658, 60.7353262], [11.1806809, 60.7359828]]}, "properties": {"electrified": "contact_line", "frequency": "16.67", "gauge": "1435", "maxspeed": "115", "name": "Dovrebanen", "operator": "Bane NOR", "passenger_lines": "1", "railway": "rail", "usage": "main", "voltage": "15000", "length_km": 0.729, "maxspeed_kmh": 115.0}}, {"type": "Feature", "geometry": {"type": "LineString", "coordinates": [[11.1896765, 60.7239727], [11.1879527, 60.7259716], [11.1876075, 60.7263736], [11.1874834, 60.7265175], [11.1873439, 60.7266801], [11.1871961, 60.7268684], [11.1870693, 60.7270328]]}, "properties": {"electrified": "contact_line", "frequency": "16.67", "gauge": "1435", "maxspeed": "130", "name": "Dovrebanen", "operator": "Bane NOR", "passenger_lines": "1", "railway": "rail", "usage": "main", "voltage": "15000", "length_km": 0.37, "maxspeed_kmh": 130.0}}, {"type": "Feature", "geometry": {"type": "LineString", "coordinates": [[11.2092049, 60.6957636], [11.2091956, 60.6959005], [11.2091918, 60.6960309], [11.2091928, 60.6962584], [11.2091902, 60.696573], [11.2091868, 60.6968072], [11.2091788, 60.6969301], [11.2091672, 60.6970752], [11.2091526, 60.6972051], [11.2091334, 60.6973407], [11.2091097, 60.6974609], [11.2090841, 60.6975843], [11.2090601, 60.6976879], [11.2090333, 60.6977873], [11.2089905, 60.6979356], [11.2089407, 60.6980817], [11.2088811, 60.6982386], [11.208789, 60.6984662], [11.2086146, 60.6988238]]}, "properties": {"electrified": "contact_line", "frequency": "16.67", "gauge": "1435", "maxspeed": "120", "name": "Dovrebanen", "operator": "Bane NOR", "passenger_lines": "1", "railway": "rail", "usage": "main", "voltage": "15000", "length_km": 0.344, "maxspeed_kmh": 120.0}}, {"type": "Feature", "geometry": {"type": "LineString", "coordinates": [[11.2130925, 60.6871555], [11.2130465, 60.6874972], [11.2130197, 60.6876988], [11.2129922, 60.6878593], [11.2129627, 60.6880228], [11.2129305, 60.6881909], [11.2128989, 60.688333], [11.2128621, 60.6884893], [11.2128277, 60.6886206], [11.2128031, 60.6887081], [11.2127771, 60.6887959], [11.2127448, 60.6888936], [11.2127032, 60.6890201], [11.2126505, 60.6891734], [11.2125919, 60.6893241], [11.2125443, 60.6894421], [11.212466, 60.6896221], [11.2123934, 60.6897814], [11.2123093, 60.6899569], [11.2122166, 60.6901346], [11.2121301, 60.690297], [11.2120049, 60.6905161], [11.2119126, 60.6906739], [11.2098253, 60.6941621], [11.2097447, 60.6943018], [11.2096696, 60.6944287], [11.2096046, 60.6945464], [11.2095442, 60.6946583], [11.2094846, 60.6947791], [11.209437, 60.6948887], [11.2093904, 60.6950013], [11.2093424, 60.6951385], [11.2093126, 60.6952297], [11.2092878, 60.695319], [11.2092639, 60.6954059], [11.2092448, 60.6955032], [11.2092222, 60.6956308], [11.2092049, 60.6957636]]}, "properties": {"electrified": "contact_line", "frequency": "16.67", "gauge": "1435", "maxspeed": "125", "name": "Dovrebanen", "operator": "Bane NOR", "passenger_lines": "1", "railway": "rail", "usage": "main", "voltage": "15000", "length_km": 0.986, "maxspeed_kmh": 125.0}}, {"type": "Feature", "geometry": {"type": "LineString", "coordinates": [[11.213974, 60.6804626], [11.2138842, 60.6811495], [11.2138762, 60.6812107], [11.2137277, 60.6823503], [11.213225, 60.6861627], [11.2131847, 60.686462], [11.2131442, 60.6867631], [11.2130925, 60.6871555]]}, "properties": {"electrified": "contact_line", "frequency": "16.67", "gauge": "1435", "maxspeed": "125", "name": "Dovrebanen", "operator": "Bane NOR", "passenger_lines": "1", "railway": "rail", "usage": "main", "voltage": "15000", "length_km": 0.747, "maxspeed_kmh": 125.0}}, {"type": "Feature", "geometry": {"type": "LineString", "coordinates": [[11.2154064, 60.6763514], [11.2152838, 60.6765553], [11.2151658, 60.6767661], [11.2150612, 60.6769523], [11.2149871, 60.6770935], [11.2149119, 60.6772431], [11.2148433, 60.6773855], [11.2147893, 60.6774998], [11.2147243, 60.6776397], [11.214607, 60.6779183], [11.214506, 60.678181], [11.214452, 60.678324], [11.2144059, 60.6784647], [11.2143601, 60.6786003], [11.2143192, 60.6787341], [11.214284, 60.6788497], [11.2142557, 60.6789579], [11.2141953, 60.6791808], [11.2141516, 60.6793745], [11.2141129, 60.6795581], [11.2140792, 60.6797373], [11.2140483, 60.679913], [11.2140249, 60.6800837], [11.2140133, 60.6801688], [11.213974, 60.6804626]]}, "properties": {"electrified": "contact_line", "frequency": "16.67", "gauge": "1435", "maxspeed": "125", "name": "Dovrebanen", "operator": "Bane NOR", "passenger_lines": "1", "railway": "rail", "usage": "main", "voltage": "15000", "length_km": 0.466, "maxspeed_kmh": 125.0}}, {"type": "Feature", "geometry": {"type": "LineString", "coordinates": [[11.2311096, 60.6388998], [11.2309267, 60.6391905], [11.2307815, 60.6394242], [11.2306036, 60.639721], [11.2304768, 60.6399409], [11.2303617, 60.6401478], [11.2302589, 60.6403359], [11.2300922, 60.6406595], [11.2299737, 60.640892], [11.229876, 60.6411023], [11.2295994, 60.6417194], [11.2294993, 60.641934], [11.2294109, 60.6421179], [11.2293279, 60.6422611], [11.2292194, 60.6424482], [11.229059, 60.6426828], [11.2289304, 60.6428558], [11.2287979, 60.6430194], [11.2286519, 60.6431852], [11.2285104, 60.6433407], [11.2283871, 60.6434675], [11.2281771, 60.6436763], [11.2278758, 60.6439738], [11.2276388, 60.6442059], [11.2274436, 60.6444104], [11.2272775, 60.6445934], [11.2270917, 60.6448055], [11.2269316, 60.6450063], [11.2267512, 60.6452487], [11.2265852, 60.6454871], [11.2264399, 60.6457148], [11.2262505, 60.6460227], [11.2261249, 60.6462462], [11.2260087, 60.6464688], [11.2258988, 60.6466843], [11.2258135, 60.6468735], [11.2257264, 60.6470739], [11.2256461, 60.6472705], [11.2255704, 60.6474733], [11.225512, 60.6476442], [11.2254465, 60.6478472], [11.2253907, 60.6480489], [11.2253351, 60.6482712], [11.2252933, 60.6484607], [11.2252564, 60.6486463], [11.2252277, 60.6488239], [11.2251986, 60.6490276], [11.2251807, 60.6492112], [11.2251661, 60.6493875], [11.2251521, 60.6495952], [11.2251336, 60.6498387], [11.2251202, 60.6500439], [11.2251011, 60.6502684], [11.2250864, 60.6505699], [11.2250534, 60.6509423], [11.2249143, 60.6528824], [11.2248958, 60.6531478], [11.2248609, 60.6534478], [11.2248341, 60.6536746], [11.2247962, 60.6539425], [11.2247529, 60.6542045], [11.224714, 60.6544153], [11.2246749, 60.6546136], [11.2246266, 60.6548568], [11.2245657, 60.6551447], [11.2242803, 60.656574], [11.224212, 60.6569227]]}, "properties": {"electrified": "contact_line", "frequency": "16.67", "gauge": "1435", "maxspeed": "125", "name": "Dovrebanen", "operator": "Bane NOR", "passenger_lines": "1", "railway": "rail", "usage": "main", "voltage": "15000", "length_km": 2.062, "maxspeed_kmh": 125.0}}, {"type": "Feature", "geometry": {"type": "LineString", "coordinates": [[11.2619083, 60.6200144], [11.2616217, 60.620009], [11.2612626, 60.6200054], [11.261007, 60.62001], [11.2607401, 60.62002], [11.2604081, 60.6200456], [11.2600195, 60.6200833], [11.2596793, 60.6201278], [11.2592367, 60.6202029], [11.2588234, 60.6202913], [11.25847, 60.6203875], [11.2581111, 60.6204998], [11.257851, 60.6205895], [11.2576311, 60.6206785], [11.2574002, 60.6207855], [11.2571674, 60.6209023], [11.257019, 60.6209846], [11.2568678, 60.6210749], [11.2567524, 60.6211532], [11.2566113, 60.6212556], [11.2564372, 60.621386], [11.2562604, 60.6215312], [11.2560661, 60.6217024], [11.2556325, 60.6220761], [11.2554645, 60.6222119], [11.2553096, 60.6223256], [11.2551465, 60.6224366], [11.2549339, 60.62258], [11.2547534, 60.6226932], [11.2544905, 60.622842], [11.2543118, 60.6229382], [11.2540938, 60.6230515], [11.253847, 60.6231796], [11.2536034, 60.6233041], [11.2531635, 60.6235135], [11.2527588, 60.623731], [11.2525119, 60.623875], [11.2522825, 60.624011], [11.2520556, 60.6241532], [11.2517696, 60.6243441], [11.2514827, 60.6245496], [11.2513519, 60.6246522], [11.2512305, 60.624753], [11.2510207, 60.6249282], [11.250831, 60.6251004], [11.2506697, 60.6252487], [11.2504772, 60.6254271]]}, "properties": {"electrified": "contact_line", "frequency": "16.67", "gauge": "1435", "maxspeed": "85", "name": "Dovrebanen", "operator": "Bane NOR", "passenger_lines": "1", "railway": "rail", "usage": "main", "voltage": "15000", "length_km": 0.914, "maxspeed_kmh": 85.0}}, {"type": "Feature", "geometry": {"type": "LineString", "coordinates": [[11.2661181, 60.6196544], [11.2657945, 60.6197453], [11.2653963, 60.6198356], [11.2650031, 60.6199075], [11.2646335, 60.6199612], [11.2642676, 60.6200037], [11.2638383, 60.6200332], [11.2633411, 60.6200454], [11.2630208, 60.6200473], [11.2626085, 60.620035], [11.2619083, 60.6200144]]}, "properties": {"electrified": "contact_line", "frequency": "16.67", "gauge": "1435", "maxspeed": "80", "name": "Dovrebanen", "operator": "Bane NOR", "passenger_lines": "1", "railway": "rail", "usage": "main", "voltage": "15000", "length_km": 0.239, "maxspeed_kmh": 80.0}}, {"type": "Feature", "geometry": {"type": "LineString", "coordinates": [[11.2797372, 60.6108418], [11.2794916, 60.6108864]]}, "properties": {"electrified": "contact_line", "frequency": "16.67", "gauge": "1435", "maxspeed": "90", "name": "Dovrebanen", "operator": "Bane NOR", "passenger_lines": "1", "railway": "rail", "usage": "main", "voltage": "15000", "length_km": 0.014, "maxspeed_kmh": 90.0}}, {"type": "Feature", "geometry": {"type": "LineString", "coordinates": [[11.2928371, 60.5996605], [11.292996, 60.5998307], [11.2930733, 60.5999238]]}, "properties": {"electrified": "contact_line", "frequency": "16.67", "gauge": "1435", "maxspeed": "90", "name": "Dovrebanen", "operator": "Bane NOR", "passenger_lines": "1", "railway": "rail", "usage": "main", "voltage": "15000", "length_km": 0.032, "maxspeed_kmh": 90.0}}, {"type": "Feature", "geometry": {"type": "LineString", "coordinates": [[11.2898961, 60.5964108], [11.2901941, 60.5967428], [11.2905347, 60.5971181], [11.2908534, 60.5974698], [11.2928371, 60.5996605]]}, "properties": {"electrified": "contact_line", "frequency": "16.67", "gauge": "1435", "maxspeed": "110", "name": "Dovrebanen", "operator": "Bane NOR", "passenger_lines": "1", "railway": "rail", "usage": "main", "voltage": "15000", "length_km": 0.396, "maxspeed_kmh": 110.0}}, {"type": "Feature", "geometry": {"type": "LineString", "coordinates": [[11.2772034, 60.5851059], [11.2772968, 60.5851935]]}, "properties": {"electrified": "contact_line", "frequency": "16.67", "gauge": "1435", "name": "Dovrebanen", "operator": "Bane NOR", "passenger_lines": "1", "railway": "rail", "usage": "main", "voltage": "15000", "length_km": 0.011}}, {"type": "Feature", "geometry": {"type": "LineString", "coordinates": [[11.269167, 60.5793367], [11.2692835, 60.5794723]]}, "properties": {"electrified": "contact_line", "frequency": "16.67", "gauge": "1435", "name": "Dovrebanen", "operator": "Bane NOR", "passenger_lines": "1", "railway": "rail", "usage": "main", "voltage": "15000", "length_km": 0.016}}, {"type": "Feature", "geometry": {"type": "LineString", "coordinates": [[11.0699017, 60.7935953], [11.0698319, 60.7936041]]}, "properties": {"electrified": "contact_line", "frequency": "16.67", "gauge": "1435", "name": "Dovrebanen", "railway": "rail", "service": "yard", "voltage": "15000", "length_km": 0.004}}, {"type": "Feature", "geometry": {"type": "LineString", "coordinates": [[11.0734724, 60.7922756], [11.0732233, 60.7924374], [11.0729155, 60.7926321], [11.072714, 60.7927604], [11.072561, 60.7928496], [11.0723977, 60.7929368], [11.0722338, 60.7930184], [11.0721119, 60.7930727]]}, "properties": {"electrified": "contact_line", "frequency": "16.67", "gauge": "1435", "maxspeed": "50", "name": "Dovrebanen", "operator": "Bane NOR", "passenger_lines": "1", "railway": "rail", "usage": "main", "voltage": "15000", "length_km": 0.116, "maxspeed_kmh": 50.0}}, {"type": "Feature", "geometry": {"type": "LineString", "coordinates": [[11.0107039, 60.8135593], [11.0102916, 60.8137148], [11.0097949, 60.8139125], [11.0094903, 60.814047], [11.0092204, 60.8141739], [11.0089533, 60.8143232], [11.0087439, 60.814446], [11.0085552, 60.8145715], [11.0083268, 60.8147294], [11.0077482, 60.8151505], [11.0071545, 60.8155922], [11.0069379, 60.8157781]]}, "properties": {"electrified": "contact_line", "frequency": "16.67", "gauge": "1435", "maxspeed": "80", "name": "Dovrebanen", "operator": "Bane NOR", "passenger_lines": "1", "railway": "rail", "usage": "main", "voltage": "15000", "length_km": 0.324, "maxspeed_kmh": 80.0}}, {"type": "Feature", "geometry": {"type": "LineString", "coordinates": [[11.0618955, 60.7938231], [11.0614397, 60.7939051], [11.0611051, 60.7939705], [11.0607287, 60.7940537]]}, "properties": {"electrified": "contact_line", "frequency": "16.67", "gauge": "1435", "maxspeed": "105", "name": "Dovrebanen", "operator": "Bane NOR", "passenger_lines": "1", "railway": "rail", "usage": "main", "voltage": "15000", "length_km": 0.069, "maxspeed_kmh": 105.0}}, {"type": "Feature", "geometry": {"type": "LineString", "coordinates": [[10.9159423, 60.8887141], [10.9155681, 60.8887835], [10.9150689, 60.8888721], [10.9145377, 60.8889537], [10.914121, 60.8890082], [10.9137737, 60.889042], [10.9134704, 60.8890654], [10.9131611, 60.8890818], [10.912793, 60.8890945], [10.9124424, 60.8890976], [10.9121012, 60.8890923], [10.9117506, 60.8890807], [10.9115103, 60.8890669], [10.9112482, 60.8890465], [10.9109451, 60.8890162]]}, "properties": {"electrified": "contact_line", "frequency": "16.67", "gauge": "1435", "maxspeed": "90", "name": "Dovrebanen", "operator": "Bane NOR", "passenger_lines": "1", "railway": "rail", "usage": "main", "voltage": "15000", "length_km": 0.278, "maxspeed_kmh": 90.0}}, {"type": "Feature", "geometry": {"type": "LineString", "coordinates": [[10.9446321, 60.8744161], [10.9439864, 60.874784], [10.9436902, 60.8749604], [10.9434076, 60.8751275], [10.9430639, 60.875363], [10.94286, 60.8755291], [10.9426946, 60.8756666], [10.9425272, 60.875825], [10.9423189, 60.8760497], [10.9422071, 60.8761865], [10.9420861, 60.8763533], [10.9419238, 60.8765951], [10.9418271, 60.8767573], [10.9417415, 60.8769164], [10.9415582, 60.8772503], [10.9414238, 60.8774901], [10.9413004, 60.8777032], [10.9411882, 60.8778781], [10.9411014, 60.8779852], [10.9409997, 60.8780952], [10.9408608, 60.8782346], [10.9406735, 60.8784008], [10.9404954, 60.8785532], [10.9402844, 60.87872], [10.9400015, 60.8789256]]}, "properties": {"electrified": "contact_line", "frequency": "16.67", "gauge": "1435", "maxspeed": "100", "name": "Dovrebanen", "operator": "Bane NOR", "passenger_lines": "1", "railway": "rail", "usage": "main", "voltage": "15000", "length_km": 0.569, "maxspeed_kmh": 100.0}}, {"type": "Feature", "geometry": {"type": "LineString", "coordinates": [[10.9649652, 60.8450207], [10.9648818, 60.8452882], [10.9648049, 60.8454737], [10.9647215, 60.8456542], [10.9646181, 60.8458697], [10.9644992, 60.8460847], [10.964346, 60.8463281], [10.9642024, 60.8465373], [10.9640182, 60.8467804], [10.9637457, 60.8471046], [10.9633354, 60.8475451], [10.9630583, 60.8478123], [10.9627873, 60.8480552], [10.962552, 60.8482721], [10.9622964, 60.8484786], [10.9619541, 60.8487365], [10.9614542, 60.8490994], [10.960861, 60.8494934], [10.9600701, 60.8499798], [10.9590945, 60.8505587], [10.9586365, 60.8508422], [10.9583304, 60.8510283], [10.9581278, 60.8511515], [10.9577425, 60.8513866], [10.9573607, 60.8516258], [10.9570504, 60.8518423], [10.9568306, 60.8520277], [10.9566744, 60.8521901], [10.956529, 60.8523554], [10.9563795, 60.8525538], [10.9562793, 60.8527489], [10.9562015, 60.8529426], [10.956157, 60.8531235], [10.9561305, 60.8533041], [10.9561323, 60.8535048], [10.9561681, 60.8537043], [10.9562208, 60.8538764], [10.9562881, 60.8540614], [10.9563634, 60.8542338]]}, "properties": {"electrified": "contact_line", "frequency": "16.67", "gauge": "1435", "maxspeed": "85", "name": "Dovrebanen", "operator": "Bane NOR", "passenger_lines": "1", "railway": "rail", "usage": "main", "voltage": "15000", "length_km": 1.163, "maxspeed_kmh": 85.0}}, {"type": "Feature", "geometry": {"type": "LineString", "coordinates": [[10.9799207, 60.8305689], [10.9786495, 60.831046]]}, "properties": {"electrified": "contact_line", "frequency": "16.67", "gauge": "1435", "maxspeed": "105", "name": "Dovrebanen", "operator": "Bane NOR", "passenger_lines": "1", "railway": "rail", "usage": "main", "voltage": "15000", "length_km": 0.087, "maxspeed_kmh": 105.0}}, {"type": "Feature", "geometry": {"type": "LineString", "coordinates": [[11.0074536, 60.8203629], [11.0073473, 60.820509], [11.0072465, 60.8206279], [11.0070764, 60.8207768], [11.0068765, 60.8209342], [11.006639, 60.8210986], [11.0064627, 60.8212015], [11.0063327, 60.8212714], [11.0060707, 60.8214056], [11.00564, 60.8216114]]}, "properties": {"electrified": "contact_line", "frequency": "16.67", "gauge": "1435", "maxspeed": "80", "name": "Dovrebanen", "operator": "Bane NOR", "passenger_lines": "1", "railway": "rail", "usage": "main", "voltage": "15000", "length_km": 0.173, "maxspeed_kmh": 80.0}}, {"type": "Feature", "geometry": {"type": "LineString", "coordinates": [[10.5561342, 61.0087441], [10.5551934, 61.0090111], [10.5541794, 61.0092834], [10.5536395, 61.0094095], [10.5533552, 61.0094661], [10.5530965, 61.0095113], [10.552792, 61.0095584], [10.5524996, 61.0095961], [10.5518894, 61.0096579], [10.5515903, 61.0096793], [10.5512792, 61.009691], [10.550675, 61.0097031], [10.5503914, 61.0096994], [10.5501312, 61.0096916], [10.5495633, 61.0096609], [10.5489457, 61.0095961], [10.5483351, 61.009515], [10.547461, 61.0093558], [10.5461323, 61.0089912], [10.5452335, 61.0087429], [10.5449801, 61.0086729], [10.5441606, 61.0084807], [10.5432666, 61.0083178], [10.5425405, 61.0082298], [10.5418482, 61.0081667], [10.5408655, 61.008131], [10.5405503, 61.0081284], [10.5401869, 61.0081316], [10.5396585, 61.0081472], [10.5391489, 61.0081791], [10.5386469, 61.0082231], [10.5377957, 61.0083312], [10.5369401, 61.0084651], [10.5352683, 61.008735], [10.5347112, 61.0088096], [10.5341123, 61.0088722], [10.5327845, 61.0089663], [10.5319244, 61.0090397], [10.5315033, 61.0090891], [10.5310945, 61.0091485], [10.5282216, 61.0096047], [10.5269784, 61.0097937], [10.5264071, 61.0098665], [10.5257413, 61.0099501], [10.5247856, 61.0100738], [10.5237605, 61.0101985], [10.5215093, 61.0104804]]}, "properties": {"electrified": "contact_line", "frequency": "16.67", "gauge": "1435", "maxspeed": "95", "name": "Dovrebanen", "operator": "Bane NOR", "passenger_lines": "1", "railway": "rail", "usage": "main", "voltage": "15000", "length_km": 1.968, "maxspeed_kmh": 95.0}}, {"type": "Feature", "geometry": {"type": "LineString", "coordinates": [[10.5642848, 61.0055777], [10.5638229, 61.0059027], [10.563212, 61.0062833], [10.562342, 61.0067314], [10.5615178, 61.0070753], [10.560742, 61.0073496], [10.5599212, 61.0076139], [10.5586834, 61.0079958], [10.5575596, 61.0083305], [10.5564226, 61.0086612], [10.5562946, 61.008698]]}, "properties": {"electrified": "contact_line", "frequency": "16.67", "gauge": "1435", "maxspeed": "95", "name": "Dovrebanen", "operator": "Bane NOR", "passenger_lines": "1", "railway": "rail", "usage": "main", "voltage": "15000", "length_km": 0.561, "maxspeed_kmh": 95.0}}, {"type": "Feature", "geometry": {"type": "LineString", "coordinates": [[10.5741241, 61.002784], [10.5730744, 61.0030378], [10.5711184, 61.003482], [10.5697851, 61.0037769], [10.5686901, 61.0040049]]}, "properties": {"electrified": "contact_line", "frequency": "16.67", "gauge": "1435", "maxspeed": "100", "name": "Dovrebanen", "operator": "Bane NOR", "passenger_lines": "1", "railway": "rail", "usage": "main", "voltage": "15000", "length_km": 0.324, "maxspeed_kmh": 100.0}}, {"type": "Feature", "geometry": {"type": "LineString", "coordinates": [[10.5988048, 60.994025], [10.5985216, 60.9941547], [10.598229, 60.9942718], [10.5979129, 60.994382], [10.5975987, 60.9944755], [10.5972989, 60.9945579], [10.5970616, 60.994628]]}, "properties": {"electrified": "contact_line", "frequency": "16.67", "gauge": "1435", "maxspeed": "85", "name": "Dovrebanen", "operator": "Bane NOR", "passenger_lines": "1", "railway": "rail", "usage": "main", "voltage": "15000", "length_km": 0.116, "maxspeed_kmh": 85.0}}, {"type": "Feature", "geometry": {"type": "LineString", "coordinates": [[10.6003274, 60.992562], [10.6002218, 60.9928061], [10.6000985, 60.9930109], [10.5999692, 60.9931781], [10.599862, 60.9932961]]}, "properties": {"electrified": "contact_line", "frequency": "16.67", "gauge": "1435", "maxspeed": "95", "name": "Dovrebanen", "operator": "Bane NOR", "passenger_lines": "1", "railway": "rail", "usage": "main", "voltage": "15000", "length_km": 0.086, "maxspeed_kmh": 95.0}}, {"type": "Feature", "geometry": {"type": "LineString", "coordinates": [[10.599862, 60.9932961], [10.5997923, 60.9933633], [10.5996648, 60.9934763], [10.5994903, 60.9936148], [10.5992442, 60.9937821], [10.5989834, 60.9939337]]}, "properties": {"electrified": "contact_line", "frequency": "16.67", "gauge": "1435", "maxspeed": "85", "name": "Dovrebanen", "operator": "Bane NOR", "passenger_lines": "1", "railway": "rail", "usage": "main", "voltage": "15000", "length_km": 0.086, "maxspeed_kmh": 85.0}}, {"type": "Feature", "geometry": {"type": "LineString", "coordinates": [[10.6260632, 60.985061], [10.6258097, 60.9851271], [10.6255719, 60.9851892], [10.6250807, 60.985308]]}, "properties": {"electrified": "contact_line", "frequency": "16.67", "gauge": "1435", "maxspeed": "95", "name": "Dovrebanen", "operator": "Bane NOR", "passenger_lines": "1", "railway": "rail", "usage": "main", "voltage": "15000", "length_km": 0.06, "maxspeed_kmh": 95.0}}, {"type": "Feature", "geometry": {"type": "LineString", "coordinates": [[10.6459439, 60.9814509], [10.6456263, 60.9815139]]}, "properties": {"electrified": "contact_line", "frequency": "16.67", "gauge": "1435", "maxspeed": "95", "name": "Dovrebanen", "operator": "Bane NOR", "passenger_lines": "1", "railway": "rail", "usage": "main", "voltage": "15000", "length_km": 0.019, "maxspeed_kmh": 95.0}}, {"type": "Feature", "geometry": {"type": "LineString", "coordinates": [[10.7021803, 60.9263711], [10.7021009, 60.9264717]]}, "properties": {"electrified": "contact_line", "frequency": "16.67", "gauge": "1435", "maxspeed": "100", "name": "Dovrebanen", "operator": "Bane NOR", "passenger_lines": "1", "railway": "rail", "usage": "main", "voltage": "15000", "length_km": 0.012, "maxspeed_kmh": 100.0}}, {"type": "Feature", "geometry": {"type": "LineString", "coordinates": [[10.7078224, 60.9233074], [10.7076726, 60.9234236], [10.7075078, 60.9235346], [10.7073145, 60.9236485], [10.7071649, 60.9237247], [10.7070091, 60.9237973], [10.706766, 60.9238987]]}, "properties": {"electrified": "contact_line", "frequency": "16.67", "gauge": "1435", "maxspeed": "75", "name": "Dovrebanen", "operator": "Bane NOR", "passenger_lines": "1", "railway": "rail", "usage": "main", "voltage": "15000", "length_km": 0.088, "maxspeed_kmh": 75.0}}, {"type": "Feature", "geometry": {"type": "LineString", "coordinates": [[10.7289753, 60.9127634], [10.7287178, 60.9127412], [10.728439, 60.9127122], [10.7279124, 60.9126456]]}, "properties": {"electrified": "contact_line", "frequency": "16.67", "gauge": "1435", "maxspeed": "85", "name": "Dovrebanen", "operator": "Bane NOR", "passenger_lines": "1", "railway": "rail", "usage": "main", "voltage": "15000", "length_km": 0.059, "maxspeed_kmh": 85.0}}, {"type": "Feature", "geometry": {"type": "LineString", "coordinates": [[10.8012231, 60.9155296], [10.795389, 60.9155863], [10.7925369, 60.9156176], [10.788836, 60.9156605], [10.784094, 60.9157119], [10.7794314, 60.915758], [10.7779248, 60.9157534], [10.7771719, 60.9157524], [10.7764687, 60.9157501], [10.7746586, 60.9157352], [10.7728024, 60.9156968], [10.7709662, 60.915647], [10.7691716, 60.9155925], [10.76851, 60.9155659], [10.767955, 60.9155531], [10.7673233, 60.9155517], [10.7667609, 60.9155615], [10.7661949, 60.9155861], [10.7656486, 60.915625], [10.7651734, 60.9156697], [10.7647102, 60.9157249], [10.7639903, 60.9158274], [10.7634551, 60.9159331], [10.762834, 60.9160475], [10.7625481, 60.9161025]]}, "properties": {"electrified": "contact_line", "frequency": "16.67", "gauge": "1435", "maxspeed": "130", "name": "Dovrebanen", "operator": "Bane NOR", "passenger_lines": "1", "railway": "rail", "usage": "main", "voltage": "15000", "length_km": 2.109, "maxspeed_kmh": 130.0}}, {"type": "Feature", "geometry": {"type": "LineString", "coordinates": [[10.8353085, 60.9163438], [10.8332829, 60.9162703], [10.8296019, 60.9161454], [10.8272048, 60.9160626], [10.8237552, 60.9159425], [10.8208809, 60.9158481]]}, "properties": {"electrified": "contact_line", "frequency": "16.67", "gauge": "1435", "maxspeed": "130", "name": "Dovrebanen", "operator": "Bane NOR", "passenger_lines": "1", "railway": "rail", "usage": "main", "voltage": "15000", "length_km": 0.785, "maxspeed_kmh": 130.0}}, {"type": "Feature", "geometry": {"type": "LineString", "coordinates": [[10.8435549, 60.9142434], [10.8431159, 60.9145343], [10.842622, 60.9148569], [10.8422632, 60.9150605], [10.8418459, 60.9152606], [10.8413724, 60.9154624], [10.8409839, 60.9156072], [10.8406036, 60.9157294], [10.8402576, 60.9158263], [10.8398886, 60.9159187], [10.8395259, 60.9159998], [10.8390498, 60.9161002], [10.8385782, 60.9161839], [10.8381408, 60.9162412], [10.8377155, 60.9162886], [10.8372285, 60.916323], [10.8368106, 60.9163446], [10.8364348, 60.9163539], [10.8360618, 60.9163568], [10.8355993, 60.916349], [10.8353085, 60.9163438]]}, "properties": {"electrified": "contact_line", "frequency": "16.67", "gauge": "1435", "maxspeed": "100", "name": "Dovrebanen", "operator": "Bane NOR", "passenger_lines": "1", "railway": "rail", "usage": "main", "voltage": "15000", "length_km": 0.533, "maxspeed_kmh": 100.0}}, {"type": "Feature", "geometry": {"type": "LineString", "coordinates": [[10.8855834, 60.8923497], [10.8845113, 60.8929486], [10.884173, 60.8931076], [10.8838399, 60.8932414], [10.8835382, 60.8933476], [10.883209, 60.8934478], [10.8828536, 60.8935383], [10.8824935, 60.893615], [10.8820095, 60.8937138], [10.8814113, 60.8938254], [10.8810724, 60.8939065], [10.8808227, 60.8939708], [10.8805971, 60.8940376], [10.880337, 60.8941243], [10.8801126, 60.8942106], [10.8798819, 60.8943085], [10.8796847, 60.894398], [10.8794153, 60.8945457], [10.8791386, 60.894719], [10.8788708, 60.8949222]]}, "properties": {"electrified": "contact_line", "frequency": "16.67", "gauge": "1435", "maxspeed": "85", "name": "Dovrebanen", "operator": "Bane NOR", "passenger_lines": "1", "railway": "rail", "usage": "main", "voltage": "15000", "length_km": 0.473, "maxspeed_kmh": 85.0}}, {"type": "Feature", "geometry": {"type": "LineString", "coordinates": [[10.9106646, 60.8889862], [10.9101478, 60.8889105], [10.9096814, 60.888824], [10.9092369, 60.8887243], [10.9088338, 60.8886194], [10.9083449, 60.8884711], [10.9079218, 60.8883255], [10.9070234, 60.8880019], [10.9065531, 60.8878421], [10.9062477, 60.8877483], [10.9058182, 60.887627], [10.9053967, 60.887523], [10.9049795, 60.8874296], [10.9045405, 60.8873448], [10.9041011, 60.8872653], [10.9036179, 60.8871944], [10.9032101, 60.8871488], [10.9027618, 60.8870999], [10.9022434, 60.8870611], [10.901641, 60.8870337], [10.9010151, 60.8870266], [10.9004821, 60.8870399], [10.8999382, 60.8870815], [10.8995432, 60.8871315], [10.8991821, 60.8871871], [10.8986851, 60.8872909], [10.8982669, 60.8873967], [10.8977927, 60.8875488], [10.8965087, 60.8879816], [10.8953695, 60.8883696], [10.8941678, 60.8887829], [10.8929395, 60.8892006], [10.8905565, 60.8900186], [10.8893452, 60.890436], [10.8887942, 60.8906466], [10.888241, 60.8908751], [10.8878752, 60.891048], [10.8875396, 60.8912173], [10.8869086, 60.8915645], [10.8855834, 60.8923497]]}, "properties": {"electrified": "contact_line", "frequency": "16.67", "gauge": "1435", "maxspeed": "90", "name": "Dovrebanen", "operator": "Bane NOR", "passenger_lines": "1", "railway": "rail", "usage": "main", "voltage": "15000", "length_km": 1.622, "maxspeed_kmh": 90.0}}, {"type": "Feature", "geometry": {"type": "LineString", "coordinates": [[10.4605835, 61.1169924], [10.4607083, 61.1165939], [10.4607452, 61.11647]]}, "properties": {"electrified": "contact_line", "frequency": "16.67", "gauge": "1435", "maxspeed": "40", "name": "Dovrebanen", "railway": "rail", "service": "siding", "voltage": "15000", "length_km": 0.059, "maxspeed_kmh": 40.0}}, {"type": "Feature", "geometry": {"type": "LineString", "coordinates": [[10.4641107, 61.0893161], [10.4641603, 61.0896143], [10.4642144, 61.0898861], [10.4642838, 61.0901378], [10.4643648, 61.0903722], [10.4644526, 61.0906011], [10.4645478, 61.0908035], [10.4646705, 61.0910547], [10.4646962, 61.0911124], [10.4649282, 61.0915581], [10.4651127, 61.0919492], [10.4651924, 61.092155], [10.4652553, 61.0923338], [10.4653173, 61.0925323], [10.4653776, 61.0927333], [10.4654532, 61.0930108], [10.4657403, 61.0940296], [10.4659463, 61.0947672], [10.4660613, 61.0951397], [10.4661786, 61.095491], [10.4662897, 61.0957718], [10.4663631, 61.0959769]]}, "properties": {"electrified": "contact_line", "frequency": "16.67", "gauge": "1435", "maxspeed": "90", "name": "Dovrebanen", "operator": "Bane NOR", "passenger_lines": "1", "railway": "rail", "usage": "main", "voltage": "15000", "length_km": 0.753, "maxspeed_kmh": 90.0}}, {"type": "Feature", "geometry": {"type": "LineString", "coordinates": [[10.4637602, 61.0878883], [10.4638542, 61.0880622], [10.4639222, 61.0882151], [10.4639762, 61.0883725], [10.4640399, 61.0886488], [10.4640753, 61.0889202], [10.4641107, 61.0893161]]}, "properties": {"electrified": "contact_line", "frequency": "16.67", "gauge": "1435", "maxspeed": "85", "name": "Dovrebanen", "operator": "Bane NOR", "passenger_lines": "1", "railway": "rail", "usage": "main", "voltage": "15000", "length_km": 0.161, "maxspeed_kmh": 85.0}}, {"type": "Feature", "geometry": {"type": "LineString", "coordinates": [[10.4620424, 61.0840328], [10.4625217, 61.08474], [10.4626925, 61.0851602], [10.4627608, 61.0855], [10.4627609, 61.0860083], [10.4627918, 61.0862794], [10.4628441, 61.0865076], [10.4629956, 61.0868493], [10.4632035, 61.087145], [10.4635119, 61.0875515], [10.4636809, 61.0877694]]}, "properties": {"electrified": "contact_line", "frequency": "16.67", "gauge": "1435", "maxspeed": "85", "name": "Dovrebanen", "operator": "Bane NOR", "passenger_lines": "1", "railway": "rail", "usage": "main", "voltage": "15000", "length_km": 0.429, "maxspeed_kmh": 85.0}}, {"type": "Feature", "geometry": {"type": "LineString", "coordinates": [[10.464453, 61.0459573], [10.4642167, 61.0460691], [10.4639357, 61.046209], [10.4637611, 61.0463046], [10.463571, 61.0464184], [10.4633378, 61.0465725], [10.4631163, 61.0467456], [10.4627872, 61.0470847], [10.4623464, 61.0477464], [10.4621883, 61.047968], [10.4620008, 61.0481778], [10.4618342, 61.0483206], [10.4615848, 61.0485114], [10.4609362, 61.0489374], [10.4606688, 61.0491262], [10.4605173, 61.0492473], [10.4603684, 61.0493794], [10.4601973, 61.0495829], [10.4600573, 61.0498182], [10.4599602, 61.0500766], [10.4598883, 61.0503771], [10.4598051, 61.0506653], [10.45974, 61.0508751], [10.4596134, 61.0511736], [10.459439, 61.0514962], [10.4592378, 61.0517961], [10.4590152, 61.0521006], [10.4588387, 61.0523645], [10.458708, 61.0526534], [10.4586609, 61.0528673], [10.4586625, 61.0531164], [10.458701, 61.0533058], [10.4588399, 61.0538025], [10.4588959, 61.0540498], [10.458928, 61.0543016], [10.4589444, 61.0547538]]}, "properties": {"electrified": "contact_line", "frequency": "16.67", "gauge": "1435", "maxspeed": "75", "name": "Dovrebanen", "operator": "Bane NOR", "passenger_lines": "1", "railway": "rail", "usage": "main", "voltage": "15000", "length_km": 1.058, "maxspeed_kmh": 75.0}}, {"type": "Feature", "geometry": {"type": "LineString", "coordinates": [[10.4797631, 61.0402914], [10.4779014, 61.0409228], [10.4772153, 61.0411449], [10.4765042, 61.0413525], [10.4756194, 61.0415683], [10.4747213, 61.0417794], [10.4742055, 61.0419044], [10.4734763, 61.042089], [10.4727875, 61.0422868], [10.4719704, 61.0425422], [10.4714641, 61.0427836], [10.4712896, 61.0428766], [10.4701303, 61.0435771], [10.4687758, 61.0441814], [10.4661203, 61.045203], [10.464453, 61.0459573]]}, "properties": {"electrified": "contact_line", "frequency": "16.67", "gauge": "1435", "maxspeed": "80", "name": "Dovrebanen", "operator": "Bane NOR", "passenger_lines": "1", "railway": "rail", "usage": "main", "voltage": "15000", "length_km": 1.05, "maxspeed_kmh": 80.0}}, {"type": "Feature", "geometry": {"type": "LineString", "coordinates": [[10.4897586, 61.0351645], [10.4889594, 61.0353464], [10.4881494, 61.0355361], [10.4875901, 61.0356874], [10.4871382, 61.0358283], [10.4866428, 61.0360131], [10.4860323, 61.0362811], [10.4856227, 61.0364881], [10.4853668, 61.0366273], [10.4851863, 61.0367251], [10.4848663, 61.0369304], [10.4845458, 61.0371518], [10.4843004, 61.0373356], [10.4840807, 61.0375199], [10.4833916, 61.0381494], [10.4824699, 61.0390059], [10.4819575, 61.0393778], [10.4817872, 61.0394884], [10.4815498, 61.0396124], [10.4812809, 61.0397426], [10.4810975, 61.0398207], [10.4807746, 61.0399446], [10.4803482, 61.0400936], [10.4797631, 61.0402914]]}, "properties": {"electrified": "contact_line", "frequency": "16.67", "gauge": "1435", "maxspeed": "80", "name": "Dovrebanen", "operator": "Bane NOR", "passenger_lines": "1", "railway": "rail", "usage": "main", "voltage": "15000", "length_km": 0.807, "maxspeed_kmh": 80.0}}, {"type": "Feature", "geometry": {"type": "LineString", "coordinates": [[10.4918383, 61.031442], [10.4921848, 61.0317294], [10.4924992, 61.0320074], [10.4927453, 61.0322971], [10.4928285, 61.03244], [10.4928948, 61.0325726], [10.4929639, 61.0328154], [10.4929753, 61.0329567], [10.4929782, 61.0330518], [10.4929519, 61.0332116], [10.492909, 61.0333701], [10.4928473, 61.0335285], [10.492764, 61.033685], [10.4926139, 61.0338754], [10.4924383, 61.0340544], [10.4921576, 61.034287], [10.4919031, 61.0344391], [10.4916297, 61.0345848], [10.4912835, 61.0347405], [10.4909094, 61.0348727], [10.4903448, 61.0350314], [10.4897586, 61.0351645]]}, "properties": {"electrified": "contact_line", "frequency": "16.67", "gauge": "1435", "maxspeed": "75", "name": "Dovrebanen", "operator": "Bane NOR", "passenger_lines": "1", "railway": "rail", "usage": "main", "voltage": "15000", "length_km": 0.504, "maxspeed_kmh": 75.0}}, {"type": "Feature", "geometry": {"type": "LineString", "coordinates": [[10.4100585, 61.1759757], [10.4103266, 61.1762758], [10.4127001, 61.178896], [10.413359, 61.1796204], [10.4138393, 61.1801591], [10.4141919, 61.1805686], [10.415058, 61.1816451], [10.4153422, 61.1819754], [10.4154919, 61.1821374], [10.4156913, 61.1823403], [10.4160475, 61.1826822], [10.416305, 61.1829457], [10.4164212, 61.1830777], [10.4165151, 61.1832007], [10.4166638, 61.1834314], [10.4167315, 61.1835743], [10.4167694, 61.1836696], [10.4168329, 61.1838944], [10.4168659, 61.1841214], [10.4168735, 61.1842321], [10.4168637, 61.1845732], [10.4168342, 61.1848233], [10.4167829, 61.1850896], [10.4166665, 61.1854503], [10.4165725, 61.1856854], [10.4165179, 61.1858033], [10.4164092, 61.1860048], [10.4162714, 61.1862346], [10.4161925, 61.1863524], [10.4160136, 61.1865937], [10.4154469, 61.1872679], [10.4152858, 61.1874884], [10.4152182, 61.1875929], [10.4151688, 61.1876802]]}, "properties": {"electrified": "contact_line", "frequency": "16.67", "gauge": "1435", "maxspeed": "95", "name": "Dovrebanen", "operator": "Bane NOR", "passenger_lines": "1", "railway": "rail", "usage": "main", "voltage": "15000", "length_km": 1.393, "maxspeed_kmh": 95.0}}, {"type": "Feature", "geometry": {"type": "LineString", "coordinates": [[10.410443, 61.1951644], [10.4105904, 61.1952806], [10.4132767, 61.1972553], [10.4137865, 61.1976112], [10.4142211, 61.1978922], [10.4145751, 61.198109], [10.4149832, 61.1983453], [10.4155938, 61.1986748], [10.4159692, 61.1988616], [10.4163411, 61.1990383], [10.4168341, 61.1992592], [10.4177738, 61.1996592], [10.4183201, 61.1999076], [10.4186988, 61.2001013], [10.4188916, 61.2002129], [10.4192194, 61.2004141], [10.4193886, 61.2005317], [10.4196583, 61.2007343], [10.4197829, 61.2008363], [10.4200288, 61.2010601], [10.4201526, 61.2011864], [10.420372, 61.2014284], [10.4205954, 61.2016943], [10.42091, 61.2020851], [10.4214003, 61.2026525], [10.4218982, 61.2031799], [10.4224103, 61.2036806], [10.4228099, 61.2040484], [10.4229843, 61.204201], [10.4234048, 61.2045573], [10.4236939, 61.2047926], [10.4240125, 61.205043], [10.4243146, 61.2052698], [10.424484, 61.205394], [10.4248351, 61.2056355], [10.4251818, 61.2058556], [10.4255777, 61.206086], [10.4259889, 61.206301], [10.4263968, 61.2064963], [10.4268382, 61.2066926], [10.4273368, 61.2069052], [10.4291383, 61.2076565]]}, "properties": {"electrified": "contact_line", "frequency": "16.67", "gauge": "1435", "maxspeed": "110", "name": "Dovrebanen", "operator": "Bane NOR", "passenger_lines": "1", "railway": "rail", "usage": "main", "voltage": "15000", "length_km": 1.737, "maxspeed_kmh": 110.0}}, {"type": "Feature", "geometry": {"type": "LineString", "coordinates": [[10.4153288, 61.1523864], [10.4151942, 61.1525286], [10.4149712, 61.1527484], [10.4147961, 61.1528993], [10.4147029, 61.1529724], [10.4145039, 61.1531133], [10.4143373, 61.1532193], [10.4140541, 61.1533776], [10.4138324, 61.1534847], [10.4135601, 61.1536022], [10.4132867, 61.1537056], [10.4130173, 61.1537938], [10.4127644, 61.1538674], [10.4125353, 61.1539265], [10.4122733, 61.1539857], [10.411768, 61.1540875], [10.4093449, 61.1545275], [10.4079908, 61.1547727], [10.4074478, 61.1548763], [10.4071847, 61.1549322], [10.4069461, 61.1549893], [10.4065799, 61.1550924], [10.4062725, 61.1551991], [10.4060171, 61.1553011], [10.4057726, 61.155415], [10.4056681, 61.1554693], [10.4054655, 61.1555853], [10.4052702, 61.1557142], [10.4050835, 61.1558613], [10.4048684, 61.1560693], [10.4047456, 61.1562196], [10.4045976, 61.1564685], [10.4045225, 61.1566737], [10.4045022, 61.1567605], [10.4044882, 61.1568852], [10.4044924, 61.1570629], [10.4045056, 61.157164], [10.4045689, 61.157384], [10.4046782, 61.1576338], [10.4048191, 61.1579079], [10.4049005, 61.1580817], [10.4049678, 61.1582536], [10.4050036, 61.1583916], [10.4050279, 61.1585433], [10.4050289, 61.1587432], [10.4050112, 61.1588919], [10.4049943, 61.1589632], [10.404964, 61.1590711], [10.4049213, 61.1591851], [10.4048762, 61.1592955], [10.4045956, 61.1598724], [10.4045335, 61.1600451], [10.4045019, 61.1601646], [10.4044799, 61.160298], [10.404476, 61.160485], [10.4045042, 61.1606761], [10.4045743, 61.1609035], [10.4047098, 61.1611998], [10.4047661, 61.161311]]}, "properties": {"electrified": "contact_line", "frequency": "16.67", "gauge": "1435", "maxspeed": "75", "name": "Dovrebanen", "operator": "Bane NOR", "passenger_lines": "1", "railway": "rail", "usage": "main", "voltage": "15000", "length_km": 1.319, "maxspeed_kmh": 75.0}}, {"type": "Feature", "geometry": {"type": "LineString", "coordinates": [[10.4352914, 61.1324929], [10.4349048, 61.1326698], [10.4345222, 61.1328225], [10.4335558, 61.1331324], [10.4320309, 61.1335009], [10.4310342, 61.1337403], [10.4299448, 61.1341295], [10.4296117, 61.1342809], [10.4291046, 61.1345338]]}, "properties": {"electrified": "contact_line", "frequency": "16.67", "gauge": "1435", "maxspeed": "85", "name": "Dovrebanen", "operator": "Bane NOR", "passenger_lines": "1", "railway": "rail", "usage": "main", "voltage": "15000", "length_km": 0.407, "maxspeed_kmh": 85.0}}, {"type": "Feature", "geometry": {"type": "LineString", "coordinates": [[10.4361284, 61.1320835], [10.435753, 61.1322803], [10.4352914, 61.1324929]]}, "properties": {"electrified": "contact_line", "frequency": "16.67", "gauge": "1435", "maxspeed": "125", "name": "Dovrebanen", "operator": "Bane NOR", "passenger_lines": "1", "railway": "rail", "usage": "main", "voltage": "15000", "length_km": 0.064, "maxspeed_kmh": 125.0}}, {"type": "Feature", "geometry": {"type": "LineString", "coordinates": [[10.4613416, 61.1134358], [10.4613685, 61.1133662], [10.4613943, 61.1132888], [10.461412, 61.113216]]}, "properties": {"electrified": "contact_line", "frequency": "16.67", "gauge": "1435", "maxspeed": "20", "name": "Dovrebanen", "railway": "rail", "service": "siding", "voltage": "15000", "length_km": 0.025, "maxspeed_kmh": 20.0}}, {"type": "Feature", "geometry": {"type": "LineString", "coordinates": [[10.460625, 61.1164642], [10.4606517, 61.1162736], [10.4607643, 61.115491], [10.4609089, 61.1145266], [10.4609859, 61.1142464], [10.4610562, 61.1140679], [10.4610872, 61.1139788], [10.4611187, 61.1138923], [10.4611697, 61.113764], [10.4612213, 61.1136662], [10.4612817, 61.1135632], [10.4613139, 61.1135], [10.4613416, 61.1134358]]}, "properties": {"electrified": "contact_line", "frequency": "16.67", "gauge": "1435", "maxspeed": "20", "name": "Dovrebanen", "railway": "rail", "service": "siding", "voltage": "15000", "length_km": 0.34, "maxspeed_kmh": 20.0}}, {"type": "Feature", "geometry": {"type": "LineString", "coordinates": [[9.6297795, 62.3531146], [9.6296503, 62.3533381]]}, "properties": {"electrified": "contact_line", "frequency": "16.67", "gauge": "1435", "maxspeed": "95", "name": "Dovrebanen", "operator": "Bane NOR", "passenger_lines": "1", "railway": "rail", "usage": "main", "voltage": "15000", "length_km": 0.026, "maxspeed_kmh": 95.0}}, {"type": "Feature", "geometry": {"type": "LineString", "coordinates": [[9.6188411, 62.3384697], [9.6188655, 62.3387917]]}, "properties": {"electrified": "contact_line", "frequency": "16.67", "gauge": "1435", "maxspeed": "100", "name": "Dovrebanen", "operator": "Bane NOR", "passenger_lines": "1", "railway": "rail", "usage": "main", "voltage": "15000", "length_km": 0.036, "maxspeed_kmh": 100.0}}, {"type": "Feature", "geometry": {"type": "LineString", "coordinates": [[9.6030276, 62.3051395], [9.6035791, 62.305534], [9.6057812, 62.3071231], [9.6066178, 62.3077339], [9.6067909, 62.3078766], [9.6070484, 62.3080944], [9.6071929, 62.30822], [9.6074116, 62.3084225]]}, "properties": {"electrified": "contact_line", "frequency": "16.67", "gauge": "1435", "maxspeed": "100", "name": "Dovrebanen", "operator": "Bane NOR", "passenger_lines": "1", "railway": "rail", "usage": "main", "voltage": "15000", "length_km": 0.431, "maxspeed_kmh": 100.0}}, {"type": "Feature", "geometry": {"type": "LineString", "coordinates": [[9.6024072, 62.3046873], [9.6030276, 62.3051395]]}, "properties": {"electrified": "contact_line", "frequency": "16.67", "gauge": "1435", "maxspeed": "100", "name": "Dovrebanen", "operator": "Bane NOR", "passenger_lines": "1", "railway": "rail", "usage": "main", "voltage": "15000", "length_km": 0.06, "maxspeed_kmh": 100.0}}, {"type": "Feature", "geometry": {"type": "LineString", "coordinates": [[9.543923, 62.2173209], [9.5437744, 62.2174459], [9.5430046, 62.2181182], [9.5408605, 62.2199787], [9.5393014, 62.2213312], [9.5385969, 62.2219423], [9.5383072, 62.2221936], [9.5380179, 62.2224652]]}, "properties": {"electrified": "contact_line", "frequency": "16.67", "gauge": "1435", "maxspeed": "110", "name": "Dovrebanen", "operator": "Bane NOR", "passenger_lines": "1", "railway": "rail", "usage": "main", "voltage": "15000", "length_km": 0.651, "maxspeed_kmh": 110.0}}, {"type": "Feature", "geometry": {"type": "LineString", "coordinates": [[9.2805035, 62.1219181], [9.2829278, 62.1236576]]}, "properties": {"electrified": "contact_line", "frequency": "16.67", "gauge": "1435", "maxspeed": "130", "name": "Dovrebanen", "operator": "Bane NOR", "passenger_lines": "1", "railway": "rail", "usage": "main", "voltage": "15000", "length_km": 0.232, "maxspeed_kmh": 130.0}}, {"type": "Feature", "geometry": {"type": "LineString", "coordinates": [[9.4302204, 62.1758592], [9.4355023, 62.1754738]]}, "properties": {"electrified": "contact_line", "frequency": "16.67", "gauge": "1435", "maxspeed": "130", "name": "Dovrebanen", "operator": "Bane NOR", "passenger_lines": "1", "railway": "rail", "usage": "main", "voltage": "15000", "length_km": 0.279, "maxspeed_kmh": 130.0}}, {"type": "Feature", "geometry": {"type": "LineString", "coordinates": [[9.1880565, 62.0985612], [9.1890839, 62.0987015], [9.202051, 62.1005159], [9.2025714, 62.1005921], [9.203608, 62.100752]]}, "properties": {"electrified": "contact_line", "frequency": "16.67", "gauge": "1435", "maxspeed": "130", "name": "Dovrebanen", "operator": "Bane NOR", "passenger_lines": "1", "railway": "rail", "usage": "main", "voltage": "15000", "length_km": 0.849, "maxspeed_kmh": 130.0}}, {"type": "Feature", "geometry": {"type": "LineString", "coordinates": [[9.1581147, 62.0960503], [9.1630198, 62.0968861], [9.1637448, 62.0970146], [9.1646678, 62.0971882], [9.1655033, 62.0973584], [9.1666032, 62.097601], [9.1672566, 62.0977554], [9.168348, 62.0980323], [9.1702206, 62.0985374], [9.1708306, 62.0986896], [9.1712178, 62.0987759], [9.1715532, 62.0988425], [9.1719275, 62.09891], [9.1724846, 62.0989953], [9.1727465, 62.0990289]]}, "properties": {"electrified": "contact_line", "frequency": "16.67", "gauge": "1435", "maxspeed": "110", "name": "Dovrebanen", "operator": "Bane NOR", "passenger_lines": "1", "railway": "rail", "usage": "main", "voltage": "15000", "length_km": 0.836, "maxspeed_kmh": 110.0}}, {"type": "Feature", "geometry": {"type": "LineString", "coordinates": [[9.1502721, 62.0973039], [9.1506739, 62.0970644]]}, "properties": {"electrified": "contact_line", "frequency": "16.67", "gauge": "1435", "maxspeed": "130", "name": "Dovrebanen", "operator": "Bane NOR", "passenger_lines": "1", "railway": "rail", "usage": "main", "voltage": "15000", "length_km": 0.034, "maxspeed_kmh": 130.0}}, {"type": "Feature", "geometry": {"type": "LineString", "coordinates": [[9.0984607, 62.1122461], [9.0986468, 62.1121318], [9.0989622, 62.1119608], [9.099188, 62.1118543], [9.0994412, 62.1117478], [9.0996802, 62.1116572], [9.0999074, 62.1115812], [9.1001534, 62.1115048], [9.1005696, 62.111398], [9.1010428, 62.1112979], [9.1015737, 62.1112139], [9.101799, 62.1111863], [9.1020282, 62.1111615], [9.1024485, 62.1111263], [9.1030631, 62.1110897], [9.1031324, 62.1110859]]}, "properties": {"electrified": "contact_line", "frequency": "16.67", "gauge": "1435", "maxspeed": "80", "name": "Dovrebanen", "operator": "Bane NOR", "passenger_lines": "1", "railway": "rail", "usage": "main", "voltage": "15000", "length_km": 0.286, "maxspeed_kmh": 80.0}}, {"type": "Feature", "geometry": {"type": "LineString", "coordinates": [[9.0920432, 62.1110222], [9.0915329, 62.1110645], [9.0911158, 62.1111026], [9.0907978, 62.1111368], [9.0905873, 62.1111634], [9.0902108, 62.1112204], [9.0899365, 62.1112726], [9.0895505, 62.1113605], [9.0893121, 62.1114252], [9.0890552, 62.1115037], [9.088796, 62.1115941], [9.0886055, 62.1116684], [9.0883636, 62.1117744], [9.0881893, 62.1118587], [9.0880391, 62.1119402], [9.087882, 62.1120313], [9.0877007, 62.1121493], [9.0874351, 62.1123551], [9.0872163, 62.1125675], [9.0871061, 62.1127035], [9.0870149, 62.1128369], [9.0869444, 62.1129562], [9.0868844, 62.1130906], [9.086838, 62.1132316], [9.0868154, 62.1133683], [9.0868025, 62.1134714], [9.0868107, 62.1136691], [9.08683, 62.1137905], [9.0868989, 62.1139984], [9.0870837, 62.1143027], [9.0871863, 62.1144446], [9.0872945, 62.1145555], [9.0875308, 62.114779], [9.0876614, 62.1148778], [9.0877949, 62.1149689], [9.0879182, 62.1150484], [9.0880662, 62.1151345], [9.0883207, 62.115263], [9.0885989, 62.1153915]]}, "properties": {"electrified": "contact_line", "frequency": "16.67", "gauge": "1435", "maxspeed": "80", "name": "Dovrebanen", "operator": "Bane NOR", "passenger_lines": "1", "railway": "rail", "usage": "main", "voltage": "15000", "length_km": 0.666, "maxspeed_kmh": 80.0}}, {"type": "Feature", "geometry": {"type": "LineString", "coordinates": [[9.1447066, 62.0875461], [9.1447261, 62.0876573], [9.1447386, 62.0877746], [9.1447363, 62.0878985], [9.1447195, 62.0880425], [9.1446993, 62.0881429], [9.1446692, 62.0882495], [9.1446287, 62.0883512], [9.1445641, 62.0884868], [9.1444765, 62.0886368], [9.1443273, 62.0888341], [9.1441709, 62.0889973], [9.1439959, 62.0891536], [9.1438182, 62.0892892], [9.1436384, 62.0894132], [9.1433403, 62.0896039]]}, "properties": {"electrified": "contact_line", "frequency": "16.67", "gauge": "1435", "maxspeed": "85", "name": "Dovrebanen", "operator": "Bane NOR", "passenger_lines": "1", "railway": "rail", "usage": "main", "voltage": "15000", "length_km": 0.247, "maxspeed_kmh": 85.0}}, {"type": "Feature", "geometry": {"type": "LineString", "coordinates": [[10.0132839, 62.8241427], [10.0132214, 62.8241975], [10.013053, 62.8243479]]}, "properties": {"electrified": "contact_line", "frequency": "16.67", "gauge": "1435", "maxspeed": "85", "name": "Dovrebanen", "operator": "Bane NOR", "passenger_lines": "1", "railway": "rail", "usage": "main", "voltage": "15000", "length_km": 0.026, "maxspeed_kmh": 85.0}}, {"type": "Feature", "geometry": {"type": "LineString", "coordinates": [[10.0133564, 62.8272055], [10.0135548, 62.8273265], [10.0137273, 62.8274223], [10.0140025, 62.8275602], [10.0141544, 62.827629], [10.0145479, 62.8277974]]}, "properties": {"electrified": "contact_line", "frequency": "16.67", "gauge": "1435", "maxspeed": "85", "name": "Dovrebanen", "operator": "Bane NOR", "passenger_lines": "1", "railway": "rail", "usage": "main", "voltage": "15000", "length_km": 0.09, "maxspeed_kmh": 85.0}}, {"type": "Feature", "geometry": {"type": "LineString", "coordinates": [[10.0320306, 62.8176158], [10.0316116, 62.817575], [10.0312723, 62.8175294], [10.0310801, 62.8174966], [10.0307373, 62.8174299], [10.030336, 62.817333], [10.0299585, 62.8172228], [10.0296157, 62.8171123]]}, "properties": {"electrified": "contact_line", "frequency": "16.67", "gauge": "1435", "maxspeed": "80", "name": "Dovrebanen", "operator": "Bane NOR", "passenger_lines": "1", "railway": "rail", "usage": "main", "voltage": "15000", "length_km": 0.137, "maxspeed_kmh": 80.0}}, {"type": "Feature", "geometry": {"type": "LineString", "coordinates": [[10.0370784, 62.814224], [10.0372366, 62.8144023], [10.0374215, 62.8146283], [10.0375131, 62.8147629], [10.0375723, 62.8148653], [10.0376189, 62.8149515], [10.037662, 62.8150557], [10.0376881, 62.8151397], [10.0377058, 62.8152297], [10.0377207, 62.8154087], [10.0377066, 62.8155921], [10.037651, 62.8157919]]}, "properties": {"electrified": "contact_line", "frequency": "16.67", "gauge": "1435", "maxspeed": "80", "name": "Dovrebanen", "operator": "Bane NOR", "passenger_lines": "1", "railway": "rail", "usage": "main", "voltage": "15000", "length_km": 0.18, "maxspeed_kmh": 80.0}}, {"type": "Feature", "geometry": {"type": "LineString", "coordinates": [[9.9890625, 62.7749352], [9.9891768, 62.7750927], [9.9893725, 62.7754012], [9.9894755, 62.7756279], [9.9895234, 62.7757869], [9.9895339, 62.7758481], [9.9895467, 62.7759335], [9.9895498, 62.7761186], [9.9895295, 62.7762729], [9.989494, 62.7764195], [9.9893913, 62.7766992], [9.9892131, 62.7770933], [9.9890966, 62.7773822]]}, "properties": {"electrified": "contact_line", "frequency": "16.67", "gauge": "1435", "maxspeed": "85", "name": "Dovrebanen", "operator": "Bane NOR", "passenger_lines": "1", "railway": "rail", "usage": "main", "voltage": "15000", "length_km": 0.278, "maxspeed_kmh": 85.0}}, {"type": "Feature", "geometry": {"type": "LineString", "coordinates": [[9.9903115, 62.7688102], [9.9899184, 62.7692212], [9.9897521, 62.7694204], [9.9896219, 62.7696209], [9.9895829, 62.7696944], [9.9895185, 62.7698491], [9.9894763, 62.7700119], [9.989464, 62.7700885], [9.9894573, 62.7702085], [9.9894608, 62.7703247], [9.989484, 62.7704751], [9.9895355, 62.7706947], [9.9896266, 62.7709429]]}, "properties": {"electrified": "contact_line", "frequency": "16.67", "gauge": "1435", "maxspeed": "80", "name": "Dovrebanen", "operator": "Bane NOR", "passenger_lines": "1", "railway": "rail", "usage": "main", "voltage": "15000", "length_km": 0.246, "maxspeed_kmh": 80.0}}, {"type": "Feature", "geometry": {"type": "LineString", "coordinates": [[9.985482, 62.7513459], [9.9855791, 62.7515948], [9.9856326, 62.7517043]]}, "properties": {"electrified": "contact_line", "frequency": "16.67", "gauge": "1435", "maxspeed": "85", "name": "Dovrebanen", "operator": "Bane NOR", "passenger_lines": "1", "railway": "rail", "usage": "main", "voltage": "15000", "length_km": 0.041, "maxspeed_kmh": 85.0}}, {"type": "Feature", "geometry": {"type": "LineString", "coordinates": [[9.9853914, 62.7510198], [9.985482, 62.7513459]]}, "properties": {"electrified": "contact_line", "frequency": "16.67", "gauge": "1435", "maxspeed": "110", "name": "Dovrebanen", "operator": "Bane NOR", "passenger_lines": "1", "railway": "rail", "usage": "main", "voltage": "15000", "length_km": 0.037, "maxspeed_kmh": 110.0}}, {"type": "Feature", "geometry": {"type": "LineString", "coordinates": [[9.9973238, 62.7255007], [9.9977321, 62.7261664], [9.9978745, 62.7264544], [9.9979321, 62.7266323], [9.9979723, 62.7268566], [9.9979747, 62.7269788], [9.997965, 62.7271097], [9.9979415, 62.7272355], [9.997907, 62.7273555], [9.9978608, 62.7274753], [9.9978023, 62.7275967], [9.9976474, 62.7278313], [9.9975716, 62.7279262], [9.9974272, 62.7280814], [9.9973345, 62.7281679], [9.9972214, 62.7282628], [9.996982, 62.7284417], [9.9965409, 62.7287151], [9.9964587, 62.7287617]]}, "properties": {"electrified": "contact_line", "frequency": "16.67", "gauge": "1435", "maxspeed": "85", "name": "Dovrebanen", "operator": "Bane NOR", "passenger_lines": "1", "railway": "rail", "usage": "main", "voltage": "15000", "length_km": 0.387, "maxspeed_kmh": 85.0}}, {"type": "Feature", "geometry": {"type": "LineString", "coordinates": [[9.9559233, 62.7010329], [9.956325, 62.7012604], [9.9564703, 62.7013479], [9.9567438, 62.7015136], [9.9569801, 62.7016667], [9.9573315, 62.7019065], [9.9575317, 62.7020537], [9.9579982, 62.7024204], [9.9583959, 62.7027711], [9.9585853, 62.7029563], [9.9588083, 62.7031939], [9.9589527, 62.7033663], [9.9590959, 62.7035574], [9.9592156, 62.7037471], [9.9593054, 62.703905], [9.9594256, 62.7041767], [9.9595021, 62.7044012], [9.9595358, 62.7045312], [9.9595761, 62.7047682], [9.9595984, 62.7050745], [9.9595938, 62.7068382]]}, "properties": {"electrified": "contact_line", "frequency": "16.67", "gauge": "1435", "maxspeed": "95", "name": "Dovrebanen", "operator": "Bane NOR", "passenger_lines": "1", "railway": "rail", "usage": "main", "voltage": "15000", "length_km": 0.695, "maxspeed_kmh": 95.0}}, {"type": "Feature", "geometry": {"type": "LineString", "coordinates": [[9.9388636, 62.6915521], [9.9389716, 62.6917435], [9.9391726, 62.6920187], [9.9392884, 62.6921476], [9.9394952, 62.6923535], [9.9395995, 62.6924442], [9.9397369, 62.6925493], [9.9398632, 62.6926435], [9.9401688, 62.6928532], [9.940764, 62.6932354], [9.9410201, 62.6934078], [9.9413627, 62.6936625], [9.9415503, 62.693823], [9.9416589, 62.6939255], [9.9418565, 62.6941352], [9.9421378, 62.694473], [9.9432312, 62.6958395], [9.9434119, 62.6960513], [9.9435229, 62.6961688], [9.9436453, 62.6962856], [9.9438798, 62.6964883], [9.944127, 62.6966805], [9.9443835, 62.6968545], [9.9445679, 62.6969686], [9.9448112, 62.6971085], [9.9451629, 62.6972865], [9.9455708, 62.697472], [9.9458636, 62.6975882], [9.9461035, 62.6976778], [9.9465259, 62.6978214], [9.9469891, 62.6979634], [9.9507821, 62.6990693], [9.9516994, 62.6993392], [9.9521529, 62.6994773], [9.952993, 62.6997524], [9.9535957, 62.6999721], [9.9540664, 62.7001575], [9.9546966, 62.7004269], [9.9551329, 62.7006301], [9.9554212, 62.7007705], [9.9556213, 62.7008715], [9.9557253, 62.7009267]]}, "properties": {"electrified": "contact_line", "frequency": "16.67", "gauge": "1435", "maxspeed": "95", "name": "Dovrebanen", "operator": "Bane NOR", "passenger_lines": "1", "railway": "rail", "usage": "main", "voltage": "15000", "length_km": 1.401, "maxspeed_kmh": 95.0}}, {"type": "Feature", "geometry": {"type": "LineString", "coordinates": [[9.9226857, 62.6710963], [9.9228574, 62.6711349], [9.9231668, 62.6712094], [9.9235095, 62.6712972], [9.9239062, 62.6714101], [9.9242715, 62.6715284], [9.924448, 62.6715905], [9.9247492, 62.6717067], [9.9248901, 62.6717655], [9.9251705, 62.6718935], [9.9253528, 62.6719847], [9.9255712, 62.6721016], [9.9259508, 62.6723224]]}, "properties": {"electrified": "contact_line", "frequency": "16.67", "gauge": "1435", "maxspeed": "90", "name": "Dovrebanen", "operator": "Bane NOR", "passenger_lines": "1", "railway": "rail", "usage": "main", "voltage": "15000", "length_km": 0.219, "maxspeed_kmh": 90.0}}, {"type": "Feature", "geometry": {"type": "LineString", "coordinates": [[9.918927, 62.6705509], [9.9196047, 62.670601], [9.92016, 62.6706523], [9.9204376, 62.6706826], [9.9209383, 62.6707511], [9.9212184, 62.6707966], [9.9214905, 62.6708456], [9.9218258, 62.670911], [9.9222925, 62.671011]]}, "properties": {"electrified": "contact_line", "frequency": "16.67", "gauge": "1435", "maxspeed": "90", "name": "Dovrebanen", "operator": "Bane NOR", "passenger_lines": "1", "railway": "rail", "usage": "main", "voltage": "15000", "length_km": 0.181, "maxspeed_kmh": 90.0}}, {"type": "Feature", "geometry": {"type": "LineString", "coordinates": [[9.8854931, 62.6549693], [9.8859703, 62.6553448], [9.8861932, 62.6555358], [9.8863865, 62.6557139], [9.8866115, 62.6559366], [9.8867352, 62.6560667], [9.8869495, 62.6563154], [9.8871643, 62.6565821], [9.8875621, 62.6570997], [9.8880149, 62.6576735], [9.8883097, 62.6580162], [9.8884104, 62.6581233], [9.888669, 62.658376], [9.8888712, 62.658553], [9.8890739, 62.6587192], [9.889364, 62.6589385], [9.8895323, 62.6590569], [9.8899085, 62.6593014], [9.8902284, 62.6594926], [9.8906652, 62.6597308], [9.8920553, 62.6604545], [9.8927168, 62.660814], [9.8930163, 62.6609911], [9.8931633, 62.6610836], [9.8933922, 62.6612327], [9.8935968, 62.6613754], [9.8938705, 62.6615798], [9.8942611, 62.6618973], [9.8967229, 62.6640508], [9.8976047, 62.6648113], [9.8978782, 62.665025]]}, "properties": {"electrified": "contact_line", "frequency": "16.67", "gauge": "1435", "maxspeed": "120", "name": "Dovrebanen", "operator": "Bane NOR", "passenger_lines": "1", "railway": "rail", "usage": "main", "voltage": "15000", "length_km": 1.297, "maxspeed_kmh": 120.0}}, {"type": "Feature", "geometry": {"type": "LineString", "coordinates": [[9.7493521, 62.6120058], [9.7526705, 62.6139207], [9.7529029, 62.6140645], [9.7536447, 62.6144853], [9.7538633, 62.6146152], [9.7559432, 62.6158121], [9.756977, 62.6164069], [9.7573392, 62.6166206], [9.758024, 62.6170096], [9.7658898, 62.6215496], [9.7665945, 62.6219456], [9.7672187, 62.6222848], [9.7678631, 62.622625], [9.7685498, 62.6229792], [9.7693075, 62.6233556], [9.7700457, 62.6237125], [9.7708743, 62.6240986], [9.7714064, 62.6243383], [9.7722679, 62.6247176], [9.7728881, 62.624983], [9.7738675, 62.6253894], [9.7745507, 62.6256629], [9.7754082, 62.6259959], [9.7760215, 62.6262273], [9.7767941, 62.6265114], [9.7778683, 62.6268927], [9.7786914, 62.6271756], [9.7795162, 62.627449], [9.7799922, 62.627603], [9.7808772, 62.6278809], [9.7862247, 62.6295199]]}, "properties": {"electrified": "contact_line", "frequency": "16.67", "gauge": "1435", "maxspeed": "120", "name": "Dovrebanen", "operator": "Bane NOR", "passenger_lines": "1", "railway": "rail", "usage": "main", "voltage": "15000", "length_km": 2.74, "maxspeed_kmh": 120.0}}, {"type": "Feature", "geometry": {"type": "LineString", "coordinates": [[9.6869675, 62.5904773], [9.6879105, 62.5909458], [9.6888045, 62.5913439], [9.6896212, 62.5916557]]}, "properties": {"electrified": "contact_line", "frequency": "16.67", "gauge": "1435", "maxspeed": "100", "name": "Dovrebanen", "operator": "Bane NOR", "passenger_lines": "1", "railway": "rail", "usage": "main", "voltage": "15000", "length_km": 0.19, "maxspeed_kmh": 100.0}}, {"type": "Feature", "geometry": {"type": "LineString", "coordinates": [[10.28428, 63.049007], [10.2846601, 63.0500993], [10.2846869, 63.050176], [10.2849613, 63.050961], [10.2851311, 63.0514404]]}, "properties": {"electrified": "contact_line", "frequency": "16.67", "gauge": "1435", "maxspeed": "75", "name": "Dovrebanen", "operator": "Bane NOR", "passenger_lines": "1", "railway": "rail", "usage": "main", "voltage": "15000", "length_km": 0.275, "maxspeed_kmh": 75.0}}, {"type": "Feature", "geometry": {"type": "LineString", "coordinates": [[10.2851311, 63.0514404], [10.2851775, 63.0515646], [10.2855554, 63.0526487], [10.2857271, 63.0531337], [10.2860127, 63.0539481], [10.286236, 63.0545844], [10.2865896, 63.0555807], [10.2867624, 63.0560854], [10.2870306, 63.0568553], [10.2872037, 63.057346]]}, "properties": {"electrified": "contact_line", "frequency": "16.67", "gauge": "1435", "maxspeed": "75", "name": "Dovrebanen", "operator": "Bane NOR", "passenger_lines": "1", "railway": "rail", "usage": "main", "voltage": "15000", "length_km": 0.667, "maxspeed_kmh": 75.0}}, {"type": "Feature", "geometry": {"type": "LineString", "coordinates": [[10.282037, 63.0456246], [10.282322, 63.0459031], [10.2827575, 63.0463326]]}, "properties": {"electrified": "contact_line", "frequency": "16.67", "gauge": "1435", "maxspeed": "75", "name": "Dovrebanen", "operator": "Bane NOR", "passenger_lines": "1", "railway": "rail", "usage": "main", "voltage": "15000", "length_km": 0.087, "maxspeed_kmh": 75.0}}, {"type": "Feature", "geometry": {"type": "LineString", "coordinates": [[10.2871218, 63.0350934], [10.2875385, 63.0351685], [10.2879694, 63.0352643], [10.2883248, 63.0353543], [10.2886196, 63.0354444], [10.28888, 63.0355374], [10.289167, 63.0356529], [10.2894107, 63.0357723]]}, "properties": {"electrified": "contact_line", "frequency": "16.67", "gauge": "1435", "maxspeed": "75", "name": "Dovrebanen", "operator": "Bane NOR", "passenger_lines": "1", "railway": "rail", "usage": "main", "voltage": "15000", "length_km": 0.14, "maxspeed_kmh": 75.0}}, {"type": "Feature", "geometry": {"type": "LineString", "coordinates": [[10.2585031, 63.0291819], [10.2587119, 63.0292616], [10.2591357, 63.0294155], [10.2594294, 63.0295201], [10.2597593, 63.0296229], [10.2601817, 63.0297464], [10.2607195, 63.0298845], [10.2611513, 63.0299781], [10.2615255, 63.0300481], [10.2618675, 63.0301107], [10.2628894, 63.0302755], [10.2634849, 63.0303716], [10.263977, 63.0304592], [10.2644572, 63.0305626], [10.2648944, 63.0306697], [10.2652886, 63.030784], [10.2656937, 63.0309129], [10.265974, 63.0310169], [10.2663857, 63.0311812], [10.2666432, 63.0312998], [10.2669489, 63.0314536], [10.2671716, 63.0315795], [10.267653, 63.0318721], [10.2681479, 63.032164], [10.2684765, 63.0323404], [10.2687889, 63.0324924], [10.2690625, 63.032614], [10.2694112, 63.032757], [10.2699074, 63.0329315], [10.2703124, 63.0330616], [10.2707966, 63.0331991]]}, "properties": {"electrified": "contact_line", "frequency": "16.67", "gauge": "1435", "maxspeed": "100", "name": "Dovrebanen", "operator": "Bane NOR", "passenger_lines": "1", "railway": "rail", "usage": "main", "voltage": "15000", "length_km": 0.781, "maxspeed_kmh": 100.0}}, {"type": "Feature", "geometry": {"type": "LineString", "coordinates": [[10.2344808, 63.0049712], [10.234981, 63.0053353], [10.2351822, 63.0055075], [10.2353793, 63.0056981], [10.2355215, 63.0058752], [10.2356489, 63.0060591], [10.2357495, 63.0062398], [10.2358246, 63.0063945]]}, "properties": {"electrified": "contact_line", "frequency": "16.67", "gauge": "1435", "maxspeed": "85", "name": "Dovrebanen", "operator": "Bane NOR", "passenger_lines": "1", "railway": "rail", "usage": "main", "voltage": "15000", "length_km": 0.174, "maxspeed_kmh": 85.0}}, {"type": "Feature", "geometry": {"type": "LineString", "coordinates": [[10.2399246, 62.9937991], [10.2395497, 62.9939763], [10.2389389, 62.9942453], [10.2386259, 62.994373], [10.2380177, 62.9946109], [10.2376452, 62.9947475], [10.2370215, 62.9949646], [10.23542, 62.9954961], [10.2348945, 62.9956803]]}, "properties": {"electrified": "contact_line", "frequency": "16.67", "gauge": "1435", "maxspeed": "105", "name": "Dovrebanen", "operator": "Bane NOR", "passenger_lines": "1", "railway": "rail", "usage": "main", "voltage": "15000", "length_km": 0.331, "maxspeed_kmh": 105.0}}, {"type": "Feature", "geometry": {"type": "LineString", "coordinates": [[10.2390626, 62.9874253], [10.239182, 62.9875002]]}, "properties": {"electrified": "contact_line", "frequency": "16.67", "gauge": "1435", "maxspeed": "85", "name": "Dovrebanen", "operator": "Bane NOR", "passenger_lines": "1", "railway": "rail", "usage": "main", "voltage": "15000", "length_km": 0.01, "maxspeed_kmh": 85.0}}, {"type": "Feature", "geometry": {"type": "LineString", "coordinates": [[10.2192695, 62.9790125], [10.219648, 62.9790102], [10.2201437, 62.9790197], [10.2205315, 62.9790366], [10.2208938, 62.9790617], [10.2212862, 62.9790981], [10.2217641, 62.9791552], [10.2220686, 62.9792003], [10.2225388, 62.9792833], [10.2228845, 62.9793518], [10.2231932, 62.9794233], [10.2235035, 62.9795034], [10.2237776, 62.9795792], [10.2240627, 62.9796687], [10.2244352, 62.9797936], [10.2247898, 62.9799235], [10.225357, 62.9801389], [10.2256408, 62.9802522], [10.2261805, 62.9804785], [10.226691, 62.9807047], [10.2273801, 62.9810302], [10.2277531, 62.9812167], [10.2280673, 62.9813829], [10.228505, 62.9816218], [10.228905, 62.9818532], [10.2292281, 62.9820475], [10.2295307, 62.9822369], [10.2311727, 62.9832833], [10.2316268, 62.9835506], [10.2318656, 62.9836836], [10.2323696, 62.9839463], [10.2325448, 62.9840326], [10.2331033, 62.9842925], [10.2335781, 62.9844945], [10.2349423, 62.9850748], [10.2353588, 62.9852643], [10.2357425, 62.9854487], [10.2361027, 62.9856316], [10.2364118, 62.985795], [10.2367843, 62.9860062], [10.237081, 62.9861824], [10.2387685, 62.9872408], [10.2390626, 62.9874253]]}, "properties": {"electrified": "contact_line", "frequency": "16.67", "gauge": "1435", "maxspeed": "90", "name": "Dovrebanen", "operator": "Bane NOR", "passenger_lines": "1", "railway": "rail", "usage": "main", "voltage": "15000", "length_km": 1.415, "maxspeed_kmh": 90.0}}, {"type": "Feature", "geometry": {"type": "LineString", "coordinates": [[10.1779304, 62.9676072], [10.1780391, 62.9676513], [10.1783615, 62.9677674], [10.1786949, 62.9678728], [10.1790722, 62.9679736], [10.1794996, 62.9680715], [10.1805501, 62.968278], [10.1811491, 62.9684003], [10.1818327, 62.9685513], [10.182554, 62.968728], [10.1830976, 62.9688737], [10.1838662, 62.9690974], [10.184423, 62.9692723], [10.1849687, 62.9694555], [10.1854408, 62.9696251], [10.1879639, 62.9705855], [10.1886468, 62.9708296], [10.1894623, 62.9711082], [10.1900149, 62.9712885], [10.1920953, 62.971936], [10.1925937, 62.9721056], [10.1928389, 62.9721963], [10.1932226, 62.9723521], [10.193666, 62.9725555], [10.1941581, 62.9728041], [10.1951159, 62.9733042], [10.1955166, 62.9735027], [10.1957433, 62.9736043], [10.1959763, 62.9737008], [10.1962032, 62.9737847], [10.1964762, 62.9738756], [10.1969024, 62.9739978], [10.1971929, 62.9740684], [10.1974148, 62.9741166], [10.197882, 62.9742056], [10.1985908, 62.9743225]]}, "properties": {"electrified": "contact_line", "frequency": "16.67", "gauge": "1435", "maxspeed": "85", "name": "Dovrebanen", "operator": "Bane NOR", "passenger_lines": "1", "railway": "rail", "usage": "main", "voltage": "15000", "length_km": 1.299, "maxspeed_kmh": 85.0}}, {"type": "Feature", "geometry": {"type": "LineString", "coordinates": [[10.1760703, 62.9645193], [10.1760503, 62.9648164], [10.1760067, 62.9651616]]}, "properties": {"electrified": "contact_line", "frequency": "16.67", "gauge": "1435", "maxspeed": "130", "name": "Dovrebanen", "operator": "Bane NOR", "passenger_lines": "1", "railway": "rail", "usage": "main", "voltage": "15000", "length_km": 0.072, "maxspeed_kmh": 130.0}}, {"type": "Feature", "geometry": {"type": "LineString", "coordinates": [[10.1824559, 62.9354474], [10.1825361, 62.9356341], [10.1826649, 62.9359663], [10.1827099, 62.9361045], [10.1828231, 62.9365162], [10.1828724, 62.9367529], [10.1829207, 62.937076], [10.1829452, 62.9373295], [10.1829535, 62.9375554], [10.1829527, 62.9379079], [10.1828928, 62.9396984], [10.1828903, 62.9399781], [10.1829101, 62.9403527], [10.1829838, 62.9408294], [10.1833815, 62.942793], [10.1834708, 62.9433884], [10.1835163, 62.9437893], [10.1835544, 62.9442776], [10.1835736, 62.9448262], [10.1835703, 62.9452224], [10.1835482, 62.9455742], [10.1835037, 62.9459158], [10.1834544, 62.9461649], [10.1833683, 62.9464873], [10.1832586, 62.9468104], [10.1831412, 62.9470968], [10.1830085, 62.9473765], [10.1828361, 62.9476926], [10.1826616, 62.9479739], [10.1825522, 62.9481344], [10.1824178, 62.9483192], [10.182168, 62.9486349], [10.1820263, 62.9488009], [10.181774, 62.9490796], [10.1810033, 62.9498919], [10.1807951, 62.9501254], [10.1805482, 62.9504198], [10.1802983, 62.9507483], [10.1802081, 62.9508785], [10.1798597, 62.9514364]]}, "properties": {"electrified": "contact_line", "frequency": "16.67", "gauge": "1435", "maxspeed": "130", "name": "Dovrebanen", "operator": "Bane NOR", "passenger_lines": "1", "railway": "rail", "usage": "main", "voltage": "15000", "length_km": 1.816, "maxspeed_kmh": 130.0}}, {"type": "Feature", "geometry": {"type": "LineString", "coordinates": [[10.1497389, 62.9218453], [10.1498931, 62.9219033], [10.1502191, 62.9220166], [10.151046, 62.9222837], [10.151539, 62.9224518], [10.1519002, 62.9225919], [10.1521914, 62.9227219], [10.1524855, 62.9228741], [10.1526133, 62.9229485], [10.1528204, 62.9230812], [10.1530178, 62.9232304], [10.1531931, 62.9233862], [10.1532776, 62.923472], [10.1533489, 62.9235557], [10.1534304, 62.9236514], [10.1535605, 62.9238346], [10.1536216, 62.9239358]]}, "properties": {"electrified": "contact_line", "frequency": "16.67", "gauge": "1435", "maxspeed": "75", "name": "Dovrebanen", "operator": "Bane NOR", "passenger_lines": "1", "railway": "rail", "usage": "main", "voltage": "15000", "length_km": 0.314, "maxspeed_kmh": 75.0}}, {"type": "Feature", "geometry": {"type": "LineString", "coordinates": [[10.1284143, 62.9069209], [10.1299751, 62.9073124], [10.1304582, 62.9074438], [10.1307171, 62.9075211], [10.1310644, 62.9076368], [10.1312304, 62.9076959], [10.131523, 62.9078102], [10.1317143, 62.9078908]]}, "properties": {"electrified": "contact_line", "frequency": "16.67", "gauge": "1435", "maxspeed": "95", "name": "Dovrebanen", "operator": "Bane NOR", "passenger_lines": "1", "railway": "rail", "usage": "main", "voltage": "15000", "length_km": 0.2, "maxspeed_kmh": 95.0}}, {"type": "Feature", "geometry": {"type": "LineString", "coordinates": [[10.1049345, 62.8868394], [10.1050061, 62.8870329], [10.1051199, 62.8873774], [10.1052248, 62.8877312]]}, "properties": {"electrified": "contact_line", "frequency": "16.67", "gauge": "1435", "maxspeed": "130", "name": "Dovrebanen", "operator": "Bane NOR", "passenger_lines": "1", "railway": "rail", "usage": "main", "voltage": "15000", "length_km": 0.101, "maxspeed_kmh": 130.0}}, {"type": "Feature", "geometry": {"type": "LineString", "coordinates": [[10.1111558, 62.8970935], [10.1115076, 62.8974559], [10.1124295, 62.8983875], [10.1127539, 62.8987236], [10.1134848, 62.8994325], [10.113801, 62.8997231], [10.1140336, 62.8999262], [10.1142806, 62.9001293], [10.1144582, 62.9002666], [10.1148804, 62.9005802], [10.1155042, 62.9010228], [10.1164213, 62.9016559], [10.1172897, 62.9022345], [10.1176436, 62.9024649], [10.1183881, 62.9029346], [10.1184597, 62.9029785]]}, "properties": {"electrified": "contact_line", "frequency": "16.67", "gauge": "1435", "maxspeed": "130", "name": "Dovrebanen", "operator": "Bane NOR", "passenger_lines": "1", "railway": "rail", "usage": "main", "voltage": "15000", "length_km": 0.756, "maxspeed_kmh": 130.0}}, {"type": "Feature", "geometry": {"type": "LineString", "coordinates": [[10.1042354, 62.8855714], [10.1043436, 62.8857252], [10.1046275, 62.8861863], [10.1048392, 62.886612], [10.1049046, 62.886765]]}, "properties": {"electrified": "contact_line", "frequency": "16.67", "gauge": "1435", "maxspeed": "130", "name": "Dovrebanen", "operator": "Bane NOR", "passenger_lines": "1", "railway": "rail", "usage": "main", "voltage": "15000", "length_km": 0.137, "maxspeed_kmh": 130.0}}, {"type": "Feature", "geometry": {"type": "LineString", "coordinates": [[10.0637542, 62.8653124], [10.0641146, 62.8651949], [10.0645267, 62.8650643], [10.0649677, 62.8649327], [10.0653847, 62.864823], [10.0657882, 62.8647304], [10.0662355, 62.8646432], [10.0665633, 62.86459], [10.066999, 62.8645293], [10.0673785, 62.8644854], [10.0677229, 62.8644545], [10.0681234, 62.8644267], [10.0685033, 62.8644107], [10.0688732, 62.8644013], [10.0692579, 62.8644018], [10.0696303, 62.8644088], [10.0700085, 62.8644251], [10.0709302, 62.8644847], [10.0713623, 62.8645199], [10.0719742, 62.8645766], [10.0728839, 62.8646775], [10.0735732, 62.8647708], [10.0738992, 62.8648213], [10.0745698, 62.8649353], [10.0749583, 62.8650109], [10.075358, 62.8650943], [10.0756708, 62.8651621], [10.0761796, 62.8652793], [10.0764443, 62.8653432], [10.0770958, 62.8655119], [10.0773361, 62.8655762], [10.0776333, 62.8656619], [10.0784937, 62.8659228], [10.0787671, 62.8660149], [10.0792302, 62.8661817], [10.0796342, 62.8663449], [10.0800302, 62.8665191], [10.0806792, 62.8668219]]}, "properties": {"electrified": "contact_line", "frequency": "16.67", "gauge": "1435", "maxspeed": "100", "name": "Dovrebanen", "operator": "Bane NOR", "passenger_lines": "1", "railway": "rail", "usage": "main", "voltage": "15000", "length_km": 0.961, "maxspeed_kmh": 100.0}}, {"type": "Feature", "geometry": {"type": "LineString", "coordinates": [[10.0405383, 62.8696533], [10.0412222, 62.8696574], [10.0418844, 62.8696527], [10.0422834, 62.8696441], [10.042897, 62.8696207], [10.0432564, 62.8695998], [10.0438843, 62.8695521], [10.044482, 62.8694903], [10.0447375, 62.8694607], [10.0452372, 62.8693912], [10.0454539, 62.8693591], [10.0459326, 62.8692783], [10.0464826, 62.869173], [10.0467044, 62.869126], [10.0471278, 62.8690286], [10.0477244, 62.8688784], [10.0489379, 62.8685477], [10.0494882, 62.8684022], [10.0503079, 62.8682057], [10.0509272, 62.8680708], [10.051775, 62.8679023], [10.0596269, 62.8664112], [10.0605749, 62.8662178], [10.0612949, 62.8660493], [10.0616826, 62.8659488], [10.0623777, 62.8657517], [10.0630344, 62.8655471], [10.0637542, 62.8653124]]}, "properties": {"electrified": "contact_line", "frequency": "16.67", "gauge": "1435", "maxspeed": "115", "name": "Dovrebanen", "operator": "Bane NOR", "passenger_lines": "1", "railway": "rail", "usage": "main", "voltage": "15000", "length_km": 1.292, "maxspeed_kmh": 115.0}}, {"type": "Feature", "geometry": {"type": "LineString", "coordinates": [[10.0298682, 62.867512], [10.0301847, 62.8677088], [10.0304518, 62.8678608], [10.0307194, 62.8680009], [10.0309111, 62.8680927], [10.0313398, 62.8682794], [10.0315474, 62.8683595], [10.0317523, 62.8684347], [10.032194, 62.868581], [10.0326267, 62.8687054], [10.033047, 62.8688119], [10.0332748, 62.8688634], [10.0336906, 62.8689495], [10.0341636, 62.8690307], [10.0346829, 62.8691057], [10.0356951, 62.8692337], [10.0373259, 62.8694311], [10.0378483, 62.8694908], [10.038469, 62.8695546], [10.0387323, 62.8695759], [10.0393811, 62.8696176], [10.0396658, 62.8696302], [10.0402563, 62.8696474], [10.0405383, 62.8696533]]}, "properties": {"electrified": "contact_line", "frequency": "16.67", "gauge": "1435", "maxspeed": "100", "name": "Dovrebanen", "operator": "Bane NOR", "passenger_lines": "1", "railway": "rail", "usage": "main", "voltage": "15000", "length_km": 0.614, "maxspeed_kmh": 100.0}}, {"type": "Feature", "geometry": {"type": "LineString", "coordinates": [[10.0224719, 62.8423565], [10.0225459, 62.8425253], [10.0226368, 62.842752], [10.0247961, 62.8481846], [10.0249073, 62.8484782], [10.0249942, 62.8487386], [10.0250719, 62.8490408], [10.0251245, 62.8493344], [10.0251411, 62.8494724], [10.0251571, 62.8497716], [10.0251561, 62.8499141], [10.0251497, 62.8500783], [10.0251206, 62.8503556], [10.0251013, 62.8504838], [10.0250325, 62.8507918], [10.0249404, 62.8510958], [10.0247752, 62.8515098], [10.024716, 62.8516362], [10.0243174, 62.8524029], [10.0241111, 62.8528488], [10.0239819, 62.8531661], [10.0238557, 62.8535093], [10.0237221, 62.853938], [10.0236362, 62.8542645], [10.0235253, 62.8548089], [10.0234859, 62.8550691], [10.0234453, 62.8554166], [10.023393, 62.8560642], [10.0233557, 62.8566931], [10.0233299, 62.8572906], [10.023316, 62.8578852], [10.0233234, 62.8587862], [10.0233669, 62.8593479], [10.0233915, 62.8595458], [10.0234542, 62.8599193], [10.0235071, 62.8601502], [10.0235705, 62.8603651], [10.0237256, 62.8607723], [10.0239174, 62.8611504], [10.0240798, 62.8614186], [10.0242616, 62.8616725], [10.0248964, 62.8625021], [10.0256869, 62.8634876], [10.0263866, 62.8643227], [10.0267477, 62.8647396], [10.0271358, 62.8651735], [10.0273917, 62.8654476], [10.0277597, 62.8658267], [10.0280076, 62.8660709], [10.0282569, 62.8663047], [10.0285407, 62.8665498], [10.0288524, 62.8668017], [10.02916, 62.8670321], [10.0295316, 62.8672935], [10.0297386, 62.8674315], [10.0298682, 62.867512]]}, "properties": {"electrified": "contact_line", "frequency": "16.67", "gauge": "1435", "maxspeed": "130", "name": "Dovrebanen", "operator": "Bane NOR", "passenger_lines": "1", "railway": "rail", "usage": "main", "voltage": "15000", "length_km": 2.891, "maxspeed_kmh": 130.0}}, {"type": "Feature", "geometry": {"type": "LineString", "coordinates": [[10.0145479, 62.8277974], [10.0154129, 62.8281558], [10.01562, 62.8282468], [10.0159818, 62.828419], [10.0162937, 62.8285877], [10.0164938, 62.8287096], [10.0166371, 62.8288017], [10.0169, 62.8289918], [10.0170031, 62.8290724], [10.0171799, 62.8292247], [10.0173716, 62.829416], [10.0175161, 62.8295798], [10.0176603, 62.829766], [10.0181631, 62.8304884], [10.0183735, 62.830748], [10.0185834, 62.8309707], [10.018715, 62.8310976], [10.0189499, 62.8313011], [10.0193018, 62.8315695], [10.0197883, 62.8318986], [10.0202202, 62.8321732], [10.0205501, 62.8323914], [10.0208046, 62.8325739], [10.0210079, 62.83274], [10.0211224, 62.8328434], [10.0212542, 62.8329768], [10.0213685, 62.8331022], [10.0214835, 62.8332479], [10.0215862, 62.8333967], [10.0216655, 62.8335367], [10.0217811, 62.8337947], [10.0218258, 62.8339362], [10.0218622, 62.8341189], [10.0218832, 62.8342533], [10.0218866, 62.8344536], [10.0218412, 62.8347531], [10.0217894, 62.8349342], [10.0217513, 62.8350417], [10.0216678, 62.8352371], [10.0214285, 62.8357172], [10.0203749, 62.8378306], [10.0202451, 62.838113], [10.0201647, 62.8383338], [10.0201044, 62.8386263], [10.0200949, 62.8387216], [10.0200952, 62.8388604], [10.0201087, 62.8390463], [10.0201523, 62.8392539], [10.0202327, 62.8394785], [10.0203356, 62.8396872], [10.0203878, 62.8397783], [10.0204914, 62.8399297], [10.020602, 62.8400727], [10.0207177, 62.8402037], [10.0209468, 62.840439], [10.0212674, 62.8407476], [10.0215667, 62.8410487], [10.0218527, 62.8413733], [10.0220115, 62.8415809], [10.0222285, 62.8419033], [10.0223471, 62.8421115], [10.0224719, 62.8423565]]}, "properties": {"electrified": "contact_line", "frequency": "16.67", "gauge": "1435", "maxspeed": "95", "name": "Dovrebanen", "operator": "Bane NOR", "passenger_lines": "1", "railway": "rail", "usage": "main", "voltage": "15000", "length_km": 1.761, "maxspeed_kmh": 95.0}}, {"type": "Feature", "geometry": {"type": "LineString", "coordinates": [[9.6195303, 62.5301239], [9.6196271, 62.5301423], [9.6198001, 62.5301713], [9.6201447, 62.530222], [9.6204102, 62.5302529], [9.6208941, 62.5302953], [9.6214059, 62.530319], [9.6216008, 62.5303215], [9.6220815, 62.5303175], [9.622551, 62.530296], [9.6229982, 62.5302599], [9.6233868, 62.5302206], [9.6237371, 62.5301818]]}, "properties": {"electrified": "contact_line", "frequency": "16.67", "gauge": "1435", "maxspeed": "85", "name": "Dovrebanen", "operator": "Bane NOR", "passenger_lines": "1", "railway": "rail", "usage": "main", "voltage": "15000", "length_km": 0.221, "maxspeed_kmh": 85.0}}, {"type": "Feature", "geometry": {"type": "LineString", "coordinates": [[9.6237371, 62.5301818], [9.6243689, 62.5301119], [9.6249091, 62.5300658], [9.625439, 62.5300416], [9.6257983, 62.5300369], [9.6261979, 62.5300437], [9.6265921, 62.5300663], [9.6270459, 62.5301079], [9.6276348, 62.5301888], [9.6281834, 62.5302938], [9.6286786, 62.5304183], [9.6292665, 62.530598], [9.6294176, 62.5306482]]}, "properties": {"electrified": "contact_line", "frequency": "16.67", "gauge": "1435", "maxspeed": "85", "name": "Dovrebanen", "operator": "Bane NOR", "passenger_lines": "1", "railway": "rail", "usage": "main", "voltage": "15000", "length_km": 0.31, "maxspeed_kmh": 85.0}}, {"type": "Feature", "geometry": {"type": "LineString", "coordinates": [[9.5955067, 62.5093456], [9.5967266, 62.5094354]]}, "properties": {"electrified": "contact_line", "frequency": "16.67", "gauge": "1435", "maxspeed": "95", "name": "Dovrebanen", "operator": "Bane NOR", "passenger_lines": "1", "railway": "rail", "tunnel": "yes", "usage": "main", "voltage": "15000", "length_km": 0.064, "maxspeed_kmh": 95.0}}, {"type": "Feature", "geometry": {"type": "LineString", "coordinates": [[9.5949342, 62.5092944], [9.5952494, 62.5093217]]}, "properties": {"electrified": "contact_line", "frequency": "16.67", "gauge": "1435", "maxspeed": "95", "name": "Dovrebanen", "operator": "Bane NOR", "passenger_lines": "1", "railway": "rail", "tunnel": "yes", "usage": "main", "voltage": "15000", "length_km": 0.017, "maxspeed_kmh": 95.0}}, {"type": "Feature", "geometry": {"type": "LineString", "coordinates": [[10.2293771, 63.1010779], [10.2290815, 63.1019321], [10.2289286, 63.102454], [10.228301, 63.1048005]]}, "properties": {"electrified": "contact_line", "frequency": "16.67", "gauge": "1435", "maxspeed": "110", "name": "Dovrebanen", "operator": "Bane NOR", "passenger_lines": "1", "railway": "rail", "usage": "main", "voltage": "15000", "length_km": 0.419, "maxspeed_kmh": 110.0}}, {"type": "Feature", "geometry": {"type": "LineString", "coordinates": [[10.2917524, 63.1614759], [10.2942476, 63.162315], [10.2949182, 63.1625526], [10.295505, 63.1627869], [10.2959437, 63.1629886], [10.2961145, 63.1630725], [10.2964316, 63.1632384], [10.2967766, 63.1634342], [10.2972023, 63.1637094], [10.29742, 63.1638637], [10.2977848, 63.1641522], [10.2980384, 63.1643796], [10.2981968, 63.1645382], [10.2983623, 63.1647178], [10.2984929, 63.1648764], [10.298611, 63.1650304], [10.2987492, 63.1652388], [10.2988732, 63.1654491], [10.2989878, 63.1656622]]}, "properties": {"electrified": "contact_line", "frequency": "16.67", "gauge": "1435", "maxspeed": "95", "name": "Dovrebanen", "operator": "Bane NOR", "passenger_lines": "1", "railway": "rail", "usage": "main", "voltage": "15000", "length_km": 0.61, "maxspeed_kmh": 95.0}}, {"type": "Feature", "geometry": {"type": "LineString", "coordinates": [[10.2816216, 63.1525988], [10.2817802, 63.1526661], [10.282021, 63.1527847]]}, "properties": {"electrified": "contact_line", "frequency": "16.67", "gauge": "1435", "maxspeed": "50", "name": "Dovrebanen", "operator": "Bane NOR", "passenger_lines": "1", "railway": "rail", "usage": "main", "voltage": "15000", "length_km": 0.029, "maxspeed_kmh": 50.0}}, {"type": "Feature", "geometry": {"type": "LineString", "coordinates": [[10.2711075, 63.1489607], [10.2712507, 63.1490347]]}, "properties": {"electrified": "contact_line", "frequency": "16.67", "gauge": "1435", "maxspeed": "50", "name": "Dovrebanen", "operator": "Bane NOR", "passenger_lines": "1", "railway": "rail", "usage": "main", "voltage": "15000", "length_km": 0.011, "maxspeed_kmh": 50.0}}, {"type": "Feature", "geometry": {"type": "LineString", "coordinates": [[10.2383321, 63.1143113], [10.2385806, 63.1143617]]}, "properties": {"electrified": "contact_line", "frequency": "16.67", "gauge": "1435", "maxspeed": "100", "name": "Dovrebanen", "operator": "Bane NOR", "passenger_lines": "1", "railway": "rail", "usage": "main", "voltage": "15000", "length_km": 0.014, "maxspeed_kmh": 100.0}}, {"type": "Feature", "geometry": {"type": "LineString", "coordinates": [[10.2385806, 63.1143617], [10.2387183, 63.1143907], [10.2389737, 63.1144501], [10.2392806, 63.1145337], [10.2395149, 63.1145995], [10.2399444, 63.1147539]]}, "properties": {"electrified": "contact_line", "frequency": "16.67", "gauge": "1435", "maxspeed": "85", "name": "Dovrebanen", "operator": "Bane NOR", "passenger_lines": "1", "railway": "rail", "usage": "main", "voltage": "15000", "length_km": 0.082, "maxspeed_kmh": 85.0}}, {"type": "Feature", "geometry": {"type": "LineString", "coordinates": [[10.228301, 63.1048005], [10.2279526, 63.1061014]]}, "properties": {"electrified": "contact_line", "frequency": "16.67", "gauge": "1435", "maxspeed": "110", "name": "Dovrebanen", "operator": "Bane NOR", "passenger_lines": "1", "railway": "rail", "usage": "main", "voltage": "15000", "length_km": 0.146, "maxspeed_kmh": 110.0}}, {"type": "Feature", "geometry": {"type": "LineString", "coordinates": [[10.2341205, 63.0953823], [10.2337233, 63.0957627]]}, "properties": {"electrified": "contact_line", "frequency": "16.67", "gauge": "1435", "maxspeed": "110", "name": "Dovrebanen", "operator": "Bane NOR", "passenger_lines": "1", "railway": "rail", "usage": "main", "voltage": "15000", "length_km": 0.047, "maxspeed_kmh": 110.0}}, {"type": "Feature", "geometry": {"type": "LineString", "coordinates": [[10.2988543, 63.2007967], [10.2990281, 63.2013906], [10.2993052, 63.202443], [10.299525, 63.2032702], [10.2997885, 63.2042868], [10.2998148, 63.2044207], [10.2998734, 63.204615], [10.3001353, 63.2056242], [10.3002724, 63.2061051]]}, "properties": {"electrified": "contact_line", "frequency": "16.67", "gauge": "1435", "maxspeed": "120", "name": "Dovrebanen", "operator": "Bane NOR", "passenger_lines": "1", "railway": "rail", "usage": "main", "voltage": "15000", "length_km": 0.596, "maxspeed_kmh": 120.0}}, {"type": "Feature", "geometry": {"type": "LineString", "coordinates": [[10.297415, 63.1956839], [10.2974463, 63.1958037], [10.2974919, 63.1959413], [10.2975778, 63.1961349], [10.2976138, 63.1962361], [10.2978207, 63.1971998], [10.2979519, 63.1976658], [10.2980478, 63.1980307], [10.2983683, 63.1989471], [10.2987786, 63.2001888], [10.2987975, 63.2003149], [10.2988062, 63.2005247], [10.2988264, 63.2006623], [10.2988543, 63.2007967]]}, "properties": {"electrified": "contact_line", "frequency": "16.67", "gauge": "1435", "maxspeed": "120", "name": "Dovrebanen", "operator": "Bane NOR", "passenger_lines": "1", "railway": "rail", "service": "siding", "voltage": "15000", "length_km": 0.575, "maxspeed_kmh": 120.0}}, {"type": "Feature", "geometry": {"type": "LineString", "coordinates": [[10.3360263, 63.3182447], [10.3360008, 63.3184606], [10.3360027, 63.318606], [10.3360257, 63.3187525], [10.3360478, 63.3188638], [10.3361231, 63.3190661], [10.3361713, 63.3191717], [10.3363452, 63.3194438], [10.3364948, 63.3196172], [10.336616, 63.319735], [10.3367419, 63.3198482], [10.3368818, 63.3199584], [10.3369882, 63.3200373], [10.3371715, 63.320157], [10.3374239, 63.320309], [10.337633, 63.3204267], [10.3390301, 63.3211621], [10.3392062, 63.3212563], [10.3394437, 63.3213871], [10.3396965, 63.3215382], [10.3398694, 63.3216537], [10.3401157, 63.3218376], [10.3403404, 63.3220462], [10.3404769, 63.3221948], [10.3406007, 63.3223568], [10.340715, 63.322553], [10.340775, 63.3226803], [10.3408104, 63.3227801], [10.3408473, 63.3229245], [10.3408709, 63.323105], [10.3408714, 63.3232118], [10.3408579, 63.3233584], [10.3408142, 63.3235472], [10.3407491, 63.3237232], [10.3407125, 63.3237956], [10.3406793, 63.3238663], [10.3406556, 63.3239076], [10.3404949, 63.324153], [10.3400782, 63.3247148], [10.3398934, 63.3249806], [10.3397107, 63.3252754], [10.3395498, 63.3255728], [10.3394816, 63.3257237]]}, "properties": {"electrified": "contact_line", "frequency": "16.67", "gauge": "1435", "maxspeed": "85", "name": "Dovrebanen", "operator": "Bane NOR", "passenger_lines": "1", "railway": "rail", "usage": "main", "voltage": "15000", "length_km": 0.913, "maxspeed_kmh": 85.0}}, {"type": "Feature", "geometry": {"type": "LineString", "coordinates": [[10.346987, 63.3428975], [10.347414, 63.342999], [10.3480251, 63.3431685], [10.348293, 63.343257], [10.3486951, 63.3434025], [10.349281, 63.34364], [10.3500417, 63.3439757], [10.3506322, 63.3442603], [10.3513061, 63.3446108], [10.3517974, 63.3448876], [10.3525581, 63.3453555]]}, "properties": {"electrified": "contact_line", "frequency": "16.67", "gauge": "1435", "maxspeed": "95", "name": "Dovrebanen", "operator": "Bane NOR", "passenger_lines": "1", "railway": "rail", "usage": "main", "voltage": "15000", "length_km": 0.395, "maxspeed_kmh": 95.0}}, {"type": "Feature", "geometry": {"type": "LineString", "coordinates": [[10.353962, 63.3463788], [10.3542173, 63.346592], [10.3544252, 63.3467947], [10.3546005, 63.3469648], [10.3548543, 63.3472109], [10.3550575, 63.3474231]]}, "properties": {"electrified": "contact_line", "frequency": "16.67", "gauge": "1435", "maxspeed": "40", "name": "Dovrebanen", "operator": "Bane NOR", "passenger_lines": "1", "railway": "rail", "service": "siding", "usage": "main", "voltage": "15000", "length_km": 0.129, "maxspeed_kmh": 40.0}}, {"type": "Feature", "geometry": {"type": "LineString", "coordinates": [[10.2736448, 63.2866364], [10.2734967, 63.2867628]]}, "properties": {"electrified": "contact_line", "frequency": "16.67", "gauge": "1435", "maxspeed": "50", "name": "Dovrebanen", "operator": "Bane NOR", "passenger_lines": "1", "railway": "rail", "usage": "main", "voltage": "15000", "length_km": 0.016, "maxspeed_kmh": 50.0}}, {"type": "Feature", "geometry": {"type": "LineString", "coordinates": [[10.2740642, 63.2862997], [10.2739592, 63.2863819], [10.2738171, 63.2864957]]}, "properties": {"electrified": "contact_line", "frequency": "16.67", "gauge": "1435", "maxspeed": "50", "name": "Dovrebanen", "operator": "Bane NOR", "passenger_lines": "1", "railway": "rail", "usage": "main", "voltage": "15000", "length_km": 0.025, "maxspeed_kmh": 50.0}}, {"type": "Feature", "geometry": {"type": "LineString", "coordinates": [[10.3371927, 63.3083546], [10.3374692, 63.3086779], [10.3376155, 63.3088756], [10.3376936, 63.3090034], [10.3377532, 63.3091204], [10.3378073, 63.3092503], [10.3378377, 63.3093607], [10.3378737, 63.3096034], [10.3378806, 63.3100785], [10.3379036, 63.310368], [10.3379493, 63.3105658], [10.3380338, 63.3107642], [10.3380739, 63.3108374], [10.3381779, 63.3109934], [10.3382929, 63.3111362], [10.3384883, 63.3113426], [10.3389969, 63.3118508], [10.3391637, 63.3120374], [10.3392873, 63.3122162], [10.3393682, 63.312355], [10.3394411, 63.31252], [10.3394915, 63.3126982], [10.3395162, 63.3129064], [10.3395059, 63.3130851], [10.3394652, 63.313288], [10.339399, 63.3134695], [10.3393482, 63.3135736], [10.3392899, 63.3136717], [10.339156, 63.3138707], [10.3388297, 63.3142723], [10.338785, 63.3143244], [10.3378802, 63.3154206], [10.337679, 63.3156492], [10.3374947, 63.3158845], [10.3369133, 63.3165883], [10.3366977, 63.3168589], [10.3364907, 63.3171552], [10.3363875, 63.3173284], [10.3362157, 63.3176693]]}, "properties": {"electrified": "contact_line", "frequency": "16.67", "gauge": "1435", "maxspeed": "85", "name": "Dovrebanen", "operator": "Bane NOR", "passenger_lines": "1", "railway": "rail", "usage": "main", "voltage": "15000", "length_km": 1.085, "maxspeed_kmh": 85.0}}, {"type": "Feature", "geometry": {"type": "LineString", "coordinates": [[10.3582901, 63.3532796], [10.3582576, 63.3534973], [10.3582373, 63.3535732], [10.3582186, 63.3536429], [10.3581705, 63.3538089]]}, "properties": {"electrified": "contact_line", "frequency": "16.67", "gauge": "1435", "maxspeed": "95", "name": "Dovrebanen", "operator": "Bane NOR", "passenger_lines": "1", "railway": "rail", "usage": "main", "voltage": "15000", "length_km": 0.059, "maxspeed_kmh": 95.0}}, {"type": "Feature", "geometry": {"type": "LineString", "coordinates": [[10.3323074, 63.3034075], [10.3324632, 63.3034929], [10.3326806, 63.30362], [10.3329807, 63.3038143], [10.3331802, 63.3039572], [10.3333614, 63.3041027], [10.3335258, 63.3042457], [10.3336068, 63.3043218], [10.3338533, 63.3045742], [10.3346537, 63.3054722], [10.3370804, 63.3082246], [10.3371927, 63.3083546]]}, "properties": {"electrified": "contact_line", "frequency": "16.67", "gauge": "1435", "name": "Dovrebanen", "operator": "Bane NOR", "passenger_lines": "1", "railway": "rail", "usage": "main", "voltage": "15000", "length_km": 0.606}}, {"type": "Feature", "geometry": {"type": "LineString", "coordinates": [[10.3922271, 63.4353336], [10.3921654, 63.4353171]]}, "properties": {"bridge": "yes", "electrified": "contact_line", "frequency": "16.67", "gauge": "1435", "maxspeed": "30", "name": "Dovrebanen", "operator": "Bane NOR", "passenger_lines": "2", "railway": "rail", "usage": "main", "voltage": "15000", "length_km": 0.004, "maxspeed_kmh": 30.0}}, {"type": "Feature", "geometry": {"type": "LineString", "coordinates": [[10.3803125, 63.4318156], [10.3809331, 63.4319616], [10.3810554, 63.4319903]]}, "properties": {"electrified": "contact_line", "frequency": "16.67", "gauge": "1435", "maxspeed": "30", "name": "Dovrebanen", "operator": "Bane NOR", "passenger_lines": "2", "railway": "rail", "usage": "main", "voltage": "15000", "length_km": 0.042, "maxspeed_kmh": 30.0}}, {"type": "Feature", "geometry": {"type": "LineString", "coordinates": [[10.372806, 63.4252865], [10.3726253, 63.4253792], [10.3723591, 63.4255223], [10.372072, 63.4256904], [10.3719658, 63.4257612]]}, "properties": {"electrified": "contact_line", "frequency": "16.67", "gauge": "1435", "maxspeed": "105", "name": "Dovrebanen", "operator": "Bane NOR", "railway": "rail", "usage": "main", "voltage": "15000", "length_km": 0.068, "maxspeed_kmh": 105.0}}, {"type": "Feature", "geometry": {"type": "LineString", "coordinates": [[10.3754785, 63.4306995], [10.376148, 63.4308689], [10.3767438, 63.431009], [10.3778216, 63.4312654]]}, "properties": {"electrified": "contact_line", "frequency": "16.67", "gauge": "1435", "maxspeed": "30", "name": "Dovrebanen", "operator": "Bane NOR", "passenger_lines": "2", "railway": "rail", "usage": "main", "voltage": "15000", "length_km": 0.133, "maxspeed_kmh": 30.0}}, {"type": "Feature", "geometry": {"type": "LineString", "coordinates": [[10.3748416, 63.4304084], [10.3750661, 63.4304883], [10.3753291, 63.4305769], [10.3755127, 63.430635]]}, "properties": {"electrified": "contact_line", "frequency": "16.67", "gauge": "1435", "maxspeed": "80", "name": "Dovrebanen", "operator": "Bane NOR", "passenger_lines": "2", "railway": "rail", "usage": "main", "voltage": "15000", "length_km": 0.042, "maxspeed_kmh": 80.0}}, {"type": "Feature", "geometry": {"type": "LineString", "coordinates": [[10.3719658, 63.4257612], [10.3717011, 63.4259551], [10.371488, 63.4261533], [10.3713057, 63.4263933], [10.3712339, 63.4265326]]}, "properties": {"electrified": "contact_line", "frequency": "16.67", "gauge": "1435", "maxspeed": "80", "name": "Dovrebanen", "operator": "Bane NOR", "railway": "rail", "usage": "main", "voltage": "15000", "length_km": 0.094, "maxspeed_kmh": 80.0}}, {"type": "Feature", "geometry": {"type": "LineString", "coordinates": [[10.3718506, 63.4257353], [10.3717555, 63.4258111], [10.3715782, 63.425945], [10.3714103, 63.4261073], [10.3712393, 63.4263334], [10.3711239, 63.4265213]]}, "properties": {"electrified": "contact_line", "frequency": "16.67", "gauge": "1435", "maxspeed": "40", "name": "Dovrebanen", "operator": "Bane NOR", "passenger_lines": "2", "railway": "rail", "usage": "main", "voltage": "15000", "length_km": 0.095, "maxspeed_kmh": 40.0}}, {"type": "Feature", "geometry": {"type": "LineString", "coordinates": [[10.3723866, 63.429201], [10.3726056, 63.4293529], [10.373057, 63.4296372]]}, "properties": {"electrified": "contact_line", "frequency": "16.67", "gauge": "1435", "maxspeed": "40", "name": "Dovrebanen", "operator": "Bane NOR", "passenger_lines": "2", "railway": "rail", "usage": "main", "voltage": "15000", "length_km": 0.059, "maxspeed_kmh": 40.0}}, {"type": "Feature", "geometry": {"type": "LineString", "coordinates": [[10.3723732, 63.4290756], [10.3726728, 63.4292873], [10.3731642, 63.429603]]}, "properties": {"electrified": "contact_line", "frequency": "16.67", "gauge": "1435", "maxspeed": "80", "name": "Dovrebanen", "operator": "Bane NOR", "railway": "rail", "usage": "main", "voltage": "15000", "length_km": 0.071, "maxspeed_kmh": 80.0}}, {"type": "Feature", "geometry": {"type": "LineString", "coordinates": [[10.3828163, 63.4186448], [10.3827856, 63.4186977], [10.3826674, 63.4188812], [10.3825856, 63.4190048], [10.3824622, 63.4191725]]}, "properties": {"electrified": "contact_line", "frequency": "16.67", "gauge": "1435", "maxspeed": "105", "name": "Dovrebanen", "operator": "Bane NOR", "passenger_lines": "1", "railway": "rail", "usage": "main", "voltage": "15000", "length_km": 0.061, "maxspeed_kmh": 105.0}}, {"type": "Feature", "geometry": {"type": "LineString", "coordinates": [[10.3710498, 63.3888679], [10.3712735, 63.3889327], [10.3715423, 63.3890012], [10.3717966, 63.3890599], [10.3719997, 63.38911], [10.3722344, 63.3891718], [10.3724648, 63.3892388], [10.3731551, 63.3894691], [10.3738048, 63.3897076], [10.3744679, 63.3899743], [10.3750654, 63.390253], [10.375278, 63.3903594], [10.3759639, 63.3907223], [10.3763254, 63.3909205], [10.3766778, 63.3911201], [10.377012, 63.3913007], [10.3773279, 63.3914632], [10.3777372, 63.3916594], [10.3778623, 63.3917204], [10.3779833, 63.3917776], [10.3781409, 63.391852], [10.3785161, 63.3920162]]}, "properties": {"electrified": "contact_line", "frequency": "16.67", "gauge": "1435", "maxspeed": "80", "name": "Dovrebanen", "operator": "Bane NOR", "passenger_lines": "1", "railway": "rail", "service": "siding", "voltage": "15000", "length_km": 0.516, "maxspeed_kmh": 80.0}}, {"type": "Feature", "geometry": {"type": "LineString", "coordinates": [[10.3630334, 63.3860255], [10.3634447, 63.3860475], [10.3639375, 63.3860805], [10.3644489, 63.3861289], [10.3646456, 63.3861533], [10.3650213, 63.386208], [10.365446, 63.3862876], [10.365919, 63.386397], [10.3663645, 63.3865234], [10.3668084, 63.3866769], [10.3670744, 63.3867839], [10.3673389, 63.3869059], [10.3676068, 63.3870466], [10.3677217, 63.3871139], [10.3680552, 63.3873344], [10.3686972, 63.3878188], [10.3689265, 63.3879774], [10.3691989, 63.3881508], [10.3695505, 63.3883312], [10.3697854, 63.3884353], [10.3699659, 63.3885081], [10.3704356, 63.3886755], [10.3709663, 63.3888424], [10.3710498, 63.3888679]]}, "properties": {"electrified": "contact_line", "frequency": "16.67", "gauge": "1435", "maxspeed": "80", "name": "Dovrebanen", "operator": "Bane NOR", "passenger_lines": "1", "railway": "rail", "usage": "main", "voltage": "15000", "length_km": 0.533, "maxspeed_kmh": 80.0}}, {"type": "Feature", "geometry": {"type": "LineString", "coordinates": [[10.3525581, 63.3453555], [10.3528025, 63.3455245], [10.3529433, 63.3456162], [10.3534324, 63.3459733], [10.353962, 63.3463788]]}, "properties": {"electrified": "contact_line", "frequency": "16.67", "gauge": "1435", "maxspeed": "95", "name": "Dovrebanen", "operator": "Bane NOR", "passenger_lines": "1", "railway": "rail", "usage": "main", "voltage": "15000", "length_km": 0.134, "maxspeed_kmh": 95.0}}, {"type": "Feature", "geometry": {"type": "LineString", "coordinates": [[10.3928795, 63.4355641], [10.3929102, 63.4355719]]}, "properties": {"bridge": "yes", "electrified": "contact_line", "frequency": "16.67", "gauge": "1435", "maxspeed": "30", "name": "Dovrebanen", "passenger_lines": "2", "railway": "rail", "usage": "main", "voltage": "15000", "length_km": 0.002, "maxspeed_kmh": 30.0}}, {"type": "Feature", "geometry": {"type": "LineString", "coordinates": [[9.748941, 61.594635], [9.7523285, 61.5934359]]}, "properties": {"electrified": "contact_line", "frequency": "16.67", "gauge": "1435", "maxspeed": "85", "name": "Dovrebanen", "operator": "Bane NOR", "passenger_lines": "1", "railway": "rail", "usage": "main", "voltage": "15000", "length_km": 0.224, "maxspeed_kmh": 85.0}}, {"type": "Feature", "geometry": {"type": "LineString", "coordinates": [[9.7419265, 61.598476], [9.7421036, 61.5982043], [9.742455, 61.5977569]]}, "properties": {"electrified": "contact_line", "frequency": "16.67", "gauge": "1435", "maxspeed": "85", "name": "Dovrebanen", "operator": "Bane NOR", "passenger_lines": "1", "railway": "rail", "usage": "main", "voltage": "15000", "length_km": 0.085, "maxspeed_kmh": 85.0}}, {"type": "Feature", "geometry": {"type": "LineString", "coordinates": [[10.1416562, 61.5180179], [10.1417934, 61.5181529]]}, "properties": {"electrified": "contact_line", "frequency": "16.67", "gauge": "1435", "maxspeed": "105", "name": "Dovrebanen", "operator": "Bane NOR", "passenger_lines": "1", "railway": "rail", "usage": "main", "voltage": "15000", "length_km": 0.017, "maxspeed_kmh": 105.0}}, {"type": "Feature", "geometry": {"type": "LineString", "coordinates": [[10.1410098, 61.517264], [10.1411148, 61.5174007], [10.1416562, 61.5180179]]}, "properties": {"electrified": "contact_line", "frequency": "16.67", "gauge": "1435", "maxspeed": "105", "name": "Dovrebanen", "operator": "Bane NOR", "passenger_lines": "1", "railway": "rail", "tunnel": "yes", "usage": "main", "voltage": "15000", "length_km": 0.091, "maxspeed_kmh": 105.0}}, {"type": "Feature", "geometry": {"type": "LineString", "coordinates": [[10.1413872, 61.5135269], [10.1408694, 61.5146896], [10.1406918, 61.5151323], [10.1406553, 61.5152453], [10.1405966, 61.5154729], [10.140567, 61.5156776], [10.1405598, 61.515902], [10.1405873, 61.5162658], [10.1406679, 61.5165736], [10.1407541, 61.5168073], [10.1408051, 61.5169164], [10.1409336, 61.5171511], [10.1410098, 61.517264]]}, "properties": {"electrified": "contact_line", "frequency": "16.67", "gauge": "1435", "maxspeed": "105", "name": "Dovrebanen", "operator": "Bane NOR", "passenger_lines": "1", "railway": "rail", "usage": "main", "voltage": "15000", "length_km": 0.423, "maxspeed_kmh": 105.0}}, {"type": "Feature", "geometry": {"type": "LineString", "coordinates": [[10.1416203, 61.513011], [10.1413872, 61.5135269]]}, "properties": {"electrified": "contact_line", "frequency": "16.67", "gauge": "1435", "maxspeed": "105", "name": "Dovrebanen", "operator": "Bane NOR", "passenger_lines": "1", "railway": "rail", "tunnel": "yes", "usage": "main", "voltage": "15000", "length_km": 0.059, "maxspeed_kmh": 105.0}}, {"type": "Feature", "geometry": {"type": "LineString", "coordinates": [[10.1656613, 61.472849], [10.1656445, 61.4729049]]}, "properties": {"bridge": "yes", "electrified": "contact_line", "frequency": "16.67", "gauge": "1435", "maxspeed": "130", "name": "Dovrebanen", "operator": "Bane NOR", "passenger_lines": "1", "railway": "rail", "usage": "main", "voltage": "15000", "length_km": 0.006, "maxspeed_kmh": 130.0}}, {"type": "Feature", "geometry": {"type": "LineString", "coordinates": [[10.1658669, 61.4708014], [10.1658956, 61.4711813], [10.1658938, 61.4715182], [10.1658736, 61.4718076], [10.1658241, 61.4721792], [10.1658121, 61.4722406], [10.1657719, 61.4724458], [10.1657134, 61.4726789], [10.1656613, 61.472849]]}, "properties": {"electrified": "contact_line", "frequency": "16.67", "gauge": "1435", "maxspeed": "130", "name": "Dovrebanen", "operator": "Bane NOR", "passenger_lines": "1", "railway": "rail", "usage": "main", "voltage": "15000", "length_km": 0.229, "maxspeed_kmh": 130.0}}, {"type": "Feature", "geometry": {"type": "LineString", "coordinates": [[10.1675045, 61.4811625], [10.1676153, 61.4814695], [10.1676431, 61.4815946], [10.1676649, 61.4817307], [10.1676776, 61.4818827], [10.1676712, 61.4820989], [10.1676524, 61.4822387], [10.1675906, 61.4824871], [10.1675003, 61.4827295], [10.1672112, 61.4833826], [10.1668381, 61.4842255], [10.1651639, 61.487959], [10.1649427, 61.4884889], [10.1648404, 61.4888093], [10.1647917, 61.4890445], [10.1647662, 61.4892675], [10.1647647, 61.4895183], [10.1647912, 61.4897998], [10.1648103, 61.4899196], [10.1648524, 61.4900768], [10.1651428, 61.4909362], [10.165186, 61.4910966], [10.1652232, 61.4912935], [10.1652391, 61.4915267], [10.1652397, 61.4916084], [10.1652236, 61.4917863], [10.1652112, 61.4918762], [10.165164, 61.4920773], [10.1651345, 61.4921774], [10.165056, 61.4923687], [10.1649255, 61.4926136], [10.1647418, 61.4928904], [10.1647165, 61.4929234]]}, "properties": {"electrified": "contact_line", "frequency": "16.67", "gauge": "1435", "maxspeed": "100", "name": "Dovrebanen", "operator": "Bane NOR", "passenger_lines": "1", "railway": "rail", "usage": "main", "voltage": "15000", "length_km": 1.332, "maxspeed_kmh": 100.0}}, {"type": "Feature", "geometry": {"type": "LineString", "coordinates": [[10.1658112, 61.470373], [10.1658669, 61.4708014]]}, "properties": {"electrified": "contact_line", "frequency": "16.67", "gauge": "1435", "maxspeed": "130", "name": "Dovrebanen", "operator": "Bane NOR", "passenger_lines": "1", "railway": "rail", "tunnel": "yes", "usage": "main", "voltage": "15000", "length_km": 0.048, "maxspeed_kmh": 130.0}}, {"type": "Feature", "geometry": {"type": "LineString", "coordinates": [[10.3829416, 63.4184067], [10.3828816, 63.4185255], [10.3828163, 63.4186448]]}, "properties": {"bridge": "yes", "electrified": "contact_line", "frequency": "16.67", "gauge": "1435", "maxspeed": "105", "name": "Dovrebanen", "operator": "Bane NOR", "passenger_lines": "1", "railway": "rail", "usage": "main", "voltage": "15000", "length_km": 0.027, "maxspeed_kmh": 105.0}}, {"type": "Feature", "geometry": {"type": "LineString", "coordinates": [[10.3830551, 63.4181581], [10.3830015, 63.4182824], [10.3829416, 63.4184067]]}, "properties": {"electrified": "contact_line", "frequency": "16.67", "gauge": "1435", "maxspeed": "105", "name": "Dovrebanen", "operator": "Bane NOR", "passenger_lines": "1", "railway": "rail", "usage": "main", "voltage": "15000", "length_km": 0.028, "maxspeed_kmh": 105.0}}, {"type": "Feature", "geometry": {"type": "LineString", "coordinates": [[10.3831067, 63.4095217], [10.3831252, 63.4096759]]}, "properties": {"electrified": "contact_line", "frequency": "16.67", "gauge": "1435", "maxspeed": "105", "name": "Dovrebanen", "operator": "Bane NOR", "passenger_lines": "1", "railway": "rail", "usage": "main", "voltage": "15000", "length_km": 0.017, "maxspeed_kmh": 105.0}}, {"type": "Feature", "geometry": {"type": "LineString", "coordinates": [[10.2874812, 63.2592238], [10.2876146, 63.2594772], [10.2886639, 63.2614545], [10.2887855, 63.2616846], [10.2889654, 63.2620217], [10.2891833, 63.2624299], [10.290174, 63.2642996], [10.2906837, 63.2652598], [10.2923722, 63.2684528], [10.2923822, 63.2684723], [10.2925605, 63.2688203], [10.2927103, 63.2691412], [10.2928167, 63.2693939], [10.2929596, 63.2697813]]}, "properties": {"electrified": "contact_line", "frequency": "16.67", "gauge": "1435", "maxspeed": "100", "name": "Dovrebanen", "operator": "Bane NOR", "passenger_lines": "1", "railway": "rail", "usage": "main", "voltage": "15000", "length_km": 1.209, "maxspeed_kmh": 100.0}}, {"type": "Feature", "geometry": {"type": "LineString", "coordinates": [[10.2874467, 63.2591614], [10.2874812, 63.2592238]]}, "properties": {"bridge": "yes", "electrified": "contact_line", "frequency": "16.67", "gauge": "1435", "maxspeed": "100", "name": "Dovrebanen", "operator": "Bane NOR", "passenger_lines": "1", "railway": "rail", "usage": "main", "voltage": "15000", "length_km": 0.007, "maxspeed_kmh": 100.0}}, {"type": "Feature", "geometry": {"type": "LineString", "coordinates": [[10.3089382, 63.2113166], [10.3091167, 63.2113832]]}, "properties": {"bridge": "yes", "electrified": "contact_line", "frequency": "16.67", "gauge": "1435", "maxspeed": "85", "name": "Dovrebanen", "operator": "Bane NOR", "passenger_lines": "1", "railway": "rail", "usage": "main", "voltage": "15000", "length_km": 0.012, "maxspeed_kmh": 85.0}}, {"type": "Feature", "geometry": {"type": "LineString", "coordinates": [[10.3087293, 63.2112352], [10.3089382, 63.2113166]]}, "properties": {"electrified": "contact_line", "frequency": "16.67", "gauge": "1435", "maxspeed": "85", "name": "Dovrebanen", "operator": "Bane NOR", "passenger_lines": "1", "railway": "rail", "usage": "main", "voltage": "15000", "length_km": 0.014, "maxspeed_kmh": 85.0}}, {"type": "Feature", "geometry": {"type": "LineString", "coordinates": [[10.3361902, 63.3177323], [10.3361606, 63.3178198], [10.3361355, 63.317887], [10.3360572, 63.3181241], [10.3360263, 63.3182447]]}, "properties": {"electrified": "contact_line", "frequency": "16.67", "gauge": "1435", "maxspeed": "85", "name": "Dovrebanen", "operator": "Bane NOR", "passenger_lines": "1", "railway": "rail", "usage": "main", "voltage": "15000", "length_km": 0.058, "maxspeed_kmh": 85.0}}, {"type": "Feature", "geometry": {"type": "LineString", "coordinates": [[10.3362157, 63.3176693], [10.3361902, 63.3177323]]}, "properties": {"bridge": "yes", "electrified": "contact_line", "frequency": "16.67", "gauge": "1435", "maxspeed": "85", "name": "Dovrebanen", "operator": "Bane NOR", "passenger_lines": "1", "railway": "rail", "usage": "main", "voltage": "15000", "length_km": 0.007, "maxspeed_kmh": 85.0}}, {"type": "Feature", "geometry": {"type": "LineString", "coordinates": [[9.127, 62.0706909], [9.1275311, 62.0719188]]}, "properties": {"electrified": "contact_line", "frequency": "16.67", "gauge": "1435", "maxspeed": "85", "name": "Dovrebanen", "operator": "Bane NOR", "passenger_lines": "1", "railway": "rail", "tunnel": "yes", "usage": "main", "voltage": "15000", "length_km": 0.14, "maxspeed_kmh": 85.0}}, {"type": "Feature", "geometry": {"type": "LineString", "coordinates": [[9.7927929, 61.5840458], [9.792953, 61.5840429]]}, "properties": {"bridge": "yes", "electrified": "contact_line", "frequency": "16.67", "gauge": "1435", "maxspeed": "130", "name": "Dovrebanen", "operator": "Bane NOR", "passenger_lines": "1", "railway": "rail", "usage": "main", "voltage": "15000", "length_km": 0.009, "maxspeed_kmh": 130.0}}, {"type": "Feature", "geometry": {"type": "LineString", "coordinates": [[9.7797206, 61.5855287], [9.7818419, 61.5851157], [9.7826654, 61.5849753], [9.7835961, 61.5848272], [9.7848541, 61.5846549], [9.7855085, 61.5845694], [9.7868523, 61.5844232], [9.7882089, 61.5842938], [9.7892649, 61.5842139], [9.7903316, 61.5841426], [9.7913638, 61.5840927], [9.7924139, 61.5840533], [9.7927929, 61.5840458]]}, "properties": {"electrified": "contact_line", "frequency": "16.67", "gauge": "1435", "maxspeed": "130", "name": "Dovrebanen", "operator": "Bane NOR", "passenger_lines": "1", "railway": "rail", "usage": "main", "voltage": "15000", "length_km": 0.718, "maxspeed_kmh": 130.0}}, {"type": "Feature", "geometry": {"type": "LineString", "coordinates": [[10.284129, 61.2969918], [10.28439, 61.2972486], [10.2846399, 61.2974833], [10.2847646, 61.2975891], [10.2850545, 61.2978182], [10.2854047, 61.2980545], [10.2860217, 61.2984477], [10.2864049, 61.298703], [10.2866135, 61.298856], [10.286951, 61.2991243], [10.2872479, 61.2993953], [10.2879621, 61.3000768], [10.2882795, 61.30036], [10.2885755, 61.3006013], [10.2887782, 61.3007534], [10.2889485, 61.3008733], [10.2900557, 61.3016129], [10.2904122, 61.3018445], [10.2910288, 61.3022643], [10.2914791, 61.3026016], [10.2917815, 61.3028598], [10.291998, 61.3030654], [10.2922125, 61.3032873], [10.2924059, 61.3035049], [10.2928993, 61.3040986], [10.2931084, 61.3043658], [10.2932783, 61.3045974], [10.2934742, 61.3048923], [10.2936456, 61.3051819], [10.2937831, 61.3054343], [10.2940817, 61.3060189], [10.2941973, 61.3062278], [10.2943276, 61.3064415], [10.2944768, 61.3066591], [10.2946687, 61.306902], [10.2948218, 61.3070768], [10.2958909, 61.3081896]]}, "properties": {"electrified": "contact_line", "frequency": "16.67", "gauge": "1435", "maxspeed": "110", "name": "Dovrebanen", "operator": "Bane NOR", "passenger_lines": "1", "railway": "rail", "usage": "main", "voltage": "15000", "length_km": 1.409, "maxspeed_kmh": 110.0}}, {"type": "Feature", "geometry": {"type": "LineString", "coordinates": [[10.27785, 61.2936495], [10.2779004, 61.2937202]]}, "properties": {"bridge": "yes", "electrified": "contact_line", "frequency": "16.67", "gauge": "1435", "maxspeed": "85", "name": "Dovrebanen", "operator": "Bane NOR", "passenger_lines": "1", "railway": "rail", "usage": "main", "voltage": "15000", "length_km": 0.008, "maxspeed_kmh": 85.0}}, {"type": "Feature", "geometry": {"type": "LineString", "coordinates": [[10.280387, 61.3203378], [10.2802555, 61.3204]]}, "properties": {"bridge": "yes", "electrified": "contact_line", "frequency": "16.67", "gauge": "1435", "maxspeed": "95", "name": "Dovrebanen", "operator": "Bane NOR", "passenger_lines": "1", "railway": "rail", "usage": "main", "voltage": "15000", "length_km": 0.01, "maxspeed_kmh": 95.0}}, {"type": "Feature", "geometry": {"type": "LineString", "coordinates": [[10.2881223, 61.3169569], [10.2880242, 61.3170379], [10.2877794, 61.3172313], [10.2875006, 61.3174428], [10.2871965, 61.3176521], [10.2868973, 61.3178378], [10.2865782, 61.3180186], [10.2862508, 61.3181894], [10.2860307, 61.3182967], [10.2857994, 61.3184042], [10.2853495, 61.3185938], [10.2848821, 61.3187713], [10.2846479, 61.3188535], [10.2841458, 61.3190167], [10.282876, 61.319402], [10.2823709, 61.3195612], [10.281886, 61.3197271], [10.2814208, 61.3198985], [10.2809977, 61.3200685], [10.280387, 61.3203378]]}, "properties": {"electrified": "contact_line", "frequency": "16.67", "gauge": "1435", "maxspeed": "95", "name": "Dovrebanen", "operator": "Bane NOR", "passenger_lines": "1", "railway": "rail", "usage": "main", "voltage": "15000", "length_km": 0.567, "maxspeed_kmh": 95.0}}, {"type": "Feature", "geometry": {"type": "LineString", "coordinates": [[9.9675009, 61.5470799], [9.9672144, 61.5470174], [9.9664487, 61.5468553], [9.965573, 61.5466927], [9.9649612, 61.5466184], [9.9642707, 61.5465423], [9.96345, 61.5464988], [9.9627151, 61.546486], [9.9617924, 61.546518], [9.9605773, 61.5465934], [9.9581502, 61.5467821], [9.9560283, 61.5469729]]}, "properties": {"electrified": "contact_line", "frequency": "16.67", "gauge": "1435", "maxspeed": "105", "name": "Dovrebanen", "operator": "Bane NOR", "passenger_lines": "1", "railway": "rail", "usage": "main", "voltage": "15000", "length_km": 0.626, "maxspeed_kmh": 105.0}}, {"type": "Feature", "geometry": {"type": "LineString", "coordinates": [[10.4195497, 61.1451608], [10.4195673, 61.1452481], [10.4196441, 61.1456987], [10.4196852, 61.1460779], [10.4196919, 61.146338], [10.4196744, 61.1466137], [10.4196573, 61.1467421], [10.4196352, 61.146879], [10.4195808, 61.1471154], [10.4194907, 61.1474061], [10.4194238, 61.1475795], [10.4193051, 61.1478395], [10.4191696, 61.1480871], [10.4190918, 61.1482124], [10.418925, 61.1484573], [10.4187188, 61.1487254], [10.4184526, 61.1490375], [10.4181977, 61.1493163], [10.4164825, 61.1511518]]}, "properties": {"electrified": "contact_line", "frequency": "16.67", "gauge": "1435", "maxspeed": "105", "name": "Dovrebanen", "operator": "Bane NOR", "passenger_lines": "1", "railway": "rail", "usage": "main", "voltage": "15000", "length_km": 0.7, "maxspeed_kmh": 105.0}}, {"type": "Feature", "geometry": {"type": "LineString", "coordinates": [[9.1441963, 62.0866892], [9.1443642, 62.0868741], [9.1444657, 62.0870104], [9.1445514, 62.0871498], [9.1446191, 62.0872862], [9.1446646, 62.0874022], [9.1446855, 62.0874632]]}, "properties": {"electrified": "contact_line", "frequency": "16.67", "gauge": "1435", "maxspeed": "85", "name": "Dovrebanen", "operator": "Bane NOR", "passenger_lines": "1", "railway": "rail", "usage": "main", "voltage": "15000", "length_km": 0.09, "maxspeed_kmh": 85.0}}, {"type": "Feature", "geometry": {"type": "LineString", "coordinates": [[9.1441239, 62.086618], [9.1441963, 62.0866892]]}, "properties": {"bridge": "yes", "electrified": "contact_line", "frequency": "16.67", "gauge": "1435", "maxspeed": "85", "name": "Dovrebanen", "operator": "Bane NOR", "passenger_lines": "1", "railway": "rail", "usage": "main", "voltage": "15000", "length_km": 0.009, "maxspeed_kmh": 85.0}}, {"type": "Feature", "geometry": {"type": "LineString", "coordinates": [[10.9289881, 60.8845088], [10.9284672, 60.8847509]]}, "properties": {"bridge": "yes", "electrified": "contact_line", "frequency": "16.67", "gauge": "1435", "maxspeed": "100", "name": "Dovrebanen", "operator": "Bane NOR", "passenger_lines": "1", "railway": "rail", "usage": "main", "voltage": "15000", "length_km": 0.039, "maxspeed_kmh": 100.0}}, {"type": "Feature", "geometry": {"type": "LineString", "coordinates": [[10.9293679, 60.8843289], [10.9289881, 60.8845088]]}, "properties": {"electrified": "contact_line", "frequency": "16.67", "gauge": "1435", "maxspeed": "100", "name": "Dovrebanen", "operator": "Bane NOR", "passenger_lines": "1", "railway": "rail", "usage": "main", "voltage": "15000", "length_km": 0.029, "maxspeed_kmh": 100.0}}, {"type": "Feature", "geometry": {"type": "LineString", "coordinates": [[11.2371966, 60.3998767], [11.2372628, 60.399612], [11.2373333, 60.3993094], [11.2374057, 60.3989972]]}, "properties": {"electrified": "contact_line", "frequency": "16.67", "gauge": "1435", "maxspeed": "200", "name": "Dovrebanen", "operator": "Bane NOR", "railway": "rail", "usage": "main", "voltage": "15000", "length_km": 0.099, "maxspeed_kmh": 200.0}}, {"type": "Feature", "geometry": {"type": "LineString", "coordinates": [[10.159363, 61.4998278], [10.1589621, 61.5003446], [10.1587273, 61.5006329], [10.1584925, 61.5009076], [10.1582111, 61.5012113], [10.158083, 61.5013456], [10.1578134, 61.5016116], [10.1576129, 61.5018004], [10.1573275, 61.5020571], [10.1570108, 61.5023269], [10.1567118, 61.5025672], [10.1562918, 61.5028885], [10.1558748, 61.5031871], [10.1554028, 61.5035092], [10.1549789, 61.5037826], [10.1542719, 61.5042101], [10.1542087, 61.5042478]]}, "properties": {"electrified": "contact_line", "frequency": "16.67", "gauge": "1435", "maxspeed": "130", "name": "Dovrebanen", "operator": "Bane NOR", "passenger_lines": "1", "railway": "rail", "usage": "main", "voltage": "15000", "length_km": 0.567, "maxspeed_kmh": 130.0}}, {"type": "Feature", "geometry": {"type": "LineString", "coordinates": [[10.15941, 61.4997673], [10.159363, 61.4998278]]}, "properties": {"bridge": "yes", "electrified": "contact_line", "frequency": "16.67", "gauge": "1435", "maxspeed": "130", "name": "Dovrebanen", "operator": "Bane NOR", "passenger_lines": "1", "railway": "rail", "usage": "main", "voltage": "15000", "length_km": 0.007, "maxspeed_kmh": 130.0}}, {"type": "Feature", "geometry": {"type": "LineString", "coordinates": [[10.1447213, 61.5283326], [10.1441189, 61.5284415]]}, "properties": {"bridge": "yes", "electrified": "contact_line", "frequency": "16.67", "gauge": "1435", "maxspeed": "100", "name": "Dovrebanen", "operator": "Bane NOR", "passenger_lines": "1", "railway": "rail", "usage": "main", "voltage": "15000", "length_km": 0.034, "maxspeed_kmh": 100.0}}, {"type": "Feature", "geometry": {"type": "LineString", "coordinates": [[10.1452284, 61.5282384], [10.1450868, 61.5282666], [10.1447213, 61.5283326]]}, "properties": {"electrified": "contact_line", "frequency": "16.67", "gauge": "1435", "maxspeed": "100", "name": "Dovrebanen", "operator": "Bane NOR", "passenger_lines": "1", "railway": "rail", "usage": "main", "voltage": "15000", "length_km": 0.029, "maxspeed_kmh": 100.0}}, {"type": "Feature", "geometry": {"type": "LineString", "coordinates": [[10.1232903, 61.5311273], [10.1043527, 61.5356878]]}, "properties": {"electrified": "contact_line", "frequency": "16.67", "gauge": "1435", "maxspeed": "130", "name": "Dovrebanen", "operator": "Bane NOR", "passenger_lines": "1", "railway": "rail", "usage": "main", "voltage": "15000", "length_km": 1.129, "maxspeed_kmh": 130.0}}, {"type": "Feature", "geometry": {"type": "LineString", "coordinates": [[10.1234214, 61.5310957], [10.1232903, 61.5311273]]}, "properties": {"bridge": "yes", "electrified": "contact_line", "frequency": "16.67", "gauge": "1435", "maxspeed": "130", "name": "Dovrebanen", "operator": "Bane NOR", "passenger_lines": "1", "railway": "rail", "usage": "main", "voltage": "15000", "length_km": 0.008, "maxspeed_kmh": 130.0}}, {"type": "Feature", "geometry": {"type": "LineString", "coordinates": [[10.1043527, 61.5356878], [10.1042097, 61.5357222]]}, "properties": {"bridge": "yes", "electrified": "contact_line", "frequency": "16.67", "gauge": "1435", "maxspeed": "130", "name": "Dovrebanen", "operator": "Bane NOR", "passenger_lines": "1", "railway": "rail", "usage": "main", "voltage": "15000", "length_km": 0.009, "maxspeed_kmh": 130.0}}, {"type": "Feature", "geometry": {"type": "LineString", "coordinates": [[10.1434568, 61.5285535], [10.1426201, 61.5286881], [10.1421533, 61.5287581], [10.1412315, 61.5288853], [10.1402169, 61.5290123], [10.1391188, 61.5291335], [10.1383173, 61.5292125], [10.1379392, 61.5292434], [10.1374677, 61.5292859], [10.1362766, 61.5293738], [10.1354463, 61.5294342], [10.1318979, 61.5296465], [10.1311575, 61.5297018], [10.1307874, 61.5297336]]}, "properties": {"electrified": "contact_line", "frequency": "16.67", "gauge": "1435", "maxspeed": "100", "name": "Dovrebanen", "operator": "Bane NOR", "passenger_lines": "1", "railway": "rail", "usage": "main", "voltage": "15000", "length_km": 0.689, "maxspeed_kmh": 100.0}}, {"type": "Feature", "geometry": {"type": "LineString", "coordinates": [[10.1499733, 61.5065747], [10.1498484, 61.5066468], [10.1496372, 61.5067599], [10.1493126, 61.506922], [10.1490786, 61.5070281], [10.1483578, 61.5073278], [10.1479212, 61.5074997], [10.1475755, 61.5076436], [10.1472151, 61.5078039], [10.1469509, 61.5079318], [10.146749, 61.508037], [10.1463292, 61.508278], [10.1460034, 61.5084932], [10.145848, 61.5086114], [10.1456709, 61.5087523], [10.1454621, 61.508936], [10.1452007, 61.5091903], [10.144687, 61.5097055], [10.1443171, 61.5100464], [10.1439008, 61.5103924], [10.1430559, 61.5110492], [10.1427891, 61.511277], [10.1425008, 61.5115525], [10.142287, 61.5118004], [10.1420661, 61.5121031], [10.1419564, 61.512292], [10.1418049, 61.5125899], [10.1416964, 61.5128488], [10.1416203, 61.513011]]}, "properties": {"electrified": "contact_line", "frequency": "16.67", "gauge": "1435", "maxspeed": "105", "name": "Dovrebanen", "operator": "Bane NOR", "passenger_lines": "1", "railway": "rail", "usage": "main", "voltage": "15000", "length_km": 0.86, "maxspeed_kmh": 105.0}}, {"type": "Feature", "geometry": {"type": "LineString", "coordinates": [[10.1542087, 61.5042478], [10.154149, 61.5042824]]}, "properties": {"bridge": "yes", "electrified": "contact_line", "frequency": "16.67", "gauge": "1435", "maxspeed": "130", "name": "Dovrebanen", "operator": "Bane NOR", "passenger_lines": "1", "railway": "rail", "usage": "main", "voltage": "15000", "length_km": 0.005, "maxspeed_kmh": 130.0}}, {"type": "Feature", "geometry": {"type": "LineString", "coordinates": [[10.1464181, 61.5279908], [10.1461198, 61.5280607]]}, "properties": {"bridge": "yes", "electrified": "contact_line", "frequency": "16.67", "gauge": "1435", "maxspeed": "85", "name": "Dovrebanen", "operator": "Bane NOR", "passenger_lines": "1", "railway": "rail", "usage": "main", "voltage": "15000", "length_km": 0.018, "maxspeed_kmh": 85.0}}, {"type": "Feature", "geometry": {"type": "LineString", "coordinates": [[10.1488085, 61.5241858], [10.1490099, 61.5243659], [10.1490896, 61.5244417], [10.1491617, 61.5245204], [10.1493291, 61.5247311], [10.149424, 61.5248874], [10.1494987, 61.5250362], [10.1495566, 61.5251922], [10.1495952, 61.5253745], [10.1496092, 61.5255648], [10.1495975, 61.5257304], [10.1495641, 61.5259151], [10.1495129, 61.5260708], [10.1494301, 61.5262431], [10.1493788, 61.5263304], [10.1492465, 61.5265165], [10.1490888, 61.5266957], [10.1489947, 61.5267892], [10.1487837, 61.5269688], [10.1486723, 61.5270518], [10.148423, 61.5272174], [10.148146, 61.5273734], [10.1478392, 61.5275227], [10.1474986, 61.5276632], [10.1471684, 61.527781], [10.1468139, 61.527888], [10.1466735, 61.5279261], [10.1464181, 61.5279908]]}, "properties": {"electrified": "contact_line", "frequency": "16.67", "gauge": "1435", "maxspeed": "85", "name": "Dovrebanen", "operator": "Bane NOR", "passenger_lines": "1", "railway": "rail", "usage": "main", "voltage": "15000", "length_km": 0.498, "maxspeed_kmh": 85.0}}, {"type": "Feature", "geometry": {"type": "LineString", "coordinates": [[9.1200988, 62.1032008], [9.11999, 62.1032656]]}, "properties": {"bridge": "yes", "electrified": "contact_line", "frequency": "16.67", "gauge": "1435", "maxspeed": "130", "name": "Dovrebanen", "operator": "Bane NOR", "passenger_lines": "1", "railway": "rail", "usage": "main", "voltage": "15000", "length_km": 0.009, "maxspeed_kmh": 130.0}}, {"type": "Feature", "geometry": {"type": "LineString", "coordinates": [[9.1343154, 62.0955451], [9.1342511, 62.095586], [9.1340268, 62.0957287], [9.1332389, 62.0962116], [9.1326293, 62.0965746], [9.1319696, 62.0969568], [9.1310563, 62.0974684], [9.1305003, 62.0977701], [9.1301195, 62.097975], [9.129837, 62.0981228], [9.1294663, 62.0983172], [9.1283643, 62.0988753], [9.1280717, 62.0990183], [9.1249328, 62.1005529], [9.1242601, 62.1008919]]}, "properties": {"electrified": "contact_line", "frequency": "16.67", "gauge": "1435", "maxspeed": "130", "name": "Dovrebanen", "operator": "Bane NOR", "passenger_lines": "1", "railway": "rail", "usage": "main", "voltage": "15000", "length_km": 0.796, "maxspeed_kmh": 130.0}}, {"type": "Feature", "geometry": {"type": "LineString", "coordinates": [[9.2215057, 62.0126129], [9.221385, 62.0126821]]}, "properties": {"bridge": "yes", "electrified": "contact_line", "frequency": "16.67", "gauge": "1435", "maxspeed": "100", "name": "Dovrebanen", "operator": "Bane NOR", "passenger_lines": "1", "railway": "rail", "usage": "main", "voltage": "15000", "length_km": 0.01, "maxspeed_kmh": 100.0}}, {"type": "Feature", "geometry": {"type": "LineString", "coordinates": [[9.2538236, 61.966277], [9.2538113, 61.9663676]]}, "properties": {"bridge": "yes", "electrified": "contact_line", "frequency": "16.67", "gauge": "1435", "maxspeed": "115", "name": "Dovrebanen", "operator": "Bane NOR", "passenger_lines": "1", "railway": "rail", "usage": "main", "voltage": "15000", "length_km": 0.01, "maxspeed_kmh": 115.0}}, {"type": "Feature", "geometry": {"type": "LineString", "coordinates": [[9.2632502, 61.9597945], [9.262012, 61.9602164], [9.2614695, 61.9604153], [9.2611846, 61.9605269], [9.260762, 61.9607035], [9.2605104, 61.9608166], [9.2601258, 61.9609986], [9.2596737, 61.9612301], [9.2591648, 61.9615022], [9.2585725, 61.9618272], [9.2580699, 61.9621113], [9.257624, 61.9623718], [9.2570927, 61.9626884], [9.2564597, 61.9630799], [9.2560648, 61.9633333], [9.2557872, 61.9635184], [9.2555896, 61.9636582], [9.2554174, 61.9637879], [9.2551443, 61.9640157], [9.2550258, 61.9641225], [9.2547563, 61.964393], [9.254618, 61.9645442], [9.2544644, 61.9647361], [9.254374, 61.9648595], [9.2541661, 61.9651897], [9.2540457, 61.9654344], [9.2539897, 61.9655648], [9.2539308, 61.9657322], [9.2538636, 61.965989], [9.2538236, 61.966277]]}, "properties": {"electrified": "contact_line", "frequency": "16.67", "gauge": "1435", "maxspeed": "115", "name": "Dovrebanen", "operator": "Bane NOR", "passenger_lines": "1", "railway": "rail", "usage": "main", "voltage": "15000", "length_km": 0.903, "maxspeed_kmh": 115.0}}, {"type": "Feature", "geometry": {"type": "LineString", "coordinates": [[10.1751076, 62.9598545], [10.1751053, 62.9598992]]}, "properties": {"bridge": "yes", "electrified": "contact_line", "frequency": "16.67", "gauge": "1435", "maxspeed": "130", "name": "Dovrebanen", "operator": "Bane NOR", "passenger_lines": "1", "railway": "rail", "usage": "main", "voltage": "15000", "length_km": 0.005, "maxspeed_kmh": 130.0}}, {"type": "Feature", "geometry": {"type": "LineString", "coordinates": [[10.1762628, 62.9569142], [10.1760857, 62.9571855], [10.1758308, 62.9575913], [10.175701, 62.9578225], [10.1755822, 62.9580539], [10.1754488, 62.9583658], [10.1753688, 62.9585784], [10.1752497, 62.9589757], [10.1751582, 62.9594169], [10.1751076, 62.9598545]]}, "properties": {"electrified": "contact_line", "frequency": "16.67", "gauge": "1435", "maxspeed": "130", "name": "Dovrebanen", "operator": "Bane NOR", "passenger_lines": "1", "railway": "rail", "usage": "main", "voltage": "15000", "length_km": 0.334, "maxspeed_kmh": 130.0}}, {"type": "Feature", "geometry": {"type": "LineString", "coordinates": [[10.1824325, 62.9354015], [10.1824559, 62.9354474]]}, "properties": {"bridge": "yes", "electrified": "contact_line", "frequency": "16.67", "gauge": "1435", "maxspeed": "130", "name": "Dovrebanen", "operator": "Bane NOR", "passenger_lines": "1", "railway": "rail", "usage": "main", "voltage": "15000", "length_km": 0.005, "maxspeed_kmh": 130.0}}, {"type": "Feature", "geometry": {"type": "LineString", "coordinates": [[10.1808561, 62.9332253], [10.1809796, 62.9333449], [10.1811829, 62.9335648], [10.1813676, 62.9337758], [10.1815621, 62.9340137], [10.1817894, 62.9343153], [10.182058, 62.9347178], [10.1822885, 62.9351119], [10.1824325, 62.9354015]]}, "properties": {"electrified": "contact_line", "frequency": "16.67", "gauge": "1435", "maxspeed": "130", "name": "Dovrebanen", "operator": "Bane NOR", "passenger_lines": "1", "railway": "rail", "usage": "main", "voltage": "15000", "length_km": 0.256, "maxspeed_kmh": 130.0}}, {"type": "Feature", "geometry": {"type": "LineString", "coordinates": [[10.1872058, 61.4425192], [10.1872463, 61.4425537], [10.1874516, 61.4427418], [10.187614, 61.442909], [10.1877387, 61.4430609], [10.1878862, 61.443291], [10.1879779, 61.4434739], [10.1880297, 61.443633], [10.1880643, 61.443802], [10.1880805, 61.4439624], [10.1880739, 61.4441142], [10.1880532, 61.4442839], [10.1879875, 61.4445049], [10.1879009, 61.4446916], [10.1877894, 61.4448779], [10.1876432, 61.4450719], [10.1874823, 61.4452595], [10.1871461, 61.4456323], [10.1863056, 61.4465521], [10.1860834, 61.4468303], [10.185987, 61.446972], [10.1859046, 61.4471086], [10.1857956, 61.4473248], [10.1857037, 61.4475431], [10.1853558, 61.4485071], [10.1851783, 61.449016], [10.1849719, 61.4496097], [10.1848388, 61.4499582], [10.1847322, 61.4501846], [10.1846238, 61.4503815], [10.1845244, 61.4505351], [10.1843863, 61.4507227], [10.1842059, 61.4509397], [10.1841178, 61.4510366], [10.183928, 61.4512245], [10.1837245, 61.4514086], [10.1833783, 61.4516828], [10.1832331, 61.4517859], [10.1829617, 61.4519663], [10.1826167, 61.4521727], [10.1824716, 61.4522503], [10.1823211, 61.4523272], [10.1819633, 61.4524931], [10.1815825, 61.4526481], [10.1812209, 61.4527782], [10.1809651, 61.4528601], [10.1806836, 61.4529414], [10.180409, 61.4530147], [10.1801714, 61.4530725], [10.1799204, 61.4531275], [10.179471, 61.4532124], [10.1792187, 61.4532538], [10.1788164, 61.4533107], [10.1785355, 61.453342], [10.1782907, 61.4533669], [10.1779359, 61.4533945], [10.1776399, 61.453412], [10.1771613, 61.453429], [10.1768442, 61.4534371], [10.1754984, 61.4534507], [10.1751943, 61.4534577], [10.1750456, 61.4534592], [10.1740997, 61.4534706], [10.1737282, 61.4534789], [10.1734415, 61.4534912]]}, "properties": {"electrified": "contact_line", "frequency": "16.67", "gauge": "1435", "maxspeed": "90", "name": "Dovrebanen", "operator": "Bane NOR", "passenger_lines": "1", "railway": "rail", "usage": "main", "voltage": "15000", "length_km": 1.672, "maxspeed_kmh": 90.0}}, {"type": "Feature", "geometry": {"type": "LineString", "coordinates": [[10.1884564, 61.4315788], [10.1884625, 61.4316327]]}, "properties": {"bridge": "yes", "electrified": "contact_line", "frequency": "16.67", "gauge": "1435", "maxspeed": "105", "name": "Dovrebanen", "operator": "Bane NOR", "passenger_lines": "1", "railway": "rail", "usage": "main", "voltage": "15000", "length_km": 0.006, "maxspeed_kmh": 105.0}}, {"type": "Feature", "geometry": {"type": "LineString", "coordinates": [[11.0966739, 60.7772201], [11.0969129, 60.7773322]]}, "properties": {"bridge": "yes", "electrified": "contact_line", "frequency": "16.67", "gauge": "1435", "maxspeed": "105", "name": "Dovrebanen", "operator": "Bane NOR", "passenger_lines": "1", "railway": "rail", "usage": "main", "voltage": "15000", "length_km": 0.018, "maxspeed_kmh": 105.0}}, {"type": "Feature", "geometry": {"type": "LineString", "coordinates": [[11.0969129, 60.7773322], [11.0970253, 60.777389], [11.097312, 60.7775209], [11.0982272, 60.7779562], [11.0986885, 60.778182], [11.0991339, 60.7784146]]}, "properties": {"electrified": "contact_line", "frequency": "16.67", "gauge": "1435", "maxspeed": "105", "name": "Dovrebanen", "operator": "Bane NOR", "passenger_lines": "1", "railway": "rail", "usage": "main", "voltage": "15000", "length_km": 0.171, "maxspeed_kmh": 105.0}}, {"type": "Feature", "geometry": {"type": "LineString", "coordinates": [[10.3554746, 63.3479286], [10.3557273, 63.3482576], [10.3559402, 63.348536], [10.3563134, 63.3490411], [10.3565932, 63.3493905], [10.3568338, 63.349704], [10.3570671, 63.3500089], [10.3572696, 63.3503464], [10.3573689, 63.3505551], [10.3575006, 63.3509041]]}, "properties": {"electrified": "contact_line", "frequency": "16.67", "gauge": "1435", "maxspeed": "40", "name": "Dovrebanen", "operator": "Bane NOR", "passenger_lines": "1", "railway": "rail", "service": "siding", "usage": "main", "voltage": "15000", "length_km": 0.348, "maxspeed_kmh": 40.0}}, {"type": "Feature", "geometry": {"type": "LineString", "coordinates": [[10.355573, 63.347916], [10.3563896, 63.3489837], [10.3564229, 63.3490283]]}, "properties": {"electrified": "contact_line", "frequency": "16.67", "gauge": "1435", "maxspeed": "95", "name": "Dovrebanen", "operator": "Bane NOR", "passenger_lines": "1", "railway": "rail", "usage": "main", "voltage": "15000", "length_km": 0.131, "maxspeed_kmh": 95.0}}, {"type": "Feature", "geometry": {"type": "LineString", "coordinates": [[10.3550575, 63.3474231], [10.3552016, 63.3475807], [10.3554746, 63.3479286]]}, "properties": {"bridge": "yes", "electrified": "contact_line", "frequency": "16.67", "gauge": "1435", "maxspeed": "40", "name": "Dovrebanen", "operator": "Bane NOR", "passenger_lines": "1", "railway": "rail", "service": "siding", "usage": "main", "voltage": "15000", "length_km": 0.06, "maxspeed_kmh": 40.0}}, {"type": "Feature", "geometry": {"type": "LineString", "coordinates": [[10.355156, 63.3474058], [10.3552417, 63.3474988], [10.3554358, 63.3477367], [10.355573, 63.347916]]}, "properties": {"bridge": "yes", "electrified": "contact_line", "frequency": "16.67", "gauge": "1435", "maxspeed": "95", "name": "Dovrebanen", "operator": "Bane NOR", "passenger_lines": "1", "railway": "rail", "usage": "main", "voltage": "15000", "length_km": 0.061, "maxspeed_kmh": 95.0}}, {"type": "Feature", "geometry": {"type": "LineString", "coordinates": [[9.3040378, 62.1387998], [9.304157, 62.1388855]]}, "properties": {"electrified": "contact_line", "frequency": "16.67", "gauge": "1435", "maxspeed": "130", "name": "Dovrebanen", "operator": "Bane NOR", "passenger_lines": "1", "railway": "rail", "usage": "main", "voltage": "15000", "length_km": 0.011, "maxspeed_kmh": 130.0}}, {"type": "Feature", "geometry": {"type": "LineString", "coordinates": [[9.3036454, 62.1385177], [9.3038677, 62.1386771]]}, "properties": {"electrified": "contact_line", "frequency": "16.67", "gauge": "1435", "maxspeed": "130", "name": "Dovrebanen", "operator": "Bane NOR", "passenger_lines": "1", "railway": "rail", "usage": "main", "voltage": "15000", "length_km": 0.021, "maxspeed_kmh": 130.0}}, {"type": "Feature", "geometry": {"type": "LineString", "coordinates": [[9.9141057, 62.6699376], [9.9143693, 62.669993], [9.914894, 62.6700932], [9.915461, 62.6701891], [9.9163405, 62.6703143], [9.9168204, 62.6703715], [9.9173461, 62.6704257], [9.9176028, 62.6704484], [9.9181738, 62.6704947], [9.918927, 62.6705509]]}, "properties": {"electrified": "contact_line", "frequency": "16.67", "gauge": "1435", "maxspeed": "95", "name": "Dovrebanen", "operator": "Bane NOR", "passenger_lines": "1", "railway": "rail", "usage": "main", "voltage": "15000", "length_km": 0.257, "maxspeed_kmh": 95.0}}, {"type": "Feature", "geometry": {"type": "LineString", "coordinates": [[9.9139321, 62.6699002], [9.9141057, 62.6699376]]}, "properties": {"bridge": "yes", "electrified": "contact_line", "frequency": "16.67", "gauge": "1435", "maxspeed": "95", "name": "Dovrebanen", "operator": "Bane NOR", "passenger_lines": "1", "railway": "rail", "usage": "main", "voltage": "15000", "length_km": 0.01, "maxspeed_kmh": 95.0}}, {"type": "Feature", "geometry": {"type": "LineString", "coordinates": [[9.5810002, 62.4836689], [9.5810845, 62.4837572]]}, "properties": {"bridge": "yes", "electrified": "contact_line", "frequency": "16.67", "gauge": "1435", "maxspeed": "125", "name": "Dovrebanen", "operator": "Bane NOR", "passenger_lines": "1", "railway": "rail", "usage": "main", "voltage": "15000", "length_km": 0.011, "maxspeed_kmh": 125.0}}, {"type": "Feature", "geometry": {"type": "LineString", "coordinates": [[9.5795956, 62.4822251], [9.5810002, 62.4836689]]}, "properties": {"electrified": "contact_line", "frequency": "16.67", "gauge": "1435", "maxspeed": "125", "name": "Dovrebanen", "operator": "Bane NOR", "passenger_lines": "1", "railway": "rail", "usage": "main", "voltage": "15000", "length_km": 0.177, "maxspeed_kmh": 125.0}}, {"type": "Feature", "geometry": {"type": "LineString", "coordinates": [[10.3391989, 63.3264742], [10.3391455, 63.3267053], [10.3390814, 63.3270867], [10.3390526, 63.3274691], [10.3390525, 63.3276986], [10.3390652, 63.327928], [10.3391147, 63.3283099], [10.3391996, 63.3286905], [10.3393201, 63.3290693], [10.3394754, 63.3294454], [10.3396606, 63.3298093], [10.3397503, 63.3299658], [10.3399299, 63.3302647], [10.3404782, 63.3311648]]}, "properties": {"electrified": "contact_line", "frequency": "16.67", "gauge": "1435", "maxspeed": "85", "name": "Dovrebanen", "operator": "Bane NOR", "passenger_lines": "1", "railway": "rail", "usage": "main", "voltage": "15000", "length_km": 0.531, "maxspeed_kmh": 85.0}}, {"type": "Feature", "geometry": {"type": "LineString", "coordinates": [[10.3404782, 63.3311648], [10.3405552, 63.3312896]]}, "properties": {"bridge": "yes", "electrified": "contact_line", "frequency": "16.67", "gauge": "1435", "maxspeed": "85", "name": "Dovrebanen", "operator": "Bane NOR", "passenger_lines": "1", "railway": "rail", "usage": "main", "voltage": "15000", "length_km": 0.014, "maxspeed_kmh": 85.0}}, {"type": "Feature", "geometry": {"type": "LineString", "coordinates": [[11.2471589, 60.335587], [11.2471951, 60.335318], [11.247328, 60.334443], [11.2473768, 60.3341105], [11.2474671, 60.3335166], [11.2475103, 60.3332251], [11.2475882, 60.3327001]]}, "properties": {"electrified": "contact_line", "frequency": "16.67", "gauge": "1435", "name": "Dovrebanen", "operator": "Bane NOR", "passenger_lines": "2", "railway": "rail", "usage": "main", "voltage": "15000", "length_km": 0.323}}, {"type": "Feature", "geometry": {"type": "LineString", "coordinates": [[10.6192523, 60.9860095], [10.6189782, 60.9860215]]}, "properties": {"bridge": "yes", "electrified": "contact_line", "frequency": "16.67", "gauge": "1435", "maxspeed": "95", "name": "Dovrebanen", "operator": "Bane NOR", "passenger_lines": "1", "railway": "rail", "usage": "main", "voltage": "15000", "length_km": 0.015, "maxspeed_kmh": 95.0}}, {"type": "Feature", "geometry": {"type": "LineString", "coordinates": [[10.6250807, 60.985308], [10.6245324, 60.9854224], [10.6241698, 60.9854968], [10.6237722, 60.9855735], [10.6234114, 60.9856408], [10.6227913, 60.9857401], [10.62238, 60.9857928], [10.6219468, 60.9858417], [10.6216267, 60.9858765], [10.6212389, 60.9859103], [10.6208539, 60.9859385], [10.6204675, 60.9859621], [10.6200944, 60.9859783], [10.6192523, 60.9860095]]}, "properties": {"electrified": "contact_line", "frequency": "16.67", "gauge": "1435", "maxspeed": "95", "name": "Dovrebanen", "operator": "Bane NOR", "passenger_lines": "1", "railway": "rail", "usage": "main", "voltage": "15000", "length_km": 0.327, "maxspeed_kmh": 95.0}}, {"type": "Feature", "geometry": {"type": "LineString", "coordinates": [[10.3727192, 61.2745735], [10.3724684, 61.2746322]]}, "properties": {"bridge": "yes", "electrified": "contact_line", "frequency": "16.67", "gauge": "1435", "maxspeed": "115", "name": "Dovrebanen", "operator": "Bane NOR", "passenger_lines": "1", "railway": "rail", "usage": "main", "voltage": "15000", "length_km": 0.015, "maxspeed_kmh": 115.0}}, {"type": "Feature", "geometry": {"type": "LineString", "coordinates": [[10.4198657, 61.2548498], [10.4197576, 61.2549506], [10.4190178, 61.2555779], [10.4186347, 61.2559207], [10.4184078, 61.2561389], [10.418205, 61.2563466], [10.4175945, 61.2570016], [10.4173177, 61.2572788], [10.416969, 61.2575981], [10.4167636, 61.2577732], [10.4165546, 61.2579412], [10.4162385, 61.2581794], [10.4157594, 61.2585115], [10.4154622, 61.2586991], [10.4150621, 61.2589386], [10.4147127, 61.2591327], [10.4143928, 61.2593038], [10.4134001, 61.2598156], [10.4116429, 61.2607249], [10.4109429, 61.2610942], [10.4102637, 61.2614727], [10.4097974, 61.2617403], [10.4090529, 61.2621898], [10.4085111, 61.262532], [10.4081017, 61.2628007], [10.4075897, 61.2631481], [10.4069002, 61.2636387], [10.4059032, 61.2643639], [10.4054482, 61.2646898], [10.4054014, 61.2647241], [10.4051205, 61.2649245], [10.4046087, 61.2652694], [10.4043314, 61.2654373], [10.4040214, 61.2656141], [10.403726, 61.2657727], [10.4032116, 61.2660254], [10.4027856, 61.2662159], [10.4024291, 61.2663681], [10.4005641, 61.2671437], [10.4002095, 61.2672843], [10.4000215, 61.2673683], [10.3991673, 61.2677234], [10.3945025, 61.2696567], [10.3938052, 61.2699429], [10.3931069, 61.2702217], [10.3921711, 61.2705725], [10.3917951, 61.2707066], [10.3912848, 61.2708806], [10.3907853, 61.2710443], [10.390153, 61.2712427], [10.3893985, 61.2714677], [10.3888567, 61.27162], [10.3879065, 61.271873], [10.3872728, 61.2720321], [10.3865932, 61.2721931], [10.3860107, 61.2723246], [10.3854028, 61.2724538], [10.3842067, 61.272694], [10.3829941, 61.2729219], [10.3823843, 61.2730315], [10.3811716, 61.27324], [10.3805833, 61.2733375], [10.3799527, 61.2734371], [10.3788533, 61.2736019], [10.3776937, 61.2737652], [10.376528, 61.273916]]}, "properties": {"electrified": "contact_line", "frequency": "16.67", "gauge": "1435", "maxspeed": "130", "name": "Dovrebanen", "operator": "Bane NOR", "passenger_lines": "1", "railway": "rail", "usage": "main", "voltage": "15000", "length_km": 3.246, "maxspeed_kmh": 130.0}}, {"type": "Feature", "geometry": {"type": "LineString", "coordinates": [[10.9567353, 60.8549334], [10.9567903, 60.8550399]]}, "properties": {"bridge": "yes", "electrified": "contact_line", "frequency": "16.67", "gauge": "1435", "maxspeed": "110", "name": "Dovrebanen", "operator": "Bane NOR", "passenger_lines": "1", "railway": "rail", "usage": "main", "voltage": "15000", "length_km": 0.012, "maxspeed_kmh": 110.0}}, {"type": "Feature", "geometry": {"type": "LineString", "coordinates": [[10.9563634, 60.8542338], [10.9567353, 60.8549334]]}, "properties": {"electrified": "contact_line", "frequency": "16.67", "gauge": "1435", "maxspeed": "110", "name": "Dovrebanen", "operator": "Bane NOR", "passenger_lines": "1", "railway": "rail", "usage": "main", "voltage": "15000", "length_km": 0.081, "maxspeed_kmh": 110.0}}, {"type": "Feature", "geometry": {"type": "LineString", "coordinates": [[10.9570211, 60.8626386], [10.9569988, 60.8631082]]}, "properties": {"electrified": "contact_line", "frequency": "16.67", "gauge": "1435", "maxspeed": "110", "name": "Dovrebanen", "operator": "Bane NOR", "passenger_lines": "1", "railway": "rail", "tunnel": "yes", "usage": "main", "voltage": "15000", "length_km": 0.052, "maxspeed_kmh": 110.0}}, {"type": "Feature", "geometry": {"type": "LineString", "coordinates": [[10.9567903, 60.8550399], [10.9569114, 60.8552958], [10.9570875, 60.855687], [10.9572143, 60.8560055], [10.9572794, 60.8562675], [10.9573325, 60.8565146], [10.9573668, 60.8567231], [10.9573869, 60.8570109], [10.9573776, 60.8576447], [10.9573451, 60.8580656], [10.9572568, 60.8590428], [10.9571931, 60.8599798], [10.9571277, 60.8607436], [10.9570979, 60.8611582], [10.9570842, 60.8614452], [10.9570421, 60.8620164], [10.9570211, 60.8626386]]}, "properties": {"electrified": "contact_line", "frequency": "16.67", "gauge": "1435", "maxspeed": "110", "name": "Dovrebanen", "operator": "Bane NOR", "passenger_lines": "1", "railway": "rail", "usage": "main", "voltage": "15000", "length_km": 0.85, "maxspeed_kmh": 110.0}}, {"type": "Feature", "geometry": {"type": "LineString", "coordinates": [[11.2479825, 60.331772], [11.2478544, 60.3326186], [11.2477183, 60.3335216], [11.2476892, 60.3337156], [11.2476499, 60.3339059], [11.2476047, 60.3341185], [11.2475349, 60.3344507], [11.247467, 60.334777], [11.2474173, 60.3351058], [11.2473864, 60.3353196], [11.2473727, 60.3353904], [11.2473587, 60.3354735]]}, "properties": {"electrified": "contact_line", "frequency": "16.67", "gauge": "1435", "maxspeed": "100", "name": "Dovrebanen", "operator": "Bane NOR", "passenger_lines": "2", "railway": "rail", "usage": "main", "voltage": "15000", "length_km": 0.414, "maxspeed_kmh": 100.0}}, {"type": "Feature", "geometry": {"type": "LineString", "coordinates": [[11.2379194, 60.3914766], [11.2378954, 60.3907792], [11.2378817, 60.3904084], [11.2378676, 60.3900609], [11.2378495, 60.3896995], [11.2378235, 60.3892892], [11.2377953, 60.3889559], [11.2377544, 60.3886265], [11.237687, 60.3880947], [11.2376037, 60.387444], [11.2375877, 60.3872787]]}, "properties": {"electrified": "contact_line", "frequency": "16.67", "gauge": "1435", "maxspeed": "200", "name": "Dovrebanen", "operator": "Bane NOR", "railway": "rail", "usage": "main", "voltage": "15000", "length_km": 0.468, "maxspeed_kmh": 200.0}}, {"type": "Feature", "geometry": {"type": "LineString", "coordinates": [[11.237671, 60.3872779], [11.237687, 60.3874403], [11.2377707, 60.3880927], [11.2378394, 60.3886235], [11.2378698, 60.3889539], [11.2379026, 60.3892886], [11.2379326, 60.3896973], [11.2379494, 60.3900599], [11.2379651, 60.3904066], [11.2379772, 60.3907785], [11.2380025, 60.3914757]]}, "properties": {"electrified": "contact_line", "frequency": "16.67", "gauge": "1435", "maxspeed": "200", "name": "Dovrebanen", "operator": "Bane NOR", "railway": "rail", "usage": "main", "voltage": "15000", "length_km": 0.468, "maxspeed_kmh": 200.0}}, {"type": "Feature", "geometry": {"type": "LineString", "coordinates": [[9.2789651, 62.12072], [9.2797551, 62.1212875], [9.2800122, 62.1214748], [9.2805035, 62.1219181]]}, "properties": {"electrified": "contact_line", "frequency": "16.67", "gauge": "1435", "maxspeed": "40", "name": "Dovrebanen", "railway": "rail", "usage": "main", "voltage": "15000", "length_km": 0.156, "maxspeed_kmh": 40.0}}, {"type": "Feature", "geometry": {"type": "LineString", "coordinates": [[9.2788697, 62.1206515], [9.2789651, 62.12072]]}, "properties": {"bridge": "yes", "electrified": "contact_line", "frequency": "16.67", "gauge": "1435", "maxspeed": "40", "name": "Dovrebanen", "railway": "rail", "usage": "main", "voltage": "15000", "length_km": 0.009, "maxspeed_kmh": 40.0}}, {"type": "Feature", "geometry": {"type": "LineString", "coordinates": [[9.2788844, 62.1207563], [9.2805035, 62.1219181]]}, "properties": {"electrified": "contact_line", "frequency": "16.67", "gauge": "1435", "maxspeed": "130", "name": "Dovrebanen", "operator": "Bane NOR", "passenger_lines": "1", "railway": "rail", "usage": "main", "voltage": "15000", "length_km": 0.155, "maxspeed_kmh": 130.0}}, {"type": "Feature", "geometry": {"type": "LineString", "coordinates": [[9.2787889, 62.1206879], [9.2788844, 62.1207563]]}, "properties": {"bridge": "yes", "electrified": "contact_line", "frequency": "16.67", "gauge": "1435", "maxspeed": "130", "name": "Dovrebanen", "operator": "Bane NOR", "passenger_lines": "1", "railway": "rail", "usage": "main", "voltage": "15000", "length_km": 0.009, "maxspeed_kmh": 130.0}}, {"type": "Feature", "geometry": {"type": "LineString", "coordinates": [[11.2392717, 60.4336486], [11.2392406, 60.4333901], [11.2392142, 60.433085], [11.2391926, 60.432793], [11.23918, 60.4324355], [11.2391822, 60.4320672], [11.2392021, 60.4313816], [11.239234, 60.4306475], [11.2392806, 60.4294975]]}, "properties": {"electrified": "contact_line", "frequency": "16.67", "gauge": "1435", "maxspeed": "200", "name": "Dovrebanen", "operator": "Bane NOR", "passenger_lines": "2", "railway": "rail", "usage": "main", "voltage": "15000", "length_km": 0.463, "maxspeed_kmh": 200.0}}, {"type": "Feature", "geometry": {"type": "LineString", "coordinates": [[11.2455255, 60.3510198], [11.2455475, 60.3499146], [11.2455724, 60.3487396]]}, "properties": {"electrified": "contact_line", "frequency": "16.67", "gauge": "1435", "maxspeed": "200", "name": "Dovrebanen", "operator": "Bane NOR", "railway": "rail", "usage": "main", "voltage": "15000", "length_km": 0.254, "maxspeed_kmh": 200.0}}, {"type": "Feature", "geometry": {"type": "LineString", "coordinates": [[11.2437055, 60.3705132], [11.2445826, 60.3675115], [11.2447635, 60.366881], [11.2448794, 60.366449], [11.2449601, 60.3661002], [11.2450176, 60.3658279], [11.2450658, 60.365579], [11.2451082, 60.3653272], [11.2451488, 60.3650642], [11.2451906, 60.3647338], [11.2452165, 60.364498], [11.2452304, 60.3643721], [11.2452531, 60.3640609], [11.2452691, 60.3637406], [11.2452806, 60.3633555], [11.2452878, 60.3630083], [11.2452957, 60.3625755], [11.2453074, 60.3619887], [11.2453823, 60.358156], [11.2454497, 60.3548469], [11.2454711, 60.3537682], [11.245511, 60.351697], [11.2455255, 60.3510198]]}, "properties": {"electrified": "contact_line", "frequency": "16.67", "gauge": "1435", "maxspeed": "200", "name": "Dovrebanen", "operator": "Bane NOR", "railway": "rail", "usage": "main", "voltage": "15000", "length_km": 2.178, "maxspeed_kmh": 200.0}}, {"type": "Feature", "geometry": {"type": "LineString", "coordinates": [[11.2367817, 60.407983], [11.2366792, 60.4077161], [11.2365692, 60.4074074], [11.2364785, 60.4071198], [11.2364075, 60.4068608], [11.2363462, 60.4066325], [11.2362998, 60.4063942], [11.2362525, 60.4061488], [11.2362124, 60.4059057]]}, "properties": {"electrified": "contact_line", "frequency": "16.67", "gauge": "1435", "maxspeed": "200", "name": "Dovrebanen", "operator": "Bane NOR", "passenger_lines": "2", "railway": "rail", "usage": "main", "voltage": "15000", "length_km": 0.234, "maxspeed_kmh": 200.0}}, {"type": "Feature", "geometry": {"type": "LineString", "coordinates": [[11.2362955, 60.4059026], [11.2363328, 60.40615], [11.2363807, 60.4063893], [11.2364323, 60.406621], [11.2364875, 60.406852], [11.2365619, 60.4071125], [11.2366539, 60.407402], [11.2367608, 60.4077062], [11.2368627, 60.4079746]]}, "properties": {"electrified": "contact_line", "frequency": "16.67", "gauge": "1435", "maxspeed": "200", "name": "Dovrebanen", "operator": "Bane NOR", "passenger_lines": "2", "railway": "rail", "usage": "main", "voltage": "15000", "length_km": 0.233, "maxspeed_kmh": 200.0}}, {"type": "Feature", "geometry": {"type": "LineString", "coordinates": [[9.7413364, 62.6081444], [9.7422492, 62.608513], [9.7423349, 62.6085476], [9.7431527, 62.6088916], [9.7440949, 62.6093068], [9.7446801, 62.6095729], [9.7451087, 62.609774], [9.7458151, 62.6101122], [9.7468287, 62.6106216], [9.7473766, 62.6109072], [9.7478358, 62.6111531], [9.7484938, 62.6115177], [9.7493521, 62.6120058]]}, "properties": {"electrified": "contact_line", "frequency": "16.67", "gauge": "1435", "maxspeed": "130", "name": "Dovrebanen", "operator": "Bane NOR", "passenger_lines": "1", "railway": "rail", "usage": "main", "voltage": "15000", "length_km": 0.597, "maxspeed_kmh": 130.0}}, {"type": "Feature", "geometry": {"type": "LineString", "coordinates": [[9.7412226, 62.6080985], [9.7413364, 62.6081444]]}, "properties": {"bridge": "yes", "electrified": "contact_line", "frequency": "16.67", "gauge": "1435", "maxspeed": "130", "name": "Dovrebanen", "operator": "Bane NOR", "passenger_lines": "1", "railway": "rail", "usage": "main", "voltage": "15000", "length_km": 0.008, "maxspeed_kmh": 130.0}}, {"type": "Feature", "geometry": {"type": "LineString", "coordinates": [[9.5404658, 61.6807951], [9.5405994, 61.6810008], [9.5406353, 61.6810511]]}, "properties": {"electrified": "contact_line", "frequency": "16.67", "gauge": "1435", "maxspeed": "75", "name": "Dovrebanen", "operator": "Bane NOR", "passenger_lines": "1", "railway": "rail", "usage": "main", "voltage": "15000", "length_km": 0.03, "maxspeed_kmh": 75.0}}, {"type": "Feature", "geometry": {"type": "LineString", "coordinates": [[9.5454534, 61.6753845], [9.5451768, 61.675513], [9.5449719, 61.6756157], [9.5447617, 61.6757362], [9.5445155, 61.6758971], [9.5443412, 61.6760289], [9.5442575, 61.6761017], [9.5441281, 61.6762202], [9.5440177, 61.6763377], [9.5439342, 61.6764344], [9.5437861, 61.6766371], [9.5435273, 61.6770376], [9.5433835, 61.6772415], [9.5432182, 61.6774375], [9.5431087, 61.6775465], [9.5429939, 61.6776504], [9.5428331, 61.6777767], [9.5426715, 61.6778909], [9.5424055, 61.6780539], [9.5422356, 61.6781479], [9.541972, 61.678287]]}, "properties": {"electrified": "contact_line", "frequency": "16.67", "gauge": "1435", "maxspeed": "75", "name": "Dovrebanen", "operator": "Bane NOR", "passenger_lines": "1", "railway": "rail", "usage": "main", "voltage": "15000", "length_km": 0.378, "maxspeed_kmh": 75.0}}, {"type": "Feature", "geometry": {"type": "LineString", "coordinates": [[11.245654, 60.3487401], [11.2456485, 60.3490226]]}, "properties": {"electrified": "contact_line", "frequency": "16.67", "gauge": "1435", "name": "Dovrebanen", "operator": "Bane NOR", "railway": "rail", "service": "siding", "voltage": "15000", "length_km": 0.031}}, {"type": "Feature", "geometry": {"type": "LineString", "coordinates": [[11.2471024, 60.3371898], [11.2470444, 60.337572], [11.2469948, 60.3378485], [11.2469501, 60.3380777], [11.2469352, 60.3381449]]}, "properties": {"electrified": "contact_line", "frequency": "16.67", "gauge": "1435", "maxspeed": "100", "name": "Dovrebanen", "operator": "Bane NOR", "passenger_lines": "2", "railway": "rail", "usage": "main", "voltage": "15000", "length_km": 0.107, "maxspeed_kmh": 100.0}}, {"type": "Feature", "geometry": {"type": "LineString", "coordinates": [[11.2461453, 60.342732], [11.2459143, 60.34454], [11.2458746, 60.344895], [11.2458384, 60.3452967], [11.2458143, 60.3456468], [11.2457962, 60.3459964], [11.2457868, 60.3463355], [11.2457802, 60.3466556]]}, "properties": {"electrified": "contact_line", "frequency": "16.67", "gauge": "1435", "name": "Dovrebanen", "operator": "Bane NOR", "railway": "rail", "usage": "main", "voltage": "15000", "length_km": 0.438}}, {"type": "Feature", "geometry": {"type": "LineString", "coordinates": [[11.2457375, 60.3487406], [11.2457138, 60.3499206]]}, "properties": {"electrified": "contact_line", "frequency": "16.67", "gauge": "1435", "maxspeed": "200", "name": "Dovrebanen", "operator": "Bane NOR", "railway": "rail", "usage": "main", "voltage": "15000", "length_km": 0.131, "maxspeed_kmh": 200.0}}, {"type": "Feature", "geometry": {"type": "LineString", "coordinates": [[11.2466999, 60.3383286], [11.2467938, 60.3378396], [11.2468624, 60.3374623], [11.2469634, 60.3368482], [11.2470168, 60.336488], [11.2470778, 60.3360815], [11.2471219, 60.3358197], [11.2471589, 60.335587]]}, "properties": {"electrified": "contact_line", "frequency": "16.67", "gauge": "1435", "name": "Dovrebanen", "operator": "Bane NOR", "passenger_lines": "2", "railway": "rail", "usage": "main", "voltage": "15000", "length_km": 0.307}}, {"type": "Feature", "geometry": {"type": "LineString", "coordinates": [[11.2456141, 60.3466547], [11.2456203, 60.3463414], [11.2456304, 60.3459974], [11.2456486, 60.3456449], [11.2456711, 60.3452939], [11.2457074, 60.3448905], [11.2457454, 60.3445361], [11.2459772, 60.3427243], [11.2460238, 60.3423588]]}, "properties": {"electrified": "contact_line", "frequency": "16.67", "gauge": "1435", "name": "Dovrebanen", "operator": "Bane NOR", "railway": "rail", "usage": "main", "voltage": "15000", "length_km": 0.479}}, {"type": "Feature", "geometry": {"type": "LineString", "coordinates": [[11.2463545, 60.3417571], [11.2463266, 60.3419487], [11.2462938, 60.3420977], [11.2462556, 60.3422543], [11.2462106, 60.3424292], [11.2461818, 60.342547], [11.2461453, 60.342732]]}, "properties": {"electrified": "contact_line", "frequency": "16.67", "gauge": "1435", "name": "Dovrebanen", "operator": "Bane NOR", "railway": "rail", "usage": "branch", "voltage": "15000", "length_km": 0.109}}, {"type": "Feature", "geometry": {"type": "LineString", "coordinates": [[11.2455764, 60.3485463], [11.2456141, 60.3466547]]}, "properties": {"electrified": "contact_line", "frequency": "16.67", "gauge": "1435", "maxspeed": "200", "name": "Dovrebanen", "operator": "Bane NOR", "railway": "rail", "usage": "main", "voltage": "15000", "length_km": 0.211, "maxspeed_kmh": 200.0}}, {"type": "Feature", "geometry": {"type": "LineString", "coordinates": [[9.2568353, 61.9856513], [9.2568038, 61.9857691], [9.2565481, 61.9867312]]}, "properties": {"electrified": "contact_line", "frequency": "16.67", "gauge": "1435", "maxspeed": "130", "name": "Dovrebanen", "operator": "Bane NOR", "passenger_lines": "1", "railway": "rail", "usage": "main", "voltage": "15000", "length_km": 0.121, "maxspeed_kmh": 130.0}}, {"type": "Feature", "geometry": {"type": "LineString", "coordinates": [[9.2429506, 61.9988128], [9.2426341, 61.9989346], [9.2421737, 61.9991051], [9.2417746, 61.9992478], [9.2412931, 61.9994114], [9.2407526, 61.999586], [9.2402434, 61.9997437], [9.239742, 61.9998916], [9.2392513, 62.0000297], [9.2387811, 62.0001559], [9.2383514, 62.0002652], [9.2376162, 62.0004449], [9.23707, 62.0005698], [9.2355081, 62.0009071], [9.2343312, 62.0011789], [9.2333283, 62.0014307], [9.2327313, 62.0015914], [9.2324623, 62.0016648], [9.2314786, 62.0019497], [9.2310306, 62.0020852], [9.230291, 62.0023217], [9.2300305, 62.002413]]}, "properties": {"electrified": "contact_line", "frequency": "16.67", "gauge": "1435", "maxspeed": "130", "name": "Dovrebanen", "operator": "Bane NOR", "passenger_lines": "1", "railway": "rail", "usage": "main", "voltage": "15000", "length_km": 0.79, "maxspeed_kmh": 130.0}}, {"type": "Feature", "geometry": {"type": "LineString", "coordinates": [[9.2145727, 62.0172922], [9.2145193, 62.0173385], [9.2143254, 62.0174912]]}, "properties": {"electrified": "contact_line", "frequency": "16.67", "gauge": "1435", "maxspeed": "90", "name": "Dovrebanen", "operator": "Bane NOR", "passenger_lines": "1", "railway": "rail", "usage": "main", "voltage": "15000", "length_km": 0.026, "maxspeed_kmh": 90.0}}, {"type": "Feature", "geometry": {"type": "LineString", "coordinates": [[9.2142247, 62.0175686], [9.2140676, 62.0176761], [9.2138205, 62.0178251], [9.2135421, 62.017971], [9.2132859, 62.0180881], [9.2130261, 62.0181925], [9.2127711, 62.018279], [9.2124215, 62.0183935], [9.2121327, 62.0184552], [9.2113763, 62.0186465], [9.2105877, 62.0188592], [9.2101264, 62.0189976], [9.2097804, 62.0191083], [9.2094639, 62.0192216], [9.2089829, 62.0194079], [9.208743, 62.0195055], [9.2084444, 62.0196334], [9.2081438, 62.0197739], [9.2078447, 62.0199237], [9.2073375, 62.0201987], [9.2072823, 62.0202306]]}, "properties": {"electrified": "contact_line", "frequency": "16.67", "gauge": "1435", "maxspeed": "90", "name": "Dovrebanen", "operator": "Bane NOR", "passenger_lines": "1", "railway": "rail", "usage": "main", "voltage": "15000", "length_km": 0.474, "maxspeed_kmh": 90.0}}, {"type": "Feature", "geometry": {"type": "LineString", "coordinates": [[9.1594908, 62.0455152], [9.1590802, 62.0458856], [9.1590358, 62.0459233]]}, "properties": {"electrified": "contact_line", "frequency": "16.67", "gauge": "1435", "maxspeed": "130", "name": "Dovrebanen", "operator": "Bane NOR", "passenger_lines": "1", "railway": "rail", "usage": "main", "voltage": "15000", "length_km": 0.051, "maxspeed_kmh": 130.0}}, {"type": "Feature", "geometry": {"type": "LineString", "coordinates": [[9.1288121, 62.059776], [9.1287782, 62.0598742], [9.1287085, 62.0601239], [9.1285577, 62.0607564], [9.1285246, 62.0608767], [9.1284565, 62.061059], [9.1283491, 62.0612637], [9.1282127, 62.0614582], [9.1280723, 62.0616186], [9.128036, 62.0616592], [9.1279387, 62.0617523], [9.1277642, 62.0619012], [9.127684, 62.0619604]]}, "properties": {"electrified": "contact_line", "frequency": "16.67", "gauge": "1435", "maxspeed": "50", "name": "Dovrebanen", "operator": "Bane NOR", "passenger_lines": "1", "railway": "rail", "usage": "main", "voltage": "15000", "length_km": 0.253, "maxspeed_kmh": 50.0}}, {"type": "Feature", "geometry": {"type": "LineString", "coordinates": [[9.1239474, 62.065683], [9.1239812, 62.0657461], [9.1240231, 62.0658167], [9.1240748, 62.0658939], [9.1241405, 62.0659837], [9.1242548, 62.0661219], [9.1243126, 62.0661966]]}, "properties": {"electrified": "contact_line", "frequency": "16.67", "gauge": "1435", "maxspeed": "40", "name": "Dovrebanen", "operator": "Bane NOR", "passenger_lines": "1", "railway": "rail", "usage": "main", "voltage": "15000", "length_km": 0.06, "maxspeed_kmh": 40.0}}, {"type": "Feature", "geometry": {"type": "LineString", "coordinates": [[9.3142645, 61.9271275], [9.313889, 61.9272445], [9.3129195, 61.9275397], [9.3105199, 61.9282503]]}, "properties": {"electrified": "contact_line", "frequency": "16.67", "gauge": "1435", "maxspeed": "125", "name": "Dovrebanen", "operator": "Bane NOR", "passenger_lines": "1", "railway": "rail", "usage": "main", "voltage": "15000", "length_km": 0.233, "maxspeed_kmh": 125.0}}, {"type": "Feature", "geometry": {"type": "LineString", "coordinates": [[9.3057104, 61.9309116], [9.3055336, 61.9311228]]}, "properties": {"electrified": "contact_line", "frequency": "16.67", "gauge": "1435", "maxspeed": "115", "name": "Dovrebanen", "operator": "Bane NOR", "passenger_lines": "1", "railway": "rail", "usage": "main", "voltage": "15000", "length_km": 0.025, "maxspeed_kmh": 115.0}}, {"type": "Feature", "geometry": {"type": "LineString", "coordinates": [[9.2677878, 61.9559296], [9.2675559, 61.9560851], [9.2673509, 61.9562319], [9.2670437, 61.9564674], [9.266839, 61.9566424], [9.2665536, 61.9569117], [9.2662983, 61.957195], [9.2661446, 61.9573871]]}, "properties": {"electrified": "contact_line", "frequency": "16.67", "gauge": "1435", "maxspeed": "70", "name": "Dovrebanen", "operator": "Bane NOR", "passenger_lines": "1", "railway": "rail", "usage": "main", "voltage": "15000", "length_km": 0.185, "maxspeed_kmh": 70.0}}, {"type": "Feature", "geometry": {"type": "LineString", "coordinates": [[9.264559, 61.9592052], [9.2642773, 61.9593684], [9.2639609, 61.9595197], [9.263771, 61.9596016], [9.263373, 61.9597526], [9.2632502, 61.9597945]]}, "properties": {"electrified": "contact_line", "frequency": "16.67", "gauge": "1435", "maxspeed": "70", "name": "Dovrebanen", "operator": "Bane NOR", "passenger_lines": "1", "railway": "rail", "usage": "main", "voltage": "15000", "length_km": 0.095, "maxspeed_kmh": 70.0}}, {"type": "Feature", "geometry": {"type": "LineString", "coordinates": [[9.2538113, 61.9663676], [9.2537992, 61.966456]]}, "properties": {"electrified": "contact_line", "frequency": "16.67", "gauge": "1435", "maxspeed": "115", "name": "Dovrebanen", "operator": "Bane NOR", "passenger_lines": "1", "railway": "rail", "usage": "main", "voltage": "15000", "length_km": 0.01, "maxspeed_kmh": 115.0}}, {"type": "Feature", "geometry": {"type": "LineString", "coordinates": [[9.2565624, 61.98024], [9.2567035, 61.9803851], [9.2569438, 61.9806674], [9.2571361, 61.9809349], [9.2572061, 61.9810477], [9.2573193, 61.981258], [9.2574352, 61.9815333], [9.2574847, 61.9816866], [9.2575581, 61.981994], [9.257589, 61.9822885], [9.2575885, 61.9826058], [9.2575706, 61.9827771], [9.2575365, 61.9829844], [9.2574888, 61.9832063], [9.2571671, 61.9844092], [9.2568353, 61.9856513]]}, "properties": {"electrified": "contact_line", "frequency": "16.67", "gauge": "1435", "maxspeed": "100", "name": "Dovrebanen", "operator": "Bane NOR", "passenger_lines": "1", "railway": "rail", "usage": "main", "voltage": "15000", "length_km": 0.614, "maxspeed_kmh": 100.0}}, {"type": "Feature", "geometry": {"type": "LineString", "coordinates": [[9.5383363, 61.7692015], [9.5383346, 61.7693089], [9.5383319, 61.7694153], [9.5383175, 61.769556], [9.5383046, 61.7696626]]}, "properties": {"electrified": "contact_line", "frequency": "16.67", "gauge": "1435", "maxspeed": "95", "name": "Dovrebanen", "operator": "Bane NOR", "passenger_lines": "1", "railway": "rail", "usage": "main", "voltage": "15000", "length_km": 0.051, "maxspeed_kmh": 95.0}}, {"type": "Feature", "geometry": {"type": "LineString", "coordinates": [[9.5383348, 61.7787753], [9.5433243, 61.7833442], [9.5442463, 61.7841969], [9.5444065, 61.7843571], [9.5446594, 61.7846343], [9.5448165, 61.7848313], [9.5449244, 61.7849755], [9.5450549, 61.7851687], [9.5452143, 61.7854456], [9.5452945, 61.7856056], [9.5453995, 61.7858537], [9.5454843, 61.786109], [9.5455383, 61.7863117], [9.54558, 61.7865595], [9.5456368, 61.787025], [9.5458267, 61.78881]]}, "properties": {"electrified": "contact_line", "frequency": "16.67", "gauge": "1435", "maxspeed": "120", "name": "Dovrebanen", "operator": "Bane NOR", "passenger_lines": "1", "railway": "rail", "usage": "main", "voltage": "15000", "length_km": 1.206, "maxspeed_kmh": 120.0}}, {"type": "Feature", "geometry": {"type": "LineString", "coordinates": [[9.5458309, 61.788849], [9.54618, 61.7922178], [9.5461897, 61.7924533], [9.5461841, 61.7926698], [9.5461552, 61.7929561], [9.5461001, 61.7932512], [9.5460211, 61.793535], [9.5459002, 61.79387], [9.5454857, 61.7947599]]}, "properties": {"electrified": "contact_line", "frequency": "16.67", "gauge": "1435", "maxspeed": "120", "name": "Dovrebanen", "operator": "Bane NOR", "passenger_lines": "1", "railway": "rail", "usage": "main", "voltage": "15000", "length_km": 0.663, "maxspeed_kmh": 120.0}}, {"type": "Feature", "geometry": {"type": "LineString", "coordinates": [[9.4368043, 61.8354469], [9.4363975, 61.8354716], [9.4297852, 61.835886], [9.4291026, 61.8359338], [9.4285897, 61.8359759], [9.4275161, 61.8360788], [9.4271535, 61.8361181], [9.4265355, 61.8361923], [9.4258874, 61.8362792], [9.4250182, 61.8364076], [9.4240777, 61.8365646], [9.4232887, 61.83671], [9.4228641, 61.8367948], [9.422344, 61.8369054], [9.4216673, 61.8370565], [9.4206777, 61.8372959], [9.4203667, 61.837375]]}, "properties": {"electrified": "contact_line", "frequency": "16.67", "gauge": "1435", "maxspeed": "130", "name": "Dovrebanen", "operator": "Bane NOR", "passenger_lines": "1", "railway": "rail", "usage": "main", "voltage": "15000", "length_km": 0.9, "maxspeed_kmh": 130.0}}, {"type": "Feature", "geometry": {"type": "LineString", "coordinates": [[9.4558228, 61.8324672], [9.4548974, 61.8326011], [9.4544666, 61.8326649], [9.4535881, 61.8328094], [9.4529793, 61.8329159], [9.4524222, 61.8330184], [9.4515272, 61.8331939], [9.4507571, 61.8333554], [9.4501951, 61.8334778], [9.4480854, 61.8339611], [9.447384, 61.8341182], [9.4464688, 61.83431], [9.4457962, 61.8344401], [9.4449649, 61.8345909], [9.4442616, 61.8347088], [9.4437911, 61.8347815], [9.4434373, 61.8348342], [9.4428536, 61.8349147], [9.4424029, 61.8349736], [9.4418082, 61.8350449], [9.4409851, 61.8351335], [9.4403267, 61.8351992], [9.4396716, 61.8352554], [9.4388396, 61.8353182], [9.4381461, 61.8353628], [9.4378781, 61.8353795], [9.4368043, 61.8354469]]}, "properties": {"electrified": "contact_line", "frequency": "16.67", "gauge": "1435", "maxspeed": "130", "name": "Dovrebanen", "operator": "Bane NOR", "passenger_lines": "1", "railway": "rail", "usage": "main", "voltage": "15000", "length_km": 1.062, "maxspeed_kmh": 130.0}}, {"type": "Feature", "geometry": {"type": "LineString", "coordinates": [[9.41036, 61.8407471], [9.4102951, 61.8407832]]}, "properties": {"electrified": "contact_line", "frequency": "16.67", "gauge": "1435", "maxspeed": "130", "name": "Dovrebanen", "operator": "Bane NOR", "passenger_lines": "1", "railway": "rail", "usage": "main", "voltage": "15000", "length_km": 0.005, "maxspeed_kmh": 130.0}}, {"type": "Feature", "geometry": {"type": "LineString", "coordinates": [[9.4102951, 61.8407832], [9.41018, 61.8408472], [9.4099495, 61.8409923], [9.4098253, 61.8410794], [9.4096284, 61.8412415], [9.4094856, 61.841386], [9.4094065, 61.8414805], [9.4093212, 61.8415957], [9.4092641, 61.8416871], [9.4091687, 61.8418959], [9.4091135, 61.8421152], [9.4091046, 61.8422032], [9.4091009, 61.8423222], [9.4091108, 61.8424072], [9.4091347, 61.8425391], [9.4091733, 61.8426542], [9.4092274, 61.8427789], [9.4092718, 61.84286], [9.4094219, 61.8430753], [9.4095982, 61.8432631], [9.4098018, 61.8434339], [9.4099064, 61.843513], [9.4100026, 61.8435778], [9.4101789, 61.8436813], [9.4104329, 61.8438188]]}, "properties": {"electrified": "contact_line", "frequency": "16.67", "gauge": "1435", "maxspeed": "80", "name": "Dovrebanen", "operator": "Bane NOR", "passenger_lines": "1", "railway": "rail", "usage": "main", "voltage": "15000", "length_km": 0.372, "maxspeed_kmh": 80.0}}, {"type": "Feature", "geometry": {"type": "LineString", "coordinates": [[9.3983357, 61.8613974], [9.3980912, 61.861681], [9.3979034, 61.8618746], [9.3976791, 61.8620771], [9.3975595, 61.8621718], [9.3974199, 61.8622722], [9.3973144, 61.8623423], [9.3970611, 61.8624939], [9.3967954, 61.8626302], [9.396446, 61.8627817], [9.3957299, 61.8630681]]}, "properties": {"electrified": "contact_line", "frequency": "16.67", "gauge": "1435", "maxspeed": "85", "name": "Dovrebanen", "operator": "Bane NOR", "passenger_lines": "1", "railway": "rail", "usage": "main", "voltage": "15000", "length_km": 0.235, "maxspeed_kmh": 85.0}}, {"type": "Feature", "geometry": {"type": "LineString", "coordinates": [[9.394179, 61.8640526], [9.3940978, 61.8641673], [9.394028, 61.864283], [9.3939645, 61.8644314], [9.3939077, 61.8646025], [9.3938907, 61.8646959]]}, "properties": {"electrified": "contact_line", "frequency": "16.67", "gauge": "1435", "maxspeed": "75", "name": "Dovrebanen", "operator": "Bane NOR", "passenger_lines": "1", "railway": "rail", "usage": "main", "voltage": "15000", "length_km": 0.074, "maxspeed_kmh": 75.0}}, {"type": "Feature", "geometry": {"type": "LineString", "coordinates": [[9.3968135, 61.866921], [9.3973711, 61.8670429], [9.3979584, 61.8671662]]}, "properties": {"electrified": "contact_line", "frequency": "16.67", "gauge": "1435", "maxspeed": "75", "name": "Dovrebanen", "operator": "Bane NOR", "passenger_lines": "1", "railway": "rail", "usage": "main", "voltage": "15000", "length_km": 0.066, "maxspeed_kmh": 75.0}}, {"type": "Feature", "geometry": {"type": "LineString", "coordinates": [[9.4171673, 61.8729318], [9.4174925, 61.873186]]}, "properties": {"electrified": "contact_line", "frequency": "16.67", "gauge": "1435", "maxspeed": "110", "name": "Dovrebanen", "operator": "Bane NOR", "passenger_lines": "1", "railway": "rail", "usage": "main", "voltage": "15000", "length_km": 0.033, "maxspeed_kmh": 110.0}}, {"type": "Feature", "geometry": {"type": "LineString", "coordinates": [[9.4053873, 61.8893904], [9.4053011, 61.8895968], [9.4051853, 61.8898171], [9.4050319, 61.8900705], [9.4049455, 61.8901972], [9.4047533, 61.8904531], [9.4045277, 61.8907133], [9.4043834, 61.8908657], [9.4042527, 61.890993], [9.4039404, 61.8912749], [9.4037501, 61.8914354], [9.40344, 61.8916801], [9.4030799, 61.8919451], [9.4025636, 61.8922914], [9.4022209, 61.8925053], [9.4019262, 61.8926769], [9.4014647, 61.8929324], [9.4007986, 61.8932668], [9.400573, 61.8933734], [9.4000869, 61.89359], [9.3994661, 61.8938442], [9.3989838, 61.8940298], [9.3985409, 61.8941941], [9.3972238, 61.8946623], [9.3962967, 61.8949764], [9.3952534, 61.8953108], [9.3945605, 61.8955266], [9.3938896, 61.8957279], [9.3933922, 61.8958741], [9.3925864, 61.8961028], [9.3920714, 61.896244]]}, "properties": {"electrified": "contact_line", "frequency": "16.67", "gauge": "1435", "maxspeed": "125", "name": "Dovrebanen", "operator": "Bane NOR", "passenger_lines": "1", "railway": "rail", "usage": "main", "voltage": "15000", "length_km": 1.07, "maxspeed_kmh": 125.0}}, {"type": "Feature", "geometry": {"type": "LineString", "coordinates": [[9.3919019, 61.89629], [9.3910144, 61.8965246], [9.3906573, 61.8966146]]}, "properties": {"electrified": "contact_line", "frequency": "16.67", "gauge": "1435", "maxspeed": "125", "name": "Dovrebanen", "operator": "Bane NOR", "passenger_lines": "1", "railway": "rail", "usage": "main", "voltage": "15000", "length_km": 0.075, "maxspeed_kmh": 125.0}}, {"type": "Feature", "geometry": {"type": "LineString", "coordinates": [[9.2766365, 61.9515117], [9.2762225, 61.9516424], [9.2757204, 61.9518081], [9.2752924, 61.9519574], [9.2749322, 61.9520885], [9.2745131, 61.9522484], [9.2740374, 61.9524402], [9.273828, 61.9525269], [9.2730909, 61.9528525], [9.2724829, 61.9531448], [9.2719748, 61.9534062], [9.2716934, 61.9535563], [9.2711154, 61.9538815], [9.2701377, 61.9544529], [9.2695432, 61.9548123], [9.2689433, 61.9551836], [9.268004, 61.9557846], [9.2677878, 61.9559296]]}, "properties": {"electrified": "contact_line", "frequency": "16.67", "gauge": "1435", "name": "Dovrebanen", "operator": "Bane NOR", "passenger_lines": "1", "railway": "rail", "usage": "main", "voltage": "15000", "length_km": 0.682}}, {"type": "Feature", "geometry": {"type": "LineString", "coordinates": [[9.3558099, 61.9157517], [9.3556965, 61.9158437], [9.3553824, 61.9160741], [9.3551267, 61.9162447], [9.3547503, 61.9164719], [9.3543726, 61.9166769], [9.3540845, 61.9168204], [9.3537479, 61.9169747], [9.3533991, 61.9171233], [9.3530357, 61.9172653], [9.3524719, 61.9174626], [9.3522644, 61.9175291], [9.3518313, 61.9176591], [9.3516102, 61.9177205], [9.3512578, 61.9178111], [9.3509677, 61.9178797], [9.3506015, 61.9179602], [9.3501032, 61.9180579]]}, "properties": {"electrified": "contact_line", "frequency": "16.67", "gauge": "1435", "maxspeed": "120", "name": "Dovrebanen", "operator": "Bane NOR", "passenger_lines": "1", "railway": "rail", "usage": "main", "voltage": "15000", "length_km": 0.403, "maxspeed_kmh": 120.0}}, {"type": "Feature", "geometry": {"type": "LineString", "coordinates": [[9.3563743, 61.9152295], [9.3563176, 61.9152888], [9.3560397, 61.9155553], [9.3559507, 61.915633], [9.3558716, 61.9157006]]}, "properties": {"electrified": "contact_line", "frequency": "16.67", "gauge": "1435", "maxspeed": "120", "name": "Dovrebanen", "operator": "Bane NOR", "passenger_lines": "1", "railway": "rail", "usage": "main", "voltage": "15000", "length_km": 0.059, "maxspeed_kmh": 120.0}}, {"type": "Feature", "geometry": {"type": "LineString", "coordinates": [[9.5371277, 61.7776662], [9.5379996, 61.7784684], [9.5383348, 61.7787753]]}, "properties": {"electrified": "contact_line", "frequency": "16.67", "gauge": "1435", "maxspeed": "60", "name": "Dovrebanen", "operator": "Bane NOR", "passenger_lines": "1", "railway": "rail", "usage": "main", "voltage": "15000", "length_km": 0.139, "maxspeed_kmh": 60.0}}, {"type": "Feature", "geometry": {"type": "LineString", "coordinates": [[9.5383046, 61.7696626], [9.5383018, 61.7696861], [9.5382733, 61.7698269], [9.5382442, 61.7699391], [9.5381772, 61.7701266], [9.5380417, 61.770431], [9.5380293, 61.7704564], [9.5380029, 61.7705107], [9.5379838, 61.7705476], [9.537975, 61.7705697]]}, "properties": {"electrified": "contact_line", "frequency": "16.67", "gauge": "1435", "maxspeed": "60", "name": "Dovrebanen", "operator": "Bane NOR", "passenger_lines": "1", "railway": "rail", "usage": "main", "voltage": "15000", "length_km": 0.103, "maxspeed_kmh": 60.0}}, {"type": "Feature", "geometry": {"type": "LineString", "coordinates": [[9.5462734, 61.6871782], [9.5464073, 61.687662]]}, "properties": {"electrified": "contact_line", "frequency": "16.67", "gauge": "1435", "maxspeed": "95", "name": "Dovrebanen", "operator": "Bane NOR", "passenger_lines": "1", "railway": "rail", "usage": "main", "voltage": "15000", "length_km": 0.054, "maxspeed_kmh": 95.0}}, {"type": "Feature", "geometry": {"type": "LineString", "coordinates": [[9.5371544, 61.7114336], [9.536762, 61.7120368], [9.5366515, 61.7121926], [9.5364006, 61.712506], [9.5362064, 61.7127059], [9.5360169, 61.7128814], [9.5357773, 61.7130784], [9.5354334, 61.7133288], [9.5348312, 61.7137456], [9.5345752, 61.7139308], [9.5343462, 61.7141097], [9.5341474, 61.7142817], [9.5340456, 61.7143791], [9.533866, 61.714569], [9.5337018, 61.7147678], [9.533524, 61.7150303], [9.5334681, 61.7151335]]}, "properties": {"electrified": "contact_line", "frequency": "16.67", "gauge": "1435", "name": "Dovrebanen", "operator": "Bane NOR", "passenger_lines": "1", "railway": "rail", "usage": "main", "voltage": "15000", "length_km": 0.459}}, {"type": "Feature", "geometry": {"type": "LineString", "coordinates": [[9.5334681, 61.7151335], [9.5333361, 61.7153773], [9.5331847, 61.7157016], [9.5331021, 61.7159039], [9.5330345, 61.7160956], [9.5329296, 61.7164436], [9.532853, 61.7167816], [9.5328283, 61.716937], [9.5328091, 61.7170685], [9.532777, 61.717431], [9.5327744, 61.717773], [9.5327918, 61.7180691], [9.5328253, 61.7183562], [9.5328867, 61.7186894], [9.5329726, 61.7190239], [9.5330374, 61.7192164], [9.5330798, 61.7193373], [9.5331671, 61.7195565], [9.5332893, 61.7198206], [9.5334315, 61.7200919], [9.5335138, 61.7202335], [9.5338018, 61.7206827], [9.5347502, 61.7220055], [9.5352163, 61.722639], [9.5352866, 61.7227364], [9.5363012, 61.7241411], [9.5365508, 61.7245148], [9.5366616, 61.7247033], [9.536892, 61.725155], [9.5370032, 61.7254333], [9.537127, 61.7257982], [9.5373224, 61.7264278]]}, "properties": {"electrified": "contact_line", "frequency": "16.67", "gauge": "1435", "maxspeed": "130", "name": "Dovrebanen", "operator": "Bane NOR", "passenger_lines": "1", "railway": "rail", "usage": "main", "voltage": "15000", "length_km": 1.297, "maxspeed_kmh": 130.0}}, {"type": "Feature", "geometry": {"type": "LineString", "coordinates": [[9.5479528, 61.7358814], [9.5482414, 61.7360776], [9.5485646, 61.736307], [9.5488724, 61.7365536], [9.5490128, 61.7366789], [9.549176, 61.7368375], [9.5493316, 61.7370071], [9.5494626, 61.7371689], [9.5496005, 61.7373628], [9.5497, 61.7375212], [9.5497853, 61.7376834], [9.5498532, 61.7378331], [9.5499538, 61.738121], [9.5500144, 61.738412], [9.5500352, 61.7386834]]}, "properties": {"electrified": "contact_line", "frequency": "16.67", "gauge": "1435", "maxspeed": "95", "name": "Dovrebanen", "operator": "Bane NOR", "passenger_lines": "1", "railway": "rail", "usage": "main", "voltage": "15000", "length_km": 0.337, "maxspeed_kmh": 95.0}}, {"type": "Feature", "geometry": {"type": "LineString", "coordinates": [[9.7024155, 61.6649079], [9.7055005, 61.6652778], [9.70648, 61.6653953], [9.7095825, 61.6657686]]}, "properties": {"electrified": "contact_line", "frequency": "16.67", "gauge": "1435", "name": "Dovrebanen", "operator": "Bane NOR", "passenger_lines": "1", "railway": "rail", "usage": "main", "voltage": "15000", "length_km": 0.392}}, {"type": "Feature", "geometry": {"type": "LineString", "coordinates": [[9.6907298, 61.6635161], [9.691054, 61.6635496], [9.6925854, 61.6637271], [9.6946789, 61.6639786], [9.6950494, 61.6640231], [9.700049, 61.6646238], [9.7009313, 61.6647301], [9.7013677, 61.6647823], [9.7021472, 61.6648757], [9.7024155, 61.6649079]]}, "properties": {"electrified": "contact_line", "frequency": "16.67", "gauge": "1435", "maxspeed": "130", "name": "Dovrebanen", "operator": "Bane NOR", "passenger_lines": "1", "railway": "rail", "usage": "main", "voltage": "15000", "length_km": 0.639, "maxspeed_kmh": 130.0}}, {"type": "Feature", "geometry": {"type": "LineString", "coordinates": [[9.6411309, 61.663391], [9.6407722, 61.6633474], [9.6398983, 61.6632312], [9.6391251, 61.6631188], [9.6385399, 61.6630277], [9.6376424, 61.6628787], [9.6367455, 61.6627171], [9.6361517, 61.6626035], [9.6353014, 61.6624323], [9.6320892, 61.6617508], [9.6314498, 61.661619], [9.6305553, 61.6614454], [9.6295557, 61.6612671], [9.6287846, 61.6611403], [9.6277966, 61.6609897], [9.619188, 61.6597503], [9.6176223, 61.6595291], [9.6168845, 61.659439], [9.6161069, 61.659361], [9.6153007, 61.6592994], [9.6149116, 61.6592756], [9.6142972, 61.6592458], [9.6138645, 61.6592306], [9.6135259, 61.6592231], [9.6130732, 61.6592167], [9.6126317, 61.6592158], [9.6123458, 61.659218]]}, "properties": {"electrified": "contact_line", "frequency": "16.67", "gauge": "1435", "maxspeed": "130", "name": "Dovrebanen", "operator": "Bane NOR", "passenger_lines": "1", "railway": "rail", "usage": "main", "voltage": "15000", "length_km": 1.603, "maxspeed_kmh": 130.0}}, {"type": "Feature", "geometry": {"type": "LineString", "coordinates": [[9.8706783, 61.572977], [9.8712657, 61.5727191], [9.8718397, 61.5724944], [9.8721689, 61.5723719], [9.8728589, 61.5721152], [9.8749692, 61.5713571]]}, "properties": {"electrified": "contact_line", "frequency": "16.67", "gauge": "1435", "maxspeed": "105", "name": "Dovrebanen", "operator": "Bane NOR", "passenger_lines": "1", "railway": "rail", "usage": "main", "voltage": "15000", "length_km": 0.291, "maxspeed_kmh": 105.0}}, {"type": "Feature", "geometry": {"type": "LineString", "coordinates": [[9.8605909, 61.574548], [9.8613392, 61.5745008], [9.8624707, 61.5744732]]}, "properties": {"electrified": "contact_line", "frequency": "16.67", "gauge": "1435", "maxspeed": "105", "name": "Dovrebanen", "operator": "Bane NOR", "passenger_lines": "1", "railway": "rail", "usage": "main", "voltage": "15000", "length_km": 0.1, "maxspeed_kmh": 105.0}}, {"type": "Feature", "geometry": {"type": "LineString", "coordinates": [[9.8080866, 61.5851364], [9.8081994, 61.5851518]]}, "properties": {"electrified": "contact_line", "frequency": "16.67", "gauge": "1435", "name": "Dovrebanen", "operator": "Bane NOR", "passenger_lines": "1", "railway": "rail", "usage": "main", "voltage": "15000", "length_km": 0.006}}, {"type": "Feature", "geometry": {"type": "LineString", "coordinates": [[9.792953, 61.5840429], [9.7933947, 61.5840369], [9.7941103, 61.5840231], [9.7957867, 61.5840218], [9.7973719, 61.5840563], [9.7993138, 61.5841431], [9.8000898, 61.584197], [9.8010588, 61.5842642], [9.8027846, 61.5844162], [9.8036483, 61.5845146], [9.8040488, 61.5845575], [9.804227, 61.5845806], [9.8045002, 61.5846182], [9.8048547, 61.5846669], [9.804918, 61.5846756], [9.8060658, 61.5848334], [9.8063244, 61.584869], [9.8069381, 61.5849628], [9.8078104, 61.5850962], [9.8079686, 61.5851204], [9.8080866, 61.5851364]]}, "properties": {"electrified": "contact_line", "frequency": "16.67", "gauge": "1435", "maxspeed": "130", "name": "Dovrebanen", "operator": "Bane NOR", "passenger_lines": "1", "railway": "rail", "usage": "main", "voltage": "15000", "length_km": 0.819, "maxspeed_kmh": 130.0}}, {"type": "Feature", "geometry": {"type": "LineString", "coordinates": [[9.8400586, 61.5826302], [9.8405763, 61.5822907], [9.8411556, 61.5818158], [9.8415518, 61.5814536], [9.8423145, 61.5807562], [9.84306, 61.5800747], [9.8431874, 61.5799617]]}, "properties": {"electrified": "contact_line", "frequency": "16.67", "gauge": "1435", "maxspeed": "105", "name": "Dovrebanen", "operator": "Bane NOR", "passenger_lines": "1", "railway": "rail", "usage": "main", "voltage": "15000", "length_km": 0.341, "maxspeed_kmh": 105.0}}, {"type": "Feature", "geometry": {"type": "LineString", "coordinates": [[9.8526777, 61.576624], [9.8529684, 61.5764805], [9.8533114, 61.5763112], [9.8540651, 61.5759831], [9.8546176, 61.5757737], [9.8553177, 61.5755388], [9.8554975, 61.5754834], [9.8559453, 61.5753575], [9.8567983, 61.5751405], [9.8577746, 61.5749336], [9.8587026, 61.5747728], [9.8590847, 61.5747209], [9.8595958, 61.5746515], [9.8605909, 61.574548]]}, "properties": {"electrified": "contact_line", "frequency": "16.67", "gauge": "1435", "maxspeed": "105", "name": "Dovrebanen", "operator": "Bane NOR", "passenger_lines": "1", "railway": "rail", "usage": "main", "voltage": "15000", "length_km": 0.489, "maxspeed_kmh": 105.0}}, {"type": "Feature", "geometry": {"type": "LineString", "coordinates": [[9.7523285, 61.5934359], [9.753284, 61.5930987]]}, "properties": {"electrified": "contact_line", "frequency": "16.67", "gauge": "1435", "maxspeed": "85", "name": "Dovrebanen", "operator": "Bane NOR", "passenger_lines": "1", "railway": "rail", "usage": "main", "voltage": "15000", "length_km": 0.063, "maxspeed_kmh": 85.0}}, {"type": "Feature", "geometry": {"type": "LineString", "coordinates": [[9.7414864, 61.6026756], [9.741189, 61.6018191], [9.7411166, 61.6015116], [9.7410764, 61.6012259], [9.741071, 61.6009312], [9.7410925, 61.6006454], [9.7411863, 61.6001147], [9.7412748, 61.5998016], [9.7414009, 61.5994546], [9.7415243, 61.5991739], [9.741755, 61.5987389], [9.7418881, 61.5985348]]}, "properties": {"electrified": "contact_line", "frequency": "16.67", "gauge": "1435", "maxspeed": "85", "name": "Dovrebanen", "operator": "Bane NOR", "passenger_lines": "1", "railway": "rail", "usage": "main", "voltage": "15000", "length_km": 0.468, "maxspeed_kmh": 85.0}}, {"type": "Feature", "geometry": {"type": "LineString", "coordinates": [[9.7304839, 61.6468726], [9.7303788, 61.6467588], [9.7300945, 61.6464926], [9.7297055, 61.6461537], [9.7288472, 61.6454684], [9.7279219, 61.6447194], [9.7273077, 61.6442391], [9.7266773, 61.6437869], [9.7261838, 61.6434429], [9.7259763, 61.6433147], [9.7258199, 61.643218], [9.7256045, 61.6430849], [9.7250063, 61.6427244], [9.7248243, 61.6426256], [9.7242526, 61.6423155], [9.7237577, 61.6420624], [9.7233755, 61.641867], [9.7216214, 61.6410173], [9.7211681, 61.6408009], [9.7210876, 61.6407624], [9.7209149, 61.6406634], [9.7206193, 61.6404938]]}, "properties": {"electrified": "contact_line", "frequency": "16.67", "gauge": "1435", "name": "Dovrebanen", "operator": "Bane NOR", "passenger_lines": "1", "railway": "rail", "usage": "main", "voltage": "15000", "length_km": 0.888}}, {"type": "Feature", "geometry": {"type": "LineString", "coordinates": [[9.723792, 61.6247861], [9.7238074, 61.6247334], [9.7238449, 61.6244861], [9.723853, 61.6242413], [9.7238208, 61.624017], [9.7237484, 61.6237021], [9.723464, 61.6227473], [9.7233433, 61.6224528], [9.7232226, 61.6222157], [9.7230751, 61.6219824], [9.7225521, 61.6212978], [9.7223885, 61.6210518], [9.7222973, 61.6208312], [9.7222517, 61.6206069], [9.7222571, 61.6203774], [9.7223322, 61.6201415], [9.722485, 61.6198279], [9.7227559, 61.6194786], [9.7246871, 61.6169248], [9.7248668, 61.6167132], [9.7250707, 61.6165206], [9.7253631, 61.6163128], [9.7257171, 61.6161037], [9.726157, 61.6159175], [9.7266264, 61.6157569], [9.7270712, 61.6156381], [9.727592, 61.6155388], [9.7281204, 61.6154661], [9.7289545, 61.6153794], [9.7295688, 61.6153093], [9.7300408, 61.6152392], [9.7305209, 61.6151397], [9.7309957, 61.6150071], [9.7314141, 61.6148528], [9.7318513, 61.6146603], [9.7321812, 61.6144677], [9.7324575, 61.6142675], [9.7326882, 61.6140508], [9.732884, 61.6137983], [9.733002, 61.6135471], [9.733061, 61.6132959], [9.7330771, 61.6129975], [9.7330619, 61.6124517]]}, "properties": {"electrified": "contact_line", "frequency": "16.67", "gauge": "1435", "maxspeed": "80", "name": "Dovrebanen", "operator": "Bane NOR", "passenger_lines": "1", "railway": "rail", "usage": "main", "voltage": "15000", "length_km": 1.649, "maxspeed_kmh": 80.0}}, {"type": "Feature", "geometry": {"type": "LineString", "coordinates": [[9.7272536, 61.6626266], [9.7337906, 61.6580935], [9.7342613, 61.6577454]]}, "properties": {"electrified": "contact_line", "frequency": "16.67", "gauge": "1435", "name": "Dovrebanen", "operator": "Bane NOR", "passenger_lines": "1", "railway": "rail", "usage": "main", "voltage": "15000", "length_km": 0.659}}, {"type": "Feature", "geometry": {"type": "LineString", "coordinates": [[9.7325934, 61.6497865], [9.7324012, 61.6495992], [9.732031, 61.6491802], [9.7317628, 61.6488019], [9.7310037, 61.647532], [9.7308053, 61.6472467], [9.7305669, 61.6469674], [9.7304839, 61.6468726]]}, "properties": {"electrified": "contact_line", "frequency": "16.67", "gauge": "1435", "name": "Dovrebanen", "operator": "Bane NOR", "passenger_lines": "1", "railway": "rail", "usage": "main", "voltage": "15000", "length_km": 0.344}}, {"type": "Feature", "geometry": {"type": "LineString", "coordinates": [[9.7342613, 61.6577454], [9.7343002, 61.6577166], [9.7347401, 61.6573397], [9.7351129, 61.6569564], [9.7354079, 61.6565693], [9.7355689, 61.6563121], [9.7357325, 61.6559733], [9.7358451, 61.655669], [9.7359095, 61.6553506], [9.7359444, 61.6550068], [9.7359497, 61.6546286], [9.7359363, 61.6541803], [9.7358827, 61.6536569], [9.7358129, 61.6532876], [9.7356896, 61.6529119], [9.7355179, 61.6525617], [9.7353596, 61.6523095], [9.7350995, 61.6519733], [9.7347615, 61.6516039], [9.7342841, 61.6511887], [9.7332005, 61.6503265], [9.7327606, 61.6499495], [9.7325934, 61.6497865]]}, "properties": {"electrified": "contact_line", "frequency": "16.67", "gauge": "1435", "maxspeed": "115", "name": "Dovrebanen", "operator": "Bane NOR", "passenger_lines": "1", "railway": "rail", "usage": "main", "voltage": "15000", "length_km": 0.944, "maxspeed_kmh": 115.0}}, {"type": "Feature", "geometry": {"type": "LineString", "coordinates": [[9.7234026, 61.6645088], [9.7234744, 61.6644774], [9.7236521, 61.6643987]]}, "properties": {"electrified": "contact_line", "frequency": "16.67", "gauge": "1435", "name": "Dovrebanen", "operator": "Bane NOR", "passenger_lines": "1", "railway": "rail", "usage": "main", "voltage": "15000", "length_km": 0.018}}, {"type": "Feature", "geometry": {"type": "LineString", "coordinates": [[9.7236521, 61.6643987], [9.7251025, 61.6637568], [9.7258026, 61.6634347], [9.726331, 61.6631673], [9.7267682, 61.6629254], [9.7272536, 61.6626266]]}, "properties": {"electrified": "contact_line", "frequency": "16.67", "gauge": "1435", "name": "Dovrebanen", "operator": "Bane NOR", "passenger_lines": "1", "railway": "rail", "usage": "main", "voltage": "15000", "length_km": 0.275}}, {"type": "Feature", "geometry": {"type": "LineString", "coordinates": [[10.1441189, 61.5284415], [10.1438365, 61.5284925], [10.1434568, 61.5285535]]}, "properties": {"electrified": "contact_line", "frequency": "16.67", "gauge": "1435", "maxspeed": "100", "name": "Dovrebanen", "operator": "Bane NOR", "passenger_lines": "1", "railway": "rail", "usage": "main", "voltage": "15000", "length_km": 0.037, "maxspeed_kmh": 100.0}}, {"type": "Feature", "geometry": {"type": "LineString", "coordinates": [[10.1307874, 61.5297336], [10.1302807, 61.5297814], [10.1294834, 61.5298669], [10.1287746, 61.5299534], [10.1284905, 61.5299915], [10.1278888, 61.530082], [10.1273098, 61.5301843], [10.1266053, 61.5303337], [10.1264436, 61.5303717]]}, "properties": {"electrified": "contact_line", "frequency": "16.67", "gauge": "1435", "maxspeed": "100", "name": "Dovrebanen", "operator": "Bane NOR", "passenger_lines": "1", "railway": "rail", "usage": "main", "voltage": "15000", "length_km": 0.243, "maxspeed_kmh": 100.0}}, {"type": "Feature", "geometry": {"type": "LineString", "coordinates": [[10.1461198, 61.5280607], [10.1452284, 61.5282384]]}, "properties": {"electrified": "contact_line", "frequency": "16.67", "gauge": "1435", "maxspeed": "85", "name": "Dovrebanen", "operator": "Bane NOR", "passenger_lines": "1", "railway": "rail", "usage": "main", "voltage": "15000", "length_km": 0.051, "maxspeed_kmh": 85.0}}, {"type": "Feature", "geometry": {"type": "LineString", "coordinates": [[10.1264436, 61.5303717], [10.1257938, 61.5305244], [10.1234214, 61.5310957]]}, "properties": {"electrified": "contact_line", "frequency": "16.67", "gauge": "1435", "maxspeed": "130", "name": "Dovrebanen", "operator": "Bane NOR", "passenger_lines": "1", "railway": "rail", "usage": "main", "voltage": "15000", "length_km": 0.18, "maxspeed_kmh": 130.0}}, {"type": "Feature", "geometry": {"type": "LineString", "coordinates": [[10.0550549, 61.5505245], [10.0548787, 61.5505419]]}, "properties": {"electrified": "contact_line", "frequency": "16.67", "gauge": "1435", "maxspeed": "130", "name": "Dovrebanen", "operator": "Bane NOR", "passenger_lines": "1", "railway": "rail", "usage": "main", "voltage": "15000", "length_km": 0.01, "maxspeed_kmh": 130.0}}, {"type": "Feature", "geometry": {"type": "LineString", "coordinates": [[10.0483426, 61.5495555], [10.0473946, 61.5491681], [10.0467251, 61.5489097], [10.0462634, 61.5487518], [10.045909, 61.5486402], [10.0454137, 61.5485002], [10.0448583, 61.5483612], [10.0442984, 61.5482387], [10.0437894, 61.5481439], [10.043185, 61.5480465], [10.0429076, 61.5480078], [10.0425617, 61.5479648], [10.0419432, 61.5479017], [10.0416226, 61.5478754], [10.0412583, 61.547851], [10.0407753, 61.5478288], [10.0402051, 61.5478156], [10.0398218, 61.5478135]]}, "properties": {"electrified": "contact_line", "frequency": "16.67", "gauge": "1435", "name": "Dovrebanen", "operator": "Bane NOR", "passenger_lines": "1", "railway": "rail", "usage": "main", "voltage": "15000", "length_km": 0.506}}, {"type": "Feature", "geometry": {"type": "LineString", "coordinates": [[10.0398218, 61.5478135], [10.0394193, 61.5478139], [10.035274, 61.5478466], [10.0098127, 61.5480412], [10.0016885, 61.5481048], [10.0010505, 61.5481128], [10.0007222, 61.5481213]]}, "properties": {"electrified": "contact_line", "frequency": "16.67", "gauge": "1435", "maxspeed": "130", "name": "Dovrebanen", "operator": "Bane NOR", "passenger_lines": "1", "railway": "rail", "usage": "main", "voltage": "15000", "length_km": 2.08, "maxspeed_kmh": 130.0}}, {"type": "Feature", "geometry": {"type": "LineString", "coordinates": [[10.0007222, 61.5481213], [10.0004102, 61.5481363], [10.0000393, 61.5481604], [9.9998592, 61.5481766], [9.9993926, 61.548223], [9.9989933, 61.5482695], [9.9986036, 61.5483183]]}, "properties": {"electrified": "contact_line", "frequency": "16.67", "gauge": "1435", "maxspeed": "100", "name": "Dovrebanen", "operator": "Bane NOR", "passenger_lines": "1", "railway": "rail", "usage": "main", "voltage": "15000", "length_km": 0.115, "maxspeed_kmh": 100.0}}, {"type": "Feature", "geometry": {"type": "LineString", "coordinates": [[9.9986036, 61.5483183], [9.9980261, 61.5483906], [9.9974188, 61.5484584], [9.9968778, 61.5485094], [9.9962288, 61.5485594], [9.9956302, 61.5485941], [9.9952542, 61.5486109], [9.9948093, 61.5486252], [9.994131, 61.548636], [9.9936519, 61.5486359], [9.9929388, 61.5486234], [9.9923327, 61.5486005], [9.9918098, 61.5485715], [9.9901963, 61.548462], [9.9895842, 61.5484324], [9.9890193, 61.5484182], [9.9886916, 61.5484155], [9.9868094, 61.5484266], [9.9857918, 61.5484256], [9.9850132, 61.548418], [9.984156, 61.5484043], [9.983522, 61.5483894], [9.9823622, 61.5483491], [9.9787523, 61.5482136], [9.977299, 61.5481651], [9.976143, 61.5481417], [9.974411, 61.5481198], [9.9738236, 61.5481025], [9.9733477, 61.54808], [9.97297, 61.5480561], [9.9725963, 61.5480242], [9.9722928, 61.5479952], [9.9719184, 61.5479538], [9.9711892, 61.5478529], [9.9708756, 61.5478021], [9.9705317, 61.5477429], [9.9697823, 61.5475912], [9.9681785, 61.5472339], [9.9675009, 61.5470799]]}, "properties": {"electrified": "contact_line", "frequency": "16.67", "gauge": "1435", "maxspeed": "105", "name": "Dovrebanen", "operator": "Bane NOR", "passenger_lines": "1", "railway": "rail", "usage": "main", "voltage": "15000", "length_km": 1.682, "maxspeed_kmh": 105.0}}, {"type": "Feature", "geometry": {"type": "LineString", "coordinates": [[9.9275397, 61.5541674], [9.9275065, 61.5538733], [9.9275429, 61.553592], [9.9276377, 61.5533177], [9.9278017, 61.5530399], [9.927973, 61.5528299], [9.9282391, 61.552566], [9.9285963, 61.5523073], [9.9289368, 61.5521119], [9.9293049, 61.5519307], [9.9298776, 61.551711], [9.9301033, 61.5516407]]}, "properties": {"electrified": "contact_line", "frequency": "16.67", "gauge": "1435", "maxspeed": "85", "name": "Dovrebanen", "operator": "Bane NOR", "passenger_lines": "1", "railway": "rail", "usage": "main", "voltage": "15000", "length_km": 0.33, "maxspeed_kmh": 85.0}}, {"type": "Feature", "geometry": {"type": "LineString", "coordinates": [[9.9301033, 61.5516407], [9.9304577, 61.5515304], [9.9318339, 61.5511586], [9.932064, 61.5510964], [9.9335254, 61.5507138], [9.9379556, 61.5496027], [9.9399726, 61.5491555], [9.9422257, 61.5487338], [9.9453531, 61.5482482], [9.948435, 61.5478227], [9.9511521, 61.5474892], [9.9536304, 61.5472157], [9.9560283, 61.5469729]]}, "properties": {"electrified": "contact_line", "frequency": "16.67", "gauge": "1435", "maxspeed": "105", "name": "Dovrebanen", "operator": "Bane NOR", "passenger_lines": "1", "railway": "rail", "usage": "main", "voltage": "15000", "length_km": 1.483, "maxspeed_kmh": 105.0}}, {"type": "Feature", "geometry": {"type": "LineString", "coordinates": [[10.4043022, 61.1696088], [10.4044556, 61.1698174], [10.4046285, 61.1700263], [10.4047537, 61.1701707], [10.4053241, 61.1707941], [10.4054194, 61.1708981], [10.4065882, 61.1721851], [10.4077084, 61.1733862], [10.4080808, 61.1737934], [10.4098553, 61.1757532], [10.4100585, 61.1759757]]}, "properties": {"electrified": "contact_line", "frequency": "16.67", "gauge": "1435", "maxspeed": "95", "name": "Dovrebanen", "operator": "Bane NOR", "passenger_lines": "1", "railway": "rail", "usage": "main", "voltage": "15000", "length_km": 0.775, "maxspeed_kmh": 95.0}}, {"type": "Feature", "geometry": {"type": "LineString", "coordinates": [[10.4151688, 61.1876802], [10.4150857, 61.1878369], [10.4147995, 61.1885073], [10.4146658, 61.188745], [10.4145962, 61.188849], [10.4145072, 61.1889659], [10.4144203, 61.1890628], [10.4143169, 61.1891629], [10.4142003, 61.1892671], [10.4140744, 61.1893683], [10.4138029, 61.1895616], [10.4130317, 61.1900576], [10.4127742, 61.1902381], [10.4125458, 61.1904144], [10.4121522, 61.190766], [10.4117287, 61.1911796], [10.4114061, 61.1914787], [10.4110781, 61.1917567], [10.4104229, 61.192291], [10.4101633, 61.1925233], [10.4100566, 61.1926338], [10.4099473, 61.1927593], [10.4098365, 61.1929106], [10.4097626, 61.1930316], [10.4096911, 61.1931726], [10.4096311, 61.1933364], [10.4096025, 61.1934343], [10.4095849, 61.1935397], [10.4095709, 61.1937682], [10.4095832, 61.1938969], [10.4096038, 61.1940169], [10.4096778, 61.194256], [10.4097962, 61.1944824], [10.4099501, 61.1947035], [10.4101744, 61.194936], [10.410293, 61.1950463], [10.410443, 61.1951644]]}, "properties": {"electrified": "contact_line", "frequency": "16.67", "gauge": "1435", "maxspeed": "85", "name": "Dovrebanen", "operator": "Bane NOR", "passenger_lines": "1", "railway": "rail", "usage": "main", "voltage": "15000", "length_km": 0.917, "maxspeed_kmh": 85.0}}, {"type": "Feature", "geometry": {"type": "LineString", "coordinates": [[10.429619, 61.2078594], [10.429746, 61.2079124], [10.4306762, 61.2083162], [10.4315357, 61.2087118], [10.4319358, 61.208905], [10.4322224, 61.2090487], [10.4324939, 61.2091893], [10.4329116, 61.2094187], [10.4333001, 61.2096465], [10.4344753, 61.2103962], [10.436683, 61.2118213], [10.4367537, 61.2118686]]}, "properties": {"electrified": "contact_line", "frequency": "16.67", "gauge": "1435", "maxspeed": "110", "name": "Dovrebanen", "operator": "Bane NOR", "passenger_lines": "1", "railway": "rail", "usage": "main", "voltage": "15000", "length_km": 0.591, "maxspeed_kmh": 110.0}}, {"type": "Feature", "geometry": {"type": "LineString", "coordinates": [[10.4378472, 61.2135038], [10.4378158, 61.2137253]]}, "properties": {"electrified": "contact_line", "frequency": "16.67", "gauge": "1435", "maxspeed": "115", "name": "Dovrebanen", "operator": "Bane NOR", "passenger_lines": "1", "railway": "rail", "usage": "main", "voltage": "15000", "length_km": 0.025, "maxspeed_kmh": 115.0}}, {"type": "Feature", "geometry": {"type": "LineString", "coordinates": [[10.4267025, 61.2449129], [10.4266134, 61.2452145], [10.4263907, 61.2461088]]}, "properties": {"electrified": "contact_line", "frequency": "16.67", "gauge": "1435", "maxspeed": "115", "name": "Dovrebanen", "operator": "Bane NOR", "passenger_lines": "1", "railway": "rail", "usage": "main", "voltage": "15000", "length_km": 0.134, "maxspeed_kmh": 115.0}}, {"type": "Feature", "geometry": {"type": "LineString", "coordinates": [[10.4263907, 61.2461088], [10.4263484, 61.2462649], [10.4262494, 61.2465189], [10.4261925, 61.2466276], [10.4261043, 61.2467746], [10.4259891, 61.2469353], [10.4258236, 61.247136], [10.4255559, 61.2474031], [10.4248997, 61.2480038], [10.4247248, 61.2481843], [10.4245166, 61.2484353], [10.4244148, 61.2485896], [10.4243202, 61.2487639], [10.4242471, 61.248925], [10.4241868, 61.2490836], [10.4239612, 61.2497583], [10.4238615, 61.2499876], [10.4236419, 61.2503506], [10.4235354, 61.2504897], [10.4232981, 61.2507599], [10.4230864, 61.2509667], [10.4229325, 61.2511037], [10.422329, 61.2515959], [10.4219771, 61.25189], [10.4217597, 61.2520917], [10.4215991, 61.2522581], [10.4214891, 61.2523861], [10.4212838, 61.2526674], [10.4211573, 61.2528761], [10.4209696, 61.2532525], [10.4207774, 61.2536766], [10.4206023, 61.2540012], [10.4204769, 61.2541853], [10.4203835, 61.2543093], [10.4201821, 61.254542], [10.4199408, 61.2547843], [10.4198657, 61.2548498]]}, "properties": {"electrified": "contact_line", "frequency": "16.67", "gauge": "1435", "maxspeed": "100", "name": "Dovrebanen", "operator": "Bane NOR", "passenger_lines": "1", "railway": "rail", "usage": "main", "voltage": "15000", "length_km": 1.043, "maxspeed_kmh": 100.0}}, {"type": "Feature", "geometry": {"type": "LineString", "coordinates": [[10.376528, 61.273916], [10.3756836, 61.2740267], [10.3748912, 61.2741376], [10.3745333, 61.2741988], [10.3740492, 61.274287], [10.3736594, 61.2743644], [10.3731706, 61.2744704], [10.3727192, 61.2745735]]}, "properties": {"electrified": "contact_line", "frequency": "16.67", "gauge": "1435", "maxspeed": "115", "name": "Dovrebanen", "operator": "Bane NOR", "passenger_lines": "1", "railway": "rail", "usage": "main", "voltage": "15000", "length_km": 0.218, "maxspeed_kmh": 115.0}}, {"type": "Feature", "geometry": {"type": "LineString", "coordinates": [[10.3724684, 61.2746322], [10.3721735, 61.2747029], [10.3716532, 61.2748132], [10.3713713, 61.2748683], [10.3711022, 61.2749159], [10.370592, 61.2749971], [10.3699625, 61.2750787], [10.3690206, 61.2751809], [10.36546, 61.2755498], [10.3649177, 61.2755996], [10.3641508, 61.2756544], [10.3636251, 61.2756799], [10.3628093, 61.2757039], [10.3622304, 61.2757072], [10.3617039, 61.2757004], [10.3614183, 61.2756927], [10.3608212, 61.275671], [10.3605434, 61.2756553], [10.3596274, 61.2755886], [10.3587199, 61.2754995]]}, "properties": {"electrified": "contact_line", "frequency": "16.67", "gauge": "1435", "maxspeed": "115", "name": "Dovrebanen", "operator": "Bane NOR", "passenger_lines": "1", "railway": "rail", "usage": "main", "voltage": "15000", "length_km": 0.756, "maxspeed_kmh": 115.0}}, {"type": "Feature", "geometry": {"type": "LineString", "coordinates": [[10.341499, 61.2736186], [10.3379941, 61.2733923], [10.3369738, 61.2733208], [10.335563, 61.2732009], [10.3348599, 61.2731327], [10.3338237, 61.2730162], [10.3328372, 61.2728851], [10.3325203, 61.2728394], [10.3316091, 61.2727203], [10.3310844, 61.2726635], [10.3305198, 61.2726103], [10.3300161, 61.2725713], [10.3295682, 61.2725425], [10.3278613, 61.2724444], [10.3273054, 61.2724072], [10.3246545, 61.2722066], [10.3234896, 61.2721134], [10.3219268, 61.2719984], [10.3214226, 61.2719712], [10.3208559, 61.2719552], [10.3203235, 61.2719532], [10.3200314, 61.2719581], [10.3197802, 61.2719643], [10.3191778, 61.2719904], [10.3185649, 61.2720355], [10.3180055, 61.272089], [10.317463, 61.2721525], [10.3155727, 61.2724061], [10.3118267, 61.272916], [10.3109373, 61.2730413], [10.3103043, 61.27314], [10.3097494, 61.2732395], [10.3092345, 61.2733425], [10.3087948, 61.2734443], [10.3084299, 61.2735288], [10.3079365, 61.2736575], [10.3074968, 61.2737822], [10.3072822, 61.2738466], [10.3067995, 61.2740009], [10.3065187, 61.2740976], [10.3060126, 61.2742796], [10.3057327, 61.2743849], [10.3035477, 61.2752225], [10.3025925, 61.275579], [10.3021785, 61.275729], [10.3015294, 61.2759559], [10.3010126, 61.2761296], [10.3005062, 61.2762928], [10.3000043, 61.276444], [10.2997611, 61.276512], [10.2992989, 61.2766357], [10.2990319, 61.2767019], [10.2987731, 61.276763], [10.2979779, 61.2769354], [10.2967057, 61.2771892], [10.2964823, 61.2772375], [10.2962309, 61.2772949]]}, "properties": {"electrified": "contact_line", "frequency": "16.67", "gauge": "1435", "maxspeed": "115", "name": "Dovrebanen", "operator": "Bane NOR", "passenger_lines": "1", "railway": "rail", "usage": "main", "voltage": "15000", "length_km": 2.599, "maxspeed_kmh": 115.0}}, {"type": "Feature", "geometry": {"type": "LineString", "coordinates": [[10.2962309, 61.2772949], [10.2960523, 61.2773357], [10.2958291, 61.2773936], [10.2954184, 61.2775127], [10.2952174, 61.2775833], [10.2950218, 61.277658], [10.294845, 61.2777297], [10.2946681, 61.277811], [10.2943376, 61.2779792], [10.2937502, 61.2783024], [10.2929086, 61.2787907], [10.2895428, 61.2808339], [10.2891966, 61.2810411], [10.2888786, 61.2812194], [10.288545, 61.281387], [10.288355, 61.2814729], [10.2881813, 61.2815451], [10.2878346, 61.2816797], [10.2869225, 61.2820107], [10.2867461, 61.2820797], [10.2865102, 61.282179], [10.2863434, 61.2822559], [10.2861808, 61.2823373], [10.2860125, 61.2824283], [10.2858514, 61.2825259], [10.2856922, 61.282634], [10.285536, 61.2827507], [10.2853916, 61.2828746], [10.2852518, 61.2830051], [10.2850206, 61.2832569], [10.284662, 61.2836721], [10.2843016, 61.2840385], [10.2840354, 61.2842777], [10.2838993, 61.2843916], [10.2833916, 61.2847981], [10.2827144, 61.2853082], [10.2822295, 61.2856623], [10.2818465, 61.2859336], [10.2814555, 61.2862018], [10.2810659, 61.2864535], [10.2806952, 61.2866844], [10.2792389, 61.2875663], [10.279038, 61.2876928], [10.2788551, 61.2878167], [10.2786891, 61.2879419], [10.2785663, 61.2880424], [10.2784336, 61.2881657], [10.2783233, 61.2882796], [10.2782201, 61.2883996], [10.2781128, 61.2885459], [10.2779798, 61.2887709], [10.2779275, 61.2888902], [10.27789, 61.2890008], [10.2778544, 61.2891255], [10.2778369, 61.2892426], [10.2778243, 61.2893915], [10.2778351, 61.2896698], [10.2778807, 61.2899969], [10.2779125, 61.2903244], [10.2779258, 61.2905185], [10.2779259, 61.2906951], [10.277909, 61.2908668], [10.2778623, 61.291159], [10.2777644, 61.2915145], [10.2775551, 61.2921753], [10.2774965, 61.2924691], [10.2774877, 61.2926475], [10.2774968, 61.2928113], [10.2775347, 61.2929987], [10.2775995, 61.2931973], [10.2776735, 61.2933607], [10.2777603, 61.2935173], [10.27785, 61.2936495]]}, "properties": {"electrified": "contact_line", "frequency": "16.67", "gauge": "1435", "maxspeed": "85", "name": "Dovrebanen", "operator": "Bane NOR", "passenger_lines": "1", "railway": "rail", "usage": "main", "voltage": "15000", "length_km": 2.179, "maxspeed_kmh": 85.0}}, {"type": "Feature", "geometry": {"type": "LineString", "coordinates": [[10.2779004, 61.2937202], [10.2779455, 61.2937748], [10.27818, 61.2940282], [10.278319, 61.2941518], [10.2784993, 61.294294], [10.2786844, 61.294426], [10.2788588, 61.2945379], [10.279048, 61.2946504], [10.2792434, 61.2947561], [10.2796693, 61.2949559], [10.2799161, 61.2950549], [10.2801654, 61.2951485], [10.2806828, 61.2953191], [10.2814886, 61.2955655], [10.2819829, 61.2957232], [10.282224, 61.2958073], [10.2824642, 61.2958991], [10.2826937, 61.2959963], [10.2828902, 61.296088], [10.2830925, 61.2961917], [10.2834617, 61.2964163], [10.2836302, 61.2965377], [10.2837853, 61.2966654], [10.2839624, 61.2968279], [10.284129, 61.2969918]]}, "properties": {"electrified": "contact_line", "frequency": "16.67", "gauge": "1435", "maxspeed": "85", "name": "Dovrebanen", "operator": "Bane NOR", "passenger_lines": "1", "railway": "rail", "usage": "main", "voltage": "15000", "length_km": 0.505, "maxspeed_kmh": 85.0}}, {"type": "Feature", "geometry": {"type": "LineString", "coordinates": [[10.2958909, 61.3081896], [10.2959654, 61.3082672], [10.2961071, 61.3084293], [10.2962261, 61.3085878], [10.2963225, 61.3087428], [10.2964046, 61.3089085], [10.2964621, 61.3090523], [10.2965104, 61.3091995], [10.2965522, 61.3093715], [10.2965553, 61.3094037]]}, "properties": {"electrified": "contact_line", "frequency": "16.67", "gauge": "1435", "maxspeed": "85", "name": "Dovrebanen", "operator": "Bane NOR", "passenger_lines": "1", "railway": "rail", "usage": "main", "voltage": "15000", "length_km": 0.141, "maxspeed_kmh": 85.0}}, {"type": "Feature", "geometry": {"type": "LineString", "coordinates": [[10.288263, 61.3168423], [10.2881223, 61.3169569]]}, "properties": {"electrified": "contact_line", "frequency": "16.67", "gauge": "1435", "maxspeed": "85", "name": "Dovrebanen", "operator": "Bane NOR", "passenger_lines": "1", "railway": "rail", "usage": "main", "voltage": "15000", "length_km": 0.015, "maxspeed_kmh": 85.0}}, {"type": "Feature", "geometry": {"type": "LineString", "coordinates": [[10.2763559, 61.3288212], [10.2763799, 61.3289582], [10.2763984, 61.3291588], [10.2763928, 61.3293706], [10.276366, 61.3295528], [10.2763183, 61.3297351], [10.2761029, 61.3303421], [10.2760474, 61.3305169], [10.2760084, 61.3306891], [10.2759919, 61.3308624], [10.2759953, 61.3310374], [10.2760236, 61.3312182], [10.2760777, 61.331409], [10.2761228, 61.331535], [10.2762073, 61.3317231], [10.2765117, 61.3323077], [10.2766198, 61.3325513], [10.2766699, 61.3327174], [10.2767004, 61.332916], [10.2766965, 61.3330784], [10.2766643, 61.3332591], [10.2766218, 61.3333921], [10.2765499, 61.3335486], [10.2764698, 61.333679], [10.2763687, 61.3338113], [10.2762447, 61.3339483], [10.2760509, 61.3341219], [10.2758576, 61.3342672], [10.2756269, 61.3344114], [10.2754151, 61.3345256], [10.2751386, 61.3346527], [10.2748466, 61.3347692], [10.2738939, 61.3351102]]}, "properties": {"electrified": "contact_line", "frequency": "16.67", "gauge": "1435", "maxspeed": "80", "name": "Dovrebanen", "operator": "Bane NOR", "passenger_lines": "1", "railway": "rail", "usage": "main", "voltage": "15000", "length_km": 0.764, "maxspeed_kmh": 80.0}}, {"type": "Feature", "geometry": {"type": "LineString", "coordinates": [[10.2802555, 61.3204], [10.2800971, 61.3204759], [10.279807, 61.3206225], [10.2795513, 61.3207593], [10.2792645, 61.3209196], [10.2790114, 61.3210713], [10.278727, 61.3212506], [10.2784845, 61.3214127], [10.2782631, 61.3215708], [10.2780101, 61.3217637], [10.2777748, 61.3219527], [10.2775873, 61.3221152], [10.277386, 61.3223059], [10.2771993, 61.3225086], [10.2770635, 61.3226802], [10.2769149, 61.322908], [10.2768218, 61.3230857], [10.276737, 61.3232958], [10.2766821, 61.3234903], [10.2766498, 61.323688], [10.2766419, 61.3238887], [10.2766489, 61.3240966], [10.2767012, 61.3247718], [10.2767049, 61.3250824], [10.2766892, 61.3253535], [10.2766548, 61.325653], [10.276611, 61.3258978], [10.2765474, 61.3261892], [10.2763035, 61.3271194], [10.2762679, 61.327293], [10.2762362, 61.3275062], [10.2762221, 61.3277383], [10.2762283, 61.3280128], [10.2762505, 61.3282203], [10.2763559, 61.3288212]]}, "properties": {"electrified": "contact_line", "frequency": "16.67", "gauge": "1435", "maxspeed": "95", "name": "Dovrebanen", "operator": "Bane NOR", "passenger_lines": "1", "railway": "rail", "usage": "main", "voltage": "15000", "length_km": 0.997, "maxspeed_kmh": 95.0}}, {"type": "Feature", "geometry": {"type": "LineString", "coordinates": [[10.2693951, 61.3564711], [10.2694001, 61.3567362], [10.2693697, 61.3569519], [10.2693232, 61.357133], [10.2692489, 61.3573223], [10.2691293, 61.3575416], [10.2690233, 61.3576981], [10.2688743, 61.357881], [10.26872, 61.358041], [10.2685372, 61.3582066], [10.2682942, 61.3583937], [10.2680193, 61.3585752], [10.2677635, 61.3587236], [10.2674591, 61.3588786], [10.2672063, 61.358992], [10.2669119, 61.3591114], [10.2665927, 61.3592279], [10.265417, 61.3596267], [10.2650978, 61.3597482], [10.2648252, 61.3598663], [10.2645436, 61.3600092], [10.2643337, 61.3601364], [10.2641511, 61.3602643], [10.2639938, 61.3603912], [10.2638465, 61.3605314], [10.2637281, 61.3606649], [10.2636159, 61.3608245], [10.2635383, 61.3609628], [10.2634749, 61.3611366], [10.2634584, 61.3611863], [10.2634417, 61.3612547], [10.2634217, 61.361398], [10.2634213, 61.3615456], [10.2634434, 61.3617747], [10.2634794, 61.3619796], [10.2635268, 61.3621776], [10.2635969, 61.3624113], [10.2636963, 61.3626704], [10.2637727, 61.3628394], [10.2638916, 61.3630745], [10.2643765, 61.3639125], [10.2644797, 61.3641013], [10.2645923, 61.3643292], [10.2646919, 61.3645681], [10.2647659, 61.3648164], [10.2648144, 61.3650855], [10.2648292, 61.3653035], [10.2648243, 61.3655475], [10.2648052, 61.3657927], [10.2646977, 61.3668295], [10.2646398, 61.3671926], [10.2645767, 61.3673851], [10.2645061, 61.367531], [10.2643923, 61.3677062], [10.264284, 61.3678373], [10.2641551, 61.3679718], [10.2640067, 61.3681005], [10.2638216, 61.3682382], [10.2636096, 61.368372], [10.2633586, 61.3685068], [10.2631063, 61.3686245], [10.2628375, 61.3687335], [10.2625502, 61.3688373], [10.2615584, 61.3691796], [10.2612663, 61.3692901], [10.2609308, 61.3694385], [10.2606601, 61.3695824], [10.260417, 61.3697381], [10.2602437, 61.3698681], [10.2600749, 61.3700157], [10.259924, 61.3701813], [10.2597896, 61.3703593], [10.2596576, 61.3705767], [10.2592023, 61.371441], [10.2590847, 61.3716419], [10.2589682, 61.3718021], [10.2588488, 61.3719412], [10.2586847, 61.3720952], [10.2585114, 61.3722329], [10.2583183, 61.3723627], [10.2580656, 61.3725112], [10.2578675, 61.3726147], [10.2569307, 61.3730721], [10.2566757, 61.373205], [10.2564526, 61.373332], [10.2562316, 61.3734687], [10.2560141, 61.3736159], [10.2555109, 61.3739777], [10.2552441, 61.3741574], [10.2549601, 61.374325], [10.2546831, 61.3744654], [10.2543897, 61.3745943], [10.2541117, 61.3746998], [10.2538111, 61.374801], [10.2535281, 61.3748906]]}, "properties": {"electrified": "contact_line", "frequency": "16.67", "gauge": "1435", "maxspeed": "75", "name": "Dovrebanen", "operator": "Bane NOR", "passenger_lines": "1", "railway": "rail", "usage": "main", "voltage": "15000", "length_km": 2.395, "maxspeed_kmh": 75.0}}, {"type": "Feature", "geometry": {"type": "LineString", "coordinates": [[10.2535281, 61.3748906], [10.253422, 61.3749195], [10.2524587, 61.3751917], [10.2517914, 61.3753884], [10.2513357, 61.3755292], [10.2504786, 61.3758131], [10.2499875, 61.3759839], [10.249592, 61.3761277], [10.247315, 61.3769783], [10.2467508, 61.3771806], [10.2463211, 61.3773215], [10.2459657, 61.3774249], [10.245592, 61.3775242], [10.2452094, 61.3776144], [10.2448878, 61.3776831], [10.2444444, 61.3777705], [10.2434471, 61.3779589], [10.2430747, 61.3780343], [10.2426595, 61.3781259], [10.2421507, 61.3782465], [10.2417636, 61.3783466], [10.2355548, 61.3800337], [10.2351973, 61.3801377], [10.2348933, 61.3802311], [10.2346718, 61.3803025], [10.2342959, 61.3804345], [10.2337379, 61.3806598], [10.2334896, 61.3807714], [10.233176, 61.3809258], [10.2329166, 61.3810661], [10.2326864, 61.3812017], [10.2325206, 61.3813059], [10.2323037, 61.3814535], [10.2321453, 61.3815712], [10.2319446, 61.3817311], [10.2317623, 61.3818931], [10.2316169, 61.3820364], [10.231399, 61.3822722], [10.2309622, 61.3827755], [10.2308453, 61.3829015], [10.2307976, 61.3829491]]}, "properties": {"electrified": "contact_line", "frequency": "16.67", "gauge": "1435", "maxspeed": "105", "name": "Dovrebanen", "operator": "Bane NOR", "passenger_lines": "1", "railway": "rail", "usage": "main", "voltage": "15000", "length_km": 1.546, "maxspeed_kmh": 105.0}}, {"type": "Feature", "geometry": {"type": "LineString", "coordinates": [[10.2307976, 61.3829491], [10.2306737, 61.3830727], [10.2305484, 61.3831857], [10.2302993, 61.3833806], [10.2300048, 61.3835778], [10.2298318, 61.3836779], [10.2296157, 61.3837906], [10.2293193, 61.3839295], [10.2290452, 61.3840438], [10.2288842, 61.384105], [10.22848, 61.3842401], [10.2279988, 61.3843841], [10.2275481, 61.384508], [10.2273177, 61.3845679], [10.2272463, 61.3845865], [10.2259346, 61.3849404], [10.2240003, 61.3854633], [10.2233777, 61.3856334], [10.2229013, 61.3857697], [10.2224693, 61.3859081], [10.2221527, 61.3860171], [10.2218419, 61.3861346], [10.2213639, 61.3863329], [10.221062, 61.3864691], [10.220877, 61.3865582], [10.2205951, 61.3867024], [10.2203156, 61.3868565], [10.2200717, 61.387001], [10.2198595, 61.3871372], [10.2195391, 61.3873601], [10.2192976, 61.3875467], [10.219052, 61.387754], [10.2188023, 61.387992], [10.2186097, 61.3881899], [10.2180619, 61.3887972], [10.2179411, 61.3889318]]}, "properties": {"electrified": "contact_line", "frequency": "16.67", "gauge": "1435", "maxspeed": "95", "name": "Dovrebanen", "operator": "Bane NOR", "passenger_lines": "1", "railway": "rail", "usage": "main", "voltage": "15000", "length_km": 0.986, "maxspeed_kmh": 95.0}}, {"type": "Feature", "geometry": {"type": "LineString", "coordinates": [[10.2179411, 61.3889318], [10.2164098, 61.3906385], [10.2159872, 61.391137], [10.2157656, 61.391435], [10.215603, 61.3916775], [10.2154128, 61.3919967], [10.2152116, 61.3923744], [10.2141566, 61.394414]]}, "properties": {"electrified": "contact_line", "frequency": "16.67", "gauge": "1435", "maxspeed": "115", "name": "Dovrebanen", "operator": "Bane NOR", "passenger_lines": "1", "railway": "rail", "usage": "main", "voltage": "15000", "length_km": 0.646, "maxspeed_kmh": 115.0}}, {"type": "Feature", "geometry": {"type": "LineString", "coordinates": [[10.2141102, 61.3945038], [10.2139564, 61.3948011], [10.2137629, 61.3951895], [10.2136323, 61.395492], [10.2135655, 61.3956758], [10.2135297, 61.3958016], [10.2134921, 61.395941], [10.2134554, 61.3961401], [10.2134245, 61.3964632], [10.2134075, 61.3970195], [10.2133902, 61.3973116], [10.2133734, 61.3974618], [10.213345, 61.3976247], [10.213303, 61.3977873], [10.2132644, 61.3979169], [10.2131803, 61.3981367], [10.2131262, 61.398259], [10.2130407, 61.3984214], [10.2129484, 61.3985801], [10.2128491, 61.3987339], [10.2127717, 61.3988433], [10.2126159, 61.3990406], [10.2122972, 61.399415]]}, "properties": {"electrified": "contact_line", "frequency": "16.67", "gauge": "1435", "maxspeed": "115", "name": "Dovrebanen", "operator": "Bane NOR", "passenger_lines": "1", "railway": "rail", "usage": "main", "voltage": "15000", "length_km": 0.56, "maxspeed_kmh": 115.0}}, {"type": "Feature", "geometry": {"type": "LineString", "coordinates": [[10.2141566, 61.394414], [10.2141102, 61.3945038]]}, "properties": {"bridge": "yes", "electrified": "contact_line", "frequency": "16.67", "gauge": "1435", "maxspeed": "115", "name": "Dovrebanen", "operator": "Bane NOR", "passenger_lines": "1", "railway": "rail", "usage": "main", "voltage": "15000", "length_km": 0.01, "maxspeed_kmh": 115.0}}, {"type": "Feature", "geometry": {"type": "LineString", "coordinates": [[10.2122972, 61.399415], [10.2116793, 61.4001408], [10.211299, 61.400573], [10.2109118, 61.4009736], [10.2106022, 61.4012616], [10.2103404, 61.4014853], [10.2101686, 61.4016253], [10.2098604, 61.401863], [10.2093272, 61.4022469], [10.2049401, 61.4052524], [10.2046635, 61.4054436], [10.2043036, 61.4057092], [10.2040628, 61.4059046], [10.2038696, 61.4060728], [10.2036408, 61.406289], [10.2034502, 61.4064874], [10.2031718, 61.4068127], [10.2029947, 61.4070532], [10.2028336, 61.4073053], [10.2027323, 61.4074881], [10.2026464, 61.4076681], [10.2025081, 61.4080091], [10.2024527, 61.4081859], [10.2024252, 61.4082993], [10.2023672, 61.4085982], [10.2023408, 61.4089424], [10.2023487, 61.4092565], [10.2023633, 61.4094065], [10.2024011, 61.4096338], [10.2024285, 61.4097572], [10.2024965, 61.4099973], [10.2025883, 61.4102456], [10.2026363, 61.4103539], [10.2027596, 61.4105984], [10.2029261, 61.4108895], [10.2059436, 61.415763], [10.2061236, 61.4160662], [10.2062787, 61.416367], [10.2063899, 61.4166365], [10.2064575, 61.4168492], [10.2065136, 61.4170887], [10.2065446, 61.417299], [10.2065602, 61.4175442], [10.2065548, 61.4177732], [10.2065286, 61.4180068], [10.2064802, 61.4182524], [10.2064274, 61.4184368], [10.2063504, 61.4186514], [10.2062602, 61.4188578], [10.2062096, 61.4189554], [10.2060885, 61.4191692], [10.2059956, 61.4193144], [10.2058591, 61.4195033], [10.2057605, 61.4196274], [10.2056492, 61.419759], [10.2054512, 61.4199741], [10.2051949, 61.4202204], [10.2049893, 61.4203972], [10.204772, 61.4205696], [10.2045449, 61.4207361], [10.2043585, 61.4208643]]}, "properties": {"electrified": "contact_line", "frequency": "16.67", "gauge": "1435", "maxspeed": "130", "name": "Dovrebanen", "operator": "Bane NOR", "passenger_lines": "1", "railway": "rail", "usage": "main", "voltage": "15000", "length_km": 2.588, "maxspeed_kmh": 130.0}}, {"type": "Feature", "geometry": {"type": "LineString", "coordinates": [[10.2043585, 61.4208643], [10.2042168, 61.4209546]]}, "properties": {"bridge": "yes", "electrified": "contact_line", "frequency": "16.67", "gauge": "1435", "maxspeed": "130", "name": "Dovrebanen", "operator": "Bane NOR", "passenger_lines": "1", "railway": "rail", "usage": "main", "voltage": "15000", "length_km": 0.013, "maxspeed_kmh": 130.0}}, {"type": "Feature", "geometry": {"type": "LineString", "coordinates": [[10.2042168, 61.4209546], [10.203999, 61.4210875], [10.2036044, 61.4213115], [10.2031523, 61.4215427], [10.2027041, 61.4217483], [10.2023745, 61.4218881], [10.201673, 61.4221737], [10.1988793, 61.4232937], [10.1916011, 61.4262154], [10.1909449, 61.4265082], [10.1906881, 61.4266302], [10.1904663, 61.426742], [10.1902437, 61.4268622], [10.1899942, 61.4269995], [10.1898003, 61.4271161], [10.1895714, 61.4272577], [10.189376, 61.4273883], [10.1891928, 61.4275176]]}, "properties": {"electrified": "contact_line", "frequency": "16.67", "gauge": "1435", "maxspeed": "130", "name": "Dovrebanen", "operator": "Bane NOR", "passenger_lines": "1", "railway": "rail", "usage": "main", "voltage": "15000", "length_km": 1.089, "maxspeed_kmh": 130.0}}, {"type": "Feature", "geometry": {"type": "LineString", "coordinates": [[10.1891928, 61.4275176], [10.1890486, 61.4276254], [10.1889229, 61.4277261], [10.1887647, 61.4278631], [10.1885754, 61.4280512], [10.1883668, 61.428299], [10.1882277, 61.4284997], [10.1881791, 61.4285833], [10.1881099, 61.428715], [10.1880604, 61.4288274], [10.1879885, 61.4290405], [10.1879453, 61.4292314], [10.1879287, 61.4293485], [10.1879203, 61.4295654], [10.1879417, 61.4297885], [10.1879935, 61.4300309], [10.1880935, 61.430344], [10.1882745, 61.4308648], [10.1883427, 61.4310851], [10.1884415, 61.4315034], [10.1884564, 61.4315788]]}, "properties": {"electrified": "contact_line", "frequency": "16.67", "gauge": "1435", "maxspeed": "105", "name": "Dovrebanen", "operator": "Bane NOR", "passenger_lines": "1", "railway": "rail", "usage": "main", "voltage": "15000", "length_km": 0.468, "maxspeed_kmh": 105.0}}, {"type": "Feature", "geometry": {"type": "LineString", "coordinates": [[10.1884625, 61.4316327], [10.1885057, 61.4320733], [10.1885099, 61.4322975], [10.1885046, 61.4325122], [10.1884957, 61.4326092], [10.188475, 61.432834], [10.1884356, 61.4330878], [10.1883814, 61.4333247], [10.188255, 61.4337536], [10.1881398, 61.434051], [10.1879666, 61.4344219], [10.1877099, 61.4349027], [10.1868081, 61.4365573], [10.1857965, 61.4384132], [10.1856458, 61.4386894], [10.1855215, 61.4389451], [10.1854405, 61.4391526], [10.1853604, 61.4394478], [10.1853252, 61.4397267], [10.1853221, 61.4398665], [10.1853397, 61.4401189], [10.1853623, 61.4402502], [10.1853932, 61.4403829], [10.1854429, 61.4405411], [10.1854919, 61.4406664], [10.1855597, 61.4408108], [10.1856534, 61.4409828], [10.1858298, 61.4412426], [10.1859281, 61.4413688], [10.1860509, 61.4415098], [10.1861861, 61.4416495], [10.1863493, 61.4418041], [10.1865176, 61.4419526], [10.1871027, 61.4424313], [10.1872058, 61.4425192]]}, "properties": {"electrified": "contact_line", "frequency": "16.67", "gauge": "1435", "maxspeed": "105", "name": "Dovrebanen", "operator": "Bane NOR", "passenger_lines": "1", "railway": "rail", "usage": "main", "voltage": "15000", "length_km": 1.255, "maxspeed_kmh": 105.0}}, {"type": "Feature", "geometry": {"type": "LineString", "coordinates": [[10.1734415, 61.4534912], [10.1733066, 61.453497], [10.1729807, 61.4535203], [10.1726499, 61.4535551], [10.1723857, 61.4535916], [10.1721646, 61.4536289], [10.1719972, 61.4536623], [10.1716625, 61.4537372], [10.1714827, 61.4537843], [10.1711356, 61.4538925], [10.1709658, 61.4539527], [10.1706108, 61.4540996], [10.1704492, 61.4541789], [10.1701737, 61.4543304], [10.170035, 61.4544215]]}, "properties": {"electrified": "contact_line", "frequency": "16.67", "gauge": "1435", "maxspeed": "80", "name": "Dovrebanen", "operator": "Bane NOR", "passenger_lines": "1", "railway": "rail", "usage": "main", "voltage": "15000", "length_km": 0.216, "maxspeed_kmh": 80.0}}, {"type": "Feature", "geometry": {"type": "LineString", "coordinates": [[10.170035, 61.4544215], [10.1698657, 61.4545327], [10.169604, 61.4547262], [10.1692703, 61.4549947], [10.1691468, 61.4551034], [10.1688762, 61.4553556], [10.1686534, 61.4555843], [10.1683577, 61.4559338], [10.1681698, 61.45619], [10.168097, 61.4563015], [10.1678659, 61.4566885], [10.1670872, 61.4581141], [10.1669985, 61.4583077], [10.1669261, 61.4584971], [10.166879, 61.4586829], [10.1668532, 61.4588651], [10.1668451, 61.4590167], [10.1668563, 61.4591992], [10.1669082, 61.4594843], [10.1670586, 61.4600452], [10.1671238, 61.4603373], [10.1671484, 61.4605284], [10.1671527, 61.4606633], [10.1671462, 61.4608365], [10.1671272, 61.4609843], [10.1671071, 61.4610963]]}, "properties": {"electrified": "contact_line", "frequency": "16.67", "gauge": "1435", "maxspeed": "100", "name": "Dovrebanen", "operator": "Bane NOR", "passenger_lines": "1", "railway": "rail", "usage": "main", "voltage": "15000", "length_km": 0.778, "maxspeed_kmh": 100.0}}, {"type": "Feature", "geometry": {"type": "LineString", "coordinates": [[10.1671071, 61.4610963], [10.1671019, 61.4611255], [10.1670648, 61.4612727], [10.1669687, 61.4616074], [10.1656068, 61.4660094], [10.1655361, 61.466267], [10.165491, 61.4664654], [10.1654549, 61.4666639], [10.1654262, 61.4668771], [10.1654163, 61.4669689], [10.165406, 61.4672853], [10.1654119, 61.4675295], [10.1654319, 61.4677423], [10.1654686, 61.4680523], [10.1658112, 61.470373]]}, "properties": {"electrified": "contact_line", "frequency": "16.67", "gauge": "1435", "maxspeed": "130", "name": "Dovrebanen", "operator": "Bane NOR", "passenger_lines": "1", "railway": "rail", "usage": "main", "voltage": "15000", "length_km": 1.041, "maxspeed_kmh": 130.0}}, {"type": "Feature", "geometry": {"type": "LineString", "coordinates": [[10.1656445, 61.4729049], [10.1655661, 61.4731426], [10.1652732, 61.4738842], [10.1651846, 61.4741388], [10.1650963, 61.4744686], [10.1650552, 61.4746946], [10.1650288, 61.4749288], [10.1650227, 61.4752676], [10.165025, 61.4753189], [10.1650354, 61.4754722], [10.1650701, 61.4757332], [10.1651549, 61.4760826], [10.1652578, 61.4763895], [10.1653417, 61.4765906], [10.1656647, 61.4772823], [10.1660731, 61.478138], [10.1668847, 61.4798387], [10.1675045, 61.4811625]]}, "properties": {"electrified": "contact_line", "frequency": "16.67", "gauge": "1435", "maxspeed": "130", "name": "Dovrebanen", "operator": "Bane NOR", "passenger_lines": "1", "railway": "rail", "usage": "main", "voltage": "15000", "length_km": 0.937, "maxspeed_kmh": 130.0}}, {"type": "Feature", "geometry": {"type": "LineString", "coordinates": [[10.1647165, 61.4929234], [10.1641372, 61.4936804], [10.1638091, 61.4940957], [10.15941, 61.4997673]]}, "properties": {"electrified": "contact_line", "frequency": "16.67", "gauge": "1435", "maxspeed": "130", "name": "Dovrebanen", "operator": "Bane NOR", "passenger_lines": "1", "railway": "rail", "usage": "main", "voltage": "15000", "length_km": 0.814, "maxspeed_kmh": 130.0}}, {"type": "Feature", "geometry": {"type": "LineString", "coordinates": [[10.154149, 61.5042824], [10.154057, 61.5043335], [10.153466, 61.5046561], [10.1522644, 61.5052761], [10.1519189, 61.5054576], [10.1513221, 61.5057818], [10.1509044, 61.5060216], [10.1499733, 61.5065747]]}, "properties": {"electrified": "contact_line", "frequency": "16.67", "gauge": "1435", "maxspeed": "130", "name": "Dovrebanen", "operator": "Bane NOR", "passenger_lines": "1", "railway": "rail", "usage": "main", "voltage": "15000", "length_km": 0.339, "maxspeed_kmh": 130.0}}, {"type": "Feature", "geometry": {"type": "LineString", "coordinates": [[10.1432325, 61.5195925], [10.143834, 61.5201972], [10.1440934, 61.5204487], [10.1443453, 61.5206816], [10.1447488, 61.5210273], [10.1452293, 61.521409], [10.1484304, 61.5238805], [10.1487725, 61.5241536], [10.1488085, 61.5241858]]}, "properties": {"electrified": "contact_line", "frequency": "16.67", "gauge": "1435", "maxspeed": "105", "name": "Dovrebanen", "operator": "Bane NOR", "passenger_lines": "1", "railway": "rail", "usage": "main", "voltage": "15000", "length_km": 0.592, "maxspeed_kmh": 105.0}}, {"type": "Feature", "geometry": {"type": "LineString", "coordinates": [[10.4567756, 61.0609017], [10.4565516, 61.061131], [10.4563773, 61.0613095], [10.4562217, 61.0614847], [10.4560903, 61.0616456], [10.455987, 61.0617962]]}, "properties": {"electrified": "contact_line", "frequency": "16.67", "gauge": "1435", "maxspeed": "100", "name": "Dovrebanen", "operator": "Bane NOR", "passenger_lines": "1", "railway": "rail", "usage": "main", "voltage": "15000", "length_km": 0.109, "maxspeed_kmh": 100.0}}, {"type": "Feature", "geometry": {"type": "LineString", "coordinates": [[10.4589444, 61.0547538], [10.45892, 61.0553413], [10.4588751, 61.0558801], [10.458804, 61.0563296], [10.4586679, 61.0567719], [10.4584493, 61.0572911], [10.4582441, 61.0578246], [10.4580764, 61.0583574], [10.4579477, 61.0588876], [10.4578592, 61.0592854], [10.4577371, 61.0596326], [10.4575548, 61.0599863], [10.45741, 61.0601834], [10.457304, 61.0603277], [10.4570036, 61.0606625], [10.4567756, 61.0609017]]}, "properties": {"electrified": "contact_line", "frequency": "16.67", "gauge": "1435", "maxspeed": "100", "name": "Dovrebanen", "operator": "Bane NOR", "passenger_lines": "1", "railway": "rail", "usage": "main", "voltage": "15000", "length_km": 0.7, "maxspeed_kmh": 100.0}}, {"type": "Feature", "geometry": {"type": "LineString", "coordinates": [[11.2495842, 60.556421], [11.2495293, 60.556568], [11.2494858, 60.5567093], [11.24941, 60.5569149], [11.249356, 60.5571402], [11.2493367, 60.5572944], [11.2493333, 60.5574556], [11.2493464, 60.5575994], [11.2493719, 60.5577421], [11.2494019, 60.5578564], [11.2494375, 60.5579639], [11.249485, 60.5580859], [11.2495791, 60.5582966]]}, "properties": {"electrified": "contact_line", "frequency": "16.67", "gauge": "1435", "maxspeed": "85", "name": "Dovrebanen", "operator": "Bane NOR", "passenger_lines": "1", "railway": "rail", "usage": "main", "voltage": "15000", "length_km": 0.211, "maxspeed_kmh": 85.0}}, {"type": "Feature", "geometry": {"type": "LineString", "coordinates": [[11.2494799, 60.5557357], [11.2495253, 60.5558322], [11.2495528, 60.5558906], [11.2495908, 60.5560216], [11.2496, 60.5561813], [11.2496007, 60.5563012], [11.2495842, 60.556421]]}, "properties": {"electrified": "contact_line", "frequency": "16.67", "gauge": "1435", "name": "Dovrebanen", "operator": "Bane NOR", "railway": "rail", "usage": "main", "voltage": "15000", "length_km": 0.077}}, {"type": "Feature", "geometry": {"type": "LineString", "coordinates": [[11.2415545, 60.5277924], [11.2413467, 60.5263533]]}, "properties": {"electrified": "contact_line", "frequency": "16.67", "gauge": "1435", "maxspeed": "200", "name": "Dovrebanen", "operator": "Bane NOR", "passenger_lines": "1", "railway": "rail", "usage": "main", "voltage": "15000", "length_km": 0.161, "maxspeed_kmh": 200.0}}, {"type": "Feature", "geometry": {"type": "LineString", "coordinates": [[11.2460821, 60.5465779], [11.2461014, 60.5467653], [11.2461229, 60.5469199], [11.2461725, 60.5472355], [11.2462208, 60.5475361], [11.2462677, 60.5478382], [11.2462955, 60.5480175]]}, "properties": {"electrified": "contact_line", "frequency": "16.67", "gauge": "1435", "maxspeed": "200", "name": "Dovrebanen", "operator": "Bane NOR", "railway": "rail", "usage": "main", "voltage": "15000", "length_km": 0.161, "maxspeed_kmh": 200.0}}, {"type": "Feature", "geometry": {"type": "LineString", "coordinates": [[11.2469352, 60.3381449], [11.246892, 60.3383391], [11.2468462, 60.3385583], [11.2468155, 60.3387268], [11.2467023, 60.3392858]]}, "properties": {"electrified": "contact_line", "frequency": "16.67", "gauge": "1435", "name": "Dovrebanen", "operator": "Bane NOR", "passenger_lines": "2", "railway": "rail", "usage": "main", "voltage": "15000", "length_km": 0.128}}, {"type": "Feature", "geometry": {"type": "LineString", "coordinates": [[11.2475882, 60.3327001], [11.2476016, 60.3326101], [11.2476646, 60.3322041], [11.2477293, 60.331763]]}, "properties": {"electrified": "contact_line", "frequency": "16.67", "gauge": "1435", "maxspeed": "130", "name": "Dovrebanen", "operator": "Bane NOR", "passenger_lines": "2", "railway": "rail", "usage": "main", "voltage": "15000", "length_km": 0.105, "maxspeed_kmh": 130.0}}, {"type": "Feature", "geometry": {"type": "LineString", "coordinates": [[11.2457802, 60.3466556], [11.2457415, 60.3485473]]}, "properties": {"electrified": "contact_line", "frequency": "16.67", "gauge": "1435", "maxspeed": "200", "name": "Dovrebanen", "operator": "Bane NOR", "railway": "rail", "usage": "main", "voltage": "15000", "length_km": 0.211, "maxspeed_kmh": 200.0}}, {"type": "Feature", "geometry": {"type": "LineString", "coordinates": [[11.1933934, 60.7196569], [11.1934487, 60.7195928]]}, "properties": {"electrified": "contact_line", "frequency": "16.67", "gauge": "1435", "maxspeed": "130", "name": "Dovrebanen", "operator": "Bane NOR", "passenger_lines": "2", "railway": "rail", "usage": "main", "voltage": "15000", "length_km": 0.008, "maxspeed_kmh": 130.0}}, {"type": "Feature", "geometry": {"type": "LineString", "coordinates": [[11.1914608, 60.7219036], [11.190701, 60.7227846], [11.1896765, 60.7239727]]}, "properties": {"electrified": "contact_line", "frequency": "16.67", "gauge": "1435", "maxspeed": "130", "name": "Dovrebanen", "operator": "Bane NOR", "passenger_lines": "1", "railway": "rail", "usage": "main", "voltage": "15000", "length_km": 0.25, "maxspeed_kmh": 130.0}}, {"type": "Feature", "geometry": {"type": "LineString", "coordinates": [[11.2376323, 60.3868843], [11.237671, 60.3872779]]}, "properties": {"electrified": "contact_line", "frequency": "16.67", "gauge": "1435", "maxspeed": "200", "name": "Dovrebanen", "operator": "Bane NOR", "railway": "rail", "tunnel": "yes", "usage": "main", "voltage": "15000", "length_km": 0.044, "maxspeed_kmh": 200.0}}, {"type": "Feature", "geometry": {"type": "LineString", "coordinates": [[11.2473587, 60.3354735], [11.2472992, 60.3358821], [11.2472473, 60.3362199], [11.2471024, 60.3371898]]}, "properties": {"electrified": "contact_line", "frequency": "16.67", "gauge": "1435", "maxspeed": "100", "name": "Dovrebanen", "operator": "Bane NOR", "passenger_lines": "2", "railway": "rail", "usage": "main", "voltage": "15000", "length_km": 0.192, "maxspeed_kmh": 100.0}}, {"type": "Feature", "geometry": {"type": "LineString", "coordinates": [[10.0884889, 62.8733712], [10.0885423, 62.8734636]]}, "properties": {"bridge": "yes", "electrified": "contact_line", "frequency": "16.67", "gauge": "1435", "maxspeed": "115", "name": "Dovrebanen", "operator": "Bane NOR", "passenger_lines": "1", "railway": "rail", "usage": "main", "voltage": "15000", "length_km": 0.011, "maxspeed_kmh": 115.0}}, {"type": "Feature", "geometry": {"type": "LineString", "coordinates": [[10.0806792, 62.8668219], [10.0814483, 62.8671939], [10.0821328, 62.8675323], [10.082641, 62.8677862], [10.0831645, 62.8680547], [10.0833676, 62.8681649], [10.0837485, 62.8683827], [10.0840687, 62.8685788], [10.0843925, 62.8687932], [10.0846923, 62.8690026], [10.085008, 62.8692336], [10.0854943, 62.8696001], [10.0860334, 62.8700217], [10.0862198, 62.8701736], [10.0865433, 62.870455], [10.0866863, 62.8705942], [10.0868605, 62.8707773], [10.0869935, 62.8709284], [10.0871207, 62.8710867], [10.0873304, 62.8713838], [10.0874985, 62.8716551], [10.0884889, 62.8733712]]}, "properties": {"electrified": "contact_line", "frequency": "16.67", "gauge": "1435", "maxspeed": "115", "name": "Dovrebanen", "operator": "Bane NOR", "passenger_lines": "1", "railway": "rail", "usage": "main", "voltage": "15000", "length_km": 0.846, "maxspeed_kmh": 115.0}}, {"type": "Feature", "geometry": {"type": "LineString", "coordinates": [[11.2462955, 60.5480175], [11.2462999, 60.5480533], [11.2463585, 60.5486922], [11.2464331, 60.5493637], [11.2466264, 60.5502681], [11.2469187, 60.5512637]]}, "properties": {"electrified": "contact_line", "frequency": "16.67", "gauge": "1435", "maxspeed": "200", "name": "Dovrebanen", "operator": "Bane NOR", "railway": "rail", "usage": "main", "voltage": "15000", "length_km": 0.364, "maxspeed_kmh": 200.0}}, {"type": "Feature", "geometry": {"type": "LineString", "coordinates": [[11.1010625, 60.7804187], [11.1011219, 60.7806331], [11.1011564, 60.7808178], [11.1011858, 60.7810111], [11.101189, 60.7812434], [11.1011698, 60.7814326], [11.1011242, 60.7816736], [11.1010678, 60.7818557], [11.1010091, 60.7820063], [11.1009177, 60.782196], [11.1008235, 60.7823642], [11.1006553, 60.7826023], [11.1005216, 60.7827715], [11.1003216, 60.7829872], [11.1001464, 60.7831516]]}, "properties": {"electrified": "contact_line", "frequency": "16.67", "gauge": "1435", "maxspeed": "105", "name": "Dovrebanen", "operator": "Bane NOR", "passenger_lines": "1", "railway": "rail", "usage": "main", "voltage": "15000", "length_km": 0.314, "maxspeed_kmh": 105.0}}, {"type": "Feature", "geometry": {"type": "LineString", "coordinates": [[10.4164825, 61.1511518], [10.4153288, 61.1523864]]}, "properties": {"electrified": "contact_line", "frequency": "16.67", "gauge": "1435", "maxspeed": "105", "name": "Dovrebanen", "operator": "Bane NOR", "passenger_lines": "1", "railway": "rail", "tunnel": "yes", "usage": "main", "voltage": "15000", "length_km": 0.151, "maxspeed_kmh": 105.0}}, {"type": "Feature", "geometry": {"type": "LineString", "coordinates": [[10.4023298, 63.4366744], [10.402783, 63.4367108], [10.4035405, 63.4367669], [10.4039448, 63.436805], [10.404005, 63.4368127], [10.4041646, 63.4368327], [10.4042928, 63.4368506], [10.4044906, 63.4368757], [10.4047521, 63.4369045], [10.4050184, 63.4369269]]}, "properties": {"electrified": "contact_line", "frequency": "16.67", "gauge": "1435", "maxspeed": "30", "name": "Dovrebanen", "operator": "Bane NOR", "passenger_lines": "5", "railway": "rail", "usage": "main", "voltage": "15000", "length_km": 0.137, "maxspeed_kmh": 30.0}}, {"type": "Feature", "geometry": {"type": "LineString", "coordinates": [[9.1293218, 62.0734835], [9.1294554, 62.0735444], [9.1296564, 62.0736323], [9.1300005, 62.073776], [9.13037, 62.0739257]]}, "properties": {"electrified": "contact_line", "frequency": "16.67", "gauge": "1435", "maxspeed": "85", "name": "Dovrebanen", "operator": "Bane NOR", "passenger_lines": "1", "railway": "rail", "tracks": "1", "usage": "main", "voltage": "15000", "length_km": 0.074, "maxspeed_kmh": 85.0}}, {"type": "Feature", "geometry": {"type": "LineString", "coordinates": [[9.134072, 62.0766695], [9.1354853, 62.0795756], [9.1359798, 62.0805924], [9.1363643, 62.0813879]]}, "properties": {"electrified": "contact_line", "frequency": "16.67", "gauge": "1435", "maxspeed": "85", "name": "Dovrebanen", "operator": "Bane NOR", "passenger_lines": "1", "railway": "rail", "usage": "main", "voltage": "15000", "length_km": 0.54, "maxspeed_kmh": 85.0}}, {"type": "Feature", "geometry": {"type": "LineString", "coordinates": [[9.1363643, 62.0813879], [9.1364019, 62.0814671]]}, "properties": {"bridge": "yes", "electrified": "contact_line", "frequency": "16.67", "gauge": "1435", "maxspeed": "85", "name": "Dovrebanen", "operator": "Bane NOR", "passenger_lines": "1", "railway": "rail", "usage": "main", "voltage": "15000", "length_km": 0.009, "maxspeed_kmh": 85.0}}, {"type": "Feature", "geometry": {"type": "LineString", "coordinates": [[9.1433403, 62.0896039], [9.1423926, 62.0901704], [9.1417512, 62.0905661], [9.1411062, 62.0909745], [9.1405508, 62.091334], [9.1396738, 62.0919215], [9.1357625, 62.0945957], [9.1350321, 62.0950835], [9.1347485, 62.0952695], [9.1343968, 62.0954933]]}, "properties": {"electrified": "contact_line", "frequency": "16.67", "gauge": "1435", "maxspeed": "130", "name": "Dovrebanen", "operator": "Bane NOR", "passenger_lines": "1", "railway": "rail", "usage": "main", "voltage": "15000", "length_km": 0.806, "maxspeed_kmh": 130.0}}, {"type": "Feature", "geometry": {"type": "LineString", "coordinates": [[9.1343968, 62.0954933], [9.1343154, 62.0955451]]}, "properties": {"bridge": "yes", "electrified": "contact_line", "frequency": "16.67", "gauge": "1435", "maxspeed": "130", "name": "Dovrebanen", "operator": "Bane NOR", "passenger_lines": "1", "railway": "rail", "usage": "main", "voltage": "15000", "length_km": 0.007, "maxspeed_kmh": 130.0}}, {"type": "Feature", "geometry": {"type": "LineString", "coordinates": [[9.1241949, 62.1009245], [9.1236669, 62.1011991], [9.1225359, 62.1018005], [9.1218855, 62.1021597], [9.121604, 62.1023191], [9.1210888, 62.1026114], [9.1207052, 62.1028379], [9.1200988, 62.1032008]]}, "properties": {"electrified": "contact_line", "frequency": "16.67", "gauge": "1435", "maxspeed": "130", "name": "Dovrebanen", "operator": "Bane NOR", "passenger_lines": "1", "railway": "rail", "usage": "main", "voltage": "15000", "length_km": 0.332, "maxspeed_kmh": 130.0}}, {"type": "Feature", "geometry": {"type": "LineString", "coordinates": [[9.1242601, 62.1008919], [9.1241949, 62.1009245]]}, "properties": {"bridge": "yes", "electrified": "contact_line", "frequency": "16.67", "gauge": "1435", "maxspeed": "130", "name": "Dovrebanen", "operator": "Bane NOR", "passenger_lines": "1", "railway": "rail", "usage": "main", "voltage": "15000", "length_km": 0.005, "maxspeed_kmh": 130.0}}, {"type": "Feature", "geometry": {"type": "LineString", "coordinates": [[9.11999, 62.1032656], [9.1191068, 62.1038092], [9.1166803, 62.1053076], [9.1160605, 62.1056828]]}, "properties": {"electrified": "contact_line", "frequency": "16.67", "gauge": "1435", "maxspeed": "130", "name": "Dovrebanen", "operator": "Bane NOR", "passenger_lines": "1", "railway": "rail", "usage": "main", "voltage": "15000", "length_km": 0.339, "maxspeed_kmh": 130.0}}, {"type": "Feature", "geometry": {"type": "LineString", "coordinates": [[9.1160605, 62.1056828], [9.1160129, 62.1057105]]}, "properties": {"bridge": "yes", "electrified": "contact_line", "frequency": "16.67", "gauge": "1435", "maxspeed": "130", "name": "Dovrebanen", "operator": "Bane NOR", "passenger_lines": "1", "railway": "rail", "usage": "main", "voltage": "15000", "length_km": 0.004, "maxspeed_kmh": 130.0}}]}