{"type": "FeatureCollection", "features": [{"type": "Feature", "geometry": {"type": "LineString", "coordinates": [[10.6428379, 59.9139849], [10.6435199, 59.9140874]]}, "properties": {"electrified": "contact_line", "frequency": "16.67", "gauge": "1435", "maxspeed": "80", "name": "Drammenbanen", "operator": "Bane NOR", "passenger_lines": "2", "railway": "rail", "usage": "main", "voltage": "15000", "length_km": 0.04, "maxspeed_kmh": 80.0}}, {"type": "Feature", "geometry": {"type": "LineString", "coordinates": [[10.7195476, 59.9169728], [10.7190994, 59.9170754], [10.718525, 59.9172099], [10.7169909, 59.9175713], [10.7157193, 59.9178687], [10.7146752, 59.918113], [10.714175, 59.9182299], [10.7138045, 59.9183144], [10.713445, 59.9183943], [10.7130191, 59.9184835], [10.7126147, 59.9185607], [10.7121611, 59.9186403], [10.7118362, 59.9186935], [10.7114824, 59.9187452], [10.7111241, 59.9187922], [10.7102241, 59.918908], [10.7083096, 59.919146], [10.7063999, 59.9193835], [10.7060666, 59.9194226], [10.7057185, 59.9194633], [10.7053788, 59.9195057], [10.705019, 59.9195425], [10.7044995, 59.9195851], [10.704042, 59.9196148], [10.703627, 59.9196362], [10.7031944, 59.9196518], [10.702833, 59.9196606], [10.7024339, 59.919665], [10.7020413, 59.9196633], [10.7016694, 59.9196565], [10.7013324, 59.9196457], [10.7009392, 59.9196288], [10.700476, 59.919602], [10.7000166, 59.9195702], [10.6991505, 59.9195052], [10.6984102, 59.9194479], [10.6978331, 59.9194028], [10.6971349, 59.9193482], [10.6962418, 59.9192786], [10.6959339, 59.919256], [10.6956307, 59.9192366], [10.695319, 59.919218], [10.6950304, 59.9192052], [10.6947095, 59.9191931], [10.6943615, 59.9191846], [10.6939152, 59.9191813], [10.6935343, 59.9191827], [10.6931995, 59.919187], [10.6929173, 59.9191952], [10.6926239, 59.9192087], [10.6922998, 59.9192231], [10.6919991, 59.9192397]]}, "properties": {"electrified": "contact_line", "frequency": "16.67", "gauge": "1435", "maxspeed": "90", "name": "Drammenbanen", "operator": "Bane NOR", "passenger_lines": "2", "railway": "rail", "tunnel": "yes", "usage": "main", "voltage": "15000", "length_km": 1.599, "maxspeed_kmh": 90.0}}, {"type": "Feature", "geometry": {"type": "LineString", "coordinates": [[10.4477646, 59.8408091], [10.4476305, 59.8408038], [10.4469584, 59.8407805], [10.4467866, 59.8407734], [10.4466148, 59.8407649], [10.4464549, 59.8407565], [10.4462725, 59.8407454], [10.4461079, 59.8407346], [10.4459486, 59.8407212], [10.445788, 59.8407075], [10.4456287, 59.8406904], [10.4454586, 59.8406705], [10.4452885, 59.8406485], [10.445119, 59.8406236], [10.4449548, 59.8405974], [10.4448075, 59.8405731], [10.4446655, 59.8405462], [10.4445262, 59.8405198], [10.4443909, 59.8404933], [10.444238, 59.8404592], [10.4440916, 59.840425], [10.4439431, 59.8403871], [10.4438042, 59.8403514], [10.4436546, 59.8403087], [10.4435077, 59.8402654], [10.4433719, 59.840223], [10.4432388, 59.8401806], [10.4431024, 59.8401332], [10.4429675, 59.840085], [10.4428392, 59.8400359], [10.4427126, 59.8399852], [10.442584, 59.8399331], [10.4424646, 59.8398814], [10.4423465, 59.839827], [10.442232, 59.8397721], [10.4421194, 59.8397159], [10.4420108, 59.8396596], [10.4419015, 59.8396011], [10.441797, 59.8395422], [10.4416945, 59.8394806], [10.4415938, 59.8394191], [10.4414973, 59.8393576], [10.4414047, 59.8392946], [10.4412937, 59.8392131], [10.4411868, 59.8391315], [10.4410814, 59.8390482], [10.4409816, 59.8389649], [10.4408549, 59.8388465], [10.4407379, 59.8387268], [10.4406164, 59.8385912], [10.4405044, 59.8384541], [10.4402707, 59.8381603], [10.4402082, 59.8380744]]}, "properties": {"electrified": "contact_line", "frequency": "16.67", "gauge": "1435", "maxspeed": "100", "name": "Drammenbanen", "operator": "Bane NOR", "passenger_lines": "2", "railway": "rail", "usage": "branch", "voltage": "15000", "length_km": 0.563, "maxspeed_kmh": 100.0}}, {"type": "Feature", "geometry": {"type": "LineString", "coordinates": [[10.6589649, 59.9179588], [10.6581947, 59.9176168], [10.6579385, 59.917506], [10.6576794, 59.9173966], [10.6575488, 59.9173439], [10.6574065, 59.917289], [10.6572715, 59.9172376], [10.6571309, 59.9171876], [10.6569883, 59.917138], [10.6568442, 59.9170905], [10.656702, 59.9170447], [10.656552, 59.9169996], [10.6564198, 59.9169605], [10.6562861, 59.9169228], [10.6561504, 59.9168868], [10.6560147, 59.9168516], [10.6558794, 59.9168189], [10.6557428, 59.916787], [10.6556062, 59.9167569], [10.6554682, 59.9167281], [10.6552374, 59.916683], [10.6550257, 59.9166442], [10.6548875, 59.9166207], [10.6547465, 59.9165983], [10.6546048, 59.9165761], [10.6544659, 59.9165565], [10.654279, 59.9165333], [10.6540937, 59.9165116], [10.653906, 59.9164916], [10.6537215, 59.9164732], [10.6533721, 59.9164408], [10.6530306, 59.9164128], [10.6524845, 59.9163638], [10.6523481, 59.9163495], [10.6522116, 59.9163345], [10.6520768, 59.916319], [10.6519419, 59.9163019], [10.6517673, 59.9162799], [10.6515943, 59.9162556], [10.6514245, 59.9162296], [10.6512563, 59.9162021], [10.6511288, 59.9161797], [10.651003, 59.9161557], [10.650878, 59.9161317], [10.6507561, 59.9161069], [10.6506141, 59.9160767], [10.6504769, 59.9160457], [10.6503381, 59.9160128], [10.6502025, 59.915979], [10.6500606, 59.9159416], [10.6499109, 59.9159004], [10.649769, 59.9158591], [10.6496303, 59.915817], [10.6494023, 59.9157438], [10.6490078, 59.9156122], [10.6486935, 59.9155032], [10.6483839, 59.9153934], [10.6480625, 59.9152776], [10.6477379, 59.9151658], [10.6474109, 59.9150559], [10.6470823, 59.9149524], [10.6469086, 59.9148989], [10.6467333, 59.9148461], [10.6465556, 59.9147941], [10.6463763, 59.9147438], [10.6461929, 59.9146928], [10.6460064, 59.9146434], [10.6458182, 59.9145948], [10.64563, 59.9145486], [10.6454406, 59.914505], [10.6452528, 59.9144622], [10.6450594, 59.9144207], [10.6448708, 59.9143815], [10.6446778, 59.9143447], [10.6444847, 59.9143087], [10.6442901, 59.9142743], [10.6440955, 59.9142423], [10.6437913, 59.9141936], [10.6434886, 59.9141473]]}, "properties": {"electrified": "contact_line", "frequency": "16.67", "gauge": "1435", "maxspeed": "90", "name": "Drammenbanen", "operator": "Bane NOR", "passenger_lines": "2", "railway": "rail", "usage": "main", "voltage": "15000", "length_km": 0.978, "maxspeed_kmh": 90.0}}, {"type": "Feature", "geometry": {"type": "LineString", "coordinates": [[10.2078393, 59.7389822], [10.2081572, 59.7388473], [10.2082611, 59.7388011], [10.2083784, 59.7387498], [10.2085807, 59.7386565]]}, "properties": {"electrified": "contact_line", "frequency": "16.67", "gauge": "1435", "maxspeed": "50", "name": "Drammenbanen", "operator": "Bane NOR", "passenger_lines": "4", "railway": "rail", "usage": "main", "voltage": "15000", "length_km": 0.055, "maxspeed_kmh": 50.0}}, {"type": "Feature", "geometry": {"type": "LineString", "coordinates": [[10.2284654, 59.7405726], [10.2286576, 59.7407193], [10.2288757, 59.7408911], [10.2289405, 59.740942], [10.2291487, 59.7411073]]}, "properties": {"electrified": "contact_line", "frequency": "16.67", "gauge": "1435", "name": "Drammenbanen", "operator": "Bane NOR", "passenger_lines": "2", "railway": "rail", "usage": "main", "voltage": "15000", "length_km": 0.071}}, {"type": "Feature", "geometry": {"type": "LineString", "coordinates": [[10.4402082, 59.8380744], [10.4390142, 59.8365652], [10.4388484, 59.8363613], [10.4386801, 59.8361911], [10.4383756, 59.8359404], [10.4381283, 59.8357571], [10.4378365, 59.8355688], [10.4374892, 59.8353661]]}, "properties": {"electrified": "contact_line", "frequency": "16.67", "gauge": "1435", "maxspeed": "100", "name": "Drammenbanen", "operator": "Bane NOR", "passenger_lines": "2", "railway": "rail", "tunnel": "yes", "usage": "branch", "voltage": "15000", "length_km": 0.341, "maxspeed_kmh": 100.0}}, {"type": "Feature", "geometry": {"type": "LineString", "coordinates": [[10.6858439, 59.9203464], [10.6859686, 59.9203113], [10.686517, 59.9201537], [10.6867896, 59.9200748], [10.6870595, 59.9199988], [10.6873538, 59.9199192], [10.6876545, 59.9198449], [10.6879578, 59.919772], [10.6882238, 59.9197127], [10.6884958, 59.9196584], [10.6886708, 59.9196223], [10.6888499, 59.9195882], [10.6890347, 59.919555], [10.6892076, 59.9195248], [10.6893962, 59.9194937], [10.6895889, 59.9194626], [10.6897765, 59.9194348], [10.6899669, 59.9194076], [10.6901632, 59.9193805], [10.6903615, 59.9193554], [10.690557, 59.9193319], [10.6907542, 59.9193101], [10.6909251, 59.9192907], [10.6910985, 59.9192739], [10.6912689, 59.9192578], [10.6914405, 59.9192423], [10.6915804, 59.9192306], [10.6917253, 59.9192196], [10.6918547, 59.91921], [10.6920039, 59.9192011]]}, "properties": {"electrified": "contact_line", "frequency": "16.67", "gauge": "1435", "maxspeed": "90", "name": "Drammenbanen", "operator": "Bane NOR", "passenger_lines": "2", "railway": "rail", "usage": "main", "voltage": "15000", "length_km": 0.371, "maxspeed_kmh": 90.0}}, {"type": "Feature", "geometry": {"type": "LineString", "coordinates": [[10.5226939, 59.8919549], [10.5224903, 59.8918942], [10.5223367, 59.891848], [10.5221641, 59.8917984], [10.521999, 59.8917505], [10.5218325, 59.8917042], [10.521652, 59.8916564], [10.521479, 59.8916128], [10.5212984, 59.8915687], [10.5211161, 59.8915263], [10.5209374, 59.8914865], [10.520762, 59.8914481], [10.5205849, 59.8914114], [10.5204095, 59.8913771], [10.5203531, 59.8913663], [10.5201683, 59.8913308]]}, "properties": {"bridge": "yes", "electrified": "contact_line", "frequency": "16.67", "gauge": "1435", "maxspeed": "80", "name": "Drammenbanen", "operator": "Bane NOR", "passenger_lines": "4", "railway": "rail", "usage": "branch", "voltage": "15000", "length_km": 0.158, "maxspeed_kmh": 80.0}}, {"type": "Feature", "geometry": {"type": "LineString", "coordinates": [[10.6411168, 59.9138415], [10.6405938, 59.9137835], [10.6402487, 59.9137453], [10.6399467, 59.9137121], [10.6396647, 59.9136837], [10.6394863, 59.913668], [10.6392205, 59.9136479]]}, "properties": {"bridge": "yes", "electrified": "contact_line", "frequency": "16.67", "gauge": "1435", "maxspeed": "80", "name": "Drammenbanen", "operator": "Bane NOR", "passenger_lines": "4", "railway": "rail", "usage": "branch", "voltage": "15000", "length_km": 0.108, "maxspeed_kmh": 80.0}}, {"type": "Feature", "geometry": {"type": "LineString", "coordinates": [[10.5701777, 59.8990721], [10.5721764, 59.8990419], [10.5725223, 59.899038], [10.5728683, 59.8990367], [10.5730124, 59.8990381], [10.5731565, 59.8990404], [10.5732988, 59.8990431], [10.5734446, 59.8990476], [10.5736062, 59.8990543], [10.5737713, 59.8990627], [10.573932, 59.8990728], [10.5740928, 59.8990855], [10.5743101, 59.8991055], [10.5745377, 59.8991297], [10.5746951, 59.899149], [10.5748525, 59.8991705], [10.5750098, 59.8991936], [10.5751657, 59.8992189], [10.5753578, 59.8992524], [10.5755484, 59.899289], [10.5757368, 59.8993271], [10.5759266, 59.8993689]]}, "properties": {"electrified": "contact_line", "frequency": "16.67", "gauge": "1435", "maxspeed": "95", "name": "Drammenbanen", "operator": "Bane NOR", "passenger_lines": "2", "railway": "rail", "usage": "branch", "voltage": "15000", "length_km": 0.327, "maxspeed_kmh": 95.0}}, {"type": "Feature", "geometry": {"type": "LineString", "coordinates": [[10.212005, 59.7371058], [10.2121722, 59.7370713], [10.2123334, 59.7370421], [10.212482, 59.7370169], [10.2126796, 59.7369856], [10.2128562, 59.7369638], [10.2130117, 59.7369493], [10.2131928, 59.7369348], [10.2133785, 59.7369238], [10.2135622, 59.7369155], [10.2137107, 59.7369133], [10.2139036, 59.7369134], [10.2141047, 59.7369185], [10.2142838, 59.7369273], [10.2145009, 59.7369422], [10.2163345, 59.737081]]}, "properties": {"bridge": "yes", "electrified": "contact_line", "frequency": "16.67", "gauge": "1435", "maxspeed": "65", "name": "Drammenbanen", "operator": "Bane NOR", "passenger_lines": "2", "railway": "rail", "usage": "main", "voltage": "15000", "length_km": 0.248, "maxspeed_kmh": 65.0}}, {"type": "Feature", "geometry": {"type": "LineString", "coordinates": [[10.2198766, 59.7375353], [10.2193961, 59.737469], [10.2190514, 59.7374234], [10.2187, 59.7373802], [10.2183822, 59.7373433], [10.2180764, 59.7373133], [10.2176566, 59.7372761], [10.2172342, 59.7372457], [10.2145758, 59.7370402], [10.2143709, 59.7370274], [10.2141942, 59.7370183], [10.2140249, 59.7370118], [10.2138271, 59.7370074], [10.2136709, 59.7370064], [10.2135448, 59.7370104], [10.2133973, 59.7370165], [10.2132182, 59.7370237], [10.2130808, 59.7370345], [10.2128937, 59.7370493], [10.2127428, 59.7370662], [10.2125692, 59.7370899], [10.2123861, 59.7371176], [10.2122044, 59.7371493], [10.2120904, 59.737172], [10.2119816, 59.7371948]]}, "properties": {"bridge": "yes", "electrified": "contact_line", "frequency": "16.67", "gauge": "1435", "maxspeed": "45", "name": "Drammenbanen", "operator": "Bane NOR", "passenger_lines": "2", "railway": "rail", "usage": "main", "voltage": "15000", "length_km": 0.453, "maxspeed_kmh": 45.0}}, {"type": "Feature", "geometry": {"type": "LineString", "coordinates": [[10.2199178, 59.737468], [10.2200694, 59.7374917], [10.2204937, 59.7375681], [10.2207445, 59.7376144], [10.2209779, 59.7376596], [10.2213581, 59.7377357], [10.2216401, 59.7377963], [10.2219073, 59.7378573], [10.2221443, 59.7379139], [10.2224537, 59.7379886], [10.2227488, 59.7380648], [10.2230506, 59.7381456], [10.2233181, 59.7382216], [10.223589, 59.7383003], [10.223882, 59.7383902], [10.2241186, 59.7384658]]}, "properties": {"electrified": "contact_line", "frequency": "16.67", "gauge": "1435", "name": "Drammenbanen", "operator": "Bane NOR", "passenger_lines": "2", "railway": "rail", "usage": "main", "voltage": "15000", "length_km": 0.262}}, {"type": "Feature", "geometry": {"type": "LineString", "coordinates": [[10.2241186, 59.7384658], [10.2244145, 59.7385649], [10.2246955, 59.7386609], [10.2249761, 59.7387604], [10.2252483, 59.7388626], [10.2255061, 59.7389623], [10.2257421, 59.7390591], [10.2259608, 59.7391522], [10.2262813, 59.7392967], [10.2265921, 59.739444], [10.2267795, 59.7395402], [10.2269689, 59.7396366], [10.2272325, 59.7397808], [10.2274863, 59.7399261], [10.2277344, 59.7400778], [10.2278787, 59.740166], [10.228022, 59.7402597], [10.2282735, 59.7404306], [10.2284654, 59.7405726]]}, "properties": {"bridge": "yes", "electrified": "contact_line", "frequency": "16.67", "gauge": "1435", "name": "Drammenbanen", "operator": "Bane NOR", "passenger_lines": "2", "railway": "rail", "usage": "main", "voltage": "15000", "length_km": 0.341}}, {"type": "Feature", "geometry": {"type": "LineString", "coordinates": [[10.224072, 59.7385004], [10.2238251, 59.7384206], [10.2235401, 59.7383345], [10.2232759, 59.7382568], [10.2229989, 59.738179], [10.2227048, 59.7381011], [10.2224263, 59.7380292], [10.2221084, 59.7379509], [10.2218811, 59.7378982], [10.221609, 59.7378361], [10.2213266, 59.7377762], [10.2209591, 59.7377067], [10.2206976, 59.7376617], [10.2204515, 59.7376235]]}, "properties": {"electrified": "contact_line", "frequency": "16.67", "gauge": "1435", "maxspeed": "100", "name": "Drammenbanen", "operator": "Bane NOR", "passenger_lines": "2", "railway": "rail", "usage": "main", "voltage": "15000", "length_km": 0.227, "maxspeed_kmh": 100.0}}, {"type": "Feature", "geometry": {"type": "LineString", "coordinates": [[10.2284, 59.7405958], [10.2281977, 59.7404539], [10.2279624, 59.7402876], [10.2278088, 59.74019], [10.2276617, 59.7400975], [10.2274246, 59.7399528], [10.2271671, 59.7398066], [10.2269075, 59.7396638], [10.2267279, 59.7395718], [10.2265236, 59.7394691], [10.2262176, 59.7393229], [10.2258991, 59.7391813], [10.2256851, 59.7390917], [10.2254478, 59.7389943], [10.2252037, 59.7388971], [10.2249167, 59.7387903], [10.2246384, 59.7386914], [10.2243474, 59.7385913], [10.224072, 59.7385004]]}, "properties": {"bridge": "yes", "electrified": "contact_line", "frequency": "16.67", "gauge": "1435", "maxspeed": "100", "name": "Drammenbanen", "operator": "Bane NOR", "passenger_lines": "2", "railway": "rail", "usage": "main", "voltage": "15000", "length_km": 0.34, "maxspeed_kmh": 100.0}}, {"type": "Feature", "geometry": {"type": "LineString", "coordinates": [[10.6919991, 59.9192397], [10.6918641, 59.9192477], [10.6917307, 59.9192574], [10.691593, 59.9192679], [10.6914553, 59.9192792], [10.6912834, 59.9192944], [10.6911114, 59.9193109], [10.6909355, 59.9193275], [10.6907675, 59.919346], [10.6905727, 59.9193681], [10.6903795, 59.919392], [10.6901875, 59.9194164], [10.6899916, 59.9194439], [10.6898005, 59.9194704], [10.6896109, 59.9194991], [10.6894226, 59.9195294], [10.6892386, 59.9195612], [10.6890591, 59.9195922], [10.6888811, 59.9196238], [10.6887028, 59.919658], [10.6885273, 59.9196928], [10.6882562, 59.9197488], [10.6879933, 59.9198068]]}, "properties": {"electrified": "contact_line", "frequency": "16.67", "gauge": "1435", "maxspeed": "90", "name": "Drammenbanen", "operator": "Bane NOR", "passenger_lines": "2", "railway": "rail", "usage": "main", "voltage": "15000", "length_km": 0.234, "maxspeed_kmh": 90.0}}, {"type": "Feature", "geometry": {"type": "LineString", "coordinates": [[10.2290305, 59.7410931], [10.2288066, 59.7409127], [10.2285811, 59.7407363], [10.2284, 59.7405958]]}, "properties": {"electrified": "contact_line", "frequency": "16.67", "gauge": "1435", "maxspeed": "100", "name": "Drammenbanen", "operator": "Bane NOR", "passenger_lines": "2", "railway": "rail", "usage": "main", "voltage": "15000", "length_km": 0.066, "maxspeed_kmh": 100.0}}, {"type": "Feature", "geometry": {"type": "LineString", "coordinates": [[10.2297701, 59.7416038], [10.2299258, 59.7417303]]}, "properties": {"bridge": "yes", "electrified": "contact_line", "frequency": "16.67", "gauge": "1435", "name": "Drammenbanen", "operator": "Bane NOR", "passenger_lines": "2", "railway": "rail", "usage": "main", "voltage": "15000", "length_km": 0.017}}, {"type": "Feature", "geometry": {"type": "LineString", "coordinates": [[10.2935711, 59.764627], [10.2933053, 59.7645186], [10.2930379, 59.7644114], [10.2927646, 59.7643067], [10.2924901, 59.764203], [10.2921264, 59.7640687], [10.291758, 59.7639355]]}, "properties": {"electrified": "contact_line", "frequency": "16.67", "gauge": "1435", "maxspeed": "130", "name": "Drammenbanen", "operator": "Bane NOR", "passenger_lines": "2", "railway": "rail", "tunnel": "yes", "usage": "main", "voltage": "15000", "length_km": 0.128, "maxspeed_kmh": 130.0}}, {"type": "Feature", "geometry": {"type": "LineString", "coordinates": [[10.2837859, 59.7615911], [10.2848352, 59.7618823]]}, "properties": {"bridge": "yes", "electrified": "contact_line", "frequency": "16.67", "gauge": "1435", "maxspeed": "130", "name": "Drammenbanen", "operator": "Bane NOR", "passenger_lines": "2", "railway": "rail", "usage": "main", "voltage": "15000", "length_km": 0.067, "maxspeed_kmh": 130.0}}, {"type": "Feature", "geometry": {"type": "LineString", "coordinates": [[10.2847984, 59.761916], [10.2837491, 59.7616247]]}, "properties": {"bridge": "yes", "electrified": "contact_line", "frequency": "16.67", "gauge": "1435", "maxspeed": "130", "name": "Drammenbanen", "operator": "Bane NOR", "passenger_lines": "2", "railway": "rail", "usage": "main", "voltage": "15000", "length_km": 0.067, "maxspeed_kmh": 130.0}}, {"type": "Feature", "geometry": {"type": "LineString", "coordinates": [[10.291758, 59.7639355], [10.2916353, 59.7638931], [10.2914274, 59.763822], [10.2912303, 59.7637553], [10.2910335, 59.7636905], [10.2908119, 59.7636181], [10.2906097, 59.7635536], [10.2904075, 59.7634899], [10.2901614, 59.7634163], [10.2899254, 59.763346], [10.289684, 59.7632747], [10.2895345, 59.7632314], [10.2893389, 59.7631775], [10.288673, 59.7629914], [10.2880057, 59.7628064], [10.2847984, 59.761916]]}, "properties": {"electrified": "contact_line", "frequency": "16.67", "gauge": "1435", "maxspeed": "130", "name": "Drammenbanen", "operator": "Bane NOR", "passenger_lines": "2", "railway": "rail", "usage": "main", "voltage": "15000", "length_km": 0.452, "maxspeed_kmh": 130.0}}, {"type": "Feature", "geometry": {"type": "LineString", "coordinates": [[10.2918079, 59.7639014], [10.2921749, 59.7640334], [10.2925425, 59.7641684], [10.2928187, 59.7642722], [10.2930878, 59.7643749], [10.2933616, 59.7644847], [10.2936297, 59.7645944]]}, "properties": {"electrified": "contact_line", "frequency": "16.67", "gauge": "1435", "maxspeed": "130", "name": "Drammenbanen", "passenger_lines": "2", "railway": "rail", "tunnel": "yes", "usage": "main", "voltage": "15000", "length_km": 0.128, "maxspeed_kmh": 130.0}}, {"type": "Feature", "geometry": {"type": "LineString", "coordinates": [[10.4651517, 59.8481466], [10.4649497, 59.8479729], [10.4648496, 59.8478884], [10.4647495, 59.8478056], [10.4646617, 59.8477362], [10.4645769, 59.8476697], [10.4644847, 59.847604], [10.4643939, 59.8475408], [10.4642897, 59.8474688], [10.4641836, 59.8473991], [10.4640735, 59.8473298], [10.463966, 59.8472681], [10.4638415, 59.8471961], [10.463714, 59.8471281], [10.4635835, 59.8470592], [10.4634546, 59.8469928], [10.4633405, 59.8469381], [10.4632227, 59.8468852], [10.463104, 59.8468327], [10.4629853, 59.8467822], [10.4626843, 59.84666], [10.4623816, 59.8465424], [10.4616166, 59.8462465], [10.4607929, 59.8459305], [10.4606066, 59.8458588], [10.4604222, 59.8457862], [10.4602423, 59.8457117], [10.4600644, 59.8456372], [10.459883, 59.8455603], [10.4597034, 59.8454825], [10.4595353, 59.8454067], [10.4593536, 59.8453221], [10.4586776, 59.8450108], [10.4579968, 59.8446894], [10.4576504, 59.8445268], [10.4573096, 59.8443633], [10.456974, 59.844206], [10.456642, 59.8440478], [10.4564128, 59.8439353]]}, "properties": {"electrified": "contact_line", "frequency": "16.67", "gauge": "1435", "maxspeed": "105", "name": "Drammenbanen", "operator": "Bane NOR", "passenger_lines": "2", "railway": "rail", "usage": "branch", "voltage": "15000", "length_km": 0.683, "maxspeed_kmh": 105.0}}, {"type": "Feature", "geometry": {"type": "LineString", "coordinates": [[10.4675575, 59.850416], [10.4674633, 59.8502819]]}, "properties": {"bridge": "yes", "electrified": "contact_line", "frequency": "16.67", "gauge": "1435", "maxspeed": "105", "name": "Drammenbanen", "operator": "Bane NOR", "passenger_lines": "2", "railway": "rail", "usage": "branch", "voltage": "15000", "length_km": 0.016, "maxspeed_kmh": 105.0}}, {"type": "Feature", "geometry": {"type": "LineString", "coordinates": [[10.4677425, 59.8504024], [10.4676633, 59.8502754]]}, "properties": {"bridge": "yes", "electrified": "contact_line", "frequency": "16.67", "gauge": "1435", "maxspeed": "105", "name": "Drammenbanen", "operator": "Bane NOR", "passenger_lines": "2", "railway": "rail", "usage": "branch", "voltage": "15000", "length_km": 0.015, "maxspeed_kmh": 105.0}}, {"type": "Feature", "geometry": {"type": "LineString", "coordinates": [[10.4652482, 59.8481194], [10.4650381, 59.8479489], [10.4649308, 59.8478636], [10.4648201, 59.847781], [10.4647301, 59.847714], [10.4646421, 59.8476496], [10.4645514, 59.8475841], [10.4644606, 59.8475195], [10.4643539, 59.8474465], [10.4642454, 59.847377], [10.4641363, 59.8473079], [10.4640251, 59.8472428], [10.4639017, 59.8471736], [10.4637734, 59.847106], [10.463642, 59.8470351], [10.4635085, 59.8469679], [10.463392, 59.8469123], [10.4632731, 59.8468579], [10.4631512, 59.8468045], [10.4630465, 59.8467599], [10.4627226, 59.8466286], [10.4624097, 59.8465065], [10.4616695, 59.8462211], [10.4608294, 59.8458973], [10.4606448, 59.8458268], [10.460462, 59.8457534], [10.4602848, 59.8456806], [10.4601076, 59.8456068], [10.45993, 59.8455308], [10.4597562, 59.845453], [10.4595823, 59.8453756], [10.4594103, 59.8452954], [10.4587466, 59.8449782], [10.4580876, 59.8446471], [10.4577457, 59.8444759], [10.4574246, 59.8443124], [10.4570934, 59.8441472], [10.456764, 59.8439811], [10.456569, 59.8438809]]}, "properties": {"electrified": "contact_line", "frequency": "16.67", "gauge": "1435", "maxspeed": "105", "name": "Drammenbanen", "operator": "Bane NOR", "passenger_lines": "2", "railway": "rail", "usage": "branch", "voltage": "15000", "length_km": 0.682, "maxspeed_kmh": 105.0}}, {"type": "Feature", "geometry": {"type": "LineString", "coordinates": [[10.456569, 59.8438809], [10.4564219, 59.8438046]]}, "properties": {"bridge": "yes", "electrified": "contact_line", "frequency": "16.67", "gauge": "1435", "maxspeed": "105", "name": "Drammenbanen", "operator": "Bane NOR", "railway": "rail", "usage": "branch", "voltage": "15000", "length_km": 0.012, "maxspeed_kmh": 105.0}}, {"type": "Feature", "geometry": {"type": "LineString", "coordinates": [[10.4659597, 59.854488], [10.466396, 59.8542029], [10.4667863, 59.8539319], [10.4670862, 59.8536423], [10.4673679, 59.8533633]]}, "properties": {"electrified": "contact_line", "frequency": "16.67", "gauge": "1435", "maxspeed": "105", "name": "Drammenbanen", "operator": "Bane NOR", "passenger_lines": "2", "railway": "rail", "tunnel": "yes", "usage": "branch", "voltage": "15000", "length_km": 0.149, "maxspeed_kmh": 105.0}}, {"type": "Feature", "geometry": {"type": "LineString", "coordinates": [[10.4673005, 59.8533496], [10.4673743, 59.8532592], [10.4674405, 59.8531761], [10.4675005, 59.8530941], [10.4675554, 59.8530125], [10.4676082, 59.8529289], [10.4676604, 59.852842], [10.4677063, 59.8527572], [10.4677502, 59.8526728], [10.4677879, 59.8525885], [10.4678269, 59.8524989], [10.4678597, 59.8524093], [10.4678867, 59.852322], [10.4679096, 59.8522379], [10.4679304, 59.8521477], [10.4679491, 59.8520608], [10.4679624, 59.8519782], [10.4679713, 59.8518956], [10.4679775, 59.8518065], [10.4679771, 59.8517175], [10.4679756, 59.8516279], [10.4679697, 59.8515426], [10.4679618, 59.8514541], [10.467947, 59.8513667], [10.4679301, 59.8512793], [10.4679063, 59.8511919], [10.4678831, 59.8511044], [10.4678564, 59.8510187], [10.4678272, 59.850938], [10.467789, 59.8508508], [10.4677495, 59.8507616], [10.4677082, 59.8506724], [10.4676652, 59.8505862], [10.4676134, 59.8505027], [10.4675575, 59.850416]]}, "properties": {"electrified": "contact_line", "frequency": "16.67", "gauge": "1435", "maxspeed": "105", "name": "Drammenbanen", "operator": "Bane NOR", "passenger_lines": "2", "railway": "rail", "usage": "branch", "voltage": "15000", "length_km": 0.335, "maxspeed_kmh": 105.0}}, {"type": "Feature", "geometry": {"type": "LineString", "coordinates": [[10.4619739, 59.8583445], [10.462068, 59.8581602]]}, "properties": {"bridge": "yes", "electrified": "contact_line", "frequency": "16.67", "gauge": "1435", "maxspeed": "105", "name": "Drammenbanen", "operator": "Bane NOR", "passenger_lines": "2", "railway": "rail", "usage": "branch", "voltage": "15000", "length_km": 0.021, "maxspeed_kmh": 105.0}}, {"type": "Feature", "geometry": {"type": "LineString", "coordinates": [[10.4633571, 59.8561961], [10.4634839, 59.8560818], [10.4636525, 59.8559356], [10.463829, 59.8557903], [10.4640102, 59.8556447], [10.4642013, 59.8555031], [10.4643744, 59.855384], [10.4645534, 59.8552678], [10.4647657, 59.8551331], [10.4649902, 59.8549963], [10.4654262, 59.8547316], [10.4658827, 59.8544555]]}, "properties": {"electrified": "contact_line", "frequency": "16.67", "gauge": "1435", "maxspeed": "105", "name": "Drammenbanen", "operator": "Bane NOR", "passenger_lines": "2", "railway": "rail", "usage": "branch", "voltage": "15000", "length_km": 0.241, "maxspeed_kmh": 105.0}}, {"type": "Feature", "geometry": {"type": "LineString", "coordinates": [[10.4477553, 59.8408494], [10.4476256, 59.8408446], [10.4469536, 59.8408205], [10.4467816, 59.840814], [10.4466096, 59.8408048], [10.4464369, 59.8407957], [10.4462642, 59.8407852], [10.4460968, 59.8407741], [10.4459319, 59.8407603], [10.4457723, 59.8407452], [10.4456114, 59.8407281], [10.4454422, 59.840708], [10.4452729, 59.8406859], [10.4451, 59.8406611], [10.4449298, 59.840635], [10.4447853, 59.8406106], [10.4446422, 59.8405849], [10.444501, 59.8405575], [10.4443638, 59.8405295], [10.4442066, 59.8404953], [10.444054, 59.8404595], [10.4439073, 59.8404226], [10.4437626, 59.8403855], [10.4436152, 59.8403439], [10.443475, 59.840303], [10.4433314, 59.8402581], [10.4431932, 59.8402132], [10.4430517, 59.8401658], [10.4429174, 59.8401168], [10.442786, 59.8400674], [10.4426578, 59.8400175], [10.4425291, 59.8399636], [10.442404, 59.8399084], [10.4422892, 59.8398554], [10.4421743, 59.8398007], [10.4420604, 59.8397429], [10.4419513, 59.8396852], [10.4418418, 59.8396272], [10.4417363, 59.8395685], [10.4416337, 59.8395059], [10.441533, 59.8394433], [10.4414346, 59.839379], [10.441341, 59.8393147], [10.4412283, 59.8392332], [10.4411213, 59.8391516], [10.4410135, 59.8390655], [10.4409114, 59.8389794], [10.4407848, 59.83886], [10.4406713, 59.8387437], [10.4405423, 59.8386023], [10.4404287, 59.8384637], [10.4401991, 59.8381724], [10.4401361, 59.8380871]]}, "properties": {"electrified": "contact_line", "frequency": "16.67", "gauge": "1435", "name": "Drammenbanen", "operator": "Bane NOR", "passenger_lines": "2", "railway": "rail", "usage": "branch", "voltage": "15000", "length_km": 0.567}}, {"type": "Feature", "geometry": {"type": "LineString", "coordinates": [[10.4635709, 59.8563281], [10.4636362, 59.8562565], [10.4637455, 59.8561502], [10.463911, 59.8559985], [10.464062, 59.8558647], [10.464251, 59.8556998], [10.4643963, 59.8555799], [10.4645703, 59.8554454], [10.4647269, 59.8553301], [10.4649069, 59.8552006], [10.4651227, 59.8550521], [10.4655412, 59.854769], [10.4659597, 59.854488]]}, "properties": {"electrified": "contact_line", "frequency": "16.67", "gauge": "1435", "maxspeed": "105", "name": "Drammenbanen", "operator": "Bane NOR", "passenger_lines": "2", "railway": "rail", "usage": "branch", "voltage": "15000", "length_km": 0.245, "maxspeed_kmh": 105.0}}, {"type": "Feature", "geometry": {"type": "LineString", "coordinates": [[10.4658827, 59.8544555], [10.4663025, 59.8541705], [10.4667087, 59.853898], [10.4670118, 59.8536247], [10.4673005, 59.8533496]]}, "properties": {"electrified": "contact_line", "frequency": "16.67", "gauge": "1435", "maxspeed": "105", "name": "Drammenbanen", "operator": "Bane NOR", "passenger_lines": "2", "railway": "rail", "tunnel": "yes", "usage": "branch", "voltage": "15000", "length_km": 0.147, "maxspeed_kmh": 105.0}}, {"type": "Feature", "geometry": {"type": "LineString", "coordinates": [[10.462252, 59.8583028], [10.4623088, 59.8581884]]}, "properties": {"bridge": "yes", "electrified": "contact_line", "frequency": "16.67", "gauge": "1435", "maxspeed": "105", "name": "Drammenbanen", "operator": "Bane NOR", "passenger_lines": "2", "railway": "rail", "usage": "branch", "voltage": "15000", "length_km": 0.013, "maxspeed_kmh": 105.0}}, {"type": "Feature", "geometry": {"type": "LineString", "coordinates": [[10.4673679, 59.8533633], [10.4674423, 59.8532744], [10.4675107, 59.8531906], [10.4675713, 59.8531085], [10.4676298, 59.8530253], [10.4676801, 59.8529421], [10.4677339, 59.8528542], [10.4677815, 59.8527684], [10.4678271, 59.8526816], [10.4678686, 59.8525957], [10.4679041, 59.8525063], [10.4679396, 59.8524168], [10.4679717, 59.8523263], [10.4679976, 59.8522378], [10.4680192, 59.8521504], [10.4680365, 59.8520652], [10.4680516, 59.85198], [10.4680645, 59.8518948], [10.4680743, 59.8518046], [10.4680798, 59.8517155], [10.468083, 59.8516258], [10.4680797, 59.8515405], [10.4680744, 59.8514508], [10.4680647, 59.8513622], [10.4680526, 59.8512737], [10.4680361, 59.8511851], [10.4680175, 59.8510966], [10.4679972, 59.8510117], [10.4679717, 59.8509254], [10.4679426, 59.85084], [10.4679086, 59.8507479], [10.4678711, 59.8506567], [10.467831, 59.8505677], [10.4677856, 59.8504787], [10.4677425, 59.8504024]]}, "properties": {"electrified": "contact_line", "frequency": "16.67", "gauge": "1435", "maxspeed": "105", "name": "Drammenbanen", "operator": "Bane NOR", "passenger_lines": "2", "railway": "rail", "usage": "branch", "voltage": "15000", "length_km": 0.337, "maxspeed_kmh": 105.0}}, {"type": "Feature", "geometry": {"type": "LineString", "coordinates": [[10.4623088, 59.8581884], [10.4624211, 59.8579709], [10.4626427, 59.8575574], [10.4628642, 59.857205], [10.4631316, 59.8568359], [10.4633517, 59.8565441]]}, "properties": {"electrified": "contact_line", "frequency": "16.67", "gauge": "1435", "maxspeed": "105", "name": "Drammenbanen", "operator": "Bane NOR", "passenger_lines": "2", "railway": "rail", "usage": "branch", "voltage": "15000", "length_km": 0.193, "maxspeed_kmh": 105.0}}, {"type": "Feature", "geometry": {"type": "LineString", "coordinates": [[10.462068, 59.8581602], [10.4620734, 59.8581553], [10.4622861, 59.8577402]]}, "properties": {"electrified": "contact_line", "frequency": "16.67", "gauge": "1435", "maxspeed": "105", "name": "Drammenbanen", "operator": "Bane NOR", "passenger_lines": "2", "railway": "rail", "usage": "branch", "voltage": "15000", "length_km": 0.048, "maxspeed_kmh": 105.0}}, {"type": "Feature", "geometry": {"type": "LineString", "coordinates": [[10.4564128, 59.8439353], [10.45628, 59.8438677]]}, "properties": {"bridge": "yes", "electrified": "contact_line", "frequency": "16.67", "gauge": "1435", "maxspeed": "105", "name": "Drammenbanen", "operator": "Bane NOR", "railway": "rail", "usage": "branch", "voltage": "15000", "length_km": 0.011, "maxspeed_kmh": 105.0}}, {"type": "Feature", "geometry": {"type": "LineString", "coordinates": [[10.4633517, 59.8565441], [10.4635709, 59.8563281]]}, "properties": {"electrified": "contact_line", "frequency": "16.67", "gauge": "1435", "maxspeed": "105", "name": "Drammenbanen", "operator": "Bane NOR", "passenger_lines": "2", "railway": "rail", "tunnel": "yes", "usage": "branch", "voltage": "15000", "length_km": 0.027, "maxspeed_kmh": 105.0}}, {"type": "Feature", "geometry": {"type": "LineString", "coordinates": [[10.4622861, 59.8577402], [10.4623973, 59.8575204], [10.4625183, 59.8573005], [10.4626281, 59.8570844], [10.4627607, 59.8568715], [10.4630475, 59.8565314], [10.4633571, 59.8561961]]}, "properties": {"electrified": "contact_line", "frequency": "16.67", "gauge": "1435", "maxspeed": "105", "name": "Drammenbanen", "operator": "Bane NOR", "passenger_lines": "2", "railway": "rail", "tunnel": "yes", "usage": "branch", "voltage": "15000", "length_km": 0.183, "maxspeed_kmh": 105.0}}, {"type": "Feature", "geometry": {"type": "LineString", "coordinates": [[10.4704908, 59.8698198], [10.4699972, 59.8697092], [10.4694895, 59.8696155], [10.4689481, 59.8695416], [10.4673479, 59.8693633], [10.4669745, 59.8693206], [10.4666397, 59.8692804], [10.4663362, 59.8692376], [10.466142, 59.869203]]}, "properties": {"electrified": "contact_line", "frequency": "16.67", "gauge": "1435", "maxspeed": "105", "name": "Drammenbanen", "operator": "Bane NOR", "passenger_lines": "2", "railway": "rail", "tunnel": "yes", "usage": "branch", "voltage": "15000", "length_km": 0.254, "maxspeed_kmh": 105.0}}, {"type": "Feature", "geometry": {"type": "LineString", "coordinates": [[10.4661739, 59.869166], [10.4658947, 59.8691092], [10.4656679, 59.8690642], [10.4654504, 59.869017]]}, "properties": {"electrified": "contact_line", "frequency": "16.67", "gauge": "1435", "maxspeed": "105", "name": "Drammenbanen", "operator": "Bane NOR", "passenger_lines": "2", "railway": "rail", "usage": "branch", "voltage": "15000", "length_km": 0.044, "maxspeed_kmh": 105.0}}, {"type": "Feature", "geometry": {"type": "LineString", "coordinates": [[10.4597698, 59.8657834], [10.459673, 59.8656072], [10.4595797, 59.8653391]]}, "properties": {"electrified": "contact_line", "frequency": "16.67", "gauge": "1435", "maxspeed": "100", "name": "Drammenbanen", "operator": "Bane NOR", "passenger_lines": "2", "railway": "rail", "tunnel": "yes", "usage": "branch", "voltage": "15000", "length_km": 0.051, "maxspeed_kmh": 100.0}}, {"type": "Feature", "geometry": {"type": "LineString", "coordinates": [[10.4758048, 59.8722756], [10.4745812, 59.8715639]]}, "properties": {"electrified": "contact_line", "frequency": "16.67", "gauge": "1435", "maxspeed": "105", "name": "Drammenbanen", "operator": "Bane NOR", "passenger_lines": "2", "railway": "rail", "tunnel": "yes", "usage": "branch", "voltage": "15000", "length_km": 0.105, "maxspeed_kmh": 105.0}}, {"type": "Feature", "geometry": {"type": "LineString", "coordinates": [[10.4843023, 59.8751405], [10.4840615, 59.8750895]]}, "properties": {"bridge": "yes", "electrified": "contact_line", "frequency": "16.67", "gauge": "1435", "maxspeed": "105", "name": "Drammenbanen", "operator": "Bane NOR", "passenger_lines": "2", "railway": "rail", "usage": "branch", "voltage": "15000", "length_km": 0.015, "maxspeed_kmh": 105.0}}, {"type": "Feature", "geometry": {"type": "LineString", "coordinates": [[10.4745812, 59.8715639], [10.474232, 59.8713607], [10.4737605, 59.8710827], [10.4735098, 59.8709393], [10.4732723, 59.8708099], [10.4730004, 59.8706731], [10.4727444, 59.8705532], [10.472517, 59.870454], [10.472287, 59.8703578], [10.4720087, 59.8702528], [10.4717249, 59.8701549], [10.4714498, 59.8700669], [10.4711748, 59.8699857], [10.4708761, 59.8699089], [10.4705737, 59.8698371], [10.4704908, 59.8698198]]}, "properties": {"electrified": "contact_line", "frequency": "16.67", "gauge": "1435", "maxspeed": "105", "name": "Drammenbanen", "operator": "Bane NOR", "passenger_lines": "2", "railway": "rail", "usage": "branch", "voltage": "15000", "length_km": 0.304, "maxspeed_kmh": 105.0}}, {"type": "Feature", "geometry": {"type": "LineString", "coordinates": [[10.4597123, 59.8653314], [10.4596605, 59.8651126], [10.4596312, 59.8649357], [10.4596156, 59.8647611], [10.4596117, 59.8646544], [10.4596127, 59.8645483], [10.4596176, 59.8644396], [10.4596259, 59.8643365], [10.4596499, 59.864128], [10.4596852, 59.8639194], [10.4597296, 59.8636988], [10.4597793, 59.863487], [10.4598338, 59.863287], [10.4598982, 59.8630885], [10.4599756, 59.8628636], [10.4600638, 59.8626397], [10.460155, 59.862424], [10.4602563, 59.8622123], [10.4603986, 59.8619254], [10.4610892, 59.8605709]]}, "properties": {"electrified": "contact_line", "frequency": "16.67", "gauge": "1435", "maxspeed": "100", "name": "Drammenbanen", "operator": "Bane NOR", "passenger_lines": "2", "railway": "rail", "usage": "branch", "voltage": "15000", "length_km": 0.54, "maxspeed_kmh": 100.0}}, {"type": "Feature", "geometry": {"type": "LineString", "coordinates": [[10.4652378, 59.8689685], [10.4651797, 59.8689549], [10.4649024, 59.8688878], [10.4646387, 59.8688157], [10.464348, 59.8687302], [10.4640658, 59.8686392], [10.4638174, 59.8685527], [10.4635746, 59.8684627], [10.4632838, 59.8683442], [10.4630083, 59.8682228], [10.4627612, 59.8681056], [10.4625277, 59.8679841], [10.4622936, 59.8678545], [10.4620721, 59.8677228], [10.4618764, 59.8675966], [10.4616905, 59.8674697], [10.4614465, 59.8672944], [10.4612164, 59.8671198], [10.4610599, 59.866994], [10.4609095, 59.8668676], [10.4608572, 59.8668218]]}, "properties": {"electrified": "contact_line", "frequency": "16.67", "gauge": "1435", "maxspeed": "105", "name": "Drammenbanen", "operator": "Bane NOR", "passenger_lines": "2", "railway": "rail", "usage": "branch", "voltage": "15000", "length_km": 0.349, "maxspeed_kmh": 105.0}}, {"type": "Feature", "geometry": {"type": "LineString", "coordinates": [[10.4840615, 59.8750895], [10.4838538, 59.8750429], [10.4836489, 59.8749955], [10.4834453, 59.8749461], [10.4832474, 59.8748966], [10.4830346, 59.8748413], [10.4825323, 59.8747036], [10.4818925, 59.8745216], [10.4810321, 59.8742736], [10.4801175, 59.8740134], [10.479353, 59.8737951], [10.4791733, 59.873744], [10.4789969, 59.8736922], [10.4788232, 59.8736402], [10.4786517, 59.8735876], [10.478482, 59.8735337], [10.4783167, 59.8734788], [10.4781503, 59.8734211], [10.4779926, 59.8733645], [10.4777412, 59.8732661], [10.477481, 59.8731572], [10.4772668, 59.8730614], [10.4770574, 59.8729633], [10.4767919, 59.8728314], [10.4765425, 59.8727005], [10.4760036, 59.872387], [10.4758048, 59.8722756]]}, "properties": {"electrified": "contact_line", "frequency": "16.67", "gauge": "1435", "maxspeed": "105", "name": "Drammenbanen", "operator": "Bane NOR", "passenger_lines": "2", "railway": "rail", "usage": "branch", "voltage": "15000", "length_km": 0.564, "maxspeed_kmh": 105.0}}, {"type": "Feature", "geometry": {"type": "LineString", "coordinates": [[10.4841286, 59.8750111], [10.4837336, 59.8749057], [10.4833455, 59.8747995], [10.4831252, 59.8747415], [10.4826367, 59.874609], [10.4819794, 59.8744339], [10.4811052, 59.8742036], [10.4801896, 59.8739618], [10.4793951, 59.8737534], [10.4792126, 59.8737039], [10.4790335, 59.8736538], [10.4788646, 59.8736054], [10.4786991, 59.8735558], [10.4785226, 59.8734998], [10.4783585, 59.8734453], [10.4781983, 59.8733903], [10.4780404, 59.873333], [10.4777835, 59.8732314], [10.477531, 59.8731283], [10.4773226, 59.8730356], [10.4771073, 59.8729345], [10.4768463, 59.8728066], [10.4765948, 59.8726748], [10.476059, 59.8723616], [10.4758625, 59.8722497]]}, "properties": {"electrified": "contact_line", "frequency": "16.67", "gauge": "1435", "maxspeed": "105", "name": "Drammenbanen", "operator": "Bane NOR", "passenger_lines": "2", "railway": "rail", "usage": "branch", "voltage": "15000", "length_km": 0.561, "maxspeed_kmh": 105.0}}, {"type": "Feature", "geometry": {"type": "LineString", "coordinates": [[10.4654504, 59.869017], [10.4652378, 59.8689685]]}, "properties": {"bridge": "yes", "electrified": "contact_line", "frequency": "16.67", "gauge": "1435", "maxspeed": "105", "name": "Drammenbanen", "operator": "Bane NOR", "passenger_lines": "2", "railway": "rail", "usage": "branch", "voltage": "15000", "length_km": 0.013, "maxspeed_kmh": 105.0}}, {"type": "Feature", "geometry": {"type": "LineString", "coordinates": [[10.4654706, 59.8690654], [10.4652319, 59.8690102]]}, "properties": {"bridge": "yes", "electrified": "contact_line", "frequency": "16.67", "gauge": "1435", "maxspeed": "105", "name": "Drammenbanen", "operator": "Bane NOR", "passenger_lines": "2", "railway": "rail", "usage": "branch", "voltage": "15000", "length_km": 0.015, "maxspeed_kmh": 105.0}}, {"type": "Feature", "geometry": {"type": "LineString", "coordinates": [[10.4652319, 59.8690102], [10.4651492, 59.8689914], [10.464867, 59.8689215], [10.4645934, 59.8688474], [10.4642975, 59.8687607], [10.4640142, 59.8686697], [10.4637657, 59.8685824], [10.4635201, 59.8684916], [10.4632316, 59.868375], [10.4629557, 59.8682535], [10.4626992, 59.8681314], [10.4624575, 59.8680062], [10.4622273, 59.867878], [10.4620068, 59.8677471], [10.4618065, 59.8676213], [10.4616117, 59.8674927], [10.461365, 59.8673186], [10.4611266, 59.8671438], [10.4609653, 59.8670192], [10.460809, 59.8668945], [10.4607547, 59.8668494]]}, "properties": {"electrified": "contact_line", "frequency": "16.67", "gauge": "1435", "maxspeed": "105", "name": "Drammenbanen", "operator": "Bane NOR", "passenger_lines": "2", "railway": "rail", "usage": "branch", "voltage": "15000", "length_km": 0.353, "maxspeed_kmh": 105.0}}, {"type": "Feature", "geometry": {"type": "LineString", "coordinates": [[10.4843679, 59.8750714], [10.4841286, 59.8750111]]}, "properties": {"bridge": "yes", "electrified": "contact_line", "frequency": "16.67", "gauge": "1435", "maxspeed": "105", "name": "Drammenbanen", "operator": "Bane NOR", "passenger_lines": "2", "railway": "rail", "usage": "branch", "voltage": "15000", "length_km": 0.015, "maxspeed_kmh": 105.0}}, {"type": "Feature", "geometry": {"type": "LineString", "coordinates": [[10.4599329, 59.865809], [10.459812, 59.8655965], [10.4597123, 59.8653314]]}, "properties": {"electrified": "contact_line", "frequency": "16.67", "gauge": "1435", "maxspeed": "100", "name": "Drammenbanen", "operator": "Bane NOR", "passenger_lines": "2", "railway": "rail", "tunnel": "yes", "usage": "branch", "voltage": "15000", "length_km": 0.055, "maxspeed_kmh": 100.0}}, {"type": "Feature", "geometry": {"type": "LineString", "coordinates": [[10.4746392, 59.8715378], [10.4742935, 59.871337], [10.4738222, 59.8710583], [10.4735747, 59.8709184], [10.4733284, 59.8707822], [10.4730648, 59.8706499], [10.4727954, 59.8705248], [10.472577, 59.8704288], [10.472356, 59.8703367], [10.4720672, 59.8702274], [10.4717718, 59.8701236], [10.4714952, 59.8700345], [10.471216, 59.8699516], [10.4709183, 59.8698726], [10.4706157, 59.8698011], [10.4705255, 59.8697815]]}, "properties": {"electrified": "contact_line", "frequency": "16.67", "gauge": "1435", "maxspeed": "105", "name": "Drammenbanen", "operator": "Bane NOR", "passenger_lines": "2", "railway": "rail", "usage": "branch", "voltage": "15000", "length_km": 0.306, "maxspeed_kmh": 105.0}}, {"type": "Feature", "geometry": {"type": "LineString", "coordinates": [[10.4758625, 59.8722497], [10.4746392, 59.8715378]]}, "properties": {"electrified": "contact_line", "frequency": "16.67", "gauge": "1435", "maxspeed": "105", "name": "Drammenbanen", "operator": "Bane NOR", "passenger_lines": "2", "railway": "rail", "tunnel": "yes", "usage": "branch", "voltage": "15000", "length_km": 0.105, "maxspeed_kmh": 105.0}}, {"type": "Feature", "geometry": {"type": "LineString", "coordinates": [[10.4595797, 59.8653391], [10.4595355, 59.8651169], [10.4595079, 59.8649379], [10.4595009, 59.8647589], [10.4595023, 59.8646517], [10.4595037, 59.8645449], [10.4595102, 59.8644382], [10.4595217, 59.8643315], [10.4595495, 59.8641227], [10.4595909, 59.8639093], [10.4596421, 59.8636929], [10.4596974, 59.8634779], [10.4597552, 59.8632818], [10.4598225, 59.8630768], [10.4599, 59.8628568], [10.4599846, 59.8626326], [10.4600772, 59.8624151], [10.4601757, 59.8622006], [10.4603173, 59.861913], [10.4605817, 59.8613349], [10.4606053, 59.8612842], [10.4608429, 59.8607835]]}, "properties": {"electrified": "contact_line", "frequency": "16.67", "gauge": "1435", "maxspeed": "100", "name": "Drammenbanen", "operator": "Bane NOR", "passenger_lines": "2", "railway": "rail", "usage": "branch", "voltage": "15000", "length_km": 0.515, "maxspeed_kmh": 100.0}}, {"type": "Feature", "geometry": {"type": "LineString", "coordinates": [[10.4705255, 59.8697815], [10.470023, 59.8696659], [10.4695134, 59.8695714], [10.4689682, 59.8694966], [10.4673675, 59.8693211], [10.46699, 59.8692829], [10.4666677, 59.8692455], [10.4663619, 59.8692003], [10.4661739, 59.869166]]}, "properties": {"electrified": "contact_line", "frequency": "16.67", "gauge": "1435", "maxspeed": "105", "name": "Drammenbanen", "operator": "Bane NOR", "passenger_lines": "2", "railway": "rail", "tunnel": "yes", "usage": "branch", "voltage": "15000", "length_km": 0.254, "maxspeed_kmh": 105.0}}, {"type": "Feature", "geometry": {"type": "LineString", "coordinates": [[10.466142, 59.869203], [10.4658672, 59.8691464], [10.4656388, 59.8691003], [10.4654706, 59.8690654]]}, "properties": {"electrified": "contact_line", "frequency": "16.67", "gauge": "1435", "maxspeed": "105", "name": "Drammenbanen", "operator": "Bane NOR", "passenger_lines": "2", "railway": "rail", "usage": "branch", "voltage": "15000", "length_km": 0.041, "maxspeed_kmh": 105.0}}, {"type": "Feature", "geometry": {"type": "LineString", "coordinates": [[10.5038018, 59.8828983], [10.5037824, 59.8827539], [10.5037572, 59.8826293], [10.5037248, 59.8825093]]}, "properties": {"bridge": "yes", "electrified": "contact_line", "frequency": "16.67", "gauge": "1435", "maxspeed": "100", "name": "Drammenbanen", "operator": "Bane NOR", "passenger_lines": "2", "railway": "rail", "usage": "branch", "voltage": "15000", "length_km": 0.044, "maxspeed_kmh": 100.0}}, {"type": "Feature", "geometry": {"type": "LineString", "coordinates": [[10.4917653, 59.8766096], [10.4914275, 59.8765304], [10.4910852, 59.876457], [10.4904028, 59.8763078], [10.4889136, 59.8759921], [10.4878829, 59.875804], [10.4858156, 59.8754248], [10.4855813, 59.8753821]]}, "properties": {"electrified": "contact_line", "frequency": "16.67", "gauge": "1435", "maxspeed": "105", "name": "Drammenbanen", "operator": "Bane NOR", "passenger_lines": "2", "railway": "rail", "tunnel": "yes", "usage": "branch", "voltage": "15000", "length_km": 0.373, "maxspeed_kmh": 105.0}}, {"type": "Feature", "geometry": {"type": "LineString", "coordinates": [[10.4856097, 59.8753401], [10.4854254, 59.8753053], [10.4851191, 59.8752447], [10.4848297, 59.8751818], [10.484596, 59.8751266], [10.4843679, 59.8750714]]}, "properties": {"electrified": "contact_line", "frequency": "16.67", "gauge": "1435", "maxspeed": "105", "name": "Drammenbanen", "operator": "Bane NOR", "passenger_lines": "2", "railway": "rail", "usage": "branch", "voltage": "15000", "length_km": 0.076, "maxspeed_kmh": 105.0}}, {"type": "Feature", "geometry": {"type": "LineString", "coordinates": [[10.503538, 59.8826589], [10.5035219, 59.8826099], [10.5034711, 59.8824699], [10.5034113, 59.8823334], [10.5033415, 59.8821906], [10.5032609, 59.8820477], [10.5031584, 59.8818923], [10.5030551, 59.8817497], [10.5029192, 59.8815792], [10.5027708, 59.8814185], [10.5026285, 59.8812781], [10.5024773, 59.8811403], [10.5023081, 59.8809976], [10.5021282, 59.8808612], [10.5019404, 59.8807265], [10.5017364, 59.8805981], [10.5015084, 59.8804661], [10.501275, 59.8803394], [10.5009844, 59.8801946], [10.5006866, 59.880057], [10.4996202, 59.8795826]]}, "properties": {"electrified": "contact_line", "frequency": "16.67", "gauge": "1435", "maxspeed": "100", "name": "Drammenbanen", "operator": "Bane NOR", "passenger_lines": "2", "railway": "rail", "usage": "branch", "voltage": "15000", "length_km": 0.418, "maxspeed_kmh": 100.0}}, {"type": "Feature", "geometry": {"type": "LineString", "coordinates": [[10.4855813, 59.8753821], [10.4853889, 59.8753453], [10.4850841, 59.8752898], [10.4847807, 59.8752329], [10.4845507, 59.8751893], [10.4843023, 59.8751405]]}, "properties": {"electrified": "contact_line", "frequency": "16.67", "gauge": "1435", "maxspeed": "105", "name": "Drammenbanen", "operator": "Bane NOR", "passenger_lines": "2", "railway": "rail", "usage": "branch", "voltage": "15000", "length_km": 0.077, "maxspeed_kmh": 105.0}}, {"type": "Feature", "geometry": {"type": "LineString", "coordinates": [[10.5036315, 59.883111], [10.5036124, 59.8829726], [10.5035788, 59.8828148], [10.503538, 59.8826589]]}, "properties": {"bridge": "yes", "electrified": "contact_line", "frequency": "16.67", "gauge": "1435", "maxspeed": "100", "name": "Drammenbanen", "operator": "Bane NOR", "passenger_lines": "2", "railway": "rail", "usage": "branch", "voltage": "15000", "length_km": 0.051, "maxspeed_kmh": 100.0}}, {"type": "Feature", "geometry": {"type": "LineString", "coordinates": [[10.5037248, 59.8825093], [10.5036989, 59.8824085], [10.5036667, 59.8823092], [10.5035944, 59.8821542], [10.5035167, 59.8820055], [10.5034152, 59.8818523], [10.5033029, 59.8817009], [10.5031493, 59.8815225], [10.5029922, 59.8813639], [10.5028347, 59.8812214], [10.5026611, 59.8810816], [10.5024726, 59.8809408], [10.5022806, 59.8808117], [10.5020687, 59.8806803], [10.5018532, 59.8805588], [10.5016027, 59.8804273], [10.501345, 59.8803011], [10.5010486, 59.8801655], [10.5007522, 59.8800327], [10.4996737, 59.8795546]]}, "properties": {"electrified": "contact_line", "frequency": "16.67", "gauge": "1435", "maxspeed": "100", "name": "Drammenbanen", "operator": "Bane NOR", "passenger_lines": "2", "railway": "rail", "usage": "branch", "voltage": "15000", "length_km": 0.411, "maxspeed_kmh": 100.0}}, {"type": "Feature", "geometry": {"type": "LineString", "coordinates": [[10.4917941, 59.8765755], [10.4914597, 59.8764953], [10.4911183, 59.8764186], [10.4904355, 59.8762629], [10.489017, 59.8759506], [10.4870949, 59.8756161], [10.4867266, 59.8755485], [10.4856097, 59.8753401]]}, "properties": {"electrified": "contact_line", "frequency": "16.67", "gauge": "1435", "maxspeed": "105", "name": "Drammenbanen", "operator": "Bane NOR", "passenger_lines": "2", "railway": "rail", "tunnel": "yes", "usage": "branch", "voltage": "15000", "length_km": 0.373, "maxspeed_kmh": 105.0}}, {"type": "Feature", "geometry": {"type": "LineString", "coordinates": [[10.5166616, 59.8909851], [10.5164963, 59.890982], [10.5158622, 59.8909803], [10.5149815, 59.8909719]]}, "properties": {"bridge": "yes", "electrified": "contact_line", "frequency": "16.67", "gauge": "1435", "maxspeed": "80", "name": "Drammenbanen", "operator": "Bane NOR", "passenger_lines": "4", "railway": "rail", "usage": "branch", "voltage": "15000", "length_km": 0.094, "maxspeed_kmh": 80.0}}, {"type": "Feature", "geometry": {"type": "LineString", "coordinates": [[10.516708, 59.8909459], [10.5169589, 59.8909528], [10.5172226, 59.8909624], [10.5174011, 59.890971], [10.5175779, 59.8909805], [10.5177576, 59.8909916], [10.5179373, 59.8910044], [10.5180885, 59.8910158], [10.5182396, 59.8910289], [10.5183922, 59.8910418], [10.5185436, 59.8910569], [10.5186764, 59.8910704], [10.5188091, 59.8910849], [10.5189425, 59.8910996], [10.5190747, 59.8911165], [10.5192332, 59.8911367], [10.51939, 59.8911578], [10.5195477, 59.8911803], [10.5197018, 59.8912037], [10.5198236, 59.8912219], [10.519947, 59.8912418], [10.5200834, 59.891265], [10.5202183, 59.8912891]]}, "properties": {"electrified": "contact_line", "frequency": "16.67", "gauge": "1435", "maxspeed": "80", "name": "Drammenbanen", "operator": "Bane NOR", "passenger_lines": "4", "railway": "rail", "usage": "branch", "voltage": "15000", "length_km": 0.201, "maxspeed_kmh": 80.0}}, {"type": "Feature", "geometry": {"type": "LineString", "coordinates": [[10.5150221, 59.8909348], [10.515863, 59.8909405], [10.5165003, 59.8909423], [10.516708, 59.8909459]]}, "properties": {"bridge": "yes", "electrified": "contact_line", "frequency": "16.67", "gauge": "1435", "maxspeed": "80", "name": "Drammenbanen", "operator": "Bane NOR", "passenger_lines": "4", "railway": "rail", "usage": "branch", "voltage": "15000", "length_km": 0.094, "maxspeed_kmh": 80.0}}, {"type": "Feature", "geometry": {"type": "LineString", "coordinates": [[10.5201683, 59.8913308], [10.5200436, 59.8913091], [10.5199189, 59.8912882], [10.5197972, 59.8912688], [10.5196754, 59.8912495], [10.5195189, 59.8912252], [10.5193642, 59.8912028], [10.5192086, 59.8911817], [10.519053, 59.8911615], [10.5189205, 59.8911449], [10.5187901, 59.8911294], [10.5186582, 59.8911146], [10.5185273, 59.8911009], [10.5183759, 59.8910862], [10.5182235, 59.8910725], [10.5180759, 59.8910596], [10.517925, 59.8910477], [10.5177482, 59.8910343], [10.5175714, 59.8910232], [10.517391, 59.8910126], [10.5172142, 59.8910046], [10.5169544, 59.8909935], [10.5166616, 59.8909851]]}, "properties": {"electrified": "contact_line", "frequency": "16.67", "gauge": "1435", "maxspeed": "80", "name": "Drammenbanen", "operator": "Bane NOR", "passenger_lines": "4", "railway": "rail", "usage": "branch", "voltage": "15000", "length_km": 0.201, "maxspeed_kmh": 80.0}}, {"type": "Feature", "geometry": {"type": "LineString", "coordinates": [[10.6428026, 59.9140457], [10.6426784, 59.9140278], [10.6425471, 59.9140099], [10.6423184, 59.9139796], [10.6420515, 59.9139466], [10.6419157, 59.9139303], [10.6411168, 59.9138415]]}, "properties": {"electrified": "contact_line", "frequency": "16.67", "gauge": "1435", "maxspeed": "80", "name": "Drammenbanen", "operator": "Bane NOR", "passenger_lines": "4", "railway": "rail", "usage": "branch", "voltage": "15000", "length_km": 0.097, "maxspeed_kmh": 80.0}}, {"type": "Feature", "geometry": {"type": "LineString", "coordinates": [[10.4401361, 59.8380871], [10.4389455, 59.8365783], [10.4387806, 59.8363751], [10.438613, 59.8362086], [10.4383166, 59.8359613], [10.4380803, 59.8357889], [10.4377788, 59.8355947], [10.4374484, 59.8353816]]}, "properties": {"electrified": "contact_line", "frequency": "16.67", "gauge": "1435", "name": "Drammenbanen", "operator": "Bane NOR", "passenger_lines": "2", "railway": "rail", "tunnel": "yes", "usage": "branch", "voltage": "15000", "length_km": 0.339}}, {"type": "Feature", "geometry": {"type": "LineString", "coordinates": [[10.5226939, 59.8919549], [10.5229461, 59.8920315]]}, "properties": {"electrified": "contact_line", "frequency": "16.67", "gauge": "1435", "maxspeed": "80", "name": "Drammenbanen", "railway": "rail", "usage": "branch", "voltage": "15000", "length_km": 0.017, "maxspeed_kmh": 80.0}}, {"type": "Feature", "geometry": {"type": "LineString", "coordinates": [[10.5202183, 59.8912891], [10.5204434, 59.8913311], [10.520619, 59.8913649], [10.5207967, 59.891401], [10.5209782, 59.8914396], [10.5211541, 59.8914796], [10.5213411, 59.8915232], [10.5215194, 59.8915666], [10.5217016, 59.8916122], [10.521882, 59.891659], [10.5220471, 59.8917045], [10.5222134, 59.891752], [10.5223792, 59.8918006], [10.5225424, 59.8918504], [10.5227396, 59.8919116]]}, "properties": {"bridge": "yes", "electrified": "contact_line", "frequency": "16.67", "gauge": "1435", "maxspeed": "80", "name": "Drammenbanen", "operator": "Bane NOR", "passenger_lines": "4", "railway": "rail", "usage": "branch", "voltage": "15000", "length_km": 0.158, "maxspeed_kmh": 80.0}}, {"type": "Feature", "geometry": {"type": "LineString", "coordinates": [[10.5074646, 59.8906223], [10.5072263, 59.8905983], [10.5070657, 59.8905792], [10.5069073, 59.8905586], [10.5067522, 59.8905369], [10.5065968, 59.8905119], [10.5064705, 59.8904898], [10.5063479, 59.8904666], [10.5062231, 59.8904421], [10.5061008, 59.8904169], [10.5059783, 59.8903893], [10.505863, 59.8903617], [10.5057461, 59.8903322], [10.5056305, 59.8903021], [10.5055239, 59.8902725], [10.5054201, 59.8902425], [10.5053169, 59.8902111], [10.5052169, 59.8901793], [10.5051042, 59.8901414], [10.5049926, 59.8901026], [10.504883, 59.8900633], [10.5047755, 59.8900222], [10.5046463, 59.8899701], [10.5045214, 59.8899176], [10.5043988, 59.8898631], [10.5042798, 59.8898075], [10.5041824, 59.8897598], [10.5040885, 59.8897121], [10.5039981, 59.8896633], [10.5039102, 59.889614], [10.5038132, 59.8895569], [10.5037199, 59.8894998], [10.5036236, 59.8894359], [10.5035426, 59.8893803], [10.5034551, 59.8893167], [10.5033714, 59.889254], [10.5032847, 59.8891832], [10.5032105, 59.8891211], [10.5031326, 59.8890491], [10.5030584, 59.8889771], [10.5029816, 59.8888991], [10.5029168, 59.8888278], [10.5028567, 59.8887567], [10.5028025, 59.8886845], [10.5027505, 59.8886125], [10.5026986, 59.8885386], [10.5026487, 59.8884565], [10.5026008, 59.8883743], [10.5025615, 59.8882946], [10.5025261, 59.888215], [10.5024939, 59.8881366], [10.5024731, 59.88806], [10.5024347, 59.8878959], [10.5023983, 59.8877447], [10.5023674, 59.8875926], [10.5023237, 59.8873395], [10.5023093, 59.8872137], [10.5022949, 59.887088], [10.5022865, 59.8869539], [10.5022833, 59.8868185], [10.5022897, 59.8866923], [10.5023013, 59.8865675], [10.5023238, 59.8864202], [10.5023568, 59.886273], [10.5024057, 59.8860991], [10.5024676, 59.8859252], [10.5025173, 59.8858125], [10.5025613, 59.8857141], [10.5026299, 59.8855732], [10.502751, 59.8853516], [10.5028851, 59.8851313], [10.5031251, 59.8847705], [10.5032435, 59.8845929], [10.5033515, 59.884414], [10.5034293, 59.8842703], [10.5034891, 59.8841256], [10.5035822, 59.8838229], [10.5036141, 59.8836755], [10.5036366, 59.8835318], [10.5036425, 59.8833922], [10.5036393, 59.8832527], [10.5036315, 59.883111]]}, "properties": {"electrified": "contact_line", "frequency": "16.67", "gauge": "1435", "maxspeed": "100", "name": "Drammenbanen", "operator": "Bane NOR", "passenger_lines": "2", "railway": "rail", "usage": "branch", "voltage": "15000", "length_km": 0.988, "maxspeed_kmh": 100.0}}, {"type": "Feature", "geometry": {"type": "LineString", "coordinates": [[10.5038018, 59.8828983], [10.5038063, 59.8829691], [10.5038053, 59.8831124], [10.5037964, 59.883253], [10.5037808, 59.8833938], [10.5037581, 59.8835347], [10.5037229, 59.8836804], [10.5036787, 59.8838253], [10.5035689, 59.8841365], [10.5035084, 59.8842815], [10.5034407, 59.8844292], [10.503268, 59.8847918], [10.5030935, 59.8851622], [10.5028834, 59.8856018], [10.5028183, 59.8857432], [10.5027194, 59.8859506], [10.5026345, 59.8861205], [10.5025602, 59.8862944], [10.5025033, 59.8864355], [10.5024568, 59.8865754], [10.5024252, 59.8866992], [10.502404, 59.8868243], [10.5023944, 59.8869535], [10.5023927, 59.8870867], [10.5024055, 59.8872105], [10.5024287, 59.8873369], [10.5024944, 59.8875868], [10.5025446, 59.8877384], [10.5025986, 59.8878862], [10.5026507, 59.888053], [10.5026756, 59.8881267], [10.5027044, 59.8881995], [10.5027361, 59.888278], [10.5027697, 59.8883605], [10.5028023, 59.888439], [10.5028434, 59.888515], [10.5028836, 59.8885909], [10.5029294, 59.8886648], [10.5029761, 59.888735], [10.5030285, 59.8888042], [10.5030925, 59.8888792], [10.5031584, 59.8889524], [10.5032267, 59.8890252], [10.5032988, 59.8890941], [10.503374, 59.8891616], [10.5034532, 59.8892282], [10.5035346, 59.8892933], [10.503618, 59.8893546], [10.5037051, 59.8894147], [10.5037945, 59.8894748], [10.5038888, 59.8895327], [10.5039866, 59.8895911], [10.5040719, 59.8896386], [10.5041596, 59.889686], [10.5042488, 59.8897315], [10.5043404, 59.8897757], [10.5044576, 59.8898314], [10.5045777, 59.889886], [10.5046993, 59.8899364], [10.5048289, 59.8899875], [10.5049319, 59.8900262], [10.5050371, 59.8900645], [10.5051484, 59.8901028], [10.5052632, 59.8901407], [10.5053627, 59.8901727], [10.5054629, 59.8902023], [10.5055649, 59.8902318], [10.5056734, 59.8902622], [10.5057839, 59.8902922], [10.5058992, 59.8903204], [10.5060166, 59.890347], [10.5061375, 59.8903742], [10.5062568, 59.8904001], [10.5063785, 59.8904242], [10.5065043, 59.8904475], [10.5066302, 59.8904689], [10.5067842, 59.8904935], [10.5069313, 59.8905148], [10.5070869, 59.8905359], [10.507245, 59.8905544], [10.5074818, 59.8905805], [10.5078864, 59.8906218]]}, "properties": {"electrified": "contact_line", "frequency": "16.67", "gauge": "1435", "maxspeed": "100", "name": "Drammenbanen", "operator": "Bane NOR", "passenger_lines": "2", "railway": "rail", "usage": "branch", "voltage": "15000", "length_km": 1.026, "maxspeed_kmh": 100.0}}, {"type": "Feature", "geometry": {"type": "LineString", "coordinates": [[10.5227396, 59.8919116], [10.5229451, 59.8919742]]}, "properties": {"electrified": "contact_line", "frequency": "16.67", "gauge": "1435", "maxspeed": "80", "name": "Drammenbanen", "operator": "Bane NOR", "railway": "rail", "usage": "branch", "voltage": "15000", "length_km": 0.013, "maxspeed_kmh": 80.0}}, {"type": "Feature", "geometry": {"type": "LineString", "coordinates": [[10.6412014, 59.9137029], [10.6414019, 59.9137369], [10.6419674, 59.9138395], [10.642086, 59.9138616], [10.6423576, 59.9139083], [10.642586, 59.9139453], [10.6427109, 59.9139655], [10.6428379, 59.9139849]]}, "properties": {"electrified": "contact_line", "frequency": "16.67", "gauge": "1435", "maxspeed": "80", "name": "Drammenbanen", "operator": "Bane NOR", "passenger_lines": "4", "railway": "rail", "usage": "branch", "voltage": "15000", "length_km": 0.097, "maxspeed_kmh": 80.0}}, {"type": "Feature", "geometry": {"type": "LineString", "coordinates": [[10.6393425, 59.9134243], [10.6396712, 59.9134718], [10.6400342, 59.913526], [10.6403337, 59.9135713], [10.6412014, 59.9137029]]}, "properties": {"bridge": "yes", "electrified": "contact_line", "frequency": "16.67", "gauge": "1435", "maxspeed": "80", "name": "Drammenbanen", "operator": "Bane NOR", "passenger_lines": "4", "railway": "rail", "usage": "branch", "voltage": "15000", "length_km": 0.109, "maxspeed_kmh": 80.0}}, {"type": "Feature", "geometry": {"type": "LineString", "coordinates": [[10.6042472, 59.9072443], [10.6038168, 59.9071463], [10.6030906, 59.9069878], [10.6014848, 59.9066414], [10.6008035, 59.906494], [10.6006318, 59.9064566], [10.6004634, 59.9064175], [10.6002976, 59.906378], [10.6001351, 59.9063377], [10.5998899, 59.9062756], [10.5994887, 59.9061655], [10.5993244, 59.9061178], [10.5991619, 59.9060684], [10.5990089, 59.9060206], [10.5988451, 59.905967], [10.5985859, 59.9058783], [10.5983317, 59.9057853], [10.5980818, 59.9056913], [10.597837, 59.9055939], [10.5976116, 59.9054973], [10.5973676, 59.9053894], [10.5971131, 59.9052682], [10.5968653, 59.9051462], [10.596318, 59.9048682], [10.5958814, 59.9046489], [10.5954706, 59.9044551], [10.5952053, 59.9043391], [10.5949143, 59.9042177], [10.5946244, 59.9041013], [10.5943277, 59.9039884], [10.5941634, 59.9039286], [10.5939982, 59.9038693], [10.5938353, 59.9038135], [10.5936607, 59.9037553], [10.5933773, 59.9036652], [10.5930907, 59.9035775], [10.5928709, 59.9035127], [10.5926435, 59.9034488], [10.592417, 59.9033888], [10.5921849, 59.9033297], [10.5918496, 59.903248], [10.5915125, 59.9031682], [10.5910063, 59.903054], [10.5899656, 59.9028166], [10.5890571, 59.9026141], [10.5874732, 59.9022587]]}, "properties": {"electrified": "contact_line", "frequency": "16.67", "gauge": "1435", "maxspeed": "105", "name": "Drammenbanen", "operator": "Bane NOR", "passenger_lines": "2", "railway": "rail", "usage": "branch", "voltage": "15000", "length_km": 1.101, "maxspeed_kmh": 105.0}}, {"type": "Feature", "geometry": {"type": "LineString", "coordinates": [[10.5874732, 59.9022587], [10.5860646, 59.901943], [10.5853681, 59.9017858], [10.5850064, 59.9017044], [10.584321, 59.9015458], [10.5834355, 59.9013379], [10.5824465, 59.9011181], [10.5802824, 59.9006059], [10.5797496, 59.900481], [10.5792901, 59.9003723], [10.5789398, 59.9002881], [10.5785444, 59.9001844], [10.57815, 59.900075], [10.5777602, 59.8999614], [10.5770586, 59.8997463]]}, "properties": {"electrified": "contact_line", "frequency": "16.67", "gauge": "1435", "maxspeed": "105", "name": "Drammenbanen", "operator": "Bane NOR", "passenger_lines": "2", "railway": "rail", "usage": "branch", "voltage": "15000", "length_km": 0.647, "maxspeed_kmh": 105.0}}, {"type": "Feature", "geometry": {"type": "LineString", "coordinates": [[10.5771342, 59.8996646], [10.5778706, 59.8998458], [10.5782737, 59.8999425], [10.5794319, 59.9002131], [10.5804183, 59.9004433], [10.5826004, 59.900954], [10.5835893, 59.9011766], [10.5844715, 59.9013852], [10.585156, 59.901551], [10.5855127, 59.9016393], [10.585846, 59.901725], [10.5861772, 59.9018129], [10.5869005, 59.9020053], [10.5877338, 59.9022256]]}, "properties": {"electrified": "contact_line", "frequency": "16.67", "gauge": "1435", "maxspeed": "105", "name": "Drammenbanen", "operator": "Bane NOR", "passenger_lines": "2", "railway": "rail", "usage": "branch", "voltage": "15000", "length_km": 0.659, "maxspeed_kmh": 105.0}}, {"type": "Feature", "geometry": {"type": "LineString", "coordinates": [[10.5758915, 59.8994129], [10.5757089, 59.8993719], [10.5755232, 59.899333], [10.5753386, 59.8992969], [10.575152, 59.8992634], [10.5749927, 59.8992371], [10.5748334, 59.899213], [10.5746733, 59.8991912], [10.5745133, 59.8991716], [10.5742943, 59.8991461], [10.5740839, 59.8991264], [10.5739221, 59.8991136], [10.5737637, 59.8991025], [10.573602, 59.8990932], [10.5734419, 59.8990855], [10.5732964, 59.8990812], [10.5731577, 59.8990778], [10.573013, 59.8990748], [10.5728701, 59.8990743], [10.5725248, 59.8990759], [10.5721829, 59.89908], [10.5701795, 59.8991103]]}, "properties": {"electrified": "contact_line", "frequency": "16.67", "gauge": "1435", "maxspeed": "95", "name": "Drammenbanen", "operator": "Bane NOR", "passenger_lines": "2", "railway": "rail", "usage": "branch", "voltage": "15000", "length_km": 0.325, "maxspeed_kmh": 95.0}}, {"type": "Feature", "geometry": {"type": "LineString", "coordinates": [[10.5510321, 59.8972227], [10.5508062, 59.8972557]]}, "properties": {"bridge": "yes", "electrified": "contact_line", "frequency": "16.67", "gauge": "1435", "name": "Drammenbanen", "operator": "Bane NOR", "passenger_lines": "2", "railway": "rail", "usage": "branch", "voltage": "15000", "length_km": 0.013}}, {"type": "Feature", "geometry": {"type": "LineString", "coordinates": [[10.552846, 59.8970513], [10.5530465, 59.8970505], [10.5532043, 59.8970518], [10.5533621, 59.8970546], [10.5535147, 59.8970595], [10.5536672, 59.8970664], [10.5538185, 59.8970736], [10.5539711, 59.8970828], [10.5541235, 59.8970938], [10.55428, 59.8971068], [10.5544344, 59.8971208], [10.5545889, 59.8971375], [10.5547636, 59.8971594], [10.5549263, 59.89718], [10.5550875, 59.8972028], [10.5551806, 59.8972168], [10.5553282, 59.8972401], [10.5554869, 59.8972674], [10.5556486, 59.8972977], [10.5558057, 59.8973288], [10.5559644, 59.8973622], [10.5561236, 59.8973977], [10.5562814, 59.8974362], [10.5564368, 59.8974766], [10.5565923, 59.8975177], [10.5568332, 59.8975886]]}, "properties": {"electrified": "contact_line", "frequency": "16.67", "gauge": "1435", "maxspeed": "90", "name": "Drammenbanen", "operator": "Bane NOR", "passenger_lines": "2", "railway": "rail", "usage": "branch", "voltage": "15000", "length_km": 0.234, "maxspeed_kmh": 90.0}}, {"type": "Feature", "geometry": {"type": "LineString", "coordinates": [[10.5507833, 59.8972196], [10.5510124, 59.8971856]]}, "properties": {"bridge": "yes", "electrified": "contact_line", "frequency": "16.67", "gauge": "1435", "maxspeed": "90", "name": "Drammenbanen", "operator": "Bane NOR", "passenger_lines": "2", "railway": "rail", "usage": "branch", "voltage": "15000", "length_km": 0.013, "maxspeed_kmh": 90.0}}, {"type": "Feature", "geometry": {"type": "LineString", "coordinates": [[10.5699718, 59.8990745], [10.5701777, 59.8990721]]}, "properties": {"bridge": "yes", "electrified": "contact_line", "frequency": "16.67", "gauge": "1435", "maxspeed": "95", "name": "Drammenbanen", "operator": "Bane NOR", "passenger_lines": "2", "railway": "rail", "usage": "branch", "voltage": "15000", "length_km": 0.012, "maxspeed_kmh": 95.0}}, {"type": "Feature", "geometry": {"type": "LineString", "coordinates": [[10.5567648, 59.8976384], [10.5565398, 59.8975823], [10.55638, 59.8975473], [10.5562217, 59.8975153], [10.5560597, 59.897484], [10.5559007, 59.8974566], [10.5557368, 59.8974283], [10.5555729, 59.8974029], [10.5554161, 59.8973791], [10.5552593, 59.8973568], [10.5550205, 59.8973251], [10.5545312, 59.8972608], [10.5542267, 59.8972245], [10.5539266, 59.8971905], [10.5537831, 59.8971743], [10.5536422, 59.89716], [10.5535, 59.8971475], [10.5533604, 59.8971362], [10.5531998, 59.8971262], [10.5530452, 59.8971191], [10.5528342, 59.8971127]]}, "properties": {"electrified": "contact_line", "frequency": "16.67", "gauge": "1435", "maxspeed": "75", "name": "Drammenbanen", "operator": "Bane NOR", "passenger_lines": "2", "railway": "rail", "usage": "branch", "voltage": "15000", "length_km": 0.229, "maxspeed_kmh": 75.0}}, {"type": "Feature", "geometry": {"type": "LineString", "coordinates": [[10.5701795, 59.8991103], [10.5699736, 59.8991141]]}, "properties": {"bridge": "yes", "electrified": "contact_line", "frequency": "16.67", "gauge": "1435", "maxspeed": "95", "name": "Drammenbanen", "operator": "Bane NOR", "passenger_lines": "2", "railway": "rail", "usage": "branch", "voltage": "15000", "length_km": 0.012, "maxspeed_kmh": 95.0}}, {"type": "Feature", "geometry": {"type": "LineString", "coordinates": [[10.6591742, 59.9180542], [10.6589649, 59.9179588]]}, "properties": {"bridge": "yes", "electrified": "contact_line", "frequency": "16.67", "gauge": "1435", "maxspeed": "90", "name": "Drammenbanen", "operator": "Bane NOR", "passenger_lines": "2", "railway": "rail", "usage": "main", "voltage": "15000", "length_km": 0.016, "maxspeed_kmh": 90.0}}, {"type": "Feature", "geometry": {"type": "LineString", "coordinates": [[10.6590179, 59.9179327], [10.659222, 59.9180231]]}, "properties": {"bridge": "yes", "electrified": "contact_line", "frequency": "16.67", "gauge": "1435", "maxspeed": "90", "name": "Drammenbanen", "operator": "Bane NOR", "passenger_lines": "2", "railway": "rail", "usage": "main", "voltage": "15000", "length_km": 0.015, "maxspeed_kmh": 90.0}}, {"type": "Feature", "geometry": {"type": "LineString", "coordinates": [[10.6797125, 59.9220849], [10.6808708, 59.9217711], [10.681766, 59.9215303], [10.6823848, 59.9213639], [10.683107, 59.9211716], [10.6835593, 59.9210488], [10.6838567, 59.9209674], [10.6839799, 59.9209329], [10.6841049, 59.9208965], [10.6842308, 59.9208598], [10.6843532, 59.9208222], [10.6844873, 59.9207808], [10.6846197, 59.9207376], [10.684753, 59.920694], [10.6848827, 59.9206495], [10.6850017, 59.9206092], [10.6851243, 59.9205689], [10.6852513, 59.9205276], [10.685382, 59.9204873], [10.6856033, 59.9204189], [10.6857231, 59.9203823], [10.6858439, 59.9203464]]}, "properties": {"electrified": "contact_line", "frequency": "16.67", "gauge": "1435", "name": "Drammenbanen", "passenger_lines": "4", "railway": "rail", "usage": "main", "voltage": "15000", "length_km": 0.394}}, {"type": "Feature", "geometry": {"type": "LineString", "coordinates": [[10.6749716, 59.9231949], [10.674938, 59.9231967], [10.6747379, 59.9232049], [10.6745931, 59.9232103], [10.674447, 59.9232151], [10.6742711, 59.9232166], [10.6740951, 59.923218], [10.6739171, 59.9232175], [10.6737472, 59.9232148], [10.6734363, 59.9232066], [10.6731337, 59.9231921], [10.6729055, 59.9231781], [10.6726772, 59.9231607], [10.6724489, 59.9231405], [10.6722229, 59.9231179], [10.6719985, 59.9230919], [10.6717741, 59.9230628], [10.6715594, 59.9230317], [10.6713447, 59.9229981], [10.6710559, 59.9229472], [10.6707712, 59.9228921], [10.6705283, 59.922839], [10.6702854, 59.9227829], [10.6700763, 59.9227307], [10.6698774, 59.9226776], [10.6696795, 59.9226214], [10.6694877, 59.9225641], [10.6692964, 59.9225039], [10.6691105, 59.9224415], [10.6689273, 59.9223766], [10.6687495, 59.9223096], [10.6685559, 59.9222328], [10.6683655, 59.9221545], [10.6681758, 59.9220742], [10.6679893, 59.921993], [10.6671889, 59.9216356], [10.6655819, 59.9209161], [10.663906, 59.9201679], [10.6631131, 59.9198142], [10.6623319, 59.9194653], [10.6621545, 59.9193863]]}, "properties": {"electrified": "contact_line", "frequency": "16.67", "gauge": "1435", "maxspeed": "90", "name": "Drammenbanen", "operator": "Bane NOR", "passenger_lines": "3", "railway": "rail", "usage": "main", "voltage": "15000", "length_km": 0.863, "maxspeed_kmh": 90.0}}, {"type": "Feature", "geometry": {"type": "LineString", "coordinates": [[10.6855093, 59.9205389], [10.6850623, 59.920682], [10.6847244, 59.9207818], [10.684454, 59.9208562], [10.6841724, 59.9209311], [10.6838954, 59.9210064], [10.6835908, 59.921088], [10.6832038, 59.9211931], [10.6824225, 59.9214021], [10.6818002, 59.9215687], [10.6809083, 59.9218073], [10.6797547, 59.9221205]]}, "properties": {"electrified": "contact_line", "frequency": "16.67", "gauge": "1435", "maxspeed": "80", "name": "Drammenbanen", "passenger_lines": "4", "railway": "rail", "usage": "main", "voltage": "15000", "length_km": 0.367, "maxspeed_kmh": 80.0}}, {"type": "Feature", "geometry": {"type": "LineString", "coordinates": [[10.6616184, 59.9190602], [10.6624684, 59.9193874], [10.6633059, 59.9197111], [10.6641441, 59.9200331], [10.6644765, 59.9201628], [10.6647431, 59.9202695], [10.6648758, 59.9203241], [10.6650098, 59.9203797], [10.6654704, 59.9205765], [10.6658959, 59.9207641], [10.6674798, 59.9214722], [10.6682791, 59.9218254], [10.668468, 59.9219054], [10.6686583, 59.9219831], [10.6688495, 59.9220584], [10.6690455, 59.922132], [10.6692159, 59.9221938], [10.6693872, 59.9222542], [10.6695615, 59.9223136], [10.6697406, 59.9223715], [10.6699198, 59.9224281], [10.6701031, 59.9224836], [10.6702894, 59.9225382], [10.6704798, 59.9225917], [10.6706988, 59.9226503], [10.670926, 59.9227068], [10.6711979, 59.9227706], [10.671484, 59.9228303], [10.6716776, 59.9228679], [10.6718774, 59.9229026], [10.6720791, 59.9229346], [10.672285, 59.9229636], [10.6725387, 59.9229944], [10.6728036, 59.9230219], [10.6729833, 59.9230383], [10.6731671, 59.9230509], [10.6732784, 59.9230579], [10.6734249, 59.9230648]]}, "properties": {"electrified": "contact_line", "frequency": "16.67", "gauge": "1435", "maxspeed": "80", "name": "Drammenbanen", "operator": "Bane NOR", "passenger_lines": "3", "railway": "rail", "usage": "main", "voltage": "15000", "length_km": 0.808, "maxspeed_kmh": 80.0}}, {"type": "Feature", "geometry": {"type": "LineString", "coordinates": [[10.6734249, 59.9230648], [10.6739013, 59.9230868], [10.6741665, 59.9230977], [10.6744353, 59.923104], [10.6745917, 59.9231034], [10.674788, 59.9230992], [10.6749541, 59.9230907], [10.6750425, 59.923086], [10.6751338, 59.9230796], [10.6752166, 59.9230717], [10.6753408, 59.9230594], [10.6754665, 59.9230455], [10.6757288, 59.9230126], [10.6760001, 59.9229725], [10.6762342, 59.9229338]]}, "properties": {"electrified": "contact_line", "frequency": "16.67", "gauge": "1435", "maxspeed": "50", "name": "Drammenbanen", "passenger_lines": "4", "railway": "rail", "usage": "main", "voltage": "15000", "length_km": 0.16, "maxspeed_kmh": 50.0}}, {"type": "Feature", "geometry": {"type": "LineString", "coordinates": [[10.2111415, 59.7374394], [10.2109811, 59.7375065], [10.2108218, 59.7375743], [10.2106547, 59.7376507], [10.2104958, 59.7377292], [10.2102479, 59.737857]]}, "properties": {"electrified": "contact_line", "frequency": "16.67", "gauge": "1435", "maxspeed": "40", "name": "Drammenbanen", "operator": "Bane NOR", "passenger_lines": "2", "railway": "rail", "usage": "main", "voltage": "15000", "length_km": 0.069, "maxspeed_kmh": 40.0}}, {"type": "Feature", "geometry": {"type": "LineString", "coordinates": [[10.2068649, 59.7393296], [10.2070371, 59.7392705], [10.2072071, 59.739211], [10.2073125, 59.7391736], [10.207474, 59.7391188], [10.2076339, 59.739062], [10.2077275, 59.7390258], [10.2078393, 59.7389822]]}, "properties": {"electrified": "contact_line", "frequency": "16.67", "gauge": "1435", "maxspeed": "50", "name": "Drammenbanen", "operator": "Bane NOR", "railway": "rail", "service": "siding", "voltage": "15000", "length_km": 0.067, "maxspeed_kmh": 50.0}}, {"type": "Feature", "geometry": {"type": "LineString", "coordinates": [[10.2071478, 59.7393772], [10.2073522, 59.73928], [10.2074854, 59.7392139], [10.2075943, 59.7391587], [10.2079479, 59.7389803]]}, "properties": {"electrified": "contact_line", "frequency": "16.67", "gauge": "1435", "maxspeed": "50", "name": "Drammenbanen", "operator": "Bane NOR", "passenger_lines": "4", "railway": "rail", "usage": "main", "voltage": "15000", "length_km": 0.063, "maxspeed_kmh": 50.0}}, {"type": "Feature", "geometry": {"type": "LineString", "coordinates": [[10.2085534, 59.7387406], [10.2080068, 59.7390137]]}, "properties": {"electrified": "contact_line", "frequency": "16.67", "gauge": "1435", "maxspeed": "50", "name": "Drammenbanen", "operator": "Bane NOR", "passenger_lines": "4", "railway": "rail", "usage": "main", "voltage": "15000", "length_km": 0.043, "maxspeed_kmh": 50.0}}, {"type": "Feature", "geometry": {"type": "LineString", "coordinates": [[10.2848352, 59.7618823], [10.288043, 59.7627725], [10.2887082, 59.7629572], [10.2893757, 59.7631435], [10.2895687, 59.7631975], [10.2897192, 59.7632405], [10.2899656, 59.7633116], [10.2902, 59.7633815], [10.290448, 59.7634562], [10.290652, 59.763519], [10.2908541, 59.7635824], [10.2910794, 59.7636544], [10.2912781, 59.7637191], [10.2914724, 59.7637844], [10.2916823, 59.7638566], [10.2918079, 59.7639014]]}, "properties": {"electrified": "contact_line", "frequency": "16.67", "gauge": "1435", "maxspeed": "130", "name": "Drammenbanen", "operator": "Bane NOR", "passenger_lines": "2", "railway": "rail", "usage": "main", "voltage": "15000", "length_km": 0.452, "maxspeed_kmh": 130.0}}, {"type": "Feature", "geometry": {"type": "LineString", "coordinates": [[10.6392205, 59.9136479], [10.6390786, 59.9136396], [10.6389307, 59.9136313], [10.6387843, 59.9136242], [10.6386409, 59.9136185], [10.638468, 59.9136124], [10.6382951, 59.9136078], [10.6381237, 59.9136042], [10.6379508, 59.913603], [10.6377738, 59.9136037], [10.6375963, 59.9136046], [10.6374167, 59.9136064], [10.6372433, 59.9136107], [10.6370778, 59.9136139], [10.6369152, 59.9136178], [10.6367534, 59.9136225], [10.636593, 59.9136287], [10.6364442, 59.9136375], [10.6362967, 59.9136477], [10.6361478, 59.9136583], [10.6360034, 59.9136712], [10.6358476, 59.9136841], [10.6356947, 59.9136986], [10.6355433, 59.9137142], [10.6353949, 59.9137305], [10.6350439, 59.9137746]]}, "properties": {"electrified": "contact_line", "frequency": "16.67", "gauge": "1435", "maxspeed": "80", "name": "Drammenbanen", "operator": "Bane NOR", "passenger_lines": "4", "railway": "rail", "usage": "branch", "voltage": "15000", "length_km": 0.236, "maxspeed_kmh": 80.0}}, {"type": "Feature", "geometry": {"type": "LineString", "coordinates": [[10.6744858, 59.9231607], [10.6744412, 59.9231624], [10.6742667, 59.9231678], [10.6740949, 59.9231711], [10.6739203, 59.9231723], [10.6737499, 59.9231714], [10.6735238, 59.9231661], [10.6733293, 59.9231582], [10.6732106, 59.9231533], [10.6730924, 59.9231473], [10.672917, 59.9231358], [10.6726997, 59.9231191], [10.6722392, 59.9230756], [10.6720161, 59.9230493], [10.6718008, 59.9230203], [10.6715866, 59.9229889], [10.6713776, 59.9229562], [10.6710926, 59.9229059], [10.6708136, 59.9228516], [10.6705685, 59.9227992], [10.6703275, 59.9227438], [10.6701232, 59.9226931], [10.669925, 59.9226403], [10.6697299, 59.9225844], [10.6695368, 59.9225275], [10.6693483, 59.9224681], [10.6691636, 59.9224068], [10.6689814, 59.9223437], [10.6688028, 59.9222781], [10.6686048, 59.9222013], [10.668413, 59.9221229], [10.6682253, 59.9220433], [10.6680407, 59.9219637], [10.667241, 59.9216071], [10.6656326, 59.9208893], [10.6639568, 59.9201401], [10.6631663, 59.9197869], [10.6627986, 59.9196216], [10.6626887, 59.9195725]]}, "properties": {"electrified": "contact_line", "frequency": "16.67", "gauge": "1435", "name": "Drammenbanen", "passenger_lines": "3", "railway": "rail", "usage": "main", "voltage": "15000", "length_km": 0.796}}, {"type": "Feature", "geometry": {"type": "LineString", "coordinates": [[10.6338997, 59.9137524], [10.6346356, 59.9135917], [10.6347862, 59.9135592], [10.6349409, 59.9135278], [10.6350975, 59.9134976], [10.6352573, 59.9134684], [10.6354142, 59.9134432], [10.6355745, 59.9134196], [10.635734, 59.9133977], [10.6358968, 59.9133784], [10.6360518, 59.9133601], [10.6362051, 59.9133452], [10.6363634, 59.9133316], [10.6365217, 59.9133196], [10.6366903, 59.9133098], [10.6368624, 59.9133008], [10.637036, 59.9132948], [10.637213, 59.9132904], [10.6373999, 59.9132887], [10.6375907, 59.9132896], [10.6377815, 59.9132934], [10.6379737, 59.9132992], [10.6381544, 59.9133078], [10.6383351, 59.9133194], [10.6385144, 59.9133321], [10.6386981, 59.9133485], [10.6388587, 59.9133639], [10.6390192, 59.9133815], [10.6391787, 59.9134013], [10.6393425, 59.9134243]]}, "properties": {"electrified": "contact_line", "frequency": "16.67", "gauge": "1435", "maxspeed": "80", "name": "Drammenbanen", "operator": "Bane NOR", "passenger_lines": "4", "railway": "rail", "usage": "branch", "voltage": "15000", "length_km": 0.315, "maxspeed_kmh": 80.0}}, {"type": "Feature", "geometry": {"type": "LineString", "coordinates": [[10.4367301, 59.8349221], [10.4363179, 59.8346626]]}, "properties": {"electrified": "contact_line", "frequency": "16.67", "gauge": "1435", "maxspeed": "80", "name": "Drammenbanen", "operator": "Bane NOR", "passenger_lines": "2", "railway": "rail", "tunnel": "yes", "usage": "branch", "voltage": "15000", "length_km": 0.037, "maxspeed_kmh": 80.0}}, {"type": "Feature", "geometry": {"type": "LineString", "coordinates": [[10.4374482, 59.8353353], [10.436828, 59.8349101], [10.4366458, 59.8347874]]}, "properties": {"electrified": "contact_line", "frequency": "16.67", "gauge": "1435", "maxspeed": "80", "name": "Drammenbanen", "operator": "Bane NOR", "passenger_lines": "2", "railway": "rail", "tunnel": "yes", "usage": "branch", "voltage": "15000", "length_km": 0.076, "maxspeed_kmh": 80.0}}, {"type": "Feature", "geometry": {"type": "LineString", "coordinates": [[10.5508062, 59.8972557], [10.5506226, 59.8972858], [10.5504403, 59.8973179], [10.550282, 59.8973481], [10.5501276, 59.8973803], [10.5499712, 59.8974145], [10.5498168, 59.8974495], [10.5496566, 59.8974876], [10.5495002, 59.8975266], [10.5493419, 59.8975675], [10.5491836, 59.8976094], [10.5483859, 59.8978178], [10.5480487, 59.8979033], [10.547881, 59.8979441], [10.5477115, 59.8979849], [10.5475686, 59.8980173], [10.5474258, 59.8980488], [10.5472829, 59.8980783], [10.5471381, 59.8981069], [10.5470007, 59.8981327], [10.5468613, 59.8981576], [10.5467161, 59.898181], [10.546571, 59.8982035], [10.5464322, 59.8982239], [10.5462934, 59.8982423], [10.5461518, 59.8982603], [10.5460121, 59.8982763], [10.5458454, 59.8982936], [10.5456787, 59.8983081], [10.545512, 59.8983225], [10.5453453, 59.898334], [10.5451815, 59.8983437], [10.5450177, 59.8983521], [10.5448513, 59.8983589], [10.5446866, 59.8983641], [10.5445344, 59.8983663], [10.5443822, 59.8983677], [10.54423, 59.898367], [10.5440778, 59.8983654], [10.5439242, 59.8983611], [10.5437723, 59.898356], [10.5436221, 59.8983492], [10.543472, 59.8983407], [10.5433156, 59.8983304], [10.5431625, 59.8983184], [10.5430078, 59.8983051], [10.5428548, 59.8982901], [10.5426825, 59.8982707], [10.5425101, 59.8982504], [10.5423384, 59.8982274], [10.5421735, 59.8982036], [10.5420082, 59.8981782], [10.5418441, 59.8981504], [10.5416851, 59.8981219], [10.5415249, 59.898091], [10.5413652, 59.8980575], [10.5412075, 59.898022], [10.5410509, 59.897986], [10.5409003, 59.8979489], [10.5407575, 59.8979126], [10.5406168, 59.8978753], [10.540477, 59.8978359], [10.5403393, 59.8977955], [10.5402035, 59.8977535], [10.5400737, 59.8977115], [10.5399464, 59.8976692], [10.539812, 59.8976232], [10.5392942, 59.8974446], [10.5382672, 59.8970817], [10.5376354, 59.896861], [10.5369122, 59.8966178], [10.53626, 59.8964045], [10.5354313, 59.8961305], [10.5348525, 59.8959386], [10.5339327, 59.8956347], [10.5326143, 59.8951986], [10.5320892, 59.8950265], [10.5313679, 59.8947866], [10.5307841, 59.8945941], [10.5296637, 59.8942218], [10.5285652, 59.8938589]]}, "properties": {"electrified": "contact_line", "frequency": "16.67", "gauge": "1435", "maxspeed": "80", "name": "Drammenbanen", "operator": "Bane NOR", "passenger_lines": "2", "railway": "rail", "usage": "branch", "voltage": "15000", "length_km": 1.414, "maxspeed_kmh": 80.0}}, {"type": "Feature", "geometry": {"type": "LineString", "coordinates": [[10.6331066, 59.9139316], [10.6334157, 59.9138629], [10.6334797, 59.9138476], [10.6338997, 59.9137524]]}, "properties": {"electrified": "contact_line", "frequency": "16.67", "gauge": "1435", "maxspeed": "80", "name": "Drammenbanen", "operator": "Bane NOR", "passenger_lines": "4", "railway": "rail", "usage": "branch", "voltage": "15000", "length_km": 0.049, "maxspeed_kmh": 80.0}}, {"type": "Feature", "geometry": {"type": "LineString", "coordinates": [[10.6350439, 59.9137746], [10.6347829, 59.9138119], [10.6346282, 59.9138351], [10.6344764, 59.9138606], [10.6343254, 59.9138868], [10.6341744, 59.9139145], [10.63402, 59.9139443], [10.6338715, 59.9139741], [10.6337223, 59.9140057], [10.6335731, 59.9140385], [10.6332585, 59.9141092]]}, "properties": {"electrified": "contact_line", "frequency": "16.67", "gauge": "1435", "maxspeed": "80", "name": "Drammenbanen", "operator": "Bane NOR", "passenger_lines": "4", "railway": "rail", "usage": "branch", "voltage": "15000", "length_km": 0.107, "maxspeed_kmh": 80.0}}, {"type": "Feature", "geometry": {"type": "LineString", "coordinates": [[10.4295258, 59.8289721], [10.4295743, 59.8290138]]}, "properties": {"electrified": "contact_line", "frequency": "16.67", "gauge": "1435", "name": "Drammenbanen", "railway": "rail", "usage": "main", "voltage": "15000", "length_km": 0.005}}, {"type": "Feature", "geometry": {"type": "LineString", "coordinates": [[10.429128, 59.8286884], [10.4290924, 59.828656], [10.4281665, 59.8278207], [10.4273969, 59.8271889], [10.4253244, 59.8254431], [10.4214388, 59.82248], [10.4132938, 59.8171479], [10.4061391, 59.81319], [10.3964278, 59.8082385], [10.3857925, 59.80282], [10.3719763, 59.7957749], [10.3638615, 59.7916378], [10.3520062, 59.7855924], [10.3475692, 59.78333], [10.3455414, 59.7822947], [10.3422123, 59.7805953], [10.3387415, 59.778823], [10.3379349, 59.7784268], [10.3375187, 59.7782347], [10.3352315, 59.777267], [10.3323613, 59.7763858], [10.3298236, 59.7757965], [10.3265925, 59.7752475], [10.3209315, 59.7744222], [10.3199845, 59.7742842], [10.3195117, 59.7742144], [10.3192757, 59.7741787], [10.3190409, 59.7741425], [10.3188062, 59.7741042], [10.3185718, 59.7740655], [10.3183362, 59.7740253], [10.318106, 59.7739846], [10.3178739, 59.7739429], [10.3176434, 59.7738998], [10.3174137, 59.7738557], [10.3171846, 59.7738108], [10.3167831, 59.7737284], [10.3163849, 59.7736431], [10.3159973, 59.7735562], [10.315612, 59.7734666], [10.3152262, 59.7733729], [10.3148439, 59.7732757], [10.3144647, 59.7731757], [10.3140903, 59.7730734], [10.3137247, 59.7729692], [10.3133639, 59.7728626], [10.3130068, 59.772754], [10.3126526, 59.7726414], [10.3122772, 59.7725188], [10.3119072, 59.7723931], [10.311542, 59.7722644], [10.3111818, 59.7721318], [10.3107848, 59.7719818], [10.3103933, 59.7718276], [10.3100071, 59.7716697], [10.3096252, 59.7715087], [10.30887, 59.7711853], [10.3081153, 59.7708615], [10.2947137, 59.7651136], [10.2941437, 59.7648695], [10.2938581, 59.7647476], [10.2937148, 59.7646871], [10.2935711, 59.764627]]}, "properties": {"electrified": "contact_line", "frequency": "16.67", "gauge": "1435", "maxspeed": "130", "name": "Drammenbanen", "operator": "Bane NOR", "passenger_lines": "2", "railway": "rail", "tunnel": "yes", "usage": "main", "voltage": "15000", "length_km": 10.583, "maxspeed_kmh": 130.0}}, {"type": "Feature", "geometry": {"type": "LineString", "coordinates": [[10.4366458, 59.8347874], [10.4363774, 59.8346211]]}, "properties": {"electrified": "contact_line", "frequency": "16.67", "gauge": "1435", "maxspeed": "80", "name": "Drammenbanen", "operator": "Bane NOR", "railway": "rail", "tunnel": "yes", "usage": "branch", "voltage": "15000", "length_km": 0.024, "maxspeed_kmh": 80.0}}, {"type": "Feature", "geometry": {"type": "LineString", "coordinates": [[10.5877338, 59.9022256], [10.5883253, 59.9023824], [10.5885138, 59.9024319], [10.588705, 59.9024813], [10.5888972, 59.9025296], [10.5890929, 59.9025771], [10.5898811, 59.9027562], [10.5907509, 59.9029503], [10.5915436, 59.9031323], [10.5918918, 59.9032134], [10.5922256, 59.9032964], [10.5924547, 59.9033543], [10.592682, 59.903415], [10.5929055, 59.9034776], [10.5931308, 59.9035421], [10.5934209, 59.9036302], [10.5937019, 59.9037203], [10.5938771, 59.9037792], [10.5940497, 59.9038395], [10.594212, 59.9038964], [10.5943732, 59.9039543], [10.5946736, 59.9040691], [10.5949694, 59.9041884], [10.5952489, 59.9043067], [10.5955251, 59.9044283], [10.5959346, 59.9046222], [10.5963728, 59.9048402], [10.5969201, 59.905118], [10.5971623, 59.9052366], [10.5974228, 59.9053594], [10.5976554, 59.9054628], [10.5978963, 59.905563], [10.5981293, 59.9056583], [10.5983802, 59.9057547], [10.5986333, 59.9058456], [10.5988931, 59.9059341], [10.5990488, 59.9059847], [10.5992045, 59.9060337], [10.5993652, 59.9060839], [10.5995259, 59.9061308], [10.5999245, 59.9062411], [10.6001673, 59.9063016], [10.600331, 59.9063428], [10.6004964, 59.9063824], [10.6006651, 59.9064215], [10.6008339, 59.9064589], [10.6015148, 59.9066072], [10.6031208, 59.9069519], [10.6038456, 59.9071089], [10.6042821, 59.9072042]]}, "properties": {"electrified": "contact_line", "frequency": "16.67", "gauge": "1435", "maxspeed": "105", "name": "Drammenbanen", "operator": "Bane NOR", "passenger_lines": "2", "railway": "rail", "usage": "branch", "voltage": "15000", "length_km": 1.089, "maxspeed_kmh": 105.0}}, {"type": "Feature", "geometry": {"type": "LineString", "coordinates": [[10.529903, 59.8942585], [10.5314098, 59.8947572], [10.5321306, 59.8949954], [10.5326516, 59.895167], [10.5333553, 59.895399], [10.5339578, 59.8955964], [10.5341006, 59.8956435], [10.5350124, 59.8959456], [10.5352673, 59.8960297], [10.5362096, 59.8963419], [10.5369449, 59.8965839]]}, "properties": {"electrified": "contact_line", "frequency": "16.67", "gauge": "1435", "maxspeed": "80", "name": "Drammenbanen", "operator": "Bane NOR", "passenger_lines": "2", "railway": "rail", "usage": "branch", "voltage": "15000", "length_km": 0.472, "maxspeed_kmh": 80.0}}, {"type": "Feature", "geometry": {"type": "LineString", "coordinates": [[10.6219782, 59.913352], [10.6205149, 59.9128341], [10.6195716, 59.9124973], [10.6181056, 59.9119782], [10.6175086, 59.9117652], [10.6159957, 59.9112285], [10.6142848, 59.9106213], [10.6125399, 59.9100023], [10.612106, 59.909849], [10.6116736, 59.909695], [10.6113301, 59.9095729], [10.6109884, 59.909449], [10.6106899, 59.9093384], [10.6103964, 59.9092277], [10.6097784, 59.9089915], [10.609664, 59.9089467]]}, "properties": {"electrified": "contact_line", "frequency": "16.67", "gauge": "1435", "maxspeed": "105", "name": "Drammenbanen", "operator": "Bane NOR", "passenger_lines": "2", "railway": "rail", "usage": "branch", "voltage": "15000", "length_km": 0.846, "maxspeed_kmh": 105.0}}, {"type": "Feature", "geometry": {"type": "LineString", "coordinates": [[10.5369449, 59.8965839], [10.5376806, 59.8968276], [10.538319, 59.8970468], [10.5393405, 59.8974097], [10.5398558, 59.8975928], [10.5399818, 59.8976363], [10.5401118, 59.8976787], [10.5402398, 59.8977205], [10.5403759, 59.8977614], [10.5405109, 59.8978021], [10.54065, 59.8978418], [10.5407875, 59.8978792], [10.5409311, 59.8979166], [10.5410801, 59.8979525], [10.5412332, 59.8979874], [10.5413913, 59.8980228], [10.5415515, 59.8980551], [10.5417109, 59.8980858], [10.5418715, 59.8981153], [10.542032, 59.8981412], [10.5421936, 59.8981652], [10.5423591, 59.8981896], [10.5425297, 59.8982114], [10.542701, 59.8982314], [10.5428748, 59.8982497], [10.5430238, 59.898264], [10.5431737, 59.8982758], [10.5433278, 59.8982871], [10.5434819, 59.8982976], [10.5436319, 59.8983055], [10.5437836, 59.8983126], [10.5439336, 59.8983175], [10.5440853, 59.8983207], [10.5442342, 59.8983234], [10.5443848, 59.8983235], [10.5445338, 59.8983232], [10.5446844, 59.8983211], [10.5448454, 59.8983164], [10.5450064, 59.89831], [10.5451699, 59.8983028], [10.5453334, 59.8982938], [10.5455014, 59.8982828], [10.5456616, 59.8982698], [10.5458296, 59.8982544], [10.5459956, 59.8982371], [10.5461341, 59.8982214], [10.5462726, 59.8982037], [10.5464101, 59.8981855], [10.5465476, 59.8981645], [10.5466895, 59.8981428], [10.5468314, 59.8981191], [10.5469713, 59.8980945], [10.5471112, 59.8980689], [10.5472553, 59.8980397], [10.5473955, 59.8980095], [10.5475367, 59.8979784], [10.5476779, 59.8979453], [10.5478466, 59.897905], [10.5480153, 59.8978628], [10.548345, 59.8977783], [10.5491457, 59.8975701], [10.5493033, 59.89753], [10.5494609, 59.8974898], [10.5496204, 59.8974516], [10.5497819, 59.8974133], [10.5499442, 59.8973772], [10.5500961, 59.8973442], [10.5502523, 59.8973121], [10.5504162, 59.897281], [10.5505991, 59.8972496], [10.5507833, 59.8972196]]}, "properties": {"electrified": "contact_line", "frequency": "16.67", "gauge": "1435", "maxspeed": "90", "name": "Drammenbanen", "operator": "Bane NOR", "passenger_lines": "2", "railway": "rail", "usage": "branch", "voltage": "15000", "length_km": 0.851, "maxspeed_kmh": 90.0}}, {"type": "Feature", "geometry": {"type": "LineString", "coordinates": [[10.6096878, 59.9088691], [10.6099555, 59.9089755], [10.6104777, 59.9091798], [10.6108126, 59.9093122], [10.6111515, 59.9094421], [10.6113857, 59.9095321], [10.6117165, 59.9096555], [10.6121492, 59.9098129], [10.6125877, 59.9099681], [10.6143394, 59.9105904], [10.6160482, 59.9111953], [10.6175479, 59.9117286], [10.6181542, 59.9119435], [10.6196214, 59.912464], [10.6205645, 59.9127985], [10.6220281, 59.9133177], [10.6229194, 59.9136334], [10.6235077, 59.913843]]}, "properties": {"electrified": "contact_line", "frequency": "16.67", "gauge": "1435", "maxspeed": "105", "name": "Drammenbanen", "operator": "Bane NOR", "passenger_lines": "2", "railway": "rail", "usage": "branch", "voltage": "15000", "length_km": 0.952, "maxspeed_kmh": 105.0}}, {"type": "Feature", "geometry": {"type": "LineString", "coordinates": [[10.2837491, 59.7616247], [10.2824961, 59.7612768], [10.2821679, 59.7611853], [10.2817495, 59.7610664], [10.2815076, 59.7609956], [10.2812773, 59.7609267], [10.2810469, 59.7608556], [10.2808203, 59.7607852], [10.2805964, 59.7607132], [10.2803717, 59.7606397], [10.2801491, 59.7605659], [10.2799285, 59.7604899], [10.2797093, 59.7604129], [10.2795052, 59.7603399], [10.2793021, 59.7602662], [10.2790779, 59.7601834], [10.2788561, 59.7600995], [10.2786355, 59.760014], [10.2784166, 59.7599278], [10.2782219, 59.7598491], [10.2780279, 59.7597698], [10.2778095, 59.7596786], [10.2775941, 59.7595856], [10.2773856, 59.7594938], [10.2771464, 59.7593875], [10.2767773, 59.7592205], [10.2671822, 59.7548602], [10.2667696, 59.7546729], [10.2664175, 59.7545142], [10.2658351, 59.7542586], [10.2654876, 59.7541085], [10.2651377, 59.7539598], [10.2646847, 59.7537716], [10.2642271, 59.7535859], [10.2638064, 59.7534169], [10.2633797, 59.7532501], [10.2629588, 59.7530882], [10.2625353, 59.7529276], [10.2621257, 59.752777], [10.2617145, 59.7526283], [10.2612439, 59.752462], [10.2607698, 59.7522985], [10.2603629, 59.7521588], [10.2599537, 59.7520203], [10.2594718, 59.7518627], [10.2589863, 59.7517069], [10.2585439, 59.7515679], [10.2580993, 59.7514307], [10.2576856, 59.7513066], [10.2572694, 59.7511835], [10.2569029, 59.7510774], [10.2565353, 59.7509725], [10.2562493, 59.7508919], [10.2559624, 59.7508129], [10.2556086, 59.7507159], [10.2552505, 59.7506202], [10.2548857, 59.7505236], [10.2545192, 59.750429], [10.2541726, 59.7503403], [10.2538007, 59.7502479], [10.2534467, 59.7501607], [10.2530523, 59.7500653], [10.2446998, 59.748067]]}, "properties": {"electrified": "contact_line", "frequency": "16.67", "gauge": "1435", "maxspeed": "130", "name": "Drammenbanen", "operator": "Bane NOR", "railway": "rail", "usage": "main", "voltage": "15000", "length_km": 2.684, "maxspeed_kmh": 130.0}}, {"type": "Feature", "geometry": {"type": "LineString", "coordinates": [[10.2456256, 59.7482456], [10.2530841, 59.7500308], [10.2534759, 59.7501255], [10.2538353, 59.7502135], [10.2542061, 59.750306], [10.2545526, 59.7503946], [10.2549202, 59.7504893], [10.255285, 59.7505853], [10.2556424, 59.7506815], [10.2559986, 59.7507792], [10.256286, 59.7508588], [10.2565723, 59.750939], [10.2569415, 59.7510443], [10.2573076, 59.7511505], [10.2577255, 59.7512741], [10.2581356, 59.7513983], [10.2585838, 59.7515354], [10.259029, 59.7516753], [10.2595113, 59.7518302], [10.2599909, 59.7519869], [10.260405, 59.7521267], [10.2608148, 59.7522665], [10.2612881, 59.7524314], [10.2617578, 59.7525963], [10.2621696, 59.7527464], [10.2625789, 59.7528981], [10.2630044, 59.7530585], [10.2634279, 59.7532204], [10.2638527, 59.7533866], [10.2642747, 59.7535557], [10.2647339, 59.7537427], [10.2651831, 59.7539299], [10.2655342, 59.7540773], [10.2658842, 59.754229], [10.2664692, 59.7544881], [10.2668178, 59.7546437], [10.2672296, 59.75483], [10.2768303, 59.7591936], [10.277197, 59.7593596], [10.2774352, 59.7594653], [10.2776476, 59.7595583], [10.2778617, 59.7596506], [10.278079, 59.7597412], [10.2782694, 59.7598194], [10.2784662, 59.7598984], [10.2786844, 59.7599845], [10.2789051, 59.7600698], [10.2791237, 59.7601528], [10.2793447, 59.7602348], [10.2795466, 59.7603086], [10.2797509, 59.7603813], [10.2799716, 59.760458], [10.2801928, 59.7605346], [10.2804136, 59.7606083], [10.2806389, 59.7606819], [10.2808595, 59.7607525], [10.2810837, 59.7608227], [10.2813135, 59.7608931], [10.2815438, 59.7609622], [10.2817857, 59.7610326], [10.2822057, 59.7611521], [10.2825325, 59.7612433], [10.2837859, 59.7615911]]}, "properties": {"electrified": "contact_line", "frequency": "16.67", "gauge": "1435", "maxspeed": "130", "name": "Drammenbanen", "operator": "Bane NOR", "passenger_lines": "2", "railway": "rail", "usage": "main", "voltage": "15000", "length_km": 2.628, "maxspeed_kmh": 130.0}}, {"type": "Feature", "geometry": {"type": "LineString", "coordinates": [[10.2102479, 59.737857], [10.2093776, 59.7383007]]}, "properties": {"electrified": "contact_line", "frequency": "16.67", "gauge": "1435", "maxspeed": "50", "name": "Drammenbanen", "operator": "Bane NOR", "passenger_lines": "2", "railway": "rail", "usage": "main", "voltage": "15000", "length_km": 0.07, "maxspeed_kmh": 50.0}}, {"type": "Feature", "geometry": {"type": "LineString", "coordinates": [[10.2093145, 59.7382672], [10.2094823, 59.738187], [10.210208, 59.7378154]]}, "properties": {"electrified": "contact_line", "frequency": "16.67", "gauge": "1435", "maxspeed": "50", "name": "Drammenbanen", "operator": "Bane NOR", "passenger_lines": "2", "railway": "rail", "usage": "main", "voltage": "15000", "length_km": 0.071, "maxspeed_kmh": 50.0}}, {"type": "Feature", "geometry": {"type": "LineString", "coordinates": [[10.2089062, 59.738552], [10.2085534, 59.7387406]]}, "properties": {"electrified": "contact_line", "frequency": "16.67", "gauge": "1435", "maxspeed": "50", "name": "Drammenbanen", "operator": "Bane NOR", "passenger_lines": "2", "railway": "rail", "usage": "main", "voltage": "15000", "length_km": 0.029, "maxspeed_kmh": 50.0}}, {"type": "Feature", "geometry": {"type": "LineString", "coordinates": [[10.2085807, 59.7386565], [10.2088506, 59.7385168], [10.2093145, 59.7382672]]}, "properties": {"electrified": "contact_line", "frequency": "16.67", "gauge": "1435", "maxspeed": "60", "name": "Drammenbanen", "operator": "Bane NOR", "passenger_lines": "2", "railway": "rail", "usage": "main", "voltage": "15000", "length_km": 0.06, "maxspeed_kmh": 60.0}}, {"type": "Feature", "geometry": {"type": "LineString", "coordinates": [[10.6879933, 59.9198068], [10.6876903, 59.9198789], [10.6873916, 59.9199545], [10.6870982, 59.9200337], [10.6868326, 59.9201094], [10.6865831, 59.9201851], [10.6863387, 59.9202632], [10.6861052, 59.9203405], [10.6855093, 59.9205389]]}, "properties": {"electrified": "contact_line", "frequency": "16.67", "gauge": "1435", "maxspeed": "90", "name": "Drammenbanen", "operator": "Bane NOR", "passenger_lines": "2", "railway": "rail", "usage": "main", "voltage": "15000", "length_km": 0.161, "maxspeed_kmh": 90.0}}, {"type": "Feature", "geometry": {"type": "LineString", "coordinates": [[10.6332585, 59.9141092], [10.631566, 59.9144853], [10.6308252, 59.9146494], [10.630313, 59.9147627], [10.6300637, 59.9148151], [10.6299302, 59.9148414], [10.6297967, 59.9148663], [10.6296671, 59.9148882], [10.6295375, 59.9149086], [10.6294071, 59.9149276], [10.6292767, 59.9149451], [10.629142, 59.9149608], [10.6290044, 59.9149757], [10.6288674, 59.914988], [10.6287304, 59.9149989], [10.6285931, 59.9150073], [10.6284571, 59.9150149], [10.6283213, 59.9150199], [10.6281855, 59.9150235], [10.6280154, 59.9150248], [10.6278498, 59.9150247], [10.6276837, 59.9150213], [10.6275191, 59.915015], [10.6273528, 59.915006], [10.6271895, 59.9149955], [10.6270265, 59.9149819], [10.626865, 59.9149668], [10.6267008, 59.9149477], [10.6265381, 59.9149263], [10.6263798, 59.9149037], [10.626223, 59.9148767], [10.6260649, 59.9148477], [10.6259087, 59.9148168], [10.6257583, 59.9147835], [10.6256095, 59.9147494], [10.6254657, 59.9147129], [10.6253285, 59.9146747], [10.6251947, 59.9146349], [10.6250626, 59.9145934], [10.624926, 59.9145476], [10.6247927, 59.9145002], [10.624666, 59.9144516], [10.6245411, 59.9144013], [10.6244191, 59.9143504], [10.6242988, 59.9142979], [10.6240649, 59.9141919], [10.623782, 59.9140622], [10.6236389, 59.9139982], [10.6234941, 59.913935], [10.6233355, 59.9138667], [10.623175, 59.9138003], [10.6230163, 59.9137353], [10.6228558, 59.9136722], [10.6226658, 59.9136001], [10.6224834, 59.9135328], [10.6219782, 59.913352]]}, "properties": {"electrified": "contact_line", "frequency": "16.67", "gauge": "1435", "maxspeed": "80", "name": "Drammenbanen", "operator": "Bane NOR", "passenger_lines": "2", "railway": "rail", "usage": "branch", "voltage": "15000", "length_km": 0.709, "maxspeed_kmh": 80.0}}, {"type": "Feature", "geometry": {"type": "LineString", "coordinates": [[10.6435199, 59.9140874], [10.6438251, 59.9141342], [10.644132, 59.914185], [10.6443256, 59.9142199], [10.6445209, 59.9142565], [10.6447161, 59.9142942], [10.6449097, 59.9143335], [10.6451, 59.9143738], [10.6452903, 59.9144165], [10.6454782, 59.9144607], [10.6456661, 59.9145074], [10.6458566, 59.9145562], [10.6460455, 59.9146057], [10.6462335, 59.9146561], [10.64642, 59.9147073], [10.6466005, 59.9147587], [10.6467763, 59.9148109], [10.6469529, 59.9148638], [10.6471278, 59.9149176], [10.6474545, 59.9150228], [10.6477765, 59.915132], [10.6481021, 59.9152441], [10.6484261, 59.9153578], [10.6487375, 59.9154685], [10.6490699, 59.915579], [10.6494448, 59.9157101], [10.6496808, 59.9157834], [10.6498048, 59.9158224], [10.6499517, 59.9158648], [10.6500927, 59.9159035], [10.6502384, 59.9159406], [10.650372, 59.9159745], [10.6505088, 59.9160069], [10.6506504, 59.9160388], [10.6507919, 59.9160691], [10.6509108, 59.9160942], [10.6510328, 59.9161177], [10.6511572, 59.9161412], [10.6512784, 59.9161623], [10.6514472, 59.9161911], [10.6516192, 59.9162183], [10.6517888, 59.9162427], [10.65196, 59.9162647], [10.6520931, 59.9162814], [10.6522276, 59.9162965], [10.6523638, 59.9163109], [10.6525, 59.9163244], [10.6530433, 59.9163722], [10.6533853, 59.916401], [10.6537273, 59.9164314], [10.6539195, 59.9164512], [10.6541117, 59.9164726], [10.6542979, 59.9164953], [10.6544945, 59.9165202], [10.6546246, 59.9165389], [10.6547714, 59.9165614], [10.6549082, 59.9165834], [10.6550491, 59.9166068], [10.6552649, 59.9166471], [10.6554936, 59.916693], [10.6556325, 59.9167223], [10.6557713, 59.9167524], [10.6559056, 59.9167839], [10.6560358, 59.9168154], [10.6561794, 59.9168526], [10.6563161, 59.9168882], [10.6564556, 59.9169264], [10.6565922, 59.916966], [10.656743, 59.9170115], [10.6568895, 59.9170578], [10.6570277, 59.9171031], [10.6571798, 59.9171546], [10.6573119, 59.9172023], [10.6574531, 59.9172565], [10.6575942, 59.917312], [10.6577325, 59.9173676], [10.6579889, 59.9174754], [10.6582425, 59.9175895], [10.6590179, 59.9179327]]}, "properties": {"electrified": "contact_line", "frequency": "16.67", "gauge": "1435", "maxspeed": "90", "name": "Drammenbanen", "operator": "Bane NOR", "passenger_lines": "2", "railway": "rail", "usage": "main", "voltage": "15000", "length_km": 0.98, "maxspeed_kmh": 90.0}}, {"type": "Feature", "geometry": {"type": "LineString", "coordinates": [[10.6235077, 59.913843], [10.6235928, 59.9138728], [10.6241812, 59.9140818], [10.6244446, 59.9141745], [10.6247174, 59.9142653], [10.6248505, 59.9143076], [10.6249893, 59.9143499], [10.6251309, 59.9143908], [10.6252763, 59.9144298], [10.6254168, 59.9144647], [10.6255573, 59.9144986], [10.6256996, 59.9145302], [10.6258458, 59.9145599], [10.6259908, 59.9145866], [10.6261416, 59.9146133], [10.6262932, 59.9146362], [10.6264449, 59.9146582], [10.6265928, 59.9146771], [10.6267408, 59.9146932], [10.6268888, 59.9147088], [10.6270405, 59.9147216], [10.6271871, 59.9147319], [10.6273356, 59.9147403], [10.6274859, 59.9147478], [10.6276363, 59.9147524], [10.6277598, 59.9147558], [10.6278851, 59.9147574], [10.6280077, 59.9147575], [10.6281321, 59.9147557], [10.6282619, 59.9147536], [10.6283935, 59.9147495], [10.6285262, 59.914744], [10.6286588, 59.9147376], [10.6287867, 59.9147293], [10.6289147, 59.914719], [10.6290407, 59.9147078], [10.6291687, 59.9146946], [10.6292981, 59.9146812], [10.6294294, 59.9146658], [10.629555, 59.9146505], [10.6296806, 59.9146332], [10.6298067, 59.9146157], [10.629929, 59.9145972], [10.6300532, 59.9145782], [10.6301774, 59.9145573], [10.6303, 59.9145368], [10.6304225, 59.9145143], [10.630546, 59.9144914], [10.6306675, 59.9144666], [10.6309078, 59.9144171], [10.6314085, 59.914306], [10.6331066, 59.9139316]]}, "properties": {"electrified": "contact_line", "frequency": "16.67", "gauge": "1435", "maxspeed": "80", "name": "Drammenbanen", "operator": "Bane NOR", "passenger_lines": "2", "railway": "rail", "usage": "branch", "voltage": "15000", "length_km": 0.58, "maxspeed_kmh": 80.0}}, {"type": "Feature", "geometry": {"type": "LineString", "coordinates": [[10.6434886, 59.9141473], [10.6428026, 59.9140457]]}, "properties": {"electrified": "contact_line", "frequency": "16.67", "gauge": "1435", "maxspeed": "80", "name": "Drammenbanen", "operator": "Bane NOR", "passenger_lines": "2", "railway": "rail", "usage": "main", "voltage": "15000", "length_km": 0.04, "maxspeed_kmh": 80.0}}, {"type": "Feature", "geometry": {"type": "LineString", "coordinates": [[10.5229451, 59.8919742], [10.5233997, 59.8921148], [10.5235893, 59.8921746], [10.5240287, 59.8923126], [10.5247795, 59.8925602], [10.5273211, 59.8934018], [10.5280622, 59.8936471], [10.5286295, 59.8938341], [10.5292489, 59.8940386], [10.529903, 59.8942585]]}, "properties": {"electrified": "contact_line", "frequency": "16.67", "gauge": "1435", "maxspeed": "80", "name": "Drammenbanen", "operator": "Bane NOR", "passenger_lines": "4", "railway": "rail", "usage": "branch", "voltage": "15000", "length_km": 0.465, "maxspeed_kmh": 80.0}}, {"type": "Feature", "geometry": {"type": "LineString", "coordinates": [[10.5285652, 59.8938589], [10.5280201, 59.8936787], [10.5272771, 59.8934334], [10.5247405, 59.892594], [10.5239871, 59.8923467], [10.5235462, 59.8922119], [10.5229461, 59.8920315]]}, "properties": {"electrified": "contact_line", "frequency": "16.67", "gauge": "1435", "maxspeed": "80", "name": "Drammenbanen", "operator": "Bane NOR", "passenger_lines": "4", "railway": "rail", "usage": "branch", "voltage": "15000", "length_km": 0.375, "maxspeed_kmh": 80.0}}, {"type": "Feature", "geometry": {"type": "LineString", "coordinates": [[10.2204515, 59.7376235], [10.2202073, 59.7375844], [10.2198766, 59.7375353]]}, "properties": {"electrified": "contact_line", "frequency": "16.67", "gauge": "1435", "maxspeed": "45", "name": "Drammenbanen", "operator": "Bane NOR", "passenger_lines": "2", "railway": "rail", "usage": "main", "voltage": "15000", "length_km": 0.034, "maxspeed_kmh": 45.0}}, {"type": "Feature", "geometry": {"type": "LineString", "coordinates": [[10.2163345, 59.737081], [10.2172999, 59.7371541], [10.2176996, 59.7371896], [10.2181034, 59.7372294], [10.2184043, 59.7372615], [10.2187922, 59.7373092], [10.2191574, 59.737357], [10.2194343, 59.7373954], [10.2196717, 59.7374312], [10.2199178, 59.737468]]}, "properties": {"bridge": "yes", "electrified": "contact_line", "frequency": "16.67", "gauge": "1435", "name": "Drammenbanen", "operator": "Bane NOR", "passenger_lines": "2", "railway": "rail", "usage": "main", "voltage": "15000", "length_km": 0.206}}, {"type": "Feature", "geometry": {"type": "LineString", "coordinates": [[10.2377263, 59.7461353], [10.2375804, 59.7460712], [10.2374366, 59.7460061], [10.2372928, 59.7459405], [10.2371387, 59.7458684], [10.2368765, 59.745744], [10.2365877, 59.7456048], [10.2327707, 59.7437596], [10.2326176, 59.7436855], [10.2324605, 59.7436075], [10.2323795, 59.7435669], [10.2322678, 59.7435088], [10.2321674, 59.7434552], [10.2320733, 59.7434035], [10.2319964, 59.7433606], [10.2319174, 59.7433144], [10.2318522, 59.743275], [10.2317791, 59.7432301], [10.2317049, 59.7431835], [10.2316323, 59.7431363], [10.2315608, 59.7430889], [10.2313973, 59.742975], [10.2312381, 59.7428575], [10.2312054, 59.7428318], [10.2309493, 59.742631], [10.2299798, 59.7418558], [10.2299476, 59.7418297], [10.2298875, 59.7417806], [10.229854, 59.7417529]]}, "properties": {"electrified": "contact_line", "frequency": "16.67", "gauge": "1435", "maxspeed": "100", "name": "Drammenbanen", "operator": "Bane NOR", "passenger_lines": "2", "railway": "rail", "usage": "main", "voltage": "15000", "length_km": 0.663, "maxspeed_kmh": 100.0}}, {"type": "Feature", "geometry": {"type": "LineString", "coordinates": [[10.210208, 59.7378154], [10.2102862, 59.7377776], [10.2104467, 59.7376971], [10.2106533, 59.7375931], [10.2107398, 59.7375477], [10.2109021, 59.7374694], [10.211064, 59.7374015]]}, "properties": {"electrified": "contact_line", "frequency": "16.67", "gauge": "1435", "maxspeed": "65", "name": "Drammenbanen", "operator": "Bane NOR", "passenger_lines": "2", "railway": "rail", "usage": "main", "voltage": "15000", "length_km": 0.067, "maxspeed_kmh": 65.0}}, {"type": "Feature", "geometry": {"type": "LineString", "coordinates": [[10.2092001, 59.7383939], [10.2089062, 59.738552]]}, "properties": {"electrified": "contact_line", "frequency": "16.67", "gauge": "1435", "maxspeed": "40", "name": "Drammenbanen", "operator": "Bane NOR", "passenger_lines": "2", "railway": "rail", "usage": "main", "voltage": "15000", "length_km": 0.024, "maxspeed_kmh": 40.0}}, {"type": "Feature", "geometry": {"type": "LineString", "coordinates": [[10.6607204, 59.9186939], [10.6626887, 59.9195725]]}, "properties": {"electrified": "contact_line", "frequency": "16.67", "gauge": "1435", "name": "Drammenbanen", "passenger_lines": "3", "railway": "rail", "usage": "main", "voltage": "15000", "length_km": 0.147}}, {"type": "Feature", "geometry": {"type": "LineString", "coordinates": [[10.6734249, 59.9230648], [10.6735127, 59.9230682], [10.6736011, 59.9230708], [10.6737565, 59.923075], [10.6739235, 59.9230786], [10.6740936, 59.9230799], [10.6742638, 59.9230791], [10.6744339, 59.9230767], [10.674687, 59.9230676], [10.6749475, 59.9230536], [10.6750724, 59.9230435], [10.6751972, 59.9230311], [10.6753237, 59.9230186], [10.6754469, 59.9230036], [10.6756964, 59.9229708], [10.6759675, 59.9229253], [10.6762093, 59.9228785]]}, "properties": {"electrified": "contact_line", "frequency": "16.67", "gauge": "1435", "maxspeed": "80", "name": "Drammenbanen", "operator": "Bane NOR", "passenger_lines": "4", "railway": "rail", "usage": "main", "voltage": "15000", "length_km": 0.159, "maxspeed_kmh": 80.0}}, {"type": "Feature", "geometry": {"type": "LineString", "coordinates": [[10.6611371, 59.9189306], [10.6609398, 59.9188426], [10.6603464, 59.9185777]]}, "properties": {"electrified": "contact_line", "frequency": "16.67", "gauge": "1435", "maxspeed": "90", "name": "Drammenbanen", "operator": "Bane NOR", "passenger_lines": "2", "railway": "rail", "usage": "main", "voltage": "15000", "length_km": 0.059, "maxspeed_kmh": 90.0}}, {"type": "Feature", "geometry": {"type": "LineString", "coordinates": [[10.6855093, 59.9205389], [10.6849634, 59.9207204], [10.6844386, 59.9208958], [10.6839541, 59.9210511], [10.6834209, 59.9212171], [10.6827138, 59.9214267], [10.6818814, 59.9216631], [10.6810119, 59.9219095], [10.6798801, 59.9222339]]}, "properties": {"electrified": "contact_line", "frequency": "16.67", "gauge": "1435", "maxspeed": "90", "name": "Drammenbanen", "operator": "Bane NOR", "passenger_lines": "4", "railway": "rail", "usage": "main", "voltage": "15000", "length_km": 0.367, "maxspeed_kmh": 90.0}}, {"type": "Feature", "geometry": {"type": "LineString", "coordinates": [[10.6603464, 59.9185777], [10.6598639, 59.9183617], [10.659296, 59.918108], [10.6591742, 59.9180542]]}, "properties": {"electrified": "contact_line", "frequency": "16.67", "gauge": "1435", "maxspeed": "90", "name": "Drammenbanen", "operator": "Bane NOR", "passenger_lines": "2", "railway": "rail", "usage": "main", "voltage": "15000", "length_km": 0.088, "maxspeed_kmh": 90.0}}, {"type": "Feature", "geometry": {"type": "LineString", "coordinates": [[10.659222, 59.9180231], [10.6594749, 59.918135], [10.6599171, 59.918335], [10.6605597, 59.9186218], [10.6607204, 59.9186939]]}, "properties": {"electrified": "contact_line", "frequency": "16.67", "gauge": "1435", "maxspeed": "90", "name": "Drammenbanen", "operator": "Bane NOR", "passenger_lines": "2", "railway": "rail", "usage": "main", "voltage": "15000", "length_km": 0.112, "maxspeed_kmh": 90.0}}, {"type": "Feature", "geometry": {"type": "LineString", "coordinates": [[10.2936297, 59.7645944], [10.2937731, 59.7646542], [10.2939181, 59.7647155], [10.2942006, 59.7648362], [10.2947713, 59.7650806], [10.30817, 59.7708284], [10.3089267, 59.7711528], [10.3096833, 59.7714765], [10.3100637, 59.7716368], [10.3104536, 59.771796], [10.3108425, 59.771949], [10.3112339, 59.7720967], [10.3115919, 59.7722289], [10.3119553, 59.7723575], [10.3123219, 59.7724825], [10.3126973, 59.7726055], [10.3130467, 59.7727176], [10.3134035, 59.772827], [10.3137591, 59.772933], [10.3141266, 59.7730387], [10.3145003, 59.7731412], [10.3148746, 59.7732398], [10.3152579, 59.7733373], [10.315643, 59.773431], [10.3160262, 59.7735205], [10.3164158, 59.7736082], [10.3168129, 59.7736935], [10.3172095, 59.7737751], [10.3174389, 59.7738202], [10.3176683, 59.7738643], [10.3178972, 59.7739072], [10.3181296, 59.773949], [10.3183607, 59.7739899], [10.3185935, 59.7740297], [10.318829, 59.7740687], [10.3190622, 59.7741068], [10.319296, 59.7741429], [10.3195336, 59.7741789], [10.3200054, 59.7742487], [10.3209524, 59.774387], [10.3266115, 59.7752119], [10.3298516, 59.7757625], [10.3324046, 59.7763402], [10.3353198, 59.7772217], [10.3375688, 59.7781989], [10.3379939, 59.7783982], [10.3388027, 59.778797], [10.3422721, 59.7805684], [10.3464926, 59.7827238], [10.3467219, 59.782844], [10.3520661, 59.7855652], [10.3639234, 59.7916116], [10.3720374, 59.795748], [10.3858487, 59.8027916], [10.3964888, 59.8082121], [10.4061945, 59.8131604], [10.4133527, 59.8171208], [10.4215052, 59.8224568], [10.4253884, 59.8254188], [10.4274356, 59.82714], [10.4282052, 59.8277536], [10.4285454, 59.8280649], [10.4292601, 59.828719], [10.4295258, 59.8289721]]}, "properties": {"electrified": "contact_line", "frequency": "16.67", "gauge": "1435", "maxspeed": "130", "name": "Drammenbanen", "operator": "Bane NOR", "passenger_lines": "2", "railway": "rail", "tunnel": "yes", "usage": "main", "voltage": "15000", "length_km": 10.624, "maxspeed_kmh": 130.0}}, {"type": "Feature", "geometry": {"type": "LineString", "coordinates": [[10.6795877, 59.9219725], [10.6798873, 59.9218912], [10.680754, 59.921657], [10.6809795, 59.9215994], [10.6812141, 59.9215418], [10.6814453, 59.9214866], [10.6816835, 59.9214348], [10.6821119, 59.9213417], [10.6825418, 59.9212508], [10.682726, 59.92121], [10.6829103, 59.921167], [10.6830939, 59.921122], [10.6832761, 59.9210756], [10.6834062, 59.9210414], [10.6835377, 59.9210058], [10.6836665, 59.9209699], [10.6838009, 59.9209333]]}, "properties": {"electrified": "contact_line", "frequency": "16.67", "gauge": "1435", "maxspeed": "90", "name": "Drammenbanen", "operator": "Bane NOR", "passenger_lines": "4", "railway": "rail", "usage": "main", "voltage": "15000", "length_km": 0.263, "maxspeed_kmh": 90.0}}, {"type": "Feature", "geometry": {"type": "LineString", "coordinates": [[10.6762544, 59.9229742], [10.6760193, 59.923013], [10.6757522, 59.9230504], [10.675487, 59.9230843], [10.6753547, 59.9230983], [10.6752225, 59.9231106], [10.6750919, 59.9231222], [10.6749613, 59.923133], [10.6747004, 59.9231489], [10.6744858, 59.9231607]]}, "properties": {"electrified": "contact_line", "frequency": "16.67", "gauge": "1435", "name": "Drammenbanen", "passenger_lines": "4", "railway": "rail", "usage": "main", "voltage": "15000", "length_km": 0.101}}, {"type": "Feature", "geometry": {"type": "LineString", "coordinates": [[10.2119816, 59.7371948], [10.2118749, 59.7372206], [10.211746, 59.7372523], [10.2115928, 59.7372947], [10.2114179, 59.7373477], [10.2112875, 59.7373889], [10.2111415, 59.7374394]]}, "properties": {"electrified": "contact_line", "frequency": "16.67", "gauge": "1435", "maxspeed": "45", "name": "Drammenbanen", "operator": "Bane NOR", "passenger_lines": "2", "railway": "rail", "usage": "main", "voltage": "15000", "length_km": 0.055, "maxspeed_kmh": 45.0}}, {"type": "Feature", "geometry": {"type": "LineString", "coordinates": [[10.2314231, 59.7428734], [10.2315934, 59.7429799], [10.2317131, 59.7430539], [10.2318197, 59.7431173], [10.2319102, 59.7431693], [10.2320454, 59.7432453], [10.2321872, 59.7433222], [10.2322797, 59.7433709], [10.2323739, 59.7434195], [10.2324903, 59.7434775], [10.2326846, 59.7435736], [10.2329144, 59.7436847], [10.236587, 59.7454603], [10.2372245, 59.7457689], [10.2375191, 59.7459094], [10.2376669, 59.745979], [10.2378174, 59.7460476]]}, "properties": {"electrified": "contact_line", "frequency": "16.67", "gauge": "1435", "name": "Drammenbanen", "operator": "Bane NOR", "passenger_lines": "2", "railway": "rail", "usage": "main", "voltage": "15000", "length_km": 0.505}}, {"type": "Feature", "geometry": {"type": "LineString", "coordinates": [[10.211064, 59.7374015], [10.21122, 59.7373383], [10.211362, 59.7372879], [10.2115144, 59.7372359], [10.2116647, 59.7371916], [10.2118004, 59.7371555], [10.212005, 59.7371058]]}, "properties": {"electrified": "contact_line", "frequency": "16.67", "gauge": "1435", "maxspeed": "65", "name": "Drammenbanen", "operator": "Bane NOR", "passenger_lines": "2", "railway": "rail", "usage": "main", "voltage": "15000", "length_km": 0.063, "maxspeed_kmh": 65.0}}, {"type": "Feature", "geometry": {"type": "LineString", "coordinates": [[10.5528342, 59.8971127], [10.5527806, 59.8971116], [10.5526297, 59.8971102], [10.5524789, 59.8971117], [10.5523273, 59.8971141], [10.5521817, 59.8971202], [10.5520382, 59.8971264], [10.5518953, 59.8971344], [10.5517535, 59.8971445], [10.551613, 59.8971566], [10.5514713, 59.8971696], [10.551331, 59.8971846], [10.55119, 59.8972019], [10.551053, 59.8972199], [10.5510321, 59.8972227]]}, "properties": {"electrified": "contact_line", "frequency": "16.67", "gauge": "1435", "maxspeed": "75", "name": "Drammenbanen", "operator": "Bane NOR", "passenger_lines": "2", "railway": "rail", "usage": "branch", "voltage": "15000", "length_km": 0.102, "maxspeed_kmh": 75.0}}, {"type": "Feature", "geometry": {"type": "LineString", "coordinates": [[10.5584843, 59.8982297], [10.558641, 59.898298], [10.5587995, 59.8983654], [10.5589188, 59.8984123], [10.5590398, 59.8984584], [10.5591599, 59.8985049], [10.5592886, 59.8985496], [10.5594192, 59.8985943], [10.5595516, 59.8986364], [10.559683, 59.8986767], [10.5598196, 59.8987154], [10.5599543, 59.8987521], [10.5600891, 59.8987872], [10.5602255, 59.8988218], [10.5603653, 59.8988538], [10.5605059, 59.8988857], [10.5606499, 59.8989158], [10.560794, 59.898943], [10.5609414, 59.8989693], [10.5610863, 59.8989954], [10.5612329, 59.8990181], [10.5613829, 59.8990413], [10.5615277, 59.899061], [10.5616795, 59.8990792], [10.5618296, 59.8990956], [10.561978, 59.8991108], [10.5621281, 59.8991242], [10.562281, 59.8991354], [10.5624323, 59.8991448], [10.5625869, 59.8991534], [10.5627399, 59.8991594], [10.5629021, 59.8991651], [10.5630661, 59.8991681], [10.5632293, 59.8991699], [10.5633941, 59.8991709], [10.5635835, 59.8991702], [10.5637747, 59.8991679], [10.5641519, 59.8991631], [10.5673836, 59.899114], [10.5699718, 59.8990745]]}, "properties": {"electrified": "contact_line", "frequency": "16.67", "gauge": "1435", "maxspeed": "95", "name": "Drammenbanen", "operator": "Bane NOR", "passenger_lines": "2", "railway": "rail", "usage": "branch", "voltage": "15000", "length_km": 0.67, "maxspeed_kmh": 95.0}}, {"type": "Feature", "geometry": {"type": "LineString", "coordinates": [[10.5699736, 59.8991141], [10.5673826, 59.8991535], [10.5641573, 59.8992027], [10.5637775, 59.8992077], [10.5635884, 59.8992089], [10.5633977, 59.8992092], [10.5632275, 59.8992081], [10.5630659, 59.8992069], [10.5629001, 59.8992031], [10.5627342, 59.8991977], [10.5625783, 59.8991908], [10.562424, 59.8991821], [10.562269, 59.8991722], [10.5621139, 59.8991606], [10.5619585, 59.8991471], [10.5618099, 59.8991319], [10.5616613, 59.8991154], [10.5615144, 59.8990972], [10.5613627, 59.8990771], [10.5612127, 59.8990552], [10.5610636, 59.8990316], [10.5609144, 59.8990064], [10.5607673, 59.8989803], [10.5606219, 59.8989508], [10.5604773, 59.8989205], [10.5603345, 59.8988885], [10.5601924, 59.898856], [10.5600538, 59.8988209], [10.5599203, 59.8987869], [10.5597833, 59.8987498], [10.5596458, 59.8987095], [10.5595116, 59.8986683], [10.5593782, 59.8986259], [10.5592483, 59.8985817], [10.5591193, 59.8985371], [10.5589955, 59.8984917], [10.5588716, 59.8984437], [10.5587511, 59.8983948], [10.5585959, 59.8983286], [10.5584342, 59.8982591]]}, "properties": {"electrified": "contact_line", "frequency": "16.67", "gauge": "1435", "maxspeed": "95", "name": "Drammenbanen", "operator": "Bane NOR", "passenger_lines": "2", "railway": "rail", "usage": "branch", "voltage": "15000", "length_km": 0.673, "maxspeed_kmh": 95.0}}, {"type": "Feature", "geometry": {"type": "LineString", "coordinates": [[10.5078864, 59.8906218], [10.5088877, 59.8907152], [10.5089387, 59.8907202], [10.5099671, 59.8908149], [10.5104922, 59.8908591], [10.5106414, 59.8908706], [10.510797, 59.8908805], [10.510951, 59.8908892], [10.5111066, 59.8908971], [10.511289, 59.8909038], [10.5114714, 59.8909089], [10.511653, 59.8909129], [10.5118347, 59.8909152], [10.5127499, 59.8909221], [10.5136412, 59.8909263], [10.5150221, 59.8909348]]}, "properties": {"electrified": "contact_line", "frequency": "16.67", "gauge": "1435", "maxspeed": "80", "name": "Drammenbanen", "operator": "Bane NOR", "passenger_lines": "2", "railway": "rail", "usage": "branch", "voltage": "15000", "length_km": 0.402, "maxspeed_kmh": 80.0}}, {"type": "Feature", "geometry": {"type": "LineString", "coordinates": [[10.5149815, 59.8909719], [10.5136362, 59.8909656], [10.512751, 59.8909611], [10.5118344, 59.8909567], [10.5116508, 59.8909552], [10.5114656, 59.8909521], [10.511282, 59.8909478], [10.5110984, 59.8909411], [10.5109414, 59.8909336], [10.5107829, 59.8909236], [10.5106291, 59.8909132], [10.5104769, 59.8909013], [10.5099512, 59.8908543], [10.5093353, 59.890796], [10.5088577, 59.8907522], [10.5078596, 59.8906603], [10.5074646, 59.8906223]]}, "properties": {"electrified": "contact_line", "frequency": "16.67", "gauge": "1435", "maxspeed": "80", "name": "Drammenbanen", "operator": "Bane NOR", "passenger_lines": "2", "railway": "rail", "usage": "branch", "voltage": "15000", "length_km": 0.424, "maxspeed_kmh": 80.0}}, {"type": "Feature", "geometry": {"type": "LineString", "coordinates": [[10.4996737, 59.8795546], [10.4984707, 59.8790201], [10.4971611, 59.8784407], [10.4968281, 59.8782932], [10.4965065, 59.8781519], [10.4961569, 59.8780043], [10.4958124, 59.8778639], [10.4954685, 59.8777297], [10.4951244, 59.8775998], [10.4948433, 59.8774977], [10.4945609, 59.8773981], [10.4941385, 59.877255], [10.4938323, 59.8771519], [10.4935211, 59.8770526], [10.4931746, 59.8769504], [10.4928269, 59.8768513], [10.4921343, 59.8766679], [10.4917941, 59.8765755]]}, "properties": {"electrified": "contact_line", "frequency": "16.67", "gauge": "1435", "maxspeed": "105", "name": "Drammenbanen", "operator": "Bane NOR", "passenger_lines": "2", "railway": "rail", "usage": "branch", "voltage": "15000", "length_km": 0.554, "maxspeed_kmh": 105.0}}, {"type": "Feature", "geometry": {"type": "LineString", "coordinates": [[10.4996202, 59.8795826], [10.498421, 59.87905], [10.4971099, 59.8784685], [10.4967842, 59.8783236], [10.4964548, 59.8781799], [10.4961103, 59.8780349], [10.4957609, 59.8778942], [10.4954203, 59.8777618], [10.4950784, 59.8776313], [10.4947965, 59.8775301], [10.4945171, 59.8774307], [10.4940979, 59.8772894], [10.4937901, 59.877188], [10.4934786, 59.8770897], [10.4931334, 59.8769851], [10.4927857, 59.8768835], [10.4920994, 59.8767004], [10.4917653, 59.8766096]]}, "properties": {"electrified": "contact_line", "frequency": "16.67", "gauge": "1435", "maxspeed": "105", "name": "Drammenbanen", "operator": "Bane NOR", "passenger_lines": "2", "railway": "rail", "usage": "branch", "voltage": "15000", "length_km": 0.553, "maxspeed_kmh": 105.0}}, {"type": "Feature", "geometry": {"type": "LineString", "coordinates": [[10.4608572, 59.8668218], [10.460746, 59.8667251], [10.4605844, 59.8665729], [10.4604334, 59.8664224], [10.4602896, 59.8662691], [10.4601797, 59.8661425], [10.4600784, 59.8660147], [10.4599897, 59.8658925], [10.4599329, 59.865809]]}, "properties": {"electrified": "contact_line", "frequency": "16.67", "gauge": "1435", "maxspeed": "100", "name": "Drammenbanen", "operator": "Bane NOR", "passenger_lines": "2", "railway": "rail", "usage": "branch", "voltage": "15000", "length_km": 0.124, "maxspeed_kmh": 100.0}}, {"type": "Feature", "geometry": {"type": "LineString", "coordinates": [[10.4607547, 59.8668494], [10.4606352, 59.8667491], [10.4604677, 59.8666025], [10.4603052, 59.8664473], [10.460157, 59.8662939], [10.460045, 59.8661645], [10.459948, 59.8660398], [10.459854, 59.8659125], [10.4597698, 59.8657834]]}, "properties": {"electrified": "contact_line", "frequency": "16.67", "gauge": "1435", "maxspeed": "100", "name": "Drammenbanen", "operator": "Bane NOR", "passenger_lines": "2", "railway": "rail", "usage": "branch", "voltage": "15000", "length_km": 0.131, "maxspeed_kmh": 100.0}}, {"type": "Feature", "geometry": {"type": "LineString", "coordinates": [[10.4610892, 59.8605709], [10.4613423, 59.8600777]]}, "properties": {"electrified": "contact_line", "frequency": "16.67", "gauge": "1435", "maxspeed": "100", "name": "Drammenbanen", "operator": "Bane NOR", "passenger_lines": "2", "railway": "rail", "usage": "branch", "voltage": "15000", "length_km": 0.057, "maxspeed_kmh": 100.0}}, {"type": "Feature", "geometry": {"type": "LineString", "coordinates": [[10.4608429, 59.8607835], [10.4612335, 59.8598948]]}, "properties": {"electrified": "contact_line", "frequency": "16.67", "gauge": "1435", "maxspeed": "100", "name": "Drammenbanen", "operator": "Bane NOR", "passenger_lines": "2", "railway": "rail", "usage": "branch", "voltage": "15000", "length_km": 0.101, "maxspeed_kmh": 100.0}}, {"type": "Feature", "geometry": {"type": "LineString", "coordinates": [[10.4612335, 59.8598948], [10.4613161, 59.8597046], [10.4615251, 59.859245], [10.4616263, 59.8590295], [10.4617625, 59.8587545], [10.4619714, 59.8583493], [10.4619739, 59.8583445]]}, "properties": {"electrified": "contact_line", "frequency": "16.67", "gauge": "1435", "maxspeed": "105", "name": "Drammenbanen", "operator": "Bane NOR", "passenger_lines": "2", "railway": "rail", "usage": "branch", "voltage": "15000", "length_km": 0.178, "maxspeed_kmh": 105.0}}, {"type": "Feature", "geometry": {"type": "LineString", "coordinates": [[10.4613423, 59.8600777], [10.4615206, 59.8597307], [10.4617508, 59.8592766], [10.4620036, 59.8587824], [10.462252, 59.8583028]]}, "properties": {"electrified": "contact_line", "frequency": "16.67", "gauge": "1435", "maxspeed": "105", "name": "Drammenbanen", "operator": "Bane NOR", "passenger_lines": "2", "railway": "rail", "usage": "branch", "voltage": "15000", "length_km": 0.204, "maxspeed_kmh": 105.0}}, {"type": "Feature", "geometry": {"type": "LineString", "coordinates": [[10.4374892, 59.8353661], [10.4374482, 59.8353353]]}, "properties": {"electrified": "contact_line", "frequency": "16.67", "gauge": "1435", "maxspeed": "80", "name": "Drammenbanen", "operator": "Bane NOR", "passenger_lines": "2", "railway": "rail", "tunnel": "yes", "usage": "branch", "voltage": "15000", "length_km": 0.004, "maxspeed_kmh": 80.0}}, {"type": "Feature", "geometry": {"type": "LineString", "coordinates": [[10.4374484, 59.8353816], [10.4374048, 59.8353521], [10.4367301, 59.8349221]]}, "properties": {"electrified": "contact_line", "frequency": "16.67", "gauge": "1435", "maxspeed": "80", "name": "Drammenbanen", "operator": "Bane NOR", "passenger_lines": "2", "railway": "rail", "tunnel": "yes", "usage": "branch", "voltage": "15000", "length_km": 0.065, "maxspeed_kmh": 80.0}}, {"type": "Feature", "geometry": {"type": "LineString", "coordinates": [[10.4564219, 59.8438046], [10.456133, 59.8436549], [10.455437, 59.8433], [10.4547726, 59.8429614], [10.4541054, 59.8426227], [10.4534901, 59.8423087], [10.4531261, 59.8421243]]}, "properties": {"electrified": "contact_line", "frequency": "16.67", "gauge": "1435", "maxspeed": "105", "name": "Drammenbanen", "operator": "Bane NOR", "passenger_lines": "2", "railway": "rail", "usage": "branch", "voltage": "15000", "length_km": 0.263, "maxspeed_kmh": 105.0}}, {"type": "Feature", "geometry": {"type": "LineString", "coordinates": [[10.45628, 59.8438677], [10.4559687, 59.8437106], [10.4554997, 59.8434693], [10.4552922, 59.843362], [10.4546041, 59.8429934], [10.454002, 59.8426692], [10.4533925, 59.8423435], [10.4530447, 59.8421575]]}, "properties": {"electrified": "contact_line", "frequency": "16.67", "gauge": "1435", "maxspeed": "105", "name": "Drammenbanen", "operator": "Bane NOR", "passenger_lines": "2", "railway": "rail", "usage": "branch", "voltage": "15000", "length_km": 0.263, "maxspeed_kmh": 105.0}}, {"type": "Feature", "geometry": {"type": "LineString", "coordinates": [[10.4291947, 59.8287447], [10.429128, 59.8286884]]}, "properties": {"electrified": "contact_line", "frequency": "16.67", "gauge": "1435", "maxspeed": "80", "name": "Drammenbanen", "operator": "Bane NOR", "passenger_lines": "2", "railway": "rail", "tunnel": "yes", "usage": "main", "voltage": "15000", "length_km": 0.007, "maxspeed_kmh": 80.0}}, {"type": "Feature", "geometry": {"type": "LineString", "coordinates": [[10.6762984, 59.9230752], [10.6762169, 59.9230867], [10.676046, 59.9231064], [10.6758697, 59.9231262], [10.6756943, 59.9231432], [10.6755243, 59.9231584], [10.6753837, 59.9231697], [10.6752464, 59.9231794], [10.6751058, 59.9231875], [10.6749716, 59.9231949]]}, "properties": {"electrified": "contact_line", "frequency": "16.67", "gauge": "1435", "maxspeed": "90", "name": "Drammenbanen", "operator": "Bane NOR", "passenger_lines": "3", "railway": "rail", "usage": "main", "voltage": "15000", "length_km": 0.076, "maxspeed_kmh": 90.0}}, {"type": "Feature", "geometry": {"type": "LineString", "coordinates": [[10.6838009, 59.9209333], [10.6839638, 59.9208871], [10.6841248, 59.92084], [10.6848616, 59.9206281], [10.6853746, 59.9204811], [10.6858439, 59.9203464]]}, "properties": {"electrified": "contact_line", "frequency": "16.67", "gauge": "1435", "maxspeed": "90", "name": "Drammenbanen", "operator": "Bane NOR", "passenger_lines": "4", "railway": "rail", "usage": "main", "voltage": "15000", "length_km": 0.132, "maxspeed_kmh": 90.0}}, {"type": "Feature", "geometry": {"type": "LineString", "coordinates": [[10.6607204, 59.9186939], [10.6608705, 59.9187596], [10.6610237, 59.9188246], [10.6612954, 59.9189359], [10.6616184, 59.9190602]]}, "properties": {"electrified": "contact_line", "frequency": "16.67", "gauge": "1435", "name": "Drammenbanen", "operator": "Bane NOR", "passenger_lines": "3", "railway": "rail", "usage": "main", "voltage": "15000", "length_km": 0.065}}, {"type": "Feature", "geometry": {"type": "LineString", "coordinates": [[10.6621545, 59.9193863], [10.6611371, 59.9189306]]}, "properties": {"electrified": "contact_line", "frequency": "16.67", "gauge": "1435", "maxspeed": "90", "name": "Drammenbanen", "operator": "Bane NOR", "passenger_lines": "3", "railway": "rail", "usage": "main", "voltage": "15000", "length_km": 0.076, "maxspeed_kmh": 90.0}}, {"type": "Feature", "geometry": {"type": "LineString", "coordinates": [[10.5770586, 59.8997463], [10.5766046, 59.8996065], [10.5764291, 59.899554], [10.5762514, 59.8995058], [10.5760725, 59.8994572], [10.5758915, 59.8994129]]}, "properties": {"electrified": "contact_line", "frequency": "16.67", "gauge": "1435", "maxspeed": "95", "name": "Drammenbanen", "operator": "Bane NOR", "passenger_lines": "2", "railway": "rail", "usage": "branch", "voltage": "15000", "length_km": 0.075, "maxspeed_kmh": 95.0}}, {"type": "Feature", "geometry": {"type": "LineString", "coordinates": [[10.5759266, 59.8993689], [10.5761097, 59.8994117], [10.576295, 59.8994545], [10.5764799, 59.8995], [10.5766634, 59.8995461], [10.5771342, 59.8996646]]}, "properties": {"electrified": "contact_line", "frequency": "16.67", "gauge": "1435", "maxspeed": "95", "name": "Drammenbanen", "operator": "Bane NOR", "passenger_lines": "2", "railway": "rail", "usage": "branch", "voltage": "15000", "length_km": 0.075, "maxspeed_kmh": 95.0}}, {"type": "Feature", "geometry": {"type": "LineString", "coordinates": [[10.6053486, 59.9075274], [10.6052372, 59.9074965], [10.6048852, 59.9074023], [10.6045287, 59.9073125], [10.6042472, 59.9072443]]}, "properties": {"electrified": "contact_line", "frequency": "16.67", "gauge": "1435", "maxspeed": "105", "name": "Drammenbanen", "operator": "Bane NOR", "passenger_lines": "2", "railway": "rail", "usage": "branch", "voltage": "15000", "length_km": 0.069, "maxspeed_kmh": 105.0}}, {"type": "Feature", "geometry": {"type": "LineString", "coordinates": [[10.6042821, 59.9072042], [10.6045688, 59.9072691], [10.6049343, 59.9073512], [10.6052969, 59.9074362], [10.6054063, 59.9074621]]}, "properties": {"electrified": "contact_line", "frequency": "16.67", "gauge": "1435", "maxspeed": "105", "name": "Drammenbanen", "operator": "Bane NOR", "passenger_lines": "2", "railway": "rail", "usage": "branch", "voltage": "15000", "length_km": 0.069, "maxspeed_kmh": 105.0}}, {"type": "Feature", "geometry": {"type": "LineString", "coordinates": [[10.6054063, 59.9074621], [10.6056619, 59.9075257], [10.605988, 59.9076081], [10.6063255, 59.9076948], [10.606663, 59.9077859], [10.6069915, 59.9078782], [10.6072697, 59.9079621], [10.607524, 59.9080445], [10.6076868, 59.9081], [10.6078484, 59.9081567], [10.6080089, 59.9082157], [10.608332, 59.9083373], [10.6086465, 59.9084622], [10.6091553, 59.9086601], [10.6096878, 59.9088691]]}, "properties": {"electrified": "contact_line", "frequency": "16.67", "gauge": "1435", "maxspeed": "105", "name": "Drammenbanen", "operator": "Bane NOR", "passenger_lines": "2", "railway": "rail", "usage": "branch", "voltage": "15000", "length_km": 0.287, "maxspeed_kmh": 105.0}}, {"type": "Feature", "geometry": {"type": "LineString", "coordinates": [[10.609664, 59.9089467], [10.6090739, 59.9087241], [10.6088134, 59.9086264], [10.6085491, 59.908532], [10.6082162, 59.9084151], [10.6078818, 59.9083052], [10.6072978, 59.90812], [10.6071419, 59.9080701], [10.6065518, 59.9078893], [10.6062334, 59.9077898], [10.6059045, 59.9076912], [10.6055796, 59.9075928], [10.6053486, 59.9075274]]}, "properties": {"electrified": "contact_line", "frequency": "16.67", "gauge": "1435", "maxspeed": "105", "name": "Drammenbanen", "operator": "Bane NOR", "passenger_lines": "2", "railway": "rail", "usage": "branch", "voltage": "15000", "length_km": 0.289, "maxspeed_kmh": 105.0}}, {"type": "Feature", "geometry": {"type": "LineString", "coordinates": [[10.5568332, 59.8975886], [10.557108, 59.8976739], [10.5573101, 59.8977393], [10.5575112, 59.8978137], [10.5577133, 59.8978941], [10.5579127, 59.8979784], [10.5584843, 59.8982297]]}, "properties": {"electrified": "contact_line", "frequency": "16.67", "gauge": "1435", "maxspeed": "90", "name": "Drammenbanen", "operator": "Bane NOR", "passenger_lines": "2", "railway": "rail", "usage": "branch", "voltage": "15000", "length_km": 0.117, "maxspeed_kmh": 90.0}}, {"type": "Feature", "geometry": {"type": "LineString", "coordinates": [[10.5584342, 59.8982591], [10.5578583, 59.89801], [10.5576613, 59.897929], [10.5574627, 59.8978497], [10.5572563, 59.8977811], [10.5570534, 59.8977176], [10.5567648, 59.8976384]]}, "properties": {"electrified": "contact_line", "frequency": "16.67", "gauge": "1435", "maxspeed": "75", "name": "Drammenbanen", "operator": "Bane NOR", "passenger_lines": "2", "railway": "rail", "usage": "branch", "voltage": "15000", "length_km": 0.117, "maxspeed_kmh": 75.0}}, {"type": "Feature", "geometry": {"type": "LineString", "coordinates": [[10.5510124, 59.8971856], [10.5510349, 59.8971823], [10.5511742, 59.8971637], [10.5513148, 59.8971465], [10.5514567, 59.897131], [10.5515999, 59.8971168], [10.5517411, 59.897103], [10.5518849, 59.8970919], [10.5520274, 59.8970825], [10.5521739, 59.8970743], [10.5523243, 59.8970666], [10.5524763, 59.8970611], [10.5526259, 59.897056], [10.5527817, 59.8970524], [10.552846, 59.8970513]]}, "properties": {"electrified": "contact_line", "frequency": "16.67", "gauge": "1435", "maxspeed": "90", "name": "Drammenbanen", "operator": "Bane NOR", "passenger_lines": "2", "railway": "rail", "usage": "branch", "voltage": "15000", "length_km": 0.104, "maxspeed_kmh": 90.0}}, {"type": "Feature", "geometry": {"type": "LineString", "coordinates": [[10.4676633, 59.8502754], [10.467564, 59.8501355], [10.4674317, 59.8499674], [10.4672872, 59.8498021], [10.4671283, 59.8496443], [10.4669427, 59.8494805], [10.4667517, 59.8493185], [10.4665554, 59.8491574], [10.4663149, 59.8489685], [10.4660796, 59.8487796], [10.4657921, 59.8485558], [10.465572, 59.8483787], [10.4652482, 59.8481194]]}, "properties": {"electrified": "contact_line", "frequency": "16.67", "gauge": "1435", "maxspeed": "105", "name": "Drammenbanen", "operator": "Bane NOR", "passenger_lines": "2", "railway": "rail", "usage": "branch", "voltage": "15000", "length_km": 0.277, "maxspeed_kmh": 105.0}}, {"type": "Feature", "geometry": {"type": "LineString", "coordinates": [[10.4674633, 59.8502819], [10.4673776, 59.8501749], [10.4672292, 59.8500012], [10.4670864, 59.8498577], [10.4669154, 59.8496979], [10.466737, 59.8495386], [10.4665573, 59.8493757], [10.466374, 59.8492127], [10.4661467, 59.8490101], [10.4659376, 59.8488239], [10.4656577, 59.8485817], [10.4654581, 59.8484111], [10.4651517, 59.8481466]]}, "properties": {"electrified": "contact_line", "frequency": "16.67", "gauge": "1435", "maxspeed": "105", "name": "Drammenbanen", "operator": "Bane NOR", "passenger_lines": "2", "railway": "rail", "usage": "branch", "voltage": "15000", "length_km": 0.271, "maxspeed_kmh": 105.0}}, {"type": "Feature", "geometry": {"type": "LineString", "coordinates": [[10.4531261, 59.8421243], [10.4529671, 59.8420441], [10.452845, 59.8419815], [10.4527199, 59.8419188], [10.4525903, 59.841856], [10.4524682, 59.8418004], [10.4523367, 59.8417412], [10.4522021, 59.8416828], [10.4520668, 59.8416251], [10.4519299, 59.8415713], [10.4517965, 59.8415197], [10.4516586, 59.8414711], [10.4515198, 59.8414214], [10.4513765, 59.8413755], [10.4512399, 59.8413321], [10.4511018, 59.8412895], [10.4509501, 59.8412473], [10.4507983, 59.8412081], [10.4506745, 59.8411763], [10.450538, 59.8411439], [10.4504041, 59.8411134], [10.4502701, 59.8410851], [10.4501356, 59.841059], [10.4500011, 59.8410335], [10.4498655, 59.8410082], [10.4497272, 59.8409851], [10.4495658, 59.8409604], [10.4494044, 59.840937], [10.4492416, 59.8409163], [10.449075, 59.8408975], [10.4489326, 59.8408828], [10.4487873, 59.8408693], [10.4486502, 59.840858], [10.4485102, 59.8408473]]}, "properties": {"electrified": "contact_line", "frequency": "16.67", "gauge": "1435", "maxspeed": "100", "name": "Drammenbanen", "operator": "Bane NOR", "passenger_lines": "2", "railway": "rail", "usage": "branch", "voltage": "15000", "length_km": 0.302, "maxspeed_kmh": 100.0}}, {"type": "Feature", "geometry": {"type": "LineString", "coordinates": [[10.4485102, 59.8408473], [10.4483226, 59.8408357], [10.4481362, 59.8408253], [10.4479448, 59.8408161], [10.4477646, 59.8408091]]}, "properties": {"bridge": "yes", "electrified": "contact_line", "frequency": "16.67", "gauge": "1435", "maxspeed": "100", "name": "Drammenbanen", "operator": "Bane NOR", "passenger_lines": "2", "railway": "rail", "usage": "branch", "voltage": "15000", "length_km": 0.042, "maxspeed_kmh": 100.0}}, {"type": "Feature", "geometry": {"type": "LineString", "coordinates": [[10.4530447, 59.8421575], [10.4528882, 59.8420738], [10.452783, 59.84202], [10.4526479, 59.8419517], [10.452527, 59.8418917], [10.452403, 59.8418341], [10.4522749, 59.841774], [10.4521452, 59.8417169], [10.4520108, 59.8416609], [10.4518796, 59.841609], [10.4517371, 59.8415547], [10.4516122, 59.8415091], [10.4514754, 59.8414599], [10.4513356, 59.8414138], [10.4511958, 59.8413718], [10.451056, 59.8413305], [10.4509163, 59.8412892], [10.4507735, 59.8412511], [10.4506417, 59.8412189], [10.4505099, 59.8411874], [10.4503766, 59.841156], [10.4502402, 59.8411268], [10.4501032, 59.8410995], [10.4499731, 59.8410742], [10.4498388, 59.8410496], [10.4497059, 59.8410278], [10.4495451, 59.8410024], [10.4493831, 59.8409788], [10.4492203, 59.840958], [10.4490563, 59.8409385], [10.4489144, 59.8409244], [10.4487748, 59.8409121], [10.448634, 59.8409], [10.4484944, 59.8408893]]}, "properties": {"electrified": "contact_line", "frequency": "16.67", "gauge": "1435", "name": "Drammenbanen", "operator": "Bane NOR", "passenger_lines": "2", "railway": "rail", "usage": "branch", "voltage": "15000", "length_km": 0.298}}, {"type": "Feature", "geometry": {"type": "LineString", "coordinates": [[10.4484944, 59.8408893], [10.4483097, 59.8408773], [10.4481249, 59.840867], [10.4479384, 59.8408576], [10.4477553, 59.8408494]]}, "properties": {"bridge": "yes", "electrified": "contact_line", "frequency": "16.67", "gauge": "1435", "name": "Drammenbanen", "operator": "Bane NOR", "passenger_lines": "2", "railway": "rail", "usage": "branch", "voltage": "15000", "length_km": 0.042}}, {"type": "Feature", "geometry": {"type": "LineString", "coordinates": [[10.6762342, 59.9229338], [10.6765328, 59.922877], [10.676692, 59.9228426], [10.6770329, 59.9227668], [10.6773792, 59.9226864], [10.6784691, 59.9224162]]}, "properties": {"electrified": "contact_line", "frequency": "16.67", "gauge": "1435", "name": "Drammenbanen", "passenger_lines": "4", "railway": "rail", "usage": "main", "voltage": "15000", "length_km": 0.138}}, {"type": "Feature", "geometry": {"type": "LineString", "coordinates": [[10.6786296, 59.922588], [10.6783858, 59.9226566], [10.6781813, 59.9227101], [10.6779768, 59.9227617], [10.6777669, 59.9228121], [10.677557, 59.9228588], [10.677377, 59.9228969], [10.6771988, 59.9229314], [10.677018, 59.9229645], [10.6768389, 59.9229958], [10.6766993, 59.9230186], [10.6765633, 59.9230387], [10.6764254, 59.9230578], [10.6762984, 59.9230752]]}, "properties": {"electrified": "contact_line", "frequency": "16.67", "gauge": "1435", "maxspeed": "90", "name": "Drammenbanen", "operator": "Bane NOR", "passenger_lines": "4", "railway": "rail", "usage": "main", "voltage": "15000", "length_km": 0.142, "maxspeed_kmh": 90.0}}, {"type": "Feature", "geometry": {"type": "LineString", "coordinates": [[10.6785018, 59.9224528], [10.6774154, 59.9227241], [10.6770742, 59.9228053], [10.6767311, 59.9228829], [10.6765614, 59.9229174], [10.6762544, 59.9229742]]}, "properties": {"electrified": "contact_line", "frequency": "16.67", "gauge": "1435", "maxspeed": "80", "name": "Drammenbanen", "passenger_lines": "4", "railway": "rail", "usage": "main", "voltage": "15000", "length_km": 0.139, "maxspeed_kmh": 80.0}}, {"type": "Feature", "geometry": {"type": "LineString", "coordinates": [[10.6762093, 59.9228785], [10.6764495, 59.9228267], [10.676629, 59.9227819], [10.6769517, 59.9226969], [10.6772817, 59.9226055], [10.6783561, 59.9223114], [10.6786731, 59.9222255]]}, "properties": {"electrified": "contact_line", "frequency": "16.67", "gauge": "1435", "maxspeed": "90", "name": "Drammenbanen", "operator": "Bane NOR", "passenger_lines": "4", "railway": "rail", "usage": "main", "voltage": "15000", "length_km": 0.156, "maxspeed_kmh": 90.0}}, {"type": "Feature", "geometry": {"type": "LineString", "coordinates": [[10.6798801, 59.9222339], [10.6789693, 59.9224931]]}, "properties": {"bridge": "yes", "electrified": "contact_line", "frequency": "16.67", "gauge": "1435", "maxspeed": "90", "name": "Drammenbanen", "operator": "Bane NOR", "passenger_lines": "4", "railway": "rail", "usage": "main", "voltage": "15000", "length_km": 0.059, "maxspeed_kmh": 90.0}}, {"type": "Feature", "geometry": {"type": "LineString", "coordinates": [[10.6797547, 59.9221205], [10.6788316, 59.9223677]]}, "properties": {"bridge": "yes", "electrified": "contact_line", "frequency": "16.67", "gauge": "1435", "maxspeed": "80", "name": "Drammenbanen", "passenger_lines": "4", "railway": "rail", "usage": "main", "voltage": "15000", "length_km": 0.059, "maxspeed_kmh": 80.0}}, {"type": "Feature", "geometry": {"type": "LineString", "coordinates": [[10.6787927, 59.9223328], [10.6797125, 59.9220849]]}, "properties": {"bridge": "yes", "electrified": "contact_line", "frequency": "16.67", "gauge": "1435", "name": "Drammenbanen", "passenger_lines": "4", "railway": "rail", "usage": "main", "voltage": "15000", "length_km": 0.058}}, {"type": "Feature", "geometry": {"type": "LineString", "coordinates": [[10.6786731, 59.9222255], [10.6795877, 59.9219725]]}, "properties": {"bridge": "yes", "electrified": "contact_line", "frequency": "16.67", "gauge": "1435", "maxspeed": "90", "name": "Drammenbanen", "operator": "Bane NOR", "passenger_lines": "4", "railway": "rail", "usage": "main", "voltage": "15000", "length_km": 0.058, "maxspeed_kmh": 90.0}}, {"type": "Feature", "geometry": {"type": "LineString", "coordinates": [[10.2296971, 59.7416267], [10.2296699, 59.7416051], [10.2292675, 59.7412958]]}, "properties": {"electrified": "contact_line", "frequency": "16.67", "gauge": "1435", "maxspeed": "100", "name": "Drammenbanen", "operator": "Bane NOR", "passenger_lines": "2", "railway": "rail", "usage": "main", "voltage": "15000", "length_km": 0.044, "maxspeed_kmh": 100.0}}, {"type": "Feature", "geometry": {"type": "LineString", "coordinates": [[10.2291122, 59.7411585], [10.2290305, 59.7410931]]}, "properties": {"bridge": "yes", "electrified": "contact_line", "frequency": "16.67", "gauge": "1435", "maxspeed": "100", "name": "Drammenbanen", "operator": "Bane NOR", "passenger_lines": "2", "railway": "rail", "usage": "main", "voltage": "15000", "length_km": 0.009, "maxspeed_kmh": 100.0}}, {"type": "Feature", "geometry": {"type": "LineString", "coordinates": [[10.2294016, 59.7413108], [10.2297701, 59.7416038]]}, "properties": {"electrified": "contact_line", "frequency": "16.67", "gauge": "1435", "name": "Drammenbanen", "operator": "Bane NOR", "passenger_lines": "2", "railway": "rail", "usage": "main", "voltage": "15000", "length_km": 0.039}}, {"type": "Feature", "geometry": {"type": "LineString", "coordinates": [[10.2291487, 59.7411073], [10.2294016, 59.7413108]]}, "properties": {"bridge": "yes", "electrified": "contact_line", "frequency": "16.67", "gauge": "1435", "name": "Drammenbanen", "operator": "Bane NOR", "passenger_lines": "2", "railway": "rail", "usage": "main", "voltage": "15000", "length_km": 0.027}}, {"type": "Feature", "geometry": {"type": "LineString", "coordinates": [[10.6788316, 59.9223677], [10.6785018, 59.9224528]]}, "properties": {"electrified": "contact_line", "frequency": "16.67", "gauge": "1435", "maxspeed": "80", "name": "Drammenbanen", "passenger_lines": "4", "railway": "rail", "usage": "main", "voltage": "15000", "length_km": 0.021, "maxspeed_kmh": 80.0}}, {"type": "Feature", "geometry": {"type": "LineString", "coordinates": [[10.6784691, 59.9224162], [10.6787927, 59.9223328]]}, "properties": {"electrified": "contact_line", "frequency": "16.67", "gauge": "1435", "name": "Drammenbanen", "passenger_lines": "4", "railway": "rail", "usage": "main", "voltage": "15000", "length_km": 0.02}}, {"type": "Feature", "geometry": {"type": "LineString", "coordinates": [[10.6789693, 59.9224931], [10.6786296, 59.922588]]}, "properties": {"electrified": "contact_line", "frequency": "16.67", "gauge": "1435", "maxspeed": "90", "name": "Drammenbanen", "operator": "Bane NOR", "passenger_lines": "4", "railway": "rail", "usage": "main", "voltage": "15000", "length_km": 0.022, "maxspeed_kmh": 90.0}}, {"type": "Feature", "geometry": {"type": "LineString", "coordinates": [[10.2292675, 59.7412958], [10.2291122, 59.7411585]]}, "properties": {"bridge": "yes", "electrified": "contact_line", "frequency": "16.67", "gauge": "1435", "maxspeed": "100", "name": "Drammenbanen", "operator": "Bane NOR", "passenger_lines": "2", "railway": "rail", "usage": "main", "voltage": "15000", "length_km": 0.018, "maxspeed_kmh": 100.0}}, {"type": "Feature", "geometry": {"type": "LineString", "coordinates": [[10.2300937, 59.7418668], [10.2304354, 59.7421413], [10.230608, 59.7422783], [10.2307532, 59.7423919], [10.2308993, 59.742505], [10.2310264, 59.7426003], [10.2311575, 59.7426944], [10.2312883, 59.7427846], [10.2314231, 59.7428734]]}, "properties": {"electrified": "contact_line", "frequency": "16.67", "gauge": "1435", "name": "Drammenbanen", "operator": "Bane NOR", "passenger_lines": "2", "railway": "rail", "usage": "main", "voltage": "15000", "length_km": 0.135}}, {"type": "Feature", "geometry": {"type": "LineString", "coordinates": [[10.2446998, 59.748067], [10.2414806, 59.7472963], [10.2409069, 59.7471583], [10.2406453, 59.7470938], [10.2403268, 59.7470133], [10.240209, 59.7469828], [10.2400473, 59.7469394], [10.2398492, 59.7468839], [10.2396049, 59.7468124], [10.2394368, 59.7467618], [10.239271, 59.7467096], [10.2391411, 59.7466673], [10.239003, 59.7466216], [10.2388431, 59.7465666], [10.2386959, 59.7465151], [10.2385323, 59.746456], [10.2383901, 59.7464028], [10.2382961, 59.7463671], [10.2381478, 59.7463091], [10.237992, 59.7462464], [10.2378232, 59.7461766], [10.2377263, 59.7461353]]}, "properties": {"electrified": "contact_line", "frequency": "16.67", "gauge": "1435", "maxspeed": "130", "name": "Drammenbanen", "operator": "Bane NOR", "railway": "rail", "usage": "main", "voltage": "15000", "length_km": 0.449, "maxspeed_kmh": 130.0}}, {"type": "Feature", "geometry": {"type": "LineString", "coordinates": [[10.2378174, 59.7460476], [10.2380324, 59.746144], [10.2382507, 59.7462382], [10.2383874, 59.7462949], [10.238526, 59.7463513], [10.2386449, 59.7463979], [10.2387645, 59.7464439], [10.2389242, 59.7465037], [10.239087, 59.7465629], [10.2392154, 59.7466084], [10.2393449, 59.7466533], [10.2395083, 59.7467076], [10.2396723, 59.7467616], [10.2399082, 59.7468347], [10.2400266, 59.7468705], [10.2401518, 59.7469077], [10.2403558, 59.7469658], [10.2405685, 59.7470236], [10.2407555, 59.7470737], [10.2409443, 59.7471217], [10.2413202, 59.7472145], [10.2416588, 59.7472962], [10.2426397, 59.747531], [10.2432495, 59.7476769], [10.2436092, 59.747763], [10.2456256, 59.7482456]]}, "properties": {"electrified": "contact_line", "frequency": "16.67", "gauge": "1435", "maxspeed": "130", "name": "Drammenbanen", "operator": "Bane NOR", "passenger_lines": "2", "railway": "rail", "usage": "main", "voltage": "15000", "length_km": 0.505, "maxspeed_kmh": 130.0}}, {"type": "Feature", "geometry": {"type": "LineString", "coordinates": [[10.2299258, 59.7417303], [10.2300937, 59.7418668]]}, "properties": {"electrified": "contact_line", "frequency": "16.67", "gauge": "1435", "name": "Drammenbanen", "passenger_lines": "2", "railway": "rail", "usage": "main", "voltage": "15000", "length_km": 0.018}}, {"type": "Feature", "geometry": {"type": "LineString", "coordinates": [[10.229854, 59.7417529], [10.2298225, 59.7417268], [10.2297759, 59.7416891], [10.2297206, 59.7416454], [10.2296971, 59.7416267]]}, "properties": {"bridge": "yes", "electrified": "contact_line", "frequency": "16.67", "gauge": "1435", "maxspeed": "100", "name": "Drammenbanen", "operator": "Bane NOR", "passenger_lines": "2", "railway": "rail", "usage": "main", "voltage": "15000", "length_km": 0.017, "maxspeed_kmh": 100.0}}, {"type": "Feature", "geometry": {"type": "LineString", "coordinates": [[10.2080068, 59.7390137], [10.2077943, 59.7391229], [10.2075764, 59.7392356], [10.2074599, 59.7392936], [10.2073634, 59.7393388], [10.2072208, 59.7394024]]}, "properties": {"electrified": "contact_line", "frequency": "16.67", "gauge": "1435", "maxspeed": "50", "name": "Drammenbanen", "operator": "Bane NOR", "railway": "rail", "usage": "main", "voltage": "15000", "length_km": 0.062, "maxspeed_kmh": 50.0}}, {"type": "Feature", "geometry": {"type": "LineString", "coordinates": [[10.2093776, 59.7383007], [10.2092001, 59.7383939]]}, "properties": {"electrified": "contact_line", "frequency": "16.67", "gauge": "1435", "maxspeed": "40", "name": "Drammenbanen", "operator": "Bane NOR", "passenger_lines": "2", "railway": "rail", "usage": "main", "voltage": "15000", "length_km": 0.014, "maxspeed_kmh": 40.0}}, {"type": "Feature", "geometry": {"type": "LineString", "coordinates": [[10.2092001, 59.7383939], [10.2089791, 59.738526], [10.2087815, 59.7386523], [10.2083145, 59.7389515]]}, "properties": {"electrified": "contact_line", "frequency": "16.67", "gauge": "1435", "maxspeed": "50", "name": "Drammenbanen", "operator": "Bane NOR", "railway": "rail", "usage": "main", "voltage": "15000", "length_km": 0.08, "maxspeed_kmh": 50.0}}, {"type": "Feature", "geometry": {"type": "LineString", "coordinates": [[10.2064453, 59.7394809], [10.2068649, 59.7393296]]}, "properties": {"electrified": "contact_line", "frequency": "16.67", "gauge": "1435", "maxspeed": "50", "name": "Drammenbanen", "operator": "Bane NOR", "railway": "rail", "service": "siding", "voltage": "15000", "length_km": 0.029, "maxspeed_kmh": 50.0}}, {"type": "Feature", "geometry": {"type": "LineString", "coordinates": [[10.2065062, 59.7395134], [10.2069163, 59.7393652], [10.2070737, 59.739307], [10.2072121, 59.7392535], [10.2073334, 59.7391994], [10.2075775, 59.7390973], [10.2078393, 59.7389822]]}, "properties": {"electrified": "contact_line", "frequency": "16.67", "gauge": "1435", "maxspeed": "50", "name": "Drammenbanen", "operator": "Bane NOR", "railway": "rail", "usage": "main", "voltage": "15000", "length_km": 0.096, "maxspeed_kmh": 50.0}}, {"type": "Feature", "geometry": {"type": "LineString", "coordinates": [[10.2066503, 59.7395902], [10.2069381, 59.7394699], [10.2071478, 59.7393772]]}, "properties": {"electrified": "contact_line", "frequency": "16.67", "gauge": "1435", "maxspeed": "50", "name": "Drammenbanen", "operator": "Bane NOR", "railway": "rail", "usage": "main", "voltage": "15000", "length_km": 0.037, "maxspeed_kmh": 50.0}}, {"type": "Feature", "geometry": {"type": "LineString", "coordinates": [[10.2072208, 59.7394024], [10.206998, 59.7395031], [10.2067015, 59.7396257]]}, "properties": {"electrified": "contact_line", "frequency": "16.67", "gauge": "1435", "maxspeed": "50", "name": "Drammenbanen", "operator": "Bane NOR", "railway": "rail", "usage": "main", "voltage": "15000", "length_km": 0.038, "maxspeed_kmh": 50.0}}, {"type": "Feature", "geometry": {"type": "LineString", "coordinates": [[10.2083145, 59.7389515], [10.2081668, 59.7390414], [10.2080209, 59.7391204], [10.2078217, 59.7392235], [10.2075405, 59.7393683], [10.2073498, 59.7394655], [10.2071403, 59.7395645], [10.2069372, 59.7396571], [10.2066894, 59.7397637]]}, "properties": {"electrified": "contact_line", "frequency": "16.67", "gauge": "1435", "maxspeed": "60", "name": "Drammenbanen", "operator": "Bane NOR", "railway": "rail", "usage": "main", "voltage": "15000", "length_km": 0.129, "maxspeed_kmh": 60.0}}, {"type": "Feature", "geometry": {"type": "LineString", "coordinates": [[10.2083145, 59.7389515], [10.2078437, 59.7392559], [10.2076008, 59.7393956], [10.2074164, 59.7394964], [10.2072114, 59.7395982], [10.2070077, 59.7396954], [10.2067594, 59.7398047]]}, "properties": {"electrified": "contact_line", "frequency": "16.67", "gauge": "1435", "maxspeed": "60", "name": "Drammenbanen", "operator": "Bane NOR", "railway": "rail", "service": "siding", "voltage": "15000", "length_km": 0.13, "maxspeed_kmh": 60.0}}, {"type": "Feature", "geometry": {"type": "LineString", "coordinates": [[10.2079479, 59.7389803], [10.2085807, 59.7386565]]}, "properties": {"electrified": "contact_line", "frequency": "16.67", "gauge": "1435", "maxspeed": "50", "name": "Drammenbanen", "operator": "Bane NOR", "passenger_lines": "4", "railway": "rail", "usage": "main", "voltage": "15000", "length_km": 0.051, "maxspeed_kmh": 50.0}}]}