{"type": "FeatureCollection", "features": [{"type": "Feature", "geometry": {"type": "LineString", "coordinates": [[10.7931328, 59.9095116], [10.7929225, 59.9095908]]}, "properties": {"electrified": "contact_line", "frequency": "16.67", "gauge": "1435", "maxspeed": "75", "name": "Gj\u00f8vikbanen", "operator": "Bane NOR", "passenger_lines": "1", "railway": "rail", "usage": "main", "voltage": "15000", "length_km": 0.015, "maxspeed_kmh": 75.0}}, {"type": "Feature", "geometry": {"type": "LineString", "coordinates": [[10.785211, 59.9054956], [10.7835999, 59.9056298], [10.783018, 59.9056783], [10.782592, 59.9057145], [10.7821591, 59.9057531], [10.7818261, 59.9057834], [10.7814942, 59.9058145], [10.7810482, 59.9058589], [10.7806022, 59.9059048], [10.7801678, 59.9059515], [10.7797347, 59.9059995], [10.7792546, 59.9060564], [10.7787744, 59.9061153], [10.7784246, 59.9061596], [10.7780572, 59.9062081], [10.777721, 59.906254], [10.7773941, 59.9063006], [10.7767365, 59.9063988], [10.7760665, 59.9065073], [10.775245, 59.9066464], [10.7734495, 59.906962]]}, "properties": {"electrified": "contact_line", "frequency": "16.67", "gauge": "1435", "maxspeed": "110", "name": "Gj\u00f8vikbanen", "operator": "Bane NOR", "passenger_lines": "4", "railway": "rail", "usage": "main", "voltage": "15000", "length_km": 0.68, "maxspeed_kmh": 110.0}}, {"type": "Feature", "geometry": {"type": "LineString", "coordinates": [[10.7941221, 59.9090533], [10.7938722, 59.9091828], [10.7936486, 59.9092941], [10.7934242, 59.9093919], [10.7931328, 59.9095116]]}, "properties": {"electrified": "contact_line", "frequency": "16.67", "gauge": "1435", "maxspeed": "75", "name": "Gj\u00f8vikbanen", "operator": "Bane NOR", "passenger_lines": "1", "railway": "rail", "tunnel": "yes", "usage": "main", "voltage": "15000", "length_km": 0.075, "maxspeed_kmh": 75.0}}, {"type": "Feature", "geometry": {"type": "LineString", "coordinates": [[10.7924254, 59.9055242], [10.7925566, 59.9055527], [10.7926885, 59.9055838], [10.7927081, 59.9055887], [10.7928169, 59.905616], [10.7929419, 59.9056499], [10.793062, 59.905686], [10.793181, 59.9057234], [10.7932987, 59.9057628], [10.7934109, 59.9058039], [10.7936317, 59.9058898], [10.7937327, 59.9059344], [10.793832, 59.9059799], [10.7939715, 59.9060509], [10.794093, 59.9061192], [10.7942022, 59.9061849], [10.7943227, 59.9062616], [10.7944237, 59.9063338]]}, "properties": {"electrified": "contact_line", "frequency": "16.67", "gauge": "1435", "maxspeed": "75", "name": "Gj\u00f8vikbanen", "operator": "Bane NOR", "passenger_lines": "1", "railway": "rail", "usage": "main", "voltage": "15000", "length_km": 0.146, "maxspeed_kmh": 75.0}}, {"type": "Feature", "geometry": {"type": "LineString", "coordinates": [[10.8183698, 60.0403538], [10.820431, 60.0415326]]}, "properties": {"electrified": "contact_line", "frequency": "16.67", "gauge": "1435", "maxspeed": "80", "name": "Gj\u00f8vikbanen", "operator": "Bane NOR", "passenger_lines": "1", "railway": "rail", "tunnel": "yes", "usage": "main", "voltage": "15000", "length_km": 0.175, "maxspeed_kmh": 80.0}}, {"type": "Feature", "geometry": {"type": "LineString", "coordinates": [[10.8701473, 60.0804014], [10.8700833, 60.0805061], [10.8700459, 60.0805814], [10.8700073, 60.0806652], [10.8699613, 60.0807793], [10.8699133, 60.0808891], [10.8698799, 60.0809542], [10.8698444, 60.0810157], [10.8697985, 60.0810891], [10.8697473, 60.0811578], [10.8696367, 60.0813005], [10.8694562, 60.0815231], [10.8692014, 60.0818339], [10.8689091, 60.0821838], [10.8688152, 60.0822895], [10.8687014, 60.082403], [10.8685938, 60.0825004], [10.8684686, 60.0826004], [10.8683182, 60.0827045], [10.8682003, 60.0827795], [10.8680416, 60.0828717], [10.8679006, 60.0829482], [10.8677211, 60.083032], [10.867553, 60.0831044], [10.8673609, 60.0831778], [10.8671647, 60.0832455], [10.8669569, 60.0833101], [10.8667763, 60.0833595], [10.866604, 60.0834007], [10.8663879, 60.0834475], [10.8661906, 60.0834855], [10.8656958, 60.0835782], [10.8654453, 60.0836292], [10.86525, 60.0836787], [10.8650485, 60.0837344], [10.8648742, 60.083787], [10.8646571, 60.0838594], [10.8644357, 60.0839401], [10.8641915, 60.0840374], [10.8640119, 60.084115], [10.8638689, 60.0841827], [10.8637165, 60.0842629], [10.8635901, 60.0843352], [10.8634638, 60.0844149], [10.86335, 60.0844945], [10.8632456, 60.0845726], [10.8631433, 60.0846591], [10.8630554, 60.0847391]]}, "properties": {"electrified": "contact_line", "frequency": "16.67", "gauge": "1435", "maxspeed": "40", "name": "Gj\u00f8vikbanen", "operator": "Bane NOR", "passenger_lines": "2", "railway": "rail", "usage": "main", "voltage": "15000", "length_km": 0.656, "maxspeed_kmh": 40.0}}, {"type": "Feature", "geometry": {"type": "LineString", "coordinates": [[10.8656122, 60.058204], [10.8654227, 60.0581973], [10.865262, 60.0581918], [10.8650353, 60.0581854], [10.8648178, 60.0581823], [10.8645158, 60.0581807], [10.8642013, 60.0581835], [10.8640482, 60.0581857], [10.8639014, 60.0581894], [10.8637572, 60.0581936], [10.8636097, 60.0581989], [10.8633945, 60.058209], [10.8631832, 60.0582194], [10.8630303, 60.0582287], [10.8628902, 60.0582384], [10.86275, 60.0582485], [10.862622, 60.0582591], [10.8623678, 60.0582817], [10.8620835, 60.0583098], [10.8618106, 60.0583418], [10.8615495, 60.0583784], [10.8612975, 60.0584164], [10.8610055, 60.0584663], [10.8607912, 60.0585088], [10.8605475, 60.0585624], [10.8603215, 60.0586184], [10.8601086, 60.0586756], [10.8599192, 60.058734], [10.8596905, 60.0588048], [10.8594929, 60.0588751], [10.8592933, 60.0589495], [10.8591035, 60.0590309], [10.8589256, 60.0591111], [10.8586805, 60.0592265], [10.8585651, 60.0592867], [10.8584135, 60.0593693], [10.8582909, 60.0594426], [10.8581427, 60.059533], [10.858022, 60.0596113], [10.8578905, 60.059705], [10.8577578, 60.0598027], [10.8576438, 60.0598978], [10.8575097, 60.0600102], [10.8574077, 60.0601066], [10.857271, 60.0602425], [10.8571717, 60.0603522], [10.8570698, 60.060468], [10.8569679, 60.0605805], [10.8568686, 60.0606956], [10.8567855, 60.0607907], [10.8566809, 60.0608991], [10.856587, 60.0609915], [10.8564147, 60.0611588], [10.8560971, 60.0614714]]}, "properties": {"electrified": "contact_line", "frequency": "16.67", "gauge": "1435", "name": "Gj\u00f8vikbanen", "operator": "Bane NOR", "passenger_lines": "2", "railway": "rail", "usage": "main", "voltage": "15000", "length_km": 0.707}}, {"type": "Feature", "geometry": {"type": "LineString", "coordinates": [[10.5540103, 60.3941001], [10.5541439, 60.3940266], [10.5542777, 60.3939527]]}, "properties": {"electrified": "contact_line", "frequency": "16.67", "gauge": "1435", "maxspeed": "100", "name": "Gj\u00f8vikbanen", "operator": "Bane NOR", "passenger_lines": "3", "railway": "rail", "usage": "main", "voltage": "15000", "length_km": 0.022, "maxspeed_kmh": 100.0}}, {"type": "Feature", "geometry": {"type": "LineString", "coordinates": [[10.6450238, 60.7730252], [10.6450842, 60.7731316], [10.6451415, 60.773247], [10.6452244, 60.7734159], [10.6453952, 60.7737485], [10.6454709, 60.7738799], [10.6455425, 60.7740018], [10.6456172, 60.7741187], [10.6457062, 60.7742511], [10.6458597, 60.7744718], [10.6460605, 60.7747418], [10.6462205, 60.7749379], [10.6463867, 60.7751436], [10.6465728, 60.7753743], [10.6467746, 60.7756239], [10.6469587, 60.7758628], [10.6470904, 60.7760532], [10.6472127, 60.7762411], [10.6473371, 60.7764632], [10.647426, 60.7766382], [10.6474929, 60.7767863], [10.6475682, 60.7769726], [10.6476341, 60.7771533], [10.6476885, 60.7773365], [10.6477282, 60.7775111], [10.6477648, 60.7776887], [10.6477961, 60.7778725], [10.6477998, 60.7778967], [10.6478359, 60.7781339], [10.6478613, 60.7782799], [10.6478923, 60.778425], [10.6479309, 60.778551], [10.6479826, 60.7787007], [10.6480396, 60.7788231], [10.6481135, 60.7789621], [10.648217, 60.7791274], [10.6483507, 60.7793075], [10.6485163, 60.779498], [10.6487026, 60.7796807], [10.6488637, 60.7798207], [10.6490367, 60.7799636], [10.6496386, 60.7804458], [10.6498544, 60.7806212], [10.6501102, 60.7808356], [10.6503439, 60.7810355], [10.6505775, 60.7812419], [10.6508185, 60.781452], [10.6511261, 60.7817385], [10.651398, 60.7819946], [10.6517435, 60.7823289], [10.6522381, 60.7828326]]}, "properties": {"electrified": "contact_line", "frequency": "16.67", "gauge": "1435", "maxspeed": "90", "name": "Gj\u00f8vikbanen", "operator": "Bane NOR", "passenger_lines": "1", "railway": "rail", "usage": "main", "voltage": "15000", "length_km": 1.173, "maxspeed_kmh": 90.0}}, {"type": "Feature", "geometry": {"type": "LineString", "coordinates": [[10.5857097, 60.620084], [10.5858229, 60.6201623], [10.5859462, 60.6202391], [10.5860778, 60.6203205], [10.5862509, 60.6204205], [10.5864969, 60.6205578], [10.5870364, 60.6208505], [10.5902463, 60.6225828], [10.5904934, 60.6227205], [10.5907347, 60.6228611], [10.5913067, 60.6232191], [10.5915585, 60.6233909], [10.5917801, 60.6235526], [10.5920191, 60.6237358], [10.5921943, 60.6238758], [10.5923358, 60.6239982], [10.5924692, 60.6241166], [10.5926302, 60.6242649], [10.5928032, 60.6244366], [10.5929689, 60.6246092], [10.5931324, 60.6247963], [10.5933004, 60.6249968], [10.5934367, 60.6251705], [10.5936024, 60.6253877], [10.5939271, 60.6258187], [10.5944279, 60.626486], [10.5944829, 60.6265544]]}, "properties": {"electrified": "contact_line", "frequency": "16.67", "gauge": "1435", "maxspeed": "85", "name": "Gj\u00f8vikbanen", "operator": "Bane NOR", "passenger_lines": "1", "railway": "rail", "usage": "main", "voltage": "15000", "length_km": 0.877, "maxspeed_kmh": 85.0}}, {"type": "Feature", "geometry": {"type": "LineString", "coordinates": [[10.6116281, 60.6883692], [10.6114751, 60.6884829], [10.6113339, 60.688592], [10.6111797, 60.6887191], [10.6110373, 60.6888403], [10.610894, 60.6889697]]}, "properties": {"bridge": "yes", "electrified": "contact_line", "frequency": "16.67", "gauge": "1435", "maxspeed": "100", "name": "Gj\u00f8vikbanen", "operator": "Bane NOR", "passenger_lines": "1", "railway": "rail", "usage": "main", "voltage": "15000", "length_km": 0.078, "maxspeed_kmh": 100.0}}, {"type": "Feature", "geometry": {"type": "LineString", "coordinates": [[10.7276301, 60.1564493], [10.7274739, 60.1566057]]}, "properties": {"bridge": "yes", "electrified": "contact_line", "frequency": "16.67", "gauge": "1435", "maxspeed": "95", "name": "Gj\u00f8vikbanen", "operator": "Bane NOR", "passenger_lines": "1", "railway": "rail", "usage": "main", "voltage": "15000", "length_km": 0.019, "maxspeed_kmh": 95.0}}, {"type": "Feature", "geometry": {"type": "LineString", "coordinates": [[10.7986106, 59.984502], [10.798721, 59.9845608], [10.7988248, 59.984617], [10.7989072, 59.9846575]]}, "properties": {"electrified": "contact_line", "frequency": "16.67", "gauge": "1435", "maxspeed": "80", "name": "Gj\u00f8vikbanen", "operator": "Bane NOR", "passenger_lines": "1", "railway": "rail", "tunnel": "yes", "usage": "main", "voltage": "15000", "length_km": 0.024, "maxspeed_kmh": 80.0}}, {"type": "Feature", "geometry": {"type": "LineString", "coordinates": [[10.7796637, 59.9426452], [10.7797717, 59.9424263], [10.7798499, 59.9422537], [10.7799734, 59.9419782], [10.780184, 59.9415152], [10.7803355, 59.9411884], [10.7805668, 59.9406843], [10.7807014, 59.9403832], [10.780827, 59.9401112], [10.7809641, 59.9398133], [10.7811196, 59.9394646]]}, "properties": {"electrified": "contact_line", "frequency": "16.67", "gauge": "1435", "name": "Gj\u00f8vikbanen", "operator": "Bane NOR", "passenger_lines": "3", "railway": "rail", "service": "siding", "voltage": "15000", "length_km": 0.364}}, {"type": "Feature", "geometry": {"type": "LineString", "coordinates": [[10.7929225, 59.9095908], [10.7924688, 59.9097784], [10.7922151, 59.9098909], [10.7919743, 59.9099994]]}, "properties": {"electrified": "contact_line", "frequency": "16.67", "gauge": "1435", "maxspeed": "100", "name": "Gj\u00f8vikbanen", "operator": "Bane NOR", "passenger_lines": "2", "railway": "rail", "usage": "main", "voltage": "15000", "length_km": 0.07, "maxspeed_kmh": 100.0}}, {"type": "Feature", "geometry": {"type": "LineString", "coordinates": [[10.767627, 59.9079426], [10.7679382, 59.9078882]]}, "properties": {"bridge": "yes", "electrified": "contact_line", "frequency": "16.67", "gauge": "1435", "maxspeed": "110", "name": "Gj\u00f8vikbanen", "operator": "Bane NOR", "passenger_lines": "4", "railway": "rail", "usage": "main", "voltage": "15000", "length_km": 0.018, "maxspeed_kmh": 110.0}}, {"type": "Feature", "geometry": {"type": "LineString", "coordinates": [[10.7679364, 59.9079291], [10.7676259, 59.9079842]]}, "properties": {"bridge": "yes", "electrified": "contact_line", "frequency": "16.67", "gauge": "1435", "maxspeed": "110", "name": "Gj\u00f8vikbanen", "operator": "Bane NOR", "passenger_lines": "4", "railway": "rail", "usage": "main", "voltage": "15000", "length_km": 0.018, "maxspeed_kmh": 110.0}}, {"type": "Feature", "geometry": {"type": "LineString", "coordinates": [[10.766653, 59.9081008], [10.7667687, 59.9080844], [10.7669451, 59.9080583]]}, "properties": {"electrified": "contact_line", "frequency": "16.67", "gauge": "1435", "maxspeed": "40", "name": "Gj\u00f8vikbanen", "operator": "Bane NOR", "passenger_lines": "4", "railway": "rail", "usage": "main", "voltage": "15000", "length_km": 0.017, "maxspeed_kmh": 40.0}}, {"type": "Feature", "geometry": {"type": "LineString", "coordinates": [[10.6965464, 60.7941514], [10.6963762, 60.794421]]}, "properties": {"bridge": "yes", "electrified": "contact_line", "frequency": "16.67", "gauge": "1435", "maxspeed": "65", "name": "Gj\u00f8vikbanen", "operator": "Bane NOR", "passenger_lines": "1", "railway": "rail", "usage": "main", "voltage": "15000", "length_km": 0.031, "maxspeed_kmh": 65.0}}, {"type": "Feature", "geometry": {"type": "LineString", "coordinates": [[10.6963421, 60.7944773], [10.6962982, 60.7945464], [10.6961715, 60.7947461], [10.6959539, 60.7950958], [10.6955145, 60.7957961], [10.694581, 60.7972851], [10.6945378, 60.797352], [10.6944268, 60.7975291], [10.694273, 60.7977746], [10.6941746, 60.7979314], [10.6941215, 60.798016]]}, "properties": {"electrified": "contact_line", "frequency": "16.67", "gauge": "1435", "maxspeed": "65", "name": "Gj\u00f8vikbanen", "operator": "Bane NOR", "passenger_lines": "3", "railway": "rail", "usage": "main", "voltage": "15000", "length_km": 0.413, "maxspeed_kmh": 65.0}}, {"type": "Feature", "geometry": {"type": "LineString", "coordinates": [[10.6969392, 60.7900211], [10.6969183, 60.7902037]]}, "properties": {"bridge": "yes", "electrified": "contact_line", "frequency": "16.67", "gauge": "1435", "maxspeed": "90", "name": "Gj\u00f8vikbanen", "operator": "Bane NOR", "passenger_lines": "1", "railway": "rail", "usage": "main", "voltage": "15000", "length_km": 0.02, "maxspeed_kmh": 90.0}}, {"type": "Feature", "geometry": {"type": "LineString", "coordinates": [[10.6969183, 60.7902037], [10.6968972, 60.7904558], [10.6968761, 60.7908132], [10.6968762, 60.7912664], [10.6968988, 60.7916993], [10.696921, 60.7919827], [10.6969739, 60.7924492], [10.6969856, 60.7925754], [10.6969927, 60.7926737]]}, "properties": {"electrified": "contact_line", "frequency": "16.67", "gauge": "1435", "maxspeed": "90", "name": "Gj\u00f8vikbanen", "operator": "Bane NOR", "passenger_lines": "1", "railway": "rail", "usage": "main", "voltage": "15000", "length_km": 0.275, "maxspeed_kmh": 90.0}}, {"type": "Feature", "geometry": {"type": "LineString", "coordinates": [[10.6601981, 60.7843388], [10.6607789, 60.7843542], [10.66087, 60.7843566], [10.6617974, 60.7843722], [10.6628188, 60.7843837], [10.6638423, 60.7843879], [10.6648808, 60.7843847], [10.6654204, 60.7843816], [10.6659031, 60.7843822], [10.6662293, 60.784386], [10.6665467, 60.784393], [10.6668806, 60.7844091], [10.667144, 60.784422], [10.6674514, 60.7844484], [10.6677567, 60.784478], [10.6681269, 60.7845269], [10.6684002, 60.7845683], [10.6686868, 60.7846173], [10.6689953, 60.7846802], [10.6693226, 60.7847544], [10.6696686, 60.7848453], [10.6699805, 60.7849346], [10.6704995, 60.7850938], [10.6707453, 60.7851648], [10.6711376, 60.7852735], [10.6713767, 60.7853326], [10.6716082, 60.7853864], [10.6718396, 60.7854311], [10.6720611, 60.7854698], [10.6723234, 60.7855075], [10.6725735, 60.7855392], [10.6728259, 60.7855623], [10.6730595, 60.7855806], [10.6732876, 60.785594], [10.6734948, 60.7856005], [10.6737372, 60.7856037], [10.6739466, 60.7856021], [10.6741857, 60.7855957], [10.6744436, 60.7855838], [10.6746717, 60.7855682], [10.6749197, 60.785544], [10.675172, 60.7855155], [10.6754707, 60.7854725], [10.6757396, 60.7854268], [10.6760371, 60.785366], [10.6763225, 60.7852966], [10.6765594, 60.7852326], [10.67676, 60.7851724], [10.6770289, 60.7850804], [10.6772614, 60.7849927], [10.6774598, 60.7849072], [10.677711, 60.7847894], [10.6779546, 60.7846582], [10.6781551, 60.7845334], [10.6782797, 60.7844495], [10.6784769, 60.7843101]]}, "properties": {"electrified": "contact_line", "frequency": "16.67", "gauge": "1435", "maxspeed": "85", "name": "Gj\u00f8vikbanen", "operator": "Bane NOR", "passenger_lines": "1", "railway": "rail", "usage": "main", "voltage": "15000", "length_km": 1.075, "maxspeed_kmh": 85.0}}, {"type": "Feature", "geometry": {"type": "LineString", "coordinates": [[10.6933095, 60.7799135], [10.6934253, 60.7801282], [10.6936818, 60.7806422]]}, "properties": {"bridge": "yes", "electrified": "contact_line", "frequency": "16.67", "gauge": "1435", "maxspeed": "75", "name": "Gj\u00f8vikbanen", "operator": "Bane NOR", "passenger_lines": "1", "railway": "rail", "usage": "main", "voltage": "15000", "length_km": 0.084, "maxspeed_kmh": 75.0}}, {"type": "Feature", "geometry": {"type": "LineString", "coordinates": [[10.6936818, 60.7806422], [10.6936987, 60.780675]]}, "properties": {"electrified": "contact_line", "frequency": "16.67", "gauge": "1435", "maxspeed": "75", "name": "Gj\u00f8vikbanen", "operator": "Bane NOR", "passenger_lines": "1", "railway": "rail", "usage": "main", "voltage": "15000", "length_km": 0.004, "maxspeed_kmh": 75.0}}, {"type": "Feature", "geometry": {"type": "LineString", "coordinates": [[10.6969927, 60.7926737], [10.6969918, 60.7928228], [10.6969839, 60.7929721], [10.6969687, 60.7931005], [10.6969355, 60.7932731], [10.6968904, 60.7934444]]}, "properties": {"bridge": "yes", "electrified": "contact_line", "frequency": "16.67", "gauge": "1435", "maxspeed": "90", "name": "Gj\u00f8vikbanen", "operator": "Bane NOR", "passenger_lines": "1", "railway": "rail", "usage": "main", "voltage": "15000", "length_km": 0.086, "maxspeed_kmh": 90.0}}, {"type": "Feature", "geometry": {"type": "LineString", "coordinates": [[10.6968904, 60.7934444], [10.6968506, 60.7935575], [10.6968039, 60.7936785], [10.6967571, 60.7937872], [10.6966773, 60.7939341], [10.6966074, 60.7940532], [10.6965464, 60.7941514]]}, "properties": {"electrified": "contact_line", "frequency": "16.67", "gauge": "1435", "maxspeed": "65", "name": "Gj\u00f8vikbanen", "operator": "Bane NOR", "passenger_lines": "1", "railway": "rail", "usage": "main", "voltage": "15000", "length_km": 0.081, "maxspeed_kmh": 65.0}}, {"type": "Feature", "geometry": {"type": "LineString", "coordinates": [[10.5855794, 60.6199889], [10.5857097, 60.620084]]}, "properties": {"bridge": "yes", "electrified": "contact_line", "frequency": "16.67", "gauge": "1435", "maxspeed": "85", "name": "Gj\u00f8vikbanen", "operator": "Bane NOR", "passenger_lines": "1", "railway": "rail", "usage": "main", "voltage": "15000", "length_km": 0.013, "maxspeed_kmh": 85.0}}, {"type": "Feature", "geometry": {"type": "LineString", "coordinates": [[10.5847712, 60.6142993], [10.584693, 60.6145434], [10.5846387, 60.6147338], [10.5845715, 60.6150015], [10.584521, 60.6152166], [10.5844758, 60.6154469], [10.5844344, 60.6156924], [10.5843969, 60.6159728], [10.5843801, 60.6161396], [10.5843643, 60.616326]]}, "properties": {"electrified": "contact_line", "frequency": "16.67", "gauge": "1435", "maxspeed": "85", "name": "Gj\u00f8vikbanen", "operator": "Bane NOR", "passenger_lines": "1", "railway": "rail", "usage": "main", "voltage": "15000", "length_km": 0.227, "maxspeed_kmh": 85.0}}, {"type": "Feature", "geometry": {"type": "LineString", "coordinates": [[10.5852928, 60.6130001], [10.5850396, 60.6135994], [10.5848931, 60.613961], [10.5847712, 60.6142993]]}, "properties": {"electrified": "contact_line", "frequency": "16.67", "gauge": "1435", "maxspeed": "85", "name": "Gj\u00f8vikbanen", "operator": "Bane NOR", "passenger_lines": "1", "railway": "rail", "usage": "main", "voltage": "15000", "length_km": 0.148, "maxspeed_kmh": 85.0}}, {"type": "Feature", "geometry": {"type": "LineString", "coordinates": [[10.5746689, 60.5961501], [10.5747274, 60.5963899], [10.5748114, 60.5966813], [10.5749147, 60.596971], [10.5750028, 60.597176], [10.5750233, 60.5972237], [10.5751388, 60.597467], [10.5752375, 60.5976461], [10.575349, 60.5978409], [10.5754772, 60.5980434], [10.5756402, 60.5982684], [10.5757106, 60.5983607], [10.5758713, 60.5985715], [10.5761345, 60.5988889], [10.5765036, 60.5993189], [10.5771527, 60.6000831], [10.5773236, 60.6002875], [10.5774552, 60.6004583], [10.5775652, 60.6005993], [10.5777082, 60.6007832], [10.577836, 60.6009583], [10.5779537, 60.6011235], [10.5780701, 60.6012931], [10.5781802, 60.6014627], [10.5782733, 60.6016035], [10.5783632, 60.6017495], [10.5784644, 60.6019209], [10.5785429, 60.6020582], [10.578639, 60.6022253], [10.5787276, 60.6023874], [10.5788882, 60.6027037], [10.5794159, 60.6037943], [10.5795655, 60.6041104], [10.579715, 60.6044203], [10.5798676, 60.6047065], [10.5799933, 60.6048986], [10.5801161, 60.6050807], [10.5802416, 60.6052356], [10.5804287, 60.6054413], [10.5805891, 60.6055993], [10.5807546, 60.6057466], [10.5809201, 60.6058843], [10.5810882, 60.6060112], [10.5812769, 60.6061502], [10.5816803, 60.6064389], [10.5819066, 60.6066008], [10.5821083, 60.6067499], [10.5822803, 60.6068908], [10.5824652, 60.607038], [10.5826591, 60.6072017], [10.5828464, 60.6073701], [10.5830223, 60.6075383], [10.5832059, 60.6077166], [10.5833701, 60.6078905], [10.5835485, 60.6080872], [10.583727, 60.6082947], [10.5839161, 60.6085156], [10.5840976, 60.6087349], [10.5848894, 60.6096775], [10.5850303, 60.6098488], [10.5851381, 60.6099799]]}, "properties": {"electrified": "contact_line", "frequency": "16.67", "gauge": "1435", "maxspeed": "100", "name": "Gj\u00f8vikbanen", "operator": "Bane NOR", "passenger_lines": "1", "railway": "rail", "usage": "main", "voltage": "15000", "length_km": 1.656, "maxspeed_kmh": 100.0}}, {"type": "Feature", "geometry": {"type": "LineString", "coordinates": [[10.6266922, 60.7519444], [10.6267843, 60.7520057]]}, "properties": {"bridge": "yes", "electrified": "contact_line", "frequency": "16.67", "gauge": "1435", "maxspeed": "75", "name": "Gj\u00f8vikbanen", "operator": "Bane NOR", "passenger_lines": "1", "railway": "rail", "usage": "main", "voltage": "15000", "length_km": 0.008, "maxspeed_kmh": 75.0}}, {"type": "Feature", "geometry": {"type": "LineString", "coordinates": [[10.6267843, 60.7520057], [10.6270695, 60.7521924], [10.6273534, 60.752369], [10.6275323, 60.7524785], [10.6278461, 60.75266], [10.6282022, 60.7528661], [10.6285019, 60.7530484], [10.6286581, 60.7531498], [10.6287689, 60.75323], [10.6288638, 60.7533034], [10.6289468, 60.753373], [10.6290279, 60.7534484], [10.6290991, 60.7535189], [10.6291742, 60.7535991], [10.6292415, 60.753686], [10.6293087, 60.7537836], [10.6293621, 60.7538734], [10.6294115, 60.7539778], [10.6294471, 60.7540725], [10.6294738, 60.75417], [10.6294926, 60.754255], [10.6295053, 60.754365], [10.6295059, 60.7544586], [10.6295005, 60.754556], [10.6294889, 60.7546753], [10.6294709, 60.7547806], [10.6294485, 60.7549097], [10.629408, 60.7551273], [10.6293955, 60.7552265], [10.6293874, 60.7553173], [10.6293847, 60.7554072], [10.6293919, 60.7554959], [10.6294008, 60.7555736], [10.6294161, 60.7556499], [10.629435, 60.7557254], [10.6294682, 60.7558131], [10.6295257, 60.7559373], [10.6295868, 60.7560409], [10.6296478, 60.7561291], [10.6297215, 60.7562221], [10.6298194, 60.7563318], [10.6299201, 60.7564298], [10.6300339, 60.7565262], [10.6302028, 60.7566549], [10.6303333, 60.7567425], [10.6304965, 60.7568401], [10.6306531, 60.756923], [10.6308313, 60.757011], [10.6310355, 60.7571049], [10.6312857, 60.757215], [10.6316183, 60.7573588], [10.6319, 60.7574811]]}, "properties": {"electrified": "contact_line", "frequency": "16.67", "gauge": "1435", "maxspeed": "75", "name": "Gj\u00f8vikbanen", "operator": "Bane NOR", "passenger_lines": "1", "railway": "rail", "usage": "main", "voltage": "15000", "length_km": 0.704, "maxspeed_kmh": 75.0}}, {"type": "Feature", "geometry": {"type": "LineString", "coordinates": [[10.6235155, 60.2824296], [10.6236701, 60.2823862], [10.6238571, 60.2823349], [10.6240606, 60.2822784], [10.6244577, 60.2821808], [10.6247051, 60.2821247], [10.6249108, 60.2820841], [10.625224, 60.2820276], [10.6254971, 60.2819903], [10.6257993, 60.2819573], [10.6259718, 60.2819415], [10.6261657, 60.2819277], [10.6263563, 60.2819153], [10.6266835, 60.2818966], [10.6272314, 60.2818677]]}, "properties": {"electrified": "contact_line", "frequency": "16.67", "gauge": "1435", "maxspeed": "50", "name": "Gj\u00f8vikbanen", "passenger_lines": "2", "railway": "rail", "usage": "branch", "voltage": "15000", "length_km": 0.218, "maxspeed_kmh": 50.0}}, {"type": "Feature", "geometry": {"type": "LineString", "coordinates": [[10.6233945, 60.282521], [10.6230931, 60.2826116], [10.6227797, 60.2827087], [10.6225552, 60.2827819], [10.6222685, 60.2828771], [10.6219679, 60.2829796], [10.6213673, 60.2831861], [10.6205613, 60.2834671], [10.6201126, 60.2836228], [10.6186949, 60.2841158], [10.6185327, 60.2841707], [10.6183925, 60.2842155], [10.6182122, 60.2842681], [10.6180705, 60.2843077], [10.6179012, 60.2843521], [10.6177452, 60.2843874], [10.6174979, 60.2844424], [10.6172687, 60.2844911], [10.6169571, 60.284552]]}, "properties": {"electrified": "contact_line", "frequency": "16.67", "gauge": "1435", "maxspeed": "50", "name": "Gj\u00f8vikbanen", "passenger_lines": "4", "railway": "rail", "usage": "main", "voltage": "15000", "length_km": 0.423, "maxspeed_kmh": 50.0}}, {"type": "Feature", "geometry": {"type": "LineString", "coordinates": [[10.5935377, 60.2946605], [10.5933949, 60.2947385]]}, "properties": {"bridge": "yes", "electrified": "contact_line", "frequency": "16.67", "gauge": "1435", "maxspeed": "80", "name": "Gj\u00f8vikbanen", "operator": "Bane NOR", "passenger_lines": "1", "railway": "rail", "usage": "main", "voltage": "15000", "length_km": 0.012, "maxspeed_kmh": 80.0}}, {"type": "Feature", "geometry": {"type": "LineString", "coordinates": [[10.6640715, 60.257623], [10.6640597, 60.257702], [10.6640505, 60.2577969]]}, "properties": {"bridge": "yes", "electrified": "contact_line", "frequency": "16.67", "gauge": "1435", "maxspeed": "70", "name": "Gj\u00f8vikbanen", "operator": "Bane NOR", "passenger_lines": "2", "railway": "rail", "usage": "main", "voltage": "15000", "length_km": 0.019, "maxspeed_kmh": 70.0}}, {"type": "Feature", "geometry": {"type": "LineString", "coordinates": [[10.7682265, 59.9527222], [10.7681236, 59.9527826], [10.7680169, 59.9528507], [10.7679027, 59.9529276], [10.7677947, 59.9530071], [10.7677136, 59.9530723], [10.7676334, 59.95314], [10.7675499, 59.9532159]]}, "properties": {"electrified": "contact_line", "frequency": "16.67", "gauge": "1435", "maxspeed": "80", "name": "Gj\u00f8vikbanen", "operator": "Bane NOR", "passenger_lines": "1", "railway": "rail", "usage": "main", "voltage": "15000", "length_km": 0.067, "maxspeed_kmh": 80.0}}, {"type": "Feature", "geometry": {"type": "LineString", "coordinates": [[10.7683545, 59.9526489], [10.7682265, 59.9527222]]}, "properties": {"bridge": "yes", "electrified": "contact_line", "frequency": "16.67", "gauge": "1435", "maxspeed": "80", "name": "Gj\u00f8vikbanen", "operator": "Bane NOR", "passenger_lines": "1", "railway": "rail", "usage": "main", "voltage": "15000", "length_km": 0.011, "maxspeed_kmh": 80.0}}, {"type": "Feature", "geometry": {"type": "LineString", "coordinates": [[10.8258781, 60.1190377], [10.8257571, 60.1190812]]}, "properties": {"bridge": "yes", "electrified": "contact_line", "frequency": "16.67", "gauge": "1435", "maxspeed": "80", "name": "Gj\u00f8vikbanen", "operator": "Bane NOR", "passenger_lines": "1", "railway": "rail", "usage": "main", "voltage": "15000", "length_km": 0.008, "maxspeed_kmh": 80.0}}, {"type": "Feature", "geometry": {"type": "LineString", "coordinates": [[10.7675499, 59.9532159], [10.7674591, 59.9533068], [10.7673693, 59.9534043], [10.7672864, 59.9535007], [10.7672181, 59.9535947]]}, "properties": {"bridge": "yes", "electrified": "contact_line", "frequency": "16.67", "gauge": "1435", "maxspeed": "80", "name": "Gj\u00f8vikbanen", "operator": "Bane NOR", "passenger_lines": "1", "railway": "rail", "usage": "main", "voltage": "15000", "length_km": 0.046, "maxspeed_kmh": 80.0}}, {"type": "Feature", "geometry": {"type": "LineString", "coordinates": [[10.7672181, 59.9535947], [10.7671788, 59.9536487], [10.767133, 59.9537263], [10.7670899, 59.9538052], [10.7670619, 59.9538649], [10.7670124, 59.9539819], [10.7669845, 59.9540582], [10.7669603, 59.9541428], [10.7669438, 59.9542267], [10.7669258, 59.9543106]]}, "properties": {"electrified": "contact_line", "frequency": "16.67", "gauge": "1435", "maxspeed": "80", "name": "Gj\u00f8vikbanen", "operator": "Bane NOR", "passenger_lines": "1", "railway": "rail", "usage": "main", "voltage": "15000", "length_km": 0.082, "maxspeed_kmh": 80.0}}, {"type": "Feature", "geometry": {"type": "LineString", "coordinates": [[10.7812886, 59.9657038], [10.780994, 59.9656177]]}, "properties": {"bridge": "yes", "electrified": "contact_line", "frequency": "16.67", "gauge": "1435", "maxspeed": "40", "name": "Gj\u00f8vikbanen", "operator": "Bane NOR", "railway": "rail", "usage": "main", "voltage": "15000", "length_km": 0.019, "maxspeed_kmh": 40.0}}, {"type": "Feature", "geometry": {"type": "LineString", "coordinates": [[10.7669201, 59.9543626], [10.7669213, 59.9544472], [10.7669225, 59.9545437], [10.7669325, 59.9546358], [10.7669436, 59.9547198], [10.7669673, 59.9548169], [10.7670008, 59.9549394], [10.7670397, 59.9550596], [10.7671528, 59.9553801], [10.7671901, 59.9555002], [10.7672199, 59.9556122], [10.7672448, 59.9557472], [10.7672547, 59.9558524], [10.7672547, 59.9559538], [10.7672472, 59.9560689], [10.7672286, 59.9561716], [10.7672037, 59.9562786], [10.7671702, 59.95639], [10.7671267, 59.9565051], [10.7669813, 59.956861], [10.7669403, 59.9569699], [10.7669005, 59.9570807], [10.7668707, 59.9571914], [10.7668446, 59.957324], [10.7668359, 59.9574478], [10.7668396, 59.9575545], [10.7668581, 59.9576949], [10.766895, 59.9578264], [10.7669442, 59.9579588], [10.7670013, 59.9580697], [10.7670954, 59.9582206], [10.7671868, 59.9583403], [10.7673028, 59.9584661], [10.7674574, 59.9586069], [10.7675787, 59.958705], [10.7677255, 59.9588084], [10.7679179, 59.9589285], [10.7680735, 59.959013], [10.7682255, 59.9590891], [10.7684162, 59.9591749], [10.7685955, 59.9592435], [10.7687862, 59.9593135], [10.7690402, 59.9593966]]}, "properties": {"electrified": "contact_line", "frequency": "16.67", "gauge": "1435", "maxspeed": "80", "name": "Gj\u00f8vikbanen", "operator": "Bane NOR", "passenger_lines": "1", "railway": "rail", "usage": "main", "voltage": "15000", "length_km": 0.609, "maxspeed_kmh": 80.0}}, {"type": "Feature", "geometry": {"type": "LineString", "coordinates": [[10.7669258, 59.9543106], [10.7669201, 59.9543626]]}, "properties": {"bridge": "yes", "electrified": "contact_line", "frequency": "16.67", "gauge": "1435", "maxspeed": "80", "name": "Gj\u00f8vikbanen", "operator": "Bane NOR", "passenger_lines": "1", "railway": "rail", "usage": "main", "voltage": "15000", "length_km": 0.006, "maxspeed_kmh": 80.0}}, {"type": "Feature", "geometry": {"type": "LineString", "coordinates": [[10.7886163, 59.9703951], [10.7885796, 59.9707547], [10.7885507, 59.9711743], [10.788541, 59.9714879], [10.7885451, 59.971886], [10.7885664, 59.9721952], [10.7885829, 59.9724326], [10.7886081, 59.9726937], [10.788645, 59.9729558], [10.7886995, 59.9732908], [10.7887764, 59.9736883], [10.7888871, 59.9741462], [10.7889815, 59.9745492], [10.7890106, 59.974721], [10.7890242, 59.9748344], [10.7890271, 59.9749519], [10.7890232, 59.9750839], [10.7890077, 59.9752023], [10.7889805, 59.9753373], [10.7889437, 59.9754542], [10.7889039, 59.9755542], [10.7888583, 59.9756513], [10.7887972, 59.9757644], [10.7887277, 59.9758801], [10.7886398, 59.9760124], [10.7883552, 59.976429], [10.788301, 59.9765165], [10.7882441, 59.9766129], [10.7881954, 59.9767176], [10.7881652, 59.976801], [10.7881323, 59.9769036], [10.7881138, 59.9769973], [10.7880952, 59.977115], [10.7880932, 59.9772118], [10.7881016, 59.9773308], [10.7881186, 59.9774417], [10.7881419, 59.9775381], [10.7881761, 59.9776405], [10.7882275, 59.9777589], [10.7882893, 59.9778745], [10.7883524, 59.977973], [10.7884264, 59.9780749], [10.7885101, 59.9781748], [10.7885972, 59.9782688], [10.7886919, 59.9783635], [10.7887996, 59.9784538], [10.7889134, 59.9785451], [10.7890211, 59.978623], [10.78915, 59.978706], [10.7892673, 59.9787791], [10.7894072, 59.978856], [10.7895732, 59.9789407], [10.7897186, 59.9790063], [10.7898661, 59.979068], [10.790017, 59.9791277], [10.790198, 59.9791922], [10.7904134, 59.9792602], [10.7906404, 59.9793254], [10.7908626, 59.979381], [10.791195, 59.9794576], [10.7913997, 59.9794963], [10.7916363, 59.9795399], [10.7919175, 59.9795906], [10.7921439, 59.9796294], [10.7927591, 59.9797354], [10.7930677, 59.9797958], [10.7933016, 59.9798459], [10.7935629, 59.979908], [10.7937831, 59.9799691], [10.7939689, 59.9800281], [10.7941801, 59.9801036], [10.7943386, 59.980165], [10.7945313, 59.9802508], [10.7947124, 59.9803407], [10.7948434, 59.9804141], [10.7949867, 59.9805006], [10.7951362, 59.9806018], [10.7952672, 59.9807034], [10.7953667, 59.9807875], [10.7954387, 59.9808527], [10.7955134, 59.9809281], [10.7955916, 59.9810177], [10.7956698, 59.9811158], [10.7957384, 59.9812174], [10.7957981, 59.9813217], [10.7958543, 59.9814356], [10.7959044, 59.9815688], [10.7959517, 59.9816985], [10.7960506, 59.9820116], [10.7961061, 59.9821626], [10.7961679, 59.9823022], [10.7962426, 59.9824361], [10.7962921, 59.9825196], [10.7963523, 59.9826082], [10.7964187, 59.9826913]]}, "properties": {"electrified": "contact_line", "frequency": "16.67", "gauge": "1435", "maxspeed": "80", "name": "Gj\u00f8vikbanen", "operator": "Bane NOR", "passenger_lines": "1", "railway": "rail", "usage": "main", "voltage": "15000", "length_km": 1.596, "maxspeed_kmh": 80.0}}, {"type": "Feature", "geometry": {"type": "LineString", "coordinates": [[10.788637, 59.9701502], [10.7886163, 59.9703951]]}, "properties": {"bridge": "yes", "electrified": "contact_line", "frequency": "16.67", "gauge": "1435", "maxspeed": "80", "name": "Gj\u00f8vikbanen", "operator": "Bane NOR", "passenger_lines": "1", "railway": "rail", "usage": "main", "voltage": "15000", "length_km": 0.027, "maxspeed_kmh": 80.0}}, {"type": "Feature", "geometry": {"type": "LineString", "coordinates": [[10.7679382, 59.9078882], [10.7690283, 59.9076972], [10.7695121, 59.9076117]]}, "properties": {"electrified": "contact_line", "frequency": "16.67", "gauge": "1435", "maxspeed": "110", "name": "Gj\u00f8vikbanen", "operator": "Bane NOR", "passenger_lines": "4", "railway": "rail", "usage": "main", "voltage": "15000", "length_km": 0.093, "maxspeed_kmh": 110.0}}, {"type": "Feature", "geometry": {"type": "LineString", "coordinates": [[10.7864012, 59.9671306], [10.7863287, 59.9671084], [10.7861865, 59.9670706], [10.7860599, 59.9670392], [10.7859396, 59.9670145], [10.7857968, 59.9669844], [10.7856997, 59.9669636], [10.7855903, 59.9669377]]}, "properties": {"electrified": "contact_line", "frequency": "16.67", "gauge": "1435", "maxspeed": "35", "name": "Gj\u00f8vikbanen", "operator": "Bane NOR", "passenger_lines": "2", "railway": "rail", "usage": "main", "voltage": "15000", "length_km": 0.05, "maxspeed_kmh": 35.0}}, {"type": "Feature", "geometry": {"type": "LineString", "coordinates": [[10.807225, 60.0120056], [10.8072986, 60.0122059], [10.807368, 60.0123869], [10.8074222, 60.012511], [10.8074881, 60.0126375], [10.8075505, 60.0127458], [10.807617, 60.0128466], [10.8076986, 60.012959], [10.8077953, 60.0130738], [10.8079181, 60.0132024], [10.8080505, 60.0133272], [10.8082021, 60.0134567], [10.8083125, 60.013539], [10.8084215, 60.0136206], [10.8085686, 60.0137179], [10.8087102, 60.0138071], [10.8088499, 60.0138861], [10.809008, 60.0139719], [10.809137, 60.0140374], [10.8093077, 60.0141154], [10.8095434, 60.0142187], [10.8097429, 60.0143], [10.8099226, 60.0143699], [10.8105248, 60.014601], [10.8107635, 60.0146983], [10.8109542, 60.0147785], [10.8111654, 60.0148793], [10.8113286, 60.0149602], [10.8115207, 60.0150692], [10.8116702, 60.0151597], [10.8118307, 60.0152715], [10.8119843, 60.0153894], [10.8121297, 60.0155148], [10.8122354, 60.0156149], [10.8123506, 60.0157417], [10.8124548, 60.015874], [10.8125262, 60.0159735], [10.8125924, 60.0160836], [10.8126541, 60.0162153], [10.8127063, 60.0163448], [10.8127405, 60.0164593], [10.8127643, 60.0165847], [10.8127804, 60.0167188], [10.8127804, 60.0168409], [10.812771, 60.0169764], [10.8127522, 60.0170898], [10.8127267, 60.0171904], [10.8126851, 60.0173084], [10.8126355, 60.0174218], [10.8125804, 60.0175305], [10.8125214, 60.0176244], [10.8124408, 60.0177418], [10.8123509, 60.0178545], [10.8122449, 60.0179745], [10.812124, 60.0180978], [10.8119292, 60.0182909], [10.8107258, 60.0194533], [10.810535, 60.0196387], [10.8103651, 60.0198071], [10.8101981, 60.0199902], [10.8100842, 60.0201301], [10.8099743, 60.0202869], [10.8099178, 60.020383], [10.8098641, 60.020485], [10.8098131, 60.0205973], [10.8097701, 60.0207127], [10.8097366, 60.0208314], [10.8097097, 60.0209763], [10.8096975, 60.0210856], [10.8096921, 60.0211912], [10.8096948, 60.0213079], [10.8097109, 60.0214656], [10.8097337, 60.021601], [10.8097646, 60.0217694], [10.8098548, 60.0221802], [10.8099111, 60.0224478], [10.8099487, 60.0226329], [10.8099782, 60.0227811], [10.8100037, 60.0229461], [10.8100319, 60.0231661], [10.8100522, 60.0234081], [10.8100616, 60.023612], [10.8100637, 60.0237508], [10.8100576, 60.0240144], [10.8100428, 60.0242156], [10.810024, 60.0244121], [10.8099985, 60.0245931], [10.8099663, 60.0247816], [10.809926, 60.0249781], [10.8098777, 60.0251793], [10.8098419, 60.0253108], [10.809714, 60.0257748]]}, "properties": {"electrified": "contact_line", "frequency": "16.67", "gauge": "1435", "maxspeed": "90", "name": "Gj\u00f8vikbanen", "operator": "Bane NOR", "passenger_lines": "1", "railway": "rail", "usage": "main", "voltage": "15000", "length_km": 1.679, "maxspeed_kmh": 90.0}}, {"type": "Feature", "geometry": {"type": "LineString", "coordinates": [[10.6667417, 60.2620382], [10.6667247, 60.2622747], [10.6667033, 60.2625152], [10.6666629, 60.2628893], [10.6666229, 60.2632176], [10.6665708, 60.2635587], [10.6665345, 60.2637761], [10.6665128, 60.2639159], [10.6664789, 60.2640652], [10.6664393, 60.2641927], [10.6663794, 60.2643336], [10.6662906, 60.2644911], [10.66618, 60.264649], [10.6660349, 60.2648117], [10.6658319, 60.2649971], [10.6656482, 60.2651265], [10.6654193, 60.265269], [10.6651217, 60.2654232], [10.6649251, 60.265512], [10.6646768, 60.2656105], [10.6638443, 60.2659137], [10.663502, 60.2660474], [10.6631856, 60.2661924], [10.663009, 60.2662884], [10.6628245, 60.2664032], [10.6626374, 60.2665373], [10.6624682, 60.2666718], [10.6623246, 60.2668189], [10.6622235, 60.2669367], [10.662125, 60.2670789], [10.6620514, 60.2672006], [10.6620106, 60.2673097], [10.6619645, 60.2674363], [10.6619379, 60.2675569], [10.6619211, 60.2676715]]}, "properties": {"electrified": "contact_line", "frequency": "16.67", "gauge": "1435", "maxspeed": "80", "name": "Gj\u00f8vikbanen", "operator": "Bane NOR", "passenger_lines": "1", "railway": "rail", "usage": "main", "voltage": "15000", "length_km": 0.719, "maxspeed_kmh": 80.0}}, {"type": "Feature", "geometry": {"type": "LineString", "coordinates": [[10.5933949, 60.2947385], [10.5929916, 60.2949583], [10.5924754, 60.2952301], [10.5919077, 60.2955124], [10.5912352, 60.2958373], [10.5909705, 60.2959559], [10.5907133, 60.296074], [10.5903892, 60.2962178], [10.5901132, 60.2963377], [10.5898381, 60.2964516], [10.5888405, 60.2968773], [10.5885758, 60.2969922], [10.5883648, 60.2970893], [10.5881688, 60.297185], [10.5880294, 60.2972601], [10.5878975, 60.297339], [10.5877948, 60.2974044], [10.5876902, 60.2974772], [10.5875753, 60.2975663], [10.5874689, 60.2976574], [10.5873718, 60.2977502], [10.5872936, 60.2978329], [10.5872286, 60.2979113], [10.5871693, 60.2979906], [10.5871043, 60.2980891], [10.5870591, 60.2981722], [10.5870118, 60.2982701], [10.5869814, 60.29835], [10.586951, 60.2984386], [10.5869252, 60.2985455], [10.586903, 60.2986647], [10.5868782, 60.2988117], [10.5868146, 60.2992191], [10.5867841, 60.2993547], [10.5867473, 60.2994945], [10.5867095, 60.2996136], [10.5866751, 60.299715], [10.5866369, 60.2998072], [10.5865973, 60.2998995], [10.5865514, 60.2999949], [10.5865004, 60.3000903], [10.5864443, 60.3001946], [10.5863718, 60.3003081], [10.5862787, 60.3004471], [10.586146, 60.3006291], [10.5857375, 60.3011634], [10.5856365, 60.3012894], [10.5855508, 60.3014281], [10.5854652, 60.301554], [10.5853805, 60.3017005], [10.5853073, 60.3018303], [10.585257, 60.3019278], [10.5851961, 60.3020625], [10.5851511, 60.3021665], [10.5851096, 60.302274], [10.5850736, 60.3023736], [10.5850374, 60.3024905], [10.5850087, 60.3025919], [10.584985, 60.3026877], [10.58496, 60.3027934], [10.5849376, 60.3029251], [10.5849151, 60.3030976], [10.5848927, 60.3033313], [10.5848606, 60.3037105], [10.5848584, 60.3037437], [10.5848506, 60.3038643], [10.5847539, 60.3050327], [10.5847491, 60.3051674], [10.5847231, 60.3054347]]}, "properties": {"electrified": "contact_line", "frequency": "16.67", "gauge": "1435", "maxspeed": "80", "name": "Gj\u00f8vikbanen", "operator": "Bane NOR", "passenger_lines": "1", "railway": "rail", "usage": "main", "voltage": "15000", "length_km": 1.35, "maxspeed_kmh": 80.0}}, {"type": "Feature", "geometry": {"type": "LineString", "coordinates": [[10.5974031, 60.6304641], [10.5975118, 60.6306415], [10.5975305, 60.63067], [10.5975848, 60.6307586], [10.5977131, 60.6309882], [10.5978204, 60.6311976], [10.5978868, 60.6313485], [10.59797, 60.6315567], [10.5980376, 60.6317436], [10.598087, 60.6318974], [10.5981389, 60.6320701], [10.5981787, 60.6322441], [10.5982076, 60.6323878], [10.5982269, 60.6325102], [10.5982366, 60.6326132], [10.5982426, 60.6327404], [10.5982416, 60.6328178], [10.5982414, 60.632864], [10.5982409, 60.6330413], [10.598239, 60.6332136], [10.5982366, 60.6333727], [10.5982366, 60.6335008], [10.5982366, 60.6335744], [10.5982328, 60.6337915]]}, "properties": {"electrified": "contact_line", "frequency": "16.67", "gauge": "1435", "maxspeed": "80", "name": "Gj\u00f8vikbanen", "operator": "Bane NOR", "passenger_lines": "3", "railway": "rail", "usage": "main", "voltage": "15000", "length_km": 0.376, "maxspeed_kmh": 80.0}}, {"type": "Feature", "geometry": {"type": "LineString", "coordinates": [[10.4984928, 60.4811984], [10.4984126, 60.481462], [10.4983673, 60.4816151], [10.4983375, 60.48174], [10.4983142, 60.4818491], [10.4983013, 60.4819574], [10.4982961, 60.4820614], [10.4982987, 60.4821659], [10.4983129, 60.482273], [10.4983414, 60.4823942], [10.498388, 60.4825217], [10.4984423, 60.4826396], [10.4985174, 60.4827646], [10.4986106, 60.4828915], [10.49874, 60.4830324], [10.4988616, 60.4831516], [10.4989871, 60.4832593], [10.4991295, 60.4833716], [10.4993301, 60.4835258], [10.4996885, 60.4838083], [10.4998179, 60.4839154], [10.4999434, 60.4840238], [10.5000651, 60.4841404], [10.500203, 60.4842855], [10.5003334, 60.4844401], [10.5004369, 60.4845839], [10.5005218, 60.4847114], [10.5005995, 60.4848471], [10.5006647, 60.48497], [10.5007185, 60.4850868], [10.500763, 60.4852015], [10.5008044, 60.4853203], [10.5008365, 60.485432], [10.5008614, 60.4855417], [10.5008779, 60.4856401], [10.5008935, 60.4857599], [10.5009007, 60.4858823], [10.5009017, 60.4859935], [10.5008966, 60.4860991], [10.5008883, 60.4861965], [10.5008738, 60.4863097], [10.500851, 60.4864586], [10.5008267, 60.4866032], [10.5008189, 60.4866499], [10.5007982, 60.4867845], [10.5007848, 60.4868967], [10.5007765, 60.486987], [10.5007744, 60.4870905], [10.5007786, 60.4871843], [10.5007879, 60.4872695], [10.5008044, 60.4873516], [10.5008282, 60.4874332], [10.5008552, 60.4875127], [10.5008873, 60.4875897], [10.5009297, 60.4876683], [10.5009794, 60.4877453], [10.5010394, 60.4878376], [10.5011098, 60.4879217], [10.5011844, 60.4880079], [10.5012734, 60.4880961], [10.5013686, 60.4881833], [10.5014628, 60.48827], [10.5015871, 60.4883812], [10.5018262, 60.4885852], [10.5019556, 60.4887055], [10.5020664, 60.4888167], [10.5021513, 60.4889105], [10.5022216, 60.4889957], [10.5022827, 60.4890818], [10.5023303, 60.4891614], [10.5023769, 60.4892455], [10.5024163, 60.4893241], [10.5024639, 60.4894296], [10.5024949, 60.4895107], [10.5025332, 60.4896132], [10.5025767, 60.4897361], [10.5028407, 60.4905234], [10.5031706, 60.4915557], [10.5032637, 60.4918586], [10.5033161, 60.4920312], [10.5033454, 60.4921481], [10.5033674, 60.492244], [10.5033849, 60.4923355], [10.5033952, 60.4924177], [10.5034025, 60.4925028], [10.5034025, 60.4925886], [10.5033966, 60.4926658], [10.5033908, 60.4927451], [10.5033776, 60.4928237], [10.5033615, 60.492916], [10.5033337, 60.4930408], [10.5032898, 60.4932441], [10.5032678, 60.4933652], [10.5032517, 60.4934857], [10.5032473, 60.4935801], [10.5032473, 60.493671], [10.5032502, 60.4937539], [10.503259, 60.4938318], [10.5032751, 60.4939219], [10.5032971, 60.494007], [10.5033264, 60.4940913], [10.5033571, 60.4941757], [10.5033966, 60.4942586], [10.5034406, 60.4943408], [10.5034903, 60.4944216], [10.5035416, 60.494498], [10.5036265, 60.4946112], [10.5037114, 60.4947093], [10.5037978, 60.4948001], [10.5038988, 60.4948967], [10.5040013, 60.4949876], [10.5041096, 60.4950741], [10.5042297, 60.4951621], [10.5043673, 60.4952544], [10.5045093, 60.4953423], [10.5046308, 60.4954101], [10.504868, 60.4955327], [10.5051169, 60.4956516], [10.5055326, 60.4958413], [10.5065223, 60.4962854], [10.5068093, 60.4964152], [10.5070479, 60.4965327], [10.5072163, 60.4966236], [10.5074007, 60.4967274], [10.507543, 60.4968216], [10.5076807, 60.4969219], [10.5078022, 60.4970235], [10.5079047, 60.4971201], [10.5079896, 60.4972088], [10.5080686, 60.4973025], [10.5081257, 60.4973782], [10.5081916, 60.4974792], [10.5082428, 60.4975715], [10.5082853, 60.4976623], [10.508319, 60.4977467], [10.508338, 60.4978137]]}, "properties": {"electrified": "contact_line", "frequency": "16.67", "gauge": "1435", "maxspeed": "75", "name": "Gj\u00f8vikbanen", "operator": "Bane NOR", "passenger_lines": "1", "railway": "rail", "usage": "main", "voltage": "15000", "length_km": 2.003, "maxspeed_kmh": 75.0}}, {"type": "Feature", "geometry": {"type": "LineString", "coordinates": [[10.6962127, 60.7947938], [10.69616, 60.7949276], [10.6961275, 60.7950156], [10.6960624, 60.7951853], [10.6960319, 60.7952507], [10.6959873, 60.7953297], [10.695947, 60.795396], [10.6958556, 60.7955747], [10.6957145, 60.7958027], [10.694488, 60.797771], [10.6943493, 60.7979841], [10.6943034, 60.7980548]]}, "properties": {"electrified": "contact_line", "frequency": "16.67", "gauge": "1435", "name": "Gj\u00f8vikbanen", "passenger_lines": "3", "railway": "rail", "service": "yard", "voltage": "15000", "length_km": 0.378}}, {"type": "Feature", "geometry": {"type": "LineString", "coordinates": [[10.5798751, 60.3104744], [10.5797295, 60.3105854]]}, "properties": {"bridge": "yes", "electrified": "contact_line", "frequency": "16.67", "gauge": "1435", "maxspeed": "75", "name": "Gj\u00f8vikbanen", "operator": "Bane NOR", "passenger_lines": "1", "railway": "rail", "usage": "main", "voltage": "15000", "length_km": 0.015, "maxspeed_kmh": 75.0}}, {"type": "Feature", "geometry": {"type": "LineString", "coordinates": [[10.5797295, 60.3105854], [10.5796253, 60.3106741], [10.5795464, 60.3107492], [10.5794532, 60.3108451], [10.57936, 60.3109611], [10.5792943, 60.3110516], [10.5792295, 60.3111716], [10.5791815, 60.3112697], [10.5791414, 60.311373], [10.5791163, 60.3114523], [10.5790937, 60.3115563], [10.5790818, 60.3116526], [10.5790793, 60.3117534], [10.5790871, 60.3118662], [10.5791008, 60.3119499], [10.5791259, 60.3120475], [10.5791546, 60.3121411], [10.579182, 60.3122109], [10.5792167, 60.3122843], [10.5792705, 60.3123849], [10.5793637, 60.3125305], [10.5794994, 60.3127332], [10.5796112, 60.3129112], [10.5800358, 60.3134425], [10.5801328, 60.313567], [10.5802804, 60.3138234], [10.580367, 60.3140151], [10.580436, 60.3142027], [10.5804816, 60.314366], [10.5805143, 60.3145102], [10.5805376, 60.3146612], [10.580549, 60.3147784]]}, "properties": {"electrified": "contact_line", "frequency": "16.67", "gauge": "1435", "maxspeed": "75", "name": "Gj\u00f8vikbanen", "operator": "Bane NOR", "passenger_lines": "1", "railway": "rail", "usage": "main", "voltage": "15000", "length_km": 0.486, "maxspeed_kmh": 75.0}}, {"type": "Feature", "geometry": {"type": "LineString", "coordinates": [[10.5845934, 60.3070226], [10.5845741, 60.3072859], [10.5845566, 60.3074634], [10.5845379, 60.3076005], [10.5845167, 60.3077116], [10.5844867, 60.3078112], [10.5844549, 60.3078969], [10.5844127, 60.3079917], [10.5843474, 60.3081071], [10.5842697, 60.3082212], [10.5841762, 60.3083317], [10.5840923, 60.308426], [10.5839974, 60.3085175], [10.583892, 60.3086121], [10.5837772, 60.3087076], [10.5836666, 60.3087921], [10.5835539, 60.3088705], [10.5834029, 60.3089676], [10.5832694, 60.3090479], [10.5831371, 60.3091209], [10.5829849, 60.3092006], [10.5828314, 60.3092723], [10.5826262, 60.3093633], [10.5823844, 60.3094568], [10.5821833, 60.3095276], [10.5819663, 60.3095995], [10.5812982, 60.3098164], [10.5810089, 60.309916], [10.580782, 60.31], [10.5806063, 60.3100734], [10.5804653, 60.3101355], [10.5803219, 60.3102071], [10.580163, 60.3102911], [10.5800065, 60.3103855], [10.5798751, 60.3104744]]}, "properties": {"electrified": "contact_line", "frequency": "16.67", "gauge": "1435", "maxspeed": "75", "name": "Gj\u00f8vikbanen", "operator": "Bane NOR", "passenger_lines": "1", "railway": "rail", "usage": "main", "voltage": "15000", "length_km": 0.491, "maxspeed_kmh": 75.0}}, {"type": "Feature", "geometry": {"type": "LineString", "coordinates": [[10.5845978, 60.3069748], [10.5845934, 60.3070226]]}, "properties": {"bridge": "yes", "electrified": "contact_line", "frequency": "16.67", "gauge": "1435", "maxspeed": "75", "name": "Gj\u00f8vikbanen", "operator": "Bane NOR", "passenger_lines": "1", "railway": "rail", "usage": "main", "voltage": "15000", "length_km": 0.005, "maxspeed_kmh": 75.0}}, {"type": "Feature", "geometry": {"type": "LineString", "coordinates": [[10.7800475, 59.9652951], [10.7803677, 59.9653859], [10.7810464, 59.9655839]]}, "properties": {"electrified": "contact_line", "frequency": "16.67", "gauge": "1435", "maxspeed": "95", "name": "Gj\u00f8vikbanen", "railway": "rail", "usage": "main", "voltage": "15000", "length_km": 0.064, "maxspeed_kmh": 95.0}}, {"type": "Feature", "geometry": {"type": "LineString", "coordinates": [[10.7810464, 59.9655839], [10.7813396, 59.9656696]]}, "properties": {"bridge": "yes", "electrified": "contact_line", "frequency": "16.67", "gauge": "1435", "maxspeed": "95", "name": "Gj\u00f8vikbanen", "railway": "rail", "usage": "main", "voltage": "15000", "length_km": 0.019, "maxspeed_kmh": 95.0}}, {"type": "Feature", "geometry": {"type": "LineString", "coordinates": [[10.7813396, 59.9656696], [10.7817025, 59.965776], [10.7824739, 59.9659956], [10.7831871, 59.9662011], [10.7838588, 59.9663952], [10.7852762, 59.9668025], [10.7858935, 59.9669776], [10.7861893, 59.9670636], [10.7864012, 59.9671306]]}, "properties": {"electrified": "contact_line", "frequency": "16.67", "gauge": "1435", "maxspeed": "95", "name": "Gj\u00f8vikbanen", "passenger_lines": "2", "railway": "rail", "usage": "main", "voltage": "15000", "length_km": 0.326, "maxspeed_kmh": 95.0}}, {"type": "Feature", "geometry": {"type": "LineString", "coordinates": [[10.7813965, 59.9388669], [10.7814809, 59.9387039], [10.7815351, 59.9386192], [10.7815724, 59.9385664], [10.7816142, 59.9385073], [10.7816474, 59.9384558], [10.7816804, 59.938403], [10.7817449, 59.9382835]]}, "properties": {"electrified": "contact_line", "frequency": "16.67", "gauge": "1435", "maxspeed": "40", "name": "Gj\u00f8vikbanen", "railway": "rail", "voltage": "15000", "length_km": 0.068, "maxspeed_kmh": 40.0}}, {"type": "Feature", "geometry": {"type": "LineString", "coordinates": [[10.781283, 59.9391191], [10.7813799, 59.938903]]}, "properties": {"bridge": "yes", "electrified": "contact_line", "frequency": "16.67", "gauge": "1435", "name": "Gj\u00f8vikbanen", "operator": "Bane NOR", "passenger_lines": "3", "railway": "rail", "voltage": "15000", "length_km": 0.025}}, {"type": "Feature", "geometry": {"type": "LineString", "coordinates": [[10.779673, 59.9428159], [10.7798486, 59.9424315], [10.779927, 59.9422586], [10.7800519, 59.9419877], [10.7802262, 59.9416079], [10.7804137, 59.9411969], [10.7806431, 59.9406939], [10.7807798, 59.940394], [10.780904, 59.940122], [10.7810425, 59.9398246], [10.7811943, 59.9394882], [10.7813601, 59.9391267]]}, "properties": {"electrified": "contact_line", "frequency": "16.67", "gauge": "1435", "maxspeed": "75", "name": "Gj\u00f8vikbanen", "operator": "Bane NOR", "passenger_lines": "3", "railway": "rail", "usage": "main", "voltage": "15000", "length_km": 0.422, "maxspeed_kmh": 75.0}}, {"type": "Feature", "geometry": {"type": "LineString", "coordinates": [[10.7814408, 59.9391344], [10.7812816, 59.9395015], [10.7811413, 59.9398359], [10.7810097, 59.9401358], [10.7808885, 59.9404025], [10.7807456, 59.9407051], [10.7805131, 59.9412085], [10.7803272, 59.9416169], [10.7803102, 59.9416526], [10.7801508, 59.9420045], [10.780074, 59.9421779], [10.780021, 59.9422733], [10.7799752, 59.9423509], [10.7799249, 59.9424342], [10.7798796, 59.9425], [10.7797841, 59.9426371], [10.7797418, 59.9426997], [10.779702, 59.9427664], [10.779673, 59.9428159]]}, "properties": {"electrified": "contact_line", "frequency": "16.67", "gauge": "1435", "maxspeed": "75", "name": "Gj\u00f8vikbanen", "operator": "Bane NOR", "passenger_lines": "3", "railway": "rail", "usage": "main", "voltage": "15000", "length_km": 0.422, "maxspeed_kmh": 75.0}}, {"type": "Feature", "geometry": {"type": "LineString", "coordinates": [[10.7815386, 59.938919], [10.7814408, 59.9391344]]}, "properties": {"bridge": "yes", "electrified": "contact_line", "frequency": "16.67", "gauge": "1435", "maxspeed": "75", "name": "Gj\u00f8vikbanen", "operator": "Bane NOR", "passenger_lines": "3", "railway": "rail", "usage": "main", "voltage": "15000", "length_km": 0.025, "maxspeed_kmh": 75.0}}, {"type": "Feature", "geometry": {"type": "LineString", "coordinates": [[10.7813601, 59.9391267], [10.7814606, 59.9389117]]}, "properties": {"bridge": "yes", "electrified": "contact_line", "frequency": "16.67", "gauge": "1435", "maxspeed": "75", "name": "Gj\u00f8vikbanen", "operator": "Bane NOR", "passenger_lines": "3", "railway": "rail", "usage": "main", "voltage": "15000", "length_km": 0.025, "maxspeed_kmh": 75.0}}, {"type": "Feature", "geometry": {"type": "LineString", "coordinates": [[10.7745969, 59.9067195], [10.7752203, 59.906611], [10.776045, 59.9064717], [10.7767114, 59.9063642], [10.777379, 59.9062638], [10.7776995, 59.9062173], [10.7780326, 59.9061719], [10.7784065, 59.9061213], [10.778755, 59.9060771], [10.779237, 59.9060186], [10.7797206, 59.9059621], [10.7801527, 59.9059131], [10.7805848, 59.905867], [10.7810325, 59.9058213], [10.781483, 59.9057761], [10.7818132, 59.9057449], [10.7821526, 59.905714], [10.7825774, 59.9056765], [10.7830031, 59.9056405], [10.7835854, 59.9055918], [10.7851954, 59.9054577], [10.7864369, 59.9053545], [10.7866765, 59.9053351], [10.7869201, 59.9053157], [10.7871648, 59.9052984], [10.7874095, 59.9052832], [10.7875952, 59.9052723], [10.7877982, 59.9052621], [10.7879918, 59.9052534], [10.7881902, 59.9052467], [10.7885252, 59.9052393], [10.7887292, 59.9052357], [10.7888773, 59.9052348], [10.7890585, 59.9052352], [10.7893247, 59.9052359], [10.7896613, 59.9052418], [10.7900961, 59.9052543], [10.7905448, 59.9052718]]}, "properties": {"electrified": "contact_line", "frequency": "16.67", "gauge": "1435", "maxspeed": "110", "name": "Gj\u00f8vikbanen", "operator": "Bane NOR", "passenger_lines": "4", "railway": "rail", "usage": "main", "voltage": "15000", "length_km": 0.912, "maxspeed_kmh": 110.0}}, {"type": "Feature", "geometry": {"type": "LineString", "coordinates": [[10.7905448, 59.9052718], [10.7908354, 59.9052845]]}, "properties": {"bridge": "yes", "electrified": "contact_line", "frequency": "16.67", "gauge": "1435", "maxspeed": "110", "name": "Gj\u00f8vikbanen", "operator": "Bane NOR", "railway": "rail", "usage": "main", "voltage": "15000", "length_km": 0.016, "maxspeed_kmh": 110.0}}, {"type": "Feature", "geometry": {"type": "LineString", "coordinates": [[10.7943943, 59.9088916], [10.794262, 59.9089732], [10.7941221, 59.9090533]]}, "properties": {"electrified": "contact_line", "frequency": "16.67", "gauge": "1435", "maxspeed": "75", "name": "Gj\u00f8vikbanen", "operator": "Bane NOR", "passenger_lines": "1", "railway": "rail", "usage": "main", "voltage": "15000", "length_km": 0.024, "maxspeed_kmh": 75.0}}, {"type": "Feature", "geometry": {"type": "LineString", "coordinates": [[10.7944237, 59.9063338], [10.794619, 59.906492], [10.7947822, 59.9066436], [10.7949704, 59.9068891], [10.7950867, 59.9070991], [10.7951489, 59.9072643], [10.7951785, 59.9074382], [10.7951885, 59.9075843], [10.7951819, 59.9077428], [10.7951463, 59.9079113], [10.7950733, 59.9081224], [10.7949655, 59.9083421], [10.7948139, 59.908527], [10.7946378, 59.908702], [10.7943943, 59.9088916]]}, "properties": {"electrified": "contact_line", "frequency": "16.67", "gauge": "1435", "maxspeed": "75", "name": "Gj\u00f8vikbanen", "operator": "Bane NOR", "passenger_lines": "1", "railway": "rail", "tunnel": "yes", "usage": "main", "voltage": "15000", "length_km": 0.303, "maxspeed_kmh": 75.0}}, {"type": "Feature", "geometry": {"type": "LineString", "coordinates": [[10.7786354, 59.9450801], [10.7784749, 59.9454361]]}, "properties": {"electrified": "contact_line", "frequency": "16.67", "gauge": "1435", "maxspeed": "75", "name": "Gj\u00f8vikbanen", "operator": "Bane NOR", "passenger_lines": "1", "railway": "rail", "tunnel": "yes", "usage": "main", "voltage": "15000", "length_km": 0.041, "maxspeed_kmh": 75.0}}, {"type": "Feature", "geometry": {"type": "LineString", "coordinates": [[10.7779273, 59.9466328], [10.7777995, 59.9469114], [10.7777004, 59.9471319], [10.7776132, 59.9473213], [10.7775398, 59.9474931], [10.777473, 59.94765], [10.777417, 59.9477985], [10.7773528, 59.9479832], [10.7772977, 59.9481454], [10.777262, 59.9482749], [10.7772197, 59.9484302], [10.7771904, 59.9485529], [10.77715, 59.9487271], [10.7770491, 59.9492132], [10.7770041, 59.9494066], [10.7769482, 59.9495913], [10.7769004, 59.9497135], [10.7768225, 59.9498555], [10.776716, 59.9500159], [10.7766068, 59.9501482], [10.7764903, 59.9502658], [10.7763435, 59.9503931], [10.776227, 59.9504813], [10.7760563, 59.950598], [10.7758976, 59.9506945], [10.7757288, 59.950785], [10.7755297, 59.9508806], [10.7753122, 59.9509701], [10.7751415, 59.9510345], [10.7749846, 59.9510878], [10.7748241, 59.9511378], [10.7746057, 59.951198], [10.7743754, 59.9512527], [10.7741148, 59.9513074], [10.773835, 59.951363], [10.7735389, 59.9514142], [10.7720813, 59.9516656], [10.7706355, 59.9519171], [10.7702905, 59.9519828], [10.7700501, 59.9520342], [10.7697858, 59.9521013], [10.7695656, 59.9521619], [10.7693518, 59.9522286], [10.7691582, 59.9522947], [10.7689169, 59.9523852], [10.768827, 59.9524224], [10.7686444, 59.9525037], [10.7685077, 59.9525699], [10.7683545, 59.9526489]]}, "properties": {"electrified": "contact_line", "frequency": "16.67", "gauge": "1435", "maxspeed": "80", "name": "Gj\u00f8vikbanen", "operator": "Bane NOR", "passenger_lines": "1", "railway": "rail", "usage": "main", "voltage": "15000", "length_km": 0.953, "maxspeed_kmh": 80.0}}, {"type": "Feature", "geometry": {"type": "LineString", "coordinates": [[10.7824286, 59.9248946], [10.7825121, 59.9250263], [10.7825822, 59.9251453], [10.7826383, 59.9252503], [10.7826921, 59.9253604], [10.7827599, 59.9255084], [10.7828183, 59.925645], [10.7828931, 59.9258273], [10.7830132, 59.9261281], [10.7834981, 59.9273277], [10.7839406, 59.9284275], [10.7844046, 59.9295797], [10.7846358, 59.9301504], [10.7847393, 59.9304147], [10.7847873, 59.9305601], [10.7848182, 59.9306749], [10.7848512, 59.9308294], [10.7848758, 59.9309793], [10.7848803, 59.9311072], [10.784878, 59.9312223], [10.7848702, 59.9313407], [10.7848512, 59.9314709], [10.7848243, 59.9315915], [10.7847918, 59.9317133], [10.7847515, 59.9318412], [10.7846988, 59.931977], [10.7845632, 59.9322783], [10.7844786, 59.932463], [10.7842996, 59.9328601], [10.7840228, 59.9334637]]}, "properties": {"electrified": "contact_line", "frequency": "16.67", "gauge": "1435", "maxspeed": "100", "name": "Gj\u00f8vikbanen", "operator": "Bane NOR", "passenger_lines": "2", "railway": "rail", "usage": "main", "voltage": "15000", "length_km": 0.974, "maxspeed_kmh": 100.0}}, {"type": "Feature", "geometry": {"type": "LineString", "coordinates": [[10.7823412, 59.9248949], [10.782202, 59.9247011]]}, "properties": {"bridge": "yes", "electrified": "contact_line", "frequency": "16.67", "gauge": "1435", "maxspeed": "100", "name": "Gj\u00f8vikbanen", "operator": "Bane NOR", "passenger_lines": "2", "railway": "rail", "usage": "main", "voltage": "15000", "length_km": 0.023, "maxspeed_kmh": 100.0}}, {"type": "Feature", "geometry": {"type": "LineString", "coordinates": [[10.783955, 59.9334377], [10.7842244, 59.9328491], [10.784403, 59.9324582], [10.7844892, 59.9322705], [10.7846197, 59.9319758], [10.7846723, 59.9318338], [10.7847149, 59.9317042], [10.7847485, 59.931588], [10.7847709, 59.9314707], [10.7847911, 59.9313388], [10.7848023, 59.9312232], [10.7848034, 59.9311065], [10.7847967, 59.9309808], [10.7847754, 59.9308321], [10.784744, 59.9306805], [10.7847109, 59.9305622], [10.7846641, 59.9304209], [10.784561, 59.9301594], [10.7843282, 59.9295867], [10.7838649, 59.9284338], [10.7834202, 59.9273355], [10.7829408, 59.9261413], [10.7828156, 59.9258335], [10.7827396, 59.9256557], [10.782684, 59.9255197], [10.7826146, 59.9253679], [10.7825528, 59.9252527], [10.7824998, 59.9251528], [10.7824295, 59.9250332], [10.7823412, 59.9248949]]}, "properties": {"electrified": "contact_line", "frequency": "16.67", "gauge": "1435", "maxspeed": "100", "name": "Gj\u00f8vikbanen", "operator": "Bane NOR", "passenger_lines": "2", "railway": "rail", "usage": "main", "voltage": "15000", "length_km": 0.971, "maxspeed_kmh": 100.0}}, {"type": "Feature", "geometry": {"type": "LineString", "coordinates": [[10.7822917, 59.9247007], [10.7824286, 59.9248946]]}, "properties": {"bridge": "yes", "electrified": "contact_line", "frequency": "16.67", "gauge": "1435", "maxspeed": "100", "name": "Gj\u00f8vikbanen", "operator": "Bane NOR", "passenger_lines": "2", "railway": "rail", "usage": "main", "voltage": "15000", "length_km": 0.023, "maxspeed_kmh": 100.0}}, {"type": "Feature", "geometry": {"type": "LineString", "coordinates": [[10.7838862, 59.9335924], [10.783955, 59.9334377]]}, "properties": {"bridge": "yes", "electrified": "contact_line", "frequency": "16.67", "gauge": "1435", "maxspeed": "100", "name": "Gj\u00f8vikbanen", "operator": "Bane NOR", "passenger_lines": "2", "railway": "rail", "usage": "main", "voltage": "15000", "length_km": 0.018, "maxspeed_kmh": 100.0}}, {"type": "Feature", "geometry": {"type": "LineString", "coordinates": [[10.7829899, 59.935753], [10.7827494, 59.9362626], [10.7824617, 59.9368938], [10.7822073, 59.9374466], [10.7821116, 59.9376556], [10.7818946, 59.9381316], [10.7818235, 59.9382946], [10.7815386, 59.938919]]}, "properties": {"electrified": "contact_line", "frequency": "16.67", "gauge": "1435", "maxspeed": "75", "name": "Gj\u00f8vikbanen", "operator": "Bane NOR", "passenger_lines": "2", "railway": "rail", "usage": "main", "voltage": "15000", "length_km": 0.362, "maxspeed_kmh": 75.0}}, {"type": "Feature", "geometry": {"type": "LineString", "coordinates": [[10.7840228, 59.9334637], [10.7839466, 59.9336279]]}, "properties": {"bridge": "yes", "electrified": "contact_line", "frequency": "16.67", "gauge": "1435", "maxspeed": "100", "name": "Gj\u00f8vikbanen", "operator": "Bane NOR", "passenger_lines": "2", "railway": "rail", "usage": "main", "voltage": "15000", "length_km": 0.019, "maxspeed_kmh": 100.0}}, {"type": "Feature", "geometry": {"type": "LineString", "coordinates": [[10.7814606, 59.9389117], [10.7817449, 59.9382835], [10.7818201, 59.9381228], [10.7820356, 59.9376456], [10.7821291, 59.9374393], [10.7823845, 59.9368836], [10.7826742, 59.9362513], [10.7829043, 59.9357463]]}, "properties": {"electrified": "contact_line", "frequency": "16.67", "gauge": "1435", "maxspeed": "75", "name": "Gj\u00f8vikbanen", "operator": "Bane NOR", "passenger_lines": "2", "railway": "rail", "usage": "main", "voltage": "15000", "length_km": 0.362, "maxspeed_kmh": 75.0}}, {"type": "Feature", "geometry": {"type": "LineString", "coordinates": [[10.7810904, 59.9235576], [10.7809416, 59.9234102], [10.780859, 59.9233246], [10.7807918, 59.9232479], [10.7807191, 59.9231617], [10.7806453, 59.923064], [10.7805825, 59.9229718], [10.7805318, 59.9228901], [10.7804823, 59.9228018], [10.7804404, 59.9227156], [10.7804051, 59.9226317], [10.7803754, 59.9225467], [10.7803523, 59.9224705], [10.7803346, 59.922391], [10.7803203, 59.9223203], [10.7803082, 59.9222469], [10.7803005, 59.922158], [10.7802983, 59.9220675], [10.7803027, 59.9219659], [10.7803126, 59.9218654], [10.780328, 59.9217699], [10.7803523, 59.9216456], [10.7804003, 59.9214444]]}, "properties": {"electrified": "contact_line", "frequency": "16.67", "gauge": "1435", "maxspeed": "90", "name": "Gj\u00f8vikbanen", "operator": "Bane NOR", "passenger_lines": "2", "railway": "rail", "usage": "main", "voltage": "15000", "length_km": 0.243, "maxspeed_kmh": 90.0}}, {"type": "Feature", "geometry": {"type": "LineString", "coordinates": [[10.7808778, 59.9198859], [10.7808503, 59.9199975]]}, "properties": {"bridge": "yes", "electrified": "contact_line", "frequency": "16.67", "gauge": "1435", "maxspeed": "100", "name": "Gj\u00f8vikbanen", "operator": "Bane NOR", "passenger_lines": "2", "railway": "rail", "usage": "main", "voltage": "15000", "length_km": 0.013, "maxspeed_kmh": 100.0}}, {"type": "Feature", "geometry": {"type": "LineString", "coordinates": [[10.7804764, 59.9214495], [10.780427, 59.9216487], [10.7804038, 59.9217731], [10.78039, 59.9218667], [10.7803805, 59.9219677], [10.7803774, 59.9220672], [10.7803805, 59.9221577], [10.7803858, 59.9222413], [10.7803974, 59.9223143], [10.7804117, 59.9223896], [10.7804301, 59.9224645], [10.7804542, 59.9225401], [10.7804839, 59.9226256], [10.7805192, 59.9227107], [10.780561, 59.9227946], [10.7806073, 59.9228791], [10.7806569, 59.9229635], [10.7807186, 59.9230541], [10.7807924, 59.9231496], [10.7808618, 59.9232341], [10.780929, 59.9233102], [10.7810094, 59.9233942], [10.7811625, 59.9235438]]}, "properties": {"electrified": "contact_line", "frequency": "16.67", "gauge": "1435", "maxspeed": "90", "name": "Gj\u00f8vikbanen", "operator": "Bane NOR", "passenger_lines": "2", "railway": "rail", "usage": "main", "voltage": "15000", "length_km": 0.241, "maxspeed_kmh": 90.0}}, {"type": "Feature", "geometry": {"type": "LineString", "coordinates": [[10.7807709, 59.9199949], [10.7808012, 59.9198789]]}, "properties": {"bridge": "yes", "electrified": "contact_line", "frequency": "16.67", "gauge": "1435", "maxspeed": "100", "name": "Gj\u00f8vikbanen", "operator": "Bane NOR", "passenger_lines": "2", "railway": "rail", "usage": "main", "voltage": "15000", "length_km": 0.013, "maxspeed_kmh": 100.0}}, {"type": "Feature", "geometry": {"type": "LineString", "coordinates": [[10.7813411, 59.9181343], [10.7813001, 59.918272], [10.7812626, 59.9183935], [10.7812151, 59.9185687], [10.7811526, 59.9188011], [10.7808778, 59.9198859]]}, "properties": {"electrified": "contact_line", "frequency": "16.67", "gauge": "1435", "maxspeed": "100", "name": "Gj\u00f8vikbanen", "operator": "Bane NOR", "passenger_lines": "2", "railway": "rail", "usage": "main", "voltage": "15000", "length_km": 0.197, "maxspeed_kmh": 100.0}}, {"type": "Feature", "geometry": {"type": "LineString", "coordinates": [[10.7812719, 59.9181102], [10.7813427, 59.9179169]]}, "properties": {"bridge": "yes", "electrified": "contact_line", "frequency": "16.67", "gauge": "1435", "maxspeed": "100", "name": "Gj\u00f8vikbanen", "operator": "Bane NOR", "passenger_lines": "2", "railway": "rail", "usage": "main", "voltage": "15000", "length_km": 0.022, "maxspeed_kmh": 100.0}}, {"type": "Feature", "geometry": {"type": "LineString", "coordinates": [[10.7821991, 59.9165382], [10.7820614, 59.9167298], [10.7819545, 59.9168925], [10.7818648, 59.9170325], [10.7817512, 59.9172255], [10.7816438, 59.9174236], [10.7815654, 59.9175853], [10.7814846, 59.9177652], [10.7814093, 59.9179444]]}, "properties": {"electrified": "contact_line", "frequency": "16.67", "gauge": "1435", "maxspeed": "100", "name": "Gj\u00f8vikbanen", "operator": "Bane NOR", "passenger_lines": "2", "railway": "rail", "usage": "main", "voltage": "15000", "length_km": 0.163, "maxspeed_kmh": 100.0}}, {"type": "Feature", "geometry": {"type": "LineString", "coordinates": [[10.7813427, 59.9179169], [10.7814094, 59.9177572], [10.7814888, 59.9175785], [10.7815701, 59.9174168], [10.7816777, 59.9172161], [10.7817943, 59.9170177], [10.781881, 59.9168812], [10.7819851, 59.9167225], [10.7821242, 59.9165287]]}, "properties": {"electrified": "contact_line", "frequency": "16.67", "gauge": "1435", "maxspeed": "100", "name": "Gj\u00f8vikbanen", "operator": "Bane NOR", "passenger_lines": "2", "railway": "rail", "usage": "main", "voltage": "15000", "length_km": 0.161, "maxspeed_kmh": 100.0}}, {"type": "Feature", "geometry": {"type": "LineString", "coordinates": [[10.7814093, 59.9179444], [10.7813411, 59.9181343]]}, "properties": {"bridge": "yes", "electrified": "contact_line", "frequency": "16.67", "gauge": "1435", "maxspeed": "100", "name": "Gj\u00f8vikbanen", "operator": "Bane NOR", "passenger_lines": "2", "railway": "rail", "usage": "main", "voltage": "15000", "length_km": 0.022, "maxspeed_kmh": 100.0}}, {"type": "Feature", "geometry": {"type": "LineString", "coordinates": [[10.7919743, 59.9099994], [10.7918696, 59.9100487], [10.7917442, 59.9101015], [10.7915035, 59.9101988]]}, "properties": {"electrified": "contact_line", "frequency": "16.67", "gauge": "1435", "maxspeed": "100", "name": "Gj\u00f8vikbanen", "operator": "Bane NOR", "passenger_lines": "2", "railway": "rail", "tunnel": "yes", "usage": "main", "voltage": "15000", "length_km": 0.034, "maxspeed_kmh": 100.0}}, {"type": "Feature", "geometry": {"type": "LineString", "coordinates": [[10.7823244, 59.9163778], [10.7821991, 59.9165382]]}, "properties": {"bridge": "yes", "electrified": "contact_line", "frequency": "16.67", "gauge": "1435", "maxspeed": "100", "name": "Gj\u00f8vikbanen", "operator": "Bane NOR", "passenger_lines": "2", "railway": "rail", "usage": "main", "voltage": "15000", "length_km": 0.019, "maxspeed_kmh": 100.0}}, {"type": "Feature", "geometry": {"type": "LineString", "coordinates": [[10.7915035, 59.9101988], [10.7912103, 59.9103186], [10.7908298, 59.9104701], [10.790389, 59.9106577], [10.7898818, 59.9108844], [10.789346, 59.9111371], [10.7889327, 59.9113373], [10.7885707, 59.9115237], [10.7881993, 59.9117209], [10.7878447, 59.9119224], [10.7875695, 59.9120834], [10.7872263, 59.9122919], [10.7869528, 59.9124692]]}, "properties": {"electrified": "contact_line", "frequency": "16.67", "gauge": "1435", "maxspeed": "100", "name": "Gj\u00f8vikbanen", "operator": "Bane NOR", "passenger_lines": "2", "railway": "rail", "usage": "main", "voltage": "15000", "length_km": 0.36, "maxspeed_kmh": 100.0}}, {"type": "Feature", "geometry": {"type": "LineString", "coordinates": [[10.7914352, 59.9101764], [10.791928, 59.909982]]}, "properties": {"electrified": "contact_line", "frequency": "16.67", "gauge": "1435", "maxspeed": "100", "name": "Gj\u00f8vikbanen", "operator": "Bane NOR", "passenger_lines": "2", "railway": "rail", "tunnel": "yes", "usage": "main", "voltage": "15000", "length_km": 0.035, "maxspeed_kmh": 100.0}}, {"type": "Feature", "geometry": {"type": "LineString", "coordinates": [[10.7808012, 59.9198789], [10.7810771, 59.9187947], [10.7811384, 59.9185609], [10.7812205, 59.9182685], [10.7812719, 59.9181102]]}, "properties": {"electrified": "contact_line", "frequency": "16.67", "gauge": "1435", "maxspeed": "100", "name": "Gj\u00f8vikbanen", "operator": "Bane NOR", "passenger_lines": "2", "railway": "rail", "usage": "main", "voltage": "15000", "length_km": 0.199, "maxspeed_kmh": 100.0}}, {"type": "Feature", "geometry": {"type": "LineString", "coordinates": [[10.7868918, 59.9124476], [10.7871639, 59.912269], [10.7875047, 59.9120593], [10.7877829, 59.9118968], [10.7881474, 59.9116919], [10.788513, 59.9114964], [10.7888725, 59.911312], [10.7892859, 59.9111088], [10.789829, 59.910856], [10.7903437, 59.9106268], [10.79079, 59.9104375], [10.7911694, 59.9102843], [10.7914352, 59.9101764]]}, "properties": {"electrified": "contact_line", "frequency": "16.67", "gauge": "1435", "maxspeed": "100", "name": "Gj\u00f8vikbanen", "operator": "Bane NOR", "passenger_lines": "2", "railway": "rail", "usage": "main", "voltage": "15000", "length_km": 0.36, "maxspeed_kmh": 100.0}}, {"type": "Feature", "geometry": {"type": "LineString", "coordinates": [[10.7821242, 59.9165287], [10.7822507, 59.9163655]]}, "properties": {"bridge": "yes", "electrified": "contact_line", "frequency": "16.67", "gauge": "1435", "maxspeed": "100", "name": "Gj\u00f8vikbanen", "operator": "Bane NOR", "passenger_lines": "2", "railway": "rail", "usage": "main", "voltage": "15000", "length_km": 0.02, "maxspeed_kmh": 100.0}}, {"type": "Feature", "geometry": {"type": "LineString", "coordinates": [[10.7822507, 59.9163655], [10.782416, 59.9161642], [10.7825692, 59.9159889], [10.7826912, 59.9158565], [10.7827185, 59.9158269], [10.7828942, 59.9156482], [10.7830322, 59.9155152], [10.7832091, 59.9153487], [10.7834619, 59.9151292], [10.7837382, 59.9148984], [10.7844169, 59.9143518], [10.7849143, 59.9139535], [10.7854973, 59.9134827]]}, "properties": {"electrified": "contact_line", "frequency": "16.67", "gauge": "1435", "maxspeed": "100", "name": "Gj\u00f8vikbanen", "operator": "Bane NOR", "passenger_lines": "2", "railway": "rail", "usage": "main", "voltage": "15000", "length_km": 0.37, "maxspeed_kmh": 100.0}}, {"type": "Feature", "geometry": {"type": "LineString", "coordinates": [[10.7855617, 59.9135055], [10.7849774, 59.9139771], [10.7844871, 59.9143685], [10.7838098, 59.9149149], [10.783527, 59.9151502], [10.7832794, 59.9153669], [10.7831009, 59.9155338], [10.7829671, 59.9156623], [10.7827906, 59.9158435], [10.7826389, 59.9160074], [10.7824878, 59.9161789], [10.7823244, 59.9163778]]}, "properties": {"electrified": "contact_line", "frequency": "16.67", "gauge": "1435", "maxspeed": "100", "name": "Gj\u00f8vikbanen", "operator": "Bane NOR", "passenger_lines": "2", "railway": "rail", "usage": "main", "voltage": "15000", "length_km": 0.368, "maxspeed_kmh": 100.0}}, {"type": "Feature", "geometry": {"type": "LineString", "coordinates": [[10.7867932, 59.9125112], [10.7868918, 59.9124476]]}, "properties": {"bridge": "yes", "electrified": "contact_line", "frequency": "16.67", "gauge": "1435", "maxspeed": "100", "name": "Gj\u00f8vikbanen", "operator": "Bane NOR", "passenger_lines": "2", "railway": "rail", "usage": "main", "voltage": "15000", "length_km": 0.009, "maxspeed_kmh": 100.0}}, {"type": "Feature", "geometry": {"type": "LineString", "coordinates": [[10.7854973, 59.9134827], [10.7855592, 59.9134346]]}, "properties": {"bridge": "yes", "electrified": "contact_line", "frequency": "16.67", "gauge": "1435", "maxspeed": "100", "name": "Gj\u00f8vikbanen", "operator": "Bane NOR", "passenger_lines": "2", "railway": "rail", "usage": "main", "voltage": "15000", "length_km": 0.006, "maxspeed_kmh": 100.0}}, {"type": "Feature", "geometry": {"type": "LineString", "coordinates": [[10.78563, 59.9134517], [10.7855617, 59.9135055]]}, "properties": {"bridge": "yes", "electrified": "contact_line", "frequency": "16.67", "gauge": "1435", "maxspeed": "100", "name": "Gj\u00f8vikbanen", "operator": "Bane NOR", "passenger_lines": "2", "railway": "rail", "usage": "main", "voltage": "15000", "length_km": 0.007, "maxspeed_kmh": 100.0}}, {"type": "Feature", "geometry": {"type": "LineString", "coordinates": [[10.7868559, 59.9125318], [10.7865327, 59.9127591], [10.7862454, 59.9129706], [10.7860199, 59.9131422], [10.7858129, 59.9133061], [10.78563, 59.9134517]]}, "properties": {"electrified": "contact_line", "frequency": "16.67", "gauge": "1435", "maxspeed": "100", "name": "Gj\u00f8vikbanen", "operator": "Bane NOR", "passenger_lines": "2", "railway": "rail", "usage": "main", "voltage": "15000", "length_km": 0.123, "maxspeed_kmh": 100.0}}, {"type": "Feature", "geometry": {"type": "LineString", "coordinates": [[10.7869528, 59.9124692], [10.7868559, 59.9125318]]}, "properties": {"bridge": "yes", "electrified": "contact_line", "frequency": "16.67", "gauge": "1435", "maxspeed": "100", "name": "Gj\u00f8vikbanen", "operator": "Bane NOR", "passenger_lines": "2", "railway": "rail", "usage": "main", "voltage": "15000", "length_km": 0.009, "maxspeed_kmh": 100.0}}, {"type": "Feature", "geometry": {"type": "LineString", "coordinates": [[10.7855592, 59.9134346], [10.785745, 59.9132849], [10.7859563, 59.9131183], [10.7861773, 59.9129492], [10.786465, 59.9127387], [10.7867932, 59.9125112]]}, "properties": {"electrified": "contact_line", "frequency": "16.67", "gauge": "1435", "maxspeed": "100", "name": "Gj\u00f8vikbanen", "operator": "Bane NOR", "passenger_lines": "2", "railway": "rail", "usage": "main", "voltage": "15000", "length_km": 0.124, "maxspeed_kmh": 100.0}}, {"type": "Feature", "geometry": {"type": "LineString", "coordinates": [[10.6101674, 60.7151843], [10.6104011, 60.7154291]]}, "properties": {"bridge": "yes", "electrified": "contact_line", "frequency": "16.67", "gauge": "1435", "maxspeed": "110", "name": "Gj\u00f8vikbanen", "operator": "Bane NOR", "passenger_lines": "1", "railway": "rail", "usage": "main", "voltage": "15000", "length_km": 0.03, "maxspeed_kmh": 110.0}}, {"type": "Feature", "geometry": {"type": "LineString", "coordinates": [[10.6104011, 60.7154291], [10.6106461, 60.7156717], [10.6109563, 60.7159577], [10.6111521, 60.7161317], [10.6113892, 60.7163374], [10.6116567, 60.7165646], [10.6119007, 60.7167764], [10.6120689, 60.7169315], [10.6122289, 60.7170832], [10.6123778, 60.717237], [10.6124826, 60.7173564], [10.6125846, 60.7174771], [10.6127004, 60.7176275], [10.6127956, 60.717765], [10.6128761, 60.7178875], [10.6129541, 60.718024], [10.6130299, 60.7181656], [10.6130892, 60.7182924], [10.6131485, 60.7184306], [10.6131954, 60.7185621], [10.6132312, 60.7186733], [10.6132671, 60.7187994], [10.6132905, 60.7189132], [10.6133239, 60.7191126], [10.6133492, 60.7193062], [10.6133746, 60.719547], [10.6133989, 60.7198035], [10.6134761, 60.7206051], [10.6134838, 60.7206843], [10.613492, 60.7207693], [10.6135194, 60.7210523], [10.6135602, 60.721485], [10.6136276, 60.7221314]]}, "properties": {"electrified": "contact_line", "frequency": "16.67", "gauge": "1435", "maxspeed": "110", "name": "Gj\u00f8vikbanen", "operator": "Bane NOR", "passenger_lines": "1", "railway": "rail", "usage": "main", "voltage": "15000", "length_km": 0.782, "maxspeed_kmh": 110.0}}, {"type": "Feature", "geometry": {"type": "LineString", "coordinates": [[10.6201161, 60.7386872], [10.6201657, 60.73874], [10.6202712, 60.7388535], [10.6203597, 60.7389572], [10.6204462, 60.7390672], [10.6205296, 60.7391832], [10.620605, 60.7392977], [10.6206764, 60.739419], [10.6207317, 60.7395286], [10.6207859, 60.7396426], [10.6208392, 60.7397689], [10.6208774, 60.739879], [10.6209076, 60.7399777], [10.6209357, 60.7400903], [10.6209589, 60.7402047], [10.6209759, 60.7403104], [10.620992, 60.7404254], [10.6210011, 60.7405398], [10.6210101, 60.7407133], [10.6210164, 60.7409203], [10.6210781, 60.7429787], [10.6210911, 60.7432239], [10.6211102, 60.7433998], [10.6211356, 60.7435436], [10.6211597, 60.7436522], [10.6211949, 60.743774], [10.6212391, 60.7439042], [10.6212934, 60.7440384], [10.6213467, 60.7441528], [10.6214161, 60.7442884], [10.6215126, 60.7444476], [10.6216232, 60.7446092], [10.6217548, 60.7447876], [10.6219228, 60.7449919], [10.6220736, 60.7451633], [10.6222837, 60.7453819], [10.6224965, 60.7455895], [10.6229543, 60.746014], [10.6230942, 60.7461427], [10.6232108, 60.7462532], [10.623316, 60.7463574], [10.6234056, 60.7464498], [10.6234909, 60.7465443], [10.623579, 60.7466492], [10.6236686, 60.7467583], [10.6237383, 60.7468513], [10.6238207, 60.7469708], [10.6238918, 60.7470799], [10.6239572, 60.7471918], [10.6240112, 60.7472932], [10.6240681, 60.7474155], [10.6241207, 60.7475357], [10.6241658, 60.7476632], [10.6242027, 60.7477792], [10.624234, 60.7479084], [10.6242568, 60.7480237], [10.6242738, 60.7481543], [10.6242852, 60.7482933], [10.624288, 60.7484732], [10.6242809, 60.7488358], [10.6242795, 60.7489859], [10.6242852, 60.7491193], [10.6242929, 60.7491998], [10.6243082, 60.7493096]]}, "properties": {"electrified": "contact_line", "frequency": "16.67", "gauge": "1435", "maxspeed": "95", "name": "Gj\u00f8vikbanen", "operator": "Bane NOR", "passenger_lines": "1", "railway": "rail", "usage": "main", "voltage": "15000", "length_km": 1.224, "maxspeed_kmh": 95.0}}, {"type": "Feature", "geometry": {"type": "LineString", "coordinates": [[10.6663083, 60.2555785], [10.6661403, 60.2556926], [10.6659678, 60.2558071], [10.6656498, 60.2560225]]}, "properties": {"electrified": "contact_line", "frequency": "16.67", "gauge": "1435", "maxspeed": "80", "name": "Gj\u00f8vikbanen", "operator": "Bane NOR", "passenger_lines": "1", "railway": "rail", "usage": "main", "voltage": "15000", "length_km": 0.061, "maxspeed_kmh": 80.0}}, {"type": "Feature", "geometry": {"type": "LineString", "coordinates": [[10.6695846, 60.253633], [10.6691612, 60.2538249], [10.6686566, 60.2540778], [10.6676321, 60.2547194], [10.6663083, 60.2555785]]}, "properties": {"electrified": "contact_line", "frequency": "16.67", "gauge": "1435", "maxspeed": "80", "name": "Gj\u00f8vikbanen", "operator": "Bane NOR", "passenger_lines": "1", "railway": "rail", "tunnel": "yes", "usage": "main", "voltage": "15000", "length_km": 0.283, "maxspeed_kmh": 80.0}}, {"type": "Feature", "geometry": {"type": "LineString", "coordinates": [[10.7248712, 60.2283038], [10.7245537, 60.2284965], [10.7236811, 60.229008], [10.7229359, 60.2294356], [10.7222961, 60.2297968], [10.7216194, 60.2301697], [10.7213028, 60.2303388], [10.7210845, 60.2304561], [10.7208748, 60.2305649], [10.7206821, 60.2306648], [10.7204561, 60.2307715], [10.7202361, 60.2308702], [10.7199965, 60.2309684], [10.7197868, 60.2310488], [10.7195392, 60.2311354], [10.7193423, 60.2311983], [10.719102, 60.2312729], [10.7188709, 60.2313369], [10.7186048, 60.2314063], [10.7180124, 60.2315562], [10.7177437, 60.2316233], [10.717435, 60.231707], [10.7171013, 60.231804], [10.7168109, 60.2318926], [10.716564, 60.2319755], [10.7162436, 60.2320924], [10.7159802, 60.2321902], [10.7157216, 60.2322963], [10.7154563, 60.2324164], [10.7152511, 60.23251], [10.7150937, 60.2325907], [10.7148543, 60.2327123]]}, "properties": {"electrified": "contact_line", "frequency": "16.67", "gauge": "1435", "maxspeed": "90", "name": "Gj\u00f8vikbanen", "operator": "Bane NOR", "passenger_lines": "1", "railway": "rail", "usage": "main", "voltage": "15000", "length_km": 0.749, "maxspeed_kmh": 90.0}}, {"type": "Feature", "geometry": {"type": "LineString", "coordinates": [[10.6974956, 60.2435958], [10.6973859, 60.2436425]]}, "properties": {"bridge": "yes", "electrified": "contact_line", "frequency": "16.67", "gauge": "1435", "maxspeed": "90", "name": "Gj\u00f8vikbanen", "operator": "Bane NOR", "passenger_lines": "1", "railway": "rail", "usage": "main", "voltage": "15000", "length_km": 0.008, "maxspeed_kmh": 90.0}}, {"type": "Feature", "geometry": {"type": "LineString", "coordinates": [[10.5215274, 60.511555], [10.521677, 60.5116501]]}, "properties": {"bridge": "yes", "electrified": "contact_line", "frequency": "16.67", "gauge": "1435", "maxspeed": "100", "name": "Gj\u00f8vikbanen", "operator": "Bane NOR", "passenger_lines": "1", "railway": "rail", "usage": "main", "voltage": "15000", "length_km": 0.013, "maxspeed_kmh": 100.0}}, {"type": "Feature", "geometry": {"type": "LineString", "coordinates": [[10.86746, 60.0584584], [10.8672617, 60.0584107], [10.8670834, 60.0583729]]}, "properties": {"bridge": "yes", "electrified": "contact_line", "frequency": "16.67", "gauge": "1435", "maxspeed": "75", "name": "Gj\u00f8vikbanen", "operator": "Bane NOR", "passenger_lines": "2", "railway": "rail", "usage": "main", "voltage": "15000", "length_km": 0.023, "maxspeed_kmh": 75.0}}, {"type": "Feature", "geometry": {"type": "LineString", "coordinates": [[10.7964187, 59.9826913], [10.7965669, 59.9828512], [10.7967365, 59.9830202], [10.7968679, 59.9831439]]}, "properties": {"electrified": "contact_line", "frequency": "16.67", "gauge": "1435", "maxspeed": "80", "name": "Gj\u00f8vikbanen", "operator": "Bane NOR", "passenger_lines": "1", "railway": "rail", "tunnel": "yes", "usage": "main", "voltage": "15000", "length_km": 0.056, "maxspeed_kmh": 80.0}}, {"type": "Feature", "geometry": {"type": "LineString", "coordinates": [[10.7968679, 59.9831439], [10.797088, 59.9833297], [10.7973878, 59.9835738], [10.7976875, 59.9838154], [10.7978291, 59.9839251], [10.7980027, 59.9840639], [10.7981521, 59.9841745], [10.7983131, 59.9842963], [10.7984819, 59.9844123], [10.7986106, 59.984502]]}, "properties": {"electrified": "contact_line", "frequency": "16.67", "gauge": "1435", "maxspeed": "80", "name": "Gj\u00f8vikbanen", "operator": "Bane NOR", "passenger_lines": "1", "railway": "rail", "usage": "main", "voltage": "15000", "length_km": 0.18, "maxspeed_kmh": 80.0}}, {"type": "Feature", "geometry": {"type": "LineString", "coordinates": [[10.8683641, 60.0822523], [10.8685827, 60.0821114], [10.8687664, 60.0819864], [10.8689532, 60.0818507], [10.8691041, 60.0817227], [10.8692352, 60.0816062], [10.8693407, 60.0815053], [10.8694511, 60.0813864], [10.8695445, 60.0812778], [10.8696552, 60.0811393], [10.869732, 60.0810318], [10.8699072, 60.0807697], [10.8701473, 60.0804014]]}, "properties": {"electrified": "contact_line", "frequency": "16.67", "gauge": "1435", "maxspeed": "110", "name": "Gj\u00f8vikbanen", "operator": "Bane NOR", "passenger_lines": "2", "railway": "rail", "usage": "main", "voltage": "15000", "length_km": 0.231, "maxspeed_kmh": 110.0}}, {"type": "Feature", "geometry": {"type": "LineString", "coordinates": [[10.865994, 60.0832656], [10.8675329, 60.0826722], [10.8678251, 60.082546], [10.8680911, 60.0824085], [10.8683641, 60.0822523]]}, "properties": {"electrified": "contact_line", "frequency": "16.67", "gauge": "1435", "maxspeed": "110", "name": "Gj\u00f8vikbanen", "operator": "Bane NOR", "passenger_lines": "2", "railway": "rail", "tunnel": "yes", "usage": "main", "voltage": "15000", "length_km": 0.174, "maxspeed_kmh": 110.0}}, {"type": "Feature", "geometry": {"type": "LineString", "coordinates": [[10.8633022, 60.0874742], [10.8630958, 60.0872068], [10.8628239, 60.0868511], [10.8627742, 60.0867808], [10.8627158, 60.0866977], [10.8626513, 60.0865886], [10.8625991, 60.0864975], [10.8625619, 60.0864107], [10.862532, 60.0863261], [10.8625073, 60.0862485], [10.8624849, 60.0861493], [10.862464, 60.0860407], [10.8624558, 60.0859175], [10.8624517, 60.0858415], [10.8624549, 60.0857384], [10.8624653, 60.0856338], [10.8624683, 60.0855946], [10.862482, 60.0855182], [10.8625015, 60.0854329], [10.862522, 60.0853681], [10.8625439, 60.085304], [10.8625763, 60.0852301], [10.8626138, 60.0851515], [10.8626744, 60.0850493], [10.8627402, 60.0849542], [10.8628153, 60.0848599], [10.8628922, 60.0847785]]}, "properties": {"electrified": "contact_line", "frequency": "16.67", "gauge": "1435", "maxspeed": "65", "name": "Gj\u00f8vikbanen", "operator": "Bane NOR", "passenger_lines": "2", "railway": "rail", "usage": "main", "voltage": "15000", "length_km": 0.312, "maxspeed_kmh": 65.0}}, {"type": "Feature", "geometry": {"type": "LineString", "coordinates": [[10.6234118, 60.2825341], [10.6232094, 60.2826106], [10.6230187, 60.2826787], [10.6228294, 60.2827431], [10.622619, 60.2828202], [10.6206217, 60.2835092], [10.6201747, 60.2836669], [10.6187501, 60.2841649], [10.6185915, 60.2842177], [10.6184231, 60.2842697], [10.6182702, 60.2843122], [10.6181114, 60.2843535], [10.6179378, 60.2843946], [10.6177705, 60.2844303], [10.6176331, 60.2844537], [10.6173998, 60.2844909], [10.6171793, 60.2845223], [10.6169571, 60.284552]]}, "properties": {"electrified": "contact_line", "frequency": "16.67", "gauge": "1435", "maxspeed": "40", "name": "Gj\u00f8vikbanen", "operator": "Bane NOR", "passenger_lines": "4", "railway": "rail", "service": "siding", "voltage": "15000", "length_km": 0.424, "maxspeed_kmh": 40.0}}, {"type": "Feature", "geometry": {"type": "LineString", "coordinates": [[10.6235955, 60.2824654], [10.6234118, 60.2825341]]}, "properties": {"bridge": "yes", "electrified": "contact_line", "frequency": "16.67", "gauge": "1435", "maxspeed": "40", "name": "Gj\u00f8vikbanen", "operator": "Bane NOR", "passenger_lines": "4", "railway": "rail", "service": "siding", "voltage": "15000", "length_km": 0.013, "maxspeed_kmh": 40.0}}, {"type": "Feature", "geometry": {"type": "LineString", "coordinates": [[10.7676259, 59.9079842], [10.7669886, 59.9080953]]}, "properties": {"electrified": "contact_line", "frequency": "16.67", "gauge": "1435", "maxspeed": "110", "name": "Gj\u00f8vikbanen", "operator": "Bane NOR", "passenger_lines": "4", "railway": "rail", "usage": "main", "voltage": "15000", "length_km": 0.038, "maxspeed_kmh": 110.0}}, {"type": "Feature", "geometry": {"type": "LineString", "coordinates": [[10.7707072, 59.9074428], [10.7696596, 59.9076268], [10.7690516, 59.9077342], [10.7679364, 59.9079291]]}, "properties": {"electrified": "contact_line", "frequency": "16.67", "gauge": "1435", "maxspeed": "110", "name": "Gj\u00f8vikbanen", "operator": "Bane NOR", "passenger_lines": "4", "railway": "rail", "usage": "main", "voltage": "15000", "length_km": 0.164, "maxspeed_kmh": 110.0}}, {"type": "Feature", "geometry": {"type": "LineString", "coordinates": [[10.7219503, 60.205601], [10.7220531, 60.2057201]]}, "properties": {"bridge": "yes", "electrified": "contact_line", "frequency": "16.67", "gauge": "1435", "maxspeed": "110", "name": "Gj\u00f8vikbanen", "operator": "Bane NOR", "passenger_lines": "1", "railway": "rail", "usage": "main", "voltage": "15000", "length_km": 0.014, "maxspeed_kmh": 110.0}}, {"type": "Feature", "geometry": {"type": "LineString", "coordinates": [[10.6233344, 60.2824821], [10.6234731, 60.2824416]]}, "properties": {"bridge": "yes", "electrified": "contact_line", "frequency": "16.67", "gauge": "1435", "maxspeed": "50", "name": "Gj\u00f8vikbanen", "passenger_lines": "4", "railway": "rail", "usage": "branch", "voltage": "15000", "length_km": 0.009, "maxspeed_kmh": 50.0}}, {"type": "Feature", "geometry": {"type": "LineString", "coordinates": [[10.6169637, 60.2845041], [10.6172476, 60.2844493], [10.6174856, 60.2843992], [10.6177139, 60.2843488], [10.6178562, 60.2843133], [10.6180205, 60.284267], [10.6181552, 60.2842274], [10.6183323, 60.2841714], [10.6184694, 60.2841281], [10.6186382, 60.2840706], [10.6205031, 60.2834196], [10.6212921, 60.2831458], [10.6219268, 60.2829267], [10.6221847, 60.2828401], [10.6224995, 60.2827386], [10.6227213, 60.2826655], [10.6230242, 60.2825732], [10.6233344, 60.2824821]]}, "properties": {"electrified": "contact_line", "frequency": "16.67", "gauge": "1435", "maxspeed": "50", "name": "Gj\u00f8vikbanen", "passenger_lines": "4", "railway": "rail", "usage": "branch", "voltage": "15000", "length_km": 0.419, "maxspeed_kmh": 50.0}}, {"type": "Feature", "geometry": {"type": "LineString", "coordinates": [[10.6233264, 60.2824781], [10.6234731, 60.2824416]]}, "properties": {"bridge": "yes", "electrified": "contact_line", "frequency": "16.67", "gauge": "1435", "name": "Gj\u00f8vikbanen", "passenger_lines": "4", "railway": "rail", "service": "siding", "voltage": "15000", "length_km": 0.009}}, {"type": "Feature", "geometry": {"type": "LineString", "coordinates": [[10.6235903, 60.2824603], [10.6233945, 60.282521]]}, "properties": {"bridge": "yes", "electrified": "contact_line", "frequency": "16.67", "gauge": "1435", "maxspeed": "50", "name": "Gj\u00f8vikbanen", "passenger_lines": "4", "railway": "rail", "usage": "main", "voltage": "15000", "length_km": 0.013, "maxspeed_kmh": 50.0}}, {"type": "Feature", "geometry": {"type": "LineString", "coordinates": [[10.6161256, 60.2847167], [10.6163621, 60.2846644], [10.616593, 60.2846035], [10.6169637, 60.2845041]]}, "properties": {"electrified": "contact_line", "frequency": "16.67", "gauge": "1435", "maxspeed": "40", "name": "Gj\u00f8vikbanen", "railway": "rail", "service": "siding", "voltage": "15000", "length_km": 0.052, "maxspeed_kmh": 40.0}}, {"type": "Feature", "geometry": {"type": "LineString", "coordinates": [[10.6522381, 60.7828326], [10.6523735, 60.7829628], [10.652511, 60.7830833], [10.6526352, 60.7831807], [10.6527017, 60.7832264], [10.6527771, 60.7832782], [10.6529235, 60.7833691], [10.6530655, 60.7834536], [10.6532651, 60.7835532], [10.6535076, 60.7836592], [10.6537087, 60.783735], [10.6539349, 60.7838137], [10.6541508, 60.7838794], [10.65438, 60.7839407], [10.6547053, 60.7840129], [10.6550128, 60.7840685], [10.6553648, 60.7841168], [10.6557742, 60.7841564], [10.6561081, 60.7841793], [10.656362, 60.784194], [10.6568515, 60.7842198], [10.6576319, 60.7842526], [10.6592207, 60.784312], [10.6599319, 60.7843336], [10.6601981, 60.7843388]]}, "properties": {"electrified": "contact_line", "frequency": "16.67", "gauge": "1435", "maxspeed": "70", "name": "Gj\u00f8vikbanen", "operator": "Bane NOR", "passenger_lines": "1", "railway": "rail", "usage": "main", "voltage": "15000", "length_km": 0.495, "maxspeed_kmh": 70.0}}, {"type": "Feature", "geometry": {"type": "LineString", "coordinates": [[10.6971786, 60.7855507], [10.6972502, 60.7856737], [10.6973169, 60.78581], [10.697386, 60.7859675], [10.6974425, 60.7861214], [10.6974954, 60.7862979], [10.6975403, 60.7864855], [10.6975691, 60.7866597], [10.6975852, 60.7868321], [10.6975932, 60.7870052], [10.6975852, 60.7872057], [10.6975668, 60.7873793], [10.6975437, 60.7875136], [10.6975012, 60.7876917], [10.6973043, 60.7883333], [10.6972065, 60.7886658], [10.6971604, 60.7888304], [10.6971109, 60.7890506], [10.6970557, 60.7893034], [10.6969901, 60.789654], [10.6969636, 60.7898433], [10.6969392, 60.7900211]]}, "properties": {"electrified": "contact_line", "frequency": "16.67", "gauge": "1435", "maxspeed": "90", "name": "Gj\u00f8vikbanen", "operator": "Bane NOR", "passenger_lines": "1", "railway": "rail", "usage": "main", "voltage": "15000", "length_km": 0.502, "maxspeed_kmh": 90.0}}, {"type": "Feature", "geometry": {"type": "LineString", "coordinates": [[10.6784769, 60.7843101], [10.6785668, 60.7842403]]}, "properties": {"bridge": "yes", "electrified": "contact_line", "frequency": "16.67", "gauge": "1435", "maxspeed": "85", "name": "Gj\u00f8vikbanen", "operator": "Bane NOR", "passenger_lines": "1", "railway": "rail", "usage": "main", "voltage": "15000", "length_km": 0.009, "maxspeed_kmh": 85.0}}, {"type": "Feature", "geometry": {"type": "LineString", "coordinates": [[10.6825593, 60.7813513], [10.6828328, 60.7811449], [10.6831707, 60.7808826], [10.6835762, 60.7805568], [10.6838458, 60.7803294], [10.6842214, 60.7799984], [10.6846001, 60.7796462], [10.6847778, 60.7794811], [10.6849149, 60.7793647], [10.6850575, 60.7792551], [10.6852079, 60.7791494], [10.6853653, 60.7790508], [10.685518, 60.7789645], [10.6857019, 60.7788751], [10.6858788, 60.7787956], [10.6860697, 60.778718], [10.6862513, 60.7786518], [10.6864656, 60.7785826], [10.6866923, 60.778519], [10.6869478, 60.7784551], [10.6872799, 60.7783883], [10.6875237, 60.778347], [10.6877826, 60.7783128], [10.688012, 60.7782867], [10.6882334, 60.7782677], [10.688419, 60.7782576], [10.6886085, 60.7782482], [10.688826, 60.7782451], [10.6890394, 60.7782463], [10.6892592, 60.7782529], [10.689479, 60.7782653], [10.6896614, 60.7782774], [10.6898319, 60.7782945], [10.6900469, 60.7783194], [10.6903042, 60.7783552], [10.6905487, 60.7783991], [10.6907717, 60.7784438], [10.6909732, 60.7784901], [10.6911579, 60.778541], [10.6913722, 60.7786044], [10.6915442, 60.7786608], [10.6917091, 60.7787234], [10.691905, 60.7787996], [10.6920754, 60.7788789], [10.6922292, 60.7789539], [10.6923996, 60.7790488], [10.6925238, 60.7791266], [10.6926919, 60.7792401], [10.6928488, 60.779363], [10.6929667, 60.7794722], [10.6931148, 60.7796305], [10.6931784, 60.7797104], [10.6933095, 60.7799135]]}, "properties": {"electrified": "contact_line", "frequency": "16.67", "gauge": "1435", "maxspeed": "75", "name": "Gj\u00f8vikbanen", "operator": "Bane NOR", "passenger_lines": "1", "railway": "rail", "usage": "main", "voltage": "15000", "length_km": 0.845, "maxspeed_kmh": 75.0}}, {"type": "Feature", "geometry": {"type": "LineString", "coordinates": [[10.6785668, 60.7842403], [10.6792162, 60.7837297], [10.6794565, 60.783539], [10.679803, 60.7832746], [10.6803179, 60.7829019], [10.6808497, 60.7825334], [10.6814123, 60.7821522], [10.6818923, 60.7818259], [10.6821603, 60.7816395], [10.6822167, 60.7815988], [10.6825593, 60.7813513]]}, "properties": {"electrified": "contact_line", "frequency": "16.67", "gauge": "1435", "maxspeed": "85", "name": "Gj\u00f8vikbanen", "operator": "Bane NOR", "passenger_lines": "1", "railway": "rail", "usage": "main", "voltage": "15000", "length_km": 0.389, "maxspeed_kmh": 85.0}}, {"type": "Feature", "geometry": {"type": "LineString", "coordinates": [[10.6960624, 60.7951853], [10.6959873, 60.7953781], [10.6959149, 60.7955666], [10.6958957, 60.7956058], [10.6958776, 60.7956406], [10.6958461, 60.7957159], [10.695782, 60.7958361], [10.6949621, 60.7971472], [10.6944322, 60.7979956], [10.6943905, 60.7980623]]}, "properties": {"electrified": "contact_line", "frequency": "16.67", "gauge": "1435", "name": "Gj\u00f8vikbanen", "railway": "rail", "service": "yard", "voltage": "15000", "length_km": 0.334}}, {"type": "Feature", "geometry": {"type": "LineString", "coordinates": [[10.6963421, 60.7944773], [10.6962277, 60.7947565], [10.6962127, 60.7947938], [10.6961877, 60.7948557], [10.6961105, 60.7949882], [10.6960362, 60.7951079], [10.6955977, 60.7958075], [10.6947767, 60.7971121], [10.6946621, 60.7972942], [10.6946235, 60.7973573], [10.6942567, 60.7979433], [10.6942064, 60.7980238]]}, "properties": {"electrified": "contact_line", "frequency": "16.67", "gauge": "1435", "name": "Gj\u00f8vikbanen", "passenger_lines": "3", "railway": "rail", "service": "siding", "voltage": "15000", "length_km": 0.412}}, {"type": "Feature", "geometry": {"type": "LineString", "coordinates": [[10.5463093, 60.4032399], [10.5459974, 60.4034351], [10.5457081, 60.4036226], [10.5454598, 60.4037926], [10.5453003, 60.403908], [10.5451217, 60.4040374], [10.5449101, 60.4041998], [10.5447195, 60.4043531], [10.5445657, 60.4044828], [10.5443639, 60.4046633], [10.5441565, 60.4048564], [10.542781, 60.4061847], [10.5415698, 60.4073612], [10.5408576, 60.4080513], [10.5407033, 60.408203], [10.540611, 60.4082942], [10.5405273, 60.4083811], [10.5404119, 60.4085014], [10.5403066, 60.4086218], [10.5401913, 60.40876], [10.5401033, 60.4088818], [10.5400239, 60.408995], [10.539959, 60.4091047], [10.5398869, 60.4092308], [10.5398163, 60.4093782], [10.5397571, 60.4095142], [10.5397095, 60.4096495], [10.5396677, 60.4097877], [10.5396446, 60.4099052], [10.539623, 60.4100277], [10.5396057, 60.4101659], [10.5395999, 60.4103055], [10.5395985, 60.4104408], [10.5396071, 60.4105811], [10.5396259, 60.4107043], [10.5396475, 60.4108325], [10.5396864, 60.4109792], [10.5397413, 60.4111451], [10.5398177, 60.4113317], [10.5399114, 60.4115176], [10.5399836, 60.4116472], [10.5399864, 60.4116479], [10.5400413, 60.4117441]]}, "properties": {"electrified": "contact_line", "frequency": "16.67", "gauge": "1435", "maxspeed": "105", "name": "Gj\u00f8vikbanen", "operator": "Bane NOR", "passenger_lines": "1", "railway": "rail", "usage": "main", "voltage": "15000", "length_km": 1.042, "maxspeed_kmh": 105.0}}, {"type": "Feature", "geometry": {"type": "LineString", "coordinates": [[10.5402969, 60.4165839], [10.5402384, 60.4166244], [10.5400324, 60.4167704], [10.5395694, 60.4171203], [10.539396, 60.4172608], [10.5391768, 60.4174471], [10.5389728, 60.4176313], [10.5387719, 60.4178222], [10.5386016, 60.4179959], [10.5383996, 60.4182108], [10.5382038, 60.4184389], [10.5380508, 60.4186267], [10.5379284, 60.4187883], [10.537803, 60.4189655], [10.5376603, 60.4191839], [10.5375348, 60.4193923], [10.5374524, 60.4195369], [10.5373878, 60.4196614], [10.5373013, 60.4198358], [10.5371956, 60.4200763], [10.5368496, 60.4209248], [10.5367755, 60.4211065], [10.5367026, 60.4212618], [10.5366149, 60.4214372], [10.5365242, 60.421622], [10.5363388, 60.4219562], [10.5361976, 60.4221779]]}, "properties": {"electrified": "contact_line", "frequency": "16.67", "gauge": "1435", "maxspeed": "105", "name": "Gj\u00f8vikbanen", "operator": "Bane NOR", "passenger_lines": "1", "railway": "rail", "usage": "main", "voltage": "15000", "length_km": 0.669, "maxspeed_kmh": 105.0}}, {"type": "Feature", "geometry": {"type": "LineString", "coordinates": [[10.521677, 60.5116501], [10.5219291, 60.5118044], [10.5221567, 60.5119345], [10.5223881, 60.5120689], [10.5226043, 60.512189], [10.5228964, 60.5123403], [10.523301, 60.5125463], [10.5237019, 60.5127411], [10.5240711, 60.5129104], [10.5245061, 60.5131021], [10.5249878, 60.5133019], [10.5253874, 60.5134581], [10.5257111, 60.5135788], [10.5259949, 60.5136821], [10.5263786, 60.513815], [10.5267671, 60.5139483], [10.5283786, 60.5144914], [10.5286568, 60.5145861], [10.5288697, 60.5146615], [10.5290538, 60.5147341], [10.5292181, 60.5148021], [10.5293749, 60.5148729], [10.5295023, 60.5149339]]}, "properties": {"electrified": "contact_line", "frequency": "16.67", "gauge": "1435", "maxspeed": "100", "name": "Gj\u00f8vikbanen", "operator": "Bane NOR", "passenger_lines": "1", "railway": "rail", "usage": "main", "voltage": "15000", "length_km": 0.567, "maxspeed_kmh": 100.0}}, {"type": "Feature", "geometry": {"type": "LineString", "coordinates": [[10.5251554, 60.4381376], [10.5250325, 60.4382152]]}, "properties": {"bridge": "yes", "electrified": "contact_line", "frequency": "16.67", "gauge": "1435", "maxspeed": "105", "name": "Gj\u00f8vikbanen", "operator": "Bane NOR", "passenger_lines": "1", "railway": "rail", "usage": "main", "voltage": "15000", "length_km": 0.011, "maxspeed_kmh": 105.0}}, {"type": "Feature", "geometry": {"type": "LineString", "coordinates": [[10.5667377, 60.3808181], [10.5667588, 60.3809428]]}, "properties": {"bridge": "yes", "electrified": "contact_line", "frequency": "16.67", "gauge": "1435", "maxspeed": "75", "name": "Gj\u00f8vikbanen", "operator": "Bane NOR", "passenger_lines": "1", "railway": "rail", "usage": "main", "voltage": "15000", "length_km": 0.014, "maxspeed_kmh": 75.0}}, {"type": "Feature", "geometry": {"type": "LineString", "coordinates": [[10.5361976, 60.4221779], [10.5361834, 60.4222002], [10.5361558, 60.4222448]]}, "properties": {"bridge": "yes", "electrified": "contact_line", "frequency": "16.67", "gauge": "1435", "maxspeed": "105", "name": "Gj\u00f8vikbanen", "operator": "Bane NOR", "passenger_lines": "1", "railway": "rail", "usage": "main", "voltage": "15000", "length_km": 0.008, "maxspeed_kmh": 105.0}}, {"type": "Feature", "geometry": {"type": "LineString", "coordinates": [[10.5175019, 60.4439152], [10.51744, 60.4439913]]}, "properties": {"bridge": "yes", "electrified": "contact_line", "frequency": "16.67", "gauge": "1435", "maxspeed": "105", "name": "Gj\u00f8vikbanen", "operator": "Bane NOR", "passenger_lines": "1", "railway": "rail", "usage": "main", "voltage": "15000", "length_km": 0.009, "maxspeed_kmh": 105.0}}, {"type": "Feature", "geometry": {"type": "LineString", "coordinates": [[10.5746508, 60.5960718], [10.5746689, 60.5961501]]}, "properties": {"bridge": "yes", "electrified": "contact_line", "frequency": "16.67", "gauge": "1435", "maxspeed": "100", "name": "Gj\u00f8vikbanen", "operator": "Bane NOR", "passenger_lines": "1", "railway": "rail", "usage": "main", "voltage": "15000", "length_km": 0.009, "maxspeed_kmh": 100.0}}, {"type": "Feature", "geometry": {"type": "LineString", "coordinates": [[10.5463928, 60.4031878], [10.5463093, 60.4032399]]}, "properties": {"bridge": "yes", "electrified": "contact_line", "frequency": "16.67", "gauge": "1435", "maxspeed": "105", "name": "Gj\u00f8vikbanen", "operator": "Bane NOR", "passenger_lines": "1", "railway": "rail", "usage": "main", "voltage": "15000", "length_km": 0.007, "maxspeed_kmh": 105.0}}, {"type": "Feature", "geometry": {"type": "LineString", "coordinates": [[10.5706196, 60.3658429], [10.5705142, 60.3659263]]}, "properties": {"bridge": "yes", "electrified": "contact_line", "frequency": "16.67", "gauge": "1435", "maxspeed": "70", "name": "Gj\u00f8vikbanen", "operator": "Bane NOR", "passenger_lines": "1", "railway": "rail", "usage": "main", "voltage": "15000", "length_km": 0.011, "maxspeed_kmh": 70.0}}, {"type": "Feature", "geometry": {"type": "LineString", "coordinates": [[10.5356878, 60.5277175], [10.5355983, 60.5277836]]}, "properties": {"bridge": "yes", "electrified": "contact_line", "frequency": "16.67", "gauge": "1435", "maxspeed": "75", "name": "Gj\u00f8vikbanen", "operator": "Bane NOR", "passenger_lines": "1", "railway": "rail", "usage": "main", "voltage": "15000", "length_km": 0.009, "maxspeed_kmh": 75.0}}, {"type": "Feature", "geometry": {"type": "LineString", "coordinates": [[10.5400413, 60.4117441], [10.5400725, 60.4117977]]}, "properties": {"bridge": "yes", "electrified": "contact_line", "frequency": "16.67", "gauge": "1435", "maxspeed": "105", "name": "Gj\u00f8vikbanen", "operator": "Bane NOR", "passenger_lines": "1", "railway": "rail", "usage": "main", "voltage": "15000", "length_km": 0.006, "maxspeed_kmh": 105.0}}, {"type": "Feature", "geometry": {"type": "LineString", "coordinates": [[10.5699222, 60.3554655], [10.5699407, 60.3555859]]}, "properties": {"bridge": "yes", "electrified": "contact_line", "frequency": "16.67", "gauge": "1435", "maxspeed": "80", "name": "Gj\u00f8vikbanen", "operator": "Bane NOR", "passenger_lines": "1", "railway": "rail", "usage": "main", "voltage": "15000", "length_km": 0.013, "maxspeed_kmh": 80.0}}, {"type": "Feature", "geometry": {"type": "LineString", "coordinates": [[10.580549, 60.3147784], [10.5805526, 60.3148791]]}, "properties": {"bridge": "yes", "electrified": "contact_line", "frequency": "16.67", "gauge": "1435", "maxspeed": "75", "name": "Gj\u00f8vikbanen", "operator": "Bane NOR", "passenger_lines": "1", "railway": "rail", "usage": "main", "voltage": "15000", "length_km": 0.011, "maxspeed_kmh": 75.0}}, {"type": "Feature", "geometry": {"type": "LineString", "coordinates": [[10.5333887, 60.4263158], [10.5333603, 60.4265925], [10.5333347, 60.4267286], [10.5333092, 60.4268558], [10.5332687, 60.4269977], [10.5332272, 60.4271129], [10.5331889, 60.4272081], [10.5331761, 60.42724], [10.5331164, 60.4273641], [10.5330507, 60.4274731], [10.5329858, 60.4275782], [10.5329016, 60.4276949], [10.5328047, 60.4278194], [10.5327014, 60.4279356], [10.5325757, 60.4280644], [10.5324575, 60.4281753], [10.5323084, 60.4283046], [10.5321721, 60.4284102], [10.5319985, 60.4285363], [10.5318537, 60.4286357], [10.5313617, 60.4289689], [10.5311892, 60.4290882], [10.5310518, 60.4291928], [10.5309399, 60.4292816], [10.5308292, 60.4293736], [10.5307174, 60.4294782], [10.5305854, 60.4295996], [10.5304809, 60.4297341], [10.5303862, 60.4298587], [10.5303127, 60.4299711], [10.5302456, 60.4300841], [10.5301955, 60.4301866], [10.5301519, 60.4302859], [10.5301135, 60.4303942], [10.5300731, 60.4305382], [10.5300422, 60.430688], [10.5300177, 60.4308514], [10.530006, 60.4310064], [10.5299839, 60.431239]]}, "properties": {"electrified": "contact_line", "frequency": "16.67", "gauge": "1435", "maxspeed": "90", "name": "Gj\u00f8vikbanen", "operator": "Bane NOR", "passenger_lines": "1", "railway": "rail", "usage": "main", "voltage": "15000", "length_km": 0.592, "maxspeed_kmh": 90.0}}, {"type": "Feature", "geometry": {"type": "LineString", "coordinates": [[10.5663568, 60.3819889], [10.5662275, 60.3821248], [10.566058, 60.3822873], [10.5657871, 60.3825386], [10.5655293, 60.3827777], [10.5650344, 60.3832375], [10.5643804, 60.383845], [10.5636029, 60.3845669], [10.5632446, 60.3849064], [10.5630359, 60.3851127], [10.5628672, 60.385289], [10.5627236, 60.3854477], [10.562572, 60.3856274], [10.5624068, 60.3858376], [10.5622632, 60.3860322], [10.5621344, 60.3862151], [10.5620322, 60.386376], [10.5619227, 60.3865589], [10.5618161, 60.3867542], [10.561708, 60.3869627], [10.5616163, 60.3871711], [10.5615304, 60.3873833], [10.5614416, 60.3876312], [10.5611751, 60.3884498], [10.5610837, 60.3886839], [10.561013, 60.3888565], [10.5609871, 60.3889109], [10.5609374, 60.389015], [10.5608421, 60.3891966], [10.5607271, 60.3893895], [10.5605921, 60.3895961], [10.5604521, 60.3897839], [10.5602627, 60.390026], [10.5600572, 60.390261], [10.5599326, 60.3903906], [10.5597537, 60.3905608]]}, "properties": {"electrified": "contact_line", "frequency": "16.67", "gauge": "1435", "maxspeed": "100", "name": "Gj\u00f8vikbanen", "operator": "Bane NOR", "passenger_lines": "1", "railway": "rail", "usage": "main", "voltage": "15000", "length_km": 1.03, "maxspeed_kmh": 100.0}}, {"type": "Feature", "geometry": {"type": "LineString", "coordinates": [[10.5703116, 60.3660818], [10.5701432, 60.3662232], [10.5697888, 60.366515], [10.5692899, 60.3669343], [10.5687547, 60.3674012], [10.5683371, 60.3677768], [10.5679574, 60.3681296], [10.5675897, 60.3684803], [10.5671321, 60.3689255], [10.5665757, 60.369498], [10.5661845, 60.3699115], [10.565799, 60.3703292], [10.5655921, 60.370545], [10.5654211, 60.3707144], [10.5652273, 60.3708911], [10.5650885, 60.3710068], [10.5649175, 60.3711461], [10.5647263, 60.3712938], [10.5644877, 60.3714544], [10.5642899, 60.371585], [10.564076, 60.3717163], [10.5638044, 60.3718704], [10.5635833, 60.3719943], [10.5630553, 60.3722635], [10.5626692, 60.3724548], [10.5623634, 60.3726179], [10.5621696, 60.372728], [10.5620174, 60.3728221], [10.561882, 60.3729103], [10.5617284, 60.3730194], [10.5615862, 60.3731307], [10.5614769, 60.3732236], [10.5613422, 60.3733482], [10.5612268, 60.3734612], [10.5611242, 60.3735753], [10.5610612, 60.3736518], [10.5609814, 60.3737536], [10.5609184, 60.3738431], [10.5608639, 60.3739268], [10.5608083, 60.3740215], [10.5607544, 60.3741158], [10.5607237, 60.3741818], [10.560684, 60.3742703], [10.5606476, 60.3743621], [10.5606095, 60.374481], [10.5605898, 60.3745531], [10.5605647, 60.3746519], [10.5605488, 60.3747444], [10.5605409, 60.3748153], [10.5605335, 60.3749065], [10.5605308, 60.3750311], [10.5605341, 60.3751367], [10.5605422, 60.3752287], [10.5605563, 60.3753278], [10.5605844, 60.375466], [10.560622, 60.3756012], [10.5606649, 60.3757348], [10.5607165, 60.375875], [10.5607863, 60.3760421], [10.5608332, 60.3761617], [10.5609174, 60.3763601], [10.5610746, 60.3767027], [10.5611687, 60.3768941], [10.561253, 60.3770663]]}, "properties": {"electrified": "contact_line", "frequency": "16.67", "gauge": "1435", "maxspeed": "90", "name": "Gj\u00f8vikbanen", "operator": "Bane NOR", "passenger_lines": "1", "railway": "rail", "usage": "main", "voltage": "15000", "length_km": 1.38, "maxspeed_kmh": 90.0}}, {"type": "Feature", "geometry": {"type": "LineString", "coordinates": [[10.5250325, 60.4382152], [10.5248026, 60.438356], [10.5245257, 60.4385157], [10.5242626, 60.438667], [10.5239761, 60.4388304], [10.5227709, 60.4395335], [10.5224109, 60.4397513], [10.5221669, 60.4399051], [10.5217567, 60.4401661], [10.5213254, 60.4404551], [10.5209224, 60.4407411], [10.5204883, 60.4410624], [10.5203111, 60.4411954], [10.5200019, 60.4414447], [10.5197077, 60.4416836], [10.5194245, 60.4419311], [10.5191505, 60.4421756], [10.5188719, 60.4424338], [10.5185625, 60.442736], [10.5182931, 60.4430146], [10.5180514, 60.4432743], [10.5178606, 60.4434892], [10.517662, 60.4437246], [10.5175019, 60.4439152]]}, "properties": {"electrified": "contact_line", "frequency": "16.67", "gauge": "1435", "maxspeed": "105", "name": "Gj\u00f8vikbanen", "operator": "Bane NOR", "passenger_lines": "1", "railway": "rail", "usage": "main", "voltage": "15000", "length_km": 0.763, "maxspeed_kmh": 105.0}}, {"type": "Feature", "geometry": {"type": "LineString", "coordinates": [[10.5592805, 60.5741109], [10.5594663, 60.5745141], [10.5595472, 60.5746774], [10.5596363, 60.5748441], [10.5597409, 60.5750259], [10.5598195, 60.5751523], [10.5599273, 60.5753183], [10.5600751, 60.5755227], [10.5602516, 60.575761], [10.5604141, 60.5759582], [10.5605869, 60.5761589], [10.5608295, 60.576422], [10.5611088, 60.5767155], [10.5612256, 60.5768422], [10.5613334, 60.5769612], [10.5614486, 60.5770976], [10.5615649, 60.5772404], [10.5616739, 60.5773999], [10.5617793, 60.57756], [10.5619465, 60.577866], [10.562012, 60.5780178], [10.5620701, 60.5781642], [10.5621259, 60.5783308], [10.5621768, 60.5785183], [10.5622216, 60.5786969], [10.5622628, 60.5788891], [10.5623343, 60.5791945], [10.5623801, 60.5793516], [10.5624322, 60.5795147], [10.5624758, 60.5796504], [10.5625352, 60.5798004], [10.5626018, 60.5799563], [10.5626649, 60.580098], [10.562768, 60.5803018], [10.5629196, 60.5805803], [10.5630738, 60.5808337], [10.5632302, 60.5810906], [10.5636478, 60.5817467], [10.563934, 60.5821768], [10.5641636, 60.5825076], [10.5648396, 60.5834519], [10.5651584, 60.5838729], [10.5654971, 60.5843202], [10.5658603, 60.5847743], [10.5666084, 60.5856745], [10.5672839, 60.5864418], [10.5676951, 60.5868929], [10.5679689, 60.5872216], [10.5681109, 60.5873975], [10.5682608, 60.5875933], [10.5684181, 60.5878125], [10.5685861, 60.5880574], [10.5687523, 60.5883183], [10.5689116, 60.5885842], [10.5690832, 60.5888681], [10.5692359, 60.5891037], [10.5693934, 60.5893084], [10.5695219, 60.5894702], [10.5696697, 60.5896309], [10.5698127, 60.5897739], [10.5699811, 60.5899382], [10.5701471, 60.5900851], [10.5703289, 60.5902327], [10.5705506, 60.5904046], [10.5705931, 60.5904345]]}, "properties": {"electrified": "contact_line", "frequency": "16.67", "gauge": "1435", "maxspeed": "115", "name": "Gj\u00f8vikbanen", "operator": "Bane NOR", "passenger_lines": "1", "railway": "rail", "usage": "main", "voltage": "15000", "length_km": 1.931, "maxspeed_kmh": 115.0}}, {"type": "Feature", "geometry": {"type": "LineString", "coordinates": [[10.5696663, 60.3607056], [10.5696859, 60.3607507], [10.5697439, 60.3608698], [10.5699207, 60.3611427], [10.5700517, 60.3613113], [10.5701777, 60.3614543], [10.5703145, 60.3615882], [10.5704642, 60.3617246], [10.5706618, 60.361884], [10.570847, 60.3620202], [10.571068, 60.3621753], [10.571357, 60.3623719], [10.5715582, 60.3625172], [10.5717089, 60.3626283], [10.5718472, 60.3627419], [10.5719494, 60.3628405], [10.5720716, 60.362973], [10.5721593, 60.3630902], [10.5722297, 60.3631958], [10.5722803, 60.3632941], [10.5723285, 60.3634065], [10.5723618, 60.3635146], [10.5723865, 60.3636184], [10.5723964, 60.3637167], [10.5724013, 60.3638162], [10.5723952, 60.363931], [10.5723729, 60.3640458], [10.5723421, 60.3641642], [10.5722853, 60.364301], [10.5722186, 60.3644237], [10.5721383, 60.364544], [10.5720264, 60.3646857], [10.5719094, 60.3648066], [10.5717645, 60.36494], [10.5715697, 60.3651014], [10.5713663, 60.3652608], [10.5706196, 60.3658429]]}, "properties": {"electrified": "contact_line", "frequency": "16.67", "gauge": "1435", "maxspeed": "70", "name": "Gj\u00f8vikbanen", "operator": "Bane NOR", "passenger_lines": "1", "railway": "rail", "usage": "main", "voltage": "15000", "length_km": 0.634, "maxspeed_kmh": 70.0}}, {"type": "Feature", "geometry": {"type": "LineString", "coordinates": [[10.6084823, 60.699005], [10.6084063, 60.6990913], [10.6082797, 60.6992358], [10.6081854, 60.6993563], [10.6080848, 60.6994902], [10.6080014, 60.6996119], [10.6079281, 60.6997371], [10.6078447, 60.6998947], [10.6077815, 60.7000276], [10.6077283, 60.7001564], [10.6076823, 60.7002837], [10.6076305, 60.7004328], [10.607585, 60.7005711], [10.6074747, 60.7009216], [10.607246, 60.7016318], [10.6070303, 60.7023254], [10.6068511, 60.7029093], [10.6068048, 60.7030691], [10.6067674, 60.7032203], [10.6067401, 60.7033519], [10.6067185, 60.7034834], [10.606707, 60.7036128], [10.6067027, 60.7037282], [10.6067049, 60.7038796], [10.6067211, 60.7040415], [10.6067454, 60.7041941], [10.6067753, 60.7043219], [10.6068085, 60.704441], [10.6068593, 60.7045882], [10.6069246, 60.7047447], [10.6070032, 60.7048973], [10.6070839, 60.7050424], [10.6075117, 60.7057057], [10.6076306, 60.7058963], [10.6077166, 60.7060441], [10.6077886, 60.7061681], [10.6078622, 60.7063013], [10.607931, 60.706433], [10.6079936, 60.7065547], [10.6080718, 60.7067094], [10.6081532, 60.7068831], [10.6082205, 60.7070339], [10.6082956, 60.70722], [10.6083832, 60.707432], [10.608488, 60.7077229], [10.6085991, 60.7080735], [10.6086679, 60.7083254], [10.6087292, 60.7085821], [10.6087762, 60.7087911], [10.6088059, 60.7089718], [10.6088341, 60.7091501], [10.6088575, 60.7093277], [10.608881, 60.7095221], [10.6088951, 60.7097173], [10.608906, 60.7099366], [10.608907, 60.7101212], [10.6089086, 60.7103066], [10.6089017, 60.7105366], [10.6088898, 60.7107576], [10.6088713, 60.7109904], [10.6088489, 60.7112112], [10.6088108, 60.7115245], [10.6087934, 60.7117131], [10.6087768, 60.7119175], [10.6087727, 60.7121029], [10.6087741, 60.7122756], [10.6087837, 60.7124388], [10.6088058, 60.7126088], [10.6088292, 60.7127545], [10.608861, 60.7129164], [10.6089037, 60.7130863], [10.6089467, 60.7132378], [10.6090035, 60.7133995], [10.6090547, 60.713532], [10.6091338, 60.7137128], [10.6092319, 60.7139103], [10.6093557, 60.7141259], [10.6094756, 60.7143157], [10.6096014, 60.7144993], [10.6097866, 60.7147401], [10.6099937, 60.7149914], [10.6101674, 60.7151843]]}, "properties": {"electrified": "contact_line", "frequency": "16.67", "gauge": "1435", "maxspeed": "110", "name": "Gj\u00f8vikbanen", "operator": "Bane NOR", "passenger_lines": "1", "railway": "rail", "usage": "main", "voltage": "15000", "length_km": 1.839, "maxspeed_kmh": 110.0}}, {"type": "Feature", "geometry": {"type": "LineString", "coordinates": [[10.6148479, 60.685571], [10.6148155, 60.6856689], [10.6147809, 60.6857563], [10.614742, 60.6858381], [10.614705, 60.6859195]]}, "properties": {"bridge": "yes", "electrified": "contact_line", "frequency": "16.67", "gauge": "1435", "maxspeed": "100", "name": "Gj\u00f8vikbanen", "operator": "Bane NOR", "passenger_lines": "1", "railway": "rail", "usage": "main", "voltage": "15000", "length_km": 0.04, "maxspeed_kmh": 100.0}}, {"type": "Feature", "geometry": {"type": "LineString", "coordinates": [[10.6091781, 60.6909141], [10.609119, 60.6909919]]}, "properties": {"bridge": "yes", "electrified": "contact_line", "frequency": "16.67", "gauge": "1435", "maxspeed": "100", "name": "Gj\u00f8vikbanen", "operator": "Bane NOR", "passenger_lines": "1", "railway": "rail", "usage": "main", "voltage": "15000", "length_km": 0.009, "maxspeed_kmh": 100.0}}, {"type": "Feature", "geometry": {"type": "LineString", "coordinates": [[10.6369233, 60.7684063], [10.6370207, 60.7684692]]}, "properties": {"bridge": "yes", "electrified": "contact_line", "frequency": "16.67", "gauge": "1435", "maxspeed": "80", "name": "Gj\u00f8vikbanen", "operator": "Bane NOR", "passenger_lines": "1", "railway": "rail", "usage": "main", "voltage": "15000", "length_km": 0.009, "maxspeed_kmh": 80.0}}, {"type": "Feature", "geometry": {"type": "LineString", "coordinates": [[10.6182925, 60.676641], [10.6181547, 60.6767661], [10.6180474, 60.6768587], [10.6179026, 60.6769757], [10.6177893, 60.6770821], [10.6177282, 60.677149], [10.617594, 60.6773026], [10.6153585, 60.6798093], [10.6152271, 60.679958], [10.6151211, 60.6800873], [10.6150568, 60.6801773], [10.6150044, 60.6802587], [10.6149159, 60.6803993], [10.6148119, 60.6805755]]}, "properties": {"electrified": "contact_line", "frequency": "16.67", "gauge": "1435", "maxspeed": "100", "name": "Gj\u00f8vikbanen", "passenger_lines": "1", "railway": "rail", "usage": "main", "voltage": "15000", "length_km": 0.479, "maxspeed_kmh": 100.0}}, {"type": "Feature", "geometry": {"type": "LineString", "coordinates": [[10.5962546, 60.6290437], [10.5961032, 60.6288423]]}, "properties": {"bridge": "yes", "electrified": "contact_line", "frequency": "16.67", "gauge": "1435", "maxspeed": "40", "name": "Gj\u00f8vikbanen", "passenger_lines": "3", "railway": "rail", "service": "siding", "voltage": "15000", "length_km": 0.024, "maxspeed_kmh": 40.0}}, {"type": "Feature", "geometry": {"type": "LineString", "coordinates": [[10.6169574, 60.7291841], [10.6170232, 60.7292946]]}, "properties": {"bridge": "yes", "electrified": "contact_line", "frequency": "16.67", "gauge": "1435", "maxspeed": "100", "name": "Gj\u00f8vikbanen", "operator": "Bane NOR", "passenger_lines": "1", "railway": "rail", "usage": "main", "voltage": "15000", "length_km": 0.013, "maxspeed_kmh": 100.0}}, {"type": "Feature", "geometry": {"type": "LineString", "coordinates": [[10.6370207, 60.7684692], [10.6372005, 60.7685697], [10.6373466, 60.7686454], [10.6375508, 60.7687398], [10.637717, 60.7688072], [10.6378522, 60.768861], [10.6381283, 60.7689602], [10.638777, 60.7691885], [10.6389652, 60.76926], [10.6391156, 60.7693189], [10.639268, 60.7693869], [10.6394194, 60.7694613], [10.6395535, 60.7695333], [10.6397131, 60.7696282], [10.6398716, 60.7697341], [10.6399985, 60.7698305], [10.6400957, 60.7699125], [10.6402277, 60.7700418], [10.6403412, 60.7701602], [10.6405909, 60.770437], [10.6407157, 60.7705709], [10.6408323, 60.7706893], [10.6409653, 60.7708032], [10.641086, 60.7708986], [10.6412262, 60.7709945], [10.6413725, 60.7710855], [10.6415955, 60.7712039], [10.6418032, 60.7713018], [10.642193, 60.7714546], [10.6425766, 60.7715865], [10.6428785, 60.7716849], [10.6431659, 60.7717803], [10.6433798, 60.7718558], [10.6435527, 60.7719222], [10.6437481, 60.7720026], [10.6439148, 60.7720821], [10.6441368, 60.7722065], [10.6443108, 60.7723114], [10.6444397, 60.7724038], [10.6445665, 60.7725057], [10.6446944, 60.7726186], [10.6448131, 60.772739], [10.6449133, 60.7728644], [10.6450238, 60.7730252]]}, "properties": {"electrified": "contact_line", "frequency": "16.67", "gauge": "1435", "maxspeed": "80", "name": "Gj\u00f8vikbanen", "operator": "Bane NOR", "passenger_lines": "1", "railway": "rail", "usage": "main", "voltage": "15000", "length_km": 0.683, "maxspeed_kmh": 80.0}}, {"type": "Feature", "geometry": {"type": "LineString", "coordinates": [[10.5961032, 60.6288423], [10.5959664, 60.6286655]]}, "properties": {"electrified": "contact_line", "frequency": "16.67", "gauge": "1435", "maxspeed": "40", "name": "Gj\u00f8vikbanen", "passenger_lines": "3", "railway": "rail", "service": "siding", "voltage": "15000", "length_km": 0.021, "maxspeed_kmh": 40.0}}, {"type": "Feature", "geometry": {"type": "LineString", "coordinates": [[10.6183514, 60.6765711], [10.6182925, 60.676641]]}, "properties": {"bridge": "yes", "electrified": "contact_line", "frequency": "16.67", "gauge": "1435", "maxspeed": "100", "name": "Gj\u00f8vikbanen", "operator": "Bane NOR", "passenger_lines": "1", "railway": "rail", "usage": "main", "voltage": "15000", "length_km": 0.008, "maxspeed_kmh": 100.0}}, {"type": "Feature", "geometry": {"type": "LineString", "coordinates": [[10.5961846, 60.6288207], [10.5963357, 60.629021]]}, "properties": {"bridge": "yes", "electrified": "contact_line", "frequency": "16.67", "gauge": "1435", "maxspeed": "80", "name": "Gj\u00f8vikbanen", "operator": "Bane NOR", "passenger_lines": "3", "railway": "rail", "usage": "main", "voltage": "15000", "length_km": 0.024, "maxspeed_kmh": 80.0}}, {"type": "Feature", "geometry": {"type": "LineString", "coordinates": [[10.5959664, 60.6286655], [10.5958295, 60.6284178], [10.5956857, 60.6281576]]}, "properties": {"electrified": "contact_line", "frequency": "16.67", "gauge": "1435", "maxspeed": "40", "name": "Gj\u00f8vikbanen", "passenger_lines": "3", "railway": "rail", "service": "crossover", "voltage": "15000", "length_km": 0.059, "maxspeed_kmh": 40.0}}, {"type": "Feature", "geometry": {"type": "LineString", "coordinates": [[10.610894, 60.6889697], [10.6107195, 60.6891266], [10.6105527, 60.6892887], [10.6103853, 60.6894568], [10.6102312, 60.6896233], [10.6100685, 60.689802], [10.6099166, 60.689981], [10.6097619, 60.6901711], [10.6093835, 60.6906435], [10.6091781, 60.6909141]]}, "properties": {"electrified": "contact_line", "frequency": "16.67", "gauge": "1435", "maxspeed": "100", "name": "Gj\u00f8vikbanen", "operator": "Bane NOR", "passenger_lines": "1", "railway": "rail", "usage": "main", "voltage": "15000", "length_km": 0.236, "maxspeed_kmh": 100.0}}, {"type": "Feature", "geometry": {"type": "LineString", "coordinates": [[10.6182925, 60.676641], [10.6180457, 60.6769188], [10.6167656, 60.6783593], [10.6164179, 60.6787531], [10.6160175, 60.6792002], [10.6156061, 60.679666], [10.6150797, 60.6802593], [10.61493, 60.6804334], [10.6148119, 60.6805755], [10.6147284, 60.6806837], [10.6146351, 60.6808177], [10.6145495, 60.6809584], [10.6145278, 60.6810001], [10.6144819, 60.6810885], [10.6144302, 60.6811971], [10.6143874, 60.6813154], [10.6143566, 60.6814153], [10.6143217, 60.6815424], [10.6143028, 60.6816588], [10.6142889, 60.6817762], [10.614282, 60.6818999], [10.6142879, 60.6820523], [10.6143038, 60.6821873], [10.6143307, 60.682348], [10.6143864, 60.6825876], [10.6145137, 60.6830975], [10.6145684, 60.6833162], [10.6146303, 60.6835577], [10.6146984, 60.6838128], [10.6148545, 60.6844471], [10.6148869, 60.6845945], [10.6149113, 60.6847358], [10.6149252, 60.6848449], [10.6149342, 60.6849706], [10.6149352, 60.6850704], [10.6149282, 60.6851766], [10.6149163, 60.6852759], [10.6148954, 60.6853938], [10.6148715, 60.6854921], [10.6148479, 60.685571]]}, "properties": {"electrified": "contact_line", "frequency": "16.67", "gauge": "1435", "maxspeed": "100", "name": "Gj\u00f8vikbanen", "operator": "Bane NOR", "passenger_lines": "1", "railway": "rail", "usage": "main", "voltage": "15000", "length_km": 1.041, "maxspeed_kmh": 100.0}}, {"type": "Feature", "geometry": {"type": "LineString", "coordinates": [[10.614705, 60.6859195], [10.6146133, 60.6860737], [10.6145106, 60.6862232], [10.6143952, 60.6863719], [10.6142743, 60.6865083], [10.614142, 60.6866405], [10.614, 60.686772], [10.6138199, 60.6869222], [10.6136947, 60.6870158], [10.6135329, 60.6871267], [10.6133665, 60.6872348], [10.6131225, 60.6873857], [10.6126564, 60.6876703], [10.6124777, 60.6877818], [10.6122133, 60.6879533], [10.6120234, 60.6880828], [10.6118068, 60.6882356], [10.6116281, 60.6883692]]}, "properties": {"electrified": "contact_line", "frequency": "16.67", "gauge": "1435", "maxspeed": "100", "name": "Gj\u00f8vikbanen", "operator": "Bane NOR", "passenger_lines": "1", "railway": "rail", "usage": "main", "voltage": "15000", "length_km": 0.323, "maxspeed_kmh": 100.0}}, {"type": "Feature", "geometry": {"type": "LineString", "coordinates": [[10.5843643, 60.616326], [10.5843467, 60.616611], [10.5843415, 60.6168501], [10.5843389, 60.6171489], [10.5843583, 60.6174655], [10.5843894, 60.6177434], [10.5844398, 60.6180263], [10.5845057, 60.6183105], [10.584582, 60.6185623], [10.5846622, 60.6187932], [10.5847514, 60.6190102], [10.5848652, 60.6192252], [10.5850798, 60.6195151], [10.5852053, 60.6196604], [10.5853164, 60.6197657], [10.5854483, 60.6198837], [10.5855794, 60.6199889]]}, "properties": {"electrified": "contact_line", "frequency": "16.67", "gauge": "1435", "maxspeed": "85", "name": "Gj\u00f8vikbanen", "operator": "Bane NOR", "passenger_lines": "1", "railway": "rail", "usage": "main", "voltage": "15000", "length_km": 0.419, "maxspeed_kmh": 85.0}}, {"type": "Feature", "geometry": {"type": "LineString", "coordinates": [[10.5982328, 60.6337915], [10.598225, 60.6336864], [10.5982099, 60.6335874], [10.5981843, 60.6334845], [10.5981604, 60.6333716], [10.5981342, 60.6332513], [10.598127, 60.6332182], [10.598045, 60.6328327], [10.5980281, 60.6327694], [10.5979207, 60.6322609], [10.5978814, 60.6320817], [10.5978382, 60.631911], [10.5977976, 60.6317684], [10.597737, 60.631582], [10.5976574, 60.631375], [10.5975929, 60.6312225], [10.5974894, 60.6310162], [10.5973657, 60.6307922], [10.5972727, 60.6306385], [10.5971806, 60.6304977], [10.5970409, 60.6302937], [10.5968192, 60.6299964], [10.5966856, 60.6298205], [10.5965757, 60.6296019], [10.5964863, 60.6294319], [10.5964539, 60.6293612], [10.5964015, 60.6292615], [10.596346, 60.6291689]]}, "properties": {"electrified": "contact_line", "frequency": "16.67", "gauge": "1435", "maxspeed": "40", "name": "Gj\u00f8vikbanen", "passenger_lines": "3", "railway": "rail", "service": "siding", "voltage": "15000", "length_km": 0.528, "maxspeed_kmh": 40.0}}, {"type": "Feature", "geometry": {"type": "LineString", "coordinates": [[10.6640505, 60.2577969], [10.6640506, 60.2578927]]}, "properties": {"electrified": "contact_line", "frequency": "16.67", "gauge": "1435", "maxspeed": "70", "name": "Gj\u00f8vikbanen", "operator": "Bane NOR", "passenger_lines": "2", "railway": "rail", "usage": "main", "voltage": "15000", "length_km": 0.011, "maxspeed_kmh": 70.0}}, {"type": "Feature", "geometry": {"type": "LineString", "coordinates": [[10.7260189, 60.2258602], [10.7260455, 60.225963]]}, "properties": {"bridge": "yes", "electrified": "contact_line", "frequency": "16.67", "gauge": "1435", "maxspeed": "80", "name": "Gj\u00f8vikbanen", "operator": "Bane NOR", "passenger_lines": "1", "railway": "rail", "usage": "main", "voltage": "15000", "length_km": 0.012, "maxspeed_kmh": 80.0}}, {"type": "Feature", "geometry": {"type": "LineString", "coordinates": [[10.6639647, 60.2578941], [10.6639701, 60.2577619]]}, "properties": {"electrified": "contact_line", "frequency": "16.67", "gauge": "1435", "maxspeed": "40", "name": "Gj\u00f8vikbanen", "passenger_lines": "2", "railway": "rail", "service": "siding", "voltage": "15000", "length_km": 0.015, "maxspeed_kmh": 40.0}}, {"type": "Feature", "geometry": {"type": "LineString", "coordinates": [[10.6615979, 60.2722547], [10.6599726, 60.2736007]]}, "properties": {"electrified": "contact_line", "frequency": "16.67", "gauge": "1435", "maxspeed": "80", "name": "Gj\u00f8vikbanen", "operator": "Bane NOR", "passenger_lines": "1", "railway": "rail", "tunnel": "yes", "usage": "main", "voltage": "15000", "length_km": 0.175, "maxspeed_kmh": 80.0}}, {"type": "Feature", "geometry": {"type": "LineString", "coordinates": [[10.6639701, 60.2577619], [10.6639853, 60.257658], [10.6639991, 60.2575731]]}, "properties": {"bridge": "yes", "electrified": "contact_line", "frequency": "16.67", "gauge": "1435", "maxspeed": "40", "name": "Gj\u00f8vikbanen", "passenger_lines": "2", "railway": "rail", "service": "siding", "voltage": "15000", "length_km": 0.021, "maxspeed_kmh": 40.0}}, {"type": "Feature", "geometry": {"type": "LineString", "coordinates": [[10.663971, 60.2579949], [10.6639647, 60.2578941]]}, "properties": {"bridge": "yes", "electrified": "contact_line", "frequency": "16.67", "gauge": "1435", "maxspeed": "40", "name": "Gj\u00f8vikbanen", "passenger_lines": "2", "railway": "rail", "service": "siding", "voltage": "15000", "length_km": 0.011, "maxspeed_kmh": 40.0}}, {"type": "Feature", "geometry": {"type": "LineString", "coordinates": [[10.6640506, 60.2578927], [10.6640595, 60.2579908]]}, "properties": {"bridge": "yes", "electrified": "contact_line", "frequency": "16.67", "gauge": "1435", "maxspeed": "70", "name": "Gj\u00f8vikbanen", "operator": "Bane NOR", "passenger_lines": "2", "railway": "rail", "usage": "main", "voltage": "15000", "length_km": 0.011, "maxspeed_kmh": 70.0}}, {"type": "Feature", "geometry": {"type": "LineString", "coordinates": [[10.6619211, 60.2676715], [10.6618923, 60.2679635], [10.6619448, 60.2682111], [10.6620457, 60.2684182], [10.6621929, 60.2686026], [10.6623755, 60.2688005], [10.6625791, 60.2690006], [10.6627247, 60.2692048], [10.6628118, 60.2693732]]}, "properties": {"electrified": "contact_line", "frequency": "16.67", "gauge": "1435", "maxspeed": "80", "name": "Gj\u00f8vikbanen", "operator": "Bane NOR", "passenger_lines": "1", "railway": "rail", "tunnel": "yes", "usage": "main", "voltage": "15000", "length_km": 0.199, "maxspeed_kmh": 80.0}}, {"type": "Feature", "geometry": {"type": "LineString", "coordinates": [[10.6272314, 60.2818677], [10.6270446, 60.2818797], [10.6268731, 60.2818934], [10.6266164, 60.2819204], [10.6261675, 60.2819707], [10.6258451, 60.282007], [10.6255304, 60.2820453], [10.6252442, 60.2820867], [10.624947, 60.2821364], [10.6247456, 60.2821744], [10.624507, 60.2822266], [10.6241309, 60.282318], [10.6239168, 60.2823724], [10.6237314, 60.2824208]]}, "properties": {"electrified": "contact_line", "frequency": "16.67", "gauge": "1435", "maxspeed": "50", "name": "Gj\u00f8vikbanen", "operator": "Bane NOR", "passenger_lines": "2", "railway": "rail", "usage": "main", "voltage": "15000", "length_km": 0.205, "maxspeed_kmh": 50.0}}, {"type": "Feature", "geometry": {"type": "LineString", "coordinates": [[10.6628118, 60.2693732], [10.6628816, 60.2695223], [10.6629292, 60.2696703], [10.6629668, 60.2698233], [10.6629922, 60.269986], [10.6629869, 60.2701243], [10.6629694, 60.2702835], [10.662937, 60.2704267], [10.6628891, 60.2705746], [10.6628063, 60.2707487], [10.6626986, 60.2709532], [10.6625806, 60.2711368], [10.6624752, 60.2712898], [10.662272, 60.2715562], [10.6621103, 60.2717475], [10.6619799, 60.2718874], [10.6618276, 60.2720416], [10.6615979, 60.2722547]]}, "properties": {"electrified": "contact_line", "frequency": "16.67", "gauge": "1435", "maxspeed": "80", "name": "Gj\u00f8vikbanen", "operator": "Bane NOR", "passenger_lines": "1", "railway": "rail", "usage": "main", "voltage": "15000", "length_km": 0.336, "maxspeed_kmh": 80.0}}, {"type": "Feature", "geometry": {"type": "LineString", "coordinates": [[10.6667417, 60.2620382], [10.6667403, 60.2619508], [10.6667315, 60.2618716], [10.6667195, 60.2617853], [10.6666987, 60.2616751], [10.6666887, 60.2615746], [10.6666823, 60.2614744], [10.6666766, 60.2613311], [10.6666681, 60.2612177], [10.6666538, 60.2611141], [10.6666233, 60.2609949], [10.6665926, 60.2608932], [10.6665522, 60.2607948], [10.6664845, 60.2606669], [10.6664097, 60.2605497], [10.6663437, 60.2604643], [10.6662692, 60.2603703], [10.6661642, 60.2602563], [10.6660297, 60.2601236], [10.6658747, 60.2599953], [10.6648411, 60.2592051], [10.6646722, 60.259075], [10.6645758, 60.2589963], [10.6644768, 60.25891], [10.6644041, 60.2588371], [10.6643329, 60.2587619], [10.664254, 60.2586648], [10.664179, 60.2585593], [10.6641333, 60.2584833], [10.66409, 60.2583974], [10.6640522, 60.2583145], [10.6640267, 60.2582374], [10.6640019, 60.2581659], [10.6639841, 60.258082], [10.663971, 60.2579949]]}, "properties": {"electrified": "contact_line", "frequency": "16.67", "gauge": "1435", "maxspeed": "40", "name": "Gj\u00f8vikbanen", "passenger_lines": "2", "railway": "rail", "service": "siding", "voltage": "15000", "length_km": 0.487, "maxspeed_kmh": 40.0}}, {"type": "Feature", "geometry": {"type": "LineString", "coordinates": [[10.6640595, 60.2579908], [10.6640721, 60.2580775], [10.6640932, 60.2581574], [10.6641162, 60.2582314], [10.6641407, 60.2582951], [10.6641834, 60.2583903], [10.6642248, 60.2584699], [10.6642699, 60.258544], [10.6643452, 60.2586473], [10.6644191, 60.2587424], [10.6644919, 60.2588196], [10.6645634, 60.2588918], [10.6646624, 60.2589826], [10.664752, 60.2590534], [10.6653557, 60.2595207], [10.6655633, 60.2596807], [10.6659477, 60.259978], [10.6661102, 60.2601122], [10.666268, 60.2602507], [10.6663708, 60.2603515], [10.6664409, 60.260436], [10.6665175, 60.2605342], [10.6665952, 60.2606575], [10.6666618, 60.2607837], [10.6666998, 60.2608727], [10.6667346, 60.2609893], [10.6667595, 60.2611115], [10.66677, 60.2612154], [10.6667779, 60.2613383], [10.6667754, 60.2614626], [10.6667647, 60.2616271], [10.6667417, 60.2620382]]}, "properties": {"electrified": "contact_line", "frequency": "16.67", "gauge": "1435", "maxspeed": "70", "name": "Gj\u00f8vikbanen", "operator": "Bane NOR", "passenger_lines": "2", "railway": "rail", "usage": "main", "voltage": "15000", "length_km": 0.487, "maxspeed_kmh": 70.0}}, {"type": "Feature", "geometry": {"type": "LineString", "coordinates": [[10.7242835, 60.1915121], [10.7241107, 60.1917269], [10.7240243, 60.1918431], [10.7239508, 60.1919484], [10.7238999, 60.1920273], [10.7238312, 60.1921441], [10.7237625, 60.1922766], [10.7236955, 60.19242], [10.7236367, 60.1925754], [10.7235954, 60.1926941], [10.7235705, 60.1927774], [10.7235527, 60.1928488], [10.7235293, 60.1929644], [10.7235117, 60.1930764], [10.7235021, 60.1931858], [10.7234944, 60.1933375], [10.723498, 60.1935111], [10.7235075, 60.1936248], [10.7235224, 60.1937438], [10.7235469, 60.1938806], [10.7235814, 60.1940227]]}, "properties": {"electrified": "contact_line", "frequency": "16.67", "gauge": "1435", "maxspeed": "40", "name": "Gj\u00f8vikbanen", "passenger_lines": "2", "railway": "rail", "usage": "main", "voltage": "15000", "length_km": 0.286, "maxspeed_kmh": 40.0}}, {"type": "Feature", "geometry": {"type": "LineString", "coordinates": [[10.7097903, 60.2354578], [10.7099833, 60.2353439], [10.7100647, 60.2352942], [10.7101343, 60.2352444], [10.710257, 60.2351612], [10.7103762, 60.2350868], [10.7105185, 60.2350014], [10.7106712, 60.2349152], [10.7120052, 60.2341926], [10.7127789, 60.2337701], [10.7134447, 60.2334097], [10.7138444, 60.2331935], [10.7140628, 60.233074], [10.7142511, 60.2329771], [10.7143831, 60.2329191], [10.7145242, 60.232858], [10.7146727, 60.2327946], [10.7148543, 60.2327123]]}, "properties": {"electrified": "contact_line", "frequency": "16.67", "gauge": "1435", "maxspeed": "40", "name": "Gj\u00f8vikbanen", "passenger_lines": "2", "railway": "rail", "usage": "main", "voltage": "15000", "length_km": 0.416, "maxspeed_kmh": 40.0}}, {"type": "Feature", "geometry": {"type": "LineString", "coordinates": [[10.7906146, 59.905314], [10.7904758, 59.9053082]]}, "properties": {"bridge": "yes", "electrified": "contact_line", "frequency": "16.67", "gauge": "1435", "maxspeed": "110", "name": "Gj\u00f8vikbanen", "operator": "Bane NOR", "railway": "rail", "usage": "main", "voltage": "15000", "length_km": 0.008, "maxspeed_kmh": 110.0}}, {"type": "Feature", "geometry": {"type": "LineString", "coordinates": [[10.7417479, 60.1511632], [10.7411906, 60.1513184]]}, "properties": {"bridge": "yes", "electrified": "contact_line", "frequency": "16.67", "gauge": "1435", "maxspeed": "90", "name": "Gj\u00f8vikbanen", "operator": "Bane NOR", "passenger_lines": "1", "railway": "rail", "usage": "main", "voltage": "15000", "length_km": 0.035, "maxspeed_kmh": 90.0}}, {"type": "Feature", "geometry": {"type": "LineString", "coordinates": [[10.7188046, 60.1677034], [10.7188329, 60.1675665], [10.7188555, 60.1674734], [10.7188826, 60.1673749], [10.7189129, 60.1672801], [10.7189521, 60.1671747], [10.7190078, 60.1670632], [10.7190752, 60.1669445], [10.7191652, 60.166818], [10.7192761, 60.1666768], [10.7193955, 60.1665447], [10.7195438, 60.1663778], [10.7201442, 60.1657345], [10.7207008, 60.1651415], [10.7210339, 60.1647819], [10.7216362, 60.164143]]}, "properties": {"electrified": "contact_line", "frequency": "16.67", "gauge": "1435", "maxspeed": "75", "name": "Gj\u00f8vikbanen", "operator": "Bane NOR", "passenger_lines": "2", "railway": "rail", "usage": "main", "voltage": "15000", "length_km": 0.429, "maxspeed_kmh": 75.0}}, {"type": "Feature", "geometry": {"type": "LineString", "coordinates": [[10.7216362, 60.164143], [10.7215034, 60.1642967], [10.7214187, 60.164412], [10.7213547, 60.164507], [10.7213188, 60.1645571], [10.7212788, 60.1646103], [10.7212182, 60.1646839], [10.721113, 60.1647978], [10.7207744, 60.1651594], [10.7202145, 60.165748], [10.7196184, 60.1663968], [10.7194607, 60.1665654], [10.719353, 60.166689], [10.719247, 60.1668291], [10.7191598, 60.1669582], [10.71909, 60.1670749], [10.7190389, 60.1671773], [10.7189463, 60.1673689], [10.718892, 60.1674752], [10.7188521, 60.1675659], [10.718828, 60.1676305], [10.7188046, 60.1677034]]}, "properties": {"electrified": "contact_line", "frequency": "16.67", "gauge": "1435", "maxspeed": "40", "name": "Gj\u00f8vikbanen", "passenger_lines": "2", "railway": "rail", "usage": "main", "voltage": "15000", "length_km": 0.428, "maxspeed_kmh": 40.0}}, {"type": "Feature", "geometry": {"type": "LineString", "coordinates": [[10.6103792, 60.286424], [10.6101552, 60.2864381], [10.6100588, 60.2864457], [10.6095684, 60.286468], [10.6091803, 60.2864876], [10.608881, 60.28651], [10.608607, 60.286538], [10.6083501, 60.2865695], [10.608072, 60.2866154], [10.6078346, 60.2866606], [10.6076014, 60.2867132], [10.6074108, 60.2867639], [10.6071898, 60.2868296], [10.6069923, 60.2868947], [10.6068224, 60.2869583], [10.6066677, 60.2870206], [10.6065061, 60.2870932], [10.6063431, 60.2871747], [10.6061829, 60.2872637], [10.606002, 60.2873739], [10.6058459, 60.287482], [10.6056567, 60.2876203], [10.6054716, 60.2877709], [10.6052934, 60.2879291], [10.6051373, 60.288079], [10.6049951, 60.2882303], [10.6048639, 60.2883857], [10.6047547, 60.2885281], [10.6046802, 60.2886356], [10.6046125, 60.2887424], [10.6045503, 60.2888499], [10.6044923, 60.2889566], [10.6044523, 60.2890422], [10.6044081, 60.289149], [10.6043749, 60.2892448], [10.6043266, 60.2893886], [10.6042948, 60.2895105], [10.6042575, 60.2896693], [10.6041705, 60.2900821], [10.604136, 60.2902142], [10.6041028, 60.2903196], [10.6040641, 60.2904168], [10.6040186, 60.2905065], [10.6039633, 60.2906016], [10.6039116, 60.2906779], [10.6038452, 60.2907651], [10.6037593, 60.2908628], [10.6036792, 60.2909432], [10.6035913, 60.2910255], [10.603478, 60.2911204], [10.6033686, 60.2912036], [10.6032338, 60.2912927], [10.6031069, 60.2913682], [10.6029662, 60.2914485], [10.6028275, 60.2915182], [10.6026849, 60.2915821], [10.6025756, 60.2916305], [10.6024447, 60.2916828], [10.6023394, 60.2917209], [10.6022151, 60.2917641], [10.6020783, 60.2918092], [10.601925, 60.2918537], [10.6017606, 60.2918975], [10.6015852, 60.2919407], [10.6014029, 60.2919804], [10.6011778, 60.2920228], [10.6009195, 60.2920666], [10.6006653, 60.2921036], [10.6003932, 60.2921399], [10.5998076, 60.2922124], [10.5991695, 60.2922987], [10.5987717, 60.2923623], [10.598436, 60.2924232], [10.5981184, 60.2924896], [10.5978822, 60.2925444], [10.5976059, 60.2926149], [10.59732, 60.2926984], [10.5970921, 60.2927696], [10.5968684, 60.2928456], [10.5966087, 60.2929421], [10.5963172, 60.2930612], [10.5960962, 60.2931618], [10.5958808, 60.2932686], [10.595675, 60.2933808], [10.5954747, 60.2934938], [10.5952598, 60.2936243], [10.5945246, 60.2940816], [10.5939206, 60.294442], [10.5935377, 60.2946605]]}, "properties": {"electrified": "contact_line", "frequency": "16.67", "gauge": "1435", "maxspeed": "80", "name": "Gj\u00f8vikbanen", "operator": "Bane NOR", "passenger_lines": "1", "railway": "rail", "usage": "main", "voltage": "15000", "length_km": 1.417, "maxspeed_kmh": 80.0}}, {"type": "Feature", "geometry": {"type": "LineString", "coordinates": [[10.5560178, 60.3929834], [10.5573434, 60.3922462], [10.5574933, 60.3921626], [10.557758, 60.3920119], [10.5580051, 60.3918703], [10.5582768, 60.3917025], [10.5584802, 60.3915682], [10.5585844, 60.3915002]]}, "properties": {"electrified": "contact_line", "frequency": "16.67", "gauge": "1435", "maxspeed": "100", "name": "Gj\u00f8vikbanen", "operator": "Bane NOR", "passenger_lines": "3", "railway": "rail", "usage": "main", "voltage": "15000", "length_km": 0.218, "maxspeed_kmh": 100.0}}, {"type": "Feature", "geometry": {"type": "LineString", "coordinates": [[10.552335, 60.3950601], [10.5521031, 60.3952177], [10.5518824, 60.3953767], [10.5516749, 60.3955342], [10.5514711, 60.3957032], [10.5512265, 60.3959176], [10.5510111, 60.3961268], [10.5508291, 60.3963188], [10.5506704, 60.3965037], [10.5505452, 60.3966612], [10.5504231, 60.3968305], [10.550291, 60.3970333], [10.5501712, 60.3972441], [10.5500444, 60.3975084], [10.5499696, 60.397684], [10.5498574, 60.3979731], [10.5494834, 60.3989808], [10.5490645, 60.4001077], [10.5488419, 60.4007131], [10.5487638, 60.4009089], [10.5486877, 60.4010787], [10.548631, 60.4011906], [10.5485763, 60.401289], [10.5485119, 60.4013999], [10.5484474, 60.4014964], [10.5483596, 60.4016218], [10.5482678, 60.4017395], [10.5481573, 60.4018651], [10.548055, 60.4019762], [10.5479449, 60.4020884], [10.547832, 60.4021958], [10.5477078, 60.4023024], [10.5476048, 60.4023889], [10.5474962, 60.4024725], [10.5473508, 60.4025819], [10.5472181, 60.4026746], [10.5470573, 60.4027799], [10.5468879, 60.4028858], [10.5467242, 60.4029876], [10.546545, 60.4030963], [10.5463928, 60.4031878]]}, "properties": {"electrified": "contact_line", "frequency": "16.67", "gauge": "1435", "maxspeed": "105", "name": "Gj\u00f8vikbanen", "operator": "Bane NOR", "passenger_lines": "1", "railway": "rail", "usage": "main", "voltage": "15000", "length_km": 0.978, "maxspeed_kmh": 105.0}}, {"type": "Feature", "geometry": {"type": "LineString", "coordinates": [[10.6169637, 60.2845041], [10.6171827, 60.2844435], [10.6174254, 60.284377], [10.6176042, 60.2843289], [10.6177854, 60.2842783], [10.6179535, 60.284233], [10.6181001, 60.2841918], [10.6182782, 60.2841374], [10.6184296, 60.2840877], [10.6186018, 60.284029], [10.619987, 60.2835488], [10.6212402, 60.2831121], [10.6218825, 60.2828911], [10.6221404, 60.282799], [10.6223139, 60.2827384], [10.6225241, 60.2826727], [10.6228037, 60.2826012], [10.6230008, 60.2825536], [10.6231649, 60.2825182], [10.6233264, 60.2824781]]}, "properties": {"electrified": "contact_line", "frequency": "16.67", "gauge": "1435", "maxspeed": "40", "name": "Gj\u00f8vikbanen", "passenger_lines": "4", "railway": "rail", "service": "siding", "voltage": "15000", "length_km": 0.419, "maxspeed_kmh": 40.0}}, {"type": "Feature", "geometry": {"type": "LineString", "coordinates": [[10.6169571, 60.284552], [10.6161256, 60.2847167]]}, "properties": {"electrified": "contact_line", "frequency": "16.67", "gauge": "1435", "maxspeed": "50", "name": "Gj\u00f8vikbanen", "operator": "Bane NOR", "railway": "rail", "usage": "main", "voltage": "15000", "length_km": 0.05, "maxspeed_kmh": 50.0}}, {"type": "Feature", "geometry": {"type": "LineString", "coordinates": [[10.6235155, 60.2824296], [10.6234731, 60.2824416]]}, "properties": {"bridge": "yes", "electrified": "contact_line", "frequency": "16.67", "gauge": "1435", "maxspeed": "50", "name": "Gj\u00f8vikbanen", "passenger_lines": "2", "railway": "rail", "usage": "branch", "voltage": "15000", "length_km": 0.003, "maxspeed_kmh": 50.0}}, {"type": "Feature", "geometry": {"type": "LineString", "coordinates": [[10.6237314, 60.2824208], [10.6235903, 60.2824603]]}, "properties": {"electrified": "contact_line", "frequency": "16.67", "gauge": "1435", "maxspeed": "50", "name": "Gj\u00f8vikbanen", "passenger_lines": "2", "railway": "rail", "usage": "main", "voltage": "15000", "length_km": 0.009, "maxspeed_kmh": 50.0}}, {"type": "Feature", "geometry": {"type": "LineString", "coordinates": [[10.6237314, 60.2824208], [10.6236473, 60.2824479], [10.6235955, 60.2824654]]}, "properties": {"electrified": "contact_line", "frequency": "16.67", "gauge": "1435", "maxspeed": "40", "name": "Gj\u00f8vikbanen", "operator": "Bane NOR", "passenger_lines": "2", "railway": "rail", "service": "siding", "voltage": "15000", "length_km": 0.009, "maxspeed_kmh": 40.0}}, {"type": "Feature", "geometry": {"type": "LineString", "coordinates": [[10.5749732, 60.3230835], [10.5749159, 60.3231522], [10.5746185, 60.3234965], [10.574512, 60.3236236], [10.5744339, 60.3237227], [10.5743445, 60.3238477], [10.5742702, 60.323966], [10.5742026, 60.3240914], [10.5741582, 60.3241876], [10.5741175, 60.324288], [10.5740896, 60.3243708], [10.5740649, 60.3244685], [10.5740456, 60.324555], [10.5740328, 60.3246378], [10.5740247, 60.3247181], [10.5740164, 60.3248138], [10.574011, 60.3249083], [10.574011, 60.3250188], [10.574011, 60.3253463], [10.574011, 60.3254753], [10.5740014, 60.325599], [10.5739917, 60.3256824], [10.5739713, 60.3257954], [10.5739435, 60.3258995], [10.5739102, 60.3259903], [10.5738727, 60.3260784], [10.5738201, 60.3261792], [10.5737547, 60.3262913], [10.5736625, 60.326416], [10.5735875, 60.3265126], [10.5734802, 60.3266289], [10.5733687, 60.3267361], [10.573239, 60.3268471], [10.5730942, 60.3269644], [10.572647, 60.3273084], [10.5725098, 60.3274156], [10.572379, 60.327526], [10.5722406, 60.3276508], [10.5721388, 60.3277484], [10.5720401, 60.3278573], [10.571965, 60.3279507], [10.5718932, 60.3280425], [10.5718256, 60.3281429], [10.571764, 60.3282542], [10.5717114, 60.328353], [10.5716578, 60.3284794], [10.5716213, 60.3285882], [10.5715902, 60.328713], [10.5715698, 60.3288225], [10.5715569, 60.3289488], [10.5715537, 60.3290779], [10.5715569, 60.3291687], [10.5715687, 60.3292627], [10.5715902, 60.3293758], [10.5716159, 60.3294826], [10.5716728, 60.3296419], [10.5717447, 60.329814], [10.5720333, 60.3304049], [10.572102, 60.3305584], [10.5721728, 60.3307394], [10.572234, 60.3309163], [10.5722758, 60.3310591], [10.5723123, 60.3312078], [10.5723455, 60.3313597], [10.572367, 60.3314994], [10.5723852, 60.3316459], [10.5723992, 60.3317686], [10.5724067, 60.3318907], [10.5724106, 60.3320136], [10.5724106, 60.3321643], [10.5724085, 60.3322791], [10.5723981, 60.3325018], [10.5723683, 60.3329794], [10.5723651, 60.3331332], [10.5723672, 60.3332652], [10.5723704, 60.3333618], [10.5723788, 60.333472], [10.5723924, 60.3335686], [10.5724168, 60.3336893], [10.5724399, 60.3337917], [10.5724641, 60.3338826], [10.5724892, 60.3339642], [10.5725291, 60.3340769], [10.5725816, 60.3342058], [10.5726394, 60.3343352], [10.5726585, 60.3343837]]}, "properties": {"electrified": "contact_line", "frequency": "16.67", "gauge": "1435", "maxspeed": "80", "name": "Gj\u00f8vikbanen", "operator": "Bane NOR", "passenger_lines": "1", "railway": "rail", "usage": "main", "voltage": "15000", "length_km": 1.304, "maxspeed_kmh": 80.0}}, {"type": "Feature", "geometry": {"type": "LineString", "coordinates": [[10.68489, 60.251619], [10.684733, 60.2517061], [10.6845771, 60.2517869], [10.6843901, 60.2518757], [10.684225, 60.2519456], [10.684046, 60.2520143], [10.683844, 60.2520848], [10.6836639, 60.2521386], [10.6835034, 60.2521839], [10.6833025, 60.252232], [10.6830763, 60.2522808], [10.6829101, 60.2523112], [10.68273, 60.2523421], [10.6824708, 60.2523798], [10.6819578, 60.2524478], [10.6815341, 60.2525051], [10.6811739, 60.2525572], [10.6807883, 60.2526179], [10.6803628, 60.2526889], [10.679909, 60.2527742], [10.6795892, 60.2528396], [10.679229, 60.2529163], [10.67854, 60.2530727], [10.6782356, 60.2531439], [10.6779807, 60.2532015], [10.6777335, 60.2532568], [10.6774939, 60.2533024], [10.6772325, 60.2533442], [10.6770224, 60.2533703], [10.6768256, 60.253392], [10.6766144, 60.2534093], [10.6763705, 60.2534224], [10.6761233, 60.2534289], [10.6758979, 60.2534294], [10.6756354, 60.253424], [10.6754166, 60.2534131], [10.6751563, 60.2533941], [10.6748894, 60.2533681], [10.6745842, 60.2533323], [10.6737321, 60.2532221], [10.6734947, 60.253196], [10.6732683, 60.2531743], [10.6730386, 60.2531559], [10.6728088, 60.2531434], [10.6726251, 60.2531358], [10.6723976, 60.2531331], [10.6721897, 60.2531358], [10.6719928, 60.2531428], [10.6717369, 60.2531586], [10.6714995, 60.2531808], [10.6712667, 60.2532086], [10.6710175, 60.2532478], [10.6707904, 60.2532872], [10.6705499, 60.2533389], [10.6702823, 60.2534049], [10.6700487, 60.2534748], [10.6697671, 60.2535692], [10.6695846, 60.253633]]}, "properties": {"electrified": "contact_line", "frequency": "16.67", "gauge": "1435", "maxspeed": "80", "name": "Gj\u00f8vikbanen", "operator": "Bane NOR", "passenger_lines": "1", "railway": "rail", "usage": "main", "voltage": "15000", "length_km": 0.912, "maxspeed_kmh": 80.0}}, {"type": "Feature", "geometry": {"type": "LineString", "coordinates": [[10.7220531, 60.2057201], [10.7221604, 60.2058444], [10.7222737, 60.2059696], [10.7224739, 60.2061709], [10.7227604, 60.2064658], [10.7229458, 60.2066621], [10.7231528, 60.2068965], [10.7232997, 60.2070711], [10.7234267, 60.2072383], [10.7236, 60.2074769], [10.7237217, 60.2076704], [10.723824, 60.2078483], [10.7239298, 60.2080263], [10.7240218, 60.2081966], [10.7241173, 60.2084033], [10.7241821, 60.2085855], [10.7242623, 60.2088015], [10.7243544, 60.2090828], [10.7244533, 60.2093497], [10.7245538, 60.2096213], [10.7246716, 60.2098916], [10.7247379, 60.2100431], [10.724803, 60.2101624], [10.7248802, 60.2103007], [10.7249754, 60.2104559], [10.7250586, 60.2105949], [10.7251527, 60.2107387], [10.725254, 60.2108783], [10.7253999, 60.2110754], [10.7259585, 60.2118316], [10.7260718, 60.2120245], [10.7261478, 60.2121749], [10.7262105, 60.2123301], [10.7262708, 60.2125068], [10.726307, 60.2126643], [10.7263383, 60.2128219], [10.7263564, 60.2129728], [10.7263624, 60.2131214], [10.7263588, 60.213255], [10.7263456, 60.2134221], [10.7263154, 60.213624], [10.7262624, 60.2138313], [10.7260899, 60.2143446], [10.7260258, 60.2145727], [10.7259824, 60.2147566], [10.7259619, 60.2149147], [10.7259522, 60.2150525], [10.725945, 60.2151939], [10.725951, 60.2153424], [10.7259739, 60.2155095], [10.7260168, 60.2157073], [10.7260748, 60.215892], [10.7261388, 60.2160618], [10.7262128, 60.2162196], [10.7263364, 60.2164521], [10.7264711, 60.2166605], [10.7266621, 60.2169536], [10.7269894, 60.2174237], [10.7273952, 60.2179836], [10.7276364, 60.2183011], [10.7278513, 60.2185654], [10.7279979, 60.2187416], [10.7281578, 60.2189229], [10.7283974, 60.2191806], [10.7286395, 60.2194197], [10.7288095, 60.219582], [10.7290362, 60.2197886]]}, "properties": {"electrified": "contact_line", "frequency": "16.67", "gauge": "1435", "maxspeed": "110", "name": "Gj\u00f8vikbanen", "operator": "Bane NOR", "passenger_lines": "1", "railway": "rail", "usage": "main", "voltage": "15000", "length_km": 1.64, "maxspeed_kmh": 110.0}}, {"type": "Feature", "geometry": {"type": "LineString", "coordinates": [[10.6656498, 60.2560225], [10.6652433, 60.2563001], [10.6650245, 60.2564477], [10.6648692, 60.2565606], [10.6647543, 60.2566485], [10.6646624, 60.2567239], [10.6645574, 60.2568178], [10.6644721, 60.2569036], [10.6643944, 60.2569926], [10.6643113, 60.2570957], [10.6642511, 60.2571917], [10.6641997, 60.2572796], [10.6641494, 60.2573811], [10.6641032, 60.2574958], [10.6640813, 60.2575723], [10.6640715, 60.257623]]}, "properties": {"electrified": "contact_line", "frequency": "16.67", "gauge": "1435", "maxspeed": "70", "name": "Gj\u00f8vikbanen", "operator": "Bane NOR", "passenger_lines": "2", "railway": "rail", "usage": "main", "voltage": "15000", "length_km": 0.202, "maxspeed_kmh": 70.0}}, {"type": "Feature", "geometry": {"type": "LineString", "coordinates": [[10.6639991, 60.2575731], [10.6640233, 60.2574882], [10.6640635, 60.2573778], [10.6641122, 60.2572749], [10.6641633, 60.2571851], [10.664229, 60.2570842], [10.6643071, 60.2569814], [10.6643837, 60.2568927], [10.6644719, 60.2567999], [10.664581, 60.2567032], [10.6646622, 60.2566329], [10.6647612, 60.2565539], [10.6648509, 60.2564894], [10.6650242, 60.2563789], [10.6651618, 60.2562979], [10.6653591, 60.2561909], [10.6654565, 60.2561387], [10.6655416, 60.2560884], [10.6656498, 60.2560225]]}, "properties": {"electrified": "contact_line", "frequency": "16.67", "gauge": "1435", "maxspeed": "40", "name": "Gj\u00f8vikbanen", "passenger_lines": "2", "railway": "rail", "service": "siding", "voltage": "15000", "length_km": 0.199, "maxspeed_kmh": 40.0}}, {"type": "Feature", "geometry": {"type": "LineString", "coordinates": [[10.7241323, 60.199175], [10.7240149, 60.1994459], [10.723908, 60.1996793], [10.7237996, 60.1998851], [10.7237017, 60.2000654], [10.7235888, 60.2002502], [10.7234729, 60.2004253], [10.723381, 60.2005689], [10.7232546, 60.2007417], [10.7231311, 60.2008989], [10.7230152, 60.2010395], [10.7229068, 60.2011704], [10.7227653, 60.2013313], [10.7225861, 60.2015131], [10.7222414, 60.2018842], [10.7220607, 60.2020862], [10.7219199, 60.202262], [10.7217793, 60.2024518], [10.7216875, 60.2025936], [10.7216176, 60.2027138], [10.7215446, 60.2028544], [10.7214916, 60.2029693], [10.7214486, 60.2030841], [10.7213912, 60.2032437], [10.7213482, 60.2034092], [10.7213118, 60.2035863], [10.7212914, 60.2037729], [10.7212925, 60.2039304], [10.7212988, 60.2041048], [10.7213262, 60.2043099], [10.7213665, 60.2044934], [10.7214259, 60.2046911], [10.7214834, 60.2048287], [10.7215446, 60.2049668], [10.7216053, 60.2050908], [10.7216674, 60.2052053], [10.7217432, 60.2053182], [10.7218399, 60.2054552], [10.7219503, 60.205601]]}, "properties": {"electrified": "contact_line", "frequency": "16.67", "gauge": "1435", "maxspeed": "110", "name": "Gj\u00f8vikbanen", "operator": "Bane NOR", "passenger_lines": "1", "railway": "rail", "usage": "main", "voltage": "15000", "length_km": 0.748, "maxspeed_kmh": 110.0}}, {"type": "Feature", "geometry": {"type": "LineString", "coordinates": [[10.7047898, 60.2377514], [10.7045026, 60.2378131], [10.7039516, 60.2379267], [10.7037321, 60.2379759], [10.7034713, 60.2380432], [10.7032613, 60.2381047], [10.7030831, 60.2381621], [10.702879, 60.2382354], [10.7027115, 60.2383027], [10.7025298, 60.238383], [10.7023363, 60.2384802], [10.7022006, 60.2385569], [10.7020554, 60.2386448], [10.7019044, 60.2387496], [10.7017911, 60.2388363], [10.7016708, 60.2389429], [10.7015587, 60.2390542], [10.7014572, 60.2391666], [10.701384, 60.2392662], [10.7013168, 60.2393669], [10.701259, 60.239477], [10.7012153, 60.2395778], [10.7011787, 60.2396855], [10.7011551, 60.239781], [10.7011398, 60.2398741], [10.7011339, 60.2399942], [10.7011363, 60.240092], [10.7011445, 60.2402279], [10.7011599, 60.2403456], [10.7012082, 60.2406349], [10.7012236, 60.2407796], [10.7012354, 60.2409254], [10.7012342, 60.241051], [10.7012234, 60.24117], [10.7011941, 60.2412956], [10.7011433, 60.2414484], [10.7010513, 60.2416206], [10.7009463, 60.2417693], [10.7008405, 60.2419044], [10.7007387, 60.2420079], [10.7005927, 60.2421346], [10.7004726, 60.2422307], [10.7003358, 60.2423243], [10.7002111, 60.2424032], [10.7000673, 60.2424852], [10.6999021, 60.2425696], [10.6997763, 60.2426316], [10.6995536, 60.2427298], [10.6993443, 60.2428206]]}, "properties": {"electrified": "contact_line", "frequency": "16.67", "gauge": "1435", "maxspeed": "80", "name": "Gj\u00f8vikbanen", "operator": "Bane NOR", "passenger_lines": "1", "railway": "rail", "usage": "main", "voltage": "15000", "length_km": 0.694, "maxspeed_kmh": 80.0}}, {"type": "Feature", "geometry": {"type": "LineString", "coordinates": [[10.6599726, 60.2736007], [10.6598115, 60.2737444], [10.6596673, 60.2738874], [10.6595306, 60.2740323], [10.6593701, 60.2742133], [10.6591742, 60.2744584], [10.6587992, 60.2749553], [10.6586262, 60.2751723], [10.6584945, 60.2753197], [10.6583879, 60.2754248], [10.6582637, 60.2755336], [10.6580844, 60.2756691], [10.657905, 60.2757848], [10.6577282, 60.2758843], [10.6575652, 60.2759689], [10.6573729, 60.2760554], [10.6571888, 60.2761302], [10.6569949, 60.2762002], [10.6567703, 60.276272], [10.6565721, 60.276327], [10.6563395, 60.2763864], [10.6561104, 60.2764354], [10.6557737, 60.2765017], [10.6554578, 60.2765607], [10.653991, 60.2768248], [10.6509428, 60.2773734], [10.648316, 60.2778478], [10.6479872, 60.2779069], [10.6477613, 60.2779476], [10.6474594, 60.2779999], [10.6471612, 60.278048], [10.6469035, 60.2780845], [10.6466335, 60.2781222], [10.6463574, 60.2781551], [10.6460776, 60.2781837], [10.6458371, 60.2782056], [10.6456162, 60.2782232], [10.6453683, 60.2782397], [10.6450921, 60.2782543], [10.6447608, 60.2782677], [10.6443067, 60.2782823], [10.6441134, 60.2782911], [10.6438685, 60.2783036], [10.6436583, 60.2783155], [10.6434073, 60.2783364], [10.6431923, 60.278359], [10.642957, 60.2783905], [10.6427156, 60.2784304], [10.6424898, 60.2784745], [10.6422683, 60.2785243], [10.6420406, 60.2785853], [10.641813, 60.2786545], [10.6416435, 60.2787121], [10.6414574, 60.2787838], [10.641248, 60.2788744], [10.6410934, 60.2789486], [10.6409372, 60.279031], [10.6407794, 60.2791224], [10.6406165, 60.2792229], [10.6404005, 60.2793646], [10.640226, 60.2794791], [10.6399867, 60.2796316], [10.639774, 60.2797568], [10.6396311, 60.2798293], [10.6394184, 60.2799306], [10.6392257, 60.2800138], [10.6389897, 60.2801053], [10.6387554, 60.280186], [10.6385211, 60.2802568], [10.6382652, 60.2803277], [10.6379478, 60.2804027], [10.6375357, 60.2804957], [10.6370554, 60.2805987], [10.6366084, 60.2806902], [10.6360451, 60.2808022], [10.6355848, 60.2808887], [10.6350613, 60.2809834], [10.6345695, 60.2810683], [10.6342222, 60.2811235], [10.6338865, 60.281177], [10.6335259, 60.2812331], [10.6332383, 60.2812764], [10.6328123, 60.2813369], [10.6323895, 60.2813925], [10.6318952, 60.2814578], [10.6313571, 60.2815222], [10.6308433, 60.2815803], [10.6303262, 60.2816327], [10.6299823, 60.2816676], [10.6296116, 60.2817023], [10.6292043, 60.281737], [10.628867, 60.2817638], [10.6285186, 60.2817899], [10.6283624, 60.2818002]]}, "properties": {"electrified": "contact_line", "frequency": "16.67", "gauge": "1435", "maxspeed": "80", "name": "Gj\u00f8vikbanen", "operator": "Bane NOR", "passenger_lines": "1", "railway": "rail", "usage": "main", "voltage": "15000", "length_km": 2.075, "maxspeed_kmh": 80.0}}, {"type": "Feature", "geometry": {"type": "LineString", "coordinates": [[10.7853218, 60.1369593], [10.7851514, 60.1372935], [10.7850042, 60.1375588], [10.7848522, 60.1378129], [10.7845623, 60.1382574], [10.7843783, 60.1385092], [10.7841486, 60.1388062], [10.7838814, 60.1391296], [10.7836428, 60.1394002], [10.7832636, 60.1398017], [10.7830445, 60.1400167], [10.7827972, 60.1402484], [10.7825074, 60.1405091], [10.7823196, 60.1406646], [10.782159, 60.1407868], [10.781987, 60.1409096], [10.7818241, 60.1410205], [10.781651, 60.1411247], [10.7814542, 60.1412374], [10.7811883, 60.141377], [10.78097, 60.1414835], [10.7806865, 60.1416072], [10.7804297, 60.1417148], [10.7801491, 60.141824], [10.7791671, 60.1422025], [10.7788503, 60.1423251], [10.7785438, 60.142447], [10.7783209, 60.1425382], [10.7780961, 60.1426367], [10.7778561, 60.1427453], [10.7775891, 60.1428703], [10.7772678, 60.1430297], [10.7769782, 60.1431851], [10.7766501, 60.1433704], [10.7764725, 60.1434791], [10.7762681, 60.1436053], [10.7758589, 60.1438659]]}, "properties": {"electrified": "contact_line", "frequency": "16.67", "gauge": "1435", "maxspeed": "105", "name": "Gj\u00f8vikbanen", "operator": "Bane NOR", "passenger_lines": "1", "railway": "rail", "usage": "main", "voltage": "15000", "length_km": 0.956, "maxspeed_kmh": 105.0}}, {"type": "Feature", "geometry": {"type": "LineString", "coordinates": [[10.8586327, 60.0991348], [10.8580613, 60.0993546], [10.8576555, 60.0995176], [10.8574428, 60.0996091], [10.8572766, 60.0996867], [10.8570474, 60.099798], [10.8568437, 60.0999032], [10.8566535, 60.100013], [10.8565142, 60.1000944], [10.856318, 60.100222], [10.8561353, 60.100346], [10.8559376, 60.1004931], [10.8557384, 60.1006521], [10.8554793, 60.1008671], [10.8551737, 60.1011202], [10.854422, 60.1017489], [10.8534258, 60.1025785], [10.8524342, 60.1034057], [10.8521856, 60.1036117], [10.851913, 60.1038297], [10.8516165, 60.1040559], [10.8513708, 60.1042306], [10.8510907, 60.1044135], [10.8508721, 60.1045493], [10.8506923, 60.1046531], [10.8505156, 60.1047516], [10.850279, 60.10488], [10.8500453, 60.1049995], [10.8498072, 60.1051137], [10.8495027, 60.1052511], [10.8492843, 60.1053449], [10.8490687, 60.1054358], [10.8488489, 60.1055204], [10.8485931, 60.1056163], [10.8484006, 60.1056865], [10.8482095, 60.105751], [10.8479867, 60.1058254], [10.8477673, 60.105897], [10.8474726, 60.1059917], [10.846732, 60.1062252], [10.8456264, 60.1065847]]}, "properties": {"electrified": "contact_line", "frequency": "16.67", "gauge": "1435", "maxspeed": "105", "name": "Gj\u00f8vikbanen", "operator": "Bane NOR", "passenger_lines": "1", "railway": "rail", "usage": "main", "voltage": "15000", "length_km": 1.119, "maxspeed_kmh": 105.0}}, {"type": "Feature", "geometry": {"type": "LineString", "coordinates": [[10.7187805, 60.1678341], [10.7187753, 60.1678626], [10.7187592, 60.1679998], [10.7187512, 60.1681232], [10.7187512, 60.1682515], [10.7187592, 60.1683726], [10.7187721, 60.1684865], [10.7187915, 60.1685891], [10.7188237, 60.168711], [10.7188624, 60.1688401], [10.7189188, 60.1689828], [10.7189815, 60.169121], [10.7190524, 60.1692557], [10.7191249, 60.1693751], [10.7192071, 60.1695018], [10.719275, 60.1695905], [10.7193616, 60.1697028], [10.7194323, 60.1697867], [10.7195167, 60.1698785], [10.719617, 60.1699777], [10.7197127, 60.1700702], [10.7198415, 60.1701841], [10.7199623, 60.1702879], [10.7201014, 60.1703933], [10.720245, 60.1704948], [10.7203953, 60.1705973], [10.7205982, 60.1707238], [10.7209198, 60.1709073], [10.7211284, 60.1710229], [10.7212812, 60.1711085], [10.7214305, 60.171193], [10.721598, 60.1712968], [10.7217131, 60.1713727], [10.7218853, 60.1714884], [10.7220163, 60.1715932], [10.7221212, 60.1716885], [10.722234, 60.1717968], [10.7223218, 60.1718954], [10.7224039, 60.1720054], [10.7224768, 60.1721131], [10.7225418, 60.1722322], [10.7225874, 60.1723297], [10.7226193, 60.1724147], [10.7226432, 60.1725009], [10.7226638, 60.1725848], [10.7226763, 60.1726744], [10.7226854, 60.1727804], [10.72269, 60.1728955], [10.7226809, 60.173056], [10.7226649, 60.1732011], [10.7226489, 60.173323], [10.722625, 60.1734545], [10.7225999, 60.1735724], [10.7225733, 60.1736857], [10.722522, 60.1738591], [10.7224638, 60.1740343], [10.7223977, 60.1741987], [10.7223328, 60.1743433], [10.7222678, 60.1744748], [10.7222119, 60.1745802], [10.7221367, 60.1747163], [10.7220489, 60.1748586], [10.7219224, 60.1750468], [10.7217378, 60.1753013], [10.721308, 60.1758393], [10.7212123, 60.1759748], [10.7211348, 60.1761012], [10.7210881, 60.1761902], [10.7210603, 60.1762499], [10.7210297, 60.1763297], [10.7210039, 60.1764203], [10.7209829, 60.1765281], [10.7209725, 60.1766199], [10.7209692, 60.1767221], [10.7209765, 60.1768191], [10.7209903, 60.176905], [10.7210097, 60.1769912], [10.7210382, 60.1770842], [10.7210747, 60.1771788], [10.7211294, 60.1772831], [10.7211784, 60.1773693], [10.7212445, 60.1774645], [10.7213106, 60.1775513], [10.7214052, 60.177655], [10.7214907, 60.1777378], [10.7216127, 60.1778455], [10.7217369, 60.1779452], [10.7219433, 60.1780926], [10.7221698, 60.1782466], [10.722453, 60.1784343]]}, "properties": {"electrified": "contact_line", "frequency": "16.67", "gauge": "1435", "maxspeed": "80", "name": "Gj\u00f8vikbanen", "operator": "Bane NOR", "passenger_lines": "1", "railway": "rail", "usage": "main", "voltage": "15000", "length_km": 1.275, "maxspeed_kmh": 80.0}}, {"type": "Feature", "geometry": {"type": "LineString", "coordinates": [[10.8629542, 60.0847157], [10.8630607, 60.0846199], [10.863145, 60.08455], [10.8632442, 60.0844741], [10.8633611, 60.0843948], [10.8634979, 60.0843094], [10.863631, 60.0842334], [10.8637766, 60.0841579], [10.8639395, 60.0840814], [10.8641178, 60.0840032], [10.8643633, 60.0839028], [10.8645981, 60.083811], [10.8648841, 60.0836997]]}, "properties": {"electrified": "contact_line", "frequency": "16.67", "gauge": "1435", "maxspeed": "65", "name": "Gj\u00f8vikbanen", "operator": "Bane NOR", "passenger_lines": "2", "railway": "rail", "usage": "main", "voltage": "15000", "length_km": 0.158, "maxspeed_kmh": 65.0}}, {"type": "Feature", "geometry": {"type": "LineString", "coordinates": [[10.7262257, 60.1839037], [10.7260828, 60.1851423], [10.7258471, 60.1871581], [10.7257918, 60.1876575]]}, "properties": {"electrified": "contact_line", "frequency": "16.67", "gauge": "1435", "maxspeed": "105", "name": "Gj\u00f8vikbanen", "operator": "Bane NOR", "passenger_lines": "1", "railway": "rail", "usage": "main", "voltage": "15000", "length_km": 0.419, "maxspeed_kmh": 105.0}}, {"type": "Feature", "geometry": {"type": "LineString", "coordinates": [[10.7984444, 60.1286271], [10.7983204, 60.1286643]]}, "properties": {"bridge": "yes", "electrified": "contact_line", "frequency": "16.67", "gauge": "1435", "maxspeed": "90", "name": "Gj\u00f8vikbanen", "operator": "Bane NOR", "passenger_lines": "1", "railway": "rail", "usage": "main", "voltage": "15000", "length_km": 0.008, "maxspeed_kmh": 90.0}}, {"type": "Feature", "geometry": {"type": "LineString", "coordinates": [[10.8456264, 60.1065847], [10.8455123, 60.1066224]]}, "properties": {"bridge": "yes", "electrified": "contact_line", "frequency": "16.67", "gauge": "1435", "maxspeed": "105", "name": "Gj\u00f8vikbanen", "operator": "Bane NOR", "passenger_lines": "1", "railway": "rail", "usage": "main", "voltage": "15000", "length_km": 0.008, "maxspeed_kmh": 105.0}}, {"type": "Feature", "geometry": {"type": "LineString", "coordinates": [[10.7262317, 60.1838389], [10.7262257, 60.1839037]]}, "properties": {"bridge": "yes", "electrified": "contact_line", "frequency": "16.67", "gauge": "1435", "maxspeed": "105", "name": "Gj\u00f8vikbanen", "operator": "Bane NOR", "passenger_lines": "1", "railway": "rail", "usage": "main", "voltage": "15000", "length_km": 0.007, "maxspeed_kmh": 105.0}}, {"type": "Feature", "geometry": {"type": "LineString", "coordinates": [[10.8628922, 60.0847785], [10.8629542, 60.0847157]]}, "properties": {"bridge": "yes", "electrified": "contact_line", "frequency": "16.67", "gauge": "1435", "maxspeed": "65", "name": "Gj\u00f8vikbanen", "operator": "Bane NOR", "passenger_lines": "2", "railway": "rail", "usage": "main", "voltage": "15000", "length_km": 0.008, "maxspeed_kmh": 65.0}}, {"type": "Feature", "geometry": {"type": "LineString", "coordinates": [[10.8630554, 60.0847391], [10.8629938, 60.0847974]]}, "properties": {"bridge": "yes", "electrified": "contact_line", "frequency": "16.67", "gauge": "1435", "maxspeed": "40", "name": "Gj\u00f8vikbanen", "operator": "Bane NOR", "passenger_lines": "2", "railway": "rail", "usage": "main", "voltage": "15000", "length_km": 0.007, "maxspeed_kmh": 40.0}}, {"type": "Feature", "geometry": {"type": "LineString", "coordinates": [[10.8331567, 60.1161114], [10.8328552, 60.1161689], [10.8324249, 60.116251], [10.8321263, 60.1163111], [10.8318706, 60.1163666], [10.8315965, 60.1164319], [10.8314286, 60.1164734], [10.8312902, 60.1165123], [10.8311225, 60.1165623], [10.8309453, 60.1166191], [10.830782, 60.1166759], [10.8306514, 60.1167223], [10.8305112, 60.1167773], [10.8303358, 60.1168491], [10.8301633, 60.1169236], [10.8299401, 60.1170318]]}, "properties": {"electrified": "contact_line", "frequency": "16.67", "gauge": "1435", "maxspeed": "80", "name": "Gj\u00f8vikbanen", "operator": "Bane NOR", "passenger_lines": "2", "railway": "rail", "usage": "main", "voltage": "15000", "length_km": 0.208, "maxspeed_kmh": 80.0}}, {"type": "Feature", "geometry": {"type": "LineString", "coordinates": [[10.7610177, 60.1497919], [10.7616612, 60.1495595], [10.7621972, 60.1493691], [10.7626864, 60.1491891], [10.7647397, 60.1484494], [10.765711, 60.1481022], [10.7662806, 60.1479006], [10.7669604, 60.147674], [10.7672645, 60.1475766], [10.7676688, 60.1474508], [10.7681851, 60.147301], [10.7687993, 60.1471294], [10.7693837, 60.1469724], [10.7699572, 60.1468157], [10.7704486, 60.146671], [10.7708677, 60.1465372], [10.7710551, 60.1464722], [10.771365, 60.1463625], [10.7718062, 60.1461918], [10.7722514, 60.1460051], [10.7726525, 60.1458185], [10.7730596, 60.1456078], [10.7734125, 60.1454172], [10.7738136, 60.1451726], [10.7742086, 60.144923], [10.7745596, 60.1446974], [10.7750094, 60.14441], [10.77545, 60.1441304], [10.7758589, 60.1438659]]}, "properties": {"electrified": "contact_line", "frequency": "16.67", "gauge": "1435", "maxspeed": "105", "name": "Gj\u00f8vikbanen", "operator": "Bane NOR", "passenger_lines": "2", "railway": "rail", "usage": "main", "voltage": "15000", "length_km": 1.066, "maxspeed_kmh": 105.0}}, {"type": "Feature", "geometry": {"type": "LineString", "coordinates": [[10.8259782, 60.1190021], [10.8261415, 60.1189365], [10.8262332, 60.1188954], [10.8263391, 60.1188444], [10.8265279, 60.1187469], [10.8267643, 60.1186265], [10.8270191, 60.1184982], [10.8273244, 60.1183436], [10.8285056, 60.1177224], [10.8290263, 60.1174458], [10.8297564, 60.1170637], [10.8299239, 60.1169823], [10.8301078, 60.1168941], [10.8302835, 60.116819], [10.8304538, 60.1167477], [10.8305808, 60.1166984], [10.8307291, 60.1166429], [10.8309, 60.1165849], [10.831084, 60.1165247], [10.8312445, 60.1164772], [10.8313862, 60.1164373], [10.8315532, 60.1163933], [10.8317835, 60.1163376], [10.8319435, 60.1163019], [10.8321147, 60.1162705], [10.8322091, 60.1162543], [10.8324023, 60.1162274], [10.8325538, 60.1162107], [10.8327025, 60.1161904], [10.8328552, 60.1161689]]}, "properties": {"electrified": "contact_line", "frequency": "16.67", "gauge": "1435", "maxspeed": "40", "name": "Gj\u00f8vikbanen", "passenger_lines": "2", "railway": "rail", "usage": "main", "voltage": "15000", "length_km": 0.504, "maxspeed_kmh": 40.0}}, {"type": "Feature", "geometry": {"type": "LineString", "coordinates": [[10.8629938, 60.0847974], [10.8629166, 60.0848839], [10.8628452, 60.0849698], [10.8627787, 60.0850637], [10.8627189, 60.085164], [10.8626792, 60.085241], [10.86265, 60.0853155], [10.862627, 60.0853769], [10.8625899, 60.0855199], [10.862578, 60.0855958], [10.8625726, 60.0856335], [10.8625703, 60.0857404], [10.8625695, 60.0858453], [10.8625739, 60.0859203], [10.8625851, 60.0860376], [10.8625992, 60.0861465], [10.8626222, 60.086248], [10.8626421, 60.0863189], [10.8626681, 60.0864033], [10.8627066, 60.0864881], [10.8627572, 60.0865802], [10.8628141, 60.0866751], [10.8628741, 60.086763], [10.8629283, 60.0868394], [10.8629816, 60.0869257], [10.863043, 60.0870288], [10.8630901, 60.0871196], [10.8631307, 60.0871946], [10.8631763, 60.0872828], [10.8632225, 60.0873606], [10.8633022, 60.0874742]]}, "properties": {"electrified": "contact_line", "frequency": "16.67", "gauge": "1435", "maxspeed": "40", "name": "Gj\u00f8vikbanen", "operator": "Bane NOR", "passenger_lines": "2", "railway": "rail", "usage": "main", "voltage": "15000", "length_km": 0.307, "maxspeed_kmh": 40.0}}, {"type": "Feature", "geometry": {"type": "LineString", "coordinates": [[10.7758589, 60.1438659], [10.7755305, 60.1440841], [10.7753237, 60.1442353], [10.7750683, 60.1444263], [10.7747482, 60.1446625], [10.7744746, 60.1448624], [10.774249, 60.1450186], [10.7739226, 60.145228], [10.7735324, 60.1454582], [10.7731652, 60.1456557], [10.7727469, 60.1458636], [10.7723469, 60.1460467], [10.7719021, 60.1462339], [10.7714574, 60.1464063], [10.7709574, 60.1465827], [10.770527, 60.1467213], [10.7700247, 60.1468722], [10.7694343, 60.1470319], [10.7688759, 60.1471808], [10.7682456, 60.1473536], [10.7677323, 60.1475054], [10.7673235, 60.1476313], [10.7670204, 60.147728], [10.7663596, 60.1479486], [10.7657916, 60.1481506], [10.7647946, 60.1485102], [10.7633013, 60.1490457], [10.7629936, 60.1491561], [10.7627266, 60.1492479], [10.7625083, 60.1493188], [10.7622775, 60.1493903], [10.7619392, 60.1494951], [10.7616843, 60.149572], [10.7614178, 60.1496564], [10.7610177, 60.1497919]]}, "properties": {"electrified": "contact_line", "frequency": "16.67", "gauge": "1435", "maxspeed": "70", "name": "Gj\u00f8vikbanen", "operator": "Bane NOR", "passenger_lines": "2", "railway": "rail", "usage": "main", "voltage": "15000", "length_km": 1.069, "maxspeed_kmh": 70.0}}, {"type": "Feature", "geometry": {"type": "LineString", "coordinates": [[10.7376847, 60.151729], [10.7374415, 60.151731], [10.7372127, 60.1517343], [10.7369653, 60.1517419], [10.7367649, 60.1517495], [10.7364934, 60.1517643], [10.7361683, 60.1517893], [10.7358344, 60.1518247], [10.735507, 60.1518694], [10.7352235, 60.1519163], [10.7349049, 60.1519768], [10.7346345, 60.1520361], [10.7344243, 60.1520885], [10.7341626, 60.1521609], [10.7339557, 60.152222], [10.7337422, 60.1522922], [10.7334663, 60.1523914], [10.7332605, 60.1524742], [10.7331017, 60.1525423], [10.732865, 60.1526549], [10.732574, 60.152789], [10.7323696, 60.1528922], [10.7321652, 60.1530163], [10.7319794, 60.1531442], [10.7315691, 60.153437], [10.7311217, 60.153739], [10.7305008, 60.1541698], [10.7300038, 60.1545242], [10.7296193, 60.1548024], [10.7293453, 60.1550074], [10.7290542, 60.1552301], [10.7286548, 60.1555483], [10.7284163, 60.1557471], [10.7282274, 60.1559081], [10.7280031, 60.1561069], [10.7276301, 60.1564493]]}, "properties": {"electrified": "contact_line", "frequency": "16.67", "gauge": "1435", "maxspeed": "95", "name": "Gj\u00f8vikbanen", "operator": "Bane NOR", "passenger_lines": "1", "railway": "rail", "usage": "main", "voltage": "15000", "length_km": 0.81, "maxspeed_kmh": 95.0}}, {"type": "Feature", "geometry": {"type": "LineString", "coordinates": [[10.7256656, 60.1599056], [10.7256989, 60.1602537], [10.7257092, 60.1603898], [10.725716, 60.160506], [10.725716, 60.1606319], [10.7257069, 60.1607459], [10.7256864, 60.1608713], [10.7256636, 60.1609751], [10.7256226, 60.1610902], [10.7255827, 60.1611883], [10.7255245, 60.1613017], [10.7254562, 60.1614123], [10.7253866, 60.1615133], [10.7252909, 60.1616329], [10.7252145, 60.1617157], [10.7251313, 60.1618042], [10.7250435, 60.1618859], [10.7249615, 60.1619545], [10.72486, 60.1620328], [10.7247688, 60.1621002], [10.7246514, 60.1621819], [10.7245147, 60.1622687], [10.7243517, 60.1623634], [10.7241613, 60.1624672], [10.7239288, 60.1625891], [10.7233573, 60.1628846], [10.7231561, 60.1629927], [10.7229739, 60.1630958], [10.7227893, 60.1632083], [10.7226023, 60.1633291], [10.722412, 60.1634624], [10.722233, 60.1635973], [10.7220427, 60.1637544], [10.7218947, 60.1638882], [10.7217616, 60.1640153], [10.7216362, 60.164143]]}, "properties": {"electrified": "contact_line", "frequency": "16.67", "gauge": "1435", "maxspeed": "75", "name": "Gj\u00f8vikbanen", "operator": "Bane NOR", "passenger_lines": "1", "railway": "rail", "usage": "main", "voltage": "15000", "length_km": 0.544, "maxspeed_kmh": 75.0}}, {"type": "Feature", "geometry": {"type": "LineString", "coordinates": [[10.7600829, 60.1501264], [10.7597228, 60.1502408], [10.7594065, 60.1503269], [10.7591229, 60.1503939], [10.7588478, 60.1504483], [10.7586082, 60.1504899], [10.7583827, 60.1505231], [10.7581403, 60.1505534], [10.7579091, 60.150576], [10.7576978, 60.1505923], [10.7574341, 60.1506057], [10.757176, 60.1506148], [10.756942, 60.1506148], [10.7566357, 60.1506085], [10.756372, 60.1505965], [10.7561423, 60.1505788], [10.7559282, 60.1505598], [10.7557126, 60.1505351], [10.7554645, 60.1505026], [10.7550754, 60.1504429], [10.7541443, 60.1502866], [10.7538706, 60.150245], [10.7535813, 60.1502069], [10.7533459, 60.1501822], [10.7530709, 60.1501575], [10.7527745, 60.1501391], [10.7524994, 60.1501264], [10.7521945, 60.1501158], [10.7518457, 60.150113], [10.7514983, 60.1501229], [10.7512345, 60.1501338], [10.7508942, 60.1501564], [10.7505794, 60.1501839], [10.7501781, 60.1502255], [10.7495967, 60.1502975], [10.7491174, 60.1503547], [10.7486694, 60.1504076], [10.7482964, 60.1504485], [10.7479504, 60.1504817], [10.7475307, 60.1505156], [10.7471209, 60.1505452], [10.7468103, 60.1505643], [10.7464629, 60.1505805], [10.7454916, 60.1506144], [10.7450903, 60.1506271], [10.7447429, 60.1506426], [10.7444848, 60.150656], [10.744204, 60.1506772], [10.7438793, 60.1507076], [10.7435149, 60.1507563], [10.743176, 60.1508113], [10.7428342, 60.1508784], [10.7424817, 60.1509615], [10.7421672, 60.1510413], [10.7417479, 60.1511632]]}, "properties": {"electrified": "contact_line", "frequency": "16.67", "gauge": "1435", "maxspeed": "90", "name": "Gj\u00f8vikbanen", "operator": "Bane NOR", "passenger_lines": "1", "railway": "rail", "usage": "main", "voltage": "15000", "length_km": 1.054, "maxspeed_kmh": 90.0}}, {"type": "Feature", "geometry": {"type": "LineString", "coordinates": [[10.83781, 60.1098542], [10.8377761, 60.1098717], [10.8375361, 60.1099998], [10.8373795, 60.1100851], [10.8372473, 60.110161], [10.8371065, 60.1102483], [10.8369657, 60.1103407], [10.8368522, 60.1104223], [10.8367458, 60.1105054], [10.8366496, 60.1105863], [10.8365562, 60.1106729], [10.8364685, 60.1107589], [10.8363809, 60.110857], [10.8363133, 60.1109393], [10.8362343, 60.1110474], [10.8361507, 60.1111777], [10.8361033, 60.1112694], [10.836066, 60.1113488], [10.8360272, 60.1114527], [10.8359984, 60.1115407], [10.8359754, 60.111636], [10.8359582, 60.1117348], [10.8359496, 60.1118164], [10.8359467, 60.1119238], [10.8359553, 60.1120506], [10.8359754, 60.1122253], [10.8360072, 60.1124021], [10.8361537, 60.1131072], [10.8362604, 60.1136409], [10.8362858, 60.1137857], [10.8362979, 60.1139082], [10.836301, 60.1140236], [10.8362919, 60.1141238], [10.8362746, 60.114219], [10.8362522, 60.1143061], [10.8362116, 60.1144236], [10.8361618, 60.1145339], [10.8361049, 60.1146362], [10.8360419, 60.1147293], [10.8359759, 60.1148179], [10.8358753, 60.1149308], [10.8357696, 60.1150361], [10.8356812, 60.1151136], [10.8355633, 60.1152077], [10.8354363, 60.1152953], [10.8352037, 60.1154421], [10.8350299, 60.1155378], [10.8348389, 60.115631], [10.8346469, 60.1157135], [10.8344406, 60.1157909], [10.8342486, 60.1158542], [10.8340616, 60.1159104], [10.8338157, 60.1159737], [10.8336289, 60.1160161], [10.8334126, 60.1160623], [10.8331567, 60.1161114]]}, "properties": {"electrified": "contact_line", "frequency": "16.67", "gauge": "1435", "maxspeed": "80", "name": "Gj\u00f8vikbanen", "operator": "Bane NOR", "passenger_lines": "1", "railway": "rail", "usage": "main", "voltage": "15000", "length_km": 0.806, "maxspeed_kmh": 80.0}}, {"type": "Feature", "geometry": {"type": "LineString", "coordinates": [[10.8137242, 60.1212525], [10.8135585, 60.1213521], [10.8132482, 60.1215294], [10.8129056, 60.1217155], [10.812618, 60.1218646], [10.8122798, 60.1220293], [10.8119254, 60.1221912], [10.8115191, 60.1223647], [10.8110707, 60.122545], [10.8106813, 60.1226907], [10.810231, 60.1228497], [10.8099156, 60.1229596], [10.8096185, 60.1230638], [10.8092963, 60.123179], [10.8090268, 60.1232773], [10.8087704, 60.1233748], [10.8085285, 60.1234718], [10.8083024, 60.1235667], [10.8080197, 60.1236892], [10.8077265, 60.1238222], [10.8074557, 60.1239558], [10.8072256, 60.124071], [10.8069626, 60.1242112], [10.8067575, 60.1243258], [10.8064841, 60.1244869], [10.806229, 60.1246447], [10.8059595, 60.1248235], [10.8057386, 60.12498], [10.8055138, 60.1251484], [10.8053284, 60.1252937], [10.8051943, 60.125407], [10.8050615, 60.1255243], [10.8049313, 60.1256421], [10.8048038, 60.1257613], [10.8046922, 60.125877], [10.8045608, 60.1260159], [10.8044083, 60.1261809], [10.803998, 60.1266341], [10.8038482, 60.1267847], [10.8036746, 60.1269392], [10.8034866, 60.1270826], [10.8032999, 60.1272123], [10.8031106, 60.1273282], [10.8029699, 60.1274042], [10.8027714, 60.1275044], [10.8025531, 60.1276026], [10.8023546, 60.1276838], [10.8021061, 60.1277742], [10.8018589, 60.1278527], [10.8016144, 60.1279235], [10.8013172, 60.1279961], [10.8009189, 60.1280839], [10.8003824, 60.1281933], [10.7998742, 60.1282961], [10.7993036, 60.1284146], [10.7990064, 60.1284817], [10.7987034, 60.1285561], [10.7984444, 60.1286271]]}, "properties": {"electrified": "contact_line", "frequency": "16.67", "gauge": "1435", "maxspeed": "90", "name": "Gj\u00f8vikbanen", "operator": "Bane NOR", "passenger_lines": "1", "railway": "rail", "usage": "main", "voltage": "15000", "length_km": 1.212, "maxspeed_kmh": 90.0}}, {"type": "Feature", "geometry": {"type": "LineString", "coordinates": [[10.8701248, 60.061829], [10.8700456, 60.062151], [10.8700054, 60.062308], [10.8699638, 60.0624814], [10.869931, 60.0626372], [10.8699116, 60.0627883], [10.8699035, 60.0628638], [10.8698987, 60.0629355], [10.8698934, 60.0630885], [10.8698986, 60.0632409], [10.8699161, 60.0633835], [10.86994, 60.0635379], [10.8699789, 60.0636844], [10.8700449, 60.0638833], [10.8701005, 60.064024], [10.8701859, 60.0642048], [10.870292, 60.0643946], [10.8704053, 60.064587], [10.8709244, 60.0654267], [10.8710195, 60.0655865], [10.8711389, 60.0658182], [10.8712282, 60.0660139], [10.8712968, 60.0661985], [10.871355, 60.0663683], [10.8714054, 60.0665574], [10.871443, 60.0667434], [10.871474, 60.0669409], [10.8714882, 60.0671475], [10.8714934, 60.0673366], [10.8714895, 60.0675071], [10.8714701, 60.0676807], [10.8714455, 60.0678466], [10.8714106, 60.068019], [10.8713589, 60.068212], [10.8713097, 60.0683637], [10.8712295, 60.068569], [10.8711195, 60.068802], [10.8709607, 60.0691004], [10.8703404, 60.0701251], [10.8698652, 60.0709129], [10.8697035, 60.0711808], [10.8695405, 60.0714641], [10.8694331, 60.0716707], [10.8693438, 60.0718708], [10.8692714, 60.0720502], [10.8692131, 60.0722361], [10.8691601, 60.0724362], [10.8691187, 60.0726408], [10.8690941, 60.0728525], [10.8690838, 60.0730223], [10.8690812, 60.073183], [10.8690863, 60.0733579], [10.869098, 60.0734954], [10.8691213, 60.0736639], [10.8691549, 60.0738394], [10.8691989, 60.0740104], [10.8692636, 60.0742176], [10.8693503, 60.0744448], [10.8694382, 60.0746378], [10.8695353, 60.0748288], [10.8696957, 60.0750922], [10.8698411, 60.0753058], [10.8699818, 60.075492], [10.8701467, 60.0756858], [10.8704552, 60.076045], [10.8706629, 60.0762995], [10.8708148, 60.0765111], [10.8709481, 60.0767348], [10.8710513, 60.0769414], [10.8711272, 60.077138], [10.8711946, 60.077356], [10.8712304, 60.077524], [10.8712478, 60.0776588], [10.8712601, 60.0778394], [10.8712588, 60.0779767], [10.8712506, 60.0781072], [10.8712272, 60.0782782], [10.8711941, 60.0784354], [10.8711556, 60.0785748], [10.871102, 60.0787254], [10.8710525, 60.0788463], [10.8709864, 60.0789836], [10.8708942, 60.0791594], [10.8707482, 60.0794183], [10.8706358, 60.0796093], [10.8704952, 60.0798464], [10.8701473, 60.0804014]]}, "properties": {"electrified": "contact_line", "frequency": "16.67", "gauge": "1435", "maxspeed": "110", "name": "Gj\u00f8vikbanen", "operator": "Bane NOR", "passenger_lines": "1", "railway": "rail", "usage": "main", "voltage": "15000", "length_km": 2.124, "maxspeed_kmh": 110.0}}, {"type": "Feature", "geometry": {"type": "LineString", "coordinates": [[10.8670834, 60.0583729], [10.8669242, 60.0583432]]}, "properties": {"electrified": "contact_line", "frequency": "16.67", "gauge": "1435", "maxspeed": "75", "name": "Gj\u00f8vikbanen", "operator": "Bane NOR", "passenger_lines": "2", "railway": "rail", "usage": "main", "voltage": "15000", "length_km": 0.009, "maxspeed_kmh": 75.0}}, {"type": "Feature", "geometry": {"type": "LineString", "coordinates": [[10.8181301, 60.0402241], [10.8183698, 60.0403538]]}, "properties": {"electrified": "contact_line", "frequency": "16.67", "gauge": "1435", "maxspeed": "80", "name": "Gj\u00f8vikbanen", "operator": "Bane NOR", "railway": "rail", "usage": "main", "voltage": "15000", "length_km": 0.02, "maxspeed_kmh": 80.0}}, {"type": "Feature", "geometry": {"type": "LineString", "coordinates": [[10.8180432, 60.0401763], [10.8181301, 60.0402241]]}, "properties": {"bridge": "yes", "electrified": "contact_line", "frequency": "16.67", "gauge": "1435", "maxspeed": "80", "name": "Gj\u00f8vikbanen", "operator": "Bane NOR", "railway": "rail", "usage": "main", "voltage": "15000", "length_km": 0.007, "maxspeed_kmh": 80.0}}, {"type": "Feature", "geometry": {"type": "LineString", "coordinates": [[10.820431, 60.0415326], [10.8214343, 60.0421419], [10.82277, 60.0429671], [10.8249147, 60.0442948], [10.8271432, 60.0456697], [10.8275312, 60.0459096], [10.8277606, 60.0460477], [10.8279856, 60.046175], [10.8282014, 60.0462865], [10.8283897, 60.046373], [10.8285606, 60.0464433], [10.8287135, 60.0465002], [10.8288855, 60.0465584], [10.829047, 60.0466096], [10.8292167, 60.0466567], [10.8294194, 60.0467067], [10.8296173, 60.0467508], [10.8297906, 60.0467826], [10.829998, 60.0468161], [10.8301747, 60.0468397], [10.8303397, 60.0468585], [10.8305082, 60.0468738], [10.8306447, 60.0468845], [10.8308309, 60.0468945], [10.8310501, 60.0469028], [10.8312893, 60.0469081], [10.8315203, 60.046911], [10.8321767, 60.0469116], [10.8324783, 60.0469163], [10.8326787, 60.046921], [10.8328825, 60.0469304], [10.8331088, 60.0469457], [10.8333681, 60.0469728], [10.8335554, 60.0469963], [10.8337628, 60.0470269], [10.8339738, 60.0470646], [10.8341753, 60.047104], [10.8343379, 60.0471428], [10.8345299, 60.0471916], [10.8347006, 60.0472417], [10.8348805, 60.0472987], [10.8350639, 60.0473626], [10.8352115, 60.0474208], [10.8353717, 60.0474887], [10.8355643, 60.0475803], [10.8357223, 60.0476643], [10.8358468, 60.0477369], [10.8359725, 60.047818], [10.8360948, 60.0479061], [10.8362239, 60.0480069], [10.8363388, 60.0481098], [10.836446, 60.0482198], [10.8365383, 60.0483269], [10.8366155, 60.0484351], [10.8366766, 60.0485359], [10.8367164, 60.0486119], [10.836751, 60.0486936], [10.8367845, 60.048784], [10.8368098, 60.0488744], [10.8368341, 60.0490019], [10.8368515, 60.0491094], [10.836886, 60.0494278], [10.8369022, 60.049532], [10.8369241, 60.0496293], [10.8369483, 60.0497306], [10.8369841, 60.0498302], [10.8370244, 60.0499258], [10.8370752, 60.0500179], [10.8371317, 60.0501071], [10.837202, 60.0502062], [10.8372827, 60.0503011], [10.8373611, 60.0503863], [10.8374453, 60.0504658], [10.8375215, 60.050531], [10.8376221, 60.0506132], [10.8377198, 60.0506847], [10.8378363, 60.0507636], [10.8379954, 60.0508638], [10.8381592, 60.0509576], [10.8383783, 60.0510762], [10.8385939, 60.0511902], [10.8388476, 60.0513226], [10.8391301, 60.0514694], [10.8409925, 60.0524442], [10.8428539, 60.0534166], [10.8431175, 60.0535617], [10.843332, 60.0536849], [10.8435199, 60.0538024], [10.8436895, 60.0539186], [10.8438371, 60.0540292], [10.8439581, 60.0541282], [10.8440965, 60.0542536], [10.8442361, 60.0543953], [10.8443548, 60.0545323], [10.8444517, 60.0546606], [10.8445428, 60.0548022], [10.844612, 60.0549289], [10.8446777, 60.0550687], [10.8447365, 60.0552241], [10.8447873, 60.0553796], [10.8448253, 60.0555252], [10.844868, 60.0556979], [10.8449003, 60.0558769], [10.8449222, 60.0560133], [10.8449475, 60.0562182], [10.8449591, 60.05638], [10.8449663, 60.0565213], [10.8449674, 60.0567004], [10.844964, 60.0568696], [10.8449524, 60.057025], [10.8449351, 60.057219], [10.8449109, 60.057398], [10.8448809, 60.0575511], [10.8448429, 60.0577306], [10.8448014, 60.0578906], [10.8447495, 60.0580731], [10.8446814, 60.0582728], [10.8445996, 60.0584812], [10.844475, 60.0587707], [10.8443816, 60.0590049], [10.8443251, 60.0591574], [10.8442794, 60.0593039], [10.8442579, 60.0594103], [10.844244, 60.0595201], [10.8442404, 60.0595938], [10.8442404, 60.0596856], [10.8442528, 60.0597763], [10.8442743, 60.0598816], [10.8443093, 60.0599948], [10.8443431, 60.0600804], [10.8443894, 60.0601761], [10.8444582, 60.0602915], [10.8445067, 60.0603636], [10.8445598, 60.0604363], [10.8446421, 60.0605298], [10.8447471, 60.0606385], [10.8448781, 60.0607583], [10.8451103, 60.0609474], [10.8453273, 60.0611067], [10.8455196, 60.0612457], [10.8458012, 60.0614456], [10.8460422, 60.0616128], [10.8462865, 60.0617765], [10.8469424, 60.0621982], [10.8471379, 60.0623226], [10.8474156, 60.0624906], [10.8475719, 60.0625834], [10.8477828, 60.0627069], [10.8479319, 60.0627917], [10.8480776, 60.0628689], [10.8481753, 60.0629166]]}, "properties": {"electrified": "contact_line", "frequency": "16.67", "gauge": "1435", "maxspeed": "80", "name": "Gj\u00f8vikbanen", "operator": "Bane NOR", "passenger_lines": "1", "railway": "rail", "usage": "main", "voltage": "15000", "length_km": 3.086, "maxspeed_kmh": 80.0}}, {"type": "Feature", "geometry": {"type": "LineString", "coordinates": [[10.8117229, 60.0365001], [10.8118016, 60.0366408], [10.8118957, 60.0367775], [10.8119788, 60.0368814], [10.812057, 60.0369699], [10.8121351, 60.0370497], [10.8122099, 60.0371198], [10.8122969, 60.0371977], [10.812423, 60.0372993], [10.8125692, 60.0374045], [10.8126954, 60.0374889], [10.812797, 60.0375498], [10.812911, 60.0376175]]}, "properties": {"electrified": "contact_line", "frequency": "16.67", "gauge": "1435", "maxspeed": "40", "name": "Gj\u00f8vikbanen", "operator": "Bane NOR", "passenger_lines": "2", "railway": "rail", "usage": "main", "voltage": "15000", "length_km": 0.142, "maxspeed_kmh": 40.0}}, {"type": "Feature", "geometry": {"type": "LineString", "coordinates": [[10.7870024, 59.9673312], [10.7871305, 59.9673829], [10.7872362, 59.9674275], [10.7873912, 59.9675002], [10.7875434, 59.9675785], [10.7877163, 59.9676781], [10.7878493, 59.9677646], [10.7879769, 59.9678545], [10.7880949, 59.9679506], [10.7882183, 59.9680591], [10.7883308, 59.9681772], [10.7884502, 59.9683275], [10.7885407, 59.9684683], [10.7886052, 59.9686001], [10.7886559, 59.968723], [10.7886847, 59.9688465], [10.7887073, 59.9689885], [10.7887131, 59.9691487], [10.7887092, 59.969307], [10.7886937, 59.9695109], [10.7886911, 59.9695409]]}, "properties": {"electrified": "contact_line", "frequency": "16.67", "gauge": "1435", "maxspeed": "65", "name": "Gj\u00f8vikbanen", "operator": "Bane NOR", "passenger_lines": "1", "railway": "rail", "usage": "main", "voltage": "15000", "length_km": 0.276, "maxspeed_kmh": 65.0}}, {"type": "Feature", "geometry": {"type": "LineString", "coordinates": [[10.8167005, 60.0394912], [10.8171077, 60.0396925], [10.8180432, 60.0401763]]}, "properties": {"electrified": "contact_line", "frequency": "16.67", "gauge": "1435", "maxspeed": "80", "name": "Gj\u00f8vikbanen", "operator": "Bane NOR", "passenger_lines": "1", "railway": "rail", "usage": "main", "voltage": "15000", "length_km": 0.107, "maxspeed_kmh": 80.0}}, {"type": "Feature", "geometry": {"type": "LineString", "coordinates": [[10.8167005, 60.0394912], [10.8165078, 60.0394014], [10.8163752, 60.0393465], [10.8162361, 60.0392912], [10.8160526, 60.0392199], [10.8159508, 60.0391791], [10.8158318, 60.0391292], [10.815744, 60.0390873], [10.8156936, 60.0390633], [10.8155373, 60.0389871], [10.8147152, 60.0385851], [10.8137261, 60.0381011], [10.8133935, 60.0379368], [10.8130721, 60.0377828], [10.812991, 60.0377403], [10.8128723, 60.0376787], [10.8127276, 60.0375988], [10.81262, 60.0375332], [10.8125464, 60.0374847], [10.8124783, 60.037437], [10.8123929, 60.0373744], [10.8123347, 60.0373267], [10.8122666, 60.0372664], [10.8122011, 60.0372092], [10.812133, 60.0371416], [10.8120848, 60.0370894], [10.8119967, 60.0369868], [10.8119599, 60.0369361], [10.8119172, 60.0368716], [10.8118818, 60.0368081], [10.8118354, 60.0367182], [10.8117791, 60.0366066], [10.8117229, 60.0365001]]}, "properties": {"electrified": "contact_line", "frequency": "16.67", "gauge": "1435", "maxspeed": "40", "name": "Gj\u00f8vikbanen", "passenger_lines": "2", "railway": "rail", "usage": "main", "voltage": "15000", "length_km": 0.442, "maxspeed_kmh": 40.0}}, {"type": "Feature", "geometry": {"type": "LineString", "coordinates": [[10.8583362, 60.0593411], [10.8584804, 60.0592628], [10.858597, 60.0592], [10.8588597, 60.0590727], [10.8590413, 60.0589938], [10.8592407, 60.0589121], [10.8594348, 60.0588381], [10.8596351, 60.0587722], [10.8598716, 60.0586933], [10.8600587, 60.0586394], [10.8602855, 60.0585791], [10.8605201, 60.0585234], [10.8607643, 60.0584681], [10.860951, 60.0584297], [10.8611105, 60.0584011], [10.861287, 60.0583716], [10.8615296, 60.0583349], [10.8617884, 60.0582997], [10.8620667, 60.0582675], [10.8623323, 60.0582378], [10.8625951, 60.058213], [10.8628748, 60.0581909], [10.863025, 60.0581809], [10.8631758, 60.0581718], [10.8633897, 60.0581564], [10.8634893, 60.0581523], [10.8636057, 60.0581481], [10.8637653, 60.0581415], [10.8639208, 60.0581367], [10.8640724, 60.0581332], [10.8642199, 60.0581295], [10.8645158, 60.0581264], [10.8648143, 60.0581279], [10.8650027, 60.0581287], [10.8652709, 60.058135], [10.8654467, 60.0581401], [10.8656094, 60.0581468], [10.8658328, 60.0581594], [10.8660757, 60.0581757], [10.8661866, 60.0581846], [10.8663148, 60.0581972], [10.866432, 60.0582103], [10.8665479, 60.0582248], [10.8667422, 60.0582524], [10.8668585, 60.0582712], [10.8669618, 60.0582897], [10.867114, 60.0583185]]}, "properties": {"electrified": "contact_line", "frequency": "16.67", "gauge": "1435", "maxspeed": "75", "name": "Gj\u00f8vikbanen", "operator": "Bane NOR", "passenger_lines": "2", "railway": "rail", "usage": "main", "voltage": "15000", "length_km": 0.529, "maxspeed_kmh": 75.0}}, {"type": "Feature", "geometry": {"type": "LineString", "coordinates": [[10.780994, 59.9656177], [10.7808275, 59.9655664], [10.7806722, 59.9655126], [10.780358, 59.9653969], [10.7800475, 59.9652951]]}, "properties": {"electrified": "contact_line", "frequency": "16.67", "gauge": "1435", "maxspeed": "40", "name": "Gj\u00f8vikbanen", "operator": "Bane NOR", "railway": "rail", "usage": "main", "voltage": "15000", "length_km": 0.064, "maxspeed_kmh": 40.0}}, {"type": "Feature", "geometry": {"type": "LineString", "coordinates": [[10.791928, 59.909982], [10.7929225, 59.9095908]]}, "properties": {"electrified": "contact_line", "frequency": "16.67", "gauge": "1435", "maxspeed": "100", "name": "Gj\u00f8vikbanen", "operator": "Bane NOR", "passenger_lines": "2", "railway": "rail", "usage": "main", "voltage": "15000", "length_km": 0.071, "maxspeed_kmh": 100.0}}, {"type": "Feature", "geometry": {"type": "LineString", "coordinates": [[10.779673, 59.9428159], [10.779342, 59.9435433], [10.7791206, 59.9440285], [10.7788341, 59.9446558], [10.7786354, 59.9450801]]}, "properties": {"electrified": "contact_line", "frequency": "16.67", "gauge": "1435", "maxspeed": "75", "name": "Gj\u00f8vikbanen", "operator": "Bane NOR", "passenger_lines": "1", "railway": "rail", "usage": "main", "voltage": "15000", "length_km": 0.259, "maxspeed_kmh": 75.0}}, {"type": "Feature", "geometry": {"type": "LineString", "coordinates": [[10.5105395, 60.4512837], [10.5104561, 60.4513375]]}, "properties": {"bridge": "yes", "electrified": "contact_line", "frequency": "16.67", "gauge": "1435", "maxspeed": "75", "name": "Gj\u00f8vikbanen", "operator": "Bane NOR", "passenger_lines": "1", "railway": "rail", "usage": "main", "voltage": "15000", "length_km": 0.008, "maxspeed_kmh": 75.0}}, {"type": "Feature", "geometry": {"type": "LineString", "coordinates": [[10.508338, 60.4978137], [10.5083556, 60.4978808]]}, "properties": {"bridge": "yes", "electrified": "contact_line", "frequency": "16.67", "gauge": "1435", "maxspeed": "75", "name": "Gj\u00f8vikbanen", "operator": "Bane NOR", "passenger_lines": "1", "railway": "rail", "usage": "main", "voltage": "15000", "length_km": 0.008, "maxspeed_kmh": 75.0}}, {"type": "Feature", "geometry": {"type": "LineString", "coordinates": [[10.5165251, 60.447466], [10.5166287, 60.4477041], [10.5166826, 60.4478514], [10.5167195, 60.4479698], [10.5167426, 60.4480625], [10.5167565, 60.4481505], [10.5167642, 60.4482515], [10.5167611, 60.4483555], [10.5167503, 60.4484428], [10.5167349, 60.4485164], [10.5167149, 60.4486], [10.5166826, 60.448685], [10.5166549, 60.4487556], [10.5166195, 60.4488269], [10.5165748, 60.4489067], [10.5165225, 60.4489909], [10.516464, 60.4490699], [10.516404, 60.449142], [10.5163378, 60.4492171], [10.5162593, 60.4492946], [10.5161746, 60.4493697], [10.5160761, 60.4494525], [10.5159576, 60.4495428], [10.5157928, 60.4496472], [10.515656, 60.4497287], [10.5154971, 60.449814], [10.5152801, 60.4499195], [10.5150709, 60.4500079], [10.514907, 60.4500652], [10.5147334, 60.4501231], [10.5145405, 60.4501849], [10.5143363, 60.4502404], [10.5140824, 60.4502991], [10.5138541, 60.4503435], [10.5136339, 60.4503839], [10.5127369, 60.4505314], [10.5125038, 60.4505742], [10.5122692, 60.4506193], [10.5120714, 60.4506653], [10.5119139, 60.4507066], [10.5117612, 60.4507478], [10.5115683, 60.4508104], [10.5113995, 60.4508667], [10.5112693, 60.4509158], [10.5111455, 60.4509682], [10.510988, 60.4510379], [10.5108353, 60.4511132], [10.5107083, 60.4511838], [10.5105395, 60.4512837]]}, "properties": {"electrified": "contact_line", "frequency": "16.67", "gauge": "1435", "maxspeed": "75", "name": "Gj\u00f8vikbanen", "operator": "Bane NOR", "passenger_lines": "1", "railway": "rail", "usage": "main", "voltage": "15000", "length_km": 0.605, "maxspeed_kmh": 75.0}}, {"type": "Feature", "geometry": {"type": "LineString", "coordinates": [[10.5083556, 60.4978808], [10.5083746, 60.4979889], [10.5083892, 60.4980877], [10.5083951, 60.4982066], [10.5083951, 60.4983263], [10.5083922, 60.4984654], [10.5083892, 60.4987661], [10.5083966, 60.4989442], [10.5084053, 60.4990682], [10.50842, 60.4991857], [10.5084361, 60.4992895], [10.5084551, 60.4993868], [10.5084785, 60.4994892], [10.5085137, 60.4996016], [10.5085444, 60.4996983], [10.5085957, 60.4998266], [10.5086411, 60.4999333], [10.5087025, 60.5000587], [10.5087596, 60.500169], [10.5088226, 60.5002743], [10.5088943, 60.5003824], [10.5089705, 60.5004797], [10.5090612, 60.5005799], [10.5091491, 60.5006693], [10.5092545, 60.5007602], [10.5093628, 60.5008495], [10.5095048, 60.500949], [10.509619, 60.501024], [10.5097405, 60.5010968], [10.509865, 60.5011639], [10.5100187, 60.5012374], [10.5102046, 60.5013217], [10.5103964, 60.5014003], [10.5106409, 60.5014947], [10.5108649, 60.5015805], [10.5112543, 60.5017269], [10.5114256, 60.5017961], [10.5116364, 60.5018883], [10.5118282, 60.5019792], [10.5120288, 60.5020859], [10.5121781, 60.5021745], [10.5123385, 60.5022815], [10.5124849, 60.5023838], [10.5126057, 60.50248], [10.5126965, 60.5025601], [10.5128012, 60.5026588], [10.5128912, 60.5027536], [10.5129834, 60.5028664], [10.5130522, 60.5029609], [10.5131174, 60.5030585], [10.513165, 60.5031396], [10.5132045, 60.5032189], [10.5132528, 60.5033238], [10.5133004, 60.5034359], [10.5133392, 60.5035444], [10.5133675, 60.5036295]]}, "properties": {"electrified": "contact_line", "frequency": "16.67", "gauge": "1435", "maxspeed": "75", "name": "Gj\u00f8vikbanen", "operator": "Bane NOR", "passenger_lines": "1", "railway": "rail", "usage": "main", "voltage": "15000", "length_km": 0.732, "maxspeed_kmh": 75.0}}, {"type": "Feature", "geometry": {"type": "LineString", "coordinates": [[10.5355983, 60.5277836], [10.5353358, 60.5279724], [10.5351894, 60.5280837], [10.5350886, 60.5281655], [10.5349878, 60.52825], [10.5348832, 60.5283419], [10.5347693, 60.5284508], [10.5346507, 60.5285725], [10.5345508, 60.5286859], [10.5344621, 60.5287925], [10.5343622, 60.5289234], [10.5342576, 60.5290814], [10.5341858, 60.5292054], [10.5341241, 60.5293272], [10.5340793, 60.5294305], [10.5340392, 60.5295362], [10.533999, 60.5296579], [10.533971, 60.5297626], [10.5339467, 60.529883], [10.5339262, 60.5300194], [10.5339169, 60.5301466], [10.5339141, 60.5302872], [10.5339243, 60.5304351], [10.5339346, 60.5305597], [10.533957, 60.5307616], [10.5339757, 60.5309405], [10.5339889, 60.5310743], [10.5339931, 60.5311872], [10.5339931, 60.531297], [10.5339912, 60.5313829], [10.5339856, 60.5314628], [10.5339772, 60.5315551], [10.5339576, 60.5316639], [10.5339296, 60.5317875], [10.533896, 60.5319124], [10.5338502, 60.5320438], [10.533798, 60.5321816], [10.5337278, 60.5323202], [10.5336455, 60.5324755], [10.5335578, 60.5326156], [10.5334688, 60.5327496], [10.5333716, 60.5328744], [10.5332718, 60.5329912], [10.5331598, 60.5331193], [10.5330384, 60.5332494], [10.5327119, 60.5335879], [10.532608, 60.5336974], [10.5324906, 60.5338269], [10.5323961, 60.5339477], [10.5323287, 60.5340392], [10.5322504, 60.534162], [10.5321856, 60.5342802], [10.5321485, 60.5343711], [10.5321151, 60.5344697], [10.5320893, 60.5345682], [10.5320769, 60.5346438], [10.5320655, 60.5347536], [10.5320636, 60.5348367], [10.5320683, 60.5349259], [10.5320836, 60.5350338], [10.5321036, 60.5351197], [10.5321284, 60.535214], [10.5321761, 60.5353323], [10.5322372, 60.5354486], [10.532304, 60.5355458], [10.5323822, 60.5356528], [10.5324614, 60.5357523], [10.5325702, 60.5358612], [10.5326885, 60.5359733], [10.5328268, 60.5360859], [10.5329671, 60.5361939], [10.5331207, 60.5363037], [10.5333163, 60.5364417], [10.5340242, 60.5369396], [10.5341826, 60.5370611], [10.5342999, 60.5371559], [10.5344163, 60.5372615], [10.5344983, 60.5373436], [10.5345823, 60.5374403], [10.5346539, 60.5375327], [10.5347254, 60.5376533], [10.5347865, 60.5377687], [10.534837, 60.5378945], [10.5348685, 60.5380015], [10.5348886, 60.538109], [10.5348981, 60.5382112], [10.5348981, 60.5383262], [10.5348838, 60.538437], [10.5348628, 60.5385472], [10.5348227, 60.5386706], [10.5347798, 60.5387762], [10.5347283, 60.5388795], [10.5346605, 60.5389869], [10.5345976, 60.5390676], [10.5344926, 60.5391901], [10.5343867, 60.5392971], [10.534277, 60.5393951], [10.5341721, 60.5394777], [10.5340213, 60.5395904], [10.5338313, 60.5397225], [10.5334153, 60.5400027], [10.533275, 60.5401054], [10.5331691, 60.5401899], [10.5330833, 60.5402579], [10.533006, 60.5403302], [10.5329259, 60.5404071], [10.5328533, 60.5404874], [10.5327894, 60.5405657], [10.5327408, 60.5406342], [10.5326969, 60.540699], [10.5326492, 60.5407844], [10.5326005, 60.5408914], [10.5325585, 60.5409918], [10.532528, 60.5410983], [10.532508, 60.5412024], [10.5325003, 60.5413005], [10.5324994, 60.5413859], [10.5325051, 60.5414774], [10.5325232, 60.5415797], [10.5325547, 60.5416984], [10.5325948, 60.5418143], [10.5326454, 60.5419189], [10.5327102, 60.5420278], [10.5328066, 60.5421582], [10.532923, 60.5422971], [10.5330709, 60.5424552], [10.5336144, 60.5430009]]}, "properties": {"electrified": "contact_line", "frequency": "16.67", "gauge": "1435", "maxspeed": "75", "name": "Gj\u00f8vikbanen", "operator": "Bane NOR", "passenger_lines": "1", "railway": "rail", "usage": "main", "voltage": "15000", "length_km": 1.817, "maxspeed_kmh": 75.0}}, {"type": "Feature", "geometry": {"type": "LineString", "coordinates": [[10.5552238, 60.5675101], [10.5552782, 60.567587]]}, "properties": {"bridge": "yes", "electrified": "contact_line", "frequency": "16.67", "gauge": "1435", "maxspeed": "95", "name": "Gj\u00f8vikbanen", "operator": "Bane NOR", "passenger_lines": "1", "railway": "rail", "usage": "main", "voltage": "15000", "length_km": 0.009, "maxspeed_kmh": 95.0}}, {"type": "Feature", "geometry": {"type": "LineString", "coordinates": [[10.5384971, 60.550092], [10.5385593, 60.5501202]]}, "properties": {"bridge": "yes", "electrified": "contact_line", "frequency": "16.67", "gauge": "1435", "maxspeed": "80", "name": "Gj\u00f8vikbanen", "operator": "Bane NOR", "passenger_lines": "1", "railway": "rail", "usage": "main", "voltage": "15000", "length_km": 0.005, "maxspeed_kmh": 80.0}}, {"type": "Feature", "geometry": {"type": "LineString", "coordinates": [[10.596346, 60.6291689], [10.5962546, 60.6290437]]}, "properties": {"electrified": "contact_line", "frequency": "16.67", "gauge": "1435", "maxspeed": "40", "name": "Gj\u00f8vikbanen", "passenger_lines": "3", "railway": "rail", "service": "siding", "voltage": "15000", "length_km": 0.015, "maxspeed_kmh": 40.0}}, {"type": "Feature", "geometry": {"type": "LineString", "coordinates": [[10.5401337, 60.5506485], [10.5403245, 60.5507099], [10.5405735, 60.5507953], [10.5407939, 60.5508745], [10.5410067, 60.5509576], [10.5411775, 60.5510284], [10.5413826, 60.5511138], [10.5416249, 60.551224], [10.541831, 60.551323], [10.5420476, 60.5514337], [10.5422804, 60.5515598], [10.5425091, 60.5516965], [10.5426942, 60.5518058], [10.5428631, 60.5519202], [10.5430434, 60.5520483], [10.5431923, 60.5521613], [10.5433478, 60.5522762], [10.5434794, 60.5523926], [10.5436168, 60.5525211], [10.5437885, 60.552689], [10.5439193, 60.5528241], [10.5440614, 60.5529859], [10.5442398, 60.5531993], [10.5442965, 60.5532672], [10.5447411, 60.5537998], [10.5454869, 60.5546881], [10.5469566, 60.5564528], [10.5471952, 60.556741], [10.5473586, 60.5569307], [10.5509756, 60.5612621], [10.5513167, 60.5616663], [10.5516015, 60.5619886], [10.5518381, 60.5622446], [10.5520432, 60.5624556], [10.5522665, 60.5626769], [10.552493, 60.5628931], [10.5527756, 60.5631526], [10.5532431, 60.5635543], [10.5535711, 60.5638267]]}, "properties": {"electrified": "contact_line", "frequency": "16.67", "gauge": "1435", "maxspeed": "95", "name": "Gj\u00f8vikbanen", "operator": "Bane NOR", "passenger_lines": "1", "railway": "rail", "usage": "main", "voltage": "15000", "length_km": 1.661, "maxspeed_kmh": 95.0}}, {"type": "Feature", "geometry": {"type": "LineString", "coordinates": [[10.5981255, 60.637843], [10.5990752, 60.6392342], [10.6002024, 60.6408656], [10.6004922, 60.6412893], [10.6005837, 60.6414251], [10.6006521, 60.641521], [10.6016518, 60.6429732], [10.6018152, 60.6432177], [10.601948, 60.6434235], [10.6020731, 60.6436285], [10.602203, 60.6438591], [10.6023226, 60.644087], [10.6024383, 60.6443339], [10.6025397, 60.6445556], [10.6026268, 60.6447652], [10.602706, 60.6449849], [10.6027709, 60.6451705], [10.6028263, 60.6453514], [10.6028976, 60.6456208], [10.6029546, 60.64587], [10.6030006, 60.6460991], [10.6030288, 60.6463022], [10.6030534, 60.6465176], [10.6030716, 60.6467258], [10.6030813, 60.6469394], [10.6030844, 60.6471432], [10.6030786, 60.6473819], [10.6030633, 60.6476229], [10.6030436, 60.64786], [10.6030073, 60.6481173], [10.6029702, 60.648418], [10.6029448, 60.6486283], [10.6029182, 60.6489107], [10.6029019, 60.6491522], [10.6028948, 60.6493107], [10.6028902, 60.6494693], [10.602889, 60.649638], [10.602889, 60.6498193], [10.6028925, 60.6500307], [10.6029013, 60.6502772], [10.6029249, 60.6506281], [10.6029526, 60.6508905], [10.6029781, 60.6511241], [10.6030092, 60.6513441], [10.6030518, 60.6516109], [10.6031019, 60.6518847], [10.6035782, 60.6541456], [10.6036891, 60.6546651], [10.6037741, 60.6550723], [10.6038626, 60.6554325], [10.603956, 60.6557523], [10.6040593, 60.6560696], [10.6041675, 60.6563509], [10.6043053, 60.6566618], [10.6044667, 60.6569889]]}, "properties": {"electrified": "contact_line", "frequency": "16.67", "gauge": "1435", "maxspeed": "130", "name": "Gj\u00f8vikbanen", "operator": "Bane NOR", "passenger_lines": "1", "railway": "rail", "usage": "main", "voltage": "15000", "length_km": 2.18, "maxspeed_kmh": 130.0}}, {"type": "Feature", "geometry": {"type": "LineString", "coordinates": [[10.6342114, 60.7587518], [10.6342939, 60.7588349]]}, "properties": {"bridge": "yes", "electrified": "contact_line", "frequency": "16.67", "gauge": "1435", "maxspeed": "80", "name": "Gj\u00f8vikbanen", "operator": "Bane NOR", "passenger_lines": "1", "railway": "rail", "usage": "main", "voltage": "15000", "length_km": 0.01, "maxspeed_kmh": 80.0}}, {"type": "Feature", "geometry": {"type": "LineString", "coordinates": [[10.6963762, 60.794421], [10.6963421, 60.7944773]]}, "properties": {"electrified": "contact_line", "frequency": "16.67", "gauge": "1435", "maxspeed": "65", "name": "Gj\u00f8vikbanen", "operator": "Bane NOR", "passenger_lines": "1", "railway": "rail", "usage": "main", "voltage": "15000", "length_km": 0.007, "maxspeed_kmh": 65.0}}, {"type": "Feature", "geometry": {"type": "LineString", "coordinates": [[10.6342939, 60.7588349], [10.634386, 60.7589407], [10.634481, 60.7590622], [10.6345578, 60.759187], [10.6346215, 60.759302], [10.6346783, 60.7594218], [10.6347143, 60.7595132], [10.6347476, 60.7596295], [10.6347794, 60.7597574], [10.6348002, 60.7598765], [10.6348512, 60.7602047], [10.6348866, 60.7603948], [10.6349107, 60.760511], [10.6349376, 60.7606307], [10.634973, 60.760751], [10.6350324, 60.7609197], [10.6351145, 60.7611037], [10.635208, 60.7612932], [10.6353127, 60.7614681], [10.6354302, 60.7616528], [10.635637, 60.7619639], [10.6357431, 60.7621237], [10.6358139, 60.7622343], [10.635889, 60.7623567], [10.635947, 60.7624667], [10.6360093, 60.7625891], [10.6360617, 60.7627025], [10.6361226, 60.7628463], [10.636165, 60.7629811], [10.6362004, 60.7631035], [10.6362316, 60.7632259], [10.6362585, 60.7633497], [10.6362741, 60.7634693], [10.6362939, 60.7636118], [10.6363052, 60.7637529], [10.6363094, 60.7639043], [10.6363123, 60.7640751], [10.636308, 60.7642701], [10.6363052, 60.7644181], [10.6362939, 60.7646601], [10.6362797, 60.7648447], [10.6362636, 60.7650366], [10.6362381, 60.7652807], [10.636207, 60.7655241], [10.6360717, 60.7665906]]}, "properties": {"electrified": "contact_line", "frequency": "16.67", "gauge": "1435", "maxspeed": "80", "name": "Gj\u00f8vikbanen", "operator": "Bane NOR", "passenger_lines": "1", "railway": "rail", "usage": "main", "voltage": "15000", "length_km": 0.878, "maxspeed_kmh": 80.0}}, {"type": "Feature", "geometry": {"type": "LineString", "coordinates": [[10.7904758, 59.9053082], [10.7900849, 59.9052924], [10.7896532, 59.9052806], [10.7893079, 59.9052744], [10.7890575, 59.9052734], [10.7888692, 59.9052731], [10.7885243, 59.9052774], [10.7881901, 59.9052859], [10.7879952, 59.9052925], [10.7878003, 59.905301], [10.7876054, 59.9053113], [10.7874167, 59.9053229], [10.7871669, 59.9053379], [10.7869192, 59.905356], [10.7866816, 59.9053735], [10.7864501, 59.9053931], [10.785211, 59.9054956]]}, "properties": {"electrified": "contact_line", "frequency": "16.67", "gauge": "1435", "maxspeed": "110", "name": "Gj\u00f8vikbanen", "operator": "Bane NOR", "passenger_lines": "4", "railway": "rail", "usage": "main", "voltage": "15000", "length_km": 0.297, "maxspeed_kmh": 110.0}}, {"type": "Feature", "geometry": {"type": "LineString", "coordinates": [[10.5956857, 60.6281576], [10.5960797, 60.6286813], [10.5961846, 60.6288207]]}, "properties": {"electrified": "contact_line", "frequency": "16.67", "gauge": "1435", "maxspeed": "80", "name": "Gj\u00f8vikbanen", "operator": "Bane NOR", "passenger_lines": "3", "railway": "rail", "usage": "main", "voltage": "15000", "length_km": 0.079, "maxspeed_kmh": 80.0}}, {"type": "Feature", "geometry": {"type": "LineString", "coordinates": [[10.7148543, 60.2327123], [10.7145493, 60.2328738], [10.7143341, 60.232992], [10.7141441, 60.2330928], [10.7138928, 60.2332304], [10.7134392, 60.2334733], [10.7120659, 60.2342217], [10.7107377, 60.2349439], [10.710434, 60.2351091], [10.7097903, 60.2354578]]}, "properties": {"electrified": "contact_line", "frequency": "16.67", "gauge": "1435", "maxspeed": "90", "name": "Gj\u00f8vikbanen", "operator": "Bane NOR", "passenger_lines": "2", "railway": "rail", "usage": "main", "voltage": "15000", "length_km": 0.415, "maxspeed_kmh": 90.0}}, {"type": "Feature", "geometry": {"type": "LineString", "coordinates": [[10.7907662, 59.9053232], [10.7908573, 59.9053287], [10.791043, 59.9053415], [10.7912524, 59.905358], [10.79141, 59.905373], [10.7915698, 59.9053909], [10.7917269, 59.9054099], [10.7918862, 59.9054312], [10.7919864, 59.9054457], [10.7920867, 59.905462], [10.7922006, 59.9054818], [10.7923008, 59.9055001], [10.7924254, 59.9055242]]}, "properties": {"electrified": "contact_line", "frequency": "16.67", "gauge": "1435", "maxspeed": "70", "name": "Gj\u00f8vikbanen", "operator": "Bane NOR", "passenger_lines": "1", "railway": "rail", "usage": "main", "voltage": "15000", "length_km": 0.096, "maxspeed_kmh": 70.0}}, {"type": "Feature", "geometry": {"type": "LineString", "coordinates": [[10.7669451, 59.9080583], [10.7671313, 59.9080279], [10.7673147, 59.9079973], [10.767627, 59.9079426]]}, "properties": {"electrified": "contact_line", "frequency": "16.67", "gauge": "1435", "maxspeed": "110", "name": "Gj\u00f8vikbanen", "operator": "Bane NOR", "passenger_lines": "4", "railway": "rail", "usage": "main", "voltage": "15000", "length_km": 0.04, "maxspeed_kmh": 110.0}}, {"type": "Feature", "geometry": {"type": "LineString", "coordinates": [[10.6161256, 60.2847167], [10.6158598, 60.2847726], [10.6156116, 60.2848249], [10.6154071, 60.2848687], [10.6152196, 60.284912], [10.6150225, 60.2849611], [10.6148392, 60.2850108], [10.6146752, 60.2850599], [10.6145132, 60.2851121], [10.6143353, 60.2851729], [10.6142493, 60.2852032]]}, "properties": {"electrified": "contact_line", "frequency": "16.67", "gauge": "1435", "maxspeed": "50", "name": "Gj\u00f8vikbanen", "operator": "Bane NOR", "passenger_lines": "1", "railway": "rail", "usage": "main", "voltage": "15000", "length_km": 0.117, "maxspeed_kmh": 50.0}}, {"type": "Feature", "geometry": {"type": "LineString", "coordinates": [[10.6283624, 60.2818002], [10.627801, 60.2818372], [10.6272314, 60.2818677]]}, "properties": {"electrified": "contact_line", "frequency": "16.67", "gauge": "1435", "maxspeed": "50", "name": "Gj\u00f8vikbanen", "operator": "Bane NOR", "passenger_lines": "1", "railway": "rail", "usage": "main", "voltage": "15000", "length_km": 0.063, "maxspeed_kmh": 50.0}}, {"type": "Feature", "geometry": {"type": "LineString", "coordinates": [[10.6973859, 60.2436425], [10.6962359, 60.2441229], [10.6959403, 60.2442478], [10.6956805, 60.2443624], [10.6954127, 60.2444861], [10.6951298, 60.2446265], [10.6948689, 60.2447658], [10.6946738, 60.2448775], [10.6945225, 60.2449646], [10.6943563, 60.2450677], [10.6941981, 60.2451737], [10.6939557, 60.2453365], [10.6935087, 60.2456686], [10.6931958, 60.2459018], [10.6929302, 60.2460828], [10.6926739, 60.2462444], [10.6924557, 60.2463687], [10.6922869, 60.2464584], [10.6921184, 60.2465438], [10.691914, 60.2466435], [10.691742, 60.2467197], [10.6915215, 60.246816], [10.6909361, 60.2470606], [10.690726, 60.2471511], [10.690502, 60.2472537], [10.6903311, 60.2473379], [10.690166, 60.2474296], [10.6900206, 60.2475167], [10.6898754, 60.2476082], [10.6897415, 60.2476973], [10.689624, 60.2477873], [10.6894982, 60.2478869], [10.6893644, 60.248006], [10.6892527, 60.2481192], [10.6891515, 60.2482327], [10.6890013, 60.2484206], [10.6887699, 60.2487273], [10.6885984, 60.2489468], [10.6884221, 60.249147], [10.688236, 60.2493341], [10.6880515, 60.2495002], [10.6878474, 60.2496639], [10.6876046, 60.249845], [10.6873327, 60.2500403], [10.6870638, 60.2502242], [10.6868255, 60.2503881], [10.6864263, 60.2506561], [10.6854904, 60.2512576], [10.6852156, 60.251426], [10.6850528, 60.2515257], [10.68489, 60.251619]]}, "properties": {"electrified": "contact_line", "frequency": "16.67", "gauge": "1435", "maxspeed": "90", "name": "Gj\u00f8vikbanen", "operator": "Bane NOR", "passenger_lines": "1", "railway": "rail", "usage": "main", "voltage": "15000", "length_km": 1.139, "maxspeed_kmh": 90.0}}, {"type": "Feature", "geometry": {"type": "LineString", "coordinates": [[10.6993443, 60.2428206], [10.6993166, 60.2428326], [10.6989044, 60.2430041], [10.6982381, 60.2432834], [10.6974956, 60.2435958]]}, "properties": {"electrified": "contact_line", "frequency": "16.67", "gauge": "1435", "maxspeed": "90", "name": "Gj\u00f8vikbanen", "operator": "Bane NOR", "passenger_lines": "1", "railway": "rail", "usage": "main", "voltage": "15000", "length_km": 0.134, "maxspeed_kmh": 90.0}}, {"type": "Feature", "geometry": {"type": "LineString", "coordinates": [[10.7097903, 60.2354578], [10.7077697, 60.2365562], [10.7074107, 60.2367519], [10.7071056, 60.2369161], [10.7069074, 60.2370204], [10.706728, 60.2371135], [10.7065629, 60.2371914], [10.706321, 60.2372945], [10.7061027, 60.23738], [10.7058714, 60.2374638], [10.705613, 60.2375452], [10.7053558, 60.2376184], [10.7050903, 60.2376852], [10.7048142, 60.2377461], [10.7047898, 60.2377514]]}, "properties": {"electrified": "contact_line", "frequency": "16.67", "gauge": "1435", "maxspeed": "90", "name": "Gj\u00f8vikbanen", "operator": "Bane NOR", "passenger_lines": "1", "railway": "rail", "usage": "main", "voltage": "15000", "length_km": 0.38, "maxspeed_kmh": 90.0}}, {"type": "Feature", "geometry": {"type": "LineString", "coordinates": [[10.7260455, 60.225963], [10.7261168, 60.2262307], [10.726159, 60.2263888], [10.7261855, 60.2265307], [10.7261951, 60.2266277], [10.7261988, 60.2267451], [10.7261879, 60.226875], [10.7261662, 60.2269906], [10.7261252, 60.2271181], [10.7260661, 60.2272522], [10.7260106, 60.2273522], [10.7259443, 60.2274498], [10.7258611, 60.2275534], [10.7257646, 60.2276588], [10.7256682, 60.227754], [10.7255452, 60.2278582], [10.7253932, 60.2279702], [10.7251741, 60.228117], [10.7249166, 60.2282762], [10.7248712, 60.2283038]]}, "properties": {"electrified": "contact_line", "frequency": "16.67", "gauge": "1435", "maxspeed": "80", "name": "Gj\u00f8vikbanen", "operator": "Bane NOR", "passenger_lines": "1", "railway": "rail", "usage": "main", "voltage": "15000", "length_km": 0.281, "maxspeed_kmh": 80.0}}, {"type": "Feature", "geometry": {"type": "LineString", "coordinates": [[10.7290362, 60.2197886], [10.7292846, 60.220015], [10.7294353, 60.2201593], [10.7295825, 60.2203097], [10.7297115, 60.2204606], [10.7298152, 60.2206007], [10.7299092, 60.2207642], [10.7299816, 60.2209163], [10.7300286, 60.2210469], [10.7300576, 60.2211553], [10.7300805, 60.2212619], [10.7300944, 60.2213992], [10.7300961, 60.2215009], [10.730091, 60.2216195], [10.7300756, 60.2217287], [10.7300535, 60.2218322], [10.7300088, 60.2219705], [10.7299522, 60.2221119], [10.7298991, 60.2222167], [10.7298147, 60.2223562], [10.7297315, 60.2224754], [10.7296157, 60.2226131], [10.7295036, 60.2227365], [10.7294071, 60.2228263], [10.7293106, 60.2229113], [10.7291828, 60.2230156], [10.7290791, 60.223091], [10.7289742, 60.2231629], [10.7288488, 60.2232431], [10.728721, 60.2233198], [10.7285365, 60.2234204], [10.7283243, 60.2235258], [10.7280963, 60.2236318], [10.7275899, 60.2238593], [10.7274452, 60.223927], [10.7272571, 60.2240192], [10.7271208, 60.2240941], [10.7269797, 60.2241785], [10.7268374, 60.2242719], [10.7267024, 60.2243695], [10.7265822, 60.2244664], [10.7264592, 60.2245814], [10.7263362, 60.2247161], [10.7262603, 60.2248143], [10.7261927, 60.2249161], [10.7261361, 60.2250191], [10.7260856, 60.2251206], [10.7260481, 60.225212], [10.7260208, 60.225306], [10.726001, 60.225405], [10.7259902, 60.2255044], [10.7259878, 60.2256092], [10.7259986, 60.2257284], [10.7260189, 60.2258602]]}, "properties": {"electrified": "contact_line", "frequency": "16.67", "gauge": "1435", "maxspeed": "80", "name": "Gj\u00f8vikbanen", "operator": "Bane NOR", "passenger_lines": "1", "railway": "rail", "usage": "main", "voltage": "15000", "length_km": 0.76, "maxspeed_kmh": 80.0}}, {"type": "Feature", "geometry": {"type": "LineString", "coordinates": [[10.7240105, 60.1949547], [10.7239209, 60.1948266], [10.7238176, 60.1946719], [10.7237385, 60.1945513], [10.7236795, 60.1944513], [10.7236285, 60.1943643], [10.7235883, 60.194286], [10.7235506, 60.1941896], [10.7234973, 60.1940287], [10.7234625, 60.1938859], [10.7234362, 60.1937481], [10.7234213, 60.1936301], [10.7234117, 60.1935135], [10.7234056, 60.193342], [10.7234126, 60.1931848], [10.7234286, 60.1930742], [10.7234468, 60.1929624], [10.723467, 60.1928462], [10.7234898, 60.192764], [10.7235102, 60.1926883], [10.7235508, 60.1925637], [10.7236146, 60.192411], [10.7236774, 60.1922702], [10.7237457, 60.1921341], [10.7238126, 60.1920204], [10.7238625, 60.1919405], [10.7239423, 60.191823], [10.7240313, 60.1917102], [10.7242058, 60.1914946], [10.7244041, 60.1912524], [10.7246495, 60.190958], [10.7248328, 60.1907339], [10.7249194, 60.1906264], [10.7250123, 60.1904977], [10.725124, 60.1903321], [10.7252297, 60.1901514], [10.7253493, 60.1899171]]}, "properties": {"electrified": "contact_line", "frequency": "16.67", "gauge": "1435", "maxspeed": "95", "name": "Gj\u00f8vikbanen", "operator": "Bane NOR", "passenger_lines": "2", "railway": "rail", "usage": "main", "voltage": "15000", "length_km": 0.583, "maxspeed_kmh": 95.0}}, {"type": "Feature", "geometry": {"type": "LineString", "coordinates": [[10.722453, 60.1784343], [10.7226622, 60.1785741], [10.7229244, 60.1787583], [10.7231408, 60.1789137], [10.7233146, 60.1790441], [10.7234747, 60.1791638], [10.7236317, 60.1792897], [10.7237811, 60.1794087], [10.7239762, 60.179574], [10.7241469, 60.1797218], [10.7243717, 60.1799265], [10.7246309, 60.1801751], [10.7249236, 60.1804798], [10.7251796, 60.1807612], [10.7253976, 60.1810295], [10.7255775, 60.1812797], [10.7257162, 60.1814965], [10.7258412, 60.181717], [10.7259327, 60.1819073], [10.7259937, 60.1820468], [10.7260638, 60.1822289], [10.7261115, 60.1823584], [10.7261589, 60.1825257], [10.7261934, 60.1826849], [10.7262258, 60.1828505], [10.7262473, 60.1830134], [10.7262592, 60.1831758], [10.7262657, 60.183372], [10.7262538, 60.1835789], [10.7262317, 60.1838389]]}, "properties": {"electrified": "contact_line", "frequency": "16.67", "gauge": "1435", "maxspeed": "105", "name": "Gj\u00f8vikbanen", "operator": "Bane NOR", "passenger_lines": "1", "railway": "rail", "usage": "main", "voltage": "15000", "length_km": 0.652, "maxspeed_kmh": 105.0}}, {"type": "Feature", "geometry": {"type": "LineString", "coordinates": [[10.7188046, 60.1677034], [10.7187805, 60.1678341]]}, "properties": {"electrified": "contact_line", "frequency": "16.67", "gauge": "1435", "maxspeed": "75", "name": "Gj\u00f8vikbanen", "operator": "Bane NOR", "passenger_lines": "1", "railway": "rail", "usage": "main", "voltage": "15000", "length_km": 0.015, "maxspeed_kmh": 75.0}}, {"type": "Feature", "geometry": {"type": "LineString", "coordinates": [[10.7274739, 60.1566057], [10.7271535, 60.1569406], [10.7269924, 60.1571155], [10.7268439, 60.1572808], [10.7266884, 60.1574644], [10.7265518, 60.1576331], [10.726427, 60.1577933], [10.7262092, 60.1580857], [10.7260986, 60.1582486], [10.7260209, 60.158376], [10.7259552, 60.1584877], [10.7258851, 60.1586266], [10.725826, 60.1587612], [10.7257811, 60.15888], [10.7257405, 60.1590032], [10.7257072, 60.1591334], [10.7256809, 60.1592582], [10.7256662, 60.1593568], [10.7256569, 60.1594701], [10.7256511, 60.1595649], [10.7256529, 60.1596956], [10.7256616, 60.1598634], [10.7256656, 60.1599056]]}, "properties": {"electrified": "contact_line", "frequency": "16.67", "gauge": "1435", "maxspeed": "95", "name": "Gj\u00f8vikbanen", "operator": "Bane NOR", "passenger_lines": "1", "railway": "rail", "usage": "main", "voltage": "15000", "length_km": 0.386, "maxspeed_kmh": 95.0}}, {"type": "Feature", "geometry": {"type": "LineString", "coordinates": [[10.7411906, 60.1513184], [10.7408907, 60.1513971], [10.7406805, 60.1514484], [10.7404605, 60.1514985], [10.7402338, 60.1515426], [10.7399908, 60.1515857], [10.7397762, 60.1516178], [10.7395682, 60.1516445], [10.7393252, 60.1516712], [10.7390668, 60.1516925], [10.7389162, 60.1517016], [10.7386732, 60.1517125], [10.7382517, 60.1517245], [10.7376847, 60.151729]]}, "properties": {"electrified": "contact_line", "frequency": "16.67", "gauge": "1435", "maxspeed": "90", "name": "Gj\u00f8vikbanen", "operator": "Bane NOR", "passenger_lines": "1", "railway": "rail", "usage": "main", "voltage": "15000", "length_km": 0.203, "maxspeed_kmh": 90.0}}, {"type": "Feature", "geometry": {"type": "LineString", "coordinates": [[10.7610177, 60.1497919], [10.7608302, 60.1498618], [10.760463, 60.149993], [10.7600829, 60.1501264]]}, "properties": {"electrified": "contact_line", "frequency": "16.67", "gauge": "1435", "maxspeed": "105", "name": "Gj\u00f8vikbanen", "operator": "Bane NOR", "passenger_lines": "1", "railway": "rail", "usage": "main", "voltage": "15000", "length_km": 0.064, "maxspeed_kmh": 105.0}}, {"type": "Feature", "geometry": {"type": "LineString", "coordinates": [[10.788501, 60.1345262], [10.7880827, 60.1346423], [10.7877765, 60.134731], [10.7875736, 60.1347957], [10.7873884, 60.1348595], [10.7871926, 60.1349349], [10.7870217, 60.1350102], [10.786863, 60.1350844], [10.7866977, 60.1351708], [10.7865489, 60.1352569], [10.7864114, 60.1353477], [10.7862786, 60.1354473], [10.786181, 60.1355246], [10.7860562, 60.1356393], [10.785949, 60.135754], [10.7858482, 60.1358815], [10.7857586, 60.1360153], [10.7856834, 60.136146], [10.7856082, 60.1362973], [10.7854722, 60.1366216], [10.7853218, 60.1369593]]}, "properties": {"electrified": "contact_line", "frequency": "16.67", "gauge": "1435", "maxspeed": "80", "name": "Gj\u00f8vikbanen", "operator": "Bane NOR", "passenger_lines": "1", "railway": "rail", "usage": "main", "voltage": "15000", "length_km": 0.341, "maxspeed_kmh": 80.0}}, {"type": "Feature", "geometry": {"type": "LineString", "coordinates": [[10.7983204, 60.1286643], [10.7981592, 60.1287163], [10.7980241, 60.128762], [10.7978183, 60.1288318], [10.7976446, 60.1288991], [10.7974208, 60.1289888], [10.7972317, 60.1290721], [10.7970762, 60.1291464], [10.7968768, 60.1292457], [10.7966638, 60.1293641], [10.7965861, 60.1294106]]}, "properties": {"electrified": "contact_line", "frequency": "16.67", "gauge": "1435", "maxspeed": "90", "name": "Gj\u00f8vikbanen", "operator": "Bane NOR", "passenger_lines": "1", "railway": "rail", "usage": "main", "voltage": "15000", "length_km": 0.128, "maxspeed_kmh": 90.0}}, {"type": "Feature", "geometry": {"type": "LineString", "coordinates": [[10.8231293, 60.1195283], [10.8220962, 60.1196046], [10.8208611, 60.1196947], [10.8195361, 60.1197936], [10.8180439, 60.1199065], [10.8176906, 60.1199359], [10.8173936, 60.119964], [10.8171384, 60.1199942], [10.8169557, 60.1200196], [10.8167582, 60.1200497], [10.8165405, 60.1200899], [10.8163189, 60.1201354], [10.8160932, 60.1201876], [10.8159212, 60.1202318], [10.8157358, 60.120286], [10.8155652, 60.1203388], [10.8153811, 60.1204004], [10.8151984, 60.1204687], [10.8150184, 60.120543], [10.8148343, 60.1206266], [10.8146382, 60.1207244], [10.8144071, 60.1208475], [10.8141617, 60.120992], [10.8139158, 60.1211373], [10.8137242, 60.1212525]]}, "properties": {"electrified": "contact_line", "frequency": "16.67", "gauge": "1435", "maxspeed": "85", "name": "Gj\u00f8vikbanen", "operator": "Bane NOR", "passenger_lines": "1", "railway": "rail", "usage": "main", "voltage": "15000", "length_km": 0.578, "maxspeed_kmh": 85.0}}, {"type": "Feature", "geometry": {"type": "LineString", "coordinates": [[10.8257571, 60.1190812], [10.8256149, 60.1191291], [10.8254625, 60.1191756], [10.8252671, 60.1192299], [10.8250936, 60.1192747], [10.8248946, 60.1193178], [10.8247089, 60.1193544], [10.8245185, 60.1193884], [10.8243279, 60.1194167], [10.8241046, 60.119443], [10.8238012, 60.1194752], [10.8231293, 60.1195283]]}, "properties": {"electrified": "contact_line", "frequency": "16.67", "gauge": "1435", "maxspeed": "80", "name": "Gj\u00f8vikbanen", "operator": "Bane NOR", "passenger_lines": "1", "railway": "rail", "usage": "main", "voltage": "15000", "length_km": 0.156, "maxspeed_kmh": 80.0}}, {"type": "Feature", "geometry": {"type": "LineString", "coordinates": [[10.8455123, 60.1066224], [10.8449878, 60.1068007], [10.8445668, 60.1069461], [10.8442133, 60.1070707], [10.8438843, 60.1071896], [10.843423, 60.1073607], [10.8429833, 60.1075283], [10.8423655, 60.1077696], [10.8419315, 60.1079451], [10.8415177, 60.1081148], [10.8409988, 60.1083351], [10.8406842, 60.108472], [10.8403144, 60.1086373], [10.8398235, 60.1088615], [10.8392573, 60.1091286], [10.8387546, 60.1093747], [10.8383437, 60.1095788], [10.8380491, 60.1097306], [10.83781, 60.1098542]]}, "properties": {"electrified": "contact_line", "frequency": "16.67", "gauge": "1435", "maxspeed": "105", "name": "Gj\u00f8vikbanen", "operator": "Bane NOR", "passenger_lines": "1", "railway": "rail", "usage": "main", "voltage": "15000", "length_km": 0.561, "maxspeed_kmh": 105.0}}, {"type": "Feature", "geometry": {"type": "LineString", "coordinates": [[10.8605527, 60.0968659], [10.8605571, 60.0971114], [10.8605538, 60.097276], [10.8605484, 60.0973791], [10.8605333, 60.0974697], [10.8605095, 60.0975782], [10.8604737, 60.0976888], [10.8604326, 60.0977865], [10.860385, 60.0978814], [10.8603081, 60.0980055], [10.860228, 60.0981161], [10.8601393, 60.098223], [10.860069, 60.098297], [10.8600021, 60.0983599], [10.8598766, 60.0984706], [10.8597327, 60.0985789], [10.8596134, 60.0986583], [10.8594419, 60.0987644], [10.859306, 60.0988381], [10.8591348, 60.0989183], [10.8589446, 60.0990056], [10.8586692, 60.0991207], [10.8586327, 60.0991348]]}, "properties": {"electrified": "contact_line", "frequency": "16.67", "gauge": "1435", "maxspeed": "80", "name": "Gj\u00f8vikbanen", "operator": "Bane NOR", "passenger_lines": "1", "railway": "rail", "usage": "main", "voltage": "15000", "length_km": 0.288, "maxspeed_kmh": 80.0}}, {"type": "Feature", "geometry": {"type": "LineString", "coordinates": [[10.8635626, 60.0878363], [10.8636029, 60.0878977], [10.8637223, 60.0881061], [10.8638019, 60.088274], [10.8638937, 60.0885114], [10.8639656, 60.0887492], [10.86401, 60.0889545], [10.8640391, 60.0891507], [10.8640559, 60.0893362], [10.8640559, 60.0895651], [10.8640391, 60.0898399], [10.86401, 60.0901055], [10.8639672, 60.0903917], [10.8639059, 60.0906986], [10.863834, 60.0909939], [10.8637728, 60.0912054], [10.8637192, 60.0913778], [10.8636503, 60.0915832], [10.8635768, 60.0917816], [10.8634881, 60.0919999], [10.8633886, 60.0922281], [10.8632738, 60.0924647], [10.8631743, 60.0926623], [10.8630197, 60.0929432], [10.8628773, 60.0931866], [10.8626982, 60.0934667], [10.8625029, 60.0937545], [10.8623545, 60.093959], [10.8622274, 60.0941246], [10.8620851, 60.0943001], [10.86191, 60.0945105], [10.8617011, 60.094748], [10.8612498, 60.095238], [10.8611394, 60.0953626], [10.8610301, 60.0954975], [10.8609359, 60.0956254], [10.860858, 60.0957414], [10.8607833, 60.0958682], [10.8607324, 60.0959686], [10.8606902, 60.0960652], [10.8606512, 60.0961639], [10.8606177, 60.0962778], [10.8605939, 60.0963727], [10.8605722, 60.0964936], [10.8605614, 60.0965999], [10.860556, 60.0967014], [10.8605527, 60.0968659]]}, "properties": {"electrified": "contact_line", "frequency": "16.67", "gauge": "1435", "maxspeed": "90", "name": "Gj\u00f8vikbanen", "operator": "Bane NOR", "passenger_lines": "1", "railway": "rail", "usage": "main", "voltage": "15000", "length_km": 1.039, "maxspeed_kmh": 90.0}}, {"type": "Feature", "geometry": {"type": "LineString", "coordinates": [[10.8633022, 60.0874742], [10.8634697, 60.0876947], [10.8635626, 60.0878363]]}, "properties": {"electrified": "contact_line", "frequency": "16.67", "gauge": "1435", "maxspeed": "65", "name": "Gj\u00f8vikbanen", "operator": "Bane NOR", "passenger_lines": "1", "railway": "rail", "usage": "main", "voltage": "15000", "length_km": 0.043, "maxspeed_kmh": 65.0}}, {"type": "Feature", "geometry": {"type": "LineString", "coordinates": [[10.8648841, 60.0836997], [10.8651343, 60.0836023], [10.8655968, 60.0834242], [10.865994, 60.0832656]]}, "properties": {"electrified": "contact_line", "frequency": "16.67", "gauge": "1435", "maxspeed": "110", "name": "Gj\u00f8vikbanen", "operator": "Bane NOR", "passenger_lines": "2", "railway": "rail", "usage": "main", "voltage": "15000", "length_km": 0.078, "maxspeed_kmh": 110.0}}, {"type": "Feature", "geometry": {"type": "LineString", "coordinates": [[10.8701248, 60.061829], [10.8701449, 60.0616805], [10.8701672, 60.061541], [10.8701906, 60.0613258], [10.8702134, 60.0611296], [10.8702291, 60.0609226], [10.8702378, 60.0607807], [10.8702327, 60.0606543], [10.8702112, 60.0605154], [10.8701876, 60.0604052], [10.8701532, 60.0602969], [10.8701109, 60.0601895], [10.870051, 60.0600706], [10.8699656, 60.0599329], [10.8699203, 60.0598656], [10.8698663, 60.0597961], [10.8697817, 60.0596963], [10.869674, 60.0595825], [10.8695326, 60.0594524], [10.8693966, 60.0593405], [10.8692685, 60.0592478], [10.8692008, 60.059201], [10.8691296, 60.0591558], [10.8689922, 60.0590704], [10.8688507, 60.0589908], [10.8687193, 60.0589208], [10.8685443, 60.0588365], [10.8683746, 60.0587619], [10.8682117, 60.058695], [10.8680051, 60.0586207], [10.8679321, 60.0585949], [10.8678328, 60.0585634], [10.8676772, 60.0585166], [10.86746, 60.0584584]]}, "properties": {"electrified": "contact_line", "frequency": "16.67", "gauge": "1435", "name": "Gj\u00f8vikbanen", "operator": "Bane NOR", "passenger_lines": "2", "railway": "rail", "usage": "main", "voltage": "15000", "length_km": 0.434}}, {"type": "Feature", "geometry": {"type": "LineString", "coordinates": [[10.8560971, 60.0614714], [10.8568756, 60.0605707], [10.8569753, 60.0604521], [10.8570912, 60.0603315], [10.8571863, 60.0602283], [10.8573142, 60.060091], [10.8574216, 60.0599918], [10.8575566, 60.0598717], [10.8576821, 60.0597717], [10.8578095, 60.0596782], [10.8579453, 60.0595832], [10.858089, 60.0594888], [10.8582145, 60.0594135], [10.8583362, 60.0593411]]}, "properties": {"electrified": "contact_line", "frequency": "16.67", "gauge": "1435", "name": "Gj\u00f8vikbanen", "operator": "Bane NOR", "passenger_lines": "2", "railway": "rail", "usage": "main", "voltage": "15000", "length_km": 0.27}}, {"type": "Feature", "geometry": {"type": "LineString", "coordinates": [[10.812911, 60.0376175], [10.8129563, 60.0376444], [10.813052, 60.0376972], [10.8131429, 60.0377431], [10.813456, 60.0379028], [10.8137839, 60.0380636], [10.8147849, 60.038551], [10.8156032, 60.0389518], [10.8158389, 60.0390673], [10.8167005, 60.0394912]]}, "properties": {"electrified": "contact_line", "frequency": "16.67", "gauge": "1435", "maxspeed": "80", "name": "Gj\u00f8vikbanen", "operator": "Bane NOR", "passenger_lines": "2", "railway": "rail", "usage": "main", "voltage": "15000", "length_km": 0.297, "maxspeed_kmh": 80.0}}, {"type": "Feature", "geometry": {"type": "LineString", "coordinates": [[10.8115612, 60.0359173], [10.8115684, 60.0359984], [10.8115839, 60.0361004], [10.8116056, 60.0361936], [10.8116345, 60.0362898], [10.8116706, 60.0363857], [10.8117229, 60.0365001]]}, "properties": {"electrified": "contact_line", "frequency": "16.67", "gauge": "1435", "maxspeed": "40", "name": "Gj\u00f8vikbanen", "operator": "Bane NOR", "passenger_lines": "1", "railway": "rail", "usage": "main", "voltage": "15000", "length_km": 0.066, "maxspeed_kmh": 40.0}}, {"type": "Feature", "geometry": {"type": "LineString", "coordinates": [[10.809714, 60.0257748], [10.8096785, 60.0259108], [10.8096506, 60.0260305], [10.809633, 60.0261544], [10.8096246, 60.0262644], [10.8096283, 60.0263883], [10.8096441, 60.026495], [10.8096683, 60.0266003], [10.8097045, 60.0267112], [10.8097472, 60.0268101], [10.8098197, 60.0269418], [10.8098893, 60.0270504], [10.8099905, 60.0271771], [10.8100871, 60.027281], [10.8101986, 60.0273905], [10.8103193, 60.0274954], [10.8104001, 60.0275599], [10.8105023, 60.0276304], [10.8106147, 60.0277018], [10.810766, 60.0277919], [10.810967, 60.0279058], [10.811432, 60.0281519], [10.8116355, 60.0282641], [10.8118365, 60.0283809], [10.8120217, 60.028497], [10.8122003, 60.0286178], [10.8124092, 60.0287772], [10.8125996, 60.0289399], [10.8127533, 60.0290889], [10.812907, 60.0292562], [10.8130291, 60.0294124], [10.8131092, 60.0295213], [10.8132095, 60.029676], [10.8132815, 60.0298096], [10.8133496, 60.0299598], [10.8134125, 60.0301273], [10.8134511, 60.0302705], [10.8134794, 60.0304034], [10.8134961, 60.030524], [10.8135025, 60.0306422], [10.8134986, 60.0307526], [10.8134858, 60.0308771], [10.8134614, 60.0309984], [10.8134241, 60.0311185], [10.813374, 60.0312392], [10.8133084, 60.0313727], [10.8132102, 60.0315352], [10.8131029, 60.0316922], [10.8125829, 60.0324151], [10.8123182, 60.0327684], [10.8122055, 60.0329345], [10.8120873, 60.0331115], [10.811982, 60.0332746], [10.8119136, 60.0334015], [10.8118548, 60.0335172], [10.8118085, 60.0336289], [10.8117726, 60.0337226], [10.8117443, 60.0338151], [10.8117173, 60.0339113], [10.811689, 60.0340333], [10.8116685, 60.0341429], [10.8116376, 60.0343566], [10.8116182, 60.0345592], [10.8115981, 60.0347834], [10.811571, 60.035196], [10.8115569, 60.0355946], [10.8115543, 60.0357673], [10.8115582, 60.0358841], [10.8115612, 60.0359173]]}, "properties": {"electrified": "contact_line", "frequency": "16.67", "gauge": "1435", "maxspeed": "80", "name": "Gj\u00f8vikbanen", "operator": "Bane NOR", "passenger_lines": "1", "railway": "rail", "usage": "main", "voltage": "15000", "length_km": 1.206, "maxspeed_kmh": 80.0}}, {"type": "Feature", "geometry": {"type": "LineString", "coordinates": [[10.8022792, 59.995543], [10.8021076, 59.9958944], [10.8020071, 59.9961037], [10.8019424, 59.9962465], [10.8018822, 59.9963824], [10.801829, 59.9965131], [10.8017426, 59.9967346], [10.801663, 59.996985], [10.8016177, 59.9971578], [10.8015711, 59.9973513], [10.8015299, 59.9975687], [10.8015094, 59.9977415], [10.8014874, 59.9979432], [10.8014792, 59.9981161], [10.8014751, 59.9982532], [10.8014778, 59.9983596], [10.8014847, 59.9984995], [10.8014929, 59.9986147], [10.8015011, 59.9987251], [10.8015306, 59.998976], [10.8016324, 59.9996864], [10.8017061, 60.0002121], [10.8017178, 60.0003353], [10.8017236, 60.0004789], [10.8017275, 60.0006069], [10.8017197, 60.0007398], [10.8017023, 60.0008688], [10.8016751, 60.0010152], [10.8016421, 60.0011423], [10.8015938, 60.0012843], [10.8015527, 60.0013858], [10.8014978, 60.0015003], [10.8014265, 60.0016361], [10.801351, 60.0017678], [10.8012729, 60.0018913], [10.8011745, 60.0020319], [10.8007731, 60.0025889], [10.8006283, 60.0028061], [10.8005362, 60.002952], [10.8004557, 60.0030922], [10.8003848, 60.0032328], [10.8003111, 60.0033948], [10.8002626, 60.0035247], [10.8002112, 60.0036751], [10.8001734, 60.0038249], [10.8001462, 60.0039461], [10.800123, 60.0040776], [10.8001074, 60.0042046], [10.8000953, 60.0043096], [10.8000914, 60.0044158], [10.8000905, 60.0045302], [10.8000963, 60.0046437], [10.8001041, 60.0047615], [10.8001235, 60.0049036], [10.8001429, 60.0050219], [10.8001661, 60.0051199], [10.8001991, 60.0052518], [10.8002466, 60.0054045], [10.8002951, 60.005532], [10.8003504, 60.0056683], [10.8004144, 60.0057992], [10.8005027, 60.0059612], [10.8005911, 60.0061062], [10.8006899, 60.0062589], [10.8008106, 60.0064184], [10.8009381, 60.0065754], [10.8010493, 60.0067067], [10.8011857, 60.0068542], [10.8013117, 60.0069795]]}, "properties": {"electrified": "contact_line", "frequency": "16.67", "gauge": "1435", "maxspeed": "100", "name": "Gj\u00f8vikbanen", "operator": "Bane NOR", "passenger_lines": "1", "railway": "rail", "usage": "main", "voltage": "15000", "length_km": 1.302, "maxspeed_kmh": 100.0}}, {"type": "Feature", "geometry": {"type": "LineString", "coordinates": [[10.7989072, 59.9846575], [10.79907, 59.9847376], [10.7992135, 59.9848002], [10.7993898, 59.9848679], [10.7995754, 59.9849335], [10.7997589, 59.9849905], [10.7999301, 59.9850392], [10.8001043, 59.9850833], [10.8002417, 59.9851166], [10.8004057, 59.9851484], [10.8005626, 59.9851776], [10.8006948, 59.9851997], [10.8008291, 59.9852197], [10.8009839, 59.9852392], [10.8011141, 59.9852546], [10.8012689, 59.9852684], [10.8016186, 59.9852967], [10.8020029, 59.9853222], [10.8023989, 59.9853524], [10.8027668, 59.985388], [10.8029483, 59.9854095], [10.8031092, 59.9854321], [10.8032787, 59.9854611], [10.8034323, 59.9854886], [10.8035693, 59.9855166], [10.8037497, 59.9855573], [10.8039066, 59.9855976], [10.8040768, 59.985645], [10.8042295, 59.985692], [10.8043715, 59.9857402], [10.8045222, 59.9857961], [10.8046775, 59.9858596], [10.8048221, 59.9859245], [10.8049615, 59.9859922], [10.8051004, 59.9860661], [10.8052003, 59.9861222], [10.8053116, 59.9861914], [10.8054228, 59.9862678], [10.8055121, 59.9863339], [10.8056136, 59.9864131], [10.8057151, 59.9865031], [10.8057997, 59.9865872], [10.8058781, 59.9866726], [10.8059345, 59.9867395], [10.8060078, 59.9868441], [10.8060739, 59.986949], [10.8061185, 59.9870356], [10.80616, 59.9871225], [10.8061877, 59.987203], [10.8062097, 59.9872877], [10.8062282, 59.9873782], [10.8062374, 59.9874489], [10.8062405, 59.9875179], [10.8062402, 59.9875883], [10.806234, 59.9876788], [10.8062238, 59.9877593], [10.8062033, 59.9878398], [10.8061797, 59.987926], [10.8061402, 59.988028], [10.8060854, 59.9881383], [10.8060259, 59.9882403], [10.8059531, 59.9883439], [10.8058896, 59.9884228], [10.8058169, 59.9885058], [10.8057317, 59.9885931], [10.8056384, 59.9886808], [10.8055215, 59.9887818], [10.8053585, 59.9889162], [10.805116, 59.9891091], [10.804626, 59.9894978], [10.8044215, 59.9896631], [10.8042892, 59.9897694], [10.8041836, 59.9898555], [10.8040934, 59.9899376], [10.8039909, 59.9900319], [10.8039069, 59.9901217], [10.8038187, 59.9902201], [10.8037562, 59.9902975], [10.8036895, 59.9903929], [10.8036342, 59.9904775], [10.8035931, 59.9905559], [10.8035491, 59.9906446], [10.8035101, 59.9907364], [10.8034766, 59.9908349], [10.8034561, 59.9909138], [10.8034418, 59.9909805], [10.8034295, 59.9910661], [10.8034223, 59.9911425], [10.8034202, 59.9912312], [10.8034243, 59.9913368], [10.8034346, 59.991423], [10.8034481, 59.9915286], [10.8034655, 59.9916366], [10.8035075, 59.9918411], [10.8035351, 59.9919922], [10.803542, 59.9920375]]}, "properties": {"electrified": "contact_line", "frequency": "16.67", "gauge": "1435", "maxspeed": "80", "name": "Gj\u00f8vikbanen", "operator": "Bane NOR", "passenger_lines": "1", "railway": "rail", "usage": "main", "voltage": "15000", "length_km": 1.107, "maxspeed_kmh": 80.0}}, {"type": "Feature", "geometry": {"type": "LineString", "coordinates": [[10.7886911, 59.9695409], [10.788637, 59.9701502]]}, "properties": {"electrified": "contact_line", "frequency": "16.67", "gauge": "1435", "maxspeed": "80", "name": "Gj\u00f8vikbanen", "operator": "Bane NOR", "passenger_lines": "1", "railway": "rail", "usage": "main", "voltage": "15000", "length_km": 0.068, "maxspeed_kmh": 80.0}}, {"type": "Feature", "geometry": {"type": "LineString", "coordinates": [[10.7864012, 59.9671306], [10.7865477, 59.9671746]]}, "properties": {"electrified": "contact_line", "frequency": "16.67", "gauge": "1435", "maxspeed": "95", "name": "Gj\u00f8vikbanen", "operator": "Bane NOR", "passenger_lines": "1", "railway": "rail", "usage": "main", "voltage": "15000", "length_km": 0.01, "maxspeed_kmh": 95.0}}, {"type": "Feature", "geometry": {"type": "LineString", "coordinates": [[10.7690402, 59.9593966], [10.7696633, 59.9595876], [10.769897, 59.9596615], [10.7701704, 59.9597517], [10.7704375, 59.9598489], [10.7706792, 59.9599466], [10.7709432, 59.9600635], [10.7712082, 59.9601991], [10.7714051, 59.9603078], [10.7716406, 59.9604477], [10.7718146, 59.9605638], [10.7721428, 59.9607888], [10.7728501, 59.9612892], [10.773041, 59.9614123], [10.7740307, 59.9621035], [10.7751751, 59.9629016], [10.7755264, 59.9631464], [10.7759545, 59.9634398], [10.776205, 59.9636011], [10.7765492, 59.9638124], [10.776879, 59.9639991], [10.7771989, 59.9641708], [10.7774774, 59.9643084], [10.7777291, 59.9644258], [10.7779517, 59.9645263], [10.7781706, 59.9646237], [10.7784138, 59.9647229], [10.7786948, 59.9648331], [10.7789611, 59.9649341], [10.7792445, 59.9650334], [10.7795558, 59.9651399], [10.7800475, 59.9652951]]}, "properties": {"electrified": "contact_line", "frequency": "16.67", "gauge": "1435", "maxspeed": "95", "name": "Gj\u00f8vikbanen", "operator": "Bane NOR", "passenger_lines": "1", "railway": "rail", "usage": "main", "voltage": "15000", "length_km": 0.91, "maxspeed_kmh": 95.0}}, {"type": "Feature", "geometry": {"type": "LineString", "coordinates": [[10.7783599, 59.9456882], [10.7782372, 59.9459574], [10.7779273, 59.9466328]]}, "properties": {"electrified": "contact_line", "frequency": "16.67", "gauge": "1435", "maxspeed": "75", "name": "Gj\u00f8vikbanen", "operator": "Bane NOR", "passenger_lines": "1", "railway": "rail", "usage": "main", "voltage": "15000", "length_km": 0.108, "maxspeed_kmh": 75.0}}, {"type": "Feature", "geometry": {"type": "LineString", "coordinates": [[10.779342, 59.9435433], [10.7793832, 59.9434324], [10.7793979, 59.9433811], [10.7794131, 59.9433219], [10.7794293, 59.9432481], [10.7794464, 59.9431654], [10.7794661, 59.9430954], [10.7794899, 59.9430259]]}, "properties": {"electrified": "contact_line", "frequency": "16.67", "gauge": "1435", "maxspeed": "40", "name": "Gj\u00f8vikbanen", "passenger_lines": "3", "railway": "rail", "service": "crossover", "voltage": "15000", "length_km": 0.058, "maxspeed_kmh": 40.0}}, {"type": "Feature", "geometry": {"type": "LineString", "coordinates": [[10.7829043, 59.9357463], [10.783095, 59.9353254], [10.783334, 59.9348011], [10.783581, 59.9342583], [10.7838862, 59.9335924]]}, "properties": {"electrified": "contact_line", "frequency": "16.67", "gauge": "1435", "maxspeed": "100", "name": "Gj\u00f8vikbanen", "operator": "Bane NOR", "passenger_lines": "2", "railway": "rail", "usage": "main", "voltage": "15000", "length_km": 0.246, "maxspeed_kmh": 100.0}}, {"type": "Feature", "geometry": {"type": "LineString", "coordinates": [[10.7839466, 59.9336279], [10.7836586, 59.9342665], [10.7834079, 59.9348094], [10.7831758, 59.935338], [10.7829899, 59.935753]]}, "properties": {"electrified": "contact_line", "frequency": "16.67", "gauge": "1435", "maxspeed": "100", "name": "Gj\u00f8vikbanen", "operator": "Bane NOR", "passenger_lines": "2", "railway": "rail", "usage": "main", "voltage": "15000", "length_km": 0.243, "maxspeed_kmh": 100.0}}, {"type": "Feature", "geometry": {"type": "LineString", "coordinates": [[10.782202, 59.9247011], [10.7821126, 59.9245876], [10.782041, 59.9244993], [10.7819528, 59.9243999], [10.7818537, 59.9242928], [10.7817248, 59.9241603], [10.7816029, 59.9240407], [10.7814736, 59.9239158], [10.7810904, 59.9235576]]}, "properties": {"electrified": "contact_line", "frequency": "16.67", "gauge": "1435", "maxspeed": "100", "name": "Gj\u00f8vikbanen", "operator": "Bane NOR", "passenger_lines": "2", "railway": "rail", "usage": "main", "voltage": "15000", "length_km": 0.142, "maxspeed_kmh": 100.0}}, {"type": "Feature", "geometry": {"type": "LineString", "coordinates": [[10.7811625, 59.9235438], [10.7815425, 59.9239005], [10.7816758, 59.9240253], [10.7817981, 59.9241429], [10.781927, 59.9242748], [10.7820306, 59.9243842], [10.7821165, 59.924483], [10.7821925, 59.9245757], [10.7822917, 59.9247007]]}, "properties": {"electrified": "contact_line", "frequency": "16.67", "gauge": "1435", "maxspeed": "100", "name": "Gj\u00f8vikbanen", "operator": "Bane NOR", "passenger_lines": "2", "railway": "rail", "usage": "main", "voltage": "15000", "length_km": 0.144, "maxspeed_kmh": 100.0}}, {"type": "Feature", "geometry": {"type": "LineString", "coordinates": [[10.7808503, 59.9199975], [10.7807228, 59.920495], [10.7805952, 59.9209682], [10.7804764, 59.9214495]]}, "properties": {"electrified": "contact_line", "frequency": "16.67", "gauge": "1435", "maxspeed": "100", "name": "Gj\u00f8vikbanen", "operator": "Bane NOR", "passenger_lines": "2", "railway": "rail", "usage": "main", "voltage": "15000", "length_km": 0.163, "maxspeed_kmh": 100.0}}, {"type": "Feature", "geometry": {"type": "LineString", "coordinates": [[10.7804003, 59.9214444], [10.7805201, 59.9209656], [10.7806459, 59.9204899], [10.7807709, 59.9199949]]}, "properties": {"electrified": "contact_line", "frequency": "16.67", "gauge": "1435", "maxspeed": "100", "name": "Gj\u00f8vikbanen", "operator": "Bane NOR", "passenger_lines": "2", "railway": "rail", "usage": "main", "voltage": "15000", "length_km": 0.163, "maxspeed_kmh": 100.0}}, {"type": "Feature", "geometry": {"type": "LineString", "coordinates": [[10.6138768, 60.7246985], [10.6138947, 60.7248068], [10.6139393, 60.7250225], [10.6139808, 60.7251946], [10.6140328, 60.7253697], [10.6140839, 60.725522], [10.6141466, 60.7257008], [10.614225, 60.72588], [10.6143379, 60.7261276], [10.6144431, 60.7263277], [10.6146201, 60.7266194], [10.6148019, 60.7268824], [10.6150339, 60.7271804], [10.6152762, 60.7274576], [10.6154703, 60.7276609], [10.6157001, 60.7278852], [10.6161444, 60.7282963], [10.6163156, 60.7284517], [10.6164718, 60.7286014], [10.616593, 60.7287236], [10.616711, 60.7288535], [10.6168056, 60.7289683], [10.6168821, 60.7290723], [10.6169574, 60.7291841]]}, "properties": {"electrified": "contact_line", "frequency": "16.67", "gauge": "1435", "maxspeed": "100", "name": "Gj\u00f8vikbanen", "operator": "Bane NOR", "passenger_lines": "1", "railway": "rail", "usage": "main", "voltage": "15000", "length_km": 0.532, "maxspeed_kmh": 100.0}}, {"type": "Feature", "geometry": {"type": "LineString", "coordinates": [[10.5963357, 60.629021], [10.5964206, 60.6291388], [10.5964382, 60.6291632], [10.5966184, 60.6294016], [10.5968094, 60.6296557], [10.5968777, 60.6297462], [10.5974031, 60.6304641]]}, "properties": {"electrified": "contact_line", "frequency": "16.67", "gauge": "1435", "maxspeed": "80", "name": "Gj\u00f8vikbanen", "operator": "Bane NOR", "passenger_lines": "3", "railway": "rail", "usage": "main", "voltage": "15000", "length_km": 0.171, "maxspeed_kmh": 80.0}}, {"type": "Feature", "geometry": {"type": "LineString", "coordinates": [[10.5542777, 60.3939527], [10.5544768, 60.3938427], [10.5553378, 60.3933614], [10.5560178, 60.3929834]]}, "properties": {"electrified": "contact_line", "frequency": "16.67", "gauge": "1435", "maxspeed": "100", "name": "Gj\u00f8vikbanen", "operator": "Bane NOR", "passenger_lines": "3", "railway": "rail", "usage": "main", "voltage": "15000", "length_km": 0.145, "maxspeed_kmh": 100.0}}, {"type": "Feature", "geometry": {"type": "LineString", "coordinates": [[10.5699407, 60.3555859], [10.5699638, 60.3557956], [10.5699811, 60.3560506], [10.5699829, 60.3562568], [10.5699697, 60.356511], [10.5699437, 60.3567489], [10.5699289, 60.3568514], [10.5698931, 60.3571003], [10.5698509, 60.3573984], [10.5697832, 60.3578527], [10.5697565, 60.358044], [10.5696536, 60.3587236], [10.5695883, 60.3591673]]}, "properties": {"electrified": "contact_line", "frequency": "16.67", "gauge": "1435", "maxspeed": "80", "name": "Gj\u00f8vikbanen", "operator": "Bane NOR", "passenger_lines": "1", "railway": "rail", "usage": "main", "voltage": "15000", "length_km": 0.4, "maxspeed_kmh": 80.0}}, {"type": "Feature", "geometry": {"type": "LineString", "coordinates": [[10.7855903, 59.9669377], [10.7854801, 59.9669105], [10.7852294, 59.966838], [10.7831465, 59.9662393], [10.7824305, 59.966034], [10.7816644, 59.9658125], [10.7813786, 59.9657322], [10.7812886, 59.9657038]]}, "properties": {"electrified": "contact_line", "frequency": "16.67", "gauge": "1435", "maxspeed": "40", "name": "Gj\u00f8vikbanen", "operator": "Bane NOR", "passenger_lines": "2", "railway": "rail", "usage": "main", "voltage": "15000", "length_km": 0.277, "maxspeed_kmh": 40.0}}, {"type": "Feature", "geometry": {"type": "LineString", "coordinates": [[10.7865477, 59.9671746], [10.7867808, 59.9672503], [10.786955, 59.9673128], [10.7870024, 59.9673312]]}, "properties": {"electrified": "contact_line", "frequency": "16.67", "gauge": "1435", "maxspeed": "60", "name": "Gj\u00f8vikbanen", "operator": "Bane NOR", "passenger_lines": "1", "railway": "rail", "usage": "main", "voltage": "15000", "length_km": 0.031, "maxspeed_kmh": 60.0}}, {"type": "Feature", "geometry": {"type": "LineString", "coordinates": [[10.8013117, 60.0069795], [10.8014571, 60.0071173], [10.8015726, 60.007215], [10.8016676, 60.0072945], [10.8017801, 60.0073861], [10.8019043, 60.0074787], [10.8020362, 60.0075742], [10.8021342, 60.0076416], [10.8022234, 60.0077008], [10.8023175, 60.0077624], [10.8024281, 60.0078312], [10.8025784, 60.0079214], [10.8027326, 60.0080111], [10.802915, 60.0081134], [10.8033064, 60.0083224], [10.8036628, 60.008512], [10.803917, 60.0086492], [10.804241, 60.0088293], [10.8045604, 60.009016], [10.8047316, 60.0091242], [10.8049149, 60.0092406], [10.8050681, 60.0093429], [10.8053504, 60.0095363], [10.8055672, 60.009692], [10.8058669, 60.0099205], [10.8060404, 60.0100631], [10.8061872, 60.0101924], [10.8063312, 60.0103295], [10.8064464, 60.0104505], [10.8065569, 60.0105801], [10.806657, 60.0107152], [10.80674, 60.0108376], [10.8068189, 60.0109678], [10.8068861, 60.0111043], [10.8069581, 60.0112664], [10.8070157, 60.0114104], [10.8070878, 60.0116087], [10.8071446, 60.0117718], [10.8072144, 60.0119768], [10.807225, 60.0120056]]}, "properties": {"electrified": "contact_line", "frequency": "16.67", "gauge": "1435", "maxspeed": "100", "name": "Gj\u00f8vikbanen", "operator": "Bane NOR", "passenger_lines": "1", "railway": "rail", "usage": "main", "voltage": "15000", "length_km": 0.663, "maxspeed_kmh": 100.0}}, {"type": "Feature", "geometry": {"type": "LineString", "coordinates": [[10.8669242, 60.0583432], [10.8668015, 60.0583221], [10.8666909, 60.0583047], [10.8665433, 60.058284], [10.8663945, 60.0582662], [10.8662639, 60.0582515], [10.8661571, 60.0582411], [10.8660364, 60.0582315], [10.8658178, 60.0582162], [10.8656122, 60.058204]]}, "properties": {"electrified": "contact_line", "frequency": "16.67", "gauge": "1435", "name": "Gj\u00f8vikbanen", "operator": "Bane NOR", "passenger_lines": "2", "railway": "rail", "usage": "main", "voltage": "15000", "length_km": 0.075}}, {"type": "Feature", "geometry": {"type": "LineString", "coordinates": [[10.6174108, 60.6714994], [10.6177475, 60.6716541], [10.6179594, 60.6717525], [10.6181364, 60.6718392], [10.6182916, 60.6719206], [10.6184328, 60.671999], [10.6185582, 60.672075], [10.6187302, 60.6721861], [10.6188635, 60.6722821], [10.6189829, 60.6723756], [10.6190873, 60.6724672], [10.6191888, 60.6725651], [10.6192873, 60.672666], [10.6193698, 60.6727649], [10.6194613, 60.6728896], [10.6195349, 60.6729992], [10.6195966, 60.6731123], [10.6196453, 60.6732228], [10.6196851, 60.6733295], [10.619715, 60.6734406], [10.6197369, 60.6735609], [10.6197478, 60.6736662], [10.6197558, 60.6737821], [10.6197478, 60.6738947], [10.6197309, 60.6739931], [10.619706, 60.6741051], [10.6196903, 60.6741942]]}, "properties": {"electrified": "contact_line", "frequency": "16.67", "gauge": "1435", "maxspeed": "85", "name": "Gj\u00f8vikbanen", "operator": "Bane NOR", "passenger_lines": "1", "railway": "rail", "usage": "main", "voltage": "15000", "length_km": 0.341, "maxspeed_kmh": 85.0}}, {"type": "Feature", "geometry": {"type": "LineString", "coordinates": [[10.6196903, 60.6741942], [10.6196384, 60.6743385], [10.6195797, 60.6745051], [10.619518, 60.6746576], [10.6194305, 60.6748617], [10.619335, 60.6750658], [10.6191987, 60.6753274], [10.6190406, 60.6756046], [10.6188913, 60.6758423], [10.6187629, 60.6760362], [10.6185929, 60.6762647], [10.6184596, 60.6764361], [10.6183514, 60.6765711]]}, "properties": {"electrified": "contact_line", "frequency": "16.67", "gauge": "1435", "maxspeed": "100", "name": "Gj\u00f8vikbanen", "operator": "Bane NOR", "passenger_lines": "1", "railway": "rail", "usage": "main", "voltage": "15000", "length_km": 0.275, "maxspeed_kmh": 100.0}}, {"type": "Feature", "geometry": {"type": "LineString", "coordinates": [[10.609119, 60.6909919], [10.6089493, 60.6912205], [10.6087284, 60.6915276], [10.6085329, 60.6918127], [10.6083627, 60.6920661], [10.6082094, 60.6922968], [10.6080532, 60.6925412], [10.6079238, 60.6927498], [10.6077761, 60.6929991], [10.6076748, 60.6931953], [10.6076186, 60.6933275], [10.6075707, 60.6934646], [10.6075285, 60.693603], [10.6074962, 60.6937414], [10.6074765, 60.6938742], [10.6074652, 60.6940071], [10.6074695, 60.6941276], [10.6074737, 60.6942454], [10.6074849, 60.6943528], [10.6075074, 60.6944726], [10.6075384, 60.6945944], [10.607575, 60.6947128], [10.6076277, 60.6948608], [10.6076963, 60.6950015], [10.607756, 60.695111], [10.6078346, 60.6952434], [10.6079301, 60.6953768], [10.6080179, 60.6954884]]}, "properties": {"electrified": "contact_line", "frequency": "16.67", "gauge": "1435", "maxspeed": "100", "name": "Gj\u00f8vikbanen", "operator": "Bane NOR", "passenger_lines": "1", "railway": "rail", "usage": "main", "voltage": "15000", "length_km": 0.518, "maxspeed_kmh": 100.0}}, {"type": "Feature", "geometry": {"type": "LineString", "coordinates": [[10.6080179, 60.6954884], [10.6081857, 60.6956816], [10.6083096, 60.6958162], [10.6087154, 60.6962342], [10.6088101, 60.6963371], [10.6088995, 60.6964432], [10.6089754, 60.6965385], [10.6090366, 60.6966256], [10.6091041, 60.6967261], [10.6091751, 60.6968551], [10.6092279, 60.6969732], [10.6092659, 60.6970737], [10.6092916, 60.6971742], [10.6093113, 60.6972699], [10.6093225, 60.6973855], [10.6093296, 60.6974888], [10.6093225, 60.6976052], [10.6093071, 60.6977119], [10.609289, 60.6978102], [10.6092637, 60.6979045], [10.6092299, 60.6979947], [10.609182, 60.6981049], [10.6091227, 60.698214], [10.6090538, 60.6983256], [10.6089802, 60.6984338], [10.6088775, 60.6985625], [10.6087833, 60.6986706], [10.6086603, 60.6988085], [10.6084823, 60.699005]]}, "properties": {"electrified": "contact_line", "frequency": "16.67", "gauge": "1435", "maxspeed": "85", "name": "Gj\u00f8vikbanen", "operator": "Bane NOR", "passenger_lines": "1", "railway": "rail", "usage": "main", "voltage": "15000", "length_km": 0.413, "maxspeed_kmh": 85.0}}, {"type": "Feature", "geometry": {"type": "LineString", "coordinates": [[10.6136276, 60.7221314], [10.6136984, 60.7229221], [10.6137043, 60.7229844]]}, "properties": {"electrified": "contact_line", "frequency": "16.67", "gauge": "1435", "maxspeed": "110", "name": "Gj\u00f8vikbanen", "operator": "Bane NOR", "passenger_lines": "1", "railway": "rail", "usage": "main", "voltage": "15000", "length_km": 0.095, "maxspeed_kmh": 110.0}}, {"type": "Feature", "geometry": {"type": "LineString", "coordinates": [[10.6137043, 60.7229844], [10.6137878, 60.72386], [10.6138314, 60.7243005], [10.613839, 60.7243749], [10.6138663, 60.7246263], [10.6138768, 60.7246985]]}, "properties": {"electrified": "contact_line", "frequency": "16.67", "gauge": "1435", "maxspeed": "90", "name": "Gj\u00f8vikbanen", "operator": "Bane NOR", "passenger_lines": "1", "railway": "rail", "usage": "main", "voltage": "15000", "length_km": 0.191, "maxspeed_kmh": 90.0}}, {"type": "Feature", "geometry": {"type": "LineString", "coordinates": [[10.6182956, 60.736379], [10.6183122, 60.7365017], [10.6183378, 60.7366601], [10.6183676, 60.736788], [10.6184003, 60.7369013], [10.6184373, 60.7370045], [10.6184849, 60.7370993], [10.6185532, 60.7372196], [10.6186342, 60.7373408], [10.618733, 60.7374666], [10.6188368, 60.7375782], [10.6189484, 60.7376862], [10.6191197, 60.7378374], [10.6192711, 60.7379635], [10.6195604, 60.7381963], [10.6197481, 60.7383513], [10.6198597, 60.7384475], [10.6199642, 60.7385394], [10.6200557, 60.7386283], [10.6201161, 60.7386872]]}, "properties": {"electrified": "contact_line", "frequency": "16.67", "gauge": "1435", "maxspeed": "85", "name": "Gj\u00f8vikbanen", "operator": "Bane NOR", "passenger_lines": "1", "railway": "rail", "usage": "main", "voltage": "15000", "length_km": 0.28, "maxspeed_kmh": 85.0}}, {"type": "Feature", "geometry": {"type": "LineString", "coordinates": [[10.6170232, 60.7292946], [10.6170921, 60.7294225], [10.6171474, 60.7295474], [10.6171914, 60.729664], [10.6172247, 60.7297738], [10.6172508, 60.7298948], [10.6172735, 60.7300265], [10.6172858, 60.7301578], [10.6172866, 60.7302926], [10.6172792, 60.730406], [10.6172646, 60.730531], [10.6172402, 60.7306487], [10.6172052, 60.7307931], [10.6171645, 60.7309316], [10.6171173, 60.7310752], [10.6170623, 60.731243], [10.6170102, 60.7314148], [10.6169679, 60.7315899], [10.6169426, 60.7317076], [10.6169269, 60.7318394], [10.6169147, 60.732001], [10.6169161, 60.732185], [10.6169331, 60.732349], [10.6169573, 60.7324908], [10.6169886, 60.7326284], [10.6170483, 60.7328126], [10.6171279, 60.7330009], [10.6172189, 60.7331983], [10.6173483, 60.7334479], [10.6175359, 60.7338141], [10.617644, 60.7340421], [10.6177478, 60.7342819], [10.6178487, 60.7345349], [10.6179425, 60.7347816], [10.6180264, 60.7350401], [10.6180819, 60.7352438], [10.6181302, 60.7354272], [10.6181771, 60.7356316], [10.6182226, 60.7358755], [10.6182596, 60.7361125], [10.6182956, 60.736379]]}, "properties": {"electrified": "contact_line", "frequency": "16.67", "gauge": "1435", "maxspeed": "100", "name": "Gj\u00f8vikbanen", "operator": "Bane NOR", "passenger_lines": "1", "railway": "rail", "usage": "main", "voltage": "15000", "length_km": 0.799, "maxspeed_kmh": 100.0}}, {"type": "Feature", "geometry": {"type": "LineString", "coordinates": [[10.6243082, 60.7493096], [10.6243294, 60.7494303], [10.6243585, 60.7495472], [10.6243957, 60.7496538], [10.624443, 60.7497682], [10.6244912, 60.7498714], [10.6245566, 60.7499957], [10.6246611, 60.7501583], [10.6247908, 60.7503297], [10.6249436, 60.750507], [10.6249684, 60.7505324], [10.6251497, 60.7507182], [10.6254302, 60.7509795], [10.6256332, 60.751152], [10.6259502, 60.7514057], [10.626241, 60.7516268], [10.6264654, 60.7517904], [10.6266922, 60.7519444]]}, "properties": {"electrified": "contact_line", "frequency": "16.67", "gauge": "1435", "maxspeed": "75", "name": "Gj\u00f8vikbanen", "operator": "Bane NOR", "passenger_lines": "1", "railway": "rail", "usage": "main", "voltage": "15000", "length_km": 0.325, "maxspeed_kmh": 75.0}}, {"type": "Feature", "geometry": {"type": "LineString", "coordinates": [[10.6319, 60.7574811], [10.6320248, 60.7575367], [10.6322798, 60.7576463], [10.6327705, 60.7578611], [10.6330169, 60.7579763], [10.6332326, 60.7580789], [10.6334099, 60.7581725], [10.6335739, 60.7582667], [10.6336985, 60.7583416], [10.6338202, 60.7584273], [10.6339267, 60.758506], [10.6340331, 60.7585907], [10.634128, 60.7586727], [10.6342114, 60.7587518]]}, "properties": {"electrified": "contact_line", "frequency": "16.67", "gauge": "1435", "maxspeed": "80", "name": "Gj\u00f8vikbanen", "operator": "Bane NOR", "passenger_lines": "1", "railway": "rail", "usage": "main", "voltage": "15000", "length_km": 0.191, "maxspeed_kmh": 80.0}}, {"type": "Feature", "geometry": {"type": "LineString", "coordinates": [[10.6360717, 60.7665906], [10.6360424, 60.7668769], [10.6360303, 60.7669967], [10.6360326, 60.7671243], [10.6360426, 60.7672284], [10.6360567, 60.7673281], [10.6360897, 60.767445], [10.6361418, 60.767575], [10.6362238, 60.7677271], [10.636332, 60.7678811], [10.6364692, 60.768036], [10.6366144, 60.7681744], [10.6367966, 60.7683162], [10.6369233, 60.7684063]]}, "properties": {"electrified": "contact_line", "frequency": "16.67", "gauge": "1435", "maxspeed": "80", "name": "Gj\u00f8vikbanen", "operator": "Bane NOR", "passenger_lines": "1", "railway": "rail", "usage": "main", "voltage": "15000", "length_km": 0.213, "maxspeed_kmh": 80.0}}, {"type": "Feature", "geometry": {"type": "LineString", "coordinates": [[10.6936987, 60.780675], [10.6938577, 60.7809643], [10.6940574, 60.7813049], [10.6942671, 60.7816385], [10.6944604, 60.7819394], [10.6946866, 60.7822667], [10.6948236, 60.782458], [10.6950928, 60.7828211], [10.6953062, 60.7830979], [10.6955898, 60.7834563], [10.6957806, 60.7836963], [10.6958276, 60.7837553], [10.6967955, 60.7849877], [10.6969187, 60.785154], [10.6970361, 60.7853225], [10.6971247, 60.7854568], [10.6971786, 60.7855507]]}, "properties": {"electrified": "contact_line", "frequency": "16.67", "gauge": "1435", "maxspeed": "90", "name": "Gj\u00f8vikbanen", "operator": "Bane NOR", "passenger_lines": "1", "railway": "rail", "usage": "main", "voltage": "15000", "length_km": 0.576, "maxspeed_kmh": 90.0}}, {"type": "Feature", "geometry": {"type": "LineString", "coordinates": [[10.5167297, 60.4449739], [10.5166641, 60.4450848], [10.5165795, 60.4452344], [10.5165163, 60.4453635], [10.5164609, 60.4454888], [10.5164117, 60.4456209], [10.5163686, 60.4457393], [10.5163209, 60.4459154], [10.516287, 60.4460969], [10.5162747, 60.4462495], [10.5162685, 60.4463938], [10.5162762, 60.4465426], [10.5162885, 60.4466693], [10.5163008, 60.4467718], [10.516327, 60.4468986], [10.516364, 60.4470269], [10.5164086, 60.4471674], [10.5164779, 60.4473466], [10.5165251, 60.447466]]}, "properties": {"electrified": "contact_line", "frequency": "16.67", "gauge": "1435", "maxspeed": "95", "name": "Gj\u00f8vikbanen", "operator": "Bane NOR", "passenger_lines": "1", "railway": "rail", "usage": "main", "voltage": "15000", "length_km": 0.281, "maxspeed_kmh": 95.0}}, {"type": "Feature", "geometry": {"type": "LineString", "coordinates": [[10.5095462, 60.4529106], [10.5095326, 60.4537343], [10.5094965, 60.4552491], [10.5094868, 60.4554068], [10.5094707, 60.4555677], [10.5094514, 60.4557072], [10.5094306, 60.4558293], [10.5094016, 60.4559474], [10.5093614, 60.456071], [10.509306, 60.4562038], [10.5092336, 60.4563726], [10.5091525, 60.4565308], [10.5090536, 60.4566881], [10.5089539, 60.4568323], [10.5088671, 60.4569449], [10.5087458, 60.4570907], [10.5085971, 60.4572631], [10.5085219, 60.4573451]]}, "properties": {"electrified": "contact_line", "frequency": "16.67", "gauge": "1435", "maxspeed": "95", "name": "Gj\u00f8vikbanen", "operator": "Bane NOR", "passenger_lines": "1", "railway": "rail", "usage": "main", "voltage": "15000", "length_km": 0.502, "maxspeed_kmh": 95.0}}, {"type": "Feature", "geometry": {"type": "LineString", "coordinates": [[10.5104561, 60.4513375], [10.5103182, 60.4514352], [10.5102, 60.4515322], [10.5101067, 60.4516152], [10.5100147, 60.4517026], [10.5099317, 60.4517934], [10.5098635, 60.4518797], [10.5098067, 60.4519627], [10.5097498, 60.4520507], [10.5097044, 60.4521348], [10.5096726, 60.4522105], [10.5096464, 60.452276], [10.5096225, 60.4523467], [10.5095975, 60.4524319], [10.5095839, 60.4525126], [10.5095714, 60.4526112], [10.5095578, 60.45272], [10.5095462, 60.4529106]]}, "properties": {"electrified": "contact_line", "frequency": "16.67", "gauge": "1435", "maxspeed": "75", "name": "Gj\u00f8vikbanen", "operator": "Bane NOR", "passenger_lines": "1", "railway": "rail", "usage": "main", "voltage": "15000", "length_km": 0.186, "maxspeed_kmh": 75.0}}, {"type": "Feature", "geometry": {"type": "LineString", "coordinates": [[10.5085219, 60.4573451], [10.5082274, 60.4576808], [10.5080029, 60.4579485], [10.5078728, 60.4581083], [10.5077334, 60.4582979], [10.5075858, 60.4585047], [10.5074569, 60.4586903], [10.5073233, 60.4589022], [10.5062352, 60.4606438], [10.5052756, 60.4621813], [10.5050339, 60.4625508], [10.5049147, 60.4627133], [10.5047972, 60.4628763], [10.5046899, 60.4630156], [10.50454, 60.463193], [10.5043917, 60.4633592], [10.5042777, 60.4634838], [10.5041317, 60.4636348], [10.503905, 60.4638537], [10.503677, 60.4640614], [10.5034598, 60.4642505], [10.5030039, 60.4646501], [10.5028378, 60.4648081], [10.5026751, 60.4649685], [10.5025588, 60.4650902], [10.5023939, 60.4652761], [10.5022953, 60.4653908], [10.5021814, 60.4655382], [10.502084, 60.465667], [10.5019831, 60.4658091], [10.5018739, 60.4659759], [10.5017849, 60.4661187], [10.5016246, 60.4663867], [10.5015104, 60.4665809], [10.5014183, 60.4667465], [10.5013478, 60.4668949], [10.5012516, 60.467078], [10.501159, 60.4672729], [10.5010807, 60.4674408], [10.5009774, 60.467669], [10.5008836, 60.467892], [10.5007776, 60.4681467], [10.5005668, 60.4687243], [10.500419, 60.4691854], [10.5003101, 60.4695778], [10.5002544, 60.4697921], [10.5001988, 60.4700409], [10.5001271, 60.4703796], [10.5000707, 60.4707067], [10.5000357, 60.4709682], [10.5000034, 60.4712176], [10.4999788, 60.4714606], [10.4999594, 60.4716832], [10.4999464, 60.4719173], [10.4999296, 60.4721979], [10.499918, 60.4724517], [10.4999102, 60.4725793], [10.4998986, 60.4727036], [10.4998856, 60.4728605], [10.4998662, 60.473064], [10.4998416, 60.4732374], [10.4998132, 60.4734058], [10.4997899, 60.4735346], [10.4997601, 60.4736743], [10.499729, 60.4738171], [10.4996605, 60.4740805], [10.4995906, 60.474312], [10.499247, 60.4753273], [10.4991137, 60.4757392], [10.499049, 60.475963], [10.4989921, 60.4761665], [10.4989365, 60.4763916], [10.498886, 60.4766237], [10.4988407, 60.4768596], [10.4988006, 60.477123], [10.4987618, 60.4774335], [10.4987204, 60.4779602], [10.4987113, 60.4782567], [10.4987115, 60.4785348], [10.4987218, 60.4788415], [10.4987309, 60.4791341], [10.4987451, 60.4796117], [10.4987438, 60.4798566], [10.4987322, 60.4800612], [10.498718, 60.4802098], [10.4987011, 60.4803469], [10.4986791, 60.480475], [10.4986559, 60.4806064], [10.4986274, 60.4807422], [10.4985937, 60.4808627], [10.4985549, 60.4810049], [10.4984928, 60.4811984]]}, "properties": {"electrified": "contact_line", "frequency": "16.67", "gauge": "1435", "maxspeed": "110", "name": "Gj\u00f8vikbanen", "operator": "Bane NOR", "passenger_lines": "1", "railway": "rail", "usage": "main", "voltage": "15000", "length_km": 2.744, "maxspeed_kmh": 110.0}}, {"type": "Feature", "geometry": {"type": "LineString", "coordinates": [[10.5133675, 60.5036295], [10.5134, 60.5037257], [10.5134844, 60.5039685], [10.5135341, 60.5040878], [10.5135962, 60.5042259], [10.5136645, 60.5043594], [10.5137266, 60.5044675], [10.5137898, 60.5045674], [10.513855, 60.5046652], [10.5139316, 60.5047682], [10.5140154, 60.5048722], [10.5141117, 60.5049823], [10.5142101, 60.5050883], [10.514325, 60.505204], [10.5144533, 60.5053314], [10.5146086, 60.5054726], [10.5147856, 60.5056382], [10.5149947, 60.5058314], [10.5166828, 60.5073962], [10.5186341, 60.5092075], [10.5191075, 60.5096543], [10.5193453, 60.5098673], [10.5196999, 60.5101885], [10.519866, 60.5103291], [10.5200605, 60.5104934], [10.5202849, 60.510676], [10.5204794, 60.5108248], [10.5206948, 60.5109853], [10.5209462, 60.5111665], [10.5212739, 60.5113919], [10.5215274, 60.511555]]}, "properties": {"electrified": "contact_line", "frequency": "16.67", "gauge": "1435", "maxspeed": "100", "name": "Gj\u00f8vikbanen", "operator": "Bane NOR", "passenger_lines": "1", "railway": "rail", "usage": "main", "voltage": "15000", "length_km": 0.996, "maxspeed_kmh": 100.0}}, {"type": "Feature", "geometry": {"type": "LineString", "coordinates": [[10.5295023, 60.5149339], [10.5297148, 60.5150456], [10.5298492, 60.515121], [10.530022, 60.5152313], [10.5301567, 60.5153255], [10.5302848, 60.5154243], [10.530393, 60.5155172], [10.530496, 60.5156147], [10.5305924, 60.5157141], [10.5307033, 60.5158422], [10.5307852, 60.5159585], [10.5308684, 60.5160943], [10.5309464, 60.5162436]]}, "properties": {"electrified": "contact_line", "frequency": "16.67", "gauge": "1435", "maxspeed": "80", "name": "Gj\u00f8vikbanen", "operator": "Bane NOR", "passenger_lines": "1", "railway": "rail", "usage": "main", "voltage": "15000", "length_km": 0.168, "maxspeed_kmh": 80.0}}, {"type": "Feature", "geometry": {"type": "LineString", "coordinates": [[10.5309464, 60.5162436], [10.5310057, 60.5163829], [10.5310784, 60.5165625], [10.5316527, 60.5180607], [10.5323463, 60.5198643], [10.5324612, 60.5201225], [10.5325509, 60.5203118], [10.5326293, 60.5204758], [10.5327124, 60.5206435], [10.532803, 60.5208236], [10.5328898, 60.5209817], [10.5329654, 60.5211264], [10.5330569, 60.5212927], [10.5331568, 60.5214678], [10.5332642, 60.521647], [10.5333706, 60.5218284], [10.5334789, 60.5220095], [10.5335975, 60.5221974], [10.533731, 60.5224037], [10.5338449, 60.5225815], [10.5339653, 60.5227593], [10.5340708, 60.5229109], [10.5341651, 60.5230446], [10.534294, 60.5232191], [10.5344107, 60.5233763], [10.5345339, 60.523538], [10.5346814, 60.5237213], [10.5348915, 60.5239776], [10.5350673, 60.5241745], [10.5352373, 60.5243742], [10.5353948, 60.5245431]]}, "properties": {"electrified": "contact_line", "frequency": "16.67", "gauge": "1435", "maxspeed": "95", "name": "Gj\u00f8vikbanen", "operator": "Bane NOR", "passenger_lines": "1", "railway": "rail", "usage": "main", "voltage": "15000", "length_km": 0.96, "maxspeed_kmh": 95.0}}, {"type": "Feature", "geometry": {"type": "LineString", "coordinates": [[10.5353948, 60.5245431], [10.5354558, 60.5246085], [10.535635, 60.5247977], [10.5359935, 60.5251567], [10.5361495, 60.5253161], [10.5362634, 60.5254479], [10.5363661, 60.5255724], [10.5364548, 60.525707], [10.5365304, 60.525849], [10.5365873, 60.5259845], [10.5366125, 60.5260874], [10.536634, 60.5262041], [10.5366424, 60.5263189], [10.5366424, 60.526408], [10.5366265, 60.5265105], [10.5366069, 60.526606], [10.5365771, 60.5267048], [10.5365369, 60.5268068], [10.5364809, 60.5269179], [10.5364249, 60.5270103], [10.5363726, 60.5270888], [10.5363072, 60.5271669], [10.5362335, 60.5272523], [10.536128, 60.5273571], [10.5360187, 60.5274558], [10.5359058, 60.5275495], [10.5357881, 60.5276446], [10.5356878, 60.5277175]]}, "properties": {"electrified": "contact_line", "frequency": "16.67", "gauge": "1435", "maxspeed": "75", "name": "Gj\u00f8vikbanen", "operator": "Bane NOR", "passenger_lines": "1", "railway": "rail", "usage": "main", "voltage": "15000", "length_km": 0.379, "maxspeed_kmh": 75.0}}, {"type": "Feature", "geometry": {"type": "LineString", "coordinates": [[10.5336144, 60.5430009], [10.5355396, 60.5449339], [10.535669, 60.5450701], [10.5357883, 60.545201], [10.535899, 60.5453262], [10.5359839, 60.5454327], [10.5360716, 60.5455491], [10.5361613, 60.5456753], [10.5362529, 60.5458174], [10.5363369, 60.5459568], [10.5364075, 60.5460905], [10.5365033, 60.546315], [10.5365983, 60.5465591], [10.5366431, 60.54672], [10.5366719, 60.5468592], [10.5367005, 60.547014], [10.5367138, 60.5471613], [10.5367205, 60.5473354], [10.5367167, 60.5475465], [10.5366956, 60.5480246], [10.5366991, 60.5482005], [10.536721, 60.5483469], [10.5367493, 60.5484727], [10.5367837, 60.5485923], [10.5368371, 60.5487171], [10.5369029, 60.54884], [10.536984, 60.5489596], [10.5370604, 60.549067], [10.5371491, 60.5491749], [10.5372407, 60.5492729], [10.5373294, 60.5493592], [10.5374286, 60.5494456], [10.5375536, 60.5495459], [10.5377168, 60.549666], [10.5379028, 60.5497866], [10.5380745, 60.5498823], [10.538293, 60.5499972], [10.5384971, 60.550092]]}, "properties": {"electrified": "contact_line", "frequency": "16.67", "gauge": "1435", "maxspeed": "80", "name": "Gj\u00f8vikbanen", "operator": "Bane NOR", "passenger_lines": "1", "railway": "rail", "usage": "main", "voltage": "15000", "length_km": 0.853, "maxspeed_kmh": 80.0}}, {"type": "Feature", "geometry": {"type": "LineString", "coordinates": [[10.5385593, 60.5501202], [10.5387494, 60.5501944], [10.5389717, 60.5502755], [10.5392445, 60.5503684], [10.5395498, 60.550466], [10.5398332, 60.5505518], [10.5401337, 60.5506485]]}, "properties": {"electrified": "contact_line", "frequency": "16.67", "gauge": "1435", "maxspeed": "80", "name": "Gj\u00f8vikbanen", "operator": "Bane NOR", "passenger_lines": "1", "railway": "rail", "usage": "main", "voltage": "15000", "length_km": 0.105, "maxspeed_kmh": 80.0}}, {"type": "Feature", "geometry": {"type": "LineString", "coordinates": [[10.5535711, 60.5638267], [10.5536986, 60.5639338], [10.5539004, 60.5641068], [10.5540418, 60.5642346], [10.5541538, 60.564348], [10.5542496, 60.5644508], [10.5543454, 60.5645635], [10.5544385, 60.5646882], [10.5545222, 60.5648161], [10.554595, 60.5649368], [10.5546652, 60.5650754], [10.5547043, 60.5651682], [10.5547407, 60.565263], [10.5547718, 60.5653559], [10.5547961, 60.5654527], [10.5548163, 60.5655621], [10.5548338, 60.5656768], [10.5548419, 60.5657889], [10.554846, 60.5659128], [10.5548473, 60.566066], [10.5548473, 60.5664081], [10.5548581, 60.5665354], [10.5548716, 60.5666574], [10.5548919, 60.5667702], [10.5549202, 60.5668855], [10.5549553, 60.5669923], [10.5549944, 60.5670937], [10.5550511, 60.567217], [10.555105, 60.5673231], [10.5552238, 60.5675101]]}, "properties": {"electrified": "contact_line", "frequency": "16.67", "gauge": "1435", "maxspeed": "95", "name": "Gj\u00f8vikbanen", "operator": "Bane NOR", "passenger_lines": "1", "railway": "rail", "usage": "main", "voltage": "15000", "length_km": 0.427, "maxspeed_kmh": 95.0}}, {"type": "Feature", "geometry": {"type": "LineString", "coordinates": [[10.5552782, 60.567587], [10.5553617, 60.5676954], [10.5554803, 60.5678376], [10.5556207, 60.5679895], [10.5557043, 60.5680818], [10.5559139, 60.5683015], [10.5560338, 60.5684349], [10.5561368, 60.5685587], [10.5562386, 60.5686873], [10.5563125, 60.5687945], [10.5563864, 60.5689106], [10.5564458, 60.5690106], [10.5564967, 60.5691107], [10.5565476, 60.569219], [10.5566045, 60.5693518], [10.5566542, 60.5694941], [10.5566869, 60.569609], [10.556716, 60.5697453], [10.5567354, 60.5698864], [10.5567511, 60.5700144], [10.5567572, 60.5701639], [10.5567589, 60.5704133]]}, "properties": {"electrified": "contact_line", "frequency": "16.67", "gauge": "1435", "maxspeed": "95", "name": "Gj\u00f8vikbanen", "operator": "Bane NOR", "passenger_lines": "1", "railway": "rail", "usage": "main", "voltage": "15000", "length_km": 0.329, "maxspeed_kmh": 95.0}}, {"type": "Feature", "geometry": {"type": "LineString", "coordinates": [[10.5567589, 60.5704133], [10.5567608, 60.5704699], [10.5567645, 60.5706193], [10.5567729, 60.5707253], [10.5567851, 60.5708265], [10.5568044, 60.5709438], [10.5568382, 60.5710638], [10.5568836, 60.5711893], [10.5569376, 60.5713059], [10.5570079, 60.5714242], [10.5570841, 60.5715382], [10.5571775, 60.5716591], [10.5572726, 60.5717639], [10.5573643, 60.5718607], [10.5574697, 60.5719575], [10.557587, 60.5720624], [10.5580416, 60.5724419], [10.5581702, 60.5725539], [10.5582918, 60.5726608], [10.5584083, 60.5727728], [10.5584974, 60.5728679], [10.5585925, 60.5729681], [10.5586757, 60.573072], [10.5587605, 60.5731794], [10.5588453, 60.5732926], [10.5589215, 60.573408], [10.5589884, 60.5735216], [10.5590621, 60.5736542], [10.5591651, 60.5738605], [10.5592805, 60.5741109]]}, "properties": {"electrified": "contact_line", "frequency": "16.67", "gauge": "1435", "maxspeed": "85", "name": "Gj\u00f8vikbanen", "operator": "Bane NOR", "passenger_lines": "1", "railway": "rail", "usage": "main", "voltage": "15000", "length_km": 0.44, "maxspeed_kmh": 85.0}}, {"type": "Feature", "geometry": {"type": "LineString", "coordinates": [[10.5705931, 60.5904345], [10.5707396, 60.5905373], [10.5713141, 60.5909325], [10.571482, 60.5910503], [10.5716671, 60.5911916], [10.571847, 60.5913397], [10.5720115, 60.5914962], [10.5721212, 60.591609], [10.5722189, 60.5917175], [10.5723114, 60.5918353], [10.5724091, 60.5919741], [10.5725085, 60.5921441], [10.5726061, 60.5923418], [10.5726867, 60.5925362], [10.5727586, 60.5927221], [10.572772, 60.5927559]]}, "properties": {"electrified": "contact_line", "frequency": "16.67", "gauge": "1435", "maxspeed": "95", "name": "Gj\u00f8vikbanen", "operator": "Bane NOR", "passenger_lines": "1", "railway": "rail", "usage": "main", "voltage": "15000", "length_km": 0.289, "maxspeed_kmh": 95.0}}, {"type": "Feature", "geometry": {"type": "LineString", "coordinates": [[10.572772, 60.5927559], [10.5728906, 60.5930553], [10.572978, 60.5932429], [10.5731013, 60.5934617], [10.573211, 60.5936375], [10.5733155, 60.5937873], [10.5734526, 60.5939766], [10.5736017, 60.5941642], [10.5737611, 60.5943518], [10.5739992, 60.5946429], [10.5741312, 60.5948171], [10.5742348, 60.5949719], [10.5743317, 60.5951292], [10.5744131, 60.5952831], [10.5744825, 60.5954417], [10.5745321, 60.5955835], [10.5745836, 60.5957665], [10.5746508, 60.5960718]]}, "properties": {"electrified": "contact_line", "frequency": "16.67", "gauge": "1435", "maxspeed": "100", "name": "Gj\u00f8vikbanen", "operator": "Bane NOR", "passenger_lines": "1", "railway": "rail", "usage": "main", "voltage": "15000", "length_km": 0.385, "maxspeed_kmh": 100.0}}, {"type": "Feature", "geometry": {"type": "LineString", "coordinates": [[10.5851381, 60.6099799], [10.5851893, 60.6100429], [10.585338, 60.610227], [10.5854647, 60.6104015], [10.5855759, 60.6105893], [10.5856471, 60.6107378], [10.5857039, 60.6108866], [10.5857893, 60.6112286], [10.5858035, 60.6113733], [10.5858009, 60.6115446], [10.5857828, 60.6117064], [10.585757, 60.6118428], [10.585713, 60.6119989], [10.5856471, 60.6121797], [10.5855514, 60.6124056], [10.5852928, 60.6130001]]}, "properties": {"electrified": "contact_line", "frequency": "16.67", "gauge": "1435", "maxspeed": "85", "name": "Gj\u00f8vikbanen", "operator": "Bane NOR", "passenger_lines": "1", "railway": "rail", "usage": "main", "voltage": "15000", "length_km": 0.344, "maxspeed_kmh": 85.0}}, {"type": "Feature", "geometry": {"type": "LineString", "coordinates": [[10.5944829, 60.6265544], [10.5945506, 60.6266476], [10.5947648, 60.6269329], [10.5956857, 60.6281576]]}, "properties": {"electrified": "contact_line", "frequency": "16.67", "gauge": "1435", "maxspeed": "80", "name": "Gj\u00f8vikbanen", "operator": "Bane NOR", "passenger_lines": "1", "railway": "rail", "usage": "main", "voltage": "15000", "length_km": 0.19, "maxspeed_kmh": 80.0}}, {"type": "Feature", "geometry": {"type": "LineString", "coordinates": [[10.5982328, 60.6337915], [10.5982245, 60.6339328], [10.5982142, 60.6340326], [10.5981987, 60.6341397], [10.5981706, 60.6342745]]}, "properties": {"electrified": "contact_line", "frequency": "16.67", "gauge": "1435", "maxspeed": "80", "name": "Gj\u00f8vikbanen", "operator": "Bane NOR", "passenger_lines": "1", "railway": "rail", "usage": "main", "voltage": "15000", "length_km": 0.054, "maxspeed_kmh": 80.0}}, {"type": "Feature", "geometry": {"type": "LineString", "coordinates": [[10.5981706, 60.6342745], [10.5981212, 60.6344853], [10.5979324, 60.635281], [10.5977034, 60.636257], [10.5976837, 60.6363673], [10.597669, 60.6364694], [10.5976568, 60.6365842], [10.5976555, 60.6366857], [10.5976604, 60.636765], [10.5976653, 60.6368497], [10.5976799, 60.6369288], [10.5976951, 60.6369997], [10.597718, 60.6370861], [10.5977535, 60.6371881], [10.5977842, 60.6372684], [10.5978361, 60.6373794], [10.597907, 60.6375041], [10.5979958, 60.6376522], [10.5981255, 60.637843]]}, "properties": {"electrified": "contact_line", "frequency": "16.67", "gauge": "1435", "maxspeed": "90", "name": "Gj\u00f8vikbanen", "operator": "Bane NOR", "passenger_lines": "1", "railway": "rail", "usage": "main", "voltage": "15000", "length_km": 0.403, "maxspeed_kmh": 90.0}}, {"type": "Feature", "geometry": {"type": "LineString", "coordinates": [[10.6044667, 60.6569889], [10.6046217, 60.6572652], [10.6047332, 60.6574355], [10.604848, 60.6575881], [10.604997, 60.6577546], [10.6051501, 60.6578995], [10.6052927, 60.6580313], [10.6054967, 60.6581909], [10.6056726, 60.658321], [10.6058407, 60.6584317], [10.6059891, 60.6585198], [10.6061988, 60.6586405], [10.6063569, 60.6587208], [10.6065412, 60.6588126], [10.6067173, 60.6588923], [10.6068869, 60.6589659], [10.6071396, 60.6590649], [10.6073944, 60.6591624], [10.6076696, 60.6592611], [10.6080849, 60.6594095], [10.6083001, 60.6594903], [10.608496, 60.6595695], [10.6086984, 60.6596555], [10.6088536, 60.659729], [10.6090099, 60.6598092], [10.6091491, 60.659889], [10.609315, 60.6599913], [10.6094381, 60.6600752], [10.6095441, 60.6601581], [10.6096608, 60.6602541], [10.6097657, 60.6603532], [10.6098524, 60.660444], [10.6099574, 60.6605704], [10.6100494, 60.6606952], [10.6101799, 60.6608863]]}, "properties": {"electrified": "contact_line", "frequency": "16.67", "gauge": "1435", "maxspeed": "80", "name": "Gj\u00f8vikbanen", "operator": "Bane NOR", "passenger_lines": "1", "railway": "rail", "usage": "main", "voltage": "15000", "length_km": 0.549, "maxspeed_kmh": 80.0}}, {"type": "Feature", "geometry": {"type": "LineString", "coordinates": [[10.6101799, 60.6608863], [10.6102293, 60.6609806], [10.6102978, 60.661107], [10.6103931, 60.6612833], [10.6104819, 60.6614648], [10.610574, 60.6616735], [10.6106532, 60.6618671], [10.6107314, 60.6620942], [10.6107828, 60.6622689], [10.6108363, 60.662474], [10.6108748, 60.6626418], [10.6109059, 60.6628081], [10.610953, 60.66316], [10.610968, 60.6633237], [10.6109755, 60.6634905], [10.6109755, 60.663641], [10.6109712, 60.6638041], [10.6109605, 60.6639935], [10.610938, 60.664197], [10.6109155, 60.6643701], [10.6108738, 60.6645893], [10.6107694, 60.6650352], [10.6107148, 60.6652833], [10.6106752, 60.6654627], [10.6106431, 60.6656095], [10.6106153, 60.6657627], [10.6105816, 60.6659133], [10.6105634, 60.6660312], [10.6105549, 60.6661612], [10.6105516, 60.6663018], [10.6105581, 60.6664172], [10.610572, 60.6665493], [10.6105966, 60.6666631], [10.6106309, 60.6667906], [10.6106726, 60.6669123], [10.6107326, 60.6670486], [10.6108032, 60.6671871], [10.6108867, 60.6673213], [10.6109767, 60.6674535], [10.6110837, 60.6675946], [10.6111704, 60.6676959], [10.6113021, 60.6678479], [10.6114548, 60.6680121], [10.611686, 60.6682379], [10.611905, 60.6684412], [10.612047, 60.6685644], [10.6122281, 60.6687174], [10.6124214, 60.6688724], [10.6126188, 60.66902], [10.6128081, 60.6691565], [10.6130339, 60.6693114], [10.6132777, 60.6694715], [10.6135276, 60.6696249], [10.613779, 60.6697752], [10.6140359, 60.6699222], [10.6142438, 60.6700331], [10.6144182, 60.6701232], [10.6146634, 60.6702487], [10.6149279, 60.6703741], [10.6152205, 60.6705119], [10.6154256, 60.6706062], [10.6174108, 60.6714994]]}, "properties": {"electrified": "contact_line", "frequency": "16.67", "gauge": "1435", "maxspeed": "90", "name": "Gj\u00f8vikbanen", "operator": "Bane NOR", "passenger_lines": "1", "railway": "rail", "usage": "main", "voltage": "15000", "length_km": 1.319, "maxspeed_kmh": 90.0}}, {"type": "Feature", "geometry": {"type": "LineString", "coordinates": [[10.5667588, 60.3809428], [10.566766, 60.3810754], [10.5667603, 60.3811944], [10.5667345, 60.3813287], [10.5667055, 60.3814318], [10.5666678, 60.381532], [10.5666229, 60.381623], [10.5665563, 60.3817382], [10.5664795, 60.3818449], [10.5663665, 60.3819788], [10.5663568, 60.3819889]]}, "properties": {"electrified": "contact_line", "frequency": "16.67", "gauge": "1435", "maxspeed": "75", "name": "Gj\u00f8vikbanen", "operator": "Bane NOR", "passenger_lines": "1", "railway": "rail", "usage": "main", "voltage": "15000", "length_km": 0.12, "maxspeed_kmh": 75.0}}, {"type": "Feature", "geometry": {"type": "LineString", "coordinates": [[10.5535786, 60.3943385], [10.5529115, 60.3947126], [10.5525823, 60.3949099], [10.552335, 60.3950601]]}, "properties": {"electrified": "contact_line", "frequency": "16.67", "gauge": "1435", "maxspeed": "100", "name": "Gj\u00f8vikbanen", "operator": "Bane NOR", "passenger_lines": "1", "railway": "rail", "usage": "main", "voltage": "15000", "length_km": 0.106, "maxspeed_kmh": 100.0}}, {"type": "Feature", "geometry": {"type": "LineString", "coordinates": [[10.5400725, 60.4117977], [10.5408657, 60.4130254]]}, "properties": {"electrified": "contact_line", "frequency": "16.67", "gauge": "1435", "maxspeed": "105", "name": "Gj\u00f8vikbanen", "operator": "Bane NOR", "passenger_lines": "1", "railway": "rail", "usage": "main", "voltage": "15000", "length_km": 0.144, "maxspeed_kmh": 105.0}}, {"type": "Feature", "geometry": {"type": "LineString", "coordinates": [[10.5408657, 60.4130254], [10.5413606, 60.4137958], [10.5414591, 60.4139513], [10.5415448, 60.4141124], [10.5416039, 60.4142494], [10.5416437, 60.4143723], [10.5416804, 60.4145294], [10.5416957, 60.4146583], [10.5416977, 60.4148093], [10.5416824, 60.4149433], [10.5416539, 60.4150747], [10.5416131, 60.4152167], [10.5415611, 60.4153456], [10.5414958, 60.4154644], [10.5414173, 60.4155913], [10.5413214, 60.4157227], [10.5412143, 60.4158481], [10.5410807, 60.415983], [10.5409614, 60.4160892], [10.5408213, 60.4162074], [10.5405683, 60.416396], [10.5402969, 60.4165839]]}, "properties": {"electrified": "contact_line", "frequency": "16.67", "gauge": "1435", "maxspeed": "85", "name": "Gj\u00f8vikbanen", "operator": "Bane NOR", "passenger_lines": "1", "railway": "rail", "usage": "main", "voltage": "15000", "length_km": 0.421, "maxspeed_kmh": 85.0}}, {"type": "Feature", "geometry": {"type": "LineString", "coordinates": [[10.5361558, 60.4222448], [10.5359865, 60.4225071], [10.5358385, 60.4227196], [10.5356885, 60.4229233], [10.5355426, 60.4231054], [10.5354108, 60.4232683], [10.5352519, 60.4234653], [10.5350009, 60.4237424], [10.5343532, 60.4244115], [10.5342252, 60.4245453], [10.5340472, 60.4247476], [10.5339396, 60.4248858], [10.5338512, 60.4250078], [10.533781, 60.4251192], [10.533699, 60.4252569], [10.5336212, 60.4254083], [10.5335531, 60.4255649], [10.5335051, 60.4256937], [10.5334679, 60.4258277], [10.5334391, 60.4259507], [10.5334082, 60.4261258], [10.5333887, 60.4263158]]}, "properties": {"electrified": "contact_line", "frequency": "16.67", "gauge": "1435", "maxspeed": "105", "name": "Gj\u00f8vikbanen", "operator": "Bane NOR", "passenger_lines": "1", "railway": "rail", "usage": "main", "voltage": "15000", "length_km": 0.482, "maxspeed_kmh": 105.0}}, {"type": "Feature", "geometry": {"type": "LineString", "coordinates": [[10.5299839, 60.431239], [10.5299786, 60.4313188], [10.5299655, 60.4314505], [10.5299421, 60.4316187], [10.5299005, 60.4318058], [10.5298494, 60.4319776], [10.5298356, 60.4320191], [10.5297951, 60.4321405], [10.5297344, 60.4322819], [10.5296726, 60.4324007], [10.5296066, 60.432532], [10.5295246, 60.4326797], [10.5294224, 60.4328337], [10.5293254, 60.4329782], [10.5291774, 60.4331595], [10.5290443, 60.433315], [10.5288675, 60.4335121], [10.5285814, 60.4338226], [10.5284579, 60.4339619], [10.5283354, 60.4341016], [10.5282076, 60.4342593], [10.5281022, 60.4343975], [10.528, 60.434531], [10.5278935, 60.4346797], [10.527788, 60.4348357], [10.5276688, 60.4350175], [10.5275985, 60.4351363], [10.527526, 60.4352682], [10.5274313, 60.4354421], [10.5271767, 60.4359676], [10.527066, 60.4361935], [10.5269669, 60.4363653], [10.5268828, 60.4365014], [10.5267923, 60.4366344], [10.5266975, 60.4367657], [10.5265644, 60.4369302], [10.5264589, 60.4370526], [10.526329, 60.4371913], [10.526181, 60.4373369], [10.5260393, 60.4374672], [10.5258807, 60.4376043], [10.5257113, 60.437742], [10.5255175, 60.4378881], [10.525346, 60.4380105], [10.5251554, 60.4381376]]}, "properties": {"electrified": "contact_line", "frequency": "16.67", "gauge": "1435", "maxspeed": "105", "name": "Gj\u00f8vikbanen", "operator": "Bane NOR", "passenger_lines": "1", "railway": "rail", "usage": "main", "voltage": "15000", "length_km": 0.821, "maxspeed_kmh": 105.0}}, {"type": "Feature", "geometry": {"type": "LineString", "coordinates": [[10.51744, 60.4439913], [10.5172655, 60.4442182], [10.5171439, 60.4443841], [10.5169654, 60.444631], [10.5167888, 60.4448852], [10.5167297, 60.4449739]]}, "properties": {"electrified": "contact_line", "frequency": "16.67", "gauge": "1435", "maxspeed": "105", "name": "Gj\u00f8vikbanen", "operator": "Bane NOR", "passenger_lines": "1", "railway": "rail", "usage": "main", "voltage": "15000", "length_km": 0.116, "maxspeed_kmh": 105.0}}, {"type": "Feature", "geometry": {"type": "LineString", "coordinates": [[10.5847231, 60.3054347], [10.5846785, 60.3060164], [10.5846194, 60.3067405], [10.584608, 60.3068807], [10.5845978, 60.3069748]]}, "properties": {"electrified": "contact_line", "frequency": "16.67", "gauge": "1435", "maxspeed": "75", "name": "Gj\u00f8vikbanen", "operator": "Bane NOR", "passenger_lines": "1", "railway": "rail", "usage": "main", "voltage": "15000", "length_km": 0.172, "maxspeed_kmh": 75.0}}, {"type": "Feature", "geometry": {"type": "LineString", "coordinates": [[10.5805526, 60.3148791], [10.5805458, 60.3149713], [10.5805353, 60.315068], [10.5805154, 60.3151769], [10.5804804, 60.3152985], [10.5804324, 60.3154166], [10.5803564, 60.3155591], [10.580264, 60.3156934], [10.5801635, 60.3158156], [10.5800395, 60.3159453], [10.5799156, 60.3160548], [10.5797636, 60.3161735], [10.5796102, 60.3162773], [10.5794718, 60.3163594], [10.5793196, 60.3164444], [10.5791194, 60.3165436], [10.5789546, 60.3166184], [10.5786823, 60.3167294], [10.5783711, 60.3168496], [10.5776162, 60.3171324], [10.5759795, 60.3177511], [10.5757399, 60.3178421], [10.5755194, 60.317933], [10.5752577, 60.3180496], [10.5751032, 60.318125], [10.5749628, 60.3182019], [10.574825, 60.318285], [10.5746968, 60.3183697], [10.5745796, 60.3184551], [10.5744545, 60.3185602], [10.5743548, 60.3186527], [10.5742677, 60.3187421], [10.5741949, 60.3188283], [10.5741189, 60.318931], [10.5740619, 60.3190165], [10.574015, 60.3190983], [10.5739725, 60.3191886], [10.5739434, 60.3192735], [10.5739098, 60.3193782], [10.5738907, 60.3194708], [10.5738795, 60.3195678], [10.5738762, 60.3196654], [10.5738821, 60.3197664], [10.5738948, 60.3198553], [10.5739173, 60.3199557], [10.5739537, 60.3200605], [10.5740062, 60.3201837], [10.5740573, 60.320277], [10.5741069, 60.320356], [10.5741534, 60.3204197], [10.57422, 60.3205064], [10.5742944, 60.3205908], [10.5743858, 60.320686], [10.5745269, 60.3208225], [10.5749127, 60.3211901], [10.5750243, 60.3213121], [10.5750956, 60.3214011], [10.5751684, 60.3215024], [10.5752351, 60.3216136], [10.5752853, 60.3217128], [10.5753225, 60.321818], [10.5753565, 60.3219346], [10.5753689, 60.3220175], [10.5753782, 60.3221256], [10.5753767, 60.3222308], [10.5753674, 60.3223159], [10.575355, 60.322388], [10.5753335, 60.322468], [10.5753072, 60.3225475], [10.5752783, 60.3226192], [10.5752365, 60.3227068], [10.5751861, 60.3227955], [10.575126, 60.3228836], [10.5750681, 60.3229675], [10.5749995, 60.323054], [10.5749732, 60.3230835]]}, "properties": {"electrified": "contact_line", "frequency": "16.67", "gauge": "1435", "maxspeed": "75", "name": "Gj\u00f8vikbanen", "operator": "Bane NOR", "passenger_lines": "1", "railway": "rail", "usage": "main", "voltage": "15000", "length_km": 1.08, "maxspeed_kmh": 75.0}}, {"type": "Feature", "geometry": {"type": "LineString", "coordinates": [[10.5726585, 60.3343837], [10.5727916, 60.3346553], [10.572863, 60.3348008], [10.5729082, 60.3349006], [10.5729498, 60.3350103], [10.5729841, 60.3351005], [10.5730067, 60.3351915], [10.5730241, 60.3352891], [10.5730334, 60.3353736], [10.5730365, 60.3354615], [10.5730283, 60.3355729], [10.5730118, 60.3356639], [10.5729902, 60.335758], [10.5729563, 60.3358587], [10.5729091, 60.3359665], [10.5728556, 60.3360646], [10.5727786, 60.3361801], [10.5726984, 60.3362848], [10.5726121, 60.3363804], [10.5725196, 60.3364684], [10.5724046, 60.3365681], [10.5722792, 60.3366672], [10.5721436, 60.3367684], [10.5720203, 60.3368564], [10.571887, 60.3369434], [10.5717133, 60.3370659], [10.5715882, 60.3371539], [10.5714396, 60.3372633], [10.5713045, 60.3373678], [10.5711709, 60.3374832], [10.5710756, 60.3375743], [10.5709946, 60.3376602], [10.5708986, 60.3377727], [10.5708275, 60.3378706], [10.5707436, 60.3379926], [10.5706839, 60.3380961], [10.5706341, 60.3382037], [10.5705978, 60.3382963], [10.5705673, 60.338392], [10.5705437, 60.3385054], [10.5705242, 60.3386149], [10.5705187, 60.3387079], [10.5705215, 60.3388807], [10.5705312, 60.3389619], [10.5705465, 60.3390631], [10.5705729, 60.3391692], [10.5705966, 60.3392649], [10.5706286, 60.3393785], [10.5706759, 60.3395134], [10.5707232, 60.3396491], [10.5708095, 60.3398439], [10.5709473, 60.3401172], [10.5711755, 60.340529], [10.5712325, 60.3406343], [10.5712896, 60.3407575], [10.5713355, 60.3408656], [10.5713675, 60.34096], [10.5713911, 60.3410433], [10.5714052, 60.3411195], [10.571414, 60.3411966], [10.5714186, 60.3412935], [10.571414, 60.3413918], [10.5713965, 60.3415], [10.5713735, 60.3415992], [10.5713331, 60.3417147], [10.5712871, 60.3418207], [10.5712246, 60.3419294], [10.571164, 60.3420181], [10.5710702, 60.3421377], [10.5709829, 60.3422323], [10.5708873, 60.3423269], [10.5707742, 60.3424229], [10.5706226, 60.342537], [10.5704773, 60.3426348], [10.5702045, 60.3428057], [10.5699264, 60.3429735], [10.5697141, 60.3431088], [10.5695378, 60.3432308], [10.5693903, 60.3433456], [10.5692554, 60.343468], [10.5691762, 60.3435476], [10.5691087, 60.343626], [10.5690476, 60.3437047], [10.568972, 60.3438156], [10.5689064, 60.3439362], [10.5688677, 60.344027], [10.5688272, 60.3441356], [10.5687939, 60.3442545], [10.5687372, 60.344499], [10.5687021, 60.344645], [10.568658, 60.3447869], [10.5686158, 60.3449013], [10.568569, 60.3449983], [10.5685015, 60.3451118], [10.5684251, 60.3452182], [10.5683594, 60.3453009], [10.5682686, 60.3453944], [10.5682056, 60.3454563], [10.5681157, 60.3455355], [10.5680266, 60.3456062], [10.5679673, 60.3456509], [10.567925, 60.3456828], [10.5678134, 60.3457549], [10.5677037, 60.3458243], [10.5675609, 60.3459074]]}, "properties": {"electrified": "contact_line", "frequency": "16.67", "gauge": "1435", "maxspeed": "75", "name": "Gj\u00f8vikbanen", "operator": "Bane NOR", "passenger_lines": "1", "railway": "rail", "usage": "main", "voltage": "15000", "length_km": 1.379, "maxspeed_kmh": 75.0}}, {"type": "Feature", "geometry": {"type": "LineString", "coordinates": [[10.5675609, 60.3459074], [10.5673997, 60.3459992], [10.566751, 60.3463406], [10.5665783, 60.3464387], [10.566422, 60.3465334], [10.5662703, 60.3466356], [10.566128, 60.3467429], [10.5659845, 60.3468641], [10.5658632, 60.3469796], [10.565757, 60.3470944], [10.5656555, 60.347218], [10.565582, 60.3473276], [10.5655132, 60.3474431], [10.5654432, 60.3475781], [10.5653953, 60.3477039], [10.565365, 60.3478153], [10.5653412, 60.3479349], [10.5653272, 60.348055], [10.5653249, 60.3481727], [10.5653319, 60.3482893], [10.5653447, 60.3483794], [10.5653774, 60.3485173], [10.5654252, 60.3486616], [10.5654824, 60.3487897], [10.5655594, 60.3489277], [10.5656831, 60.3491112], [10.5658616, 60.3493414], [10.5667355, 60.350423], [10.5677178, 60.3516434], [10.5684646, 60.3525686], [10.5686957, 60.3528565], [10.5688908, 60.3531152], [10.5690376, 60.3533189], [10.5692067, 60.353584], [10.5693409, 60.3538141], [10.5695249, 60.354175], [10.569667, 60.3545192], [10.569761, 60.3547888], [10.5698285, 60.3550304], [10.5698834, 60.3552548], [10.5699222, 60.3554655]]}, "properties": {"electrified": "contact_line", "frequency": "16.67", "gauge": "1435", "maxspeed": "80", "name": "Gj\u00f8vikbanen", "operator": "Bane NOR", "passenger_lines": "1", "railway": "rail", "usage": "main", "voltage": "15000", "length_km": 1.146, "maxspeed_kmh": 80.0}}, {"type": "Feature", "geometry": {"type": "LineString", "coordinates": [[10.5695883, 60.3591673], [10.5695105, 60.3597487], [10.5694994, 60.3598744], [10.5694994, 60.3599813], [10.5695068, 60.3601031], [10.5695167, 60.3601895], [10.5695315, 60.3602781], [10.5695476, 60.3603538], [10.5695673, 60.3604393], [10.5695957, 60.3605285], [10.5696321, 60.3606266], [10.5696663, 60.3607056]]}, "properties": {"electrified": "contact_line", "frequency": "16.67", "gauge": "1435", "maxspeed": "80", "name": "Gj\u00f8vikbanen", "operator": "Bane NOR", "passenger_lines": "1", "railway": "rail", "usage": "main", "voltage": "15000", "length_km": 0.172, "maxspeed_kmh": 80.0}}, {"type": "Feature", "geometry": {"type": "LineString", "coordinates": [[10.5705142, 60.3659263], [10.5703116, 60.3660818]]}, "properties": {"electrified": "contact_line", "frequency": "16.67", "gauge": "1435", "maxspeed": "70", "name": "Gj\u00f8vikbanen", "operator": "Bane NOR", "passenger_lines": "1", "railway": "rail", "usage": "main", "voltage": "15000", "length_km": 0.021, "maxspeed_kmh": 70.0}}, {"type": "Feature", "geometry": {"type": "LineString", "coordinates": [[10.561253, 60.3770663], [10.5613579, 60.3772669], [10.561459, 60.3774387], [10.5615865, 60.3776348], [10.561768, 60.3778604], [10.5619248, 60.3780117], [10.5620914, 60.3781506], [10.5622653, 60.3782723], [10.5624652, 60.3783926], [10.562668, 60.3784985], [10.5629316, 60.3786174], [10.563201, 60.3787205], [10.5634328, 60.3788], [10.563682, 60.3788773], [10.5639514, 60.3789546], [10.5643599, 60.3790713], [10.5646236, 60.3791508], [10.5648495, 60.3792267], [10.5650784, 60.3793112], [10.5652827, 60.3793978], [10.5655304, 60.3795195], [10.565752, 60.3796427], [10.5659201, 60.3797529], [10.5660548, 60.3798532], [10.5662025, 60.3799757], [10.5663546, 60.3801239], [10.5664676, 60.3802564], [10.5665574, 60.3803874], [10.5666458, 60.3805463], [10.566695, 60.3806709], [10.5667377, 60.3808181]]}, "properties": {"electrified": "contact_line", "frequency": "16.67", "gauge": "1435", "maxspeed": "75", "name": "Gj\u00f8vikbanen", "operator": "Bane NOR", "passenger_lines": "1", "railway": "rail", "usage": "main", "voltage": "15000", "length_km": 0.538, "maxspeed_kmh": 75.0}}, {"type": "Feature", "geometry": {"type": "LineString", "coordinates": [[10.6142493, 60.2852032], [10.6140663, 60.2852755], [10.6139326, 60.2853313], [10.6137082, 60.2854351], [10.6135112, 60.2855324], [10.6130905, 60.2857414], [10.6128752, 60.2858425], [10.6126977, 60.2859209], [10.6125427, 60.2859826], [10.6123601, 60.2860488], [10.6122132, 60.2860999], [10.6119823, 60.2861697], [10.6117523, 60.2862264], [10.61154, 60.2862747], [10.6113408, 60.2863134], [10.6111388, 60.2863467], [10.6108693, 60.2863813], [10.6106205, 60.2864038], [10.6103792, 60.286424]]}, "properties": {"electrified": "contact_line", "frequency": "16.67", "gauge": "1435", "maxspeed": "80", "name": "Gj\u00f8vikbanen", "operator": "Bane NOR", "passenger_lines": "1", "railway": "rail", "usage": "main", "voltage": "15000", "length_km": 0.26, "maxspeed_kmh": 80.0}}, {"type": "Feature", "geometry": {"type": "LineString", "coordinates": [[10.7958602, 60.1298902], [10.7958435, 60.1299019], [10.7956412, 60.1300572], [10.7954734, 60.1301838]]}, "properties": {"electrified": "contact_line", "frequency": "16.67", "gauge": "1435", "maxspeed": "90", "name": "Gj\u00f8vikbanen", "operator": "Bane NOR", "passenger_lines": "1", "railway": "rail", "usage": "main", "voltage": "15000", "length_km": 0.039, "maxspeed_kmh": 90.0}}, {"type": "Feature", "geometry": {"type": "LineString", "coordinates": [[10.7965861, 60.1294106], [10.7964792, 60.1294747], [10.7963326, 60.1295682], [10.7961287, 60.1297044], [10.7959453, 60.1298307], [10.7958602, 60.1298902]]}, "properties": {"electrified": "contact_line", "frequency": "16.67", "gauge": "1435", "maxspeed": "90", "name": "Gj\u00f8vikbanen", "operator": "Bane NOR", "passenger_lines": "1", "railway": "rail", "usage": "main", "voltage": "15000", "length_km": 0.067, "maxspeed_kmh": 90.0}}, {"type": "Feature", "geometry": {"type": "LineString", "coordinates": [[10.7954734, 60.1301838], [10.7953007, 60.130325], [10.7951143, 60.1304803]]}, "properties": {"electrified": "contact_line", "frequency": "16.67", "gauge": "1435", "maxspeed": "90", "name": "Gj\u00f8vikbanen", "operator": "Bane NOR", "passenger_lines": "1", "railway": "rail", "usage": "main", "voltage": "15000", "length_km": 0.039, "maxspeed_kmh": 90.0}}, {"type": "Feature", "geometry": {"type": "LineString", "coordinates": [[10.7948544, 60.1307142], [10.7947077, 60.1308513], [10.7946035, 60.1309519], [10.7945006, 60.1310582], [10.7944041, 60.1311549], [10.7942974, 60.1312735], [10.7941932, 60.1313901], [10.7940954, 60.1315022], [10.7939989, 60.1316137], [10.7939166, 60.1317149], [10.7938424, 60.1318037], [10.7935499, 60.1321582], [10.7934409, 60.1322835], [10.7933529, 60.1323788], [10.7932223, 60.132513], [10.7930466, 60.1326752], [10.7928832, 60.1328097], [10.7927186, 60.1329327], [10.7925326, 60.1330599], [10.7923511, 60.133175], [10.7921416, 60.133297], [10.7919304, 60.133408], [10.7917184, 60.1335107], [10.7914816, 60.1336148], [10.7912399, 60.1337121], [10.7910203, 60.1337943], [10.7907884, 60.1338747], [10.7905106, 60.1339612], [10.7901526, 60.1340674], [10.788501, 60.1345262]]}, "properties": {"electrified": "contact_line", "frequency": "16.67", "gauge": "1435", "maxspeed": "90", "name": "Gj\u00f8vikbanen", "operator": "Bane NOR", "passenger_lines": "1", "railway": "rail", "usage": "main", "voltage": "15000", "length_km": 0.572, "maxspeed_kmh": 90.0}}, {"type": "Feature", "geometry": {"type": "LineString", "coordinates": [[10.7951143, 60.1304803], [10.7949843, 60.130595], [10.7948544, 60.1307142]]}, "properties": {"electrified": "contact_line", "frequency": "16.67", "gauge": "1435", "maxspeed": "90", "name": "Gj\u00f8vikbanen", "operator": "Bane NOR", "passenger_lines": "1", "railway": "rail", "usage": "main", "voltage": "15000", "length_km": 0.03, "maxspeed_kmh": 90.0}}, {"type": "Feature", "geometry": {"type": "LineString", "coordinates": [[10.8291674, 60.1174311], [10.829088, 60.1174726], [10.8285669, 60.1177504], [10.8284503, 60.1178123], [10.8282468, 60.1179205], [10.8276075, 60.1182601], [10.8273988, 60.1183717], [10.8270809, 60.1185325], [10.8268152, 60.118658], [10.8265766, 60.118766], [10.8264182, 60.1188323], [10.8262461, 60.1189015], [10.8259782, 60.1190021], [10.8258781, 60.1190377]]}, "properties": {"electrified": "contact_line", "frequency": "16.67", "gauge": "1435", "maxspeed": "80", "name": "Gj\u00f8vikbanen", "operator": "Bane NOR", "passenger_lines": "2", "railway": "rail", "usage": "main", "voltage": "15000", "length_km": 0.256, "maxspeed_kmh": 80.0}}, {"type": "Feature", "geometry": {"type": "LineString", "coordinates": [[10.8299401, 60.1170318], [10.8298077, 60.1170959], [10.8294633, 60.1172749]]}, "properties": {"electrified": "contact_line", "frequency": "16.67", "gauge": "1435", "maxspeed": "80", "name": "Gj\u00f8vikbanen", "operator": "Bane NOR", "passenger_lines": "2", "railway": "rail", "usage": "main", "voltage": "15000", "length_km": 0.038, "maxspeed_kmh": 80.0}}, {"type": "Feature", "geometry": {"type": "LineString", "coordinates": [[10.8294633, 60.1172749], [10.8292299, 60.1173985], [10.8291674, 60.1174311]]}, "properties": {"electrified": "contact_line", "frequency": "16.67", "gauge": "1435", "maxspeed": "80", "name": "Gj\u00f8vikbanen", "operator": "Bane NOR", "passenger_lines": "2", "railway": "rail", "usage": "main", "voltage": "15000", "length_km": 0.024, "maxspeed_kmh": 80.0}}, {"type": "Feature", "geometry": {"type": "LineString", "coordinates": [[10.8487014, 60.0631411], [10.84893, 60.0632176], [10.8491254, 60.0632738], [10.8493197, 60.0633273], [10.8495052, 60.0633719], [10.8496819, 60.0634094], [10.8498578, 60.0634421], [10.8500675, 60.0634752], [10.8503016, 60.0635066], [10.8505291, 60.0635308], [10.8507576, 60.0635479], [10.8509746, 60.0635588], [10.8511743, 60.0635628], [10.8514195, 60.0635655], [10.8515955, 60.0635609], [10.8518449, 60.0635487], [10.8520521, 60.0635356], [10.852292, 60.0635123], [10.8525045, 60.0634865], [10.8527656, 60.0634459], [10.8529833, 60.0634053], [10.8531831, 60.0633625], [10.8533289, 60.0633283], [10.8535129, 60.0632797], [10.8536778, 60.0632312], [10.8538226, 60.0631848], [10.8539505, 60.063141], [10.8540836, 60.0630904], [10.8541798, 60.0630503], [10.8543098, 60.0629965], [10.8544472, 60.0629321], [10.8545857, 60.062862], [10.8547126, 60.0627907], [10.8548172, 60.0627269], [10.8549409, 60.0626446], [10.8550719, 60.0625502], [10.8551766, 60.0624663], [10.8553013, 60.062355], [10.8554081, 60.0622506], [10.8555307, 60.0621208], [10.8556353, 60.06201], [10.8557852, 60.0618375], [10.8560971, 60.0614714]]}, "properties": {"electrified": "contact_line", "frequency": "16.67", "gauge": "1435", "maxspeed": "80", "name": "Gj\u00f8vikbanen", "operator": "Bane NOR", "passenger_lines": "1", "railway": "rail", "usage": "main", "voltage": "15000", "length_km": 0.537, "maxspeed_kmh": 80.0}}, {"type": "Feature", "geometry": {"type": "LineString", "coordinates": [[10.8481753, 60.0629166], [10.848273, 60.0629642], [10.8484961, 60.0630606], [10.8487014, 60.0631411]]}, "properties": {"electrified": "contact_line", "frequency": "16.67", "gauge": "1435", "maxspeed": "80", "name": "Gj\u00f8vikbanen", "operator": "Bane NOR", "passenger_lines": "1", "railway": "rail", "usage": "main", "voltage": "15000", "length_km": 0.039, "maxspeed_kmh": 80.0}}, {"type": "Feature", "geometry": {"type": "LineString", "coordinates": [[10.7734495, 59.906962], [10.7733266, 59.9069832]]}, "properties": {"electrified": "contact_line", "frequency": "16.67", "gauge": "1435", "maxspeed": "110", "name": "Gj\u00f8vikbanen", "operator": "Bane NOR", "passenger_lines": "4", "railway": "rail", "usage": "main", "voltage": "15000", "length_km": 0.007, "maxspeed_kmh": 110.0}}, {"type": "Feature", "geometry": {"type": "LineString", "coordinates": [[10.7733266, 59.9069832], [10.7722037, 59.9071797], [10.7708403, 59.9074198], [10.7707072, 59.9074428]]}, "properties": {"electrified": "contact_line", "frequency": "16.67", "gauge": "1435", "maxspeed": "110", "name": "Gj\u00f8vikbanen", "operator": "Bane NOR", "passenger_lines": "4", "railway": "rail", "usage": "main", "voltage": "15000", "length_km": 0.155, "maxspeed_kmh": 110.0}}, {"type": "Feature", "geometry": {"type": "LineString", "coordinates": [[10.7695121, 59.9076117], [10.7745969, 59.9067195]]}, "properties": {"electrified": "contact_line", "frequency": "16.67", "gauge": "1435", "maxspeed": "110", "name": "Gj\u00f8vikbanen", "operator": "Bane NOR", "passenger_lines": "4", "railway": "rail", "usage": "main", "voltage": "15000", "length_km": 0.301, "maxspeed_kmh": 110.0}}, {"type": "Feature", "geometry": {"type": "LineString", "coordinates": [[10.5535786, 60.3943385], [10.5540103, 60.3941001]]}, "properties": {"electrified": "contact_line", "frequency": "16.67", "gauge": "1435", "maxspeed": "100", "name": "Gj\u00f8vikbanen", "operator": "Bane NOR", "passenger_lines": "2", "railway": "rail", "usage": "main", "voltage": "15000", "length_km": 0.036, "maxspeed_kmh": 100.0}}, {"type": "Feature", "geometry": {"type": "LineString", "coordinates": [[10.5585844, 60.3915002], [10.5587382, 60.3913945], [10.5589805, 60.3912166], [10.5591081, 60.3911171], [10.5593612, 60.3909155], [10.5595541, 60.3907455], [10.5596463, 60.3906625], [10.5597537, 60.3905608]]}, "properties": {"electrified": "contact_line", "frequency": "16.67", "gauge": "1435", "maxspeed": "100", "name": "Gj\u00f8vikbanen", "operator": "Bane NOR", "passenger_lines": "2", "railway": "rail", "usage": "main", "voltage": "15000", "length_km": 0.123, "maxspeed_kmh": 100.0}}, {"type": "Feature", "geometry": {"type": "LineString", "coordinates": [[10.7784749, 59.9454361], [10.7784378, 59.9455174]]}, "properties": {"electrified": "contact_line", "frequency": "16.67", "gauge": "1435", "maxspeed": "75", "name": "Gj\u00f8vikbanen", "operator": "Bane NOR", "passenger_lines": "1", "railway": "rail", "usage": "main", "voltage": "15000", "length_km": 0.009, "maxspeed_kmh": 75.0}}, {"type": "Feature", "geometry": {"type": "LineString", "coordinates": [[10.7784378, 59.9455174], [10.7783599, 59.9456882]]}, "properties": {"electrified": "contact_line", "frequency": "16.67", "gauge": "1435", "maxspeed": "75", "name": "Gj\u00f8vikbanen", "operator": "Bane NOR", "passenger_lines": "1", "railway": "rail", "tunnel": "yes", "usage": "main", "voltage": "15000", "length_km": 0.02, "maxspeed_kmh": 75.0}}, {"type": "Feature", "geometry": {"type": "LineString", "coordinates": [[10.867114, 60.0583185], [10.8672387, 60.0583438], [10.8673734, 60.0583753], [10.8675143, 60.0584091]]}, "properties": {"bridge": "yes", "electrified": "contact_line", "frequency": "16.67", "gauge": "1435", "name": "Gj\u00f8vikbanen", "passenger_lines": "2", "railway": "rail", "usage": "main", "voltage": "15000", "length_km": 0.024}}, {"type": "Feature", "geometry": {"type": "LineString", "coordinates": [[10.8675143, 60.0584091], [10.8677503, 60.0584761], [10.8679019, 60.0585213], [10.8680729, 60.0585792], [10.8681782, 60.0586153], [10.8682754, 60.0586521], [10.8684632, 60.0587284], [10.8686274, 60.0588027], [10.8687977, 60.0588827], [10.8689534, 60.0589637], [10.8690841, 60.0590387], [10.8691572, 60.0590802], [10.8692229, 60.059124], [10.8693596, 60.0592147], [10.8694918, 60.0593121], [10.8696413, 60.0594319], [10.8697808, 60.0595625], [10.8698914, 60.0596803], [10.869978, 60.0597816], [10.8700296, 60.0598519], [10.8700806, 60.0599286], [10.8701603, 60.0600611], [10.8702186, 60.0601792], [10.8702622, 60.0602877], [10.8702984, 60.0604041], [10.8703233, 60.0605256], [10.8703441, 60.0606534], [10.8703467, 60.0607843], [10.8703353, 60.0609091], [10.8703199, 60.0610159], [10.8703005, 60.061134], [10.8702488, 60.0613419], [10.8702059, 60.0615282], [10.8701851, 60.0616243], [10.870157, 60.0617347], [10.8701248, 60.061829]]}, "properties": {"electrified": "contact_line", "frequency": "16.67", "gauge": "1435", "name": "Gj\u00f8vikbanen", "passenger_lines": "2", "railway": "rail", "usage": "main", "voltage": "15000", "length_km": 0.441}}, {"type": "Feature", "geometry": {"type": "LineString", "coordinates": [[10.7241323, 60.199175], [10.7243942, 60.1985256], [10.7245485, 60.1981521], [10.7246143, 60.1979848], [10.72468, 60.1978142], [10.7247363, 60.1976242], [10.7247819, 60.1974409], [10.7248141, 60.1972736], [10.7248329, 60.1971276], [10.7248382, 60.1969756], [10.7248342, 60.196831], [10.7248195, 60.1966484], [10.724798, 60.1964891], [10.7247631, 60.1963291], [10.7247148, 60.1961564], [10.7246505, 60.1959858], [10.7245834, 60.1958565], [10.7245123, 60.1957172], [10.7244359, 60.1955738], [10.724342, 60.1954299], [10.7242455, 60.1952859], [10.7240105, 60.1949547]]}, "properties": {"electrified": "contact_line", "frequency": "16.67", "gauge": "1435", "maxspeed": "110", "name": "Gj\u00f8vikbanen", "operator": "Bane NOR", "passenger_lines": "2", "railway": "rail", "usage": "main", "voltage": "15000", "length_km": 0.48, "maxspeed_kmh": 110.0}}, {"type": "Feature", "geometry": {"type": "LineString", "coordinates": [[10.7235814, 60.1940227], [10.7236342, 60.1941822], [10.7236719, 60.1942737], [10.7237105, 60.1943532], [10.7237597, 60.1944418], [10.7238224, 60.1945408], [10.7238984, 60.1946587], [10.7240014, 60.194813], [10.7240907, 60.1949407], [10.7243258, 60.1952722], [10.7244227, 60.1954167], [10.7245174, 60.1955619], [10.7245946, 60.1957066], [10.7246711, 60.1958433], [10.7247335, 60.1959766], [10.7247987, 60.1961496], [10.7248528, 60.1963199], [10.7248934, 60.196484], [10.724915, 60.1966468], [10.724938, 60.1968328], [10.7249419, 60.1969756], [10.7249311, 60.1971339], [10.7249135, 60.1972807], [10.724881, 60.1974508], [10.7248315, 60.1976349], [10.7247725, 60.1978235], [10.7247095, 60.1979961], [10.7246451, 60.1981608], [10.7245595, 60.1983545], [10.724464, 60.1985494], [10.7243608, 60.198726], [10.7242589, 60.1989153], [10.7241323, 60.199175]]}, "properties": {"electrified": "contact_line", "frequency": "16.67", "gauge": "1435", "maxspeed": "40", "name": "Gj\u00f8vikbanen", "passenger_lines": "2", "railway": "rail", "usage": "main", "voltage": "15000", "length_km": 0.589, "maxspeed_kmh": 40.0}}, {"type": "Feature", "geometry": {"type": "LineString", "coordinates": [[10.7253493, 60.1899171], [10.7254421, 60.1897019], [10.7255004, 60.1895349], [10.7255459, 60.1893959], [10.7255755, 60.189275], [10.7256091, 60.1891129], [10.7256723, 60.1886378], [10.7257918, 60.1876575]]}, "properties": {"electrified": "contact_line", "frequency": "16.67", "gauge": "1435", "maxspeed": "105", "name": "Gj\u00f8vikbanen", "operator": "Bane NOR", "passenger_lines": "2", "railway": "rail", "usage": "main", "voltage": "15000", "length_km": 0.253, "maxspeed_kmh": 105.0}}, {"type": "Feature", "geometry": {"type": "LineString", "coordinates": [[10.7257918, 60.1876575], [10.7257804, 60.1878522], [10.7257783, 60.1879312], [10.725779, 60.1880789], [10.725777, 60.1882163], [10.7257716, 60.188427], [10.7257676, 60.1885316], [10.7257574, 60.1886408], [10.725694, 60.1891167], [10.7256603, 60.1892797], [10.7256303, 60.1894019], [10.7255845, 60.1895419], [10.7255258, 60.18971], [10.7254324, 60.1899268], [10.725312, 60.1901625], [10.7252054, 60.1903448], [10.7250929, 60.1905116], [10.7249991, 60.1906414], [10.7249119, 60.1907498], [10.7247284, 60.1909741], [10.724483, 60.1912685], [10.7242835, 60.1915121]]}, "properties": {"electrified": "contact_line", "frequency": "16.67", "gauge": "1435", "maxspeed": "40", "name": "Gj\u00f8vikbanen", "passenger_lines": "2", "railway": "rail", "usage": "main", "voltage": "15000", "length_km": 0.442, "maxspeed_kmh": 40.0}}, {"type": "Feature", "geometry": {"type": "LineString", "coordinates": [[10.803542, 59.9920375], [10.8035566, 59.9921327], [10.8035668, 59.9922526], [10.803569, 59.9923565], [10.8035704, 59.9924645], [10.8035617, 59.9925646], [10.803555, 59.992634], [10.8035372, 59.9927329], [10.8035233, 59.9928099], [10.8034972, 59.992915], [10.803461, 59.9930346], [10.8034276, 59.9931325], [10.8033783, 59.9932572], [10.8033233, 59.9933761], [10.8032609, 59.9935146], [10.8031731, 59.9936948], [10.8026307, 59.9948159], [10.8023015, 59.9954953]]}, "properties": {"electrified": "contact_line", "frequency": "16.67", "gauge": "1435", "maxspeed": "100", "name": "Gj\u00f8vikbanen", "operator": "Bane NOR", "passenger_lines": "1", "railway": "rail", "usage": "main", "voltage": "15000", "length_km": 0.393, "maxspeed_kmh": 100.0}}, {"type": "Feature", "geometry": {"type": "LineString", "coordinates": [[10.8023015, 59.9954953], [10.8022792, 59.995543]]}, "properties": {"bridge": "yes", "electrified": "contact_line", "frequency": "16.67", "gauge": "1435", "maxspeed": "100", "name": "Gj\u00f8vikbanen", "operator": "Bane NOR", "passenger_lines": "1", "railway": "rail", "usage": "main", "voltage": "15000", "length_km": 0.005, "maxspeed_kmh": 100.0}}, {"type": "Feature", "geometry": {"type": "LineString", "coordinates": [[10.7811196, 59.9394646], [10.781283, 59.9391191]]}, "properties": {"electrified": "contact_line", "frequency": "16.67", "gauge": "1435", "name": "Gj\u00f8vikbanen", "operator": "Bane NOR", "passenger_lines": "3", "railway": "rail", "service": "siding", "voltage": "15000", "length_km": 0.04}}, {"type": "Feature", "geometry": {"type": "LineString", "coordinates": [[10.7794899, 59.9430259], [10.7796637, 59.9426452]]}, "properties": {"electrified": "contact_line", "frequency": "16.67", "gauge": "1435", "name": "Gj\u00f8vikbanen", "passenger_lines": "3", "railway": "rail", "service": "siding", "voltage": "15000", "length_km": 0.044}}, {"type": "Feature", "geometry": {"type": "LineString", "coordinates": [[10.7906146, 59.905314], [10.7906924, 59.9053186], [10.7907662, 59.9053232]]}, "properties": {"bridge": "yes", "electrified": "contact_line", "frequency": "16.67", "gauge": "1435", "maxspeed": "70", "name": "Gj\u00f8vikbanen", "operator": "Bane NOR", "passenger_lines": "1", "railway": "rail", "usage": "main", "voltage": "15000", "length_km": 0.009, "maxspeed_kmh": 70.0}}, {"type": "Feature", "geometry": {"type": "LineString", "coordinates": [[10.7813799, 59.938903], [10.7813965, 59.9388669]]}, "properties": {"electrified": "contact_line", "frequency": "16.67", "gauge": "1435", "maxspeed": "40", "name": "Gj\u00f8vikbanen", "railway": "rail", "voltage": "15000", "length_km": 0.004, "maxspeed_kmh": 40.0}}]}