{"type": "FeatureCollection", "features": [{"type": "Feature", "geometry": {"type": "LineString", "coordinates": [[10.8334854, 59.9232276], [10.8333082, 59.9228847], [10.8331333, 59.9225763], [10.8330082, 59.9223706], [10.8328191, 59.9220615], [10.8323113, 59.9212431], [10.8308015, 59.9188089], [10.8287436, 59.9154851], [10.827603, 59.9136514], [10.8274355, 59.9133912], [10.8273504, 59.913267], [10.8272633, 59.9131424], [10.8272001, 59.9130553], [10.8271349, 59.9129686], [10.8270687, 59.9128831], [10.8269976, 59.9127957], [10.8268682, 59.9126409], [10.8267829, 59.9125449], [10.8266941, 59.9124498], [10.8263988, 59.9121455]]}, "properties": {"electrified": "contact_line", "frequency": "16.67", "gauge": "1435", "maxspeed": "125", "name": "Hovedbanen", "operator": "Bane NOR", "passenger_lines": "3", "railway": "rail", "usage": "branch", "voltage": "15000", "length_km": 1.298, "maxspeed_kmh": 125.0}}, {"type": "Feature", "geometry": {"type": "LineString", "coordinates": [[10.9507752, 59.9434157], [10.9511114, 59.9432895], [10.951296, 59.9432177], [10.9514817, 59.9431442], [10.9515585, 59.9431132], [10.9517678, 59.9430259], [10.9519759, 59.9429374], [10.9521754, 59.9428517], [10.9523706, 59.9427647], [10.9539492, 59.9420352], [10.9541483, 59.9419436], [10.9543501, 59.9418528], [10.9545513, 59.9417651], [10.9547539, 59.941678], [10.9549701, 59.941588], [10.9551824, 59.9415019], [10.9553962, 59.9414166]]}, "properties": {"electrified": "contact_line", "frequency": "16.67", "gauge": "1435", "maxspeed": "105", "name": "Hovedbanen", "operator": "Bane NOR", "passenger_lines": "2", "railway": "rail", "usage": "branch", "voltage": "15000", "length_km": 0.341, "maxspeed_kmh": 105.0}}, {"type": "Feature", "geometry": {"type": "LineString", "coordinates": [[10.9179023, 59.9487465], [10.9176935, 59.9487638], [10.9174879, 59.9487834], [10.9172404, 59.9488092], [10.9169977, 59.9488382], [10.916755, 59.9488696], [10.916517, 59.9489033], [10.9162891, 59.9489385], [10.9160627, 59.9489771], [10.9158362, 59.9490175], [10.9156139, 59.94906], [10.9153836, 59.949108], [10.9151584, 59.9491573], [10.9149332, 59.9492103], [10.9147106, 59.9492649], [10.9144817, 59.9493242], [10.9142565, 59.9493853], [10.9140288, 59.9494493], [10.9138061, 59.9495151], [10.9135767, 59.9495847], [10.9133522, 59.9496567], [10.9131277, 59.9497311], [10.912907, 59.9498074], [10.9126853, 59.9498871], [10.9124684, 59.9499677], [10.9122563, 59.950051], [10.9120457, 59.9501351], [10.9118494, 59.9502189], [10.9116417, 59.9503083], [10.9114437, 59.9503961], [10.9112472, 59.9504847], [10.910843, 59.9506693], [10.9106342, 59.9507605], [10.9104239, 59.9508504], [10.9102545, 59.9509207], [10.910079, 59.9509911], [10.9098668, 59.9510725], [10.9097722, 59.9511073]]}, "properties": {"electrified": "contact_line", "frequency": "16.67", "gauge": "1435", "maxspeed": "110", "name": "Hovedbanen", "operator": "Bane NOR", "passenger_lines": "2", "railway": "rail", "usage": "branch", "voltage": "15000", "length_km": 0.533, "maxspeed_kmh": 110.0}}, {"type": "Feature", "geometry": {"type": "LineString", "coordinates": [[10.9474265, 59.9445278], [10.9477638, 59.9444239]]}, "properties": {"bridge": "yes", "electrified": "contact_line", "frequency": "16.67", "gauge": "1435", "maxspeed": "85", "name": "Hovedbanen", "operator": "Bane NOR", "passenger_lines": "2", "railway": "rail", "usage": "branch", "voltage": "15000", "length_km": 0.022, "maxspeed_kmh": 85.0}}, {"type": "Feature", "geometry": {"type": "LineString", "coordinates": [[10.9477638, 59.9444239], [10.9480911, 59.9443232], [10.9491689, 59.9439942]]}, "properties": {"electrified": "contact_line", "frequency": "16.67", "gauge": "1435", "maxspeed": "85", "name": "Hovedbanen", "operator": "Bane NOR", "passenger_lines": "2", "railway": "rail", "usage": "branch", "voltage": "15000", "length_km": 0.092, "maxspeed_kmh": 85.0}}, {"type": "Feature", "geometry": {"type": "LineString", "coordinates": [[10.9491143, 59.9439644], [10.9492764, 59.9439131]]}, "properties": {"bridge": "yes", "electrified": "contact_line", "frequency": "16.67", "gauge": "1435", "maxspeed": "100", "name": "Hovedbanen", "operator": "Bane NOR", "passenger_lines": "2", "railway": "rail", "usage": "branch", "voltage": "15000", "length_km": 0.011, "maxspeed_kmh": 100.0}}, {"type": "Feature", "geometry": {"type": "LineString", "coordinates": [[10.8944977, 59.9535844], [10.8947067, 59.9536188], [10.8949185, 59.9536505], [10.8951148, 59.9536762], [10.8953166, 59.953699], [10.8955159, 59.9537216], [10.8957167, 59.9537414], [10.8959155, 59.9537583], [10.8961158, 59.9537724], [10.896316, 59.9537848], [10.8965189, 59.9537952], [10.8967237, 59.953803], [10.8969298, 59.9538089], [10.8971333, 59.9538124], [10.8973381, 59.953814], [10.8975588, 59.9538118], [10.8977795, 59.9538075], [10.8980002, 59.9538002], [10.8982229, 59.9537909], [10.8984507, 59.9537778], [10.8986785, 59.9537623], [10.8989047, 59.9537436], [10.8991309, 59.9537226], [10.8993351, 59.9536998], [10.8995409, 59.9536755], [10.8997502, 59.9536473], [10.8999618, 59.9536158], [10.9001767, 59.9535826], [10.9003935, 59.9535442], [10.9006073, 59.9535044], [10.9008171, 59.9534604], [10.9010832, 59.953402], [10.901334, 59.9533431], [10.9015849, 59.9532812], [10.9018049, 59.9532263], [10.9020214, 59.9531695], [10.9022379, 59.9531127], [10.9024543, 59.9530552], [10.9062786, 59.9520479], [10.9082008, 59.9515384], [10.9083814, 59.9514895], [10.9085847, 59.9514328], [10.9088011, 59.9513713], [10.9090161, 59.9513075], [10.9092121, 59.951247], [10.9094048, 59.9511866], [10.9095679, 59.9511319], [10.9097263, 59.9510765]]}, "properties": {"electrified": "contact_line", "frequency": "16.67", "gauge": "1435", "maxspeed": "110", "name": "Hovedbanen", "operator": "Bane NOR", "passenger_lines": "2", "railway": "rail", "usage": "branch", "voltage": "15000", "length_km": 0.926, "maxspeed_kmh": 110.0}}, {"type": "Feature", "geometry": {"type": "LineString", "coordinates": [[10.8701552, 59.943468], [10.8707967, 59.9436528], [10.8711477, 59.9437571], [10.8713904, 59.9438295], [10.871633, 59.9439028], [10.8718736, 59.9439764], [10.8721127, 59.9440521], [10.872343, 59.9441262], [10.8725725, 59.9442017], [10.8728015, 59.9442786], [10.873028, 59.9443577], [10.8732489, 59.9444333], [10.8734672, 59.9445114], [10.8736838, 59.9445906], [10.8738987, 59.944671], [10.874111, 59.9447523], [10.8743267, 59.9448348], [10.8747519, 59.945], [10.8772784, 59.9459966], [10.8774911, 59.9460773], [10.8777058, 59.9461581], [10.8779219, 59.9462399], [10.8781458, 59.9463203], [10.8783646, 59.9463988], [10.878587, 59.9464744], [10.8788111, 59.9465492], [10.8790407, 59.9466222], [10.8792608, 59.9466919], [10.8794881, 59.9467597], [10.87972, 59.9468271], [10.8799572, 59.9468927], [10.8801767, 59.9469519], [10.8803997, 59.9470102], [10.8806635, 59.9470753], [10.8809309, 59.9471386], [10.8812023, 59.9472019], [10.8814243, 59.947251], [10.8816481, 59.9473]]}, "properties": {"electrified": "contact_line", "frequency": "16.67", "gauge": "1435", "maxspeed": "130", "name": "Hovedbanen", "operator": "Bane NOR", "passenger_lines": "2", "railway": "rail", "usage": "branch", "voltage": "15000", "length_km": 0.774, "maxspeed_kmh": 130.0}}, {"type": "Feature", "geometry": {"type": "LineString", "coordinates": [[10.8583192, 59.9401779], [10.8585715, 59.9402284], [10.8588238, 59.9402808], [10.8590554, 59.9403302], [10.8592845, 59.9403809], [10.8595133, 59.940434], [10.8597396, 59.9404884], [10.8599705, 59.9405446], [10.8602001, 59.9406036], [10.8604282, 59.9406647], [10.8606549, 59.9407266], [10.8610202, 59.9408296], [10.861387, 59.9409349], [10.8618839, 59.9410784], [10.8624575, 59.9412454], [10.8624961, 59.9412564], [10.8635767, 59.9415707], [10.8663941, 59.9423876], [10.8699282, 59.9434019]]}, "properties": {"electrified": "contact_line", "frequency": "16.67", "gauge": "1435", "maxspeed": "130", "name": "Hovedbanen", "operator": "Bane NOR", "passenger_lines": "2", "railway": "rail", "usage": "branch", "voltage": "15000", "length_km": 0.742, "maxspeed_kmh": 130.0}}, {"type": "Feature", "geometry": {"type": "LineString", "coordinates": [[10.8345195, 59.9310963], [10.8345654, 59.9311645], [10.8347501, 59.9314391], [10.8354877, 59.932533], [10.8361347, 59.9334867], [10.8363751, 59.9338288], [10.8364566, 59.9339389], [10.8365396, 59.9340483], [10.8366251, 59.9341569], [10.8367137, 59.9342646], [10.8368114, 59.9343771], [10.8369122, 59.9344896], [10.8370152, 59.9345992], [10.8371228, 59.9347081], [10.8372317, 59.9348115], [10.8373425, 59.9349149], [10.8374562, 59.9350178], [10.8375758, 59.9351197], [10.8377115, 59.9352311], [10.8378502, 59.9353417], [10.8379943, 59.9354515], [10.8381445, 59.9355598], [10.838297, 59.9356654], [10.8384526, 59.9357702], [10.8386098, 59.9358739], [10.8387731, 59.9359768], [10.8389433, 59.9360788], [10.8391181, 59.9361785], [10.8392937, 59.9362778], [10.839477, 59.9363755], [10.8396605, 59.9364707], [10.8398491, 59.9365658], [10.8400404, 59.9366579], [10.8402352, 59.9367491], [10.8404329, 59.9368363], [10.8406341, 59.9369234], [10.840837, 59.937007], [10.8410434, 59.9370907], [10.8412514, 59.93717], [10.8414339, 59.9372382], [10.8416127, 59.9373021]]}, "properties": {"electrified": "contact_line", "frequency": "16.67", "gauge": "1435", "maxspeed": "130", "name": "Hovedbanen", "operator": "Bane NOR", "passenger_lines": "2", "railway": "rail", "usage": "branch", "voltage": "15000", "length_km": 0.815, "maxspeed_kmh": 130.0}}, {"type": "Feature", "geometry": {"type": "LineString", "coordinates": [[10.8342417, 59.9266337], [10.8342635, 59.9265264], [10.8342856, 59.9264049], [10.8343041, 59.9262943], [10.834318, 59.9261656], [10.8343289, 59.926034], [10.8343319, 59.9259039], [10.8343305, 59.9257752], [10.8343259, 59.925643], [10.8343148, 59.9255115], [10.8342977, 59.9253825], [10.8342779, 59.9252535], [10.8342499, 59.9251207], [10.8342196, 59.924996], [10.8341828, 59.9248667], [10.8341413, 59.9247385], [10.8341023, 59.9246273], [10.8340611, 59.9245166], [10.8339724, 59.9242989], [10.8339493, 59.9242443]]}, "properties": {"electrified": "contact_line", "frequency": "16.67", "gauge": "1435", "maxspeed": "125", "name": "Hovedbanen", "operator": "Bane NOR", "passenger_lines": "2", "railway": "rail", "usage": "branch", "voltage": "15000", "length_km": 0.268, "maxspeed_kmh": 125.0}}, {"type": "Feature", "geometry": {"type": "LineString", "coordinates": [[10.8339493, 59.9242443], [10.8337536, 59.9237994], [10.8336287, 59.9235269], [10.8335554, 59.92337], [10.8334854, 59.9232276]]}, "properties": {"bridge": "yes", "electrified": "contact_line", "frequency": "16.67", "gauge": "1435", "maxspeed": "125", "name": "Hovedbanen", "operator": "Bane NOR", "passenger_lines": "3", "railway": "rail", "usage": "branch", "voltage": "15000", "length_km": 0.116, "maxspeed_kmh": 125.0}}, {"type": "Feature", "geometry": {"type": "LineString", "coordinates": [[10.8335706, 59.92323], [10.8336342, 59.9233615], [10.8337061, 59.9235183], [10.8338298, 59.9237901], [10.8340291, 59.9242462]]}, "properties": {"bridge": "yes", "electrified": "contact_line", "frequency": "16.67", "gauge": "1435", "maxspeed": "125", "name": "Hovedbanen", "operator": "Bane NOR", "passenger_lines": "3", "railway": "rail", "usage": "branch", "voltage": "15000", "length_km": 0.116, "maxspeed_kmh": 125.0}}, {"type": "Feature", "geometry": {"type": "LineString", "coordinates": [[10.8264657, 59.9121278], [10.8267684, 59.9124374], [10.8268548, 59.9125301], [10.8269376, 59.9126227], [10.8270756, 59.9127856], [10.8271442, 59.9128718], [10.8272119, 59.9129579], [10.8272782, 59.9130438], [10.8273427, 59.9131302], [10.8274299, 59.9132557], [10.827515, 59.9133812], [10.8276835, 59.9136406], [10.8288213, 59.9154749], [10.8300484, 59.9174511], [10.8308853, 59.9187989], [10.8323938, 59.9212346], [10.832899, 59.922051], [10.8330903, 59.9223602], [10.8332128, 59.9225647], [10.833386, 59.9228747], [10.8335706, 59.92323]]}, "properties": {"electrified": "contact_line", "frequency": "16.67", "gauge": "1435", "maxspeed": "125", "name": "Hovedbanen", "operator": "Bane NOR", "passenger_lines": "3", "railway": "rail", "usage": "branch", "voltage": "15000", "length_km": 1.3, "maxspeed_kmh": 125.0}}, {"type": "Feature", "geometry": {"type": "LineString", "coordinates": [[11.1842938, 60.1647396], [11.1845274, 60.1650939]]}, "properties": {"bridge": "yes", "electrified": "contact_line", "frequency": "16.67", "gauge": "1435", "maxspeed": "130", "name": "Hovedbanen", "operator": "Bane NOR", "passenger_lines": "1", "railway": "rail", "usage": "branch", "voltage": "15000", "length_km": 0.042, "maxspeed_kmh": 130.0}}, {"type": "Feature", "geometry": {"type": "LineString", "coordinates": [[11.1845274, 60.1650939], [11.1849209, 60.1656529], [11.1852497, 60.1661149], [11.185543, 60.1665128], [11.1860429, 60.1671782], [11.1870539, 60.1684238], [11.1881292, 60.1696827], [11.1886803, 60.1703293], [11.1891713, 60.1709095], [11.189629, 60.1714388], [11.1902466, 60.1721262], [11.1907243, 60.1726368], [11.1913398, 60.1732888], [11.1921819, 60.1741464], [11.1928729, 60.1748514], [11.1932972, 60.1753177], [11.1936638, 60.1757454], [11.1939016, 60.1760404], [11.1941882, 60.1764139], [11.1943637, 60.1766691], [11.1945703, 60.1769829], [11.1947414, 60.1772802], [11.1948969, 60.1775862], [11.1950369, 60.1779155], [11.1951569, 60.1782393], [11.1952569, 60.178552], [11.1953924, 60.1790425], [11.1955213, 60.1795806], [11.1955864, 60.1800999], [11.1956456, 60.1806356], [11.1956617, 60.1808591]]}, "properties": {"electrified": "contact_line", "frequency": "16.67", "gauge": "1435", "maxspeed": "130", "name": "Hovedbanen", "operator": "Bane NOR", "passenger_lines": "1", "railway": "rail", "usage": "branch", "voltage": "15000", "length_km": 1.876, "maxspeed_kmh": 130.0}}, {"type": "Feature", "geometry": {"type": "LineString", "coordinates": [[11.0368298, 59.9522909], [11.0378765, 59.9523509]]}, "properties": {"bridge": "yes", "electrified": "contact_line", "frequency": "16.67", "gauge": "1435", "maxspeed": "80", "name": "Hovedbanen", "operator": "Bane NOR", "passenger_lines": "4", "railway": "rail", "usage": "main", "voltage": "15000", "length_km": 0.059, "maxspeed_kmh": 80.0}}, {"type": "Feature", "geometry": {"type": "LineString", "coordinates": [[10.8340291, 59.9242462], [10.8340475, 59.9242906], [10.8341356, 59.9245113], [10.8341764, 59.9246219], [10.834215, 59.924733], [10.8342567, 59.9248607], [10.8342948, 59.9249902], [10.8343236, 59.9251177], [10.8343512, 59.9252482], [10.8343733, 59.9253808], [10.8343896, 59.9255094], [10.8344011, 59.925642], [10.8344062, 59.9257745], [10.8344086, 59.9259047], [10.8344038, 59.9260364], [10.8343946, 59.926167], [10.8343796, 59.9262984], [10.8343626, 59.9264087], [10.8343427, 59.9265314], [10.8343079, 59.9266928]]}, "properties": {"electrified": "contact_line", "frequency": "16.67", "gauge": "1435", "maxspeed": "125", "name": "Hovedbanen", "operator": "Bane NOR", "passenger_lines": "2", "railway": "rail", "usage": "branch", "voltage": "15000", "length_km": 0.274, "maxspeed_kmh": 125.0}}, {"type": "Feature", "geometry": {"type": "LineString", "coordinates": [[10.8343079, 59.9266928], [10.8342861, 59.9267919], [10.8341762, 59.9272257]]}, "properties": {"electrified": "contact_line", "frequency": "16.67", "gauge": "1435", "maxspeed": "125", "name": "Hovedbanen", "operator": "Bane NOR", "passenger_lines": "2", "railway": "rail", "tunnel": "yes", "usage": "branch", "voltage": "15000", "length_km": 0.06, "maxspeed_kmh": 125.0}}, {"type": "Feature", "geometry": {"type": "LineString", "coordinates": [[10.8341174, 59.9271547], [10.8342114, 59.9267799], [10.8342417, 59.9266337]]}, "properties": {"electrified": "contact_line", "frequency": "16.67", "gauge": "1435", "maxspeed": "125", "name": "Hovedbanen", "operator": "Bane NOR", "passenger_lines": "2", "railway": "rail", "tunnel": "yes", "usage": "branch", "voltage": "15000", "length_km": 0.058, "maxspeed_kmh": 125.0}}, {"type": "Feature", "geometry": {"type": "LineString", "coordinates": [[10.8415263, 59.9373199], [10.841366, 59.9372613], [10.8411797, 59.9371912], [10.841001, 59.9371236], [10.8407921, 59.9370391], [10.8405868, 59.9369545], [10.840385, 59.9368679], [10.8401883, 59.9367803], [10.8399888, 59.9366868], [10.8397945, 59.9365933], [10.8396045, 59.9364985], [10.839418, 59.936402], [10.8392344, 59.9363033], [10.8390585, 59.9362031], [10.838881, 59.9361021], [10.8387113, 59.9360004], [10.8385452, 59.9358957], [10.8383854, 59.9357903], [10.8382278, 59.9356837], [10.8380748, 59.9355771], [10.8379268, 59.9354688], [10.8377834, 59.9353596], [10.8376424, 59.9352485], [10.8375074, 59.9351367], [10.8373868, 59.9350349], [10.8372721, 59.9349321], [10.8371593, 59.9348284], [10.8370505, 59.9347246], [10.83694, 59.9346155], [10.8368326, 59.9345063], [10.8367276, 59.9343957], [10.8366242, 59.934285], [10.8364304, 59.9340672], [10.8362399, 59.9338487], [10.8360988, 59.9336832], [10.8359609, 59.9335177], [10.8358621, 59.9333979], [10.8357619, 59.9332738], [10.8356647, 59.9331497], [10.8355676, 59.9330235], [10.8354737, 59.9328974], [10.8353536, 59.9327349], [10.8352382, 59.9325723], [10.835111, 59.9323904], [10.8350224, 59.9322608], [10.834937, 59.9321312], [10.8348523, 59.9320016], [10.8347709, 59.9318719], [10.8345249, 59.9314596], [10.8343715, 59.9311849], [10.8343368, 59.9311203]]}, "properties": {"electrified": "contact_line", "frequency": "16.67", "gauge": "1435", "maxspeed": "130", "name": "Hovedbanen", "operator": "Bane NOR", "passenger_lines": "2", "railway": "rail", "usage": "branch", "voltage": "15000", "length_km": 0.816, "maxspeed_kmh": 130.0}}, {"type": "Feature", "geometry": {"type": "LineString", "coordinates": [[11.0147317, 59.9562976], [11.0149367, 59.956289], [11.0151272, 59.9562791], [11.0153187, 59.9562664], [11.0155092, 59.9562518], [11.0156985, 59.9562351], [11.0158865, 59.9562146], [11.0160771, 59.9561918], [11.0162065, 59.9561744], [11.0163614, 59.9561523], [11.0165309, 59.9561277], [11.0167004, 59.9560969], [11.0168671, 59.9560649], [11.0170296, 59.9560309], [11.0171959, 59.9559954], [11.0173579, 59.9559557], [11.0175193, 59.9559157], [11.0176765, 59.9558728], [11.0178346, 59.955829], [11.0179885, 59.9557818], [11.0181389, 59.9557331], [11.0182851, 59.9556824], [11.0184312, 59.9556284], [11.0185724, 59.9555744], [11.0187095, 59.9555187], [11.0188444, 59.9554623], [11.0189723, 59.9554041], [11.0190961, 59.9553452], [11.0192249, 59.9552845], [11.0193468, 59.9552218], [11.0194681, 59.9551559], [11.0195835, 59.9550876], [11.0196999, 59.9550163], [11.0198047, 59.9549489], [11.0199136, 59.9548753], [11.020019, 59.9548011], [11.0201193, 59.9547271], [11.0202225, 59.9546497], [11.0206114, 59.9543506], [11.0207106, 59.9542759], [11.0208122, 59.9542018], [11.0209145, 59.9541281], [11.0210191, 59.9540549], [11.0211224, 59.9539852], [11.0212333, 59.9539135], [11.0213434, 59.9538449], [11.0214583, 59.9537769], [11.0215778, 59.9537101], [11.0217033, 59.953645], [11.0218288, 59.9535806], [11.0219579, 59.9535174], [11.0220757, 59.9534627], [11.0221995, 59.9534091], [11.0223355, 59.9533529], [11.0224763, 59.9532979], [11.022609, 59.9532474], [11.0227554, 59.9531945], [11.0229016, 59.9531451], [11.0230501, 59.953097], [11.0231991, 59.9530508], [11.0233536, 59.9530069]]}, "properties": {"electrified": "contact_line", "frequency": "16.67", "gauge": "1435", "maxspeed": "90", "name": "Hovedbanen", "operator": "Bane NOR", "passenger_lines": "2", "railway": "rail", "usage": "branch", "voltage": "15000", "length_km": 0.628, "maxspeed_kmh": 90.0}}, {"type": "Feature", "geometry": {"type": "LineString", "coordinates": [[11.0143765, 59.9563056], [11.0145029, 59.9563045], [11.0146306, 59.9563017], [11.0147317, 59.9562976]]}, "properties": {"bridge": "yes", "electrified": "contact_line", "frequency": "16.67", "gauge": "1435", "maxspeed": "90", "name": "Hovedbanen", "operator": "Bane NOR", "passenger_lines": "2", "railway": "rail", "usage": "branch", "voltage": "15000", "length_km": 0.02, "maxspeed_kmh": 90.0}}, {"type": "Feature", "geometry": {"type": "LineString", "coordinates": [[10.9399644, 59.9461034], [10.9400638, 59.9460803], [10.9401628, 59.946056], [10.9403047, 59.9460204], [10.9404221, 59.9459862], [10.9405493, 59.9459482], [10.9407119, 59.9459002], [10.9408843, 59.9458528], [10.9410348, 59.9458136], [10.941191, 59.9457757], [10.9413485, 59.9457396], [10.9415117, 59.9457056], [10.9418244, 59.9456399], [10.9455047, 59.9448676], [10.9459198, 59.9447812], [10.9463365, 59.9446924], [10.9465394, 59.944646], [10.9467423, 59.9445973], [10.9469397, 59.9445471], [10.9471371, 59.9444952], [10.9474082, 59.9444268]]}, "properties": {"electrified": "contact_line", "frequency": "16.67", "gauge": "1435", "maxspeed": "40", "name": "Hovedbanen", "railway": "rail", "usage": "branch", "voltage": "15000", "length_km": 0.457, "maxspeed_kmh": 40.0}}, {"type": "Feature", "geometry": {"type": "LineString", "coordinates": [[10.7902264, 59.9059161], [10.7882053, 59.9059077], [10.7863145, 59.9059011], [10.7848765, 59.9058972], [10.7842552, 59.9058971], [10.7839821, 59.9058972], [10.7837149, 59.9058991], [10.7834421, 59.9059034], [10.7831778, 59.9059088], [10.7829059, 59.9059159], [10.7826339, 59.9059246], [10.782362, 59.9059342], [10.7820916, 59.9059453], [10.7818241, 59.9059578], [10.7815577, 59.9059715], [10.7812928, 59.9059874], [10.7810302, 59.9060043], [10.7804285, 59.9060486], [10.7799542, 59.9060882], [10.7795757, 59.9061228], [10.7792082, 59.9061596], [10.77883, 59.9062015], [10.778466, 59.9062439], [10.7781049, 59.9062891], [10.7777519, 59.9063368], [10.7774556, 59.9063766], [10.7767898, 59.9064765], [10.7761154, 59.9065838], [10.7752981, 59.9067195], [10.7741103, 59.906927], [10.7695115, 59.907734]]}, "properties": {"electrified": "contact_line", "frequency": "16.67", "gauge": "1435", "maxspeed": "110", "name": "Hovedbanen", "operator": "Bane NOR", "passenger_lines": "4", "railway": "rail", "usage": "main", "voltage": "15000", "length_km": 1.19, "maxspeed_kmh": 110.0}}, {"type": "Feature", "geometry": {"type": "LineString", "coordinates": [[10.7679329, 59.908011], [10.7676236, 59.9080647]]}, "properties": {"bridge": "yes", "electrified": "contact_line", "frequency": "16.67", "gauge": "1435", "maxspeed": "110", "name": "Hovedbanen", "operator": "Bane NOR", "passenger_lines": "4", "railway": "rail", "usage": "main", "voltage": "15000", "length_km": 0.018, "maxspeed_kmh": 110.0}}, {"type": "Feature", "geometry": {"type": "LineString", "coordinates": [[10.7676238, 59.9080246], [10.7679346, 59.9079704]]}, "properties": {"bridge": "yes", "electrified": "contact_line", "frequency": "16.67", "gauge": "1435", "maxspeed": "110", "name": "Hovedbanen", "operator": "Bane NOR", "passenger_lines": "4", "railway": "rail", "usage": "branch", "voltage": "15000", "length_km": 0.018, "maxspeed_kmh": 110.0}}, {"type": "Feature", "geometry": {"type": "LineString", "coordinates": [[10.9491143, 59.9439644], [10.9489026, 59.9440284], [10.9483987, 59.9441841], [10.9477049, 59.9443956]]}, "properties": {"electrified": "contact_line", "frequency": "16.67", "gauge": "1435", "maxspeed": "100", "name": "Hovedbanen", "operator": "Bane NOR", "passenger_lines": "2", "railway": "rail", "usage": "branch", "voltage": "15000", "length_km": 0.092, "maxspeed_kmh": 100.0}}, {"type": "Feature", "geometry": {"type": "LineString", "coordinates": [[10.9474082, 59.9444268], [10.9476593, 59.9443662]]}, "properties": {"bridge": "yes", "electrified": "contact_line", "frequency": "16.67", "gauge": "1435", "maxspeed": "40", "name": "Hovedbanen", "railway": "rail", "usage": "branch", "length_km": 0.016, "maxspeed_kmh": 40.0}}, {"type": "Feature", "geometry": {"type": "LineString", "coordinates": [[10.9469915, 59.9445947], [10.9467901, 59.9446425], [10.9465804, 59.9446896], [10.9463707, 59.9447348], [10.9455409, 59.9449084], [10.9418578, 59.9456822]]}, "properties": {"electrified": "contact_line", "frequency": "16.67", "gauge": "1435", "maxspeed": "85", "name": "Hovedbanen", "operator": "Bane NOR", "passenger_lines": "2", "railway": "rail", "usage": "branch", "voltage": "15000", "length_km": 0.312, "maxspeed_kmh": 85.0}}, {"type": "Feature", "geometry": {"type": "LineString", "coordinates": [[11.1624261, 60.1295854], [11.1626822, 60.1299801], [11.1628531, 60.1302271], [11.1630277, 60.1304721], [11.1631667, 60.1306584], [11.1633108, 60.1308438], [11.1634486, 60.1310192]]}, "properties": {"bridge": "yes", "electrified": "contact_line", "frequency": "16.67", "gauge": "1435", "maxspeed": "110", "name": "Hovedbanen", "operator": "Bane NOR", "passenger_lines": "1", "railway": "rail", "usage": "branch", "voltage": "15000", "length_km": 0.17, "maxspeed_kmh": 110.0}}, {"type": "Feature", "geometry": {"type": "LineString", "coordinates": [[11.1634486, 60.1310192], [11.163615, 60.1312216], [11.1636951, 60.1313165], [11.1637757, 60.1314112], [11.1638583, 60.1315055], [11.1639424, 60.1315994], [11.164027, 60.1316928], [11.164116, 60.1317858], [11.1642019, 60.1318788], [11.1642909, 60.1319701], [11.1643836, 60.1320628], [11.1644788, 60.1321549], [11.1645759, 60.1322461], [11.1646742, 60.1323373], [11.1647756, 60.1324283], [11.1648795, 60.1325189], [11.164986, 60.1326084], [11.165093, 60.132698], [11.1651968, 60.1327816], [11.1653033, 60.1328645], [11.165411, 60.1329468], [11.1655202, 60.1330288], [11.1656355, 60.1331138], [11.1657519, 60.1331973], [11.1658705, 60.133281], [11.1659923, 60.1333642], [11.1661503, 60.1334689], [11.1663122, 60.1335723], [11.166475, 60.1336737], [11.1666426, 60.1337742], [11.1667989, 60.1338676], [11.1669584, 60.1339598], [11.1671212, 60.1340508], [11.1672862, 60.1341412], [11.1674559, 60.1342303], [11.1676266, 60.1343188], [11.1678001, 60.1344049], [11.1679758, 60.1344911], [11.1681748, 60.1345849], [11.1683742, 60.1346775], [11.1685775, 60.1347697], [11.1687803, 60.1348619], [11.1696044, 60.1352327], [11.169989, 60.1354121], [11.1701809, 60.1355018], [11.170372, 60.1355922], [11.1705686, 60.1356861], [11.1707633, 60.1357813], [11.1709566, 60.1358763], [11.1711494, 60.1359715], [11.1713068, 60.1360515], [11.1714613, 60.1361326], [11.1716158, 60.1362139], [11.1717688, 60.1362959], [11.1719172, 60.1363786], [11.1720634, 60.1364624], [11.172208, 60.1365467], [11.1723526, 60.136631], [11.1724953, 60.1367181], [11.1726347, 60.1368053], [11.1727736, 60.1368932], [11.1729102, 60.1369817], [11.1730701, 60.1370894], [11.173229, 60.137198], [11.173384, 60.1373079], [11.1735361, 60.1374187], [11.1736528, 60.1375078], [11.1737696, 60.137597], [11.1738829, 60.1376873], [11.1739987, 60.1377796], [11.1741298, 60.1378869], [11.1742579, 60.1379957], [11.174382, 60.1381054], [11.1745047, 60.138215], [11.1746223, 60.1383255], [11.1747387, 60.1384377], [11.1748528, 60.13855], [11.1749632, 60.1386634], [11.1750711, 60.1387747], [11.1751767, 60.1388868], [11.1752787, 60.1390004], [11.175377, 60.1391149], [11.1754789, 60.1392285], [11.1755752, 60.1393427], [11.1756695, 60.1394583], [11.1757613, 60.1395752], [11.1758532, 60.1396927], [11.1759432, 60.1398107], [11.176026, 60.1399299], [11.1761077, 60.1400495], [11.1761831, 60.1401672], [11.1762526, 60.1402868], [11.1763193, 60.1404068], [11.1763786, 60.1405282], [11.1764808, 60.1407501]]}, "properties": {"electrified": "contact_line", "frequency": "16.67", "gauge": "1435", "maxspeed": "110", "name": "Hovedbanen", "operator": "Bane NOR", "passenger_lines": "1", "railway": "rail", "usage": "branch", "voltage": "15000", "length_km": 1.324, "maxspeed_kmh": 110.0}}, {"type": "Feature", "geometry": {"type": "LineString", "coordinates": [[11.0131971, 59.9562733], [11.0133666, 59.9562844], [11.0135153, 59.9562913], [11.0136634, 59.9562973]]}, "properties": {"bridge": "yes", "electrified": "contact_line", "frequency": "16.67", "gauge": "1435", "maxspeed": "90", "name": "Hovedbanen", "operator": "Bane NOR", "passenger_lines": "2", "railway": "rail", "usage": "branch", "voltage": "15000", "length_km": 0.026, "maxspeed_kmh": 90.0}}, {"type": "Feature", "geometry": {"type": "LineString", "coordinates": [[10.8699347, 59.943458], [10.866356, 59.9424206], [10.8635367, 59.941603], [10.8624779, 59.9412962], [10.8614156, 59.9409874], [10.8609838, 59.940863], [10.8606178, 59.9407589], [10.8603912, 59.9406974], [10.8601646, 59.9406374], [10.8599396, 59.9405793], [10.8597043, 59.9405217], [10.8594802, 59.9404686], [10.859254, 59.9404164], [10.8590268, 59.9403653], [10.8587975, 59.9403163], [10.8585467, 59.9402653], [10.8583245, 59.9402218]]}, "properties": {"electrified": "contact_line", "frequency": "16.67", "gauge": "1435", "maxspeed": "130", "name": "Hovedbanen", "operator": "Bane NOR", "passenger_lines": "2", "railway": "rail", "usage": "branch", "voltage": "15000", "length_km": 0.743, "maxspeed_kmh": 130.0}}, {"type": "Feature", "geometry": {"type": "LineString", "coordinates": [[10.8417049, 59.9373342], [10.8419057, 59.9374026], [10.8421141, 59.9374723], [10.8423241, 59.9375405], [10.8425406, 59.9376093], [10.8427687, 59.9376806], [10.8429894, 59.9377486], [10.8432127, 59.9378159], [10.8436627, 59.9379503], [10.8438882, 59.9380145], [10.8441165, 59.9380787], [10.8443483, 59.9381419], [10.8445841, 59.9382043], [10.84481, 59.9382619], [10.8450397, 59.9383186], [10.8452754, 59.9383733], [10.8455111, 59.938427], [10.8457576, 59.9384788], [10.846006, 59.9385288], [10.8462593, 59.9385772], [10.8465146, 59.9386237], [10.8467665, 59.9386675], [10.8470204, 59.9387093], [10.8472763, 59.9387502], [10.8475341, 59.9387891], [10.8477892, 59.9388267], [10.8480486, 59.9388633], [10.8483081, 59.9388987], [10.8485709, 59.9389326], [10.8490952, 59.9389985], [10.8496218, 59.9390627], [10.8511834, 59.9392476], [10.8552137, 59.9397276], [10.8555627, 59.939769], [10.8559133, 59.9398113], [10.856167, 59.9398428], [10.8564225, 59.9398761], [10.8566771, 59.9399099], [10.8569279, 59.9399446], [10.8571907, 59.9399844], [10.857421, 59.9400211], [10.8576553, 59.9400592], [10.8578896, 59.9400993], [10.8579494, 59.9401094]]}, "properties": {"electrified": "contact_line", "frequency": "16.67", "gauge": "1435", "maxspeed": "130", "name": "Hovedbanen", "operator": "Bane NOR", "passenger_lines": "2", "railway": "rail", "usage": "branch", "voltage": "15000", "length_km": 0.967, "maxspeed_kmh": 130.0}}, {"type": "Feature", "geometry": {"type": "LineString", "coordinates": [[10.8579494, 59.9401094], [10.8581292, 59.940142], [10.8583192, 59.9401779]]}, "properties": {"bridge": "yes", "electrified": "contact_line", "frequency": "16.67", "gauge": "1435", "maxspeed": "130", "name": "Hovedbanen", "operator": "Bane NOR", "passenger_lines": "2", "railway": "rail", "usage": "branch", "voltage": "15000", "length_km": 0.022, "maxspeed_kmh": 130.0}}, {"type": "Feature", "geometry": {"type": "LineString", "coordinates": [[10.8583245, 59.9402218], [10.8581204, 59.940183], [10.8579541, 59.9401518]]}, "properties": {"bridge": "yes", "electrified": "contact_line", "frequency": "16.67", "gauge": "1435", "maxspeed": "130", "name": "Hovedbanen", "operator": "Bane NOR", "passenger_lines": "2", "railway": "rail", "usage": "branch", "voltage": "15000", "length_km": 0.022, "maxspeed_kmh": 130.0}}, {"type": "Feature", "geometry": {"type": "LineString", "coordinates": [[11.0379942, 59.9524107], [11.0379287, 59.952407]]}, "properties": {"electrified": "contact_line", "frequency": "16.67", "gauge": "1435", "maxspeed": "80", "name": "Hovedbanen", "operator": "Bane NOR", "passenger_lines": "4", "railway": "rail", "usage": "main", "voltage": "15000", "length_km": 0.004, "maxspeed_kmh": 80.0}}, {"type": "Feature", "geometry": {"type": "LineString", "coordinates": [[11.0474666, 59.9536111], [11.0471312, 59.9535206], [11.0470188, 59.9534912], [11.046904, 59.9534637], [11.0468002, 59.9534389], [11.0466883, 59.9534135], [11.0464986, 59.9533727], [11.0463068, 59.9533345], [11.0461141, 59.9532993], [11.0459223, 59.9532657], [11.0450833, 59.9531192], [11.0442614, 59.9529772], [11.0434279, 59.9528396], [11.0426936, 59.9527238], [11.0420333, 59.9526247], [11.0416401, 59.9525677], [11.0412229, 59.9525088], [11.0410633, 59.9524903], [11.0409029, 59.9524749], [11.0406409, 59.9524528]]}, "properties": {"electrified": "contact_line", "frequency": "16.67", "gauge": "1435", "maxspeed": "40", "name": "Hovedbanen", "railway": "rail", "service": "siding", "voltage": "15000", "length_km": 0.404, "maxspeed_kmh": 40.0}}, {"type": "Feature", "geometry": {"type": "LineString", "coordinates": [[11.0379942, 59.9524107], [11.0388111, 59.9524582], [11.0391924, 59.9524822], [11.0393841, 59.9524973], [11.0395618, 59.9525125]]}, "properties": {"electrified": "contact_line", "frequency": "16.67", "gauge": "1435", "maxspeed": "80", "name": "Hovedbanen", "operator": "Bane NOR", "railway": "rail", "usage": "branch", "voltage": "15000", "length_km": 0.088, "maxspeed_kmh": 80.0}}, {"type": "Feature", "geometry": {"type": "LineString", "coordinates": [[11.037941, 59.9523537], [11.038006, 59.9523563], [11.0381163, 59.9523613], [11.0383133, 59.9523666], [11.0384708, 59.9523678], [11.0386153, 59.9523674], [11.0387841, 59.9523649], [11.0392178, 59.9523564], [11.0395092, 59.952351]]}, "properties": {"electrified": "contact_line", "frequency": "16.67", "gauge": "1435", "maxspeed": "40", "name": "Hovedbanen", "operator": "Bane NOR", "railway": "rail", "usage": "main", "voltage": "15000", "length_km": 0.088, "maxspeed_kmh": 40.0}}, {"type": "Feature", "geometry": {"type": "LineString", "coordinates": [[11.0330529, 59.9523034], [11.033224, 59.9522973], [11.0342457, 59.9522611], [11.0344235, 59.9522554], [11.0346012, 59.9522505], [11.0347816, 59.9522461], [11.034962, 59.9522435], [11.0351369, 59.9522427], [11.0353117, 59.9522429], [11.0354894, 59.9522442], [11.0356687, 59.9522472], [11.0358473, 59.9522505], [11.0360243, 59.9522555], [11.0362017, 59.9522613], [11.0363803, 59.9522684], [11.0366048, 59.9522791], [11.0366787, 59.952283], [11.0368298, 59.9522909]]}, "properties": {"electrified": "contact_line", "frequency": "16.67", "gauge": "1435", "maxspeed": "80", "name": "Hovedbanen", "operator": "Bane NOR", "passenger_lines": "4", "railway": "rail", "usage": "main", "voltage": "15000", "length_km": 0.212, "maxspeed_kmh": 80.0}}, {"type": "Feature", "geometry": {"type": "LineString", "coordinates": [[11.0379287, 59.952407], [11.0368179, 59.9523411]]}, "properties": {"bridge": "yes", "electrified": "contact_line", "frequency": "16.67", "gauge": "1435", "maxspeed": "80", "name": "Hovedbanen", "operator": "Bane NOR", "passenger_lines": "4", "railway": "rail", "usage": "main", "voltage": "15000", "length_km": 0.063, "maxspeed_kmh": 80.0}}, {"type": "Feature", "geometry": {"type": "LineString", "coordinates": [[11.0387841, 59.9523649], [11.0388632, 59.952364], [11.0389802, 59.952363], [11.0390871, 59.9523636], [11.0392171, 59.9523661], [11.0394227, 59.9523737], [11.039596, 59.9523819], [11.0397626, 59.952393], [11.0406409, 59.9524528]]}, "properties": {"electrified": "contact_line", "frequency": "16.67", "gauge": "1435", "maxspeed": "40", "name": "Hovedbanen", "railway": "rail", "service": "siding", "voltage": "15000", "length_km": 0.104, "maxspeed_kmh": 40.0}}, {"type": "Feature", "geometry": {"type": "LineString", "coordinates": [[11.04176, 59.9528195], [11.0416183, 59.9528016], [11.0414766, 59.9527819], [11.0412516, 59.9527509], [11.0407614, 59.9526713], [11.0405341, 59.9526336], [11.0403216, 59.9526017], [11.0401186, 59.9525745], [11.0398569, 59.9525436], [11.0397096, 59.9525275], [11.0395618, 59.9525125]]}, "properties": {"electrified": "contact_line", "frequency": "16.67", "gauge": "1435", "maxspeed": "80", "name": "Hovedbanen", "operator": "Bane NOR", "railway": "rail", "usage": "branch", "voltage": "15000", "length_km": 0.128, "maxspeed_kmh": 80.0}}, {"type": "Feature", "geometry": {"type": "LineString", "coordinates": [[11.048805, 59.9540566], [11.0489616, 59.9540967], [11.04912, 59.9541353], [11.0492601, 59.9541682], [11.0494573, 59.9542102], [11.0497899, 59.9542818], [11.0500049, 59.9543317], [11.0502524, 59.9543912]]}, "properties": {"electrified": "contact_line", "frequency": "16.67", "gauge": "1435", "maxspeed": "80", "name": "Hovedbanen", "operator": "Bane NOR", "railway": "rail", "usage": "branch", "voltage": "15000", "length_km": 0.089, "maxspeed_kmh": 80.0}}, {"type": "Feature", "geometry": {"type": "LineString", "coordinates": [[11.0483136, 59.953836], [11.0484693, 59.9538763], [11.0486397, 59.9539184], [11.0487976, 59.9539574]]}, "properties": {"electrified": "contact_line", "frequency": "16.67", "gauge": "1435", "maxspeed": "40", "name": "Hovedbanen", "railway": "rail", "service": "siding", "voltage": "15000", "length_km": 0.03, "maxspeed_kmh": 40.0}}, {"type": "Feature", "geometry": {"type": "LineString", "coordinates": [[11.0395092, 59.952351], [11.0396173, 59.95235], [11.0397266, 59.9523504], [11.0399039, 59.9523525], [11.0400481, 59.9523564], [11.040191, 59.9523623], [11.0403119, 59.9523689], [11.0404259, 59.952376], [11.0405364, 59.9523845], [11.0406332, 59.9523929], [11.0407336, 59.9524025], [11.0408312, 59.9524129], [11.0409295, 59.9524245]]}, "properties": {"electrified": "contact_line", "frequency": "16.67", "gauge": "1435", "maxspeed": "40", "name": "Hovedbanen", "railway": "rail", "usage": "main", "voltage": "15000", "length_km": 0.08, "maxspeed_kmh": 40.0}}, {"type": "Feature", "geometry": {"type": "LineString", "coordinates": [[11.0502524, 59.9543912], [11.050655, 59.9544919]]}, "properties": {"bridge": "yes", "electrified": "contact_line", "frequency": "16.67", "gauge": "1435", "maxspeed": "80", "name": "Hovedbanen", "operator": "Bane NOR", "railway": "rail", "usage": "branch", "voltage": "15000", "length_km": 0.025, "maxspeed_kmh": 80.0}}, {"type": "Feature", "geometry": {"type": "LineString", "coordinates": [[11.0503041, 59.9543458], [11.0506855, 59.9544593]]}, "properties": {"bridge": "yes", "electrified": "contact_line", "frequency": "16.67", "gauge": "1435", "maxspeed": "40", "name": "Hovedbanen", "operator": "Bane NOR", "railway": "rail", "usage": "branch", "voltage": "15000", "length_km": 0.025, "maxspeed_kmh": 40.0}}, {"type": "Feature", "geometry": {"type": "LineString", "coordinates": [[11.0541647, 59.9555446], [11.0543188, 59.9555977], [11.0544999, 59.9556626], [11.0546795, 59.9557278], [11.0548599, 59.9557938], [11.0550371, 59.955859], [11.0553138, 59.9559648], [11.0555888, 59.9560718], [11.0557558, 59.9561387], [11.0559228, 59.9562068], [11.0560884, 59.9562746], [11.0562511, 59.9563431], [11.0564367, 59.9564222], [11.0566215, 59.9565021], [11.0568044, 59.9565828], [11.0569849, 59.9566636], [11.0571945, 59.956759], [11.057404, 59.9568562], [11.057612, 59.9569542], [11.0578145, 59.9570523], [11.058018, 59.9571526], [11.0582202, 59.9572541], [11.0584211, 59.9573558], [11.0586193, 59.9574583], [11.0588106, 59.9575599], [11.0590008, 59.9576628], [11.0591907, 59.9577675], [11.0593752, 59.9578722], [11.059562, 59.9579785], [11.0597473, 59.9580869], [11.0599307, 59.9581968], [11.0601111, 59.9583064], [11.0602898, 59.9584157], [11.0604624, 59.9585251], [11.0606349, 59.9586364], [11.0608057, 59.9587477], [11.060975, 59.958862], [11.0611435, 59.958978], [11.0613107, 59.9590938], [11.0614746, 59.9592095], [11.0616354, 59.959327], [11.0617938, 59.9594462], [11.0619528, 59.959565], [11.0621098, 59.9596842], [11.0622594, 59.959803], [11.0624078, 59.9599235], [11.0625606, 59.9600487], [11.0626965, 59.960163], [11.0628402, 59.9602867], [11.0629821, 59.9604112], [11.0631237, 59.9605392], [11.0632567, 59.9606616], [11.0634445, 59.9608394]]}, "properties": {"electrified": "contact_line", "frequency": "16.67", "gauge": "1435", "maxspeed": "130", "name": "Hovedbanen", "operator": "Bane NOR", "passenger_lines": "1", "railway": "rail", "usage": "branch", "voltage": "15000", "length_km": 0.793, "maxspeed_kmh": 130.0}}, {"type": "Feature", "geometry": {"type": "LineString", "coordinates": [[11.0535744, 59.9553461], [11.0538704, 59.955444], [11.0541647, 59.9555446]]}, "properties": {"bridge": "yes", "electrified": "contact_line", "frequency": "16.67", "gauge": "1435", "maxspeed": "130", "name": "Hovedbanen", "operator": "Bane NOR", "passenger_lines": "1", "railway": "rail", "usage": "branch", "voltage": "15000", "length_km": 0.04, "maxspeed_kmh": 130.0}}, {"type": "Feature", "geometry": {"type": "LineString", "coordinates": [[11.0634445, 59.9608394], [11.0636282, 59.9610175]]}, "properties": {"bridge": "yes", "electrified": "contact_line", "frequency": "16.67", "gauge": "1435", "maxspeed": "130", "name": "Hovedbanen", "operator": "Bane NOR", "passenger_lines": "1", "railway": "rail", "usage": "branch", "voltage": "15000", "length_km": 0.022, "maxspeed_kmh": 130.0}}, {"type": "Feature", "geometry": {"type": "LineString", "coordinates": [[11.1584809, 60.1201358], [11.1585706, 60.1202144], [11.1586604, 60.1202929], [11.1587481, 60.120372], [11.1588348, 60.1204516], [11.1589231, 60.1205363], [11.1590093, 60.120622], [11.1590916, 60.1207082], [11.1591699, 60.1207964], [11.1592472, 60.1208846], [11.1593206, 60.1209739], [11.159392, 60.1210646], [11.1594594, 60.1211553], [11.1595189, 60.1212448], [11.1595785, 60.1213343], [11.159635, 60.1214258], [11.1596876, 60.1215173], [11.1597368, 60.1216096], [11.1597827, 60.1217043], [11.1598262, 60.1217979], [11.1598646, 60.1218914], [11.1599017, 60.1219865], [11.1599366, 60.1220821], [11.159968, 60.122178], [11.1599954, 60.1222738], [11.160023, 60.1223749], [11.1600471, 60.1224751], [11.1600722, 60.1225753], [11.1600938, 60.1226764], [11.1601293, 60.1228436], [11.1601641, 60.1230122], [11.1602999, 60.1236585], [11.1603277, 60.1237913], [11.1603555, 60.1239245], [11.1603841, 60.1240575], [11.1604146, 60.1241905], [11.1604446, 60.1243242], [11.1604803, 60.1244584], [11.1605172, 60.1245927], [11.1605564, 60.124727], [11.1608502, 60.1257133], [11.1609328, 60.1259938], [11.1610184, 60.1262758], [11.1610563, 60.1264118], [11.1610982, 60.1265474], [11.1611391, 60.1266829], [11.161182, 60.1268184], [11.1612238, 60.1269551], [11.1612667, 60.1270905], [11.161311, 60.1272247], [11.1613584, 60.1273593], [11.1614032, 60.1274897], [11.161454, 60.1276214], [11.1615033, 60.1277523], [11.1615556, 60.1278833], [11.1616126, 60.1280172], [11.1616708, 60.1281518], [11.1617312, 60.1282861], [11.1617951, 60.1284198], [11.161857, 60.1285511], [11.1619224, 60.1286825], [11.16199, 60.1288132], [11.1620589, 60.128944], [11.1621288, 60.129072], [11.1621999, 60.1292], [11.162275, 60.1293292], [11.1623501, 60.1294559], [11.1624261, 60.1295854]]}, "properties": {"electrified": "contact_line", "frequency": "16.67", "gauge": "1435", "maxspeed": "110", "name": "Hovedbanen", "operator": "Bane NOR", "passenger_lines": "1", "railway": "rail", "usage": "branch", "voltage": "15000", "length_km": 1.082, "maxspeed_kmh": 110.0}}, {"type": "Feature", "geometry": {"type": "LineString", "coordinates": [[11.1547164, 60.1183071], [11.1548518, 60.1183476], [11.1549838, 60.1183889], [11.1551155, 60.1184308], [11.1552455, 60.118473], [11.1554056, 60.1185274], [11.1555636, 60.1185829], [11.155719, 60.1186391], [11.1558722, 60.1186964], [11.1560238, 60.1187563], [11.1561746, 60.118818], [11.1563236, 60.1188805], [11.1564712, 60.1189444], [11.156613, 60.1190092], [11.156753, 60.1190754], [11.1568922, 60.1191428], [11.1570297, 60.1192107], [11.1571625, 60.1192813], [11.1572934, 60.1193524], [11.1574236, 60.1194244], [11.1575525, 60.1194964], [11.157673, 60.1195715], [11.157792, 60.1196468], [11.1579087, 60.1197235], [11.1580243, 60.1198007], [11.1581428, 60.1198833], [11.1582594, 60.1199659], [11.1583715, 60.1200498], [11.1584809, 60.1201358]]}, "properties": {"bridge": "yes", "electrified": "contact_line", "frequency": "16.67", "gauge": "1435", "maxspeed": "110", "name": "Hovedbanen", "operator": "Bane NOR", "passenger_lines": "1", "railway": "rail", "usage": "branch", "voltage": "15000", "length_km": 0.295, "maxspeed_kmh": 110.0}}, {"type": "Feature", "geometry": {"type": "LineString", "coordinates": [[10.9977965, 59.9467835], [10.9978925, 59.9468304], [10.9979906, 59.9468769], [10.9981346, 59.9469439], [10.9987448, 59.9472033], [10.9989038, 59.9472791], [10.9989901, 59.9473203], [10.9990754, 59.947362], [10.9992375, 59.9474417], [10.9996579, 59.947652], [10.9997895, 59.9477205], [10.9999525, 59.9478129], [11.0000515, 59.947875], [11.0001691, 59.9479508], [11.0002777, 59.9480274], [11.000363, 59.9480922], [11.0004631, 59.9481697], [11.0005602, 59.9482438], [11.0011274, 59.9486954], [11.0019618, 59.9493761], [11.0022538, 59.9496204], [11.0025916, 59.9499095], [11.0026028, 59.9499191], [11.0026541, 59.9499649], [11.002705, 59.9500116], [11.0027928, 59.9500922], [11.002874, 59.9501727], [11.0029614, 59.9502618], [11.0030684, 59.9503818], [11.0031547, 59.9504704], [11.0032612, 59.9505739], [11.0033238, 59.9506326], [11.003388, 59.9506899]]}, "properties": {"electrified": "contact_line", "frequency": "16.67", "gauge": "1435", "maxspeed": "60", "name": "Hovedbanen", "operator": "Bane NOR", "railway": "rail", "voltage": "15000", "length_km": 0.541, "maxspeed_kmh": 60.0}}, {"type": "Feature", "geometry": {"type": "LineString", "coordinates": [[11.0379408, 59.9523549], [11.0392146, 59.9524302]]}, "properties": {"electrified": "contact_line", "frequency": "16.67", "gauge": "1435", "maxspeed": "40", "name": "Hovedbanen", "operator": "Bane NOR", "railway": "rail", "usage": "main", "voltage": "15000", "length_km": 0.072, "maxspeed_kmh": 40.0}}, {"type": "Feature", "geometry": {"type": "LineString", "coordinates": [[11.0517259, 59.9547743], [11.0518691, 59.9548195]]}, "properties": {"electrified": "contact_line", "frequency": "16.67", "gauge": "1435", "maxspeed": "80", "name": "Hovedbanen", "operator": "Bane NOR", "railway": "rail", "usage": "branch", "voltage": "15000", "length_km": 0.009, "maxspeed_kmh": 80.0}}, {"type": "Feature", "geometry": {"type": "LineString", "coordinates": [[10.7934458, 59.9059261], [10.792827, 59.9059245], [10.7921311, 59.905923], [10.7902264, 59.9059161]]}, "properties": {"electrified": "contact_line", "frequency": "16.67", "gauge": "1435", "maxspeed": "110", "name": "Hovedbanen", "operator": "Bane NOR", "railway": "rail", "usage": "branch", "voltage": "15000", "length_km": 0.18, "maxspeed_kmh": 110.0}}, {"type": "Feature", "geometry": {"type": "LineString", "coordinates": [[10.8701592, 59.9435225], [10.8699347, 59.943458]]}, "properties": {"bridge": "yes", "electrified": "contact_line", "frequency": "16.67", "gauge": "1435", "maxspeed": "130", "name": "Hovedbanen", "operator": "Bane NOR", "passenger_lines": "2", "railway": "rail", "usage": "branch", "voltage": "15000", "length_km": 0.014, "maxspeed_kmh": 130.0}}, {"type": "Feature", "geometry": {"type": "LineString", "coordinates": [[10.8817627, 59.9473689], [10.8816186, 59.9473367], [10.8813949, 59.9472879], [10.8811748, 59.9472392], [10.8808917, 59.947174], [10.8806272, 59.9471098], [10.8803663, 59.9470447], [10.8801416, 59.9469861], [10.8799222, 59.9469267], [10.8796852, 59.9468609], [10.8794517, 59.9467943], [10.8792245, 59.9467258], [10.879001, 59.9466555], [10.8787706, 59.946582], [10.8785474, 59.9465077], [10.8783215, 59.9464306], [10.8781047, 59.9463536], [10.8778839, 59.9462726], [10.8776651, 59.9461911], [10.8774491, 59.9461076], [10.8772342, 59.9460242], [10.8747065, 59.94503], [10.8742811, 59.9448656], [10.8740676, 59.9447842], [10.8738515, 59.944704], [10.8736363, 59.9446246], [10.8734177, 59.9445463], [10.873198, 59.9444672], [10.8729784, 59.944392], [10.8727509, 59.9443149], [10.8725224, 59.9442388], [10.8722961, 59.9441654], [10.8720616, 59.9440905], [10.8718236, 59.9440156], [10.8715827, 59.9439421], [10.8713463, 59.9438708], [10.8710995, 59.9437971], [10.8707533, 59.9436958], [10.8701592, 59.9435225]]}, "properties": {"electrified": "contact_line", "frequency": "16.67", "gauge": "1435", "maxspeed": "130", "name": "Hovedbanen", "operator": "Bane NOR", "passenger_lines": "2", "railway": "rail", "usage": "branch", "voltage": "15000", "length_km": 0.78, "maxspeed_kmh": 130.0}}, {"type": "Feature", "geometry": {"type": "LineString", "coordinates": [[10.8699282, 59.9434019], [10.8701552, 59.943468]]}, "properties": {"bridge": "yes", "electrified": "contact_line", "frequency": "16.67", "gauge": "1435", "maxspeed": "130", "name": "Hovedbanen", "operator": "Bane NOR", "passenger_lines": "2", "railway": "rail", "usage": "branch", "voltage": "15000", "length_km": 0.015, "maxspeed_kmh": 130.0}}, {"type": "Feature", "geometry": {"type": "LineString", "coordinates": [[11.050655, 59.9544919], [11.0510901, 59.9546013], [11.0513569, 59.9546702], [11.0515362, 59.9547203], [11.0516315, 59.9547467], [11.0517259, 59.9547743]]}, "properties": {"electrified": "contact_line", "frequency": "16.67", "gauge": "1435", "maxspeed": "80", "name": "Hovedbanen", "operator": "Bane NOR", "railway": "rail", "usage": "branch", "voltage": "15000", "length_km": 0.068, "maxspeed_kmh": 80.0}}, {"type": "Feature", "geometry": {"type": "LineString", "coordinates": [[11.0506855, 59.9544593], [11.0517259, 59.9547743]]}, "properties": {"electrified": "contact_line", "frequency": "16.67", "gauge": "1435", "maxspeed": "40", "name": "Hovedbanen", "operator": "Bane NOR", "railway": "rail", "usage": "branch", "voltage": "15000", "length_km": 0.068, "maxspeed_kmh": 40.0}}, {"type": "Feature", "geometry": {"type": "LineString", "coordinates": [[10.8263845, 59.9120508], [10.8264657, 59.9121278]]}, "properties": {"bridge": "yes", "electrified": "contact_line", "frequency": "16.67", "gauge": "1435", "maxspeed": "125", "name": "Hovedbanen", "operator": "Bane NOR", "passenger_lines": "3", "railway": "rail", "usage": "branch", "voltage": "15000", "length_km": 0.01, "maxspeed_kmh": 125.0}}, {"type": "Feature", "geometry": {"type": "LineString", "coordinates": [[10.8031099, 59.9059813], [10.8029006, 59.9059727]]}, "properties": {"bridge": "yes", "electrified": "contact_line", "frequency": "16.67", "gauge": "1435", "maxspeed": "110", "name": "Hovedbanen", "operator": "Bane NOR", "passenger_lines": "3", "railway": "rail", "usage": "branch", "voltage": "15000", "length_km": 0.012, "maxspeed_kmh": 110.0}}, {"type": "Feature", "geometry": {"type": "LineString", "coordinates": [[10.8028922, 59.9059336], [10.803076, 59.9059408]]}, "properties": {"bridge": "yes", "electrified": "contact_line", "frequency": "16.67", "gauge": "1435", "maxspeed": "110", "name": "Hovedbanen", "operator": "Bane NOR", "passenger_lines": "3", "railway": "rail", "usage": "branch", "voltage": "15000", "length_km": 0.01, "maxspeed_kmh": 110.0}}, {"type": "Feature", "geometry": {"type": "LineString", "coordinates": [[10.8172274, 59.9079669], [10.8181628, 59.9081154], [10.8184692, 59.9081678], [10.8187964, 59.9082244], [10.8189576, 59.9082528], [10.8191204, 59.9082849], [10.8192994, 59.9083226], [10.8194796, 59.9083627], [10.8197376, 59.908427], [10.8199755, 59.9084929], [10.8201865, 59.9085555], [10.8204062, 59.908626], [10.8206236, 59.9086982], [10.8208405, 59.9087724], [10.821054, 59.9088483], [10.8212085, 59.9089057], [10.8213623, 59.9089649], [10.8215135, 59.9090252], [10.8216633, 59.9090866], [10.821862, 59.9091711], [10.8220565, 59.9092593], [10.8222484, 59.9093491], [10.822434, 59.9094421], [10.8227143, 59.9095907], [10.8229431, 59.9097174], [10.8231678, 59.9098448], [10.8235596, 59.9100708], [10.8236094, 59.9100994], [10.8240257, 59.9103457], [10.8242949, 59.9105099], [10.8245468, 59.910663], [10.8247991, 59.9108246], [10.8249826, 59.9109451], [10.8251683, 59.9110716]]}, "properties": {"electrified": "contact_line", "frequency": "16.67", "gauge": "1435", "maxspeed": "75", "name": "Hovedbanen", "operator": "Bane NOR", "passenger_lines": "3", "railway": "rail", "usage": "branch", "voltage": "15000", "length_km": 0.577, "maxspeed_kmh": 75.0}}, {"type": "Feature", "geometry": {"type": "LineString", "coordinates": [[10.7938466, 59.905889], [10.7952714, 59.9058939], [10.7992797, 59.9059068], [10.8019329, 59.9059167], [10.8021372, 59.9059182], [10.8023416, 59.9059204], [10.8025437, 59.9059243], [10.8027489, 59.9059297], [10.8028922, 59.9059336]]}, "properties": {"electrified": "contact_line", "frequency": "16.67", "gauge": "1435", "maxspeed": "110", "name": "Hovedbanen", "operator": "Bane NOR", "passenger_lines": "3", "railway": "rail", "usage": "branch", "voltage": "15000", "length_km": 0.506, "maxspeed_kmh": 110.0}}, {"type": "Feature", "geometry": {"type": "LineString", "coordinates": [[10.8251063, 59.9110932], [10.8249164, 59.9109661], [10.8247363, 59.9108469], [10.8244845, 59.9106881], [10.8243051, 59.9105769], [10.823902, 59.9103335], [10.8235226, 59.9101075], [10.8233391, 59.9100018], [10.82311, 59.9098685], [10.8226471, 59.9096183], [10.8224804, 59.9095357], [10.822369, 59.9094776], [10.8221812, 59.9093874], [10.8219901, 59.9092999], [10.8217938, 59.9092142], [10.8215944, 59.9091301], [10.8214464, 59.9090702], [10.8212943, 59.9090117], [10.8211416, 59.9089541], [10.8209875, 59.9088979], [10.8207791, 59.9088252], [10.8205708, 59.9087559], [10.8203596, 59.9086879], [10.8201439, 59.9086234], [10.8196677, 59.9084884], [10.8194147, 59.9084246], [10.8192492, 59.9083843], [10.8190697, 59.9083426], [10.8189183, 59.9083088], [10.8187583, 59.9082744], [10.8185969, 59.9082412], [10.8184405, 59.9082111], [10.8181347, 59.9081551], [10.8179037, 59.9081144], [10.8176702, 59.9080762], [10.8172057, 59.9080023]]}, "properties": {"electrified": "contact_line", "frequency": "16.67", "gauge": "1435", "maxspeed": "75", "name": "Hovedbanen", "operator": "Bane NOR", "passenger_lines": "3", "railway": "rail", "usage": "branch", "voltage": "15000", "length_km": 0.573, "maxspeed_kmh": 75.0}}, {"type": "Feature", "geometry": {"type": "LineString", "coordinates": [[10.8263988, 59.9121455], [10.8263166, 59.9120652]]}, "properties": {"bridge": "yes", "electrified": "contact_line", "frequency": "16.67", "gauge": "1435", "maxspeed": "125", "name": "Hovedbanen", "operator": "Bane NOR", "passenger_lines": "3", "railway": "rail", "usage": "branch", "voltage": "15000", "length_km": 0.01, "maxspeed_kmh": 125.0}}, {"type": "Feature", "geometry": {"type": "LineString", "coordinates": [[10.9477049, 59.9443956], [10.9474186, 59.9444798]]}, "properties": {"bridge": "yes", "electrified": "contact_line", "frequency": "16.67", "gauge": "1435", "maxspeed": "100", "name": "Hovedbanen", "operator": "Bane NOR", "passenger_lines": "2", "railway": "rail", "usage": "branch", "voltage": "15000", "length_km": 0.019, "maxspeed_kmh": 100.0}}, {"type": "Feature", "geometry": {"type": "LineString", "coordinates": [[10.9476593, 59.9443662], [10.9479431, 59.9443005], [10.948133, 59.9442558], [10.948255, 59.9442241], [10.9483282, 59.9442043], [10.9483987, 59.9441841]]}, "properties": {"electrified": "contact_line", "frequency": "16.67", "gauge": "1435", "maxspeed": "40", "name": "Hovedbanen", "railway": "rail", "usage": "branch", "length_km": 0.046, "maxspeed_kmh": 40.0}}, {"type": "Feature", "geometry": {"type": "LineString", "coordinates": [[11.0131901, 59.9563119], [11.0133579, 59.9563219], [11.0135111, 59.9563285], [11.0136569, 59.9563343]]}, "properties": {"bridge": "yes", "electrified": "contact_line", "frequency": "16.67", "gauge": "1435", "maxspeed": "90", "name": "Hovedbanen", "operator": "Bane NOR", "passenger_lines": "2", "railway": "rail", "usage": "branch", "voltage": "15000", "length_km": 0.026, "maxspeed_kmh": 90.0}}, {"type": "Feature", "geometry": {"type": "LineString", "coordinates": [[11.0136569, 59.9563343], [11.0138038, 59.9563397], [11.0139837, 59.956343], [11.0141512, 59.9563435], [11.0144046, 59.9563435]]}, "properties": {"electrified": "contact_line", "frequency": "16.67", "gauge": "1435", "maxspeed": "90", "name": "Hovedbanen", "operator": "Bane NOR", "passenger_lines": "2", "railway": "rail", "usage": "branch", "voltage": "15000", "length_km": 0.042, "maxspeed_kmh": 90.0}}, {"type": "Feature", "geometry": {"type": "LineString", "coordinates": [[11.0136634, 59.9562973], [11.0138162, 59.9563021], [11.013984, 59.9563047], [11.0141534, 59.9563068], [11.0143765, 59.9563056]]}, "properties": {"electrified": "contact_line", "frequency": "16.67", "gauge": "1435", "maxspeed": "90", "name": "Hovedbanen", "operator": "Bane NOR", "passenger_lines": "2", "railway": "rail", "usage": "branch", "voltage": "15000", "length_km": 0.04, "maxspeed_kmh": 90.0}}, {"type": "Feature", "geometry": {"type": "LineString", "coordinates": [[10.9491689, 59.9439942], [10.9493336, 59.9439438]]}, "properties": {"bridge": "yes", "electrified": "contact_line", "frequency": "16.67", "gauge": "1435", "maxspeed": "85", "name": "Hovedbanen", "operator": "Bane NOR", "passenger_lines": "2", "railway": "rail", "usage": "branch", "voltage": "15000", "length_km": 0.011, "maxspeed_kmh": 85.0}}, {"type": "Feature", "geometry": {"type": "LineString", "coordinates": [[10.9515296, 59.9431777], [10.9516086, 59.9431454], [10.9518186, 59.9430579], [10.9520227, 59.9429713], [10.9522293, 59.9428806], [10.9524251, 59.9427949], [10.9540043, 59.9420616], [10.9541994, 59.9419721], [10.9543988, 59.9418825], [10.9545989, 59.9417951], [10.9548017, 59.9417083], [10.9550179, 59.9416184], [10.955231, 59.9415324], [10.9554441, 59.9414472]]}, "properties": {"electrified": "contact_line", "frequency": "16.67", "gauge": "1435", "maxspeed": "105", "name": "Hovedbanen", "operator": "Bane NOR", "passenger_lines": "2", "railway": "rail", "usage": "branch", "voltage": "15000", "length_km": 0.292, "maxspeed_kmh": 105.0}}, {"type": "Feature", "geometry": {"type": "LineString", "coordinates": [[10.9480911, 59.9443232], [10.9481449, 59.9443059], [10.9481981, 59.9442879], [10.9482814, 59.9442584], [10.9486455, 59.9441182], [10.9487548, 59.944079], [10.9488257, 59.9440542], [10.9489026, 59.9440284]]}, "properties": {"electrified": "contact_line", "frequency": "16.67", "gauge": "1435", "name": "Hovedbanen", "railway": "rail", "service": "spur", "length_km": 0.056}}, {"type": "Feature", "geometry": {"type": "LineString", "coordinates": [[11.2507184, 60.3161064], [11.250948, 60.3161405], [11.2511493, 60.3161725], [11.2513363, 60.3162038]]}, "properties": {"bridge": "yes", "electrified": "contact_line", "frequency": "16.67", "gauge": "1435", "maxspeed": "85", "name": "Hovedbanen", "operator": "Bane NOR", "passenger_lines": "1", "railway": "rail", "usage": "branch", "voltage": "15000", "length_km": 0.036, "maxspeed_kmh": 85.0}}, {"type": "Feature", "geometry": {"type": "LineString", "coordinates": [[11.2513363, 60.3162038], [11.2516546, 60.3162701], [11.2519577, 60.3163397], [11.2522292, 60.3164062], [11.2525034, 60.3164846], [11.2527856, 60.3165742], [11.2530438, 60.3166654], [11.2533309, 60.3167784], [11.2536331, 60.3169118], [11.253909, 60.3170513], [11.2541223, 60.3171717], [11.2543169, 60.3172935], [11.2545386, 60.3174506], [11.2547032, 60.3175812], [11.2548585, 60.3177197], [11.2550278, 60.3178902], [11.255169, 60.3180504], [11.2553281, 60.3182413], [11.2561657, 60.3192541], [11.2569463, 60.3201959], [11.25719, 60.3204806], [11.2573682, 60.3206679], [11.2575113, 60.3208101], [11.2576622, 60.3209496], [11.2578097, 60.3210785], [11.2579695, 60.3212097], [11.2583853, 60.3215469], [11.2585836, 60.3217155], [11.2587504, 60.3218655], [11.2588927, 60.3220135], [11.2589894, 60.3221319], [11.2590998, 60.3222912], [11.2591934, 60.3224649], [11.2592588, 60.3226252], [11.2593037, 60.3227692], [11.2593327, 60.322916], [11.259344, 60.323061], [11.2593383, 60.3232069], [11.2593167, 60.3233567]]}, "properties": {"electrified": "contact_line", "frequency": "16.67", "gauge": "1435", "maxspeed": "85", "name": "Hovedbanen", "operator": "Bane NOR", "passenger_lines": "1", "railway": "rail", "usage": "branch", "voltage": "15000", "length_km": 0.945, "maxspeed_kmh": 85.0}}, {"type": "Feature", "geometry": {"type": "LineString", "coordinates": [[11.2104288, 60.2899444], [11.2109775, 60.2905394], [11.2116097, 60.2912287], [11.2119816, 60.291634], [11.2123018, 60.2919765], [11.2124473, 60.2921271], [11.2126249, 60.2922959], [11.2126415, 60.2923133], [11.2127925, 60.2924451], [11.2129874, 60.2926192], [11.2132474, 60.2928395], [11.2135034, 60.2930474], [11.213795, 60.2932897], [11.2140837, 60.2935289], [11.2144797, 60.2938489], [11.2149115, 60.2941995], [11.2151517, 60.2943932], [11.2154414, 60.2946285], [11.2157017, 60.2948739], [11.2159426, 60.2951192], [11.2161085, 60.2953051], [11.2163958, 60.2956385]]}, "properties": {"electrified": "contact_line", "frequency": "16.67", "gauge": "1435", "maxspeed": "95", "name": "Hovedbanen", "operator": "Bane NOR", "passenger_lines": "1", "railway": "rail", "usage": "branch", "voltage": "15000", "length_km": 0.716, "maxspeed_kmh": 95.0}}, {"type": "Feature", "geometry": {"type": "LineString", "coordinates": [[11.212574, 60.2841659], [11.2098887, 60.2858993]]}, "properties": {"electrified": "contact_line", "frequency": "16.67", "gauge": "1435", "maxspeed": "95", "name": "Hovedbanen", "operator": "Bane NOR", "passenger_lines": "1", "railway": "rail", "tunnel": "yes", "usage": "branch", "voltage": "15000", "length_km": 0.244, "maxspeed_kmh": 95.0}}, {"type": "Feature", "geometry": {"type": "LineString", "coordinates": [[11.2398182, 60.3146283], [11.2399171, 60.3147315], [11.2400633, 60.3148667], [11.2402131, 60.3149906], [11.2403922, 60.3151251], [11.240578, 60.3152449], [11.2407913, 60.3153678], [11.2409816, 60.3154699], [11.2412275, 60.3155857], [11.2414861, 60.3156933], [11.2417096, 60.3157754], [11.2420258, 60.3158808], [11.2422933, 60.3159579], [11.2425663, 60.3160255], [11.242939, 60.3161028], [11.2432829, 60.3161619], [11.2436357, 60.3162104], [11.2439395, 60.3162428], [11.2442218, 60.3162655], [11.2445365, 60.3162801], [11.2448834, 60.3162871], [11.2452217, 60.3162855], [11.2455648, 60.3162705], [11.2459027, 60.316248], [11.2462258, 60.3162158], [11.2465726, 60.3161748], [11.24702, 60.3161163], [11.2473475, 60.3160762], [11.2476262, 60.3160447], [11.2479281, 60.3160161], [11.2481951, 60.3159981], [11.2484871, 60.3159853], [11.2487799, 60.3159796], [11.2490799, 60.3159794], [11.2494192, 60.3159891], [11.2497611, 60.3160065], [11.2500502, 60.3160301], [11.2504251, 60.3160689], [11.2507184, 60.3161064]]}, "properties": {"electrified": "contact_line", "frequency": "16.67", "gauge": "1435", "maxspeed": "85", "name": "Hovedbanen", "operator": "Bane NOR", "passenger_lines": "1", "railway": "rail", "usage": "branch", "voltage": "15000", "length_km": 0.682, "maxspeed_kmh": 85.0}}, {"type": "Feature", "geometry": {"type": "LineString", "coordinates": [[11.2098887, 60.2858993], [11.2097535, 60.2860254], [11.2094468, 60.286351], [11.2092709, 60.2866512], [11.2090903, 60.2871235]]}, "properties": {"electrified": "contact_line", "frequency": "16.67", "gauge": "1435", "maxspeed": "95", "name": "Hovedbanen", "operator": "Bane NOR", "passenger_lines": "1", "railway": "rail", "usage": "branch", "voltage": "15000", "length_km": 0.144, "maxspeed_kmh": 95.0}}, {"type": "Feature", "geometry": {"type": "LineString", "coordinates": [[11.2395723, 60.3143333], [11.2396585, 60.3144442], [11.2397376, 60.31454], [11.2398182, 60.3146283]]}, "properties": {"bridge": "yes", "electrified": "contact_line", "frequency": "16.67", "gauge": "1435", "maxspeed": "85", "name": "Hovedbanen", "operator": "Bane NOR", "passenger_lines": "1", "railway": "rail", "usage": "branch", "voltage": "15000", "length_km": 0.036, "maxspeed_kmh": 85.0}}, {"type": "Feature", "geometry": {"type": "LineString", "coordinates": [[11.2090903, 60.2871235], [11.2090139, 60.2874916]]}, "properties": {"bridge": "yes", "electrified": "contact_line", "frequency": "16.67", "gauge": "1435", "maxspeed": "95", "name": "Hovedbanen", "operator": "Bane NOR", "passenger_lines": "1", "railway": "rail", "usage": "branch", "voltage": "15000", "length_km": 0.041, "maxspeed_kmh": 95.0}}, {"type": "Feature", "geometry": {"type": "LineString", "coordinates": [[10.7721773, 59.9072251], [10.7729052, 59.9070979], [10.7752709, 59.9066841], [10.7760929, 59.9065473], [10.7767602, 59.9064414], [10.7774306, 59.9063401], [10.7777433, 59.9062958], [10.778083, 59.9062516], [10.7784465, 59.9062059], [10.7788086, 59.9061637], [10.7792169, 59.9061197], [10.7795649, 59.9060844], [10.7799414, 59.9060505], [10.7804136, 59.9060104], [10.7810165, 59.9059668], [10.7812799, 59.9059501], [10.7815455, 59.9059351], [10.7818146, 59.9059212], [10.7820848, 59.9059089], [10.782355, 59.9058978], [10.7826253, 59.9058875], [10.7828971, 59.9058799], [10.783169, 59.9058732], [10.7834398, 59.9058682], [10.7837114, 59.9058641], [10.7839798, 59.9058622], [10.7842538, 59.9058606], [10.784874, 59.9058601], [10.7863157, 59.905865], [10.788206, 59.9058708], [10.7902233, 59.905877], [10.7907987, 59.9058792], [10.7928273, 59.9058862], [10.7933519, 59.9058876]]}, "properties": {"electrified": "contact_line", "frequency": "16.67", "gauge": "1435", "maxspeed": "110", "name": "Hovedbanen", "operator": "Bane NOR", "passenger_lines": "4", "railway": "rail", "usage": "branch", "voltage": "15000", "length_km": 1.206, "maxspeed_kmh": 110.0}}, {"type": "Feature", "geometry": {"type": "LineString", "coordinates": [[10.7939337, 59.905928], [10.7934458, 59.9059261]]}, "properties": {"bridge": "yes", "electrified": "contact_line", "frequency": "16.67", "gauge": "1435", "maxspeed": "110", "name": "Hovedbanen", "operator": "Bane NOR", "railway": "rail", "usage": "branch", "voltage": "15000", "length_km": 0.027, "maxspeed_kmh": 110.0}}, {"type": "Feature", "geometry": {"type": "LineString", "coordinates": [[10.7933519, 59.9058876], [10.7938466, 59.905889]]}, "properties": {"bridge": "yes", "electrified": "contact_line", "frequency": "16.67", "gauge": "1435", "maxspeed": "110", "name": "Hovedbanen", "operator": "Bane NOR", "railway": "rail", "usage": "branch", "voltage": "15000", "length_km": 0.028, "maxspeed_kmh": 110.0}}, {"type": "Feature", "geometry": {"type": "LineString", "coordinates": [[10.8029006, 59.9059727], [10.8027477, 59.9059673], [10.8025432, 59.9059618], [10.8023395, 59.9059577], [10.802135, 59.9059549], [10.8019314, 59.9059525], [10.7992751, 59.9059437], [10.795272, 59.9059309], [10.7939337, 59.905928]]}, "properties": {"electrified": "contact_line", "frequency": "16.67", "gauge": "1435", "maxspeed": "110", "name": "Hovedbanen", "operator": "Bane NOR", "passenger_lines": "3", "railway": "rail", "usage": "branch", "voltage": "15000", "length_km": 0.502, "maxspeed_kmh": 110.0}}, {"type": "Feature", "geometry": {"type": "LineString", "coordinates": [[11.2183278, 60.2974758], [11.2184893, 60.2975861], [11.2187134, 60.2977306], [11.2189381, 60.2978624], [11.2191492, 60.2979881], [11.2195291, 60.2982079], [11.2198636, 60.2984076], [11.2201018, 60.2985575], [11.2203013, 60.2986898], [11.2204929, 60.2988299], [11.2206662, 60.2989642], [11.2208282, 60.299097], [11.2210113, 60.2992565], [11.2211727, 60.2994112], [11.221343, 60.2995919], [11.2214567, 60.2997218], [11.2216049, 60.2999122], [11.2216996, 60.3000666], [11.2217461, 60.3001444], [11.2218099, 60.3002512], [11.2218828, 60.3004239], [11.2219426, 60.3005853], [11.2219927, 60.3007754], [11.2220409, 60.3009722], [11.2220872, 60.3012129], [11.2221335, 60.3014307], [11.2221894, 60.3016103], [11.2222491, 60.3017832], [11.2223398, 60.3019762], [11.2224593, 60.3021806], [11.2226348, 60.3024203], [11.2227692, 60.3025681], [11.2229375, 60.3027394], [11.2231066, 60.3028891], [11.2232845, 60.3030316], [11.2235111, 60.303195], [11.2236918, 60.3033108], [11.2239791, 60.3034775], [11.2242577, 60.3036198], [11.2245534, 60.303757], [11.2248282, 60.303873], [11.2251906, 60.3040306], [11.2255782, 60.3041911], [11.2260525, 60.3043955], [11.2263677, 60.3045526], [11.2266569, 60.3047112], [11.2269384, 60.3048898], [11.2271544, 60.3050474], [11.2273607, 60.3052078], [11.2275419, 60.3053654], [11.2277174, 60.3055479], [11.2278812, 60.3057427], [11.2280471, 60.3059633], [11.2281883, 60.3061699], [11.2283623, 60.3064375], [11.2285194, 60.3066481], [11.2286607, 60.3068241], [11.2288708, 60.3070519], [11.2290106, 60.3071889], [11.2291701, 60.3073315], [11.229347, 60.3074798], [11.2301178, 60.3080931], [11.2310751, 60.3088357], [11.231318, 60.3090209], [11.231613, 60.3092406], [11.231961, 60.3095003], [11.2321991, 60.3096794], [11.2324093, 60.3098255], [11.2326351, 60.3099687], [11.2329238, 60.3101379], [11.2331918, 60.3102716], [11.2334169, 60.3103783], [11.2336676, 60.3104858], [11.2339423, 60.3105927], [11.2342016, 60.3106849], [11.2344995, 60.3107813], [11.234861, 60.3108897], [11.235224, 60.3109936], [11.2357281, 60.311142], [11.2360365, 60.3112381], [11.2362859, 60.3113257], [11.2365153, 60.3114135], [11.2367274, 60.3115018], [11.2369753, 60.3116144], [11.2373116, 60.3117824], [11.2375784, 60.3119347], [11.23779, 60.3120694], [11.2379971, 60.312215], [11.2381559, 60.3123383], [11.2382933, 60.3124524], [11.2384203, 60.3125702], [11.2385725, 60.3127243], [11.2387154, 60.3128862], [11.2388483, 60.313064], [11.2389288, 60.3131921], [11.239038, 60.3133857], [11.2391719, 60.3136535]]}, "properties": {"electrified": "contact_line", "frequency": "16.67", "gauge": "1435", "maxspeed": "95", "name": "Hovedbanen", "operator": "Bane NOR", "passenger_lines": "1", "railway": "rail", "usage": "branch", "voltage": "15000", "length_km": 2.199, "maxspeed_kmh": 95.0}}, {"type": "Feature", "geometry": {"type": "LineString", "coordinates": [[11.2181358, 60.2973418], [11.2183278, 60.2974758]]}, "properties": {"bridge": "yes", "electrified": "contact_line", "frequency": "16.67", "gauge": "1435", "maxspeed": "95", "name": "Hovedbanen", "operator": "Bane NOR", "passenger_lines": "1", "railway": "rail", "usage": "branch", "voltage": "15000", "length_km": 0.018, "maxspeed_kmh": 95.0}}, {"type": "Feature", "geometry": {"type": "LineString", "coordinates": [[11.2593167, 60.3233567], [11.2592797, 60.3234831], [11.2592318, 60.3236353], [11.2591524, 60.3238177], [11.2590478, 60.3240071], [11.2589245, 60.3241924], [11.2587975, 60.3243569], [11.2585838, 60.3245841], [11.2584148, 60.3247417], [11.2582005, 60.3249173], [11.2579883, 60.3250694]]}, "properties": {"electrified": "contact_line", "frequency": "16.67", "gauge": "1435", "maxspeed": "85", "name": "Hovedbanen", "operator": "Bane NOR", "passenger_lines": "1", "railway": "rail", "tunnel": "yes", "usage": "branch", "voltage": "15000", "length_km": 0.207, "maxspeed_kmh": 85.0}}, {"type": "Feature", "geometry": {"type": "LineString", "coordinates": [[10.8880027, 59.9502105], [10.8878858, 59.950087]]}, "properties": {"bridge": "yes", "electrified": "contact_line", "frequency": "16.67", "gauge": "1435", "maxspeed": "80", "name": "Hovedbanen", "operator": "Bane NOR", "passenger_lines": "2", "railway": "rail", "usage": "branch", "voltage": "15000", "length_km": 0.015, "maxspeed_kmh": 80.0}}, {"type": "Feature", "geometry": {"type": "LineString", "coordinates": [[10.8879654, 59.9500666], [10.8880825, 59.95019]]}, "properties": {"bridge": "yes", "electrified": "contact_line", "frequency": "16.67", "gauge": "1435", "maxspeed": "80", "name": "Hovedbanen", "operator": "Bane NOR", "passenger_lines": "2", "railway": "rail", "usage": "branch", "voltage": "15000", "length_km": 0.015, "maxspeed_kmh": 80.0}}, {"type": "Feature", "geometry": {"type": "LineString", "coordinates": [[10.9097722, 59.9511073], [10.9096109, 59.9511639], [10.9094464, 59.9512198], [10.9092505, 59.9512818], [10.9090547, 59.9513423], [10.9088459, 59.9514035], [10.9086301, 59.9514654], [10.9084212, 59.9515231], [10.9082395, 59.9515718], [10.9063168, 59.9520812], [10.9024941, 59.9530897], [10.9022754, 59.9531479], [10.9020591, 59.9532042], [10.9018426, 59.9532605], [10.901623, 59.9533159], [10.9013692, 59.9533784], [10.9011154, 59.9534378], [10.9008506, 59.9534979], [10.9006344, 59.9535421], [10.9004171, 59.9535827], [10.9001968, 59.9536212], [10.8999765, 59.9536567], [10.8997683, 59.9536869], [10.89956, 59.9537146], [10.899351, 59.9537392], [10.8991404, 59.9537622], [10.8989163, 59.9537834], [10.8986906, 59.9538014], [10.8984642, 59.9538167], [10.8982377, 59.9538288], [10.8980113, 59.9538383], [10.8977858, 59.9538454], [10.8975639, 59.9538496], [10.897342, 59.9538508], [10.8971342, 59.9538511], [10.8969265, 59.9538472], [10.8967156, 59.9538409], [10.8965109, 59.9538325], [10.8963092, 59.9538233], [10.8961074, 59.9538113], [10.8959067, 59.9537957], [10.895706, 59.9537788], [10.8955017, 59.9537593], [10.8953003, 59.9537377], [10.8950995, 59.9537134], [10.8948986, 59.9536864], [10.894685, 59.9536547], [10.8944745, 59.9536214]]}, "properties": {"electrified": "contact_line", "frequency": "16.67", "gauge": "1435", "maxspeed": "110", "name": "Hovedbanen", "operator": "Bane NOR", "passenger_lines": "2", "railway": "rail", "usage": "branch", "voltage": "15000", "length_km": 0.93, "maxspeed_kmh": 110.0}}, {"type": "Feature", "geometry": {"type": "LineString", "coordinates": [[11.2163958, 60.2956385], [11.2161975, 60.2954402], [11.216052, 60.2953088], [11.2158545, 60.2951374], [11.2155858, 60.294896], [11.2152412, 60.2945981], [11.2149944, 60.2943825], [11.2147977, 60.2942206], [11.2143851, 60.2938714], [11.2140083, 60.2935534], [11.2137253, 60.2933102], [11.2134266, 60.2930636], [11.213189, 60.2928638], [11.2129206, 60.2926398], [11.2127054, 60.2924538], [11.2125602, 60.292325], [11.2124699, 60.29224], [11.2123673, 60.2921425], [11.2122152, 60.2919887], [11.2119016, 60.2916485], [11.2115854, 60.2912814], [11.2109122, 60.2905721], [11.2108251, 60.2904811], [11.210762, 60.2903957], [11.2106655, 60.2902463], [11.2106113, 60.2901702], [11.210536, 60.2900722], [11.2104288, 60.2899444]]}, "properties": {"electrified": "contact_line", "frequency": "16.67", "gauge": "1435", "name": "Hovedbanen", "railway": "rail", "usage": "branch", "voltage": "15000", "length_km": 0.716}}, {"type": "Feature", "geometry": {"type": "LineString", "coordinates": [[10.8579541, 59.9401518], [10.8578667, 59.9401363], [10.8576321, 59.9400958], [10.8574032, 59.9400581], [10.8571677, 59.9400219], [10.8569323, 59.9399866], [10.8566743, 59.9399501], [10.8564126, 59.9399145], [10.85615, 59.9398818], [10.8558873, 59.93985], [10.8555442, 59.9398074], [10.8551864, 59.9397646], [10.851166, 59.9392866], [10.8496031, 59.9391006], [10.8490768, 59.9390378], [10.848553, 59.9389726], [10.8482878, 59.9389379], [10.8480291, 59.9389032], [10.8477693, 59.9388661], [10.8475127, 59.938828], [10.8472513, 59.9387878], [10.8469959, 59.9387476], [10.8467375, 59.938705], [10.8464831, 59.9386604], [10.8462296, 59.9386137], [10.8459782, 59.938566], [10.8457297, 59.9385154], [10.8454831, 59.9384628], [10.8452418, 59.9384102], [10.8450083, 59.9383556], [10.8447758, 59.9382991], [10.8445493, 59.9382416], [10.8443092, 59.9381777], [10.8440752, 59.9381135], [10.8438448, 59.9380482], [10.8436151, 59.9379819], [10.8431755, 59.9378504], [10.8429461, 59.9377812], [10.8427099, 59.937709], [10.8424956, 59.9376425], [10.8422829, 59.9375752], [10.8420725, 59.9375068], [10.8418621, 59.937436], [10.8416247, 59.9373553]]}, "properties": {"electrified": "contact_line", "frequency": "16.67", "gauge": "1435", "maxspeed": "130", "name": "Hovedbanen", "operator": "Bane NOR", "passenger_lines": "2", "railway": "rail", "usage": "branch", "voltage": "15000", "length_km": 0.972, "maxspeed_kmh": 130.0}}, {"type": "Feature", "geometry": {"type": "LineString", "coordinates": [[10.8416247, 59.9373553], [10.8415263, 59.9373199]]}, "properties": {"bridge": "yes", "electrified": "contact_line", "frequency": "16.67", "gauge": "1435", "maxspeed": "130", "name": "Hovedbanen", "operator": "Bane NOR", "passenger_lines": "2", "railway": "rail", "usage": "branch", "voltage": "15000", "length_km": 0.007, "maxspeed_kmh": 130.0}}, {"type": "Feature", "geometry": {"type": "LineString", "coordinates": [[10.8416127, 59.9373021], [10.8417049, 59.9373342]]}, "properties": {"bridge": "yes", "electrified": "contact_line", "frequency": "16.67", "gauge": "1435", "maxspeed": "130", "name": "Hovedbanen", "operator": "Bane NOR", "passenger_lines": "2", "railway": "rail", "usage": "branch", "voltage": "15000", "length_km": 0.006, "maxspeed_kmh": 130.0}}, {"type": "Feature", "geometry": {"type": "LineString", "coordinates": [[11.0085204, 59.9549613], [11.0086057, 59.9550171], [11.0086936, 59.9550702], [11.008822, 59.9551445], [11.0089511, 59.9552155], [11.0090875, 59.9552849], [11.0092283, 59.9553539], [11.0093694, 59.9554183], [11.0095156, 59.9554824], [11.0096656, 59.9555442], [11.0098229, 59.9556051], [11.0099746, 59.9556597], [11.0101329, 59.9557131], [11.0102923, 59.9557647], [11.010456, 59.9558135], [11.0106249, 59.9558607], [11.0107975, 59.9559068], [11.0109738, 59.9559494], [11.0111539, 59.9559901], [11.0113319, 59.9560279], [11.0115141, 59.9560635], [11.011697, 59.9560956], [11.0118799, 59.9561263], [11.012068, 59.9561548], [11.0122561, 59.9561805], [11.0124477, 59.9562045], [11.0126379, 59.956225], [11.012834, 59.9562448], [11.013059, 59.9562632], [11.0131971, 59.9562733]]}, "properties": {"electrified": "contact_line", "frequency": "16.67", "gauge": "1435", "maxspeed": "90", "name": "Hovedbanen", "operator": "Bane NOR", "passenger_lines": "2", "railway": "rail", "usage": "branch", "voltage": "15000", "length_km": 0.307, "maxspeed_kmh": 90.0}}, {"type": "Feature", "geometry": {"type": "LineString", "coordinates": [[10.9977965, 59.9467835], [10.9983504, 59.9470596], [10.9986116, 59.9471912], [10.9988718, 59.9473233], [10.9990984, 59.9474462], [10.9993236, 59.9475705], [10.9994477, 59.9476433], [10.9995696, 59.9477161], [10.9996907, 59.9477899], [10.9998135, 59.9478687], [10.999978, 59.9479724], [11.0001419, 59.9480794], [11.0003028, 59.9481858], [11.0004618, 59.9482936], [11.0006115, 59.9483964], [11.0007621, 59.948502], [11.0009089, 59.9486096], [11.001052, 59.9487183], [11.0011919, 59.9488264], [11.0013302, 59.9489371], [11.0014656, 59.9490474], [11.0016003, 59.9491583], [11.0018823, 59.9493912], [11.00218, 59.9496434], [11.0025178, 59.9499332], [11.0025226, 59.9499373], [11.003388, 59.9506899]]}, "properties": {"electrified": "contact_line", "frequency": "16.67", "gauge": "1435", "maxspeed": "100", "name": "Hovedbanen", "operator": "Bane NOR", "railway": "rail", "usage": "branch", "voltage": "15000", "length_km": 0.538, "maxspeed_kmh": 100.0}}, {"type": "Feature", "geometry": {"type": "LineString", "coordinates": [[11.0799718, 59.9916924], [11.0801848, 59.9920987], [11.0804458, 59.9925965], [11.0805904, 59.9928698], [11.0807378, 59.993143], [11.0808713, 59.9933888], [11.0810087, 59.9936299], [11.0811324, 59.9938455], [11.0812629, 59.9940618], [11.0813804, 59.9942572], [11.0815017, 59.9944482], [11.0816416, 59.9946662], [11.081787, 59.9948842], [11.0819638, 59.9951334], [11.0821389, 59.995374], [11.0823291, 59.995627], [11.0825241, 59.9958786], [11.082664, 59.9960564], [11.0828154, 59.9962324]]}, "properties": {"electrified": "contact_line", "frequency": "16.67", "gauge": "1435", "maxspeed": "130", "name": "Hovedbanen", "operator": "Bane NOR", "passenger_lines": "1", "railway": "rail", "usage": "branch", "voltage": "15000", "length_km": 0.531, "maxspeed_kmh": 130.0}}, {"type": "Feature", "geometry": {"type": "LineString", "coordinates": [[11.1391351, 60.0723315], [11.1391423, 60.0727694], [11.1391554, 60.0733044], [11.1391678, 60.0735885], [11.139187, 60.0738725], [11.1392327, 60.07444], [11.1392761, 60.0750034], [11.139321, 60.0755704], [11.139368, 60.0761355], [11.1394148, 60.0767014], [11.1394252, 60.0768363], [11.1394356, 60.0769716], [11.1394452, 60.0771067], [11.1394549, 60.0772423], [11.139465, 60.0773834], [11.1394751, 60.077525], [11.1394838, 60.0776666], [11.1394912, 60.0778082], [11.139525, 60.0783743], [11.1395591, 60.0789355], [11.1396122, 60.0798512], [11.1396195, 60.0799859], [11.1396685, 60.0807872]]}, "properties": {"electrified": "contact_line", "frequency": "16.67", "gauge": "1435", "maxspeed": "130", "name": "Hovedbanen", "operator": "Bane NOR", "passenger_lines": "2", "railway": "rail", "usage": "branch", "voltage": "15000", "length_km": 0.943, "maxspeed_kmh": 130.0}}, {"type": "Feature", "geometry": {"type": "LineString", "coordinates": [[11.1396685, 60.0807872], [11.1396566, 60.0806551], [11.1396404, 60.0805149], [11.1396246, 60.080409], [11.139577, 60.0801784], [11.1395605, 60.0800825], [11.1395448, 60.0799874], [11.1395267, 60.0798548], [11.139514, 60.0797216], [11.1395047, 60.0795867], [11.1394759, 60.0790831], [11.1394338, 60.0783758], [11.1394211, 60.078238], [11.1394063, 60.0781001], [11.1393869, 60.0779748], [11.1393637, 60.0778491], [11.1393428, 60.0777383], [11.1393187, 60.0776277], [11.1392528, 60.0773808], [11.1392223, 60.0772693], [11.139193, 60.0771578], [11.1391673, 60.0770459], [11.1391456, 60.0769333], [11.1391253, 60.076821], [11.1391077, 60.0767087], [11.1390897, 60.076567], [11.1390764, 60.0764252], [11.139064, 60.0762834], [11.1390526, 60.0761416], [11.1390057, 60.0755759], [11.1389588, 60.075008], [11.1389497, 60.0749005], [11.1389425, 60.0747925], [11.1389367, 60.074684], [11.1389328, 60.0745759], [11.1389309, 60.074479], [11.1389321, 60.0743821], [11.1389348, 60.0742852], [11.1389399, 60.0741883], [11.1389497, 60.0740638], [11.1389633, 60.0739392], [11.1389785, 60.0738147], [11.1389967, 60.0736901], [11.1390589, 60.0732009], [11.1391156, 60.0727698], [11.1391261, 60.0726262], [11.1391332, 60.0724787], [11.1391351, 60.0723315]]}, "properties": {"electrified": "contact_line", "frequency": "16.67", "gauge": "1435", "maxspeed": "80", "name": "Hovedbanen", "passenger_lines": "2", "railway": "rail", "usage": "branch", "voltage": "15000", "length_km": 0.944, "maxspeed_kmh": 80.0}}, {"type": "Feature", "geometry": {"type": "LineString", "coordinates": [[11.1050642, 60.0236912], [11.1052935, 60.0237586]]}, "properties": {"bridge": "yes", "electrified": "contact_line", "frequency": "16.67", "gauge": "1435", "maxspeed": "90", "name": "Hovedbanen", "operator": "Bane NOR", "passenger_lines": "1", "railway": "rail", "usage": "branch", "voltage": "15000", "length_km": 0.015, "maxspeed_kmh": 90.0}}, {"type": "Feature", "geometry": {"type": "LineString", "coordinates": [[11.0858085, 59.9991534], [11.0861157, 59.9993984]]}, "properties": {"electrified": "contact_line", "frequency": "16.67", "gauge": "1435", "maxspeed": "130", "name": "Hovedbanen", "operator": "Bane NOR", "passenger_lines": "1", "railway": "rail", "tunnel": "yes", "usage": "branch", "voltage": "15000", "length_km": 0.032, "maxspeed_kmh": 130.0}}, {"type": "Feature", "geometry": {"type": "LineString", "coordinates": [[11.1268948, 60.0370642], [11.127002, 60.0372789]]}, "properties": {"bridge": "yes", "electrified": "contact_line", "frequency": "16.67", "gauge": "1435", "maxspeed": "100", "name": "Hovedbanen", "operator": "Bane NOR", "passenger_lines": "1", "railway": "rail", "usage": "branch", "voltage": "15000", "length_km": 0.025, "maxspeed_kmh": 100.0}}, {"type": "Feature", "geometry": {"type": "LineString", "coordinates": [[11.1049231, 60.0236519], [11.1046535, 60.0235672], [11.1044175, 60.0234896], [11.1042523, 60.0234328], [11.1040906, 60.0233749], [11.1039403, 60.0233172], [11.1037928, 60.0232596], [11.1035872, 60.0231721], [11.1033863, 60.0230822], [11.1031953, 60.0229894], [11.1030166, 60.0228954], [11.1028431, 60.0227981], [11.1026759, 60.0226984], [11.1025274, 60.0225989], [11.102385, 60.0224969], [11.1022445, 60.0223912], [11.1021117, 60.0222836], [11.1019838, 60.0221702], [11.1018707, 60.0220598], [11.1017614, 60.0219467], [11.1016581, 60.0218323], [11.1015616, 60.021717], [11.1014717, 60.0215991], [11.1013816, 60.0214808], [11.1012982, 60.0213617], [11.10122, 60.0212426], [11.1011436, 60.021125], [11.1010563, 60.020969], [11.1009735, 60.0208136], [11.1009349, 60.0207344], [11.1009007, 60.0206558], [11.1008769, 60.0205992], [11.1008331, 60.0204898], [11.1008043, 60.0204027]]}, "properties": {"electrified": "contact_line", "frequency": "16.67", "gauge": "1435", "maxspeed": "90", "name": "Hovedbanen", "passenger_lines": "2", "railway": "rail", "usage": "branch", "voltage": "15000", "length_km": 0.444, "maxspeed_kmh": 90.0}}, {"type": "Feature", "geometry": {"type": "LineString", "coordinates": [[11.0799718, 59.9916924], [11.0797104, 59.9911939], [11.0794246, 59.990645], [11.079173, 59.9901656], [11.0786919, 59.9892508], [11.0785517, 59.9889836], [11.0784065, 59.9887102], [11.0782575, 59.9884391], [11.078102, 59.9881653], [11.0779394, 59.9878914], [11.0777757, 59.9876196], [11.0774256, 59.9870787], [11.0770544, 59.9865419], [11.0769577, 59.9864094], [11.0768611, 59.9862778], [11.0768103, 59.9862094], [11.076659, 59.9860096], [11.0764565, 59.9857439], [11.0762517, 59.9854803], [11.0759827, 59.9851393]]}, "properties": {"electrified": "contact_line", "frequency": "16.67", "gauge": "1435", "maxspeed": "130", "name": "Hovedbanen", "operator": "Bane NOR", "passenger_lines": "2", "railway": "rail", "usage": "branch", "voltage": "15000", "length_km": 0.764, "maxspeed_kmh": 130.0}}, {"type": "Feature", "geometry": {"type": "LineString", "coordinates": [[11.1396685, 60.0807872], [11.1397134, 60.0815608], [11.1398249, 60.0834361], [11.139903, 60.0847162], [11.1399822, 60.0860327], [11.14004, 60.0870306], [11.1401775, 60.0892827], [11.1404286, 60.0935431], [11.1404899, 60.0944871], [11.1407081, 60.0975993], [11.1408048, 60.0989499], [11.1408435, 60.0994922], [11.1408819, 60.1000566], [11.1408964, 60.1003392], [11.140896, 60.1006217], [11.1408847, 60.1008656], [11.1408635, 60.1011101], [11.1408309, 60.1013346], [11.1407885, 60.1015585], [11.1407451, 60.1017822], [11.1406972, 60.1020063], [11.1406414, 60.1022595], [11.1405819, 60.1025127], [11.1405163, 60.102781], [11.1404445, 60.1030499], [11.1403773, 60.1032944], [11.1403076, 60.1035388], [11.1401587, 60.104047], [11.1400023, 60.1045845], [11.1398473, 60.1051157], [11.1395354, 60.1061817], [11.1394969, 60.1063085]]}, "properties": {"electrified": "contact_line", "frequency": "16.67", "gauge": "1435", "maxspeed": "130", "name": "Hovedbanen", "operator": "Bane NOR", "passenger_lines": "1", "railway": "rail", "usage": "branch", "voltage": "15000", "length_km": 2.85, "maxspeed_kmh": 130.0}}, {"type": "Feature", "geometry": {"type": "LineString", "coordinates": [[11.1023792, 60.0157699], [11.1023695, 60.0158465], [11.1023616, 60.0159236], [11.1023469, 60.0160256], [11.1023293, 60.0161277], [11.1023061, 60.0162318], [11.1022773, 60.016336], [11.1022411, 60.0164479], [11.1021981, 60.0165588], [11.1021498, 60.0166711], [11.102096, 60.0167824], [11.1020461, 60.0168754], [11.1019913, 60.0169684], [11.1019164, 60.0170887], [11.1018389, 60.0172086], [11.1017535, 60.017335], [11.1016658, 60.0174614], [11.101577, 60.0175891], [11.1014861, 60.0177168], [11.1014109, 60.0178227], [11.1013385, 60.017929], [11.1012656, 60.0180335], [11.1011956, 60.0181381], [11.1011317, 60.0182388], [11.1010703, 60.0183395], [11.1010122, 60.0184403], [11.1009566, 60.0185416], [11.1009079, 60.0186444], [11.100861, 60.018748], [11.100823, 60.0188522], [11.1007876, 60.0189572], [11.1007564, 60.0190606], [11.1007326, 60.0191663], [11.1007132, 60.0192718], [11.1006982, 60.0193766], [11.1006873, 60.0194842], [11.1006816, 60.0195923], [11.1006821, 60.019701], [11.1006874, 60.0198096], [11.1006947, 60.0198931], [11.1007042, 60.0199767], [11.1007175, 60.0200613], [11.1007341, 60.0201465], [11.1007572, 60.0202445], [11.1007852, 60.0203442], [11.1008043, 60.0204027]]}, "properties": {"electrified": "contact_line", "frequency": "16.67", "gauge": "1435", "maxspeed": "90", "name": "Hovedbanen", "operator": "Bane NOR", "passenger_lines": "1", "railway": "rail", "usage": "branch", "voltage": "15000", "length_km": 0.529, "maxspeed_kmh": 90.0}}, {"type": "Feature", "geometry": {"type": "LineString", "coordinates": [[11.1008043, 60.0204027], [11.1008205, 60.0204456], [11.1008375, 60.0204885], [11.1008573, 60.0205302], [11.1008778, 60.0205719], [11.1009004, 60.0206131], [11.1009243, 60.0206542], [11.1009776, 60.0207303], [11.1010323, 60.0208063], [11.1010829, 60.0208808], [11.1011336, 60.0209575], [11.1012313, 60.0211078], [11.1013906, 60.0213448], [11.1014744, 60.0214634], [11.1015599, 60.0215821], [11.101651, 60.0216993], [11.1017478, 60.0218136], [11.1018522, 60.0219259], [11.1019636, 60.0220368], [11.1020835, 60.0221462], [11.1022075, 60.0222554], [11.1023408, 60.0223646], [11.1024727, 60.022466], [11.102614, 60.0225659], [11.1027637, 60.0226674], [11.1029222, 60.0227654], [11.1030893, 60.0228627], [11.103271, 60.0229563], [11.1034554, 60.0230462], [11.1036629, 60.0231408], [11.103854, 60.0232209], [11.1040011, 60.0232834], [11.104151, 60.023346], [11.1042982, 60.0234079], [11.1044533, 60.0234713], [11.1046663, 60.0235585], [11.1047957, 60.0236043], [11.1049265, 60.0236495]]}, "properties": {"electrified": "contact_line", "frequency": "16.67", "gauge": "1435", "maxspeed": "40", "name": "Hovedbanen", "operator": "Bane NOR", "passenger_lines": "2", "railway": "rail", "usage": "branch", "voltage": "15000", "length_km": 0.44, "maxspeed_kmh": 40.0}}, {"type": "Feature", "geometry": {"type": "LineString", "coordinates": [[11.1270422, 60.0373605], [11.1272032, 60.037687], [11.1272898, 60.0378622], [11.1274063, 60.0380921], [11.1274492, 60.038172], [11.1275222, 60.0383073], [11.127573, 60.0383953], [11.1276257, 60.0384828], [11.1276815, 60.0385718], [11.1277391, 60.038661], [11.1278008, 60.0387522], [11.1278641, 60.0388428], [11.1279275, 60.0389332], [11.1279936, 60.0390242], [11.1281536, 60.0392343], [11.1283179, 60.0394431], [11.1286687, 60.0398908]]}, "properties": {"electrified": "contact_line", "frequency": "16.67", "gauge": "1435", "maxspeed": "100", "name": "Hovedbanen", "operator": "Bane NOR", "passenger_lines": "2", "railway": "rail", "usage": "branch", "voltage": "15000", "length_km": 0.297, "maxspeed_kmh": 100.0}}, {"type": "Feature", "geometry": {"type": "LineString", "coordinates": [[11.0909301, 60.0021701], [11.0913389, 60.0023636], [11.09175, 60.0025567], [11.0921439, 60.0027414], [11.0925378, 60.0029261], [11.0928923, 60.0030944], [11.0931362, 60.0032111], [11.0933931, 60.0033372], [11.0936479, 60.0034657], [11.0937872, 60.0035379], [11.0939254, 60.0036105], [11.0940643, 60.0036857], [11.0942017, 60.0037615], [11.0943404, 60.00384], [11.0944751, 60.0039175], [11.0946084, 60.003997], [11.0947397, 60.0040764], [11.0948685, 60.004157], [11.0949965, 60.0042376], [11.0951231, 60.0043195], [11.095248, 60.0044019], [11.0953702, 60.0044856], [11.0954903, 60.0045702], [11.0956092, 60.0046549], [11.0957253, 60.0047409], [11.0958659, 60.004847], [11.0960029, 60.0049536], [11.0961374, 60.0050618], [11.09627, 60.005171], [11.0963931, 60.0052773], [11.0965154, 60.0053846], [11.0966333, 60.0054923], [11.0967486, 60.0056004], [11.096841, 60.0056908], [11.096931, 60.0057811], [11.0970186, 60.0058716], [11.0971061, 60.0059628], [11.0971877, 60.0060531], [11.0972686, 60.0061432], [11.0973468, 60.0062345], [11.0974236, 60.0063267], [11.0975208, 60.0064455], [11.0976165, 60.0065642]]}, "properties": {"electrified": "contact_line", "frequency": "16.67", "gauge": "1435", "name": "Hovedbanen", "operator": "Bane NOR", "passenger_lines": "1", "railway": "rail", "usage": "branch", "voltage": "15000", "length_km": 0.622}}, {"type": "Feature", "geometry": {"type": "LineString", "coordinates": [[11.0760619, 59.9851239], [11.0763303, 59.9854651], [11.0765379, 59.9857278], [11.0767454, 59.9859927], [11.0769016, 59.9861934], [11.0769527, 59.9862625], [11.0770497, 59.986394], [11.0771438, 59.9865264], [11.077505, 59.987064], [11.0775629, 59.9871527], [11.0778624, 59.9876056], [11.0780322, 59.987877], [11.0781962, 59.9881499], [11.0783582, 59.9884256], [11.0785103, 59.988695], [11.0786578, 59.988971], [11.0787977, 59.9892377], [11.0792776, 59.9901525], [11.0793409, 59.9902725], [11.0793994, 59.9903933], [11.0795069, 59.9906349], [11.0795348, 59.9907081], [11.0796371, 59.9909484], [11.0797346, 59.9911891], [11.07975, 59.9912334], [11.0798282, 59.9914022], [11.0798949, 59.9915397], [11.079933, 59.991616], [11.0799718, 59.9916924]]}, "properties": {"electrified": "contact_line", "frequency": "16.67", "gauge": "1435", "maxspeed": "100", "name": "Hovedbanen", "operator": "Bane NOR", "passenger_lines": "2", "railway": "rail", "usage": "branch", "voltage": "15000", "length_km": 0.765, "maxspeed_kmh": 100.0}}, {"type": "Feature", "geometry": {"type": "LineString", "coordinates": [[11.1320286, 60.0446066], [11.1319967, 60.0445588], [11.1319643, 60.0445123], [11.131926, 60.0444586], [11.1318672, 60.0443839], [11.1317995, 60.0443077], [11.1317354, 60.0442337], [11.1316764, 60.0441596], [11.1316086, 60.0440669], [11.1315497, 60.0439838], [11.1314435, 60.0438093], [11.1313455, 60.0436486], [11.1312461, 60.0434878], [11.1311251, 60.0432903], [11.1310002, 60.0430938], [11.1308626, 60.0428898], [11.1307206, 60.0426869], [11.1305845, 60.0424955], [11.1304462, 60.0423057], [11.1303134, 60.0421131], [11.130174, 60.0419238], [11.1300254, 60.0417318], [11.1298719, 60.0415408], [11.1297898, 60.0414327], [11.1297068, 60.0413247], [11.1296228, 60.0412178], [11.1295355, 60.0411115], [11.1294653, 60.0410271], [11.1293909, 60.0409435], [11.1292034, 60.0407356], [11.1289913, 60.0405012], [11.1288515, 60.0403381], [11.1286833, 60.040128], [11.1285188, 60.0399183], [11.1281667, 60.0394706], [11.1279504, 60.0391922], [11.1278373, 60.0390499], [11.1277656, 60.0389595], [11.1276978, 60.0388682], [11.1276342, 60.038778], [11.1275758, 60.0386874], [11.1275226, 60.038598], [11.1274723, 60.0385081], [11.1274269, 60.0384177], [11.1273843, 60.0383274], [11.1273303, 60.0381907], [11.1272983, 60.038104], [11.1272643, 60.038004], [11.1271638, 60.0376915], [11.1271295, 60.037588], [11.1271111, 60.0375334], [11.1270905, 60.0374791], [11.1270594, 60.0374063], [11.1270393, 60.0373609]]}, "properties": {"electrified": "contact_line", "frequency": "16.67", "gauge": "1435", "maxspeed": "50", "name": "Hovedbanen", "passenger_lines": "2", "railway": "rail", "usage": "branch", "voltage": "15000", "length_km": 0.856, "maxspeed_kmh": 50.0}}, {"type": "Feature", "geometry": {"type": "LineString", "coordinates": [[11.0636282, 59.9610175], [11.0637127, 59.9611033], [11.0638087, 59.9612005], [11.0639024, 59.9612985], [11.0639935, 59.9613936], [11.0640826, 59.9614891], [11.0641588, 59.9615725], [11.0642344, 59.9616566], [11.0643084, 59.9617397], [11.0643766, 59.9618189], [11.0644625, 59.9619171], [11.0645445, 59.9620157], [11.0646268, 59.9621153], [11.0647045, 59.9622121], [11.0647978, 59.9623289], [11.064888, 59.9624469], [11.0649757, 59.9625622], [11.0650601, 59.9626777], [11.0651566, 59.9628135], [11.065252, 59.9629503], [11.0653404, 59.9630799], [11.0654257, 59.9632101], [11.0655098, 59.9633416], [11.0655871, 59.9634726], [11.0656669, 59.9636043], [11.0657449, 59.963736], [11.0658109, 59.9638557], [11.0658751, 59.9639754], [11.0659379, 59.9640951], [11.0659995, 59.9642154], [11.0660834, 59.9643929], [11.0661392, 59.9645102], [11.0661912, 59.9646276], [11.0662587, 59.964787], [11.0663247, 59.9649468], [11.0664085, 59.9651552], [11.0664915, 59.9653636], [11.0665188, 59.965434], [11.0668663, 59.9663213], [11.0674689, 59.9678544], [11.0679433, 59.969059], [11.0681492, 59.9695869], [11.0685455, 59.9705927], [11.0695773, 59.9732151], [11.0701798, 59.9747486], [11.0706539, 59.975951], [11.0712574, 59.9774836], [11.0714775, 59.9780432], [11.0715815, 59.9783063], [11.0716908, 59.978563], [11.0717947, 59.9787993], [11.071906, 59.9790363], [11.0720082, 59.9792458], [11.0721155, 59.9794554], [11.072244, 59.9796948], [11.0723765, 59.979931], [11.0725205, 59.9801834], [11.0726685, 59.9804359]]}, "properties": {"electrified": "contact_line", "frequency": "16.67", "gauge": "1435", "maxspeed": "130", "name": "Hovedbanen", "operator": "Bane NOR", "passenger_lines": "1", "railway": "rail", "usage": "branch", "voltage": "15000", "length_km": 2.227, "maxspeed_kmh": 130.0}}, {"type": "Feature", "geometry": {"type": "LineString", "coordinates": [[11.0828154, 59.9962324], [11.0830717, 59.9965313], [11.0833387, 59.9968265]]}, "properties": {"electrified": "contact_line", "frequency": "16.67", "gauge": "1435", "maxspeed": "130", "name": "Hovedbanen", "operator": "Bane NOR", "passenger_lines": "1", "railway": "rail", "tunnel": "yes", "usage": "branch", "voltage": "15000", "length_km": 0.072, "maxspeed_kmh": 130.0}}, {"type": "Feature", "geometry": {"type": "LineString", "coordinates": [[11.1030785, 60.0108126], [11.1031447, 60.010903], [11.1031959, 60.0109806], [11.1032426, 60.0110593], [11.1032861, 60.0111392], [11.1033273, 60.0112192], [11.1033649, 60.0112996], [11.1033985, 60.0113803], [11.103426, 60.0114626], [11.1034552, 60.0115457], [11.1034753, 60.0116287], [11.1034932, 60.0117117], [11.1035068, 60.0117942], [11.1035181, 60.0118768], [11.1035231, 60.0119576], [11.1035247, 60.012039], [11.1035235, 60.0121219], [11.10352, 60.0122049], [11.1035087, 60.0122858], [11.1034962, 60.0123666], [11.1034779, 60.0124475], [11.1034575, 60.0125284], [11.1034309, 60.0126107], [11.1034022, 60.012693], [11.1033706, 60.0127756], [11.1033357, 60.0128576], [11.1032887, 60.0129548], [11.1032383, 60.0130519], [11.1031862, 60.0131494], [11.1031308, 60.0132463], [11.1030611, 60.0133671], [11.102988, 60.0134873], [11.1029321, 60.0135785], [11.1028936, 60.0136457], [11.1028568, 60.0137116], [11.1028007, 60.0138111], [11.1027457, 60.0139091], [11.1026968, 60.0140069], [11.1026518, 60.0141052], [11.1026164, 60.0141893], [11.1025844, 60.014274], [11.1025563, 60.0143584], [11.1025326, 60.0144433], [11.1025106, 60.0145441], [11.1024893, 60.0146443], [11.1024754, 60.0147451], [11.1024627, 60.014846], [11.1024431, 60.0150122]]}, "properties": {"electrified": "contact_line", "frequency": "16.67", "gauge": "1435", "maxspeed": "90", "name": "Hovedbanen", "operator": "Bane NOR", "passenger_lines": "1", "railway": "rail", "usage": "branch", "voltage": "15000", "length_km": 0.478, "maxspeed_kmh": 90.0}}, {"type": "Feature", "geometry": {"type": "LineString", "coordinates": [[11.2055813, 60.2525637], [11.2055877, 60.252661], [11.2056418, 60.2534803], [11.2057494, 60.2550506], [11.2058639, 60.2564412], [11.2059328, 60.2571815], [11.205961, 60.2575576], [11.2059639, 60.2584065], [11.2059242, 60.2590478], [11.2056405, 60.2604107], [11.2055658, 60.2614554], [11.2056319, 60.2622927], [11.2059119, 60.2631576], [11.206144, 60.2636319]]}, "properties": {"electrified": "contact_line", "frequency": "16.67", "gauge": "1435", "maxspeed": "125", "name": "Hovedbanen", "operator": "Bane NOR", "passenger_lines": "1", "railway": "rail", "usage": "branch", "voltage": "15000", "length_km": 1.238, "maxspeed_kmh": 125.0}}, {"type": "Feature", "geometry": {"type": "LineString", "coordinates": [[11.0368179, 59.9523411], [11.0365968, 59.9523287], [11.0363738, 59.9523172], [11.0363432, 59.9523157], [11.0361991, 59.9523088], [11.0360228, 59.9523016], [11.0358448, 59.9522955], [11.0356685, 59.9522906], [11.0354918, 59.9522867], [11.035316, 59.9522845], [11.0351398, 59.9522838], [11.0349627, 59.9522851], [11.0347841, 59.9522878], [11.0346055, 59.9522919], [11.0344275, 59.9522969], [11.0342495, 59.9523028], [11.0332292, 59.9523387]]}, "properties": {"electrified": "contact_line", "frequency": "16.67", "gauge": "1435", "maxspeed": "80", "name": "Hovedbanen", "operator": "Bane NOR", "passenger_lines": "4", "railway": "rail", "usage": "main", "voltage": "15000", "length_km": 0.201, "maxspeed_kmh": 80.0}}, {"type": "Feature", "geometry": {"type": "LineString", "coordinates": [[11.1024431, 60.0150122], [11.1024286, 60.0151988], [11.1024115, 60.0153853], [11.1023957, 60.0155772], [11.1023792, 60.0157699]]}, "properties": {"bridge": "yes", "electrified": "contact_line", "frequency": "16.67", "gauge": "1435", "maxspeed": "90", "name": "Hovedbanen", "operator": "Bane NOR", "passenger_lines": "1", "railway": "rail", "usage": "branch", "voltage": "15000", "length_km": 0.085, "maxspeed_kmh": 90.0}}, {"type": "Feature", "geometry": {"type": "LineString", "coordinates": [[11.1165406, 60.0268571], [11.1167519, 60.0269426], [11.1169416, 60.0270212], [11.1171343, 60.0270997], [11.1173262, 60.0271783], [11.1175189, 60.0272561], [11.1177101, 60.0273345], [11.1179035, 60.0274126], [11.1180943, 60.0274906], [11.1182881, 60.027569], [11.1184791, 60.0276459], [11.1186723, 60.0277228], [11.1188677, 60.0277969], [11.1190652, 60.027871], [11.1195043, 60.0280305], [11.1199546, 60.0281865], [11.1201676, 60.0282605], [11.1203854, 60.0283361], [11.1206018, 60.0284121], [11.120815, 60.0284888], [11.1210404, 60.028572], [11.1212687, 60.0286566], [11.1214955, 60.0287414], [11.1217194, 60.0288277], [11.1218969, 60.0288984], [11.1220715, 60.0289711], [11.1222973, 60.0290693], [11.1224365, 60.0291319], [11.1225718, 60.0291965], [11.1227066, 60.0292625], [11.1228396, 60.0293296], [11.1229642, 60.0293964], [11.1230869, 60.0294641], [11.1232081, 60.0295335], [11.1233274, 60.0296054], [11.1234382, 60.029675], [11.1235471, 60.0297456], [11.1236559, 60.0298177], [11.1237608, 60.0298917], [11.1238621, 60.0299655], [11.1239605, 60.0300402], [11.1240565, 60.0301168], [11.1241516, 60.0301939], [11.1242386, 60.0302715], [11.1243246, 60.0303491], [11.1244085, 60.0304291], [11.1244915, 60.0305095], [11.1245629, 60.0305844], [11.1246315, 60.0306613], [11.1247004, 60.0307375], [11.1247654, 60.0308142], [11.124824, 60.0308906], [11.1248817, 60.030967], [11.1249362, 60.0310437], [11.1249878, 60.0311208], [11.1250299, 60.0311864], [11.1250701, 60.031252], [11.1251106, 60.0313198], [11.1251492, 60.0313881], [11.1251891, 60.031469], [11.1252261, 60.0315509], [11.1252614, 60.0316317], [11.1252948, 60.0317136], [11.1253257, 60.0317958], [11.1253523, 60.031878], [11.1253784, 60.0319602], [11.1254017, 60.0320424], [11.1254356, 60.0321795], [11.1254668, 60.0323166], [11.1254946, 60.0324531], [11.1255197, 60.0325897], [11.1255677, 60.0328602], [11.1256177, 60.0331256], [11.1256702, 60.0333939], [11.1257289, 60.0336633], [11.1258541, 60.0342038], [11.1259211, 60.0344666], [11.1259933, 60.0347319], [11.1260691, 60.0349984], [11.1261551, 60.0352679], [11.126246, 60.0355367], [11.1263447, 60.0358039], [11.126448, 60.0360685], [11.1265582, 60.0363337], [11.1266748, 60.0365982], [11.1267983, 60.0368638], [11.1268948, 60.0370642]]}, "properties": {"electrified": "contact_line", "frequency": "16.67", "gauge": "1435", "maxspeed": "100", "name": "Hovedbanen", "operator": "Bane NOR", "passenger_lines": "1", "railway": "rail", "usage": "branch", "voltage": "15000", "length_km": 1.353, "maxspeed_kmh": 100.0}}, {"type": "Feature", "geometry": {"type": "LineString", "coordinates": [[11.0977444, 60.0067219], [11.0980695, 60.0071432], [11.0981687, 60.0072694], [11.0982118, 60.0073243], [11.098339, 60.0074731], [11.0984837, 60.0076329], [11.0986176, 60.0077666], [11.0987511, 60.0078878]]}, "properties": {"electrified": "contact_line", "frequency": "16.67", "gauge": "1435", "maxspeed": "90", "name": "Hovedbanen", "operator": "Bane NOR", "passenger_lines": "1", "railway": "rail", "tunnel": "yes", "usage": "branch", "voltage": "15000", "length_km": 0.142, "maxspeed_kmh": 90.0}}, {"type": "Feature", "geometry": {"type": "LineString", "coordinates": [[11.0843848, 59.9978992], [11.0844967, 59.9980072], [11.0846116, 59.9981152], [11.08474, 59.9982329], [11.0848696, 59.9983507], [11.0850037, 59.9984703], [11.0851335, 59.998585], [11.0852791, 59.99871], [11.0854267, 59.9988346], [11.0855725, 59.9989594], [11.0857152, 59.9990787], [11.0858085, 59.9991534]]}, "properties": {"electrified": "contact_line", "frequency": "16.67", "gauge": "1435", "maxspeed": "130", "name": "Hovedbanen", "operator": "Bane NOR", "passenger_lines": "1", "railway": "rail", "usage": "branch", "voltage": "15000", "length_km": 0.161, "maxspeed_kmh": 130.0}}, {"type": "Feature", "geometry": {"type": "LineString", "coordinates": [[11.0465691, 59.9532633], [11.0467575, 59.9533182], [11.0469163, 59.9533671], [11.0470155, 59.953399], [11.0471129, 59.9534321]]}, "properties": {"electrified": "contact_line", "frequency": "16.67", "gauge": "1435", "maxspeed": "40", "name": "Hovedbanen", "railway": "rail", "service": "siding", "voltage": "15000", "length_km": 0.036, "maxspeed_kmh": 40.0}}, {"type": "Feature", "geometry": {"type": "LineString", "coordinates": [[11.0483136, 59.953836], [11.0474666, 59.9536111]]}, "properties": {"electrified": "contact_line", "frequency": "16.67", "gauge": "1435", "maxspeed": "40", "name": "Hovedbanen", "railway": "rail", "service": "siding", "voltage": "15000", "length_km": 0.054, "maxspeed_kmh": 40.0}}, {"type": "Feature", "geometry": {"type": "LineString", "coordinates": [[11.2497649, 60.3282746], [11.2501989, 60.3280615], [11.250461, 60.3279387], [11.2507852, 60.3277874], [11.2510583, 60.327656], [11.2513147, 60.3275287], [11.2519522, 60.3272181], [11.2522785, 60.3270757], [11.2525507, 60.3269682], [11.2529526, 60.3268281], [11.253252, 60.326732], [11.2536048, 60.326625], [11.2539077, 60.3265318], [11.2545964, 60.3263233], [11.2548417, 60.3262499], [11.2551593, 60.3261649]]}, "properties": {"electrified": "contact_line", "frequency": "16.67", "gauge": "1435", "name": "Hovedbanen", "operator": "Bane NOR", "passenger_lines": "2", "railway": "rail", "usage": "branch", "voltage": "15000", "length_km": 0.382}}, {"type": "Feature", "geometry": {"type": "LineString", "coordinates": [[11.2483557, 60.3298968], [11.2483543, 60.3299033]]}, "properties": {"electrified": "contact_line", "frequency": "16.67", "gauge": "1435", "maxspeed": "65", "name": "Hovedbanen", "passenger_lines": "2", "railway": "rail", "usage": "branch", "voltage": "15000", "length_km": 0.001, "maxspeed_kmh": 65.0}}, {"type": "Feature", "geometry": {"type": "LineString", "coordinates": [[11.2579883, 60.3250694], [11.2578539, 60.3251613], [11.2576094, 60.3253074], [11.2573955, 60.3254262], [11.2570433, 60.3255854], [11.2568993, 60.3256446], [11.2566162, 60.3257504], [11.2561627, 60.3258958], [11.2559853, 60.3259519]]}, "properties": {"electrified": "contact_line", "frequency": "16.67", "gauge": "1435", "maxspeed": "85", "name": "Hovedbanen", "operator": "Bane NOR", "passenger_lines": "1", "railway": "rail", "usage": "branch", "voltage": "15000", "length_km": 0.149, "maxspeed_kmh": 85.0}}, {"type": "Feature", "geometry": {"type": "LineString", "coordinates": [[11.0402822, 59.9523376], [11.0403922, 59.952337], [11.0405362, 59.9523377], [11.0407272, 59.9523407], [11.0409252, 59.9523478], [11.0411067, 59.9523574], [11.0412925, 59.9523703], [11.0415107, 59.9523908], [11.0417325, 59.9524148], [11.0421275, 59.9524674], [11.0424601, 59.9525139], [11.04279, 59.9525625], [11.0431741, 59.9526201], [11.0435541, 59.9526816], [11.0439637, 59.9527504], [11.0443752, 59.952821], [11.0451936, 59.952969], [11.0455892, 59.9530395], [11.0458023, 59.9530825], [11.0460203, 59.9531279], [11.0462236, 59.9531756], [11.0464253, 59.9532265], [11.0465691, 59.9532633]]}, "properties": {"electrified": "contact_line", "frequency": "16.67", "gauge": "1435", "maxspeed": "40", "name": "Hovedbanen", "operator": "Bane NOR", "railway": "rail", "service": "siding", "voltage": "15000", "length_km": 0.369, "maxspeed_kmh": 40.0}}, {"type": "Feature", "geometry": {"type": "LineString", "coordinates": [[11.0392146, 59.9524302], [11.0386159, 59.9524266], [11.0384731, 59.9524267], [11.0383215, 59.9524234], [11.038179, 59.9524189], [11.0380858, 59.9524152], [11.0379942, 59.9524107]]}, "properties": {"electrified": "contact_line", "frequency": "16.67", "gauge": "1435", "maxspeed": "40", "name": "Hovedbanen", "railway": "rail", "usage": "main", "voltage": "15000", "length_km": 0.068, "maxspeed_kmh": 40.0}}, {"type": "Feature", "geometry": {"type": "LineString", "coordinates": [[11.2490865, 60.3288121], [11.2489046, 60.3289762], [11.2487466, 60.3291492], [11.2485869, 60.3293512], [11.2485087, 60.3294902], [11.2484436, 60.3296226], [11.2484043, 60.3297083], [11.2483661, 60.3298518], [11.2483557, 60.3298968]]}, "properties": {"electrified": "contact_line", "frequency": "16.67", "gauge": "1435", "maxspeed": "65", "name": "Hovedbanen", "operator": "Bane NOR", "passenger_lines": "2", "railway": "rail", "usage": "branch", "voltage": "15000", "length_km": 0.128, "maxspeed_kmh": 65.0}}, {"type": "Feature", "geometry": {"type": "LineString", "coordinates": [[10.9370263, 59.9467903], [10.9366637, 59.9468609], [10.9362984, 59.9469293], [10.9359244, 59.9469979], [10.9356701, 59.9470422], [10.9354157, 59.9470857], [10.9351606, 59.9471282], [10.9349055, 59.9471695], [10.9346514, 59.9472094], [10.9343934, 59.9472494], [10.9338799, 59.9473247], [10.9336137, 59.9473625], [10.9333576, 59.9473968], [10.9328353, 59.9474651], [10.9280369, 59.9480708], [10.9255706, 59.9483833], [10.9250458, 59.9484473], [10.9247829, 59.9484784], [10.92452, 59.9485085], [10.924275, 59.9485339], [10.9240312, 59.9485575], [10.9237843, 59.9485786], [10.9235387, 59.9485972], [10.923308, 59.948611], [10.9230773, 59.9486232], [10.9228494, 59.9486328], [10.9226209, 59.94864], [10.9223773, 59.9486457], [10.9221346, 59.9486505], [10.9218896, 59.9486545], [10.9216464, 59.9486571], [10.9196372, 59.948675], [10.9193697, 59.9486791], [10.9191381, 59.9486842], [10.9189075, 59.9486908], [10.9186759, 59.9486989], [10.9184481, 59.9487093], [10.9181819, 59.9487254], [10.9179023, 59.9487465]]}, "properties": {"electrified": "contact_line", "frequency": "16.67", "gauge": "1435", "maxspeed": "110", "name": "Hovedbanen", "operator": "Bane NOR", "passenger_lines": "2", "railway": "rail", "usage": "branch", "voltage": "15000", "length_km": 1.097, "maxspeed_kmh": 110.0}}, {"type": "Feature", "geometry": {"type": "LineString", "coordinates": [[10.9097263, 59.9510765], [10.9098253, 59.9510406], [10.9100347, 59.9509604], [10.9102101, 59.9508905], [10.9103731, 59.9508218], [10.9105856, 59.950731], [10.9107897, 59.9506402], [10.9111979, 59.9504558], [10.9113907, 59.9503685], [10.911593, 59.950278], [10.9117969, 59.9501896], [10.9120071, 59.9501019], [10.9122096, 59.9500189], [10.912419, 59.9499366], [10.9126361, 59.9498554], [10.9128574, 59.9497756], [10.9130783, 59.9496991], [10.9133046, 59.9496243], [10.9135345, 59.949551], [10.9137679, 59.9494794], [10.9139914, 59.9494137], [10.9142192, 59.9493502], [10.9144476, 59.9492884], [10.9146792, 59.9492287], [10.9149014, 59.9491743], [10.9151273, 59.9491211], [10.9153526, 59.9490707], [10.9155829, 59.9490234], [10.9158071, 59.9489795], [10.916035, 59.9489393], [10.916263, 59.9489006], [10.9164934, 59.948865], [10.9167332, 59.9488313], [10.9169762, 59.9487999], [10.91722, 59.9487717], [10.9174685, 59.9487451], [10.9176728, 59.9487249], [10.9178818, 59.948707]]}, "properties": {"electrified": "contact_line", "frequency": "16.67", "gauge": "1435", "maxspeed": "110", "name": "Hovedbanen", "operator": "Bane NOR", "passenger_lines": "2", "railway": "rail", "usage": "branch", "voltage": "15000", "length_km": 0.535, "maxspeed_kmh": 110.0}}, {"type": "Feature", "geometry": {"type": "LineString", "coordinates": [[10.9178818, 59.948707], [10.9181762, 59.9486878], [10.9184434, 59.9486714], [10.9186738, 59.9486607], [10.9189051, 59.9486529], [10.9191374, 59.9486464], [10.9193678, 59.9486422], [10.9196324, 59.9486383], [10.9216335, 59.9486201], [10.9218771, 59.9486175], [10.9221206, 59.9486136], [10.922366, 59.9486088], [10.9226126, 59.9486016], [10.9228412, 59.9485933], [10.9230725, 59.9485824], [10.9233007, 59.9485694], [10.9235323, 59.9485539], [10.923773, 59.9485351], [10.9240151, 59.9485135], [10.9242543, 59.9484891], [10.924495, 59.9484626], [10.9247584, 59.9484322], [10.9250209, 59.9484003], [10.9255468, 59.9483346], [10.9280137, 59.9480276], [10.9328139, 59.9474275], [10.9333328, 59.9473603], [10.9335904, 59.9473251], [10.9338479, 59.9472893], [10.9343675, 59.9472138], [10.9346248, 59.9471751], [10.934882, 59.947135], [10.9351361, 59.9470933], [10.9353902, 59.947051], [10.9356438, 59.9470075], [10.9358973, 59.9469635], [10.9362671, 59.9468958]]}, "properties": {"electrified": "contact_line", "frequency": "16.67", "gauge": "1435", "maxspeed": "110", "name": "Hovedbanen", "operator": "Bane NOR", "passenger_lines": "2", "railway": "rail", "usage": "branch", "voltage": "15000", "length_km": 1.053, "maxspeed_kmh": 110.0}}, {"type": "Feature", "geometry": {"type": "LineString", "coordinates": [[10.941898, 59.9457854], [10.9456156, 59.9450037], [10.9458233, 59.9449591], [10.9460291, 59.9449127], [10.9462341, 59.944864], [10.9464373, 59.9448126], [10.9466399, 59.9447581], [10.9468426, 59.9447009], [10.9470416, 59.9446427], [10.9472407, 59.9445828], [10.9474265, 59.9445278]]}, "properties": {"electrified": "contact_line", "frequency": "16.67", "gauge": "1435", "maxspeed": "85", "name": "Hovedbanen", "operator": "Bane NOR", "passenger_lines": "2", "railway": "rail", "usage": "branch", "voltage": "15000", "length_km": 0.34, "maxspeed_kmh": 85.0}}, {"type": "Feature", "geometry": {"type": "LineString", "coordinates": [[11.1446226, 60.1153265], [11.1447749, 60.1153953], [11.1449319, 60.115464], [11.1451246, 60.115547], [11.1453207, 60.1156299], [11.1455163, 60.115712], [11.145713, 60.1157929], [11.145923, 60.1158762], [11.1461349, 60.1159594], [11.1463453, 60.1160418], [11.1465603, 60.1161237], [11.1467411, 60.1161904], [11.1469243, 60.1162565], [11.1471097, 60.1163226], [11.1472962, 60.1163875], [11.1474893, 60.1164513], [11.1476847, 60.1165145], [11.1478819, 60.1165768], [11.1480846, 60.1166387], [11.1482838, 60.1166969], [11.148487, 60.1167542], [11.1486922, 60.1168096], [11.1488994, 60.1168646], [11.1491045, 60.1169179], [11.1493123, 60.1169704], [11.1495209, 60.1170221], [11.1497304, 60.1170735], [11.1525605, 60.1177553], [11.1532093, 60.117911], [11.1533935, 60.1179565]]}, "properties": {"electrified": "contact_line", "frequency": "16.67", "gauge": "1435", "maxspeed": "130", "name": "Hovedbanen", "operator": "Bane NOR", "passenger_lines": "1", "railway": "rail", "usage": "branch", "voltage": "15000", "length_km": 0.572, "maxspeed_kmh": 130.0}}, {"type": "Feature", "geometry": {"type": "LineString", "coordinates": [[11.1394969, 60.1063085], [11.1394318, 60.106529]]}, "properties": {"bridge": "yes", "electrified": "contact_line", "frequency": "16.67", "gauge": "1435", "maxspeed": "130", "name": "Hovedbanen", "operator": "Bane NOR", "passenger_lines": "1", "railway": "rail", "usage": "branch", "voltage": "15000", "length_km": 0.025, "maxspeed_kmh": 130.0}}, {"type": "Feature", "geometry": {"type": "LineString", "coordinates": [[11.144305, 60.1151798], [11.1446226, 60.1153265]]}, "properties": {"bridge": "yes", "electrified": "contact_line", "frequency": "16.67", "gauge": "1435", "maxspeed": "130", "name": "Hovedbanen", "operator": "Bane NOR", "passenger_lines": "1", "railway": "rail", "usage": "branch", "voltage": "15000", "length_km": 0.024, "maxspeed_kmh": 130.0}}, {"type": "Feature", "geometry": {"type": "LineString", "coordinates": [[11.1442543, 60.1151578], [11.144305, 60.1151798]]}, "properties": {"electrified": "contact_line", "frequency": "16.67", "gauge": "1435", "maxspeed": "130", "name": "Hovedbanen", "operator": "Bane NOR", "passenger_lines": "1", "railway": "rail", "usage": "branch", "voltage": "15000", "length_km": 0.004, "maxspeed_kmh": 130.0}}, {"type": "Feature", "geometry": {"type": "LineString", "coordinates": [[11.1394318, 60.106529], [11.1394303, 60.1065343]]}, "properties": {"electrified": "contact_line", "frequency": "16.67", "gauge": "1435", "maxspeed": "130", "name": "Hovedbanen", "operator": "Bane NOR", "passenger_lines": "1", "railway": "rail", "usage": "branch", "voltage": "15000", "length_km": 0.001, "maxspeed_kmh": 130.0}}, {"type": "Feature", "geometry": {"type": "LineString", "coordinates": [[11.1442543, 60.1151578], [11.1433523, 60.1147144], [11.1431639, 60.1146161], [11.1429776, 60.1145168], [11.1427941, 60.1144172], [11.1426149, 60.114317], [11.1424422, 60.1142149], [11.1422709, 60.1141119], [11.1421037, 60.114007], [11.1419408, 60.113901], [11.1417799, 60.1137931], [11.1416224, 60.1136847], [11.1414719, 60.1135739], [11.1413246, 60.1134631], [11.1411808, 60.1133495], [11.141037, 60.1132329], [11.1409011, 60.1131157], [11.140769, 60.112999], [11.1406408, 60.1128801], [11.1405188, 60.1127594], [11.1404004, 60.1126378], [11.1402858, 60.1125155], [11.1401778, 60.1123922], [11.1400731, 60.1122697], [11.139976, 60.1121473], [11.1399123, 60.112065], [11.1398823, 60.1120262], [11.1397913, 60.111898], [11.1397052, 60.1117693], [11.1396221, 60.1116395], [11.1395425, 60.1115098], [11.1394714, 60.1113813], [11.1394045, 60.1112515], [11.1393418, 60.111121], [11.1392833, 60.1109891], [11.1392294, 60.1108562], [11.1391803, 60.1107223], [11.1391347, 60.1105867], [11.1390958, 60.1104549], [11.1390632, 60.1103213], [11.1390322, 60.1101876], [11.1390062, 60.1100498], [11.1389876, 60.1099187], [11.1389674, 60.1097875], [11.1389534, 60.1096557], [11.1389424, 60.109523], [11.1389339, 60.1093915], [11.138929, 60.1092574], [11.1389265, 60.109122], [11.1389271, 60.1089876], [11.1389327, 60.1088532], [11.1389397, 60.1087176], [11.1389499, 60.1085821], [11.1389635, 60.108448], [11.1389814, 60.108314], [11.1390009, 60.1081793], [11.1390245, 60.1080445], [11.1390511, 60.1079092], [11.1390798, 60.107774], [11.1391146, 60.1076423], [11.1391494, 60.1075107], [11.1391842, 60.1073805], [11.1392231, 60.1072474], [11.1394303, 60.1065343]]}, "properties": {"electrified": "contact_line", "frequency": "16.67", "gauge": "1435", "maxspeed": "130", "name": "Hovedbanen", "operator": "Bane NOR", "passenger_lines": "2", "railway": "rail", "usage": "branch", "voltage": "15000", "length_km": 1.049, "maxspeed_kmh": 130.0}}, {"type": "Feature", "geometry": {"type": "LineString", "coordinates": [[11.1394303, 60.1065343], [11.1394075, 60.1066231], [11.139389, 60.1067122], [11.1393654, 60.1068342], [11.139349, 60.1069548], [11.1393362, 60.107048], [11.1393214, 60.1071514], [11.1393029, 60.1072547], [11.1392716, 60.107386], [11.1392363, 60.1075172], [11.1392, 60.1076479], [11.1391677, 60.1077796], [11.1391383, 60.1079136], [11.1391109, 60.1080475], [11.1390849, 60.1081845], [11.1390684, 60.1083154], [11.1390514, 60.1084505], [11.1390365, 60.1085846], [11.1390265, 60.1087189], [11.1390188, 60.1088538], [11.1390155, 60.1089876], [11.1390159, 60.1091215], [11.1390177, 60.1092582], [11.1390217, 60.1093893], [11.1390301, 60.1095217], [11.139041, 60.1096541], [11.1390544, 60.1097867], [11.1390709, 60.1099125], [11.1390925, 60.1100476], [11.1391205, 60.1101844], [11.1391499, 60.1103179], [11.139184, 60.1104474], [11.1392248, 60.1105816], [11.1392695, 60.1107158], [11.1393176, 60.1108481], [11.1393714, 60.1109804], [11.1394299, 60.1111102], [11.1394926, 60.11124], [11.1395581, 60.1113695], [11.1396291, 60.1114975], [11.1397065, 60.1116272], [11.1397876, 60.111756], [11.1398748, 60.1118844], [11.1399658, 60.1120109], [11.1400599, 60.1121335], [11.1401579, 60.1122552], [11.1402607, 60.1123763], [11.1403687, 60.1124973], [11.1404798, 60.1126183], [11.1406007, 60.1127411], [11.1407234, 60.1128617], [11.1408499, 60.11298], [11.1409805, 60.113096], [11.1411161, 60.1132114], [11.1412593, 60.1133284], [11.1413972, 60.1134373], [11.1415453, 60.1135481], [11.1416967, 60.1136589], [11.141853, 60.1137678], [11.1420126, 60.1138756], [11.1421741, 60.1139808], [11.1423395, 60.1140849], [11.1425107, 60.1141879], [11.1426867, 60.1142894], [11.1428616, 60.1143892], [11.1430389, 60.1144888], [11.1432155, 60.1145892], [11.1433944, 60.1146892], [11.1442543, 60.1151578]]}, "properties": {"electrified": "contact_line", "frequency": "16.67", "gauge": "1435", "maxspeed": "60", "name": "Hovedbanen", "passenger_lines": "2", "railway": "rail", "usage": "branch", "voltage": "15000", "length_km": 1.045, "maxspeed_kmh": 60.0}}, {"type": "Feature", "geometry": {"type": "LineString", "coordinates": [[11.1320286, 60.0446066], [11.1321794, 60.0448478], [11.1329787, 60.046175], [11.1337896, 60.0475549], [11.1348264, 60.0493188], [11.1363098, 60.0518397], [11.1371788, 60.0532863], [11.1380551, 60.0547551], [11.1381895, 60.0549889], [11.138323, 60.0552293], [11.138436, 60.0554466], [11.1385468, 60.0556639], [11.1386403, 60.0558593], [11.1387325, 60.0560554], [11.1388271, 60.0562731], [11.1389177, 60.0564917], [11.1390151, 60.0567344], [11.1391075, 60.056977], [11.1392067, 60.0572484], [11.1392987, 60.0575212], [11.1393779, 60.0577602], [11.1394537, 60.0580001], [11.1395186, 60.0582208], [11.1395802, 60.0584424], [11.1396327, 60.0586416], [11.1396834, 60.0588408], [11.1397374, 60.0590611], [11.1397859, 60.0592847], [11.1398334, 60.0595302], [11.1398777, 60.0597757], [11.1399186, 60.0600566], [11.1399524, 60.0603382], [11.1399792, 60.0606204], [11.1400023, 60.0609036], [11.1400095, 60.0610909]]}, "properties": {"electrified": "contact_line", "frequency": "16.67", "gauge": "1435", "maxspeed": "130", "name": "Hovedbanen", "operator": "Bane NOR", "passenger_lines": "1", "railway": "rail", "usage": "branch", "voltage": "15000", "length_km": 1.896, "maxspeed_kmh": 130.0}}, {"type": "Feature", "geometry": {"type": "LineString", "coordinates": [[11.1764808, 60.1407501], [11.1766319, 60.1410972], [11.1768007, 60.1414914], [11.1769119, 60.1417462], [11.1775608, 60.1432612], [11.1776867, 60.1435604], [11.1778931, 60.1440335], [11.1782058, 60.1447598], [11.1784196, 60.1452639], [11.1785883, 60.1456682], [11.1787065, 60.1459285], [11.1787941, 60.1461234], [11.1788469, 60.1462584], [11.1789386, 60.1464771]]}, "properties": {"electrified": "contact_line", "frequency": "16.67", "gauge": "1435", "maxspeed": "130", "name": "Hovedbanen", "passenger_lines": "2", "railway": "rail", "usage": "branch", "voltage": "15000", "length_km": 0.653, "maxspeed_kmh": 130.0}}, {"type": "Feature", "geometry": {"type": "LineString", "coordinates": [[11.1789386, 60.1464771], [11.1788828, 60.1463819], [11.1788343, 60.1463017], [11.1787642, 60.1462034], [11.1787357, 60.146155], [11.178608, 60.1459402], [11.1784874, 60.1456828], [11.178312, 60.1452742], [11.1780997, 60.1447716], [11.1778728, 60.1442491], [11.1777862, 60.1440431], [11.1775756, 60.1435715], [11.1774489, 60.1432739], [11.1770264, 60.142297], [11.1767962, 60.1417595], [11.1766909, 60.1415019], [11.1766039, 60.1412595], [11.176566, 60.1410188], [11.1765283, 60.1408831], [11.1764808, 60.1407501]]}, "properties": {"electrified": "contact_line", "frequency": "16.67", "gauge": "1435", "maxspeed": "40", "name": "Hovedbanen", "operator": "Bane NOR", "passenger_lines": "2", "railway": "rail", "usage": "branch", "voltage": "15000", "length_km": 0.653, "maxspeed_kmh": 40.0}}, {"type": "Feature", "geometry": {"type": "LineString", "coordinates": [[11.193571, 60.1882213], [11.1937458, 60.1879716], [11.1938378, 60.1878528], [11.1939883, 60.1876414], [11.1940932, 60.1874782], [11.1941815, 60.1873376], [11.1942937, 60.1871529], [11.1944092, 60.1869252], [11.1945936, 60.1865536], [11.1947547, 60.1861748], [11.1948859, 60.185813], [11.194988, 60.1854987], [11.1950374, 60.1853314], [11.1950777, 60.1852009], [11.1951492, 60.1849571], [11.195177, 60.1848624], [11.1952728, 60.1845092], [11.195358, 60.1841526], [11.1954224, 60.1838165], [11.1954748, 60.1834326], [11.1955234, 60.1830278], [11.1955412, 60.1828819], [11.1955558, 60.182737], [11.1955824, 60.1825213], [11.1956424, 60.1821142], [11.1956471, 60.1818653], [11.1956649, 60.1815343], [11.1956694, 60.1812284], [11.1956617, 60.1808591]]}, "properties": {"electrified": "contact_line", "frequency": "16.67", "gauge": "1435", "maxspeed": "130", "name": "Hovedbanen", "operator": "Bane NOR", "passenger_lines": "3", "railway": "rail", "usage": "branch", "voltage": "15000", "length_km": 0.833, "maxspeed_kmh": 130.0}}, {"type": "Feature", "geometry": {"type": "LineString", "coordinates": [[11.1957491, 60.1817695], [11.195755, 60.1818814], [11.1957588, 60.1819405], [11.1957782, 60.1821201], [11.1957827, 60.1823689], [11.1957721, 60.1825746], [11.1957604, 60.1828256], [11.1957426, 60.1830299], [11.1957, 60.183434], [11.1956229, 60.1838723], [11.1955233, 60.1843536], [11.1953814, 60.1848729], [11.1953517, 60.1849709], [11.195344, 60.1849998], [11.1951969, 60.1855165], [11.1950882, 60.1858299], [11.1949439, 60.1861973], [11.1948394, 60.1864085], [11.1947662, 60.1865715], [11.1945839, 60.1869448], [11.1944652, 60.1871801], [11.1943543, 60.1873661], [11.1942586, 60.187491], [11.1941372, 60.1876176], [11.1938806, 60.1878726]]}, "properties": {"electrified": "contact_line", "frequency": "16.67", "gauge": "1435", "name": "Hovedbanen", "passenger_lines": "3", "railway": "rail", "voltage": "15000", "length_km": 0.693}}, {"type": "Feature", "geometry": {"type": "LineString", "coordinates": [[11.1956617, 60.1808591], [11.1956993, 60.181121], [11.1957234, 60.1812229], [11.1957446, 60.1813617], [11.1957589, 60.1814755], [11.1957616, 60.1815778], [11.1957491, 60.1817695], [11.1957226, 60.1821209], [11.195666, 60.1828205], [11.1956049, 60.1834346], [11.1954769, 60.1841531], [11.1953889, 60.1845133], [11.1952958, 60.184873], [11.195268, 60.1849629], [11.1952225, 60.1851176], [11.1951108, 60.1855072], [11.1950063, 60.1858202], [11.1948563, 60.1861868], [11.1946818, 60.1865612], [11.1945037, 60.1869341], [11.1943835, 60.1871687], [11.1942806, 60.1873482], [11.1941941, 60.1874871], [11.1940502, 60.187682], [11.1938806, 60.1878726], [11.1937698, 60.1879878], [11.193571, 60.1882213]]}, "properties": {"electrified": "contact_line", "frequency": "16.67", "gauge": "1435", "name": "Hovedbanen", "passenger_lines": "3", "railway": "rail", "voltage": "15000", "length_km": 0.835}}, {"type": "Feature", "geometry": {"type": "LineString", "coordinates": [[11.1790781, 60.1467931], [11.179257, 60.1472152], [11.1796151, 60.1480993], [11.1801001, 60.1493547], [11.1802906, 60.1499394], [11.1804617, 60.150503], [11.1807417, 60.1514919], [11.1809216, 60.1520686], [11.1810645, 60.1525637], [11.1812973, 60.1533968], [11.1814894, 60.154188], [11.1815653, 60.1545006], [11.1816426, 60.1548766], [11.1816489, 60.1549026], [11.1816625, 60.1549706], [11.1817224, 60.1553515], [11.1818547, 60.1562745], [11.1819417, 60.1569889], [11.1821234, 60.1580854], [11.1822031, 60.1585551], [11.1824103, 60.159634], [11.1826593, 60.1607278], [11.1827686, 60.161163], [11.1829302, 60.1617847], [11.1831176, 60.1624124], [11.1832582, 60.1628213], [11.1834258, 60.1632141], [11.1837142, 60.1637458], [11.1841882, 60.1645367], [11.1842938, 60.1647396]]}, "properties": {"electrified": "contact_line", "frequency": "16.67", "gauge": "1435", "maxspeed": "130", "name": "Hovedbanen", "operator": "Bane NOR", "passenger_lines": "1", "railway": "rail", "usage": "branch", "voltage": "15000", "length_km": 2.024, "maxspeed_kmh": 130.0}}, {"type": "Feature", "geometry": {"type": "LineString", "coordinates": [[11.193571, 60.1882213], [11.1932261, 60.1887205], [11.1929963, 60.189073], [11.1928378, 60.1893225], [11.1925289, 60.1898464], [11.1922728, 60.1903095], [11.1920807, 60.1907186], [11.1919445, 60.1910677], [11.1918231, 60.1914366], [11.1917289, 60.1918033], [11.1916419, 60.1921875], [11.1914821, 60.1929488], [11.1913311, 60.1937015], [11.1907382, 60.1964019], [11.1903311, 60.1979744], [11.1899956, 60.1992427], [11.1897917, 60.1999416], [11.1894309, 60.2011822], [11.1891034, 60.2022417], [11.1888551, 60.2030151], [11.1886196, 60.2037799], [11.1882857, 60.2048543], [11.1878597, 60.2062264], [11.1876649, 60.2068539], [11.1875043, 60.207289], [11.1873759, 60.2076091], [11.1871297, 60.2081781], [11.1869406, 60.2084963], [11.1867436, 60.2088322], [11.186481, 60.2092456], [11.1854346, 60.2109182], [11.1844327, 60.2125364]]}, "properties": {"electrified": "contact_line", "frequency": "16.67", "gauge": "1435", "maxspeed": "130", "name": "Hovedbanen", "operator": "Bane NOR", "passenger_lines": "1", "railway": "rail", "usage": "branch", "voltage": "15000", "length_km": 2.764, "maxspeed_kmh": 130.0}}, {"type": "Feature", "geometry": {"type": "LineString", "coordinates": [[11.1844327, 60.2125364], [11.1840898, 60.2130715], [11.1839283, 60.2133278], [11.1837916, 60.213557], [11.1833823, 60.214273], [11.1828759, 60.2151806], [11.1826522, 60.2156393], [11.1824516, 60.2160829], [11.1822631, 60.2164692], [11.1820689, 60.2168905], [11.181766, 60.2176164], [11.181597, 60.2180845], [11.1814124, 60.2185459], [11.1813115, 60.2188314], [11.1807262, 60.2205204], [11.1805047, 60.221074], [11.1804045, 60.2213389], [11.1803229, 60.2215914]]}, "properties": {"electrified": "contact_line", "frequency": "16.67", "gauge": "1435", "maxspeed": "130", "name": "Hovedbanen", "operator": "Bane NOR", "passenger_lines": "2", "railway": "rail", "usage": "branch", "voltage": "15000", "length_km": 1.036, "maxspeed_kmh": 130.0}}, {"type": "Feature", "geometry": {"type": "LineString", "coordinates": [[11.1803229, 60.2215914], [11.180378, 60.2213294], [11.1804033, 60.2212137], [11.1804349, 60.2210993], [11.1804489, 60.2210358], [11.1804995, 60.2208994], [11.1806469, 60.2205142], [11.1811429, 60.2190883], [11.1813469, 60.2185384], [11.1815139, 60.2180785], [11.1816923, 60.2176098], [11.1819894, 60.2168877], [11.1821792, 60.2164669], [11.1823653, 60.2160775], [11.1825731, 60.2156311], [11.1827987, 60.2151732], [11.1833013, 60.2142624], [11.1837074, 60.2135516], [11.1838399, 60.2133204], [11.1839616, 60.2131373], [11.1841119, 60.2129399], [11.1842426, 60.2127798], [11.1844327, 60.2125364]]}, "properties": {"electrified": "contact_line", "frequency": "16.67", "gauge": "1435", "maxspeed": "70", "name": "Hovedbanen", "passenger_lines": "2", "railway": "rail", "voltage": "15000", "length_km": 1.036, "maxspeed_kmh": 70.0}}, {"type": "Feature", "geometry": {"type": "LineString", "coordinates": [[11.1993623, 60.2461666], [11.1994285, 60.2462647], [11.1995105, 60.2463792], [11.1995685, 60.2464708]]}, "properties": {"bridge": "yes", "electrified": "contact_line", "frequency": "16.67", "gauge": "1435", "maxspeed": "40", "name": "Hovedbanen", "operator": "Bane NOR", "passenger_lines": "3", "railway": "rail", "voltage": "15000", "length_km": 0.036, "maxspeed_kmh": 40.0}}, {"type": "Feature", "geometry": {"type": "LineString", "coordinates": [[11.1994908, 60.2464455], [11.1995825, 60.2466243], [11.1996213, 60.2467121], [11.1996698, 60.2468174], [11.1997122, 60.2469016], [11.1997594, 60.2469858], [11.1998225, 60.247085], [11.1999148, 60.2472308], [11.2000408, 60.2473877], [11.2001636, 60.2475131], [11.200294, 60.2476425], [11.2004542, 60.2477798], [11.2006601, 60.247942], [11.2008401, 60.2480675], [11.2010852, 60.2482149], [11.2013617, 60.2483653], [11.2015675, 60.2484706], [11.2017626, 60.2485608], [11.2018914, 60.2486307], [11.2029108, 60.2491331], [11.2034077, 60.2494031], [11.2036433, 60.2495437], [11.2038988, 60.2497163], [11.2041788, 60.249933], [11.204441, 60.2501827], [11.2045721, 60.2503211], [11.2046987, 60.2504672], [11.2048387, 60.2506397], [11.2049453, 60.2507818], [11.2050309, 60.2509031], [11.2050639, 60.2509499], [11.2052131, 60.2511927]]}, "properties": {"electrified": "contact_line", "frequency": "16.67", "gauge": "1435", "maxspeed": "85", "name": "Hovedbanen", "passenger_lines": "3", "railway": "rail", "usage": "branch", "voltage": "15000", "length_km": 0.628, "maxspeed_kmh": 85.0}}, {"type": "Feature", "geometry": {"type": "LineString", "coordinates": [[11.2050309, 60.2509031], [11.2049188, 60.2507623], [11.2048452, 60.2506789], [11.2047185, 60.2505645], [11.204573, 60.2504381], [11.2044372, 60.2503162], [11.2042173, 60.2501257], [11.2040183, 60.2499504], [11.2037712, 60.2497489], [11.2035379, 60.2495754], [11.2032803, 60.2494154], [11.2028289, 60.24918], [11.201806, 60.2486728], [11.2016334, 60.2485795], [11.2014872, 60.2485072], [11.2013105, 60.2483976], [11.20104, 60.2482414], [11.2007188, 60.2480364], [11.2005793, 60.2479287], [11.2003653, 60.2477809], [11.2002228, 60.2476545], [11.2000898, 60.2475324], [11.1999606, 60.2474036], [11.1998276, 60.2472391], [11.1997325, 60.2470933], [11.1996783, 60.2469964], [11.1996274, 60.2469077], [11.1996045, 60.2468433], [11.19957, 60.2467334], [11.1995496, 60.246657], [11.1995148, 60.2465211], [11.1994908, 60.2464455]]}, "properties": {"electrified": "contact_line", "frequency": "16.67", "gauge": "1435", "maxspeed": "40", "name": "Hovedbanen", "passenger_lines": "3", "railway": "rail", "usage": "branch", "voltage": "15000", "length_km": 0.595, "maxspeed_kmh": 40.0}}, {"type": "Feature", "geometry": {"type": "LineString", "coordinates": [[11.1803229, 60.2215914], [11.1798785, 60.2228937], [11.179677, 60.2235645], [11.1795764, 60.2239366], [11.1794993, 60.2243278], [11.1794715, 60.2246318], [11.1794629, 60.2250124], [11.1794822, 60.2253813], [11.1795528, 60.2258224], [11.1796513, 60.2263794], [11.1797969, 60.2268238], [11.1799103, 60.2271235], [11.1799404, 60.2271826], [11.1801993, 60.2276901], [11.1804177, 60.2280387], [11.1806103, 60.2283247], [11.1809271, 60.2287147], [11.1812097, 60.2290198], [11.1815265, 60.2293525], [11.1818177, 60.2296193], [11.1821238, 60.2298765], [11.1824149, 60.2301061], [11.1826782, 60.230308], [11.1829693, 60.2305387], [11.1833868, 60.2308278], [11.1837507, 60.2310616], [11.1842088, 60.2313432], [11.1848617, 60.231746], [11.1853562, 60.2320245], [11.1857736, 60.2322424], [11.188125, 60.2334127], [11.1887946, 60.2337976], [11.1893505, 60.2341823], [11.1899617, 60.234694], [11.1904678, 60.2351747], [11.1909542, 60.2357623], [11.191302, 60.2362395], [11.1916466, 60.2367697], [11.1918607, 60.2371757], [11.1920341, 60.2376368], [11.1922245, 60.2385997], [11.1922544, 60.2388437]]}, "properties": {"electrified": "contact_line", "frequency": "16.67", "gauge": "1435", "maxspeed": "130", "name": "Hovedbanen", "operator": "Bane NOR", "passenger_lines": "1", "railway": "rail", "usage": "branch", "voltage": "15000", "length_km": 2.131, "maxspeed_kmh": 130.0}}, {"type": "Feature", "geometry": {"type": "LineString", "coordinates": [[11.0483479, 59.9538771], [11.0482736, 59.9538631], [11.0482007, 59.9538485], [11.0480827, 59.9538248], [11.0479406, 59.9537942], [11.047658, 59.9537262], [11.0475079, 59.9536908], [11.0472836, 59.9536431], [11.0470605, 59.9536019], [11.0466116, 59.9535217], [11.0450032, 59.9532337], [11.0447583, 59.9531914], [11.04455, 59.9531576], [11.0433965, 59.9529725], [11.0415733, 59.9526779], [11.0411712, 59.9526134], [11.0410128, 59.9525882], [11.0408529, 59.9525671], [11.0406919, 59.9525478], [11.0405324, 59.9525327], [11.0398791, 59.9524735]]}, "properties": {"electrified": "contact_line", "frequency": "16.67", "gauge": "1435", "maxspeed": "40", "name": "Hovedbanen", "operator": "Bane NOR", "railway": "rail", "usage": "main", "voltage": "15000", "length_km": 0.499, "maxspeed_kmh": 40.0}}, {"type": "Feature", "geometry": {"type": "LineString", "coordinates": [[11.0474228, 59.9535445], [11.0477367, 59.953657], [11.0479317, 59.9537236], [11.0480459, 59.9537599], [11.0481677, 59.9537948], [11.0482396, 59.9538156], [11.0483136, 59.953836]]}, "properties": {"electrified": "contact_line", "frequency": "16.67", "gauge": "1435", "name": "Hovedbanen", "railway": "rail", "service": "siding", "voltage": "15000", "length_km": 0.06}}, {"type": "Feature", "geometry": {"type": "LineString", "coordinates": [[11.0487976, 59.9539574], [11.049073, 59.954024], [11.0495315, 59.9541373], [11.0497925, 59.9542049], [11.0500521, 59.9542755], [11.0503041, 59.9543458]]}, "properties": {"electrified": "contact_line", "frequency": "16.67", "gauge": "1435", "maxspeed": "40", "name": "Hovedbanen", "operator": "Bane NOR", "railway": "rail", "usage": "branch", "voltage": "15000", "length_km": 0.095, "maxspeed_kmh": 40.0}}, {"type": "Feature", "geometry": {"type": "LineString", "coordinates": [[11.0147618, 59.9563351], [11.0149413, 59.9563272], [11.0151321, 59.9563185], [11.0153274, 59.9563054], [11.0155199, 59.9562899], [11.0157135, 59.9562728], [11.0159081, 59.9562511], [11.0160969, 59.9562287], [11.0162303, 59.9562109], [11.0163848, 59.9561896], [11.0165565, 59.9561621], [11.0167268, 59.9561319], [11.0168923, 59.9561006], [11.0170591, 59.9560665], [11.0172244, 59.9560306], [11.0173896, 59.9559918], [11.0175514, 59.955951], [11.0177118, 59.955908], [11.0178696, 59.9558633], [11.0180247, 59.9558165], [11.0181777, 59.9557676], [11.0183293, 59.9557153], [11.0184756, 59.9556619], [11.0186177, 59.9556079], [11.0187591, 59.9555518], [11.0188949, 59.9554936], [11.0190257, 59.9554352], [11.0191536, 59.9553754], [11.0192795, 59.955312], [11.0194025, 59.9552487], [11.0195253, 59.9551808], [11.0196458, 59.9551116], [11.0197602, 59.9550419], [11.0198698, 59.9549722], [11.0199797, 59.9548968], [11.0200848, 59.9548227], [11.0201888, 59.9547479], [11.0202891, 59.954672], [11.0206809, 59.9543726], [11.0207775, 59.9542988], [11.0208778, 59.9542257], [11.0209793, 59.9541532], [11.021082, 59.9540807], [11.0211911, 59.9540086], [11.0213026, 59.9539371], [11.0214114, 59.9538704], [11.0215215, 59.953805], [11.0216415, 59.9537388], [11.021764, 59.9536744], [11.0218895, 59.9536107], [11.0220186, 59.9535481], [11.0221404, 59.953492], [11.0222671, 59.9534371], [11.0223962, 59.9533838], [11.0225288, 59.9533316], [11.0226653, 59.9532797], [11.0228054, 59.9532296], [11.0229503, 59.9531797], [11.0230975, 59.9531323], [11.0232439, 59.9530869], [11.023394, 59.9530434]]}, "properties": {"electrified": "contact_line", "frequency": "16.67", "gauge": "1435", "maxspeed": "90", "name": "Hovedbanen", "operator": "Bane NOR", "passenger_lines": "2", "railway": "rail", "usage": "branch", "voltage": "15000", "length_km": 0.629, "maxspeed_kmh": 90.0}}, {"type": "Feature", "geometry": {"type": "LineString", "coordinates": [[11.0144046, 59.9563435], [11.014509, 59.956342], [11.0146365, 59.9563396], [11.0147618, 59.9563351]]}, "properties": {"bridge": "yes", "electrified": "contact_line", "frequency": "16.67", "gauge": "1435", "maxspeed": "90", "name": "Hovedbanen", "operator": "Bane NOR", "passenger_lines": "2", "railway": "rail", "usage": "branch", "voltage": "15000", "length_km": 0.02, "maxspeed_kmh": 90.0}}, {"type": "Feature", "geometry": {"type": "LineString", "coordinates": [[11.0518691, 59.9548195], [11.0524984, 59.9550096], [11.0527373, 59.9550824], [11.0529752, 59.9551559], [11.0532124, 59.9552302], [11.0534479, 59.9553048], [11.0535744, 59.9553461]]}, "properties": {"electrified": "contact_line", "frequency": "16.67", "gauge": "1435", "maxspeed": "130", "name": "Hovedbanen", "operator": "Bane NOR", "passenger_lines": "1", "railway": "rail", "usage": "branch", "voltage": "15000", "length_km": 0.112, "maxspeed_kmh": 130.0}}, {"type": "Feature", "geometry": {"type": "LineString", "coordinates": [[11.129127, 60.0404743], [11.1293174, 60.040714], [11.129652, 60.041139], [11.1299546, 60.0415243], [11.1301049, 60.0417161], [11.1302533, 60.0419078], [11.1303961, 60.0420977], [11.1305367, 60.0422904], [11.1306738, 60.0424807], [11.1308076, 60.0426711], [11.1309473, 60.0428753], [11.1310804, 60.0430812], [11.1312101, 60.0432787], [11.131334, 60.0434758], [11.1314336, 60.043636], [11.131531, 60.0437963], [11.1316891, 60.0440532], [11.1317481, 60.0441485], [11.1320286, 60.0446066]]}, "properties": {"electrified": "contact_line", "frequency": "16.67", "gauge": "1435", "maxspeed": "130", "name": "Hovedbanen", "operator": "Bane NOR", "passenger_lines": "2", "railway": "rail", "usage": "branch", "voltage": "15000", "length_km": 0.488, "maxspeed_kmh": 130.0}}, {"type": "Feature", "geometry": {"type": "LineString", "coordinates": [[11.255851, 60.3259909], [11.2550574, 60.3262317], [11.2543385, 60.3264498], [11.253621, 60.3266701], [11.2530421, 60.3268478], [11.2526005, 60.3270026], [11.2522996, 60.3271174], [11.2520094, 60.327249], [11.2516355, 60.327431], [11.2503583, 60.3280643]]}, "properties": {"electrified": "contact_line", "frequency": "16.67", "gauge": "1435", "maxspeed": "75", "name": "Hovedbanen", "operator": "Bane NOR", "passenger_lines": "2", "railway": "rail", "usage": "branch", "voltage": "15000", "length_km": 0.384, "maxspeed_kmh": 75.0}}, {"type": "Feature", "geometry": {"type": "LineString", "coordinates": [[11.0471129, 59.9534321], [11.0474228, 59.9535445]]}, "properties": {"electrified": "contact_line", "frequency": "16.67", "gauge": "1435", "maxspeed": "40", "name": "Hovedbanen", "railway": "rail", "service": "siding", "voltage": "15000", "length_km": 0.021, "maxspeed_kmh": 40.0}}, {"type": "Feature", "geometry": {"type": "LineString", "coordinates": [[11.0402822, 59.9523376], [11.0409294, 59.9523278], [11.0410564, 59.952328], [11.0411849, 59.9523302], [11.0413183, 59.9523333], [11.0414253, 59.9523369], [11.0415121, 59.9523408], [11.0415989, 59.952346]]}, "properties": {"electrified": "contact_line", "frequency": "16.67", "gauge": "1435", "maxspeed": "40", "name": "Hovedbanen", "railway": "rail", "service": "siding", "voltage": "15000", "length_km": 0.074, "maxspeed_kmh": 40.0}}, {"type": "Feature", "geometry": {"type": "LineString", "coordinates": [[11.0487976, 59.9539574], [11.0484565, 59.9538968], [11.0483479, 59.9538771]]}, "properties": {"electrified": "contact_line", "frequency": "16.67", "gauge": "1435", "maxspeed": "80", "name": "Hovedbanen", "operator": "Bane NOR", "railway": "rail", "usage": "main", "voltage": "15000", "length_km": 0.027, "maxspeed_kmh": 80.0}}, {"type": "Feature", "geometry": {"type": "LineString", "coordinates": [[11.2045536, 60.2501779], [11.2046716, 60.2503109], [11.2048143, 60.2504759], [11.2049454, 60.2506571], [11.2050291, 60.2508179], [11.2050776, 60.2509199], [11.2052131, 60.2511927]]}, "properties": {"electrified": "contact_line", "frequency": "16.67", "gauge": "1435", "name": "Hovedbanen", "operator": "Bane NOR", "passenger_lines": "3", "railway": "rail", "usage": "branch", "voltage": "15000", "length_km": 0.119}}, {"type": "Feature", "geometry": {"type": "LineString", "coordinates": [[11.2483543, 60.3299033], [11.2483498, 60.3299239], [11.2483279, 60.3300378]]}, "properties": {"bridge": "yes", "electrified": "contact_line", "frequency": "16.67", "gauge": "1435", "maxspeed": "65", "name": "Hovedbanen", "operator": "Bane NOR", "passenger_lines": "2", "railway": "rail", "usage": "branch", "voltage": "15000", "length_km": 0.015, "maxspeed_kmh": 65.0}}, {"type": "Feature", "geometry": {"type": "LineString", "coordinates": [[10.9554441, 59.9414472], [10.9555026, 59.9414245]]}, "properties": {"bridge": "yes", "electrified": "contact_line", "frequency": "16.67", "gauge": "1435", "maxspeed": "105", "name": "Hovedbanen", "operator": "Bane NOR", "passenger_lines": "2", "railway": "rail", "usage": "branch", "voltage": "15000", "length_km": 0.004, "maxspeed_kmh": 105.0}}, {"type": "Feature", "geometry": {"type": "LineString", "coordinates": [[10.9795339, 59.9401131], [10.9798467, 59.9402028], [10.9801147, 59.9402821], [10.9803472, 59.9403538], [10.9809622, 59.9405432], [10.9811077, 59.9405873], [10.9812549, 59.9406309], [10.9814031, 59.9406748], [10.9815538, 59.9407174], [10.9817148, 59.9407631], [10.9819071, 59.9408142], [10.9820974, 59.9408627], [10.9822892, 59.9409103], [10.9824825, 59.9409571], [10.9826638, 59.9409983], [10.982847, 59.9410385], [10.9830326, 59.9410783], [10.9832191, 59.9411176], [10.9837147, 59.9412181], [10.9842103, 59.9413207], [10.9844499, 59.941372], [10.9846895, 59.9414257], [10.9849267, 59.9414804], [10.985162, 59.9415379], [10.9861283, 59.9417825], [10.9866055, 59.9419036], [10.987082, 59.9420276], [10.9873194, 59.9420926], [10.9875558, 59.9421585], [10.9877883, 59.9422269], [10.9880199, 59.9422963], [10.9882416, 59.9423657], [10.9884624, 59.9424376], [10.9886817, 59.9425109], [10.9889001, 59.9425857], [10.9891133, 59.9426626], [10.9893257, 59.9427408], [10.9895303, 59.9428185], [10.9897439, 59.9429015], [10.9899567, 59.9429868], [10.9901676, 59.9430733], [10.9903827, 59.9431666], [10.99059, 59.9432588], [10.990792, 59.9433503], [10.9909897, 59.9434437], [10.9911842, 59.9435387], [10.9913744, 59.9436317], [10.992819, 59.9443536], [10.9951607, 59.9455217], [10.9965135, 59.9461976], [10.9967719, 59.9463268], [10.99764, 59.9467584], [10.9978495, 59.9468628], [10.9982954, 59.9470878], [10.9985548, 59.9472204], [10.9988059, 59.9473546], [10.9990292, 59.9474772], [10.9992508, 59.9476036], [10.9993736, 59.9476747], [10.9994941, 59.9477458], [10.9996131, 59.9478169], [10.999732, 59.9478908], [10.999898, 59.947996], [11.0000623, 59.9481034], [11.0002199, 59.9482103], [11.0003804, 59.9483207], [11.0005328, 59.9484314], [11.0006746, 59.9485359], [11.0008124, 59.9486423], [11.0009487, 59.9487495], [11.0010834, 59.9488589], [11.0012171, 59.9489692], [11.0014816, 59.9491922], [11.0017589, 59.9494245], [11.0020621, 59.9496799], [11.0024004, 59.9499629], [11.0025767, 59.9501107], [11.0034663, 59.9508577], [11.0037124, 59.9510644], [11.0040945, 59.9513853], [11.0041318, 59.9514149], [11.0047675, 59.9519514], [11.007741, 59.9544459], [11.0078453, 59.9545311], [11.0079538, 59.9546176], [11.0080627, 59.9547026], [11.0081742, 59.9547867], [11.008285, 59.9548657], [11.0083988, 59.954944]]}, "properties": {"electrified": "contact_line", "frequency": "16.67", "gauge": "1435", "maxspeed": "100", "name": "Hovedbanen", "operator": "Bane NOR", "passenger_lines": "2", "railway": "rail", "usage": "branch", "voltage": "15000", "length_km": 2.364, "maxspeed_kmh": 100.0}}, {"type": "Feature", "geometry": {"type": "LineString", "coordinates": [[10.9553962, 59.9414166], [10.9554534, 59.9413944]]}, "properties": {"bridge": "yes", "electrified": "contact_line", "frequency": "16.67", "gauge": "1435", "maxspeed": "105", "name": "Hovedbanen", "operator": "Bane NOR", "passenger_lines": "2", "railway": "rail", "usage": "branch", "voltage": "15000", "length_km": 0.004, "maxspeed_kmh": 105.0}}, {"type": "Feature", "geometry": {"type": "LineString", "coordinates": [[10.9554534, 59.9413944], [10.9555965, 59.9413394], [10.9558063, 59.9412589], [10.9560199, 59.9411809], [10.9562346, 59.9411032], [10.9564519, 59.9410267], [10.9566789, 59.9409491], [10.956906, 59.9408728], [10.9571318, 59.9407987], [10.9573601, 59.9407252], [10.9575969, 59.9406531], [10.9578264, 59.9405838], [10.9580594, 59.940515], [10.9582945, 59.9404479], [10.958532, 59.9403818], [10.958766, 59.9403182], [10.9590039, 59.9402553], [10.9592435, 59.9401937], [10.9594854, 59.9401334], [10.9597301, 59.9400751], [10.959977, 59.9400168], [10.9602248, 59.93996], [10.9604636, 59.9399065], [10.9607069, 59.9398524], [10.9609487, 59.9397998], [10.9611927, 59.9397484], [10.9616275, 59.9396592], [10.9620661, 59.93957], [10.9630613, 59.9393733], [10.9632369, 59.9393396], [10.9634219, 59.9393046], [10.9636027, 59.9392709], [10.9637836, 59.9392377], [10.9640047, 59.9391984], [10.9642278, 59.9391597], [10.9644526, 59.9391225], [10.9646795, 59.9390862], [10.9649056, 59.9390522], [10.9651352, 59.9390194], [10.9653675, 59.9389877], [10.9656006, 59.9389571], [10.9658199, 59.9389303], [10.9660461, 59.9389038], [10.9662702, 59.9388797], [10.9664944, 59.9388567], [10.9667133, 59.9388357], [10.9669322, 59.9388153], [10.9671511, 59.9387973], [10.96737, 59.9387797], [10.9676207, 59.9387614], [10.9678714, 59.9387457], [10.9681213, 59.9387319], [10.9683729, 59.9387198], [10.9686253, 59.9387091], [10.9688795, 59.9387011], [10.9691365, 59.9386931], [10.9693913, 59.9386875], [10.9696196, 59.9386848], [10.9698531, 59.9386826], [10.9700928, 59.9386822], [10.9703254, 59.9386831], [10.9705913, 59.9386863], [10.9708635, 59.9386912], [10.9711342, 59.9386981], [10.9714058, 59.9387073], [10.9716731, 59.9387173], [10.9719404, 59.9387305], [10.9722077, 59.9387459], [10.972475, 59.938763], [10.9727395, 59.9387817], [10.973005, 59.9388027], [10.9732646, 59.9388247], [10.9735294, 59.9388507], [10.9737913, 59.9388775], [10.9740522, 59.938907], [10.9743095, 59.9389387], [10.9745718, 59.9389735], [10.9748275, 59.9390097], [10.9750831, 59.939049], [10.975332, 59.9390877], [10.9755852, 59.9391312], [10.9758336, 59.9391757], [10.9760892, 59.9392247], [10.9763409, 59.9392762], [10.9765919, 59.9393294], [10.9769017, 59.9393984], [10.9772159, 59.9394733], [10.977944, 59.9396557], [10.9785189, 59.9398017], [10.9810647, 59.9404499], [10.9818283, 59.9406436], [10.9826018, 59.9408411], [10.9852002, 59.9415021], [10.9861715, 59.9417485], [10.9866397, 59.9418688], [10.9871235, 59.9419954], [10.9873545, 59.9420586], [10.9875894, 59.9421243], [10.9878271, 59.9421939], [10.9880628, 59.942265], [10.9882749, 59.9423319], [10.9885004, 59.9424038], [10.9887236, 59.9424788], [10.9889438, 59.9425547], [10.9891554, 59.94263], [10.9893716, 59.9427082], [10.9895824, 59.9427876], [10.9897908, 59.9428697], [10.990006, 59.9429559], [10.9902238, 59.9430462], [10.9904366, 59.9431385], [10.9906468, 59.9432321], [10.9908462, 59.9433233], [10.9910462, 59.943417], [10.9912402, 59.9435125], [10.9914324, 59.943608], [10.9928736, 59.9443257], [10.9952186, 59.9454972], [10.9965682, 59.9461711]]}, "properties": {"electrified": "contact_line", "frequency": "16.67", "gauge": "1435", "maxspeed": "105", "name": "Hovedbanen", "operator": "Bane NOR", "passenger_lines": "2", "railway": "rail", "usage": "branch", "voltage": "15000", "length_km": 2.626, "maxspeed_kmh": 105.0}}, {"type": "Feature", "geometry": {"type": "LineString", "coordinates": [[11.2551593, 60.3261649], [11.2554698, 60.3260912], [11.255851, 60.3259909]]}, "properties": {"electrified": "contact_line", "frequency": "16.67", "gauge": "1435", "name": "Hovedbanen", "operator": "Bane NOR", "passenger_lines": "2", "railway": "rail", "usage": "branch", "voltage": "15000", "length_km": 0.043}}, {"type": "Feature", "geometry": {"type": "LineString", "coordinates": [[11.2482689, 60.3298624], [11.2482908, 60.329769], [11.2483182, 60.3296936], [11.2483459, 60.3296174], [11.2484136, 60.329482], [11.2484977, 60.3293381], [11.2486485, 60.3291299], [11.2488112, 60.3289484], [11.2489953, 60.3287813], [11.2491581, 60.3286531], [11.2492943, 60.3285579], [11.249481, 60.3284382], [11.2496772, 60.3283226], [11.2497649, 60.3282746]]}, "properties": {"electrified": "contact_line", "frequency": "16.67", "gauge": "1435", "name": "Hovedbanen", "operator": "Bane NOR", "passenger_lines": "2", "railway": "rail", "usage": "branch", "voltage": "15000", "length_km": 0.199}}, {"type": "Feature", "geometry": {"type": "LineString", "coordinates": [[10.7695115, 59.907734], [10.7690968, 59.9078069], [10.7685088, 59.9079093], [10.7679329, 59.908011]]}, "properties": {"electrified": "contact_line", "frequency": "16.67", "gauge": "1435", "maxspeed": "110", "name": "Hovedbanen", "operator": "Bane NOR", "passenger_lines": "4", "railway": "rail", "usage": "main", "voltage": "15000", "length_km": 0.094, "maxspeed_kmh": 110.0}}, {"type": "Feature", "geometry": {"type": "LineString", "coordinates": [[10.7679346, 59.9079704], [10.7690733, 59.9077707], [10.7696853, 59.9076628], [10.7700009, 59.9076089], [10.7706649, 59.9074917]]}, "properties": {"electrified": "contact_line", "frequency": "16.67", "gauge": "1435", "maxspeed": "110", "name": "Hovedbanen", "operator": "Bane NOR", "passenger_lines": "4", "railway": "rail", "usage": "branch", "voltage": "15000", "length_km": 0.162, "maxspeed_kmh": 110.0}}, {"type": "Feature", "geometry": {"type": "LineString", "coordinates": [[11.0398791, 59.9524735], [11.0397361, 59.9524612], [11.0396018, 59.9524526], [11.0392146, 59.9524302]]}, "properties": {"electrified": "contact_line", "frequency": "16.67", "gauge": "1435", "maxspeed": "40", "name": "Hovedbanen", "operator": "Bane NOR", "railway": "rail", "usage": "main", "voltage": "15000", "length_km": 0.037, "maxspeed_kmh": 40.0}}, {"type": "Feature", "geometry": {"type": "LineString", "coordinates": [[11.0406409, 59.9524528], [11.0405224, 59.9524464], [11.0404077, 59.9524413], [11.0402393, 59.9524341], [11.0401001, 59.9524307], [11.0398133, 59.9524296], [11.0392146, 59.9524302]]}, "properties": {"electrified": "contact_line", "frequency": "16.67", "gauge": "1435", "maxspeed": "40", "name": "Hovedbanen", "railway": "rail", "service": "siding", "voltage": "15000", "length_km": 0.08, "maxspeed_kmh": 40.0}}, {"type": "Feature", "geometry": {"type": "LineString", "coordinates": [[11.0861157, 59.9993984], [11.0863201, 59.9995588], [11.0863547, 59.9995861]]}, "properties": {"electrified": "contact_line", "frequency": "16.67", "gauge": "1435", "maxspeed": "130", "name": "Hovedbanen", "operator": "Bane NOR", "passenger_lines": "1", "railway": "rail", "usage": "branch", "voltage": "15000", "length_km": 0.025, "maxspeed_kmh": 130.0}}, {"type": "Feature", "geometry": {"type": "LineString", "coordinates": [[11.0976165, 60.0065642], [11.0977444, 60.0067219]]}, "properties": {"electrified": "contact_line", "frequency": "16.67", "gauge": "1435", "name": "Hovedbanen", "operator": "Bane NOR", "passenger_lines": "1", "railway": "rail", "tunnel": "yes", "usage": "branch", "voltage": "15000", "length_km": 0.019}}, {"type": "Feature", "geometry": {"type": "LineString", "coordinates": [[11.1286687, 60.0398908], [11.1288332, 60.0401002], [11.1289976, 60.0403096], [11.129127, 60.0404743]]}, "properties": {"electrified": "contact_line", "frequency": "16.67", "gauge": "1435", "maxspeed": "100", "name": "Hovedbanen", "operator": "Bane NOR", "passenger_lines": "2", "railway": "rail", "usage": "branch", "voltage": "15000", "length_km": 0.07, "maxspeed_kmh": 100.0}}, {"type": "Feature", "geometry": {"type": "LineString", "coordinates": [[11.1533935, 60.1179565], [11.1535191, 60.1179877], [11.1539047, 60.1180848], [11.154076, 60.1181299], [11.154247, 60.1181759], [11.1544175, 60.1182227], [11.1545873, 60.1182702], [11.1547164, 60.1183071]]}, "properties": {"electrified": "contact_line", "frequency": "16.67", "gauge": "1435", "maxspeed": "110", "name": "Hovedbanen", "operator": "Bane NOR", "passenger_lines": "1", "railway": "rail", "usage": "branch", "voltage": "15000", "length_km": 0.083, "maxspeed_kmh": 110.0}}, {"type": "Feature", "geometry": {"type": "LineString", "coordinates": [[11.2503583, 60.3280643], [11.2500214, 60.3282337], [11.2497682, 60.3283653], [11.2495998, 60.3284572], [11.2495286, 60.3285006], [11.2493905, 60.3285912], [11.2492615, 60.3286817], [11.2490865, 60.3288121]]}, "properties": {"electrified": "contact_line", "frequency": "16.67", "gauge": "1435", "maxspeed": "65", "name": "Hovedbanen", "operator": "Bane NOR", "passenger_lines": "2", "railway": "rail", "usage": "branch", "voltage": "15000", "length_km": 0.109, "maxspeed_kmh": 65.0}}, {"type": "Feature", "geometry": {"type": "LineString", "coordinates": [[11.2481855, 60.3309901], [11.2480682, 60.3317752]]}, "properties": {"electrified": "contact_line", "frequency": "16.67", "gauge": "1435", "name": "Hovedbanen", "passenger_lines": "2", "railway": "rail", "usage": "branch", "voltage": "15000", "length_km": 0.088}}, {"type": "Feature", "geometry": {"type": "LineString", "coordinates": [[11.2559853, 60.3259519], [11.255851, 60.3259909]]}, "properties": {"electrified": "contact_line", "frequency": "16.67", "gauge": "1435", "maxspeed": "75", "name": "Hovedbanen", "operator": "Bane NOR", "passenger_lines": "1", "railway": "rail", "usage": "branch", "voltage": "15000", "length_km": 0.009, "maxspeed_kmh": 75.0}}, {"type": "Feature", "geometry": {"type": "LineString", "coordinates": [[11.2391719, 60.3136535], [11.2392198, 60.3137486], [11.2393253, 60.3139444], [11.2394647, 60.3141791], [11.2395723, 60.3143333]]}, "properties": {"electrified": "contact_line", "frequency": "16.67", "gauge": "1435", "maxspeed": "85", "name": "Hovedbanen", "operator": "Bane NOR", "passenger_lines": "1", "railway": "rail", "usage": "branch", "voltage": "15000", "length_km": 0.079, "maxspeed_kmh": 85.0}}, {"type": "Feature", "geometry": {"type": "LineString", "coordinates": [[11.2163958, 60.2956385], [11.2168341, 60.2961464], [11.2171251, 60.2964701], [11.2173624, 60.2967019], [11.2175605, 60.2968808], [11.2176897, 60.2969964], [11.2178902, 60.297159], [11.2181358, 60.2973418]]}, "properties": {"electrified": "contact_line", "frequency": "16.67", "gauge": "1435", "maxspeed": "95", "name": "Hovedbanen", "operator": "Bane NOR", "passenger_lines": "1", "railway": "rail", "usage": "branch", "voltage": "15000", "length_km": 0.213, "maxspeed_kmh": 95.0}}, {"type": "Feature", "geometry": {"type": "LineString", "coordinates": [[11.2090139, 60.2874916], [11.2090079, 60.2876315], [11.2090136, 60.28777], [11.209031, 60.2879038], [11.2090658, 60.2880511], [11.2091067, 60.288197], [11.2091682, 60.2883543], [11.2092309, 60.2884909], [11.2093025, 60.2886132], [11.2094004, 60.2887682], [11.2095022, 60.2889073], [11.2096641, 60.2891033], [11.2104288, 60.2899444]]}, "properties": {"electrified": "contact_line", "frequency": "16.67", "gauge": "1435", "maxspeed": "95", "name": "Hovedbanen", "operator": "Bane NOR", "passenger_lines": "1", "railway": "rail", "usage": "branch", "voltage": "15000", "length_km": 0.288, "maxspeed_kmh": 95.0}}, {"type": "Feature", "geometry": {"type": "LineString", "coordinates": [[11.1994908, 60.2464455], [11.1994517, 60.2463505], [11.1993623, 60.2461666]]}, "properties": {"bridge": "yes", "electrified": "contact_line", "frequency": "16.67", "gauge": "1435", "maxspeed": "85", "name": "Hovedbanen", "passenger_lines": "3", "railway": "rail", "usage": "branch", "voltage": "15000", "length_km": 0.032, "maxspeed_kmh": 85.0}}, {"type": "Feature", "geometry": {"type": "LineString", "coordinates": [[11.2052131, 60.2511927], [11.2053741, 60.2515145], [11.205478, 60.2518123], [11.2055189, 60.2520036], [11.2055632, 60.2523298], [11.2055813, 60.2525637]]}, "properties": {"electrified": "contact_line", "frequency": "16.67", "gauge": "1435", "maxspeed": "85", "name": "Hovedbanen", "operator": "Bane NOR", "passenger_lines": "1", "railway": "rail", "usage": "branch", "voltage": "15000", "length_km": 0.155, "maxspeed_kmh": 85.0}}, {"type": "Feature", "geometry": {"type": "LineString", "coordinates": [[11.2135193, 60.281043], [11.2135471, 60.2811958]]}, "properties": {"bridge": "yes", "electrified": "contact_line", "frequency": "16.67", "gauge": "1435", "maxspeed": "95", "name": "Hovedbanen", "operator": "Bane NOR", "passenger_lines": "1", "railway": "rail", "usage": "branch", "voltage": "15000", "length_km": 0.017, "maxspeed_kmh": 95.0}}, {"type": "Feature", "geometry": {"type": "LineString", "coordinates": [[11.213412, 60.2804999], [11.2134603, 60.2807299], [11.2135193, 60.281043]]}, "properties": {"electrified": "contact_line", "frequency": "16.67", "gauge": "1435", "maxspeed": "95", "name": "Hovedbanen", "operator": "Bane NOR", "passenger_lines": "1", "railway": "rail", "usage": "branch", "voltage": "15000", "length_km": 0.061, "maxspeed_kmh": 95.0}}, {"type": "Feature", "geometry": {"type": "LineString", "coordinates": [[11.2135471, 60.2811958], [11.2136616, 60.2818375], [11.2136909, 60.282164], [11.2136614, 60.2825123], [11.2135933, 60.2828373], [11.2134372, 60.2832286], [11.2131387, 60.2836564], [11.2128796, 60.2839091], [11.2127361, 60.284034], [11.212574, 60.2841659]]}, "properties": {"electrified": "contact_line", "frequency": "16.67", "gauge": "1435", "maxspeed": "95", "name": "Hovedbanen", "operator": "Bane NOR", "passenger_lines": "1", "railway": "rail", "usage": "branch", "voltage": "15000", "length_km": 0.343, "maxspeed_kmh": 95.0}}, {"type": "Feature", "geometry": {"type": "LineString", "coordinates": [[11.1980947, 60.2444206], [11.1984153, 60.2447132], [11.1987086, 60.2450255], [11.198897, 60.2452794], [11.1990554, 60.2455397], [11.1992566, 60.2459477], [11.1993623, 60.2461666]]}, "properties": {"electrified": "contact_line", "frequency": "16.67", "gauge": "1435", "maxspeed": "85", "name": "Hovedbanen", "operator": "Bane NOR", "passenger_lines": "1", "railway": "rail", "usage": "branch", "voltage": "15000", "length_km": 0.208, "maxspeed_kmh": 85.0}}, {"type": "Feature", "geometry": {"type": "LineString", "coordinates": [[11.1922544, 60.2388437], [11.1923796, 60.239513], [11.1924686, 60.2398279], [11.192597, 60.2401265], [11.1927276, 60.2403549], [11.1929524, 60.2406546], [11.1931729, 60.2409138], [11.1934169, 60.2411529], [11.1937273, 60.2414281], [11.1940698, 60.2417033], [11.1944423, 60.2419689], [11.1947998, 60.2422133], [11.1963839, 60.2432481], [11.1975869, 60.2440364], [11.1980947, 60.2444206]]}, "properties": {"electrified": "contact_line", "frequency": "16.67", "gauge": "1435", "maxspeed": "100", "name": "Hovedbanen", "operator": "Bane NOR", "passenger_lines": "1", "railway": "rail", "usage": "branch", "voltage": "15000", "length_km": 0.715, "maxspeed_kmh": 100.0}}, {"type": "Feature", "geometry": {"type": "LineString", "coordinates": [[11.1789386, 60.1464771], [11.1789859, 60.1465792], [11.1790781, 60.1467931]]}, "properties": {"electrified": "contact_line", "frequency": "16.67", "gauge": "1435", "maxspeed": "130", "name": "Hovedbanen", "operator": "Bane NOR", "passenger_lines": "1", "railway": "rail", "usage": "branch", "voltage": "15000", "length_km": 0.036, "maxspeed_kmh": 130.0}}, {"type": "Feature", "geometry": {"type": "LineString", "coordinates": [[10.8172057, 59.9080023], [10.8166513, 59.9079173], [10.8157575, 59.9077779], [10.8157266, 59.9077731], [10.8145522, 59.90759], [10.8069041, 59.906401], [10.8063922, 59.9063216], [10.8058789, 59.9062453], [10.805621, 59.9062087], [10.8053632, 59.9061742], [10.8051022, 59.9061414], [10.8048423, 59.9061123], [10.8045813, 59.9060848], [10.8043213, 59.9060599], [10.8040631, 59.9060389], [10.8038028, 59.9060199], [10.803634, 59.9060086], [10.8034547, 59.9059982], [10.8032817, 59.9059889], [10.8031099, 59.9059813]]}, "properties": {"electrified": "contact_line", "frequency": "16.67", "gauge": "1435", "maxspeed": "110", "name": "Hovedbanen", "operator": "Bane NOR", "passenger_lines": "3", "railway": "rail", "usage": "branch", "voltage": "15000", "length_km": 0.822, "maxspeed_kmh": 110.0}}, {"type": "Feature", "geometry": {"type": "LineString", "coordinates": [[10.803076, 59.9059408], [10.8032821, 59.9059507], [10.8034608, 59.90596], [10.8036383, 59.9059707], [10.8038159, 59.9059819], [10.8040774, 59.9060017], [10.804339, 59.9060228], [10.8046017, 59.9060473], [10.8048633, 59.9060743], [10.8051234, 59.9061043], [10.8053836, 59.9061366], [10.8056426, 59.906171], [10.8059015, 59.9062076], [10.8064132, 59.9062847], [10.8069276, 59.9063642], [10.8145771, 59.9075547], [10.8157778, 59.9077418], [10.816725, 59.907889], [10.8172274, 59.9079669]]}, "properties": {"electrified": "contact_line", "frequency": "16.67", "gauge": "1435", "maxspeed": "110", "name": "Hovedbanen", "operator": "Bane NOR", "passenger_lines": "3", "railway": "rail", "usage": "branch", "voltage": "15000", "length_km": 0.825, "maxspeed_kmh": 110.0}}, {"type": "Feature", "geometry": {"type": "LineString", "coordinates": [[11.1995685, 60.2464708], [11.1996292, 60.2465709], [11.1997779, 60.2468711], [11.1998452, 60.2469886], [11.1999059, 60.2470914], [11.199983, 60.2471997], [11.2000946, 60.2473423], [11.2002431, 60.2475027], [11.2003794, 60.2476317], [11.2005256, 60.2477627], [11.2007377, 60.2479264], [11.2009027, 60.2480387], [11.2011476, 60.2481918], [11.2014189, 60.2483397], [11.2016477, 60.2484542], [11.2018441, 60.2485476], [11.2019741, 60.2486127], [11.2029597, 60.2491061], [11.2033483, 60.2493111], [11.2037183, 60.249524], [11.2040027, 60.2497077], [11.2042856, 60.2499325], [11.2044296, 60.2500583], [11.2045536, 60.2501779]]}, "properties": {"electrified": "contact_line", "frequency": "16.67", "gauge": "1435", "maxspeed": "40", "name": "Hovedbanen", "operator": "Bane NOR", "passenger_lines": "3", "railway": "rail", "voltage": "15000", "length_km": 0.505, "maxspeed_kmh": 40.0}}, {"type": "Feature", "geometry": {"type": "LineString", "coordinates": [[11.2132336, 60.2798265], [11.213412, 60.2804999]]}, "properties": {"electrified": "contact_line", "frequency": "16.67", "gauge": "1435", "maxspeed": "125", "name": "Hovedbanen", "operator": "Bane NOR", "passenger_lines": "1", "railway": "rail", "usage": "branch", "voltage": "15000", "length_km": 0.076, "maxspeed_kmh": 125.0}}, {"type": "Feature", "geometry": {"type": "LineString", "coordinates": [[11.2131822, 60.2796771], [11.2132336, 60.2798265]]}, "properties": {"bridge": "yes", "electrified": "contact_line", "frequency": "16.67", "gauge": "1435", "maxspeed": "125", "name": "Hovedbanen", "operator": "Bane NOR", "passenger_lines": "1", "railway": "rail", "usage": "branch", "voltage": "15000", "length_km": 0.017, "maxspeed_kmh": 125.0}}, {"type": "Feature", "geometry": {"type": "LineString", "coordinates": [[11.2125327, 60.27834], [11.2126279, 60.2784864]]}, "properties": {"bridge": "yes", "electrified": "contact_line", "frequency": "16.67", "gauge": "1435", "maxspeed": "125", "name": "Hovedbanen", "operator": "Bane NOR", "passenger_lines": "1", "railway": "rail", "usage": "branch", "voltage": "15000", "length_km": 0.017, "maxspeed_kmh": 125.0}}, {"type": "Feature", "geometry": {"type": "LineString", "coordinates": [[11.2126279, 60.2784864], [11.2129645, 60.279118], [11.2131822, 60.2796771]]}, "properties": {"electrified": "contact_line", "frequency": "16.67", "gauge": "1435", "maxspeed": "125", "name": "Hovedbanen", "operator": "Bane NOR", "passenger_lines": "1", "railway": "rail", "usage": "branch", "voltage": "15000", "length_km": 0.136, "maxspeed_kmh": 125.0}}, {"type": "Feature", "geometry": {"type": "LineString", "coordinates": [[11.206238, 60.2638002], [11.2066519, 60.2645413], [11.2077728, 60.26585], [11.2087985, 60.2668195], [11.2093002, 60.2673137], [11.2097488, 60.2678297], [11.2100887, 60.2682948], [11.2103724, 60.2687651], [11.2106172, 60.2693], [11.2107311, 60.2696216], [11.2108238, 60.2699432], [11.2108988, 60.2703732], [11.2109389, 60.2708106], [11.2109122, 60.2713827], [11.2108029, 60.2719532], [11.2104849, 60.2731393], [11.2104041, 60.2745897], [11.2106943, 60.2758068], [11.2113112, 60.276805], [11.2122532, 60.2778846], [11.2125327, 60.27834]]}, "properties": {"electrified": "contact_line", "frequency": "16.67", "gauge": "1435", "maxspeed": "125", "name": "Hovedbanen", "operator": "Bane NOR", "passenger_lines": "1", "railway": "rail", "usage": "branch", "voltage": "15000", "length_km": 1.691, "maxspeed_kmh": 125.0}}, {"type": "Feature", "geometry": {"type": "LineString", "coordinates": [[11.206144, 60.2636319], [11.206238, 60.2638002]]}, "properties": {"bridge": "yes", "electrified": "contact_line", "frequency": "16.67", "gauge": "1435", "maxspeed": "125", "name": "Hovedbanen", "operator": "Bane NOR", "passenger_lines": "1", "railway": "rail", "usage": "branch", "voltage": "15000", "length_km": 0.019, "maxspeed_kmh": 125.0}}, {"type": "Feature", "geometry": {"type": "LineString", "coordinates": [[11.0409295, 59.9524245], [11.0412435, 59.952467], [11.0416655, 59.9525264], [11.0420583, 59.952583], [11.042717, 59.9526816], [11.0434567, 59.952798], [11.0442945, 59.9529366], [11.0451156, 59.9530772], [11.0459511, 59.9532256], [11.0463357, 59.9532928], [11.0465339, 59.9533283], [11.0467224, 59.9533642], [11.0468363, 59.9533891], [11.0469484, 59.9534148], [11.0470572, 59.953443], [11.0471659, 59.9534719], [11.0474228, 59.9535445]]}, "properties": {"electrified": "contact_line", "frequency": "16.67", "gauge": "1435", "maxspeed": "40", "name": "Hovedbanen", "railway": "rail", "usage": "main", "voltage": "15000", "length_km": 0.384, "maxspeed_kmh": 40.0}}, {"type": "Feature", "geometry": {"type": "LineString", "coordinates": [[11.1052935, 60.0237586], [11.1053714, 60.0237802], [11.1055884, 60.023839], [11.10581, 60.0238968], [11.1060366, 60.023953], [11.1062651, 60.0240084], [11.1064978, 60.0240621], [11.1067372, 60.0241137], [11.1069774, 60.0241649], [11.1072192, 60.0242134], [11.1074636, 60.0242619], [11.1079594, 60.0243551], [11.1084552, 60.0244491], [11.1086932, 60.0244953], [11.1089286, 60.0245424], [11.10918, 60.0245926], [11.1094297, 60.0246437], [11.1096769, 60.0246964], [11.1099193, 60.0247499], [11.1101636, 60.0248039], [11.1104089, 60.0248603], [11.1106571, 60.0249189], [11.1109028, 60.0249788], [11.1111507, 60.02504], [11.1113968, 60.0251024], [11.1116391, 60.0251656], [11.1118811, 60.0252311], [11.1121224, 60.0252972], [11.1123571, 60.0253638], [11.1125742, 60.0254267], [11.1127913, 60.025492], [11.1130079, 60.0255578], [11.1132226, 60.0256254], [11.1134357, 60.0256951], [11.1136489, 60.0257658], [11.1138594, 60.0258377], [11.11407, 60.0259111], [11.1145081, 60.0260693], [11.1149434, 60.0262299], [11.1152916, 60.0263616], [11.1156456, 60.0264945], [11.1158898, 60.0265913], [11.1161268, 60.02669], [11.1163337, 60.0267733], [11.1165406, 60.0268571]]}, "properties": {"electrified": "contact_line", "frequency": "16.67", "gauge": "1435", "name": "Hovedbanen", "operator": "Bane NOR", "passenger_lines": "1", "railway": "rail", "usage": "branch", "voltage": "15000", "length_km": 0.72}}, {"type": "Feature", "geometry": {"type": "LineString", "coordinates": [[11.0863547, 59.9995861], [11.0864538, 59.9996634], [11.0865874, 59.9997669], [11.0867242, 59.9998679], [11.0868675, 59.999971], [11.0869142, 60.0000038], [11.0870079, 60.0000703], [11.0871341, 60.0001578], [11.0872672, 60.0002471], [11.0873926, 60.0003292], [11.0875019, 60.0004004], [11.0876145, 60.0004715], [11.0877284, 60.0005422], [11.0878438, 60.0006123], [11.0879695, 60.0006872], [11.0880977, 60.0007625], [11.0882277, 60.0008371], [11.0883594, 60.000911], [11.0884947, 60.0009856], [11.0886321, 60.0010599], [11.0887706, 60.0011335], [11.0889121, 60.0012068], [11.0890547, 60.0012801], [11.0892024, 60.0013526], [11.0893173, 60.0014087], [11.0894262, 60.0014611], [11.0894865, 60.0014912], [11.0899106, 60.0016922], [11.0903377, 60.0018924], [11.0909301, 60.0021701]]}, "properties": {"electrified": "contact_line", "frequency": "16.67", "gauge": "1435", "name": "Hovedbanen", "operator": "Bane NOR", "passenger_lines": "1", "railway": "rail", "usage": "branch", "voltage": "15000", "length_km": 0.386}}, {"type": "Feature", "geometry": {"type": "LineString", "coordinates": [[10.7706649, 59.9074917], [10.7720398, 59.9072487], [10.7721773, 59.9072251]]}, "properties": {"electrified": "contact_line", "frequency": "16.67", "gauge": "1435", "maxspeed": "110", "name": "Hovedbanen", "operator": "Bane NOR", "passenger_lines": "4", "railway": "rail", "usage": "branch", "voltage": "15000", "length_km": 0.09, "maxspeed_kmh": 110.0}}, {"type": "Feature", "geometry": {"type": "LineString", "coordinates": [[11.1270393, 60.0373609], [11.127002, 60.0372789]]}, "properties": {"bridge": "yes", "electrified": "contact_line", "frequency": "16.67", "gauge": "1435", "maxspeed": "50", "name": "Hovedbanen", "passenger_lines": "2", "railway": "rail", "usage": "branch", "voltage": "15000", "length_km": 0.009, "maxspeed_kmh": 50.0}}, {"type": "Feature", "geometry": {"type": "LineString", "coordinates": [[11.127002, 60.0372789], [11.1270422, 60.0373605]]}, "properties": {"bridge": "yes", "electrified": "contact_line", "frequency": "16.67", "gauge": "1435", "maxspeed": "100", "name": "Hovedbanen", "operator": "Bane NOR", "passenger_lines": "2", "railway": "rail", "usage": "branch", "voltage": "15000", "length_km": 0.009, "maxspeed_kmh": 100.0}}, {"type": "Feature", "geometry": {"type": "LineString", "coordinates": [[11.2483279, 60.3300378], [11.2481855, 60.3309901]]}, "properties": {"electrified": "contact_line", "frequency": "16.67", "gauge": "1435", "name": "Hovedbanen", "operator": "Bane NOR", "passenger_lines": "2", "railway": "rail", "usage": "branch", "voltage": "15000", "length_km": 0.106}}, {"type": "Feature", "geometry": {"type": "LineString", "coordinates": [[11.003388, 59.9506899], [11.0034737, 59.9507633], [11.0037938, 59.9510429], [11.0041673, 59.9513677], [11.0043385, 59.9515155], [11.0045215, 59.9516701], [11.0048395, 59.9519349], [11.0078147, 59.9544282], [11.0079182, 59.954513], [11.0080233, 59.9545979], [11.008131, 59.9546828], [11.0082404, 59.954766], [11.0083531, 59.9548467], [11.0084668, 59.9549252], [11.0085204, 59.9549613]]}, "properties": {"electrified": "contact_line", "frequency": "16.67", "gauge": "1435", "maxspeed": "100", "name": "Hovedbanen", "operator": "Bane NOR", "passenger_lines": "2", "railway": "rail", "usage": "branch", "voltage": "15000", "length_km": 0.556, "maxspeed_kmh": 100.0}}, {"type": "Feature", "geometry": {"type": "LineString", "coordinates": [[11.0083988, 59.954944], [11.0084557, 59.9549812], [11.0085435, 59.9550385], [11.0086351, 59.9550962], [11.0087623, 59.9551697], [11.0088943, 59.9552424], [11.0090263, 59.9553112], [11.0091724, 59.955383], [11.0093153, 59.9554496], [11.0094641, 59.9555142], [11.0096167, 59.9555777], [11.0097728, 59.9556378], [11.009928, 59.9556942], [11.0100875, 59.955749], [11.0102481, 59.9558014], [11.010412, 59.9558516], [11.010582, 59.9558999], [11.0107593, 59.9559458], [11.0109354, 59.9559907], [11.0111146, 59.956031], [11.0112959, 59.9560694], [11.0114799, 59.956105], [11.0116661, 59.9561385], [11.011855, 59.9561692], [11.0120485, 59.9561976], [11.0122363, 59.9562225], [11.0124291, 59.9562453], [11.0126232, 59.9562659], [11.0128256, 59.9562849], [11.0130459, 59.9563025], [11.0131901, 59.9563119]]}, "properties": {"electrified": "contact_line", "frequency": "16.67", "gauge": "1435", "maxspeed": "90", "name": "Hovedbanen", "operator": "Bane NOR", "passenger_lines": "2", "railway": "rail", "usage": "branch", "voltage": "15000", "length_km": 0.317, "maxspeed_kmh": 90.0}}, {"type": "Feature", "geometry": {"type": "LineString", "coordinates": [[10.9965682, 59.9461711], [10.9968282, 59.9463005], [10.9976935, 59.9467318], [10.9977965, 59.9467835]]}, "properties": {"electrified": "contact_line", "frequency": "16.67", "gauge": "1435", "maxspeed": "100", "name": "Hovedbanen", "operator": "Bane NOR", "passenger_lines": "2", "railway": "rail", "usage": "branch", "voltage": "15000", "length_km": 0.097, "maxspeed_kmh": 100.0}}, {"type": "Feature", "geometry": {"type": "LineString", "coordinates": [[10.9555026, 59.9414245], [10.9556414, 59.9413711], [10.9558556, 59.9412895], [10.9560685, 59.9412109], [10.9562809, 59.9411342], [10.9564944, 59.9410593], [10.9567238, 59.9409799], [10.9569483, 59.9409049], [10.9571766, 59.9408306], [10.9574075, 59.9407576], [10.9576367, 59.9406864], [10.9578665, 59.9406171], [10.9580987, 59.9405485], [10.9583337, 59.9404817], [10.9585666, 59.9404158], [10.9588029, 59.9403523], [10.95904, 59.9402889], [10.9592772, 59.9402289], [10.9595194, 59.9401682], [10.9597625, 59.9401093], [10.9600104, 59.9400509], [10.9602536, 59.9399954], [10.9604945, 59.9399417], [10.9607366, 59.9398886], [10.960974, 59.9398373], [10.9612171, 59.9397855], [10.9616531, 59.9396951], [10.9620929, 59.9396054], [10.9630861, 59.9394114], [10.9632657, 59.9393768], [10.9634477, 59.9393429], [10.9636335, 59.9393082], [10.9638115, 59.9392755], [10.9640325, 59.9392365], [10.9642536, 59.9391986], [10.9644779, 59.9391612], [10.9646993, 59.9391254], [10.9649276, 59.9390913], [10.9651567, 59.9390576], [10.9653875, 59.9390267], [10.9656191, 59.9389962], [10.9658411, 59.9389692], [10.9660638, 59.9389432], [10.9662891, 59.9389187], [10.9665134, 59.9388952], [10.9667305, 59.9388742], [10.9669499, 59.9388537], [10.9671679, 59.9388354], [10.9673876, 59.9388184], [10.9676349, 59.9388004], [10.9678867, 59.9387851], [10.9681321, 59.9387713], [10.9683857, 59.9387584], [10.9686336, 59.938748], [10.9688823, 59.938739], [10.9691399, 59.9387318], [10.9693974, 59.9387255], [10.9696226, 59.9387223], [10.9698594, 59.93872], [10.9700907, 59.93872], [10.9703266, 59.9387205], [10.9705922, 59.9387239], [10.970859, 59.9387285], [10.9711318, 59.9387358], [10.9714035, 59.9387449], [10.9716686, 59.9387556], [10.9719322, 59.9387686], [10.9721997, 59.9387835], [10.9724672, 59.9388008], [10.9727315, 59.9388194], [10.9729912, 59.9388398], [10.9732537, 59.9388627], [10.9735172, 59.9388887], [10.9737745, 59.9389144], [10.9740318, 59.9389436], [10.9742926, 59.938976], [10.9745516, 59.9390094], [10.9748128, 59.9390474], [10.9750584, 59.9390846], [10.9753102, 59.9391251], [10.975561, 59.9391681], [10.9758103, 59.9392135], [10.9760623, 59.9392616], [10.9763159, 59.9393136], [10.976558, 59.9393654], [10.976871, 59.9394353], [10.9771825, 59.939509], [10.9779084, 59.9396908], [10.9784819, 59.939836], [10.9787186, 59.9398963], [10.9789553, 59.9399573], [10.9791906, 59.9400196], [10.9794259, 59.9400832], [10.9795339, 59.9401131]]}, "properties": {"electrified": "contact_line", "frequency": "16.67", "gauge": "1435", "maxspeed": "105", "name": "Hovedbanen", "operator": "Bane NOR", "passenger_lines": "2", "railway": "rail", "usage": "branch", "voltage": "15000", "length_km": 1.441, "maxspeed_kmh": 105.0}}, {"type": "Feature", "geometry": {"type": "LineString", "coordinates": [[10.9493336, 59.9439438], [10.9496051, 59.9438598], [10.9498737, 59.9437736], [10.9501584, 59.9436803], [10.9507525, 59.9434732], [10.951164, 59.9433202], [10.9513468, 59.9432492], [10.9515296, 59.9431777]]}, "properties": {"electrified": "contact_line", "frequency": "16.67", "gauge": "1435", "maxspeed": "85", "name": "Hovedbanen", "operator": "Bane NOR", "passenger_lines": "2", "railway": "rail", "usage": "branch", "voltage": "15000", "length_km": 0.15, "maxspeed_kmh": 85.0}}, {"type": "Feature", "geometry": {"type": "LineString", "coordinates": [[10.9492764, 59.9439131], [10.9495564, 59.9438265], [10.9498294, 59.9437399], [10.9501127, 59.9436475], [10.9507047, 59.9434419], [10.9507752, 59.9434157]]}, "properties": {"electrified": "contact_line", "frequency": "16.67", "gauge": "1435", "maxspeed": "100", "name": "Hovedbanen", "operator": "Bane NOR", "passenger_lines": "2", "railway": "rail", "usage": "branch", "voltage": "15000", "length_km": 0.1, "maxspeed_kmh": 100.0}}, {"type": "Feature", "geometry": {"type": "LineString", "coordinates": [[10.9474186, 59.9444798], [10.947194, 59.9445428], [10.9469915, 59.9445947]]}, "properties": {"electrified": "contact_line", "frequency": "16.67", "gauge": "1435", "maxspeed": "100", "name": "Hovedbanen", "operator": "Bane NOR", "passenger_lines": "2", "railway": "rail", "usage": "branch", "voltage": "15000", "length_km": 0.027, "maxspeed_kmh": 100.0}}, {"type": "Feature", "geometry": {"type": "LineString", "coordinates": [[10.941898, 59.9457854], [10.9416384, 59.9458379], [10.9413851, 59.9458872], [10.9411329, 59.9459353], [10.9406264, 59.9460302], [10.9402867, 59.9460931], [10.9400032, 59.9461456], [10.9397954, 59.9461882], [10.9396103, 59.9462265], [10.9388952, 59.946387], [10.9385002, 59.9464743], [10.9379521, 59.9465973], [10.937825, 59.9466244], [10.9370263, 59.9467903]]}, "properties": {"electrified": "contact_line", "frequency": "16.67", "gauge": "1435", "maxspeed": "85", "name": "Hovedbanen", "operator": "Bane NOR", "passenger_lines": "2", "railway": "rail", "usage": "branch", "voltage": "15000", "length_km": 0.295, "maxspeed_kmh": 85.0}}, {"type": "Feature", "geometry": {"type": "LineString", "coordinates": [[10.9362671, 59.9468958], [10.9366373, 59.9468253], [10.9368914, 59.9467759], [10.9373452, 59.9466844], [10.9377947, 59.9465886], [10.9379185, 59.9465618], [10.9384587, 59.9464396], [10.938864, 59.9463509], [10.9394185, 59.9462264], [10.9395777, 59.9461917], [10.9399644, 59.9461034], [10.9405528, 59.9459715], [10.941051, 59.945859], [10.9412995, 59.9458039], [10.9415504, 59.9457489], [10.9418578, 59.9456822]]}, "properties": {"electrified": "contact_line", "frequency": "16.67", "gauge": "1435", "maxspeed": "85", "name": "Hovedbanen", "operator": "Bane NOR", "passenger_lines": "2", "railway": "rail", "usage": "branch", "voltage": "15000", "length_km": 0.341, "maxspeed_kmh": 85.0}}, {"type": "Feature", "geometry": {"type": "LineString", "coordinates": [[10.8880825, 59.95019], [10.8881313, 59.9502442], [10.8883494, 59.9504902], [10.8885642, 59.9507385], [10.8886674, 59.9508554], [10.8887725, 59.9509723], [10.8888818, 59.9510882], [10.8889971, 59.9512041], [10.8891026, 59.9513038], [10.889213, 59.951403], [10.8893278, 59.9515002], [10.8894462, 59.9515969], [10.8895683, 59.9516897], [10.889693, 59.951782], [10.8898249, 59.951873], [10.8899602, 59.9519631], [10.8900955, 59.9520488], [10.8902364, 59.952133], [10.8903787, 59.9522159], [10.8905266, 59.9522981], [10.8906819, 59.9523796], [10.8908401, 59.9524595], [10.89092, 59.9524981], [10.8911675, 59.9526124], [10.8913329, 59.9526861], [10.8915065, 59.9527582], [10.8916816, 59.9528287], [10.8918651, 59.9528971], [10.8920455, 59.9529628], [10.8922318, 59.9530276], [10.8924202, 59.9530895], [10.8926138, 59.9531505], [10.8928164, 59.9532089], [10.8930076, 59.9532628], [10.8931468, 59.9532998], [10.8932977, 59.9533386], [10.8934067, 59.953365], [10.8935041, 59.9533881], [10.8935995, 59.9534105], [10.8937624, 59.9534457], [10.8939523, 59.9534855], [10.8941507, 59.9535236], [10.8943524, 59.9535606], [10.8944977, 59.9535844]]}, "properties": {"electrified": "contact_line", "frequency": "16.67", "gauge": "1435", "maxspeed": "80", "name": "Hovedbanen", "operator": "Bane NOR", "passenger_lines": "2", "railway": "rail", "usage": "branch", "voltage": "15000", "length_km": 0.54, "maxspeed_kmh": 80.0}}, {"type": "Feature", "geometry": {"type": "LineString", "coordinates": [[10.8944745, 59.9536214], [10.8943297, 59.9535967], [10.8941185, 59.9535599], [10.8939153, 59.9535206], [10.8937195, 59.9534793], [10.8935626, 59.9534447], [10.8933742, 59.9534], [10.8931711, 59.9533499], [10.8929717, 59.9532979], [10.8927753, 59.953243], [10.8925836, 59.9531872], [10.892374, 59.9531219], [10.8923349, 59.9531097], [10.8919901, 59.9529938], [10.891851, 59.9529428], [10.8916601, 59.9528712], [10.891474, 59.9527985], [10.8912918, 59.9527221], [10.8911147, 59.9526448], [10.8909455, 59.9525666], [10.8907807, 59.9524884], [10.8906202, 59.9524078], [10.8904641, 59.9523272], [10.8903154, 59.9522444], [10.8901703, 59.9521609], [10.890027, 59.9520757], [10.88989, 59.9519903], [10.8897524, 59.951899], [10.8896202, 59.9518067], [10.8894897, 59.9517139], [10.8893679, 59.9516194], [10.889248, 59.9515223], [10.8891309, 59.9514252], [10.8890208, 59.9513253], [10.8889149, 59.9512247], [10.8888004, 59.9511088], [10.8886901, 59.9509915], [10.8885828, 59.950874], [10.8884789, 59.9507561], [10.8882629, 59.950506], [10.8880503, 59.9502636], [10.8880027, 59.9502105]]}, "properties": {"electrified": "contact_line", "frequency": "16.67", "gauge": "1435", "maxspeed": "80", "name": "Hovedbanen", "operator": "Bane NOR", "passenger_lines": "2", "railway": "rail", "usage": "branch", "voltage": "15000", "length_km": 0.544, "maxspeed_kmh": 80.0}}, {"type": "Feature", "geometry": {"type": "LineString", "coordinates": [[10.8878858, 59.950087], [10.8878188, 59.9500175], [10.887734, 59.9499338], [10.8876544, 59.9498559], [10.8875682, 59.9497813], [10.8874632, 59.9496883], [10.8873563, 59.9496007], [10.8872429, 59.9495085], [10.8871309, 59.9494224], [10.8870019, 59.9493301], [10.8868719, 59.9492398], [10.8867376, 59.9491499], [10.8866005, 59.9490624], [10.8864604, 59.9489758], [10.8863147, 59.9488906], [10.8861655, 59.9488068], [10.8860163, 59.9487257], [10.8859029, 59.9486667], [10.8857873, 59.9486084], [10.8856698, 59.9485507], [10.8855515, 59.9484945], [10.8850989, 59.9482966], [10.8848727, 59.9482066], [10.884621, 59.9481137], [10.8845906, 59.9481033], [10.8843221, 59.9480115], [10.8840772, 59.9479318], [10.8838853, 59.9478734], [10.8836934, 59.9478179], [10.8834979, 59.9477645], [10.8833025, 59.9477139], [10.8831014, 59.9476641], [10.8828985, 59.9476168], [10.8826945, 59.9475702], [10.8824897, 59.9475252], [10.8817627, 59.9473689]]}, "properties": {"electrified": "contact_line", "frequency": "16.67", "gauge": "1435", "maxspeed": "80", "name": "Hovedbanen", "operator": "Bane NOR", "passenger_lines": "2", "railway": "rail", "usage": "branch", "voltage": "15000", "length_km": 0.469, "maxspeed_kmh": 80.0}}, {"type": "Feature", "geometry": {"type": "LineString", "coordinates": [[10.8816481, 59.9473], [10.8825242, 59.9474886], [10.8827288, 59.9475335], [10.8829326, 59.9475799], [10.8831348, 59.9476283], [10.8833356, 59.9476789], [10.8835364, 59.9477307], [10.8835707, 59.9477396], [10.8837289, 59.9477837], [10.8839242, 59.9478396], [10.8841191, 59.9478995], [10.8843229, 59.9479639], [10.884524, 59.9480325], [10.8847222, 59.9481032], [10.8849163, 59.948176], [10.8850929, 59.9482454], [10.8852657, 59.9483172], [10.8854356, 59.9483899], [10.8856043, 59.9484667], [10.8857907, 59.9485542], [10.8860662, 59.9486945], [10.8860758, 59.9486992], [10.886226, 59.948781], [10.8863749, 59.9488642], [10.8865202, 59.9489495], [10.8866628, 59.9490376], [10.8868013, 59.9491262], [10.886937, 59.9492154], [10.8870685, 59.9493074], [10.8871972, 59.9494009], [10.8873146, 59.9494893], [10.8874291, 59.9495802], [10.8875388, 59.9496701], [10.8876437, 59.9497614], [10.8877301, 59.9498367], [10.887812, 59.9499157], [10.8878896, 59.9499905], [10.8879654, 59.9500666]]}, "properties": {"electrified": "contact_line", "frequency": "16.67", "gauge": "1435", "maxspeed": "80", "name": "Hovedbanen", "operator": "Bane NOR", "passenger_lines": "2", "railway": "rail", "usage": "branch", "voltage": "15000", "length_km": 0.481, "maxspeed_kmh": 80.0}}, {"type": "Feature", "geometry": {"type": "LineString", "coordinates": [[10.8343368, 59.9311203], [10.8342131, 59.9308829], [10.8340835, 59.9306165], [10.8340193, 59.9304833], [10.8339613, 59.9303501], [10.8339146, 59.9302414], [10.8338726, 59.9301335], [10.8338337, 59.9300248], [10.8337981, 59.9299162], [10.8337645, 59.9297974], [10.8337365, 59.929678], [10.8337171, 59.9295715], [10.8337019, 59.9294658], [10.8336904, 59.9293531], [10.8336851, 59.929241], [10.8336839, 59.9291304], [10.8336887, 59.9290161], [10.8336974, 59.9288965]]}, "properties": {"electrified": "contact_line", "frequency": "16.67", "gauge": "1435", "maxspeed": "110", "name": "Hovedbanen", "operator": "Bane NOR", "passenger_lines": "2", "railway": "rail", "usage": "branch", "voltage": "15000", "length_km": 0.252, "maxspeed_kmh": 110.0}}, {"type": "Feature", "geometry": {"type": "LineString", "coordinates": [[10.8337925, 59.928798], [10.8337785, 59.9288982], [10.8337672, 59.9290173], [10.8337638, 59.9291291], [10.833764, 59.9292409], [10.8337691, 59.9293532], [10.8337791, 59.9294666], [10.833795, 59.9295697], [10.8338165, 59.9296729], [10.833844, 59.9297927], [10.8338771, 59.9299105], [10.8339154, 59.930018], [10.8339585, 59.9301248], [10.8340048, 59.9302316], [10.8340558, 59.9303376], [10.8341242, 59.9304677], [10.8341992, 59.9305978], [10.8342785, 59.9307273], [10.83436, 59.9308574], [10.8345195, 59.9310963]]}, "properties": {"electrified": "contact_line", "frequency": "16.67", "gauge": "1435", "maxspeed": "110", "name": "Hovedbanen", "operator": "Bane NOR", "passenger_lines": "2", "railway": "rail", "usage": "branch", "voltage": "15000", "length_km": 0.261, "maxspeed_kmh": 110.0}}, {"type": "Feature", "geometry": {"type": "LineString", "coordinates": [[10.8336974, 59.9288965], [10.833712, 59.9287957], [10.8337334, 59.9286786], [10.8337564, 59.9285616], [10.8338207, 59.9282903], [10.8338875, 59.9280264], [10.8340278, 59.9274931], [10.8341174, 59.9271547]]}, "properties": {"electrified": "contact_line", "frequency": "16.67", "gauge": "1435", "maxspeed": "125", "name": "Hovedbanen", "operator": "Bane NOR", "passenger_lines": "2", "railway": "rail", "usage": "branch", "voltage": "15000", "length_km": 0.196, "maxspeed_kmh": 125.0}}, {"type": "Feature", "geometry": {"type": "LineString", "coordinates": [[10.8341762, 59.9272257], [10.8341031, 59.927499], [10.8339649, 59.9280292], [10.8338951, 59.9282962], [10.8338327, 59.9285632], [10.833811, 59.928681], [10.8337925, 59.928798]]}, "properties": {"electrified": "contact_line", "frequency": "16.67", "gauge": "1435", "maxspeed": "125", "name": "Hovedbanen", "operator": "Bane NOR", "passenger_lines": "2", "railway": "rail", "usage": "branch", "voltage": "15000", "length_km": 0.177, "maxspeed_kmh": 125.0}}, {"type": "Feature", "geometry": {"type": "LineString", "coordinates": [[10.8251683, 59.9110716], [10.8253131, 59.9111744], [10.8254606, 59.9112831], [10.8255268, 59.9113332], [10.8256485, 59.9114248], [10.8257658, 59.9115172], [10.8258782, 59.9116065], [10.8259955, 59.9117018], [10.8260893, 59.9117848], [10.8261938, 59.9118763], [10.8262903, 59.9119637], [10.8263845, 59.9120508]]}, "properties": {"electrified": "contact_line", "frequency": "16.67", "gauge": "1435", "maxspeed": "125", "name": "Hovedbanen", "operator": "Bane NOR", "passenger_lines": "3", "railway": "rail", "usage": "branch", "voltage": "15000", "length_km": 0.129, "maxspeed_kmh": 125.0}}, {"type": "Feature", "geometry": {"type": "LineString", "coordinates": [[10.8263166, 59.9120652], [10.8262225, 59.9119785], [10.8261277, 59.9118925], [10.8260249, 59.9118022], [10.8259321, 59.9117223], [10.8258085, 59.9116212], [10.8257019, 59.9115352], [10.8255834, 59.9114425], [10.8254634, 59.9113516], [10.8254003, 59.9113036], [10.8252551, 59.9111989], [10.8251063, 59.9110932]]}, "properties": {"electrified": "contact_line", "frequency": "16.67", "gauge": "1435", "maxspeed": "125", "name": "Hovedbanen", "operator": "Bane NOR", "passenger_lines": "3", "railway": "rail", "usage": "branch", "voltage": "15000", "length_km": 0.128, "maxspeed_kmh": 125.0}}, {"type": "Feature", "geometry": {"type": "LineString", "coordinates": [[11.0233536, 59.9530069], [11.0235061, 59.9529644], [11.0236646, 59.9529238], [11.0238038, 59.9528889], [11.0239455, 59.9528565], [11.0240896, 59.9528247], [11.0242349, 59.9527953], [11.024397, 59.9527639], [11.0245622, 59.9527346], [11.0247266, 59.9527071], [11.0248953, 59.9526822], [11.0250597, 59.9526583], [11.0252293, 59.9526373], [11.0253999, 59.9526179], [11.025572, 59.9526004], [11.0257424, 59.9525861], [11.0259169, 59.9525732], [11.0260898, 59.9525614], [11.0262644, 59.9525505], [11.0264622, 59.9525407], [11.0266629, 59.9525317], [11.0268618, 59.9525234], [11.0270615, 59.9525155], [11.0288022, 59.9524538], [11.0301007, 59.952408], [11.0330529, 59.9523034]]}, "properties": {"electrified": "contact_line", "frequency": "16.67", "gauge": "1435", "maxspeed": "80", "name": "Hovedbanen", "operator": "Bane NOR", "passenger_lines": "2", "railway": "rail", "usage": "branch", "voltage": "15000", "length_km": 0.552, "maxspeed_kmh": 80.0}}, {"type": "Feature", "geometry": {"type": "LineString", "coordinates": [[11.023394, 59.9530434], [11.0235501, 59.9530003], [11.0236988, 59.9529612], [11.0238369, 59.952927], [11.0239787, 59.9528947], [11.0241211, 59.952863], [11.0242658, 59.9528324], [11.0244253, 59.9528027], [11.0245857, 59.9527744], [11.024749, 59.9527469], [11.0249164, 59.9527219], [11.0250823, 59.9526995], [11.0252501, 59.9526785], [11.025416, 59.9526597], [11.0255847, 59.9526427], [11.025754, 59.9526278], [11.0259247, 59.9526143], [11.026095, 59.9526019], [11.0262668, 59.9525913], [11.0264718, 59.9525812], [11.0266769, 59.9525717], [11.0268712, 59.9525637], [11.0270558, 59.9525566], [11.0288095, 59.9524948], [11.0301057, 59.9524488], [11.0332292, 59.9523387]]}, "properties": {"electrified": "contact_line", "frequency": "16.67", "gauge": "1435", "maxspeed": "80", "name": "Hovedbanen", "operator": "Bane NOR", "passenger_lines": "2", "railway": "rail", "usage": "branch", "voltage": "15000", "length_km": 0.56, "maxspeed_kmh": 80.0}}, {"type": "Feature", "geometry": {"type": "LineString", "coordinates": [[11.0395092, 59.952351], [11.0402822, 59.9523376]]}, "properties": {"electrified": "contact_line", "frequency": "16.67", "gauge": "1435", "maxspeed": "40", "name": "Hovedbanen", "operator": "Bane NOR", "railway": "rail", "service": "siding", "voltage": "15000", "length_km": 0.043, "maxspeed_kmh": 40.0}}, {"type": "Feature", "geometry": {"type": "LineString", "coordinates": [[11.0378765, 59.9523509], [11.0379408, 59.9523549]]}, "properties": {"bridge": "yes", "electrified": "contact_line", "frequency": "16.67", "gauge": "1435", "maxspeed": "40", "name": "Hovedbanen", "operator": "Bane NOR", "railway": "rail", "usage": "main", "voltage": "15000", "length_km": 0.004, "maxspeed_kmh": 40.0}}, {"type": "Feature", "geometry": {"type": "LineString", "coordinates": [[11.0378765, 59.9523509], [11.037941, 59.9523537]]}, "properties": {"bridge": "yes", "electrified": "contact_line", "frequency": "16.67", "gauge": "1435", "maxspeed": "40", "name": "Hovedbanen", "operator": "Bane NOR", "railway": "rail", "usage": "main", "voltage": "15000", "length_km": 0.004, "maxspeed_kmh": 40.0}}, {"type": "Feature", "geometry": {"type": "LineString", "coordinates": [[11.075885, 59.9850133], [11.0746005, 59.9833748], [11.0742382, 59.9829052], [11.0739445, 59.9824995], [11.0736208, 59.9820229], [11.0733619, 59.981616], [11.0731418, 59.9812465], [11.0726685, 59.9804359]]}, "properties": {"electrified": "contact_line", "frequency": "16.67", "gauge": "1435", "maxspeed": "130", "name": "Hovedbanen", "operator": "Bane NOR", "passenger_lines": "2", "railway": "rail", "usage": "branch", "voltage": "15000", "length_km": 0.541, "maxspeed_kmh": 130.0}}, {"type": "Feature", "geometry": {"type": "LineString", "coordinates": [[11.0726685, 59.9804359], [11.0727281, 59.9805357], [11.07279, 59.9806356], [11.0729055, 59.980814], [11.0729976, 59.9809515], [11.0731006, 59.981095], [11.0731995, 59.9812385], [11.0733183, 59.9814201], [11.0734371, 59.9816037], [11.0737032, 59.9820083], [11.0740282, 59.9824833], [11.0743219, 59.9828885], [11.0746803, 59.9833594], [11.0759632, 59.9849982]]}, "properties": {"electrified": "contact_line", "frequency": "16.67", "gauge": "1435", "maxspeed": "100", "name": "Hovedbanen", "operator": "Bane NOR", "passenger_lines": "2", "railway": "rail", "usage": "branch", "voltage": "15000", "length_km": 0.541, "maxspeed_kmh": 100.0}}, {"type": "Feature", "geometry": {"type": "LineString", "coordinates": [[11.0759632, 59.9849982], [11.0760619, 59.9851239]]}, "properties": {"bridge": "yes", "electrified": "contact_line", "frequency": "16.67", "gauge": "1435", "maxspeed": "100", "name": "Hovedbanen", "operator": "Bane NOR", "passenger_lines": "2", "railway": "rail", "usage": "branch", "voltage": "15000", "length_km": 0.015, "maxspeed_kmh": 100.0}}, {"type": "Feature", "geometry": {"type": "LineString", "coordinates": [[11.0759827, 59.9851393], [11.075885, 59.9850133]]}, "properties": {"bridge": "yes", "electrified": "contact_line", "frequency": "16.67", "gauge": "1435", "maxspeed": "130", "name": "Hovedbanen", "operator": "Bane NOR", "passenger_lines": "2", "railway": "rail", "usage": "branch", "voltage": "15000", "length_km": 0.015, "maxspeed_kmh": 130.0}}, {"type": "Feature", "geometry": {"type": "LineString", "coordinates": [[11.0833387, 59.9968265], [11.0836407, 59.997156], [11.0838741, 59.9973977], [11.0839943, 59.9975167]]}, "properties": {"electrified": "contact_line", "frequency": "16.67", "gauge": "1435", "maxspeed": "130", "name": "Hovedbanen", "operator": "Bane NOR", "passenger_lines": "1", "railway": "rail", "usage": "branch", "voltage": "15000", "length_km": 0.085, "maxspeed_kmh": 130.0}}, {"type": "Feature", "geometry": {"type": "LineString", "coordinates": [[11.0839943, 59.9975167], [11.0841125, 59.9976365], [11.0842474, 59.9977687], [11.0843848, 59.9978992]]}, "properties": {"bridge": "yes", "electrified": "contact_line", "frequency": "16.67", "gauge": "1435", "maxspeed": "130", "name": "Hovedbanen", "operator": "Bane NOR", "passenger_lines": "1", "railway": "rail", "usage": "branch", "voltage": "15000", "length_km": 0.048, "maxspeed_kmh": 130.0}}, {"type": "Feature", "geometry": {"type": "LineString", "coordinates": [[11.0987511, 60.0078878], [11.0988096, 60.0079393], [11.0988692, 60.0079908], [11.0989479, 60.0080537], [11.0990288, 60.008116], [11.0991114, 60.0081779], [11.0991973, 60.0082381], [11.0992861, 60.0082986], [11.0993772, 60.0083574], [11.0994683, 60.008416], [11.0995617, 60.0084745], [11.0996832, 60.0085458], [11.0998059, 60.0086166], [11.0999316, 60.0086883], [11.1000539, 60.0087567], [11.100186, 60.0088309], [11.1003214, 60.0089045], [11.1004531, 60.0089784], [11.1005871, 60.0090523], [11.1011098, 60.0093412], [11.1012743, 60.0094316], [11.1014344, 60.0095214], [11.1015947, 60.0096136], [11.101754, 60.009707], [11.1018796, 60.009783], [11.102003, 60.0098596], [11.1021217, 60.009938], [11.102237, 60.0100169], [11.1023313, 60.0100857], [11.1024222, 60.0101549], [11.1025094, 60.0102265], [11.1025944, 60.0102985], [11.1026747, 60.0103699], [11.1027516, 60.010444], [11.1028262, 60.0105189], [11.1028976, 60.010595], [11.1029544, 60.0106582], [11.1030072, 60.010722]]}, "properties": {"electrified": "contact_line", "frequency": "16.67", "gauge": "1435", "maxspeed": "90", "name": "Hovedbanen", "operator": "Bane NOR", "passenger_lines": "1", "railway": "rail", "usage": "branch", "voltage": "15000", "length_km": 0.397, "maxspeed_kmh": 90.0}}, {"type": "Feature", "geometry": {"type": "LineString", "coordinates": [[11.1030072, 60.010722], [11.1030785, 60.0108126]]}, "properties": {"bridge": "yes", "electrified": "contact_line", "frequency": "16.67", "gauge": "1435", "maxspeed": "90", "name": "Hovedbanen", "operator": "Bane NOR", "passenger_lines": "1", "railway": "rail", "usage": "branch", "voltage": "15000", "length_km": 0.011, "maxspeed_kmh": 90.0}}, {"type": "Feature", "geometry": {"type": "LineString", "coordinates": [[11.1049265, 60.0236495], [11.1049956, 60.0236709], [11.1050642, 60.0236912]]}, "properties": {"bridge": "yes", "electrified": "contact_line", "frequency": "16.67", "gauge": "1435", "maxspeed": "40", "name": "Hovedbanen", "operator": "Bane NOR", "passenger_lines": "2", "railway": "rail", "usage": "branch", "voltage": "15000", "length_km": 0.009, "maxspeed_kmh": 40.0}}, {"type": "Feature", "geometry": {"type": "LineString", "coordinates": [[11.1050642, 60.0236912], [11.1049231, 60.0236519]]}, "properties": {"bridge": "yes", "electrified": "contact_line", "frequency": "16.67", "gauge": "1435", "maxspeed": "90", "name": "Hovedbanen", "passenger_lines": "2", "railway": "rail", "usage": "branch", "voltage": "15000", "length_km": 0.009, "maxspeed_kmh": 90.0}}, {"type": "Feature", "geometry": {"type": "LineString", "coordinates": [[11.1400121, 60.0611848], [11.1400153, 60.0613221], [11.1400172, 60.0614617], [11.1400168, 60.0616031], [11.1400148, 60.0617445], [11.1400117, 60.0618858], [11.140006, 60.0620272], [11.1399982, 60.062168], [11.1399873, 60.0623089], [11.1399769, 60.06245], [11.1399644, 60.0625906], [11.1399524, 60.062711], [11.1399385, 60.0628314], [11.1399243, 60.0629518], [11.1399089, 60.0630739], [11.1398947, 60.0631868], [11.1398799, 60.0632997], [11.1398664, 60.063414], [11.1398524, 60.0635283], [11.1398391, 60.0636404], [11.1398251, 60.0637525], [11.1398112, 60.0638646], [11.1397967, 60.0639767], [11.1397411, 60.0644342], [11.1396824, 60.0649089], [11.1396169, 60.0654373], [11.1395526, 60.0659689], [11.1395196, 60.066225], [11.139431, 60.0669477], [11.1393259, 60.0679126], [11.1392708, 60.0685205], [11.1392298, 60.069072], [11.1391812, 60.0698951], [11.1391634, 60.0702104], [11.1391533, 60.0705265], [11.1391419, 60.0713409], [11.1391332, 60.071932], [11.1391351, 60.0723315]]}, "properties": {"electrified": "contact_line", "frequency": "16.67", "gauge": "1435", "maxspeed": "130", "name": "Hovedbanen", "operator": "Bane NOR", "passenger_lines": "1", "railway": "rail", "usage": "branch", "voltage": "15000", "length_km": 1.243, "maxspeed_kmh": 130.0}}, {"type": "Feature", "geometry": {"type": "LineString", "coordinates": [[11.1400095, 60.0610909], [11.1400121, 60.0611848]]}, "properties": {"bridge": "yes", "electrified": "contact_line", "frequency": "16.67", "gauge": "1435", "maxspeed": "130", "name": "Hovedbanen", "operator": "Bane NOR", "passenger_lines": "1", "railway": "rail", "usage": "branch", "voltage": "15000", "length_km": 0.01, "maxspeed_kmh": 130.0}}]}