{"type": "FeatureCollection", "features": [{"type": "Feature", "geometry": {"type": "LineString", "coordinates": [[11.3771788, 60.0551954], [11.3775707, 60.0553095], [11.3801898, 60.0560699], [11.3803778, 60.0561243], [11.3805648, 60.0561792], [11.3807518, 60.0562343], [11.3809378, 60.05629], [11.38114, 60.0563506], [11.3813369, 60.0564148], [11.3815322, 60.0564793], [11.3817274, 60.0565456], [11.3818939, 60.056606], [11.3820583, 60.0566685], [11.3822217, 60.0567323], [11.3823802, 60.0567982], [11.3825344, 60.0568643], [11.3826849, 60.0569322], [11.3828322, 60.0570022], [11.3829768, 60.0570732], [11.3831213, 60.0571465], [11.3832599, 60.0572216], [11.3833828, 60.057291], [11.3835341, 60.0573778], [11.3836644, 60.0574576], [11.383792, 60.0575386], [11.3839162, 60.057621], [11.3840371, 60.0577052], [11.3841535, 60.0577901], [11.3842674, 60.0578776], [11.3843768, 60.0579637], [11.3844797, 60.0580525], [11.3845713, 60.058133], [11.384651, 60.0582053]]}, "properties": {"electrified": "contact_line", "frequency": "16.67", "gauge": "1435", "maxspeed": "90", "name": "Kongsvingerbanen", "operator": "Bane NOR", "passenger_lines": "1", "railway": "rail", "usage": "main", "voltage": "15000", "length_km": 0.543, "maxspeed_kmh": 90.0}}, {"type": "Feature", "geometry": {"type": "LineString", "coordinates": [[11.0507655, 59.9541734], [11.0506416, 59.9541694], [11.0505209, 59.954165], [11.0504044, 59.9541603]]}, "properties": {"bridge": "yes", "electrified": "contact_line", "frequency": "16.67", "gauge": "1435", "maxspeed": "80", "name": "Kongsvingerbanen", "operator": "Bane NOR", "passenger_lines": "2", "railway": "rail", "usage": "main", "voltage": "15000", "length_km": 0.02, "maxspeed_kmh": 80.0}}, {"type": "Feature", "geometry": {"type": "LineString", "coordinates": [[11.3107486, 60.0155141], [11.3109786, 60.0158953], [11.3110615, 60.0160277], [11.3111417, 60.0161606], [11.311222, 60.0162933], [11.3112997, 60.0164266], [11.3113832, 60.0165612], [11.3114687, 60.0166957], [11.3115554, 60.01683], [11.3116431, 60.0169648], [11.3117317, 60.0170897], [11.3118223, 60.0172142], [11.311916, 60.0173395], [11.312011, 60.0174649], [11.3121128, 60.0175925], [11.3122184, 60.0177201], [11.3123263, 60.0178474], [11.312438, 60.0179748], [11.3125534, 60.018099], [11.3126697, 60.0182231], [11.3127887, 60.0183471], [11.3129105, 60.0184711], [11.313031, 60.018591], [11.3131535, 60.018711], [11.3132755, 60.0188309], [11.3133986, 60.0189508], [11.3135207, 60.0190707], [11.3136446, 60.0191907], [11.313769, 60.0193104], [11.3138943, 60.0194301], [11.31402, 60.0195496], [11.3141456, 60.0196691], [11.3142722, 60.0197881], [11.3144, 60.0199072], [11.3145269, 60.0200268], [11.3146544, 60.020146], [11.3147836, 60.0202654], [11.3149149, 60.0203844], [11.3150404, 60.0204949], [11.315167, 60.0206049], [11.3152963, 60.0207141], [11.3154276, 60.0208244], [11.3155621, 60.0209336], [11.3156981, 60.0210429], [11.3158357, 60.0211512], [11.315974, 60.0212596], [11.3164476, 60.021621], [11.3165581, 60.0217064], [11.3166685, 60.0217935], [11.3167781, 60.0218805], [11.3168844, 60.0219684], [11.317009, 60.0220692], [11.3171287, 60.0221716], [11.3172484, 60.0222751], [11.3173658, 60.0223785], [11.3174879, 60.0224913], [11.3176079, 60.0226041], [11.317728, 60.0227179], [11.3178441, 60.0228317], [11.3182353, 60.023211], [11.3182851, 60.0232593]]}, "properties": {"electrified": "contact_line", "frequency": "16.67", "gauge": "1435", "maxspeed": "110", "name": "Kongsvingerbanen", "operator": "Bane NOR", "passenger_lines": "1", "railway": "rail", "usage": "main", "voltage": "15000", "length_km": 0.964, "maxspeed_kmh": 110.0}}, {"type": "Feature", "geometry": {"type": "LineString", "coordinates": [[11.1648766, 59.9278524], [11.1650082, 59.9278884], [11.1651528, 59.9279244], [11.1653115, 59.9279614], [11.1654764, 59.9279975], [11.1656165, 59.9280244], [11.1657639, 59.9280499], [11.1659122, 59.9280726], [11.1660635, 59.9280933], [11.1661867, 59.9281085], [11.1663128, 59.9281216], [11.1664384, 59.9281338], [11.1665651, 59.9281449], [11.1666914, 59.9281545], [11.1668219, 59.9281633]]}, "properties": {"electrified": "contact_line", "frequency": "16.67", "gauge": "1435", "maxspeed": "80", "name": "Kongsvingerbanen", "operator": "Bane NOR", "passenger_lines": "1", "railway": "rail", "usage": "main", "voltage": "15000", "length_km": 0.115, "maxspeed_kmh": 80.0}}, {"type": "Feature", "geometry": {"type": "LineString", "coordinates": [[11.1668219, 59.9281633], [11.1744415, 59.9286381]]}, "properties": {"bridge": "yes", "electrified": "contact_line", "frequency": "16.67", "gauge": "1435", "maxspeed": "80", "name": "Kongsvingerbanen", "operator": "Bane NOR", "passenger_lines": "1", "railway": "rail", "usage": "main", "voltage": "15000", "length_km": 0.429, "maxspeed_kmh": 80.0}}, {"type": "Feature", "geometry": {"type": "LineString", "coordinates": [[12.0231341, 60.1882079], [12.0236495, 60.1882225], [12.0241277, 60.1882322], [12.0246929, 60.1882366], [12.0249504, 60.188238], [12.0252154, 60.1882376], [12.0254814, 60.188236], [12.0257492, 60.1882333], [12.0260098, 60.1882297], [12.0262722, 60.1882243], [12.0266365, 60.1882157], [12.0270008, 60.1882052], [12.0272146, 60.188198], [12.0274308, 60.1881896], [12.0276446, 60.1881818], [12.0278597, 60.1881728], [12.0280893, 60.1881624], [12.0283206, 60.1881516], [12.0285515, 60.1881403], [12.0287824, 60.1881281], [12.0290285, 60.1881149], [12.0292736, 60.1881006]]}, "properties": {"electrified": "contact_line", "frequency": "16.67", "gauge": "1435", "name": "Kongsvingerbanen", "operator": "Bane NOR", "passenger_lines": "1", "railway": "rail", "usage": "main", "voltage": "15000", "length_km": 0.341}}, {"type": "Feature", "geometry": {"type": "LineString", "coordinates": [[11.2374922, 59.9850821], [11.2377162, 59.9851547], [11.2379427, 59.9852248]]}, "properties": {"bridge": "yes", "electrified": "contact_line", "frequency": "16.67", "gauge": "1435", "name": "Kongsvingerbanen", "operator": "Bane NOR", "passenger_lines": "1", "railway": "rail", "usage": "main", "voltage": "15000", "length_km": 0.03}}, {"type": "Feature", "geometry": {"type": "LineString", "coordinates": [[11.2052222, 59.9692674], [11.2052987, 59.9693083], [11.2054495, 59.9693899], [11.2056335, 59.969492], [11.2058163, 59.9695954], [11.2059916, 59.9696974], [11.206167, 59.9698009], [11.2063398, 59.9699041], [11.2065111, 59.9700081], [11.2066856, 59.9701172], [11.206859, 59.9702269], [11.20703, 59.9703373], [11.2072, 59.9704482], [11.2073295, 59.9705348], [11.2074581, 59.9706218], [11.2075857, 59.970709], [11.2077104, 59.9707969], [11.2078436, 59.9708922], [11.2079746, 59.9709882], [11.2081039, 59.9710844], [11.2082309, 59.9711812], [11.2083758, 59.9712941], [11.2085187, 59.9714081], [11.2086605, 59.9715228], [11.2087984, 59.971638], [11.2089387, 59.9717583], [11.2090765, 59.9718795], [11.2091901, 59.9719809], [11.2093472, 59.9721246], [11.2094792, 59.9722477], [11.2096114, 59.9723714], [11.2097424, 59.9724951], [11.2098734, 59.9726188], [11.2129639, 59.9755444], [11.2130883, 59.9756579], [11.2132148, 59.9757715], [11.2133424, 59.9758867], [11.21347, 59.9759987], [11.2135931, 59.9761015], [11.2137204, 59.9762044], [11.2138504, 59.9763069], [11.2139857, 59.9764068], [11.214115, 59.9765018], [11.2142506, 59.9765968], [11.2143883, 59.9766913], [11.2145303, 59.9767857], [11.214674, 59.9768791], [11.214823, 59.976972], [11.2149739, 59.977064], [11.2151287, 59.9771539], [11.215294, 59.9772498], [11.215464, 59.9773445], [11.2156383, 59.9774396], [11.2158144, 59.9775334], [11.215991, 59.9776238], [11.2161719, 59.9777134], [11.2163557, 59.9778024], [11.2165424, 59.9778913], [11.2167293, 59.9779765], [11.2169205, 59.9780603], [11.2171132, 59.9781448], [11.2173096, 59.9782274], [11.2175045, 59.9783065], [11.217705, 59.978386], [11.2179048, 59.9784633], [11.218111, 59.9785406], [11.2183156, 59.9786144], [11.2185237, 59.9786877], [11.218734, 59.9787598], [11.2189461, 59.9788309], [11.2191313, 59.9788901], [11.2193186, 59.9789488], [11.2195071, 59.9790062], [11.2196965, 59.979063], [11.2199259, 59.9791287], [11.2201574, 59.979193], [11.2203902, 59.9792568], [11.2206245, 59.9793195], [11.2208686, 59.9793843], [11.221114, 59.979449], [11.2213597, 59.9795133], [11.2216054, 59.9795776], [11.230176, 59.9818254], [11.2303669, 59.9818768], [11.2305566, 59.9819292], [11.2307455, 59.9819818], [11.2309317, 59.9820358], [11.2311213, 59.9820937], [11.231309, 59.9821527], [11.2314965, 59.9822131], [11.2316796, 59.9822751], [11.2318712, 59.9823433], [11.232061, 59.9824133], [11.2321978, 59.9824669]]}, "properties": {"electrified": "contact_line", "frequency": "16.67", "gauge": "1435", "maxspeed": "130", "name": "Kongsvingerbanen", "operator": "Bane NOR", "passenger_lines": "1", "railway": "rail", "usage": "main", "voltage": "15000", "length_km": 2.171, "maxspeed_kmh": 130.0}}, {"type": "Feature", "geometry": {"type": "LineString", "coordinates": [[11.0632852, 59.9522716], [11.0619767, 59.9525819], [11.0609635, 59.9528232], [11.0592774, 59.9532229]]}, "properties": {"electrified": "contact_line", "frequency": "16.67", "gauge": "1435", "maxspeed": "120", "name": "Kongsvingerbanen", "operator": "Bane NOR", "passenger_lines": "2", "railway": "rail", "usage": "main", "voltage": "15000", "length_km": 0.248, "maxspeed_kmh": 120.0}}, {"type": "Feature", "geometry": {"type": "LineString", "coordinates": [[11.0534652, 59.9541447], [11.0535881, 59.9541377], [11.0537899, 59.9541254], [11.0539996, 59.9541105], [11.0542094, 59.9540934], [11.0545057, 59.9540651], [11.0547975, 59.9540351], [11.0550788, 59.9540024], [11.0553375, 59.953969], [11.0556285, 59.9539278], [11.0558904, 59.9538898], [11.0561682, 59.9538457], [11.0564444, 59.9537988], [11.0566796, 59.9537564], [11.0569366, 59.9537076], [11.0572441, 59.9536456], [11.0575017, 59.9535904], [11.0577722, 59.9535302], [11.0580356, 59.9534699], [11.0582978, 59.9534085], [11.0592393, 59.9531858], [11.0609263, 59.952786], [11.0619372, 59.9525421], [11.0632422, 59.9522255]]}, "properties": {"electrified": "contact_line", "frequency": "16.67", "gauge": "1435", "maxspeed": "100", "name": "Kongsvingerbanen", "operator": "Bane NOR", "passenger_lines": "2", "railway": "rail", "usage": "main", "voltage": "15000", "length_km": 0.59, "maxspeed_kmh": 100.0}}, {"type": "Feature", "geometry": {"type": "LineString", "coordinates": [[11.0504085, 59.954115], [11.0505256, 59.9541219], [11.0506488, 59.954128], [11.0507686, 59.9541327]]}, "properties": {"bridge": "yes", "electrified": "contact_line", "frequency": "16.67", "gauge": "1435", "maxspeed": "40", "name": "Kongsvingerbanen", "operator": "Bane NOR", "passenger_lines": "2", "railway": "rail", "usage": "main", "voltage": "15000", "length_km": 0.02, "maxspeed_kmh": 40.0}}, {"type": "Feature", "geometry": {"type": "LineString", "coordinates": [[11.0635909, 59.9521991], [11.0632852, 59.9522716]]}, "properties": {"bridge": "yes", "electrified": "contact_line", "frequency": "16.67", "gauge": "1435", "maxspeed": "120", "name": "Kongsvingerbanen", "operator": "Bane NOR", "passenger_lines": "2", "railway": "rail", "usage": "main", "voltage": "15000", "length_km": 0.019, "maxspeed_kmh": 120.0}}, {"type": "Feature", "geometry": {"type": "LineString", "coordinates": [[11.1763431, 59.9288027], [11.1765383, 59.9288352]]}, "properties": {"bridge": "yes", "electrified": "contact_line", "frequency": "16.67", "gauge": "1435", "maxspeed": "80", "name": "Kongsvingerbanen", "operator": "Bane NOR", "passenger_lines": "1", "railway": "rail", "usage": "main", "voltage": "15000", "length_km": 0.012, "maxspeed_kmh": 80.0}}, {"type": "Feature", "geometry": {"type": "LineString", "coordinates": [[11.1781657, 59.9293002], [11.17829, 59.9293547], [11.1784108, 59.9294104], [11.1785273, 59.9294676], [11.1786399, 59.9295256], [11.17875, 59.9295868], [11.178856, 59.9296487], [11.1789601, 59.9297136], [11.17906, 59.9297796], [11.1791578, 59.9298477], [11.1792488, 59.9299167], [11.1793351, 59.9299858], [11.1794183, 59.9300559], [11.1794964, 59.930128], [11.1795705, 59.9302002], [11.1796453, 59.9302801], [11.1797147, 59.9303609], [11.1797822, 59.9304421], [11.1798434, 59.9305242], [11.1799139, 59.930626], [11.1799793, 59.9307279], [11.1800414, 59.930831], [11.1800984, 59.9309341]]}, "properties": {"electrified": "contact_line", "frequency": "16.67", "gauge": "1435", "maxspeed": "80", "name": "Kongsvingerbanen", "operator": "Bane NOR", "passenger_lines": "1", "railway": "rail", "usage": "main", "voltage": "15000", "length_km": 0.215, "maxspeed_kmh": 80.0}}, {"type": "Feature", "geometry": {"type": "LineString", "coordinates": [[11.1643709, 59.9276951], [11.1644969, 59.927737], [11.1646026, 59.9277705]]}, "properties": {"electrified": "contact_line", "frequency": "16.67", "gauge": "1435", "maxspeed": "80", "name": "Kongsvingerbanen", "operator": "Bane NOR", "passenger_lines": "1", "railway": "rail", "usage": "main", "voltage": "15000", "length_km": 0.015, "maxspeed_kmh": 80.0}}, {"type": "Feature", "geometry": {"type": "LineString", "coordinates": [[11.0740471, 59.9497154], [11.0897996, 59.9459742]]}, "properties": {"electrified": "contact_line", "frequency": "16.67", "gauge": "1435", "maxspeed": "130", "name": "Kongsvingerbanen", "operator": "Bane NOR", "passenger_lines": "1", "railway": "rail", "usage": "main", "voltage": "15000", "length_km": 0.974, "maxspeed_kmh": 130.0}}, {"type": "Feature", "geometry": {"type": "LineString", "coordinates": [[11.1806415, 59.9320445], [11.1807159, 59.9322038]]}, "properties": {"bridge": "yes", "electrified": "contact_line", "frequency": "16.67", "gauge": "1435", "maxspeed": "130", "name": "Kongsvingerbanen", "operator": "Bane NOR", "passenger_lines": "1", "railway": "rail", "usage": "main", "voltage": "15000", "length_km": 0.018, "maxspeed_kmh": 130.0}}, {"type": "Feature", "geometry": {"type": "LineString", "coordinates": [[11.1744415, 59.9286381], [11.1746998, 59.9286536], [11.1748988, 59.928666], [11.1750979, 59.928679], [11.1752992, 59.9286925], [11.1754971, 59.9287078], [11.1756791, 59.9287229], [11.1758612, 59.9287408], [11.1760438, 59.9287613], [11.1762264, 59.9287852], [11.1763431, 59.9288027]]}, "properties": {"electrified": "contact_line", "frequency": "16.67", "gauge": "1435", "maxspeed": "80", "name": "Kongsvingerbanen", "operator": "Bane NOR", "passenger_lines": "1", "railway": "rail", "usage": "main", "voltage": "15000", "length_km": 0.108, "maxspeed_kmh": 80.0}}, {"type": "Feature", "geometry": {"type": "LineString", "coordinates": [[11.1646026, 59.9277705], [11.1648766, 59.9278524]]}, "properties": {"bridge": "yes", "electrified": "contact_line", "frequency": "16.67", "gauge": "1435", "maxspeed": "80", "name": "Kongsvingerbanen", "operator": "Bane NOR", "passenger_lines": "1", "railway": "rail", "usage": "main", "voltage": "15000", "length_km": 0.018, "maxspeed_kmh": 80.0}}, {"type": "Feature", "geometry": {"type": "LineString", "coordinates": [[11.0897996, 59.9459742], [11.0907731, 59.9457437]]}, "properties": {"bridge": "yes", "electrified": "contact_line", "frequency": "16.67", "gauge": "1435", "maxspeed": "130", "name": "Kongsvingerbanen", "operator": "Bane NOR", "passenger_lines": "1", "railway": "rail", "usage": "main", "voltage": "15000", "length_km": 0.06, "maxspeed_kmh": 130.0}}, {"type": "Feature", "geometry": {"type": "LineString", "coordinates": [[12.1201583, 60.0840204], [12.1224119, 60.0820199], [12.1225393, 60.0819057], [12.1226693, 60.0817915], [12.1228013, 60.081678], [12.1229351, 60.0815651], [12.1230735, 60.0814507], [12.1232138, 60.081336], [12.1233577, 60.0812221], [12.1235045, 60.0811082], [12.1236516, 60.0809962], [12.1238006, 60.0808842], [12.1239501, 60.0807732], [12.1241025, 60.0806621], [12.1242568, 60.0805537], [12.1244111, 60.0804453], [12.1245702, 60.0803372], [12.1247293, 60.0802292], [12.125385, 60.0797972], [12.125548, 60.07969], [12.125711, 60.0795824], [12.1258708, 60.0794751], [12.1260299, 60.0793677], [12.1261876, 60.0792576], [12.1263432, 60.0791476], [12.1264957, 60.0790365], [12.126646, 60.0789254], [12.1267958, 60.0788132], [12.1269422, 60.0787006], [12.1270864, 60.078587], [12.1272267, 60.0784729], [12.1273696, 60.0783569], [12.1275074, 60.0782409], [12.1276447, 60.0781243], [12.1277769, 60.0780076], [12.1279066, 60.0778905], [12.1280346, 60.0777725], [12.1281608, 60.077654], [12.1282836, 60.0775356], [12.1284061, 60.0774142], [12.1285276, 60.0772929], [12.128649, 60.0771715], [12.12877, 60.0770491], [12.1316161, 60.0741512], [12.1316979, 60.074066], [12.131776, 60.0739808]]}, "properties": {"electrified": "contact_line", "frequency": "16.67", "gauge": "1435", "maxspeed": "130", "name": "Kongsvingerbanen", "operator": "Bane NOR", "passenger_lines": "1", "railway": "rail", "usage": "main", "voltage": "15000", "length_km": 1.295, "maxspeed_kmh": 130.0}}, {"type": "Feature", "geometry": {"type": "LineString", "coordinates": [[12.1200017, 60.0184984], [12.1199686, 60.0184064]]}, "properties": {"bridge": "yes", "electrified": "contact_line", "frequency": "16.67", "gauge": "1435", "maxspeed": "130", "name": "Kongsvingerbanen", "operator": "Bane NOR", "passenger_lines": "1", "railway": "rail", "usage": "main", "voltage": "15000", "length_km": 0.01, "maxspeed_kmh": 130.0}}, {"type": "Feature", "geometry": {"type": "LineString", "coordinates": [[12.123101, 59.9823133], [12.1230492, 59.9823349], [12.1229983, 59.9823567], [12.1228995, 59.9823997], [12.1227787, 59.9824555], [12.1225596, 59.9825669], [12.122413, 59.9826371], [12.1222404, 59.982712], [12.1221709, 59.9827379], [12.1220396, 59.9827897], [12.1219266, 59.9828356], [12.120678, 59.9833326], [12.1203417, 59.9834672], [12.120101, 59.9835622], [12.1199203, 59.9836349], [12.1197107, 59.9837198], [12.1195032, 59.9838048], [12.1193401, 59.9838722], [12.1191769, 59.9839408], [12.1190214, 59.9840111], [12.1188684, 59.9840815], [12.1187203, 59.9841536], [12.1185705, 59.984227], [12.1184234, 59.9843015], [12.118278, 59.9843764], [12.1181346, 59.9844534], [12.1179912, 59.9845304], [12.1178544, 59.9846071], [12.1177121, 59.9846882], [12.1175684, 59.9847738], [12.1174272, 59.98486], [12.1172864, 59.9849469], [12.1171494, 59.9850344], [12.1170117, 59.985123], [12.116878, 59.9852116], [12.1167334, 59.9853094], [12.1165955, 59.9854072], [12.1164816, 59.9854897], [12.1163693, 59.9855727], [12.1162647, 59.9856527], [12.1161533, 59.9857413], [12.1160703, 59.985809], [12.1159812, 59.9858757], [12.1158931, 59.9859414], [12.1157997, 59.9860071], [12.1157071, 59.9860685], [12.1156156, 59.9861314], [12.1155279, 59.9861956], [12.1154452, 59.9862607], [12.1153902, 59.9863084], [12.1153366, 59.9863564]]}, "properties": {"electrified": "contact_line", "frequency": "16.67", "gauge": "1435", "maxspeed": "40", "name": "Kongsvingerbanen", "operator": "Bane NOR", "passenger_lines": "2", "railway": "rail", "service": "siding", "voltage": "15000", "length_km": 0.63, "maxspeed_kmh": 40.0}}, {"type": "Feature", "geometry": {"type": "LineString", "coordinates": [[12.1174241, 59.9951879], [12.1174128, 59.9950476], [12.1174045, 59.9949526], [12.117391, 59.9948593], [12.1173766, 59.9947651], [12.1173587, 59.9946709], [12.117339, 59.9945775], [12.1173141, 59.9944841], [12.1172883, 59.994392], [12.1172573, 59.9942999], [12.1172229, 59.9942059], [12.1171832, 59.9941119], [12.1171426, 59.9940196], [12.1170986, 59.9939256], [12.1170526, 59.9938367], [12.1170014, 59.9937477], [12.1169484, 59.9936601], [12.116892, 59.9935707], [12.116831, 59.9934819], [12.1167666, 59.9933932], [12.1166996, 59.9933049], [12.1166291, 59.9932174], [12.1165554, 59.9931313], [12.1164791, 59.9930451], [12.1164023, 59.9929599], [12.1163203, 59.9928746], [12.1162203, 59.9927744], [12.1161167, 59.9926742], [12.1160132, 59.9925745], [12.1159079, 59.9924756], [12.1154109, 59.9920211], [12.1153127, 59.9919288], [12.1152163, 59.9918364], [12.1151207, 59.9917441], [12.1150269, 59.9916518], [12.1149354, 59.9915579], [12.1148457, 59.9914631], [12.1147585, 59.9913683], [12.1146749, 59.9912735], [12.1145976, 59.9911842], [12.1145239, 59.9910949], [12.1144536, 59.9910052], [12.1143868, 59.9909154], [12.1143113, 59.9908136], [12.1142411, 59.9907117], [12.1141743, 59.9906099], [12.1141076, 59.9905071], [12.1140467, 59.9904123], [12.1139893, 59.9903148], [12.1139362, 59.9902182], [12.1138868, 59.9901207], [12.1138472, 59.9900318], [12.1138118, 59.9899446], [12.1137823, 59.9898557], [12.1137548, 59.9897681], [12.1137308, 59.9896803], [12.1137107, 59.989593], [12.1136952, 59.9895044], [12.1136849, 59.9894165], [12.1136772, 59.989323], [12.1136691, 59.9892335], [12.1136685, 59.9891424], [12.1136715, 59.9890534], [12.1136761, 59.9889619], [12.1136888, 59.9888714], [12.1137046, 59.9887809], [12.1137244, 59.9886905], [12.1137452, 59.9886061], [12.1137721, 59.9885228], [12.113799, 59.9884385], [12.1138321, 59.9883542], [12.1138697, 59.9882662], [12.1139114, 59.9881793], [12.1139531, 59.9880918], [12.1139958, 59.9880054], [12.1140469, 59.9879123], [12.114103, 59.9878192], [12.1141602, 59.987726], [12.1142235, 59.9876349], [12.1142825, 59.9875467], [12.1143469, 59.9874578], [12.1144125, 59.9873693], [12.1144824, 59.9872813], [12.1145522, 59.9871935], [12.1146238, 59.9871067], [12.1146971, 59.9870195], [12.1147723, 59.9869331], [12.1148476, 59.9868462], [12.1149283, 59.9867602], [12.1150089, 59.9866746], [12.1150932, 59.98659], [12.1152122, 59.9864732], [12.1153366, 59.9863564]]}, "properties": {"electrified": "contact_line", "frequency": "16.67", "gauge": "1435", "maxspeed": "110", "name": "Kongsvingerbanen", "operator": "Bane NOR", "passenger_lines": "1", "railway": "rail", "usage": "main", "voltage": "15000", "length_km": 1.041, "maxspeed_kmh": 110.0}}, {"type": "Feature", "geometry": {"type": "LineString", "coordinates": [[11.0907731, 59.9457437], [11.102268, 59.9430116], [11.1031099, 59.9428116], [11.1033065, 59.9427652], [11.1084933, 59.9415328], [11.1087376, 59.9414748], [11.1089819, 59.9414168], [11.1092263, 59.9413584], [11.1094688, 59.9413], [11.1097128, 59.9412405], [11.1099585, 59.9411792], [11.110205, 59.9411175], [11.1104481, 59.941055], [11.1107027, 59.9409882], [11.1109574, 59.9409195], [11.111208, 59.9408511], [11.1114586, 59.9407806], [11.1116747, 59.9407187], [11.1118881, 59.9406562], [11.1121009, 59.9405934], [11.1123113, 59.9405305], [11.1125371, 59.9404603], [11.1127676, 59.9403878], [11.1129935, 59.9403156], [11.1132179, 59.9402427], [11.113442, 59.9401672], [11.1136661, 59.9400916], [11.1138868, 59.9400157], [11.1141058, 59.9399389], [11.1143304, 59.9398572], [11.1145533, 59.9397755], [11.1147779, 59.9396929], [11.1149991, 59.9396095], [11.1152188, 59.9395243], [11.1154386, 59.9394383], [11.1156559, 59.9393519], [11.1158696, 59.9392654], [11.1160847, 59.9391768], [11.1162951, 59.9390874], [11.1165071, 59.9389976], [11.116713, 59.9389078], [11.1169235, 59.9388139], [11.1171328, 59.93872], [11.1172433, 59.938668], [11.1173845, 59.9386023], [11.1175305, 59.9385331], [11.1177035, 59.9384497], [11.117873, 59.9383663], [11.1180419, 59.938282], [11.1182085, 59.938197], [11.1184027, 59.938096], [11.1185933, 59.9379955], [11.1187805, 59.9378942], [11.1189652, 59.9377924], [11.1191474, 59.9376879], [11.1193285, 59.9375832], [11.1195094, 59.9374769], [11.119685, 59.9373702], [11.1198641, 59.9372587], [11.1200376, 59.9371501], [11.1202077, 59.9370411], [11.1203746, 59.9369311], [11.1205424, 59.936819], [11.1207048, 59.936706], [11.1208666, 59.9365926], [11.1210221, 59.9364786], [11.1212861, 59.9362786], [11.1215473, 59.9360778], [11.1227724, 59.9351419], [11.1230917, 59.9348964], [11.1234066, 59.9346497]]}, "properties": {"electrified": "contact_line", "frequency": "16.67", "gauge": "1435", "maxspeed": "130", "name": "Kongsvingerbanen", "operator": "Bane NOR", "passenger_lines": "1", "railway": "rail", "usage": "main", "voltage": "15000", "length_km": 2.25, "maxspeed_kmh": 130.0}}, {"type": "Feature", "geometry": {"type": "LineString", "coordinates": [[11.1234066, 59.9346497], [11.1235167, 59.9345645]]}, "properties": {"bridge": "yes", "electrified": "contact_line", "frequency": "16.67", "gauge": "1435", "maxspeed": "130", "name": "Kongsvingerbanen", "operator": "Bane NOR", "passenger_lines": "1", "railway": "rail", "usage": "main", "voltage": "15000", "length_km": 0.011, "maxspeed_kmh": 130.0}}, {"type": "Feature", "geometry": {"type": "LineString", "coordinates": [[11.2515228, 59.9846032], [11.2516224, 59.9845821]]}, "properties": {"electrified": "contact_line", "frequency": "16.67", "gauge": "1435", "name": "Kongsvingerbanen", "operator": "Bane NOR", "passenger_lines": "1", "railway": "rail", "usage": "main", "voltage": "15000", "length_km": 0.006}}, {"type": "Feature", "geometry": {"type": "LineString", "coordinates": [[11.2519942, 59.9845079], [11.2521577, 59.9844772]]}, "properties": {"bridge": "yes", "electrified": "contact_line", "frequency": "16.67", "gauge": "1435", "name": "Kongsvingerbanen", "operator": "Bane NOR", "passenger_lines": "1", "railway": "rail", "usage": "main", "voltage": "15000", "length_km": 0.01}}, {"type": "Feature", "geometry": {"type": "LineString", "coordinates": [[11.2379427, 59.9852248], [11.238036, 59.9852529], [11.2381313, 59.9852801], [11.2382356, 59.9853096]]}, "properties": {"bridge": "yes", "electrified": "contact_line", "frequency": "16.67", "gauge": "1435", "name": "Kongsvingerbanen", "operator": "Bane NOR", "passenger_lines": "1", "railway": "rail", "usage": "main", "voltage": "15000", "length_km": 0.019}}, {"type": "Feature", "geometry": {"type": "LineString", "coordinates": [[11.1442798, 59.9219863], [11.1444744, 59.9219474], [11.1446765, 59.9219094], [11.1448777, 59.9218738], [11.1450827, 59.9218401], [11.1452859, 59.9218091], [11.1454929, 59.9217799], [11.1456989, 59.9217521], [11.1459087, 59.9217262], [11.1461136, 59.9217033], [11.1463242, 59.9216822], [11.1465348, 59.921663], [11.1467473, 59.9216457], [11.1469567, 59.9216301], [11.147168, 59.9216174], [11.1473793, 59.9216056], [11.1475943, 59.9215957], [11.1477968, 59.9215896], [11.1480025, 59.9215852], [11.1482075, 59.921582], [11.1484111, 59.921581], [11.1486243, 59.9215818], [11.1488378, 59.9215844], [11.1490538, 59.9215899], [11.1492698, 59.9215972], [11.1494578, 59.9216053], [11.1496458, 59.9216151], [11.1498339, 59.9216261], [11.1500219, 59.9216388], [11.1502063, 59.9216526], [11.1503908, 59.9216688], [11.1505753, 59.9216859], [11.1507597, 59.9217046], [11.1509262, 59.9217231], [11.1510959, 59.9217424], [11.1512623, 59.9217635], [11.1514321, 59.921787], [11.1517285, 59.9218309], [11.1520266, 59.921879], [11.1522827, 59.9219243], [11.1525372, 59.921972], [11.1527881, 59.9220225], [11.1530374, 59.9220772], [11.1532823, 59.9221327], [11.1535254, 59.9221923], [11.1536849, 59.9222324], [11.1538445, 59.9222749], [11.1540006, 59.922317], [11.1541551, 59.9223616], [11.154333, 59.9224135], [11.1545083, 59.9224673], [11.1546849, 59.9225228], [11.1548589, 59.9225789], [11.1550574, 59.922646], [11.1552536, 59.9227149], [11.155451, 59.9227852], [11.1556438, 59.9228572], [11.1558404, 59.9229322], [11.1560333, 59.9230091], [11.1562263, 59.9230865], [11.1564135, 59.9231667], [11.156599, 59.9232477], [11.1567827, 59.92333], [11.1569657, 59.9234142], [11.1571436, 59.9235009], [11.1572992, 59.9235764], [11.1574499, 59.9236536], [11.1575988, 59.9237329], [11.1577427, 59.9238148], [11.1578859, 59.9238983], [11.1580273, 59.9239835], [11.1581638, 59.9240701], [11.1583003, 59.9241597], [11.1584192, 59.9242425], [11.1585359, 59.9243252]]}, "properties": {"electrified": "contact_line", "frequency": "16.67", "gauge": "1435", "maxspeed": "115", "name": "Kongsvingerbanen", "operator": "Bane NOR", "passenger_lines": "1", "railway": "rail", "usage": "main", "voltage": "15000", "length_km": 0.905, "maxspeed_kmh": 115.0}}, {"type": "Feature", "geometry": {"type": "LineString", "coordinates": [[11.2521577, 59.9844772], [11.2522926, 59.9844522], [11.2524627, 59.9844223], [11.2526359, 59.984393], [11.2528091, 59.9843654], [11.2529838, 59.9843385], [11.253119, 59.9843188], [11.2532558, 59.9842999], [11.253394, 59.984281], [11.2535354, 59.9842628], [11.2537236, 59.9842406], [11.2539134, 59.9842192], [11.2541047, 59.9841997], [11.2542976, 59.9841818], [11.2544836, 59.984166], [11.2546696, 59.9841517], [11.2548548, 59.9841394], [11.2550431, 59.9841286], [11.2552011, 59.984121], [11.2553605, 59.984114], [11.2555192, 59.9841087], [11.2556795, 59.9841033], [11.255818, 59.9841003], [11.2559566, 59.9840981], [11.2560967, 59.9840971], [11.2562368, 59.9840968], [11.2564261, 59.9840978], [11.256617, 59.9840996], [11.256804, 59.9841033], [11.256991, 59.9841086], [11.2571785, 59.9841165], [11.257366, 59.9841252], [11.2575542, 59.9841358], [11.2577409, 59.9841472], [11.2579139, 59.98416], [11.2580915, 59.9841743], [11.2582669, 59.9841894], [11.2584422, 59.984206], [11.2586292, 59.9842261], [11.2588178, 59.9842478], [11.2590056, 59.9842707], [11.2591934, 59.984295], [11.2594113, 59.9843265], [11.2596276, 59.9843586], [11.2598447, 59.9843943], [11.2600603, 59.9844315], [11.2602233, 59.9844616], [11.2603863, 59.9844932], [11.2605492, 59.9845252], [11.2607092, 59.984558]]}, "properties": {"electrified": "contact_line", "frequency": "16.67", "gauge": "1435", "name": "Kongsvingerbanen", "operator": "Bane NOR", "passenger_lines": "1", "railway": "rail", "usage": "main", "voltage": "15000", "length_km": 0.49}}, {"type": "Feature", "geometry": {"type": "LineString", "coordinates": [[11.2820245, 59.9961184], [11.2827788, 59.9964644], [11.2834883, 59.9967909]]}, "properties": {"bridge": "yes", "electrified": "contact_line", "frequency": "16.67", "gauge": "1435", "maxspeed": "105", "name": "Kongsvingerbanen", "operator": "Bane NOR", "passenger_lines": "1", "railway": "rail", "usage": "main", "voltage": "15000", "length_km": 0.111, "maxspeed_kmh": 105.0}}, {"type": "Feature", "geometry": {"type": "LineString", "coordinates": [[11.1593538, 59.9249416], [11.1594021, 59.9249807], [11.159449, 59.9250207], [11.1594899, 59.9250568], [11.1595286, 59.9250935], [11.1595973, 59.9251592], [11.1596646, 59.9252258], [11.1597318, 59.9252926], [11.1598, 59.9253585], [11.1598846, 59.9254381], [11.1599733, 59.9255176], [11.1600669, 59.9255954], [11.1601646, 59.9256718], [11.1602879, 59.9257619], [11.1604137, 59.9258513], [11.1605413, 59.9259407], [11.1606725, 59.9260302], [11.1607875, 59.9261054], [11.1609039, 59.9261807], [11.1610216, 59.9262549], [11.1610638, 59.9262809]]}, "properties": {"electrified": "no", "gauge": "1435", "maxspeed": "40", "name": "Kongsvingerbanen", "operator": "Bane NOR", "railway": "rail", "service": "spur", "usage": "main", "length_km": 0.178, "maxspeed_kmh": 40.0}}, {"type": "Feature", "geometry": {"type": "LineString", "coordinates": [[11.1643709, 59.9276951], [11.1642639, 59.9276577], [11.1641593, 59.9276197], [11.1640552, 59.9275787], [11.1639543, 59.9275368], [11.1637932, 59.9274628], [11.163632, 59.9273899], [11.1635065, 59.9273329], [11.1634719, 59.9273172], [11.1633528, 59.9272644], [11.1631927, 59.9271928], [11.1630293, 59.9271193], [11.1627768, 59.9270052], [11.1625899, 59.9269209], [11.1623714, 59.9268194], [11.1621366, 59.9267089], [11.161944, 59.9266137], [11.1617513, 59.9265132], [11.1615246, 59.9263881], [11.1613483, 59.9262856], [11.1611295, 59.9261511], [11.1609155, 59.9260115], [11.1606965, 59.9258667], [11.1605183, 59.9257408], [11.1603413, 59.9256109], [11.1601429, 59.9254622], [11.1599445, 59.9253109], [11.1598644, 59.9252507], [11.1597851, 59.9251909], [11.1597171, 59.9251411], [11.1597034, 59.9251311], [11.1596208, 59.9250738], [11.1595538, 59.9250291], [11.1594759, 59.9249789], [11.1594004, 59.9249327], [11.1593249, 59.9248871], [11.1591778, 59.9247951], [11.1591002, 59.9247425], [11.1589882, 59.9246623]]}, "properties": {"electrified": "contact_line", "frequency": "16.67", "gauge": "1435", "maxspeed": "40", "name": "Kongsvingerbanen", "operator": "Bane NOR", "passenger_lines": "2", "railway": "rail", "service": "siding", "voltage": "15000", "length_km": 0.455, "maxspeed_kmh": 40.0}}, {"type": "Feature", "geometry": {"type": "LineString", "coordinates": [[11.1643709, 59.9276951], [11.1641218, 59.9276134], [11.1638745, 59.9275244], [11.1636557, 59.9274419], [11.1634497, 59.9273636], [11.1631733, 59.9272524], [11.1629277, 59.9271488], [11.1627048, 59.9270496], [11.1624698, 59.9269428], [11.1622334, 59.9268286], [11.1620084, 59.9267161], [11.1618611, 59.9266393], [11.1616846, 59.9265441], [11.16153, 59.9264582], [11.1613595, 59.9263591], [11.1611184, 59.926213], [11.1609039, 59.9260777], [11.1606522, 59.9259057], [11.1604081, 59.9257336], [11.1601684, 59.9255575], [11.1600077, 59.9254344], [11.1598735, 59.925335], [11.1596022, 59.9251296], [11.1595566, 59.9250951], [11.1593538, 59.9249416], [11.1592986, 59.9248987], [11.1589882, 59.9246623]]}, "properties": {"electrified": "contact_line", "frequency": "16.67", "gauge": "1435", "maxspeed": "80", "name": "Kongsvingerbanen", "operator": "Bane NOR", "passenger_lines": "2", "railway": "rail", "usage": "main", "voltage": "15000", "length_km": 0.457, "maxspeed_kmh": 80.0}}, {"type": "Feature", "geometry": {"type": "LineString", "coordinates": [[11.1995302, 59.9643872], [11.1993745, 59.9640544], [11.1991949, 59.9636668], [11.1991392, 59.9635459], [11.1990872, 59.963425], [11.1990361, 59.963304], [11.1989869, 59.9631831], [11.1988797, 59.9629077], [11.1987818, 59.9626371], [11.1985861, 59.9620854], [11.1983917, 59.9615351], [11.1981957, 59.9609878], [11.1981453, 59.9608491], [11.1980932, 59.9607111], [11.1980397, 59.9605746], [11.1979847, 59.9604381], [11.1979278, 59.9603011], [11.1978647, 59.9601663], [11.1978016, 59.9600316], [11.1977338, 59.9598977], [11.1976609, 59.9597633], [11.1975879, 59.9596317], [11.1975108, 59.9594984], [11.197431, 59.9593665], [11.1973407, 59.9592247], [11.1972705, 59.9591178], [11.1971854, 59.9589946], [11.1970981, 59.9588719], [11.1970129, 59.958755], [11.1969258, 59.9586381], [11.1968366, 59.9585227], [11.1967446, 59.9584096], [11.1966364, 59.9582806], [11.1965263, 59.9581525], [11.1964144, 59.9580259], [11.1962986, 59.9578993], [11.1961792, 59.9577727], [11.1960578, 59.9576471], [11.1959272, 59.9575178], [11.1958053, 59.9574002], [11.1956764, 59.9572791], [11.1955462, 59.9571587], [11.1954128, 59.9570424], [11.1952806, 59.9569278], [11.1951631, 59.9568275], [11.1950426, 59.9567286], [11.1949207, 59.9566301], [11.1947972, 59.9565323], [11.1946757, 59.9564375], [11.1945541, 59.9563434], [11.1944318, 59.9562491], [11.1943085, 59.9561549], [11.1935035, 59.9555403]]}, "properties": {"electrified": "contact_line", "frequency": "16.67", "gauge": "1435", "maxspeed": "130", "name": "Kongsvingerbanen", "operator": "Bane NOR", "passenger_lines": "1", "railway": "rail", "usage": "main", "voltage": "15000", "length_km": 1.053, "maxspeed_kmh": 130.0}}, {"type": "Feature", "geometry": {"type": "LineString", "coordinates": [[11.1807159, 59.9322038], [11.1811179, 59.9330328], [11.1821532, 59.9351769], [11.1822138, 59.9352966], [11.1822758, 59.9354163], [11.1823392, 59.9355356], [11.1824042, 59.9356542], [11.1824643, 59.9357632], [11.1825272, 59.9358718], [11.1825905, 59.9359806], [11.1826546, 59.9360894], [11.1827271, 59.9362108], [11.1827977, 59.9363321], [11.182869, 59.9364534], [11.1829402, 59.9365747], [11.1830132, 59.9366981], [11.1830851, 59.936822], [11.1831558, 59.9369462], [11.1832241, 59.9370704], [11.1832907, 59.9371934], [11.1833522, 59.9373158], [11.1834111, 59.9374396], [11.183467, 59.9375628], [11.1835175, 59.9376884], [11.1835653, 59.9378141], [11.1836085, 59.9379407], [11.1836478, 59.938068], [11.1836838, 59.9381923], [11.1837154, 59.9383165], [11.1837432, 59.9384411], [11.183768, 59.9385664], [11.1837879, 59.9386935], [11.1838067, 59.9388206], [11.1838254, 59.9389477], [11.1838419, 59.9390747], [11.1839114, 59.9396244], [11.1839274, 59.9397579], [11.1839457, 59.9398914], [11.1839646, 59.9400249], [11.1839858, 59.9401584], [11.1840107, 59.9402817], [11.1840379, 59.940405], [11.1840685, 59.9405283], [11.184105, 59.9406516], [11.184142, 59.9407716], [11.1841836, 59.9408916], [11.1842299, 59.9410118], [11.1842796, 59.9411315], [11.1843313, 59.94125], [11.1843871, 59.9413685], [11.1844476, 59.941486], [11.1845108, 59.9416036], [11.1845854, 59.9417389], [11.1846626, 59.9418742], [11.1847405, 59.942011], [11.1848197, 59.9421472], [11.1851298, 59.9426833], [11.1857465, 59.9437546], [11.1858192, 59.9438802], [11.185891, 59.9440054], [11.1859607, 59.944131], [11.1860303, 59.9442566], [11.1860959, 59.9443829], [11.18616, 59.9445085], [11.1862182, 59.9446356], [11.1862748, 59.9447627], [11.1863257, 59.9448903], [11.1863735, 59.9450178], [11.1864192, 59.9451462], [11.1864633, 59.9452745], [11.1865069, 59.9454069], [11.1865492, 59.9455404], [11.1865913, 59.9456739], [11.1866317, 59.9458074], [11.1866738, 59.9459305], [11.1867168, 59.9460546], [11.1867638, 59.9461781], [11.1868127, 59.9463017], [11.1868664, 59.9464199], [11.1869232, 59.946538], [11.1869831, 59.9466556], [11.187046, 59.9467732], [11.1871138, 59.9468961], [11.1871857, 59.9470185], [11.18726, 59.9471408], [11.1873357, 59.9472632], [11.1880251, 59.9483306], [11.1883391, 59.9488235], [11.1886028, 59.9492264], [11.1892634, 59.9502558], [11.1909709, 59.9529054], [11.1910513, 59.9530288], [11.1911312, 59.9531521], [11.1912128, 59.9532751], [11.191296, 59.9533982], [11.1913771, 59.9535138], [11.191464, 59.9536295], [11.1915498, 59.9537456], [11.1916415, 59.9538608], [11.1917335, 59.9539707], [11.1918293, 59.9540805], [11.1919271, 59.9541903], [11.1920287, 59.9543001], [11.1921336, 59.9544057], [11.1922419, 59.9545116], [11.1923545, 59.9546171], [11.1924737, 59.9547217], [11.1926044, 59.9548368], [11.1927432, 59.9549506], [11.1928851, 59.9550639], [11.1930289, 59.9551772], [11.1931457, 59.9552681], [11.1932646, 59.955359], [11.1933835, 59.9554496], [11.1935035, 59.9555403]]}, "properties": {"electrified": "contact_line", "frequency": "16.67", "gauge": "1435", "maxspeed": "130", "name": "Kongsvingerbanen", "operator": "Bane NOR", "passenger_lines": "1", "railway": "rail", "usage": "main", "voltage": "15000", "length_km": 2.711, "maxspeed_kmh": 130.0}}, {"type": "Feature", "geometry": {"type": "LineString", "coordinates": [[11.0504044, 59.9541603], [11.0502554, 59.9541518], [11.0500915, 59.9541411], [11.0499442, 59.9541263], [11.049748, 59.9541063], [11.0495219, 59.9540777], [11.0493643, 59.9540552], [11.049229, 59.9540344], [11.049083, 59.9540091], [11.0487976, 59.9539574]]}, "properties": {"electrified": "contact_line", "frequency": "16.67", "gauge": "1435", "maxspeed": "80", "name": "Kongsvingerbanen", "operator": "Bane NOR", "passenger_lines": "2", "railway": "rail", "usage": "main", "voltage": "15000", "length_km": 0.093, "maxspeed_kmh": 80.0}}, {"type": "Feature", "geometry": {"type": "LineString", "coordinates": [[11.3713235, 60.0527009], [11.3714973, 60.0528345], [11.371672, 60.0529681], [11.3717815, 60.0530461], [11.3718941, 60.0531241], [11.372012, 60.0532033], [11.3721274, 60.0532798], [11.3722293, 60.0533447], [11.3723342, 60.0534096], [11.372442, 60.0534731], [11.3725513, 60.053535], [11.3726146, 60.053568], [11.3726605, 60.0535934], [11.3727619, 60.0536488], [11.3728795, 60.0537114], [11.3729922, 60.0537667], [11.3731462, 60.0538421], [11.3733073, 60.0539145], [11.3734715, 60.0539895], [11.3736251, 60.0540564], [11.3737936, 60.0541261], [11.3739638, 60.054195], [11.3741281, 60.0542592], [11.3742991, 60.0543226], [11.3743742, 60.0543483]]}, "properties": {"electrified": "contact_line", "frequency": "16.67", "gauge": "1435", "maxspeed": "90", "name": "Kongsvingerbanen", "operator": "Bane NOR", "passenger_lines": "2", "railway": "rail", "usage": "main", "voltage": "15000", "length_km": 0.252, "maxspeed_kmh": 90.0}}, {"type": "Feature", "geometry": {"type": "LineString", "coordinates": [[11.3884225, 60.0661819], [11.3885335, 60.0663565], [11.3886022, 60.0664602], [11.3886782, 60.0665667], [11.3887564, 60.0666711], [11.3888383, 60.0667762], [11.3889177, 60.0668718], [11.3890037, 60.0669673], [11.3890918, 60.0670622], [11.3891838, 60.067157], [11.3892822, 60.0672506], [11.3893832, 60.0673442], [11.3894871, 60.0674368], [11.389595, 60.0675287], [11.3897071, 60.067618], [11.3898233, 60.0677074], [11.3899416, 60.0677957], [11.3900668, 60.0678833], [11.3901932, 60.0679673], [11.3903238, 60.0680513], [11.3904558, 60.0681332], [11.3905905, 60.0682151], [11.3907304, 60.0682939], [11.3908731, 60.0683728], [11.3910199, 60.0684506], [11.3911709, 60.0685283], [11.3913307, 60.0686052], [11.3914974, 60.0686835], [11.3916648, 60.068759], [11.3918377, 60.0688338], [11.3920021, 60.068903], [11.3921689, 60.0689717], [11.3923349, 60.0690402], [11.3925037, 60.0691077]]}, "properties": {"electrified": "contact_line", "frequency": "16.67", "gauge": "1435", "maxspeed": "110", "name": "Kongsvingerbanen", "operator": "Bane NOR", "passenger_lines": "1", "railway": "rail", "usage": "main", "voltage": "15000", "length_km": 0.405, "maxspeed_kmh": 110.0}}, {"type": "Feature", "geometry": {"type": "LineString", "coordinates": [[11.3044192, 60.0073169], [11.3043531, 60.0072567], [11.3042843, 60.0071971], [11.3042143, 60.0071392], [11.3041414, 60.0070824], [11.304048, 60.007016], [11.3039559, 60.0069489], [11.3038694, 60.0068804], [11.3037869, 60.006812], [11.3036882, 60.0067261], [11.3035886, 60.0066431], [11.3034888, 60.0065584], [11.3033854, 60.0064755], [11.3032517, 60.0063683], [11.3031165, 60.0062617], [11.3029831, 60.0061589], [11.3028474, 60.0060572], [11.302691, 60.0059414], [11.3025321, 60.0058256], [11.3023744, 60.005714], [11.3022154, 60.005603], [11.3020532, 60.0054941], [11.3018896, 60.0053862], [11.3017295, 60.0052808], [11.3015642, 60.0051764], [11.3013924, 60.0050688], [11.3012169, 60.0049623], [11.3010339, 60.0048524], [11.3008623, 60.0047503], [11.3007017, 60.0046594], [11.3005598, 60.0045827], [11.3005374, 60.0045707], [11.300371, 60.0044826], [11.3002009, 60.0043954], [11.3000259, 60.0043074], [11.2998468, 60.0042228], [11.2996697, 60.0041399], [11.2994879, 60.0040584], [11.2993301, 60.0039893], [11.2991702, 60.0039218], [11.2990071, 60.0038556], [11.2988441, 60.0037906], [11.2987122, 60.0037388], [11.2985804, 60.0036874], [11.2984486, 60.0036358], [11.2983153, 60.003585], [11.2981005, 60.0035009], [11.2978844, 60.0034169], [11.2977933, 60.0033848], [11.2976922, 60.0033501], [11.2975906, 60.0033161], [11.2974865, 60.0032828]]}, "properties": {"electrified": "contact_line", "frequency": "16.67", "gauge": "1435", "maxspeed": "40", "name": "Kongsvingerbanen", "operator": "Bane NOR", "passenger_lines": "2", "railway": "rail", "service": "siding", "voltage": "15000", "length_km": 0.599, "maxspeed_kmh": 40.0}}, {"type": "Feature", "geometry": {"type": "LineString", "coordinates": [[11.3743173, 60.0543795], [11.3742585, 60.0543582], [11.3740796, 60.054293], [11.3739074, 60.0542304], [11.3737369, 60.0541623], [11.3735697, 60.0540943], [11.3734034, 60.0540201], [11.3732399, 60.0539456], [11.3730884, 60.0538745], [11.372933, 60.0537975], [11.3728173, 60.0537393], [11.3727033, 60.053681], [11.3725952, 60.0536219], [11.372487, 60.0535628], [11.3723773, 60.0534994], [11.3722676, 60.0534359], [11.372162, 60.0533716], [11.3720582, 60.0533073], [11.37194, 60.0532294], [11.3718218, 60.053149], [11.371707, 60.0530695], [11.3715989, 60.0529883], [11.3714254, 60.052855], [11.3712545, 60.0527213]]}, "properties": {"electrified": "contact_line", "frequency": "16.67", "gauge": "1435", "maxspeed": "40", "name": "Kongsvingerbanen", "operator": "Bane NOR", "passenger_lines": "2", "railway": "rail", "service": "siding", "voltage": "15000", "length_km": 0.253, "maxspeed_kmh": 40.0}}, {"type": "Feature", "geometry": {"type": "LineString", "coordinates": [[11.2974865, 60.0032828], [11.2976929, 60.0033442], [11.297899, 60.0034073], [11.2983437, 60.0035543], [11.2984882, 60.0036037], [11.2986308, 60.0036551], [11.2987724, 60.0037071], [11.2989101, 60.00376], [11.2990707, 60.0038247], [11.2992337, 60.0038912], [11.2993934, 60.0039584], [11.2995467, 60.0040272], [11.2997297, 60.0041107], [11.2999086, 60.0041942], [11.3000896, 60.0042786], [11.3002652, 60.0043657], [11.3004365, 60.004454], [11.3006023, 60.0045461], [11.3006218, 60.0045569], [11.3007621, 60.0046345], [11.3009206, 60.0047243], [11.3011046, 60.004831], [11.3012863, 60.0049383], [11.3014621, 60.0050437], [11.3016348, 60.0051496], [11.3018006, 60.0052562], [11.3019647, 60.0053629], [11.3021275, 60.0054703], [11.3022885, 60.0055782], [11.3024511, 60.0056895], [11.3026112, 60.0058028], [11.3027706, 60.0059177], [11.3029209, 60.00603], [11.3030587, 60.006135], [11.303195, 60.0062407], [11.3033302, 60.0063459], [11.3034626, 60.006452], [11.3035663, 60.0065394], [11.3036688, 60.0066255], [11.3037666, 60.0067084], [11.3038629, 60.0067941], [11.3039399, 60.0068633], [11.3040169, 60.006934], [11.3040932, 60.0070048], [11.3041663, 60.0070755], [11.3044192, 60.0073169]]}, "properties": {"electrified": "contact_line", "frequency": "16.67", "gauge": "1435", "name": "Kongsvingerbanen", "operator": "Bane NOR", "passenger_lines": "2", "railway": "rail", "usage": "main", "voltage": "15000", "length_km": 0.601}}, {"type": "Feature", "geometry": {"type": "LineString", "coordinates": [[11.335538, 60.0324955], [11.3397035, 60.0339312], [11.3398701, 60.0339893], [11.3400417, 60.0340486], [11.3402111, 60.0341083], [11.3403806, 60.0341686], [11.3405605, 60.0342364], [11.340739, 60.0343048], [11.3409147, 60.034374], [11.3410847, 60.0344453], [11.3412702, 60.0345244], [11.3414529, 60.0346063], [11.3416327, 60.0346882], [11.3418098, 60.0347715], [11.3430507, 60.0353693]]}, "properties": {"electrified": "contact_line", "frequency": "16.67", "gauge": "1435", "name": "Kongsvingerbanen", "operator": "Bane NOR", "passenger_lines": "1", "railway": "rail", "usage": "main", "voltage": "15000", "length_km": 0.528}}, {"type": "Feature", "geometry": {"type": "LineString", "coordinates": [[11.3764981, 60.0549995], [11.3770616, 60.0551624]]}, "properties": {"electrified": "contact_line", "frequency": "16.67", "gauge": "1435", "maxspeed": "90", "name": "Kongsvingerbanen", "operator": "Bane NOR", "passenger_lines": "1", "railway": "rail", "usage": "main", "voltage": "15000", "length_km": 0.036, "maxspeed_kmh": 90.0}}, {"type": "Feature", "geometry": {"type": "LineString", "coordinates": [[11.3712536, 60.052647], [11.3713235, 60.0527009]]}, "properties": {"bridge": "yes", "electrified": "contact_line", "frequency": "16.67", "gauge": "1435", "maxspeed": "90", "name": "Kongsvingerbanen", "operator": "Bane NOR", "passenger_lines": "2", "railway": "rail", "usage": "main", "voltage": "15000", "length_km": 0.007, "maxspeed_kmh": 90.0}}, {"type": "Feature", "geometry": {"type": "LineString", "coordinates": [[11.4641117, 60.121972], [11.4641847, 60.1222785]]}, "properties": {"bridge": "yes", "electrified": "contact_line", "frequency": "16.67", "gauge": "1435", "maxspeed": "130", "name": "Kongsvingerbanen", "operator": "Bane NOR", "passenger_lines": "2", "railway": "rail", "usage": "main", "voltage": "15000", "length_km": 0.034, "maxspeed_kmh": 130.0}}, {"type": "Feature", "geometry": {"type": "LineString", "coordinates": [[11.3770616, 60.0551624], [11.3771788, 60.0551954]]}, "properties": {"bridge": "yes", "electrified": "contact_line", "frequency": "16.67", "gauge": "1435", "maxspeed": "90", "name": "Kongsvingerbanen", "operator": "Bane NOR", "passenger_lines": "1", "railway": "rail", "usage": "main", "voltage": "15000", "length_km": 0.007, "maxspeed_kmh": 90.0}}, {"type": "Feature", "geometry": {"type": "LineString", "coordinates": [[11.3883688, 60.0660962], [11.3884225, 60.0661819]]}, "properties": {"bridge": "yes", "electrified": "contact_line", "frequency": "16.67", "gauge": "1435", "maxspeed": "110", "name": "Kongsvingerbanen", "operator": "Bane NOR", "passenger_lines": "1", "railway": "rail", "usage": "main", "voltage": "15000", "length_km": 0.01, "maxspeed_kmh": 110.0}}, {"type": "Feature", "geometry": {"type": "LineString", "coordinates": [[11.3945884, 60.0699342], [11.394757, 60.0700005]]}, "properties": {"bridge": "yes", "electrified": "contact_line", "frequency": "16.67", "gauge": "1435", "maxspeed": "130", "name": "Kongsvingerbanen", "operator": "Bane NOR", "passenger_lines": "1", "railway": "rail", "usage": "main", "voltage": "15000", "length_km": 0.012, "maxspeed_kmh": 130.0}}, {"type": "Feature", "geometry": {"type": "LineString", "coordinates": [[11.3712545, 60.0527213], [11.3711869, 60.0526667]]}, "properties": {"bridge": "yes", "electrified": "contact_line", "frequency": "16.67", "gauge": "1435", "maxspeed": "40", "name": "Kongsvingerbanen", "operator": "Bane NOR", "passenger_lines": "2", "railway": "rail", "service": "siding", "voltage": "15000", "length_km": 0.007, "maxspeed_kmh": 40.0}}, {"type": "Feature", "geometry": {"type": "LineString", "coordinates": [[11.4640923, 60.1222846], [11.4640257, 60.1219762]]}, "properties": {"bridge": "yes", "electrified": "contact_line", "frequency": "16.67", "gauge": "1435", "maxspeed": "40", "name": "Kongsvingerbanen", "operator": "Bane NOR", "passenger_lines": "2", "railway": "rail", "service": "siding", "voltage": "15000", "length_km": 0.035, "maxspeed_kmh": 40.0}}, {"type": "Feature", "geometry": {"type": "LineString", "coordinates": [[11.3430507, 60.0353693], [11.3431307, 60.0354079]]}, "properties": {"bridge": "yes", "electrified": "contact_line", "frequency": "16.67", "gauge": "1435", "name": "Kongsvingerbanen", "operator": "Bane NOR", "railway": "rail", "usage": "main", "voltage": "15000", "length_km": 0.006}}, {"type": "Feature", "geometry": {"type": "LineString", "coordinates": [[11.4642502, 60.1225236], [11.4643238, 60.1227716], [11.4643457, 60.1228388], [11.4643701, 60.1229059], [11.4643936, 60.122973], [11.4644203, 60.1230402], [11.4644533, 60.1231253], [11.4644918, 60.1232092], [11.4645315, 60.1232918], [11.4645745, 60.1233732], [11.4646347, 60.1234792], [11.4646986, 60.1235822], [11.4647676, 60.1236815], [11.4648333, 60.1237757], [11.464916, 60.1238819], [11.4650046, 60.1239886], [11.4650942, 60.1240873], [11.4651494, 60.1241493], [11.4651808, 60.1241839], [11.4652546, 60.1242579]]}, "properties": {"electrified": "contact_line", "frequency": "16.67", "gauge": "1435", "maxspeed": "105", "name": "Kongsvingerbanen", "operator": "Bane NOR", "passenger_lines": "3", "railway": "rail", "usage": "main", "voltage": "15000", "length_km": 0.202, "maxspeed_kmh": 105.0}}, {"type": "Feature", "geometry": {"type": "LineString", "coordinates": [[11.3209643, 60.0249513], [11.3213646, 60.0251388], [11.3214821, 60.0251924], [11.3215996, 60.0252483], [11.321712, 60.0253009], [11.3218245, 60.0253544], [11.321941, 60.0254099], [11.322056, 60.0254661], [11.3221699, 60.0255231], [11.3222823, 60.0255808], [11.3224217, 60.0256551], [11.3225682, 60.0257342], [11.3227125, 60.0258155], [11.3228527, 60.0258974], [11.3229912, 60.025981], [11.3231265, 60.0260656], [11.323258, 60.0261507], [11.3233872, 60.0262386], [11.3235142, 60.0263252], [11.3236357, 60.0264128], [11.323754, 60.0265007], [11.32387, 60.0265898], [11.3239816, 60.0266809], [11.3240913, 60.026773], [11.3241986, 60.0268663], [11.324302, 60.0269595], [11.3243865, 60.0270378], [11.3244711, 60.027116], [11.3245528, 60.027195], [11.324636, 60.027274], [11.3247364, 60.0273696], [11.3248367, 60.0274653], [11.3249399, 60.0275607], [11.3250445, 60.0276553], [11.3251254, 60.0277269], [11.3252088, 60.0277978], [11.325294, 60.0278687], [11.3253817, 60.0279396], [11.3254767, 60.0280123], [11.3255756, 60.028085], [11.3256732, 60.0281566], [11.3257774, 60.0282296], [11.3258812, 60.0282986], [11.3259867, 60.0283677], [11.3260943, 60.0284354], [11.3262041, 60.0285031], [11.3263267, 60.0285751], [11.3264506, 60.0286465], [11.3265777, 60.0287168], [11.3267077, 60.0287867], [11.3268378, 60.0288525], [11.3269713, 60.0289184], [11.3271055, 60.0289835], [11.3272437, 60.0290478], [11.3273886, 60.0291149], [11.3275374, 60.0291808], [11.327636, 60.0292224], [11.3278155, 60.0293032], [11.3284702, 60.0295911], [11.3287875, 60.0297316], [11.3291075, 60.0298713], [11.3296457, 60.0301084]]}, "properties": {"electrified": "contact_line", "frequency": "16.67", "gauge": "1435", "maxspeed": "105", "name": "Kongsvingerbanen", "operator": "Bane NOR", "passenger_lines": "2", "railway": "rail", "usage": "main", "voltage": "15000", "length_km": 0.758, "maxspeed_kmh": 105.0}}, {"type": "Feature", "geometry": {"type": "LineString", "coordinates": [[11.4686201, 60.1265834], [11.468279, 60.1264081], [11.4681284, 60.1263364], [11.4679816, 60.1262599], [11.4678623, 60.1261933], [11.4677465, 60.1261251], [11.4675181, 60.1259885], [11.4669731, 60.1256612], [11.4668152, 60.1255685], [11.4666625, 60.1254738], [11.4665097, 60.1253789], [11.4663609, 60.1252833], [11.4662295, 60.1251976], [11.4661015, 60.1251102], [11.4659744, 60.1250225], [11.4658505, 60.1249339], [11.4657196, 60.1248373], [11.4655917, 60.12474], [11.4654687, 60.1246409], [11.4653486, 60.1245411], [11.4652593, 60.124464], [11.4651729, 60.1243862], [11.4650901, 60.1243076], [11.4650115, 60.1242291], [11.4649139, 60.1241266], [11.464822, 60.1240234], [11.4647372, 60.1239184], [11.4646568, 60.1238135], [11.4645831, 60.12371], [11.4645144, 60.1236065], [11.4644488, 60.1235023], [11.4643865, 60.1233972], [11.4643419, 60.1233133], [11.4642998, 60.1232294], [11.4642621, 60.1231461], [11.4642269, 60.1230629], [11.4641996, 60.1229942], [11.4641755, 60.1229255], [11.4641538, 60.1228564], [11.4641338, 60.1227873], [11.4641251, 60.1227282], [11.4641196, 60.1226683], [11.4641173, 60.1226092], [11.4641198, 60.1225491], [11.4641205, 60.122493], [11.4641164, 60.1224371], [11.4641105, 60.1223815], [11.4641013, 60.122326]]}, "properties": {"electrified": "contact_line", "frequency": "16.67", "gauge": "1435", "maxspeed": "40", "name": "Kongsvingerbanen", "operator": "Bane NOR", "passenger_lines": "3", "railway": "rail", "service": "siding", "voltage": "15000", "length_km": 0.552, "maxspeed_kmh": 40.0}}, {"type": "Feature", "geometry": {"type": "LineString", "coordinates": [[11.4698858, 60.1273224], [11.4697969, 60.1272654], [11.4697054, 60.1272092], [11.4696135, 60.127155], [11.4695195, 60.1271028], [11.4693273, 60.1270029], [11.469191, 60.1269255], [11.4690393, 60.126836], [11.4688899, 60.1267459], [11.4686201, 60.1265834], [11.4683062, 60.1263966], [11.4680383, 60.1262355], [11.4675832, 60.1259616], [11.4670397, 60.1256345], [11.4668838, 60.1255407], [11.4667304, 60.125447], [11.4665796, 60.1253529], [11.4664301, 60.1252582], [11.4662979, 60.1251717], [11.4661706, 60.1250853], [11.466045, 60.1249972], [11.465921, 60.1249092], [11.4657914, 60.1248137], [11.4656646, 60.1247167], [11.46554, 60.1246188], [11.4654211, 60.1245208], [11.4653323, 60.1244436], [11.4652478, 60.1243657], [11.4651655, 60.1242875], [11.4650846, 60.1242085], [11.4649906, 60.1241097], [11.4649017, 60.1240076], [11.4648162, 60.123904], [11.4647343, 60.1237979], [11.464661, 60.1236964], [11.4645922, 60.1235948], [11.4645282, 60.1234916], [11.464467, 60.1233861], [11.4644244, 60.1233061], [11.464383, 60.1232205], [11.4643454, 60.1231374], [11.4643103, 60.1230536], [11.4642829, 60.1229858], [11.4642572, 60.1229179], [11.4642331, 60.1228496], [11.4642106, 60.1227814], [11.4641922, 60.1227231], [11.4641754, 60.1226647], [11.4641602, 60.1226068], [11.4641499, 60.1225481], [11.4641013, 60.122326], [11.4640923, 60.1222846]]}, "properties": {"electrified": "contact_line", "frequency": "16.67", "gauge": "1435", "maxspeed": "40", "name": "Kongsvingerbanen", "operator": "Bane NOR", "passenger_lines": "3", "railway": "rail", "service": "siding", "voltage": "15000", "length_km": 0.661, "maxspeed_kmh": 40.0}}, {"type": "Feature", "geometry": {"type": "LineString", "coordinates": [[11.288915, 60.0001176], [11.2891085, 60.0003193], [11.2891981, 60.0004099], [11.2892916, 60.0004996], [11.2893891, 60.0005887], [11.2894906, 60.0006768], [11.2895962, 60.0007623], [11.2897078, 60.0008468], [11.2898204, 60.0009304], [11.2899369, 60.0010139], [11.2900586, 60.0010943], [11.2901838, 60.0011739], [11.2903107, 60.0012521], [11.2904412, 60.0013295], [11.2905773, 60.0014022], [11.2907169, 60.0014754], [11.2908574, 60.0015477], [11.2909996, 60.0016191], [11.2911452, 60.0016836], [11.291296, 60.001748], [11.2914442, 60.0018125], [11.2915959, 60.0018752], [11.2917494, 60.0019338], [11.2919064, 60.0019915], [11.2920653, 60.0020475], [11.2922276, 60.0021017], [11.2923847, 60.0021515], [11.2925453, 60.0022004], [11.2927077, 60.0022476], [11.2928753, 60.0022956], [11.2930667, 60.0023439], [11.2932617, 60.002391], [11.2934562, 60.0024367], [11.2936531, 60.0024812], [11.2938385, 60.0025184], [11.2940239, 60.0025548], [11.2942137, 60.0025917], [11.2944048, 60.0026272], [11.2948168, 60.0027034], [11.2952313, 60.0027784], [11.295565, 60.0028404], [11.2958973, 60.0029063], [11.2962019, 60.0029678], [11.2965018, 60.0030329], [11.2967783, 60.0030974], [11.2970512, 60.0031649], [11.2972712, 60.0032219], [11.2974865, 60.0032828]]}, "properties": {"electrified": "contact_line", "frequency": "16.67", "gauge": "1435", "name": "Kongsvingerbanen", "operator": "Bane NOR", "passenger_lines": "1", "railway": "rail", "usage": "main", "voltage": "15000", "length_km": 0.615}}, {"type": "Feature", "geometry": {"type": "LineString", "coordinates": [[11.4638687, 60.120781], [11.4639708, 60.1212878], [11.4640505, 60.1216817], [11.4641117, 60.121972]]}, "properties": {"electrified": "contact_line", "frequency": "16.67", "gauge": "1435", "maxspeed": "130", "name": "Kongsvingerbanen", "operator": "Bane NOR", "passenger_lines": "2", "railway": "rail", "usage": "main", "voltage": "15000", "length_km": 0.133, "maxspeed_kmh": 130.0}}, {"type": "Feature", "geometry": {"type": "LineString", "coordinates": [[11.3278419, 60.0293926], [11.3277377, 60.0293461], [11.3275916, 60.0292822], [11.3274469, 60.029218], [11.3273047, 60.029153], [11.3271664, 60.0290876], [11.3270293, 60.0290227], [11.326896, 60.0289574], [11.3267644, 60.0288911], [11.326635, 60.0288245], [11.3265019, 60.0287542], [11.326371, 60.0286831], [11.3262446, 60.0286107], [11.3261198, 60.0285375], [11.3260074, 60.0284698], [11.3258971, 60.028402], [11.3257902, 60.0283323], [11.3256854, 60.0282626], [11.325577, 60.0281874], [11.3254677, 60.0281089], [11.3253695, 60.0280367], [11.3252842, 60.0279718], [11.3251957, 60.0278999], [11.3251108, 60.0278274], [11.325026, 60.0277542], [11.3249461, 60.0276804], [11.3248475, 60.0275836], [11.3247502, 60.0274868], [11.324653, 60.0273904], [11.3245564, 60.0272946], [11.3244768, 60.0272155], [11.3243943, 60.0271364], [11.3243112, 60.0270587], [11.3242253, 60.026981], [11.3241212, 60.0268887], [11.3240143, 60.0267969], [11.3239025, 60.026707], [11.3237888, 60.026618], [11.3236735, 60.0265295], [11.3235538, 60.0264421], [11.323434, 60.0263547], [11.3233089, 60.02627], [11.3231778, 60.0261827], [11.3230434, 60.0260965], [11.3229047, 60.0260124], [11.3227627, 60.0259305], [11.3226208, 60.0258509], [11.3224789, 60.0257744], [11.3223352, 60.0256966], [11.3221916, 60.0256204], [11.3217575, 60.0253847], [11.3216528, 60.0253263], [11.3215486, 60.0252679], [11.3214457, 60.0252093], [11.3213455, 60.0251506], [11.3212655, 60.0251052], [11.3211846, 60.0250612], [11.3211009, 60.0250188], [11.3210164, 60.0249772], [11.3209643, 60.0249513]]}, "properties": {"electrified": "contact_line", "frequency": "16.67", "gauge": "1435", "maxspeed": "40", "name": "Kongsvingerbanen", "operator": "Bane NOR", "passenger_lines": "2", "railway": "rail", "service": "siding", "voltage": "15000", "length_km": 0.63, "maxspeed_kmh": 40.0}}, {"type": "Feature", "geometry": {"type": "LineString", "coordinates": [[11.3696889, 60.0514678], [11.3700088, 60.0516918], [11.370183, 60.0518169], [11.3703488, 60.0519445], [11.3707316, 60.0522384], [11.3712536, 60.052647]]}, "properties": {"electrified": "contact_line", "frequency": "16.67", "gauge": "1435", "maxspeed": "90", "name": "Kongsvingerbanen", "operator": "Bane NOR", "passenger_lines": "2", "railway": "rail", "usage": "main", "voltage": "15000", "length_km": 0.158, "maxspeed_kmh": 90.0}}, {"type": "Feature", "geometry": {"type": "LineString", "coordinates": [[11.3526774, 60.0397093], [11.3560095, 60.0419712], [11.3561672, 60.0420777], [11.3563249, 60.0421857], [11.356481, 60.0422935], [11.3566361, 60.0424019], [11.3567621, 60.0424904], [11.3568881, 60.0425795], [11.3570115, 60.0426693], [11.3571327, 60.0427603], [11.3572671, 60.0428618], [11.3573972, 60.0429644], [11.3575231, 60.0430682], [11.3576469, 60.0431731], [11.3577598, 60.0432694], [11.3578711, 60.0433671], [11.3579786, 60.0434651], [11.3580879, 60.0435638], [11.3591243, 60.044511], [11.3592446, 60.0446154], [11.3593676, 60.0447219], [11.3594939, 60.0448233], [11.359623, 60.0449247], [11.359751, 60.0450219], [11.3598831, 60.0451198], [11.3600145, 60.0452146], [11.3601525, 60.0453094], [11.360294, 60.0454028], [11.3604381, 60.0454954], [11.3605863, 60.0455874], [11.3607372, 60.0456781], [11.3609025, 60.0457725], [11.3610706, 60.045867], [11.3612407, 60.0459604], [11.3614134, 60.0460531], [11.3628475, 60.0468172], [11.3630042, 60.0469003], [11.3631568, 60.0469833], [11.3633115, 60.0470664], [11.3634635, 60.0471502], [11.3636197, 60.0472437], [11.3637747, 60.0473365], [11.3639289, 60.047431], [11.3640792, 60.0475268], [11.3642258, 60.0476231], [11.3643691, 60.0477222], [11.3645091, 60.0478223], [11.3646446, 60.047923], [11.364778, 60.0480237], [11.3649091, 60.048126], [11.3650369, 60.0482294], [11.3651624, 60.0483339], [11.3652923, 60.0484443], [11.365421, 60.048554], [11.3655497, 60.0486651], [11.3656773, 60.0487768], [11.3657841, 60.0488709], [11.3658942, 60.0489651], [11.3660035, 60.0490588], [11.3661151, 60.0491526], [11.3662108, 60.049231], [11.3663119, 60.0493114], [11.3664137, 60.0493895], [11.3665168, 60.0494675], [11.3666015, 60.0495317], [11.3666876, 60.0495945], [11.3667743, 60.0496564], [11.366865, 60.0497189], [11.3669519, 60.0497801], [11.3670415, 60.0498407], [11.3671337, 60.049901], [11.3672273, 60.0499612], [11.367322, 60.0500217], [11.3674192, 60.0500815], [11.3675171, 60.0501414], [11.3676164, 60.0502006], [11.3677394, 60.0502734], [11.3678637, 60.0503455], [11.3679874, 60.0504173], [11.3681137, 60.050489], [11.3686537, 60.0508037], [11.3687674, 60.05087], [11.3688785, 60.0509382], [11.3689909, 60.0510056], [11.3690988, 60.0510758], [11.3691866, 60.0511296], [11.3692736, 60.0511852], [11.3693574, 60.0512415], [11.3694412, 60.0512986], [11.3696889, 60.0514678]]}, "properties": {"electrified": "contact_line", "frequency": "16.67", "gauge": "1435", "maxspeed": "125", "name": "Kongsvingerbanen", "operator": "Bane NOR", "passenger_lines": "1", "railway": "rail", "usage": "main", "voltage": "15000", "length_km": 1.622, "maxspeed_kmh": 125.0}}, {"type": "Feature", "geometry": {"type": "LineString", "coordinates": [[11.4806553, 60.1447415], [11.4806903, 60.1447785], [11.4807719, 60.1448631], [11.4808624, 60.1449477], [11.4809545, 60.1450323], [11.481051, 60.1451159], [11.4811514, 60.1452002], [11.4812585, 60.145285], [11.4813698, 60.1453691], [11.4814858, 60.1454524], [11.4816062, 60.1455344], [11.4816938, 60.1455918], [11.4817844, 60.1456492], [11.4818757, 60.1457069], [11.48197, 60.1457639], [11.4820815, 60.1458279], [11.4821959, 60.1458919], [11.4823125, 60.1459548], [11.4824321, 60.1460169], [11.4825684, 60.1460839], [11.4827063, 60.1461502], [11.4828463, 60.146215], [11.4829923, 60.1462791], [11.4831788, 60.1463575], [11.4833698, 60.1464336], [11.4835073, 60.1464857], [11.4836508, 60.1465385], [11.4838484, 60.1466077], [11.4840485, 60.1466754], [11.4842513, 60.1467422], [11.4844559, 60.1468081], [11.4846906, 60.1468846], [11.4849261, 60.146961], [11.4882067, 60.1480149], [11.4884026, 60.1480787], [11.4885984, 60.1481432], [11.4887935, 60.1482077], [11.4889871, 60.1482744], [11.4891803, 60.1483433], [11.4893721, 60.1484143], [11.4895616, 60.1484861], [11.4897496, 60.1485601], [11.4899305, 60.1486347], [11.4901099, 60.1487101], [11.4902872, 60.148787], [11.4904629, 60.1488653], [11.4906349, 60.1489456], [11.4908039, 60.1490274], [11.4909729, 60.1491107], [11.4911389, 60.1491961], [11.4913013, 60.1492837], [11.4914622, 60.1493721], [11.4916202, 60.1494623], [11.4917766, 60.1495532], [11.4919265, 60.1496458], [11.4920749, 60.1497399], [11.492221, 60.1498344], [11.4923642, 60.1499318], [11.4924736, 60.1500083], [11.49258, 60.1500848], [11.4926864, 60.1501627], [11.4927899, 60.1502407], [11.492905, 60.150328], [11.493018, 60.1504158], [11.4931311, 60.1505044], [11.4932441, 60.1505925], [11.4938348, 60.1510542], [11.4939039, 60.151108], [11.4939742, 60.1511619], [11.4940445, 60.1512152], [11.494117, 60.1512685], [11.4942062, 60.151334], [11.4942978, 60.1513989], [11.49439, 60.1514636], [11.4944834, 60.1515277], [11.4945922, 60.1516011], [11.4947011, 60.1516733], [11.4948142, 60.1517448], [11.4949284, 60.1518157], [11.4950494, 60.1518903], [11.4951715, 60.1519643], [11.4952995, 60.1520388], [11.4954275, 60.1521121], [11.4960488, 60.1524565], [11.4962143, 60.1525481], [11.4963797, 60.1526413], [11.4965434, 60.1527362], [11.4967049, 60.1528317], [11.496843, 60.1529163], [11.4969799, 60.1530026], [11.4971157, 60.1530901], [11.4972492, 60.1531792], [11.4973875, 60.1532742], [11.4975233, 60.1533704], [11.4976554, 60.1534671], [11.4977852, 60.153565], [11.4979132, 60.1536653], [11.4980382, 60.1537663], [11.4981602, 60.153868], [11.4982804, 60.1539705], [11.4983983, 60.1540766], [11.4985147, 60.1541835], [11.4986283, 60.1542921], [11.4987411, 60.1544008], [11.4988512, 60.1545114], [11.4989631, 60.154622], [11.4990729, 60.1547335], [11.4991845, 60.1548445], [11.4992945, 60.1549525], [11.4994066, 60.15506], [11.4995216, 60.1551664], [11.4996375, 60.1552724], [11.4997567, 60.155376], [11.499879, 60.155479], [11.5000039, 60.1555816], [11.5001318, 60.1556832], [11.5002613, 60.1557819], [11.5003939, 60.1558801], [11.5005303, 60.1559775], [11.5006698, 60.1560738], [11.5008122, 60.1561707], [11.5009557, 60.1562671], [11.5011037, 60.1563612], [11.5012537, 60.1564545], [11.501407, 60.1565461], [11.5015614, 60.1566373], [11.501721, 60.1567265], [11.5018816, 60.1568157], [11.5020454, 60.1569028], [11.5022102, 60.15699], [11.5023791, 60.1570752], [11.5025501, 60.1571604], [11.5026904, 60.1572282], [11.5028328, 60.1572961], [11.5029772, 60.1573616], [11.5031236, 60.1574261], [11.5032707, 60.1574911], [11.5034198, 60.1575551], [11.5035702, 60.1576184], [11.5037235, 60.1576808], [11.5038815, 60.1577447], [11.5040411, 60.1578086], [11.5042019, 60.1578713], [11.5043642, 60.1579336]]}, "properties": {"electrified": "contact_line", "frequency": "16.67", "gauge": "1435", "maxspeed": "110", "name": "Kongsvingerbanen", "operator": "Bane NOR", "passenger_lines": "1", "railway": "rail", "usage": "main", "voltage": "15000", "length_km": 2.002, "maxspeed_kmh": 110.0}}, {"type": "Feature", "geometry": {"type": "LineString", "coordinates": [[11.3711869, 60.0526667], [11.3706588, 60.0522612], [11.3704678, 60.0521132], [11.3703724, 60.0520392], [11.3702806, 60.0519657], [11.370203, 60.0518992], [11.3701288, 60.0518322], [11.3700571, 60.0517657], [11.3699841, 60.0516987], [11.3699142, 60.0516389], [11.3698425, 60.051581], [11.3697668, 60.0515238], [11.3696889, 60.0514678]]}, "properties": {"electrified": "contact_line", "frequency": "16.67", "gauge": "1435", "maxspeed": "40", "name": "Kongsvingerbanen", "operator": "Bane NOR", "passenger_lines": "2", "railway": "rail", "service": "siding", "voltage": "15000", "length_km": 0.158, "maxspeed_kmh": 40.0}}, {"type": "Feature", "geometry": {"type": "LineString", "coordinates": [[11.4640257, 60.1219762], [11.4639632, 60.1216847], [11.463941, 60.1215876], [11.4639214, 60.1214905], [11.4639024, 60.1213937], [11.4638935, 60.1212963], [11.4638912, 60.1212406], [11.4638911, 60.1211848], [11.4638922, 60.1211291], [11.4638948, 60.121073], [11.4638917, 60.1209997], [11.4638851, 60.1209263], [11.4638787, 60.1208534], [11.4638687, 60.120781]]}, "properties": {"electrified": "contact_line", "frequency": "16.67", "gauge": "1435", "maxspeed": "40", "name": "Kongsvingerbanen", "operator": "Bane NOR", "passenger_lines": "2", "railway": "rail", "service": "siding", "voltage": "15000", "length_km": 0.134, "maxspeed_kmh": 40.0}}, {"type": "Feature", "geometry": {"type": "LineString", "coordinates": [[11.4203419, 60.0854802], [11.4203986, 60.08552], [11.4209395, 60.0858909], [11.4223053, 60.0868264], [11.4229529, 60.087271], [11.4237196, 60.0878069], [11.4244819, 60.0883328], [11.4252059, 60.0888309], [11.4258145, 60.0892558], [11.4263601, 60.0896429], [11.4269561, 60.0900552], [11.4274177, 60.0903775], [11.4277661, 60.0906119], [11.4284607, 60.0910985], [11.4314633, 60.0931759], [11.4340264, 60.0949581], [11.4356313, 60.0960889], [11.4386361, 60.0981564], [11.4406759, 60.0995871], [11.4435409, 60.1015598], [11.4450524, 60.1026245], [11.4598281, 60.1128599], [11.459959, 60.1129511], [11.4600875, 60.113043], [11.4602154, 60.1131358], [11.4603407, 60.1132292], [11.4604588, 60.1133193], [11.4605754, 60.1134101], [11.4606899, 60.1135013], [11.4608001, 60.1135938], [11.4609123, 60.1136889], [11.4610219, 60.1137847], [11.461129, 60.1138813], [11.4612348, 60.1139786], [11.4613329, 60.1140736], [11.4614298, 60.1141693], [11.4615229, 60.1142655], [11.4616147, 60.1143623], [11.4617113, 60.1144661], [11.461807, 60.1145741], [11.4618987, 60.1146817], [11.4619874, 60.1147898], [11.462057, 60.1148761], [11.4621226, 60.1149638], [11.4621892, 60.1150521], [11.4622529, 60.1151409], [11.4623068, 60.1152172], [11.4623587, 60.1152941], [11.4624086, 60.1153706], [11.4624566, 60.1154482], [11.4625031, 60.1155231], [11.4625474, 60.115598], [11.4625895, 60.1156737], [11.4626304, 60.1157495], [11.4626698, 60.1158241], [11.4627075, 60.115899], [11.4627457, 60.1159757], [11.4627816, 60.1160525], [11.4628242, 60.1161487], [11.4628631, 60.1162461], [11.4629019, 60.1163435], [11.4629382, 60.1164409], [11.4629768, 60.1165528], [11.4630125, 60.1166669], [11.4630291, 60.1167238], [11.4630457, 60.1167812], [11.4630742, 60.1168928], [11.4631048, 60.1170114], [11.4631308, 60.1171305], [11.4631569, 60.1172493], [11.4631819, 60.1173682], [11.4638687, 60.120781]]}, "properties": {"electrified": "contact_line", "frequency": "16.67", "gauge": "1435", "maxspeed": "130", "name": "Kongsvingerbanen", "operator": "Bane NOR", "passenger_lines": "1", "railway": "rail", "usage": "main", "voltage": "15000", "length_km": 4.685, "maxspeed_kmh": 130.0}}, {"type": "Feature", "geometry": {"type": "LineString", "coordinates": [[11.4641865, 60.1222862], [11.4642062, 60.1223447], [11.4642276, 60.1224034], [11.4642482, 60.1224626], [11.4642717, 60.1225211], [11.4643036, 60.1225823], [11.4643366, 60.1226434], [11.4644071, 60.1227652], [11.4644811, 60.1228948], [11.4645589, 60.1230237], [11.4646619, 60.1231855], [11.4647586, 60.1233474], [11.4648547, 60.1234995], [11.4649227, 60.1236113], [11.464948, 60.123653]]}, "properties": {"electrified": "contact_line", "frequency": "16.67", "gauge": "1435", "maxspeed": "40", "name": "Kongsvingerbanen", "operator": "Bane NOR", "railway": "rail", "service": "spur", "voltage": "15000", "length_km": 0.158, "maxspeed_kmh": 40.0}}, {"type": "Feature", "geometry": {"type": "LineString", "coordinates": [[11.6952051, 60.2531968], [11.6953676, 60.2531184], [11.6955301, 60.2530394], [11.6956894, 60.2529607], [11.6958476, 60.2528809], [11.6973725, 60.2521257], [11.6989582, 60.251339], [11.7021452, 60.2497578], [11.7053239, 60.2481808], [11.7076947, 60.2470028], [11.707887, 60.2469069], [11.7080806, 60.2468117], [11.7082766, 60.2467161], [11.7084701, 60.2466211], [11.7086655, 60.246527], [11.7088648, 60.2464349], [11.7090621, 60.2463438], [11.7092634, 60.2462527], [11.709447, 60.2461709], [11.7096337, 60.2460891], [11.7098212, 60.2460089], [11.7100118, 60.2459294], [11.7102186, 60.2458433], [11.7104284, 60.2457579], [11.7106421, 60.2456722], [11.7108573, 60.2455887], [11.7110711, 60.2455062], [11.711288, 60.2454244], [11.7115064, 60.2453441], [11.7117279, 60.2452639], [11.7119466, 60.2451856], [11.7121699, 60.2451074], [11.7123932, 60.2450307], [11.7126181, 60.2449547], [11.7128435, 60.244881], [11.7130721, 60.2448073], [11.7133022, 60.2447347], [11.7135369, 60.2446622], [11.7137671, 60.2445919], [11.7140024, 60.2445222], [11.7142396, 60.2444532], [11.7144793, 60.2443854], [11.7147038, 60.2443222], [11.7149331, 60.2442602], [11.7151627, 60.2441992], [11.7153947, 60.2441389], [11.7156042, 60.2440853], [11.7158148, 60.2440323], [11.7160523, 60.2439749], [11.7163678, 60.2438982], [11.7168616, 60.2437857], [11.7173611, 60.243676], [11.717863, 60.2435713], [11.7183685, 60.2434729], [11.7188761, 60.2433767], [11.7193892, 60.2432832], [11.720927, 60.2430013]]}, "properties": {"electrified": "contact_line", "frequency": "16.67", "gauge": "1435", "maxspeed": "130", "name": "Kongsvingerbanen", "operator": "Bane NOR", "passenger_lines": "1", "railway": "rail", "usage": "main", "voltage": "15000", "length_km": 1.844, "maxspeed_kmh": 130.0}}, {"type": "Feature", "geometry": {"type": "LineString", "coordinates": [[11.6351785, 60.2077837], [11.6352502, 60.2077954], [11.6353226, 60.2078067], [11.635467, 60.2078278], [11.6356112, 60.2078473], [11.6357577, 60.2078646], [11.6359064, 60.2078805], [11.6360623, 60.2078985], [11.6362153, 60.2079186], [11.6363683, 60.2079423], [11.6365029, 60.2079643], [11.6366347, 60.2079869], [11.6377735, 60.2081823], [11.6394931, 60.2084781], [11.6403622, 60.2086275], [11.6404082, 60.2086355], [11.6406275, 60.208674], [11.6408496, 60.2087135], [11.6410718, 60.2087535], [11.6412939, 60.208794], [11.6414939, 60.2088308], [11.6416928, 60.2088686], [11.6418908, 60.2089068], [11.6420897, 60.208946], [11.64245, 60.2090197], [11.6428088, 60.2090947], [11.6430884, 60.2091539], [11.6433758, 60.2092164], [11.6435914, 60.2092652], [11.6437939, 60.2093128], [11.6439954, 60.2093643], [11.6441084, 60.2093964], [11.6442204, 60.2094299], [11.644432, 60.2094964], [11.6446447, 60.2095612], [11.644754, 60.2095926], [11.6448642, 60.2096232]]}, "properties": {"electrified": "contact_line", "frequency": "16.67", "gauge": "1435", "maxspeed": "40", "name": "Kongsvingerbanen", "operator": "Bane NOR", "passenger_lines": "2", "railway": "rail", "service": "siding", "voltage": "15000", "length_km": 0.576, "maxspeed_kmh": 40.0}}, {"type": "Feature", "geometry": {"type": "LineString", "coordinates": [[11.5694428, 60.1733391], [11.5691283, 60.1729971], [11.5689871, 60.1728433], [11.5688177, 60.1726595], [11.5686456, 60.1724765], [11.5677041, 60.1714867], [11.5672372, 60.1709988], [11.5670265, 60.1707887], [11.5669165, 60.1706837], [11.5668074, 60.1705809], [11.5667088, 60.1704925], [11.5665698, 60.1703709], [11.566428, 60.17025], [11.566268, 60.1701203], [11.5661045, 60.169992], [11.5658689, 60.1698104], [11.5656315, 60.1696293], [11.5654443, 60.1694855], [11.5652629, 60.1693402], [11.5651638, 60.1692595], [11.5650676, 60.169178], [11.5649713, 60.1690965], [11.5648779, 60.1690151], [11.5646952, 60.168851], [11.5645174, 60.1686857], [11.5642663, 60.1684455], [11.5640344, 60.1682182], [11.5637792, 60.1679744]]}, "properties": {"electrified": "contact_line", "frequency": "16.67", "gauge": "1435", "maxspeed": "100", "name": "Kongsvingerbanen", "operator": "Bane NOR", "passenger_lines": "2", "railway": "rail", "usage": "main", "voltage": "15000", "length_km": 0.676, "maxspeed_kmh": 100.0}}, {"type": "Feature", "geometry": {"type": "LineString", "coordinates": [[11.5760211, 60.1821153], [11.5761517, 60.1821806]]}, "properties": {"bridge": "yes", "electrified": "contact_line", "frequency": "16.67", "gauge": "1435", "maxspeed": "130", "name": "Kongsvingerbanen", "operator": "Bane NOR", "passenger_lines": "1", "railway": "rail", "usage": "main", "voltage": "15000", "length_km": 0.01, "maxspeed_kmh": 130.0}}, {"type": "Feature", "geometry": {"type": "LineString", "coordinates": [[11.6449355, 60.2096436], [11.6450463, 60.2096713], [11.6451565, 60.2096996], [11.6452671, 60.2097283], [11.6453771, 60.2097578]]}, "properties": {"bridge": "yes", "electrified": "contact_line", "frequency": "16.67", "gauge": "1435", "maxspeed": "90", "name": "Kongsvingerbanen", "operator": "Bane NOR", "passenger_lines": "1", "railway": "rail", "usage": "main", "voltage": "15000", "length_km": 0.028, "maxspeed_kmh": 90.0}}, {"type": "Feature", "geometry": {"type": "LineString", "coordinates": [[11.5051211, 60.1582202], [11.5043642, 60.1579336]]}, "properties": {"bridge": "yes", "electrified": "contact_line", "frequency": "16.67", "gauge": "1435", "maxspeed": "110", "name": "Kongsvingerbanen", "operator": "Bane NOR", "passenger_lines": "1", "railway": "rail", "usage": "main", "voltage": "15000", "length_km": 0.053, "maxspeed_kmh": 110.0}}, {"type": "Feature", "geometry": {"type": "LineString", "coordinates": [[11.6706449, 60.2207965], [11.6709769, 60.2210252]]}, "properties": {"bridge": "yes", "electrified": "contact_line", "frequency": "16.67", "gauge": "1435", "maxspeed": "120", "name": "Kongsvingerbanen", "operator": "Bane NOR", "passenger_lines": "1", "railway": "rail", "usage": "main", "voltage": "15000", "length_km": 0.031, "maxspeed_kmh": 120.0}}, {"type": "Feature", "geometry": {"type": "LineString", "coordinates": [[11.6743143, 60.2371987], [11.6743263, 60.2373411]]}, "properties": {"bridge": "yes", "electrified": "contact_line", "frequency": "16.67", "gauge": "1435", "maxspeed": "130", "name": "Kongsvingerbanen", "operator": "Bane NOR", "passenger_lines": "1", "railway": "rail", "usage": "main", "voltage": "15000", "length_km": 0.016, "maxspeed_kmh": 130.0}}, {"type": "Feature", "geometry": {"type": "LineString", "coordinates": [[11.5637792, 60.1679744], [11.5638444, 60.1680348], [11.5639119, 60.1680951], [11.5639843, 60.1681536], [11.5640583, 60.1682113], [11.564199, 60.1683177], [11.5642679, 60.1683724], [11.5643354, 60.1684277], [11.5644039, 60.1684859], [11.5644682, 60.1685468], [11.5645981, 60.1686681], [11.5647745, 60.1688303], [11.5649548, 60.1689926], [11.565049, 60.1690735], [11.5651447, 60.1691537], [11.5652432, 60.1692346], [11.5653432, 60.169314], [11.5655273, 60.1694593], [11.5657158, 60.1696038], [11.5659502, 60.1697863], [11.5661836, 60.1699662], [11.5662926, 60.1700491], [11.5663543, 60.1700981], [11.5665164, 60.1702285], [11.5666585, 60.1703468], [11.5667787, 60.1704517], [11.5668949, 60.1705585], [11.5670021, 60.1706635], [11.567107, 60.1707689], [11.5673138, 60.170983], [11.5677799, 60.1714715], [11.5687261, 60.1724614], [11.5688127, 60.1725518], [11.5688981, 60.1726421], [11.5689819, 60.1727342], [11.5690602, 60.1728278], [11.5691114, 60.1728927], [11.5691596, 60.1729582], [11.5691922, 60.173009], [11.5692473, 60.1730923], [11.5693101, 60.1731747], [11.5693735, 60.173257], [11.5694072, 60.1732982], [11.5694428, 60.1733391]]}, "properties": {"electrified": "contact_line", "frequency": "16.67", "gauge": "1435", "maxspeed": "40", "name": "Kongsvingerbanen", "operator": "Bane NOR", "passenger_lines": "2", "railway": "rail", "service": "siding", "voltage": "15000", "length_km": 0.677, "maxspeed_kmh": 40.0}}, {"type": "Feature", "geometry": {"type": "LineString", "coordinates": [[11.6488991, 60.2109003], [11.6491967, 60.2110155], [11.6493917, 60.2110925], [11.6495838, 60.21117], [11.6497738, 60.2112477], [11.6499619, 60.2113268], [11.6501303, 60.2113977], [11.6502967, 60.2114691], [11.6504641, 60.2115413], [11.6506294, 60.211614], [11.6529497, 60.2126383], [11.6578646, 60.2148108], [11.661208, 60.2162862], [11.6644515, 60.2177164], [11.664568, 60.2177689], [11.664747, 60.2178486], [11.6649276, 60.2179284], [11.6651653, 60.2180337], [11.6654074, 60.2181398], [11.6670859, 60.218881], [11.6672819, 60.2189671], [11.6674761, 60.2190542], [11.667673, 60.2191431], [11.6678663, 60.2192321], [11.6680314, 60.2193098], [11.6681946, 60.2193894], [11.6683578, 60.2194695], [11.6685192, 60.2195504], [11.6686937, 60.2196402], [11.6688646, 60.2197299], [11.6690337, 60.2198209], [11.6692009, 60.2199129], [11.6693799, 60.220013], [11.6695572, 60.2201159], [11.6697335, 60.2202188], [11.6699043, 60.2203225], [11.6700746, 60.2204276], [11.6702415, 60.2205327], [11.6704068, 60.2206385], [11.6705687, 60.2207444], [11.6706449, 60.2207965]]}, "properties": {"electrified": "contact_line", "frequency": "16.67", "gauge": "1435", "maxspeed": "120", "name": "Kongsvingerbanen", "operator": "Bane NOR", "passenger_lines": "1", "railway": "rail", "usage": "main", "voltage": "15000", "length_km": 1.636, "maxspeed_kmh": 120.0}}, {"type": "Feature", "geometry": {"type": "LineString", "coordinates": [[11.6743263, 60.2373411], [11.6743361, 60.2374775], [11.6743424, 60.2376075], [11.6743435, 60.2377366], [11.6743438, 60.2378657], [11.6743406, 60.2379956], [11.6743337, 60.238122], [11.6743242, 60.2382484], [11.6743132, 60.2383751], [11.6742983, 60.2385011], [11.6742811, 60.2386315], [11.6742592, 60.2387611], [11.6742371, 60.2388912], [11.6742135, 60.2390212], [11.6734962, 60.2428634], [11.6734745, 60.2429762], [11.6734564, 60.243089], [11.6734382, 60.2432021], [11.6734224, 60.2433152], [11.6734087, 60.243423], [11.6733973, 60.2435309], [11.6733888, 60.2436393], [11.6733827, 60.2437477], [11.6733783, 60.2438495], [11.6733762, 60.2439513], [11.6733753, 60.2440533], [11.6733768, 60.2441554], [11.6733789, 60.2442386], [11.6733835, 60.2443224], [11.6733886, 60.2444061], [11.6733949, 60.2444905], [11.6734016, 60.244574], [11.6734118, 60.2446582], [11.6734215, 60.244742], [11.6734347, 60.2448258], [11.6734462, 60.2449087], [11.6734612, 60.2449915], [11.6734757, 60.2450744], [11.6734925, 60.2451573], [11.673514, 60.2452563], [11.6735379, 60.2453559], [11.6735635, 60.2454558], [11.6735915, 60.2455557], [11.6736087, 60.2456186], [11.6736282, 60.2456815], [11.6736478, 60.2457447], [11.6736685, 60.2458074], [11.6737115, 60.2459297], [11.6737569, 60.246052], [11.6738041, 60.246174], [11.6738548, 60.246296], [11.6739091, 60.2464175], [11.6739658, 60.2465383], [11.6740182, 60.2466476], [11.6740719, 60.2467562]]}, "properties": {"electrified": "contact_line", "frequency": "16.67", "gauge": "1435", "maxspeed": "130", "name": "Kongsvingerbanen", "operator": "Bane NOR", "passenger_lines": "1", "railway": "rail", "usage": "main", "voltage": "15000", "length_km": 1.055, "maxspeed_kmh": 130.0}}, {"type": "Feature", "geometry": {"type": "LineString", "coordinates": [[11.5761517, 60.1821806], [11.5922612, 60.1900569], [11.6078101, 60.1976523], [11.6169897, 60.2021422], [11.6212611, 60.2042357], [11.6214155, 60.2043112], [11.6215715, 60.2043867], [11.6217262, 60.204462], [11.6218827, 60.2045373], [11.6220123, 60.2045988], [11.6221441, 60.2046595], [11.6222761, 60.2047199], [11.6224089, 60.20478], [11.6225275, 60.2048323], [11.6226467, 60.2048839], [11.6227654, 60.2049346], [11.6228846, 60.2049851], [11.6230061, 60.2050349], [11.6231283, 60.2050848], [11.6232523, 60.2051342], [11.6233763, 60.2051834], [11.623504, 60.2052328], [11.623633, 60.2052822], [11.6237626, 60.2053308], [11.6238936, 60.205379], [11.6240421, 60.2054326], [11.6241931, 60.2054852], [11.6243435, 60.205538], [11.6244951, 60.2055902], [11.6246845, 60.2056526], [11.6248788, 60.2057151], [11.6250719, 60.2057765], [11.6252686, 60.2058368], [11.6254911, 60.2059033], [11.6257185, 60.2059698], [11.6259466, 60.2060341], [11.6261771, 60.2060972], [11.626408, 60.2061575], [11.6266413, 60.2062172], [11.6268752, 60.2062747], [11.6271116, 60.2063316], [11.6273482, 60.2063865], [11.6275909, 60.2064401], [11.6278312, 60.2064922], [11.6280764, 60.2065418], [11.6283163, 60.2065905], [11.6285617, 60.2066372], [11.6288065, 60.2066823], [11.6290541, 60.2067265], [11.634519, 60.2076692]]}, "properties": {"electrified": "contact_line", "frequency": "16.67", "gauge": "1435", "maxspeed": "130", "name": "Kongsvingerbanen", "operator": "Bane NOR", "passenger_lines": "1", "railway": "rail", "usage": "main", "voltage": "15000", "length_km": 4.346, "maxspeed_kmh": 130.0}}, {"type": "Feature", "geometry": {"type": "LineString", "coordinates": [[11.6709769, 60.2210252], [11.6711978, 60.2211848], [11.6713503, 60.2212973], [11.6714995, 60.2214107], [11.6716479, 60.221525], [11.6717912, 60.2216392], [11.6719325, 60.221754], [11.6720704, 60.2218696], [11.6722058, 60.2219852], [11.6723395, 60.2221009], [11.67247, 60.2222185], [11.6725971, 60.2223378], [11.6727251, 60.2224575], [11.6728463, 60.222578], [11.6729145, 60.2226457], [11.6730152, 60.2227517], [11.6731143, 60.2228569], [11.6732109, 60.2229616], [11.6733058, 60.2230681], [11.6734134, 60.2231922], [11.6735161, 60.2233172], [11.673617, 60.2234418], [11.6737146, 60.2235681], [11.6738093, 60.223694], [11.673899, 60.22382], [11.6739854, 60.2239468], [11.6740717, 60.2240744], [11.6741489, 60.2241979], [11.6742244, 60.2243213], [11.6742973, 60.2244464], [11.6743653, 60.2245716], [11.6744349, 60.2247016], [11.6745011, 60.2248325], [11.6745648, 60.2249637], [11.6746252, 60.2250958], [11.6746834, 60.2252286], [11.6747344, 60.2253614], [11.6747841, 60.2254942], [11.6748314, 60.2256282], [11.6748777, 60.2257696], [11.6749216, 60.2259121], [11.6749545, 60.226032], [11.6749855, 60.2261602], [11.6750162, 60.2262973], [11.6750422, 60.2264345], [11.6750669, 60.226571], [11.6750867, 60.2267076], [11.6751012, 60.2268217], [11.6751123, 60.2269349]]}, "properties": {"electrified": "contact_line", "frequency": "16.67", "gauge": "1435", "maxspeed": "120", "name": "Kongsvingerbanen", "operator": "Bane NOR", "passenger_lines": "1", "railway": "rail", "usage": "main", "voltage": "15000", "length_km": 0.707, "maxspeed_kmh": 120.0}}, {"type": "Feature", "geometry": {"type": "LineString", "coordinates": [[11.6756632, 60.2498603], [11.6758776, 60.2502793], [11.6759618, 60.2504369], [11.6760492, 60.2505919], [11.6761026, 60.2506843], [11.6761589, 60.2507767], [11.6762181, 60.2508691], [11.6762816, 60.2509622], [11.6763593, 60.2510647], [11.6764399, 60.2511665], [11.6765247, 60.2512697], [11.6766124, 60.2513722], [11.6766782, 60.2514438], [11.6767454, 60.2515148], [11.676814, 60.2515858], [11.6768866, 60.251656], [11.6769655, 60.2517279], [11.6770488, 60.2518025], [11.6771251, 60.251869], [11.6772065, 60.2519368], [11.6772922, 60.2520054], [11.6773793, 60.252074], [11.6774691, 60.2521416], [11.6775602, 60.2522085], [11.6776595, 60.2522781], [11.6777604, 60.2523468], [11.6778683, 60.2524179], [11.6779779, 60.2524883], [11.6780873, 60.2525555], [11.6781982, 60.2526213], [11.6783123, 60.2526874], [11.6784263, 60.2527527], [11.6785358, 60.2528113], [11.678646, 60.2528696], [11.6787581, 60.2529281], [11.6788716, 60.2529862], [11.6790255, 60.2530619], [11.6791844, 60.2531373], [11.6793445, 60.2532114], [11.679507, 60.2532843], [11.6796672, 60.2533551], [11.6798326, 60.2534247], [11.6799997, 60.2534933], [11.6801697, 60.2535615], [11.6803735, 60.2536395], [11.6805806, 60.2537164], [11.6808486, 60.2538123], [11.6810589, 60.2538834], [11.6812713, 60.2539536], [11.6814878, 60.254022], [11.6817087, 60.2540892], [11.6818941, 60.2541436], [11.6820835, 60.2541968], [11.682275, 60.2542489], [11.6824708, 60.2543004], [11.6825915, 60.2543314], [11.6827155, 60.2543618], [11.6828396, 60.2543916], [11.682966, 60.2544209], [11.68313, 60.2544562], [11.6832964, 60.254491], [11.6834627, 60.2545236], [11.6836336, 60.254555], [11.6837989, 60.2545837], [11.6839686, 60.2546112], [11.6841384, 60.2546371], [11.6843104, 60.2546613], [11.6844821, 60.2546835], [11.6846561, 60.2547046], [11.6848329, 60.2547237], [11.6850096, 60.2547418], [11.6851861, 60.2547572], [11.6853642, 60.2547715], [11.6855441, 60.2547839], [11.6857245, 60.2547946], [11.6858757, 60.2548028], [11.6860292, 60.2548105], [11.6861816, 60.2548162], [11.6863374, 60.254823], [11.6865058, 60.2548277], [11.6866742, 60.2548305], [11.6867813, 60.2548321], [11.68689, 60.2548329], [11.6870122, 60.254833]]}, "properties": {"electrified": "contact_line", "frequency": "16.67", "gauge": "1435", "maxspeed": "105", "name": "Kongsvingerbanen", "operator": "Bane NOR", "passenger_lines": "2", "railway": "rail", "usage": "main", "voltage": "15000", "length_km": 0.906, "maxspeed_kmh": 105.0}}, {"type": "Feature", "geometry": {"type": "LineString", "coordinates": [[11.6786504, 60.2528102], [11.6787692, 60.2528735], [11.6789327, 60.2529565], [11.6790852, 60.2530319], [11.679242, 60.2531063], [11.6794012, 60.2531802], [11.6795636, 60.2532531], [11.6797231, 60.2533241], [11.6798892, 60.2533934], [11.6800554, 60.2534619], [11.680226, 60.2535295], [11.6804223, 60.2536049], [11.6806234, 60.253681], [11.6809014, 60.2537792], [11.6811049, 60.2538481], [11.6813134, 60.2539171], [11.6815312, 60.2539863], [11.6817539, 60.2540539], [11.6819386, 60.2541071], [11.6821256, 60.2541598], [11.6823142, 60.2542119], [11.6825074, 60.2542607], [11.6826255, 60.2542899], [11.6827457, 60.2543185], [11.6828694, 60.2543463], [11.6829942, 60.254373], [11.6831613, 60.2544067], [11.6833318, 60.2544386], [11.6835017, 60.2544681], [11.6836739, 60.2544964], [11.6838486, 60.2545238], [11.684029, 60.2545484], [11.6842088, 60.2545719], [11.6843909, 60.2545938], [11.6850404, 60.2546688], [11.6854729, 60.2547204]]}, "properties": {"electrified": "contact_line", "frequency": "16.67", "gauge": "1435", "maxspeed": "40", "name": "Kongsvingerbanen", "operator": "Bane NOR", "passenger_lines": "2", "railway": "rail", "service": "siding", "voltage": "15000", "length_km": 0.442, "maxspeed_kmh": 40.0}}, {"type": "Feature", "geometry": {"type": "LineString", "coordinates": [[11.5702877, 60.1746431], [11.570311, 60.1747195], [11.5703418, 60.1748314], [11.5703715, 60.1749432], [11.5703972, 60.1750553], [11.5704207, 60.1751674], [11.5704439, 60.1752841], [11.5704649, 60.1754008], [11.5704842, 60.1755175], [11.5705024, 60.1756341], [11.5705128, 60.1757332], [11.570522, 60.1758316], [11.5705324, 60.1759304], [11.5705394, 60.1760292], [11.5705688, 60.1764593], [11.5705776, 60.1765724], [11.5705875, 60.1766856], [11.5706003, 60.1767992], [11.5706158, 60.1769128], [11.5706342, 60.177021], [11.5706555, 60.1771298], [11.5706782, 60.1772383], [11.5707047, 60.1773472], [11.570739, 60.1774643], [11.5707755, 60.177582], [11.5708147, 60.177699], [11.5708583, 60.1778156], [11.5709068, 60.177932], [11.5709597, 60.1780478], [11.5710164, 60.1781637], [11.5710763, 60.178279], [11.5711394, 60.1783928], [11.5712069, 60.178506], [11.5712771, 60.178619], [11.5713495, 60.1787319], [11.5714288, 60.178844], [11.5715092, 60.1789561], [11.5715966, 60.1790677], [11.5716863, 60.1791787], [11.5717799, 60.1792873], [11.5718756, 60.1793958], [11.5719757, 60.1795039], [11.572079, 60.1796114], [11.5721859, 60.1797173], [11.5722959, 60.1798226], [11.5724102, 60.1799269], [11.5725266, 60.1800312], [11.5726459, 60.1801312], [11.5727674, 60.1802313], [11.5728928, 60.1803305], [11.5730216, 60.1804292], [11.5731547, 60.1805263], [11.5732902, 60.1806234], [11.5734312, 60.1807199], [11.5735746, 60.1808158], [11.5737194, 60.1809083], [11.5738677, 60.1810002], [11.5740199, 60.1810907], [11.5741743, 60.1811812], [11.5742945, 60.1812483], [11.5744158, 60.1813154], [11.5745399, 60.181382], [11.5746651, 60.181448], [11.5748257, 60.1815309], [11.5749962, 60.1816162], [11.575169, 60.1817015], [11.5753412, 60.1817865], [11.5755157, 60.1818709], [11.5756406, 60.1819323], [11.5757667, 60.1819937], [11.5758933, 60.1820548], [11.5760211, 60.1821153]]}, "properties": {"electrified": "contact_line", "frequency": "16.67", "gauge": "1435", "maxspeed": "130", "name": "Kongsvingerbanen", "operator": "Bane NOR", "passenger_lines": "1", "railway": "rail", "usage": "main", "voltage": "15000", "length_km": 0.924, "maxspeed_kmh": 130.0}}, {"type": "Feature", "geometry": {"type": "LineString", "coordinates": [[11.5057378, 60.1584554], [11.5057916, 60.1584767], [11.5059676, 60.1585444], [11.5061417, 60.1586139], [11.5063122, 60.1586842], [11.5064828, 60.1587559], [11.5066376, 60.1588252], [11.5067924, 60.1588963], [11.5069418, 60.1589686], [11.5070877, 60.1590423], [11.5072322, 60.1591201], [11.5073741, 60.159199], [11.5075131, 60.1592785], [11.5076512, 60.1593594], [11.5077982, 60.1594527], [11.5079439, 60.1595476], [11.5080883, 60.159642], [11.508231, 60.1597382], [11.5083726, 60.1598347], [11.5085156, 60.1599308], [11.5086579, 60.1600269], [11.508804, 60.1601223], [11.5089344, 60.1602067], [11.5090691, 60.1602878], [11.5092047, 60.1603693], [11.5093425, 60.1604502], [11.5094841, 60.1605273], [11.5096268, 60.1606038], [11.5097761, 60.1606799], [11.5099298, 60.1607543], [11.5100841, 60.1608266], [11.5102407, 60.1608983], [11.510406, 60.1609696], [11.5105724, 60.1610398], [11.51405, 60.162363], [11.5149516, 60.1627075], [11.5151501, 60.1627809], [11.515351, 60.1628549], [11.5155548, 60.1629276], [11.5157616, 60.1629984], [11.515941, 60.1630563], [11.5161223, 60.1631133], [11.516306, 60.1631683], [11.5164956, 60.1632218], [11.5166695, 60.1632679], [11.5168462, 60.1633126], [11.5170265, 60.1633559], [11.5172096, 60.1633977], [11.5173999, 60.1634386], [11.5175959, 60.163478], [11.5177912, 60.1635152], [11.5179908, 60.1635511], [11.5181862, 60.1635831], [11.5183846, 60.1636136], [11.5185843, 60.1636424], [11.5187869, 60.1636698], [11.5190055, 60.163699], [11.5192257, 60.1637274], [11.5194444, 60.1637556], [11.5196645, 60.1637834], [11.5198883, 60.1638124], [11.5201136, 60.163843], [11.5203381, 60.1638759], [11.5205626, 60.1639097], [11.5208018, 60.1639491], [11.5210389, 60.1639901], [11.521277, 60.1640336], [11.5215118, 60.1640788], [11.5217426, 60.1641241], [11.5219727, 60.16417], [11.5222028, 60.1642161], [11.5224328, 60.1642625], [11.5255516, 60.1648908], [11.5286083, 60.165508], [11.5287877, 60.1655441], [11.5289683, 60.1655796], [11.5291496, 60.1656148], [11.5293322, 60.1656494], [11.5295292, 60.1656846], [11.5297275, 60.1657194], [11.5299276, 60.1657514], [11.5301297, 60.1657809], [11.5303186, 60.1658063], [11.5305076, 60.1658293], [11.5306979, 60.1658501], [11.5308907, 60.1658696], [11.531098, 60.1658862], [11.531306, 60.1659012], [11.5315159, 60.1659137], [11.5317228, 60.1659234], [11.5319318, 60.1659322], [11.5321422, 60.1659389], [11.5323532, 60.165945], [11.5325656, 60.1659497], [11.5327937, 60.1659549], [11.5330231, 60.1659598], [11.5332525, 60.1659661], [11.533482, 60.1659736], [11.5336905, 60.1659816], [11.5338991, 60.1659913], [11.5341077, 60.1660033], [11.5343174, 60.1660176], [11.5345039, 60.1660335], [11.5346892, 60.1660517], [11.5348762, 60.166071], [11.535061, 60.1660931], [11.5352847, 60.1661199], [11.5355054, 60.1661497], [11.5357239, 60.1661803], [11.5359454, 60.1662116], [11.5361812, 60.1662453], [11.5364184, 60.1662782], [11.5366556, 60.16631], [11.5368943, 60.1663403], [11.537095, 60.166364], [11.5372971, 60.1663862], [11.5375008, 60.1664068], [11.537706, 60.1664253], [11.5379262, 60.1664429], [11.5381464, 60.1664582], [11.5383711, 60.1664724], [11.5385943, 60.1664837], [11.5388126, 60.1664911], [11.5390354, 60.1664985], [11.5392545, 60.1665037], [11.5394751, 60.1665052], [11.5396992, 60.1665056], [11.5399204, 60.1665038], [11.5401431, 60.1665012], [11.5403658, 60.1664949], [11.5405912, 60.1664859], [11.5408166, 60.1664754], [11.5410413, 60.1664623], [11.5412674, 60.1664462]]}, "properties": {"electrified": "contact_line", "frequency": "16.67", "gauge": "1435", "maxspeed": "110", "name": "Kongsvingerbanen", "operator": "Bane NOR", "passenger_lines": "1", "railway": "rail", "usage": "main", "voltage": "15000", "length_km": 2.241, "maxspeed_kmh": 110.0}}, {"type": "Feature", "geometry": {"type": "LineString", "coordinates": [[11.6351785, 60.2077837], [11.6357422, 60.2078803], [11.6360312, 60.2079307], [11.6363213, 60.2079804], [11.6366415, 60.2080363], [11.6369618, 60.2080908], [11.6373519, 60.2081586], [11.6377434, 60.2082251], [11.6394627, 60.2085219], [11.6403772, 60.2086796], [11.6405984, 60.2087186], [11.6408196, 60.2087576], [11.6410407, 60.208797], [11.6412619, 60.2088377], [11.6414597, 60.2088737], [11.6416564, 60.2089107], [11.6418561, 60.2089486], [11.6420558, 60.2089876], [11.6424189, 60.2090614], [11.6427705, 60.2091344], [11.6430538, 60.2091958], [11.6433356, 60.209258], [11.643559, 60.2093088], [11.6439556, 60.2094012], [11.6441804, 60.2094543], [11.6444038, 60.2095096], [11.644677, 60.2095779], [11.644862, 60.209625]]}, "properties": {"electrified": "contact_line", "frequency": "16.67", "gauge": "1435", "maxspeed": "90", "name": "Kongsvingerbanen", "operator": "Bane NOR", "passenger_lines": "2", "railway": "rail", "usage": "main", "voltage": "15000", "length_km": 0.575, "maxspeed_kmh": 90.0}}, {"type": "Feature", "geometry": {"type": "LineString", "coordinates": [[11.7463803, 60.2383244], [11.7476582, 60.2380901], [11.7593188, 60.2359454], [11.7739035, 60.2332623], [11.7799468, 60.2321483], [11.7886271, 60.230549], [11.7944207, 60.2294832], [11.7980277, 60.2288192], [11.804419, 60.2276396], [11.8046989, 60.2275859]]}, "properties": {"electrified": "contact_line", "frequency": "16.67", "gauge": "1435", "maxspeed": "130", "name": "Kongsvingerbanen", "operator": "Bane NOR", "passenger_lines": "1", "railway": "rail", "usage": "main", "voltage": "15000", "length_km": 3.446, "maxspeed_kmh": 130.0}}, {"type": "Feature", "geometry": {"type": "LineString", "coordinates": [[11.9996548, 60.1879182], [11.9997135, 60.1879069], [11.9997726, 60.1878961], [11.9998899, 60.1878751], [12.0000079, 60.1878551], [12.0001283, 60.1878371], [12.0002597, 60.1878207], [12.0012117, 60.1877054], [12.0013441, 60.1876898], [12.001479, 60.1876746], [12.0016162, 60.1876605], [12.0017543, 60.1876486], [12.0018919, 60.187639], [12.0020296, 60.1876319], [12.0021681, 60.1876268], [12.0023066, 60.1876241], [12.0024407, 60.1876235], [12.0025816, 60.1876253], [12.0029468, 60.1876348], [12.0035902, 60.1876536], [12.0056712, 60.1877117], [12.0074844, 60.1877644], [12.008576, 60.1877974], [12.0086281, 60.1877992], [12.0100003, 60.1878403], [12.0108517, 60.1878647], [12.0118579, 60.1878934], [12.0121988, 60.1879031], [12.0129331, 60.1879237], [12.0161834, 60.1880143], [12.0194949, 60.188107]]}, "properties": {"electrified": "contact_line", "frequency": "16.67", "gauge": "1435", "maxspeed": "40", "name": "Kongsvingerbanen", "operator": "Bane NOR", "passenger_lines": "2", "railway": "rail", "usage": "main", "voltage": "15000", "length_km": 1.106, "maxspeed_kmh": 40.0}}, {"type": "Feature", "geometry": {"type": "LineString", "coordinates": [[11.8179243, 60.222956], [11.8196395, 60.2222046], [11.8220591, 60.2211462], [11.8229029, 60.2207765], [11.8237536, 60.220403], [11.8246039, 60.220031], [11.8254488, 60.2196591], [11.8289819, 60.2181108], [11.8338467, 60.2159826], [11.8345765, 60.2156637], [11.838205, 60.2140744], [11.8571825, 60.2057636], [11.8581798, 60.2053268], [11.8587945, 60.2050551], [11.8596069, 60.2047003], [11.8604205, 60.2043403], [11.863065, 60.2031824]]}, "properties": {"electrified": "contact_line", "frequency": "16.67", "gauge": "1435", "maxspeed": "130", "name": "Kongsvingerbanen", "operator": "Bane NOR", "passenger_lines": "1", "railway": "rail", "usage": "main", "voltage": "15000", "length_km": 3.334, "maxspeed_kmh": 130.0}}, {"type": "Feature", "geometry": {"type": "LineString", "coordinates": [[12.0224629, 60.1881911], [12.0223379, 60.1881885], [12.0222124, 60.1881873], [12.0220876, 60.1881867], [12.0219645, 60.1881879], [12.0214605, 60.1882044]]}, "properties": {"electrified": "contact_line", "frequency": "16.67", "gauge": "1435", "maxspeed": "40", "name": "Kongsvingerbanen", "operator": "Bane NOR", "railway": "rail", "service": "crossover", "usage": "main", "voltage": "15000", "length_km": 0.056, "maxspeed_kmh": 40.0}}, {"type": "Feature", "geometry": {"type": "LineString", "coordinates": [[11.817878, 60.2229758], [11.8156689, 60.223942], [11.8140669, 60.2246449], [11.8131648, 60.2250387], [11.8129002, 60.2251509], [11.8126375, 60.2252612], [11.8123484, 60.2253784], [11.8121084, 60.2254731], [11.811874, 60.225564], [11.811679, 60.2256389], [11.8114805, 60.2257138], [11.8112793, 60.2257882], [11.8110746, 60.2258618], [11.8108556, 60.2259395], [11.8106327, 60.2260163], [11.8104097, 60.2260925], [11.8101859, 60.2261675], [11.8099521, 60.2262429], [11.8097228, 60.2263161], [11.8094933, 60.2263887], [11.8092638, 60.2264602], [11.8090205, 60.2265335], [11.8087771, 60.2266056], [11.8085326, 60.2266762], [11.8082882, 60.2267456], [11.8079641, 60.2268357], [11.8078457, 60.2268684], [11.8075811, 60.2269377], [11.8073188, 60.2270052], [11.807095, 60.2270615], [11.806869, 60.2271171], [11.8064148, 60.2272263], [11.8061715, 60.2272811], [11.8059466, 60.2273314], [11.8057324, 60.2273772], [11.8049434, 60.2275388]]}, "properties": {"electrified": "contact_line", "frequency": "16.67", "gauge": "1435", "maxspeed": "130", "name": "Kongsvingerbanen", "operator": "Bane NOR", "passenger_lines": "2", "railway": "rail", "usage": "main", "voltage": "15000", "length_km": 0.884, "maxspeed_kmh": 130.0}}, {"type": "Feature", "geometry": {"type": "LineString", "coordinates": [[11.8832555, 60.1972858], [11.8826749, 60.1972521], [11.8824455, 60.197242], [11.8822173, 60.1972332], [11.8820547, 60.1972276], [11.8818934, 60.1972233], [11.8817314, 60.1972203], [11.881572, 60.1972184], [11.8813523, 60.1972178], [11.8811326, 60.1972192], [11.8809149, 60.1972229], [11.8806975, 60.1972277], [11.8804843, 60.197235], [11.8802727, 60.1972446], [11.8800603, 60.197255], [11.8798479, 60.1972677], [11.8796376, 60.1972821], [11.8794255, 60.1972984], [11.8792171, 60.1973161], [11.8790087, 60.1973356], [11.8788198, 60.1973542], [11.8786308, 60.1973748], [11.8784414, 60.1973953], [11.8782545, 60.1974172], [11.878067, 60.1974405], [11.8778365, 60.1974734], [11.8776107, 60.1975082], [11.8773445, 60.1975497], [11.8770887, 60.1975927], [11.8768028, 60.197648], [11.8760657, 60.197809]]}, "properties": {"electrified": "contact_line", "frequency": "16.67", "gauge": "1435", "maxspeed": "70", "name": "Kongsvingerbanen", "operator": "Bane NOR", "passenger_lines": "2", "railway": "rail", "usage": "main", "voltage": "15000", "length_km": 0.409, "maxspeed_kmh": 70.0}}, {"type": "Feature", "geometry": {"type": "LineString", "coordinates": [[11.7372844, 60.2399954], [11.7424937, 60.2390408]]}, "properties": {"electrified": "contact_line", "frequency": "16.67", "gauge": "1435", "maxspeed": "130", "name": "Kongsvingerbanen", "operator": "Bane NOR", "passenger_lines": "1", "railway": "rail", "usage": "main", "voltage": "15000", "length_km": 0.308, "maxspeed_kmh": 130.0}}, {"type": "Feature", "geometry": {"type": "LineString", "coordinates": [[11.8760161, 60.1978211], [11.8760657, 60.197809]]}, "properties": {"electrified": "contact_line", "frequency": "16.67", "gauge": "1435", "maxspeed": "70", "name": "Kongsvingerbanen", "operator": "Bane NOR", "passenger_lines": "1", "railway": "rail", "usage": "main", "voltage": "15000", "length_km": 0.003, "maxspeed_kmh": 70.0}}, {"type": "Feature", "geometry": {"type": "LineString", "coordinates": [[11.7456996, 60.2384503], [11.7463803, 60.2383244]]}, "properties": {"bridge": "yes", "electrified": "contact_line", "frequency": "16.67", "gauge": "1435", "maxspeed": "130", "name": "Kongsvingerbanen", "operator": "Bane NOR", "passenger_lines": "1", "railway": "rail", "usage": "main", "voltage": "15000", "length_km": 0.04, "maxspeed_kmh": 130.0}}, {"type": "Feature", "geometry": {"type": "LineString", "coordinates": [[11.9528133, 60.2060866], [11.9530742, 60.2060289], [11.9533351, 60.2059693]]}, "properties": {"bridge": "yes", "electrified": "contact_line", "frequency": "16.67", "gauge": "1435", "maxspeed": "130", "name": "Kongsvingerbanen", "operator": "Bane NOR", "passenger_lines": "1", "railway": "rail", "usage": "main", "voltage": "15000", "length_km": 0.032, "maxspeed_kmh": 130.0}}, {"type": "Feature", "geometry": {"type": "LineString", "coordinates": [[11.7424937, 60.2390408], [11.7456996, 60.2384503]]}, "properties": {"electrified": "contact_line", "frequency": "16.67", "gauge": "1435", "maxspeed": "130", "name": "Kongsvingerbanen", "operator": "Bane NOR", "passenger_lines": "1", "railway": "rail", "usage": "main", "voltage": "15000", "length_km": 0.189, "maxspeed_kmh": 130.0}}, {"type": "Feature", "geometry": {"type": "LineString", "coordinates": [[11.8760657, 60.197809], [11.8761617, 60.1977871], [11.8762369, 60.1977689], [11.8763135, 60.1977491], [11.8764025, 60.1977252], [11.8766734, 60.1976514], [11.8767771, 60.1976243], [11.8768544, 60.1976064], [11.8769603, 60.1975831], [11.8770674, 60.1975606], [11.8773201, 60.1975113], [11.8775871, 60.1974663], [11.8778134, 60.1974316], [11.87805, 60.1973993], [11.8782355, 60.1973768], [11.8784226, 60.1973556], [11.8786112, 60.1973339], [11.8788014, 60.1973133], [11.8789916, 60.1972939], [11.8792019, 60.1972751], [11.8794139, 60.1972571], [11.8796251, 60.1972414], [11.8798363, 60.197227], [11.8800471, 60.1972154], [11.8802618, 60.1972051], [11.8804747, 60.1971962], [11.8806903, 60.1971893], [11.8809103, 60.1971835], [11.8811301, 60.1971794], [11.8813517, 60.1971772], [11.8815746, 60.1971767], [11.8817345, 60.1971774], [11.8818972, 60.197181], [11.8820625, 60.1971873], [11.882127, 60.1971907]]}, "properties": {"electrified": "contact_line", "frequency": "16.67", "gauge": "1435", "maxspeed": "40", "name": "Kongsvingerbanen", "operator": "Bane NOR", "passenger_lines": "2", "railway": "rail", "service": "siding", "voltage": "15000", "length_km": 0.348, "maxspeed_kmh": 40.0}}, {"type": "Feature", "geometry": {"type": "LineString", "coordinates": [[11.9984898, 60.1881947], [11.9987695, 60.1881238], [11.998915, 60.1880873], [11.9991135, 60.1880392], [11.9992795, 60.1880009], [11.9994443, 60.1879638], [11.9996548, 60.1879182]]}, "properties": {"electrified": "contact_line", "frequency": "16.67", "gauge": "1435", "maxspeed": "40", "name": "Kongsvingerbanen", "operator": "Bane NOR", "passenger_lines": "2", "railway": "rail", "usage": "main", "voltage": "15000", "length_km": 0.072, "maxspeed_kmh": 40.0}}, {"type": "Feature", "geometry": {"type": "LineString", "coordinates": [[11.8049434, 60.2275388], [11.8051392, 60.2274979], [11.8053334, 60.2274552], [11.805528, 60.2274115], [11.8057268, 60.2273641], [11.8059256, 60.227311], [11.8061435, 60.2272544], [11.8063216, 60.2272087], [11.8068354, 60.2270798], [11.8070535, 60.2270237], [11.8072777, 60.2269655], [11.8075402, 60.2268986], [11.8077966, 60.2268306], [11.8079182, 60.226798], [11.8082457, 60.2267083], [11.8084883, 60.2266386], [11.8087323, 60.2265675], [11.8089698, 60.2264961], [11.8092137, 60.2264221], [11.809446, 60.2263514], [11.809677, 60.2262794], [11.8099146, 60.2262049], [11.8101338, 60.2261335], [11.8103633, 60.2260566], [11.8105888, 60.2259804], [11.810804, 60.2259055], [11.8110269, 60.2258253], [11.8113771, 60.2256983], [11.8116445, 60.2255967], [11.8119641, 60.2254712], [11.8121722, 60.2253911], [11.8125119, 60.2252558], [11.8128193, 60.2251299], [11.8131116, 60.2250078], [11.8144444, 60.2244257], [11.8157485, 60.2238531], [11.8160849, 60.2237045], [11.8164157, 60.2235619], [11.8165925, 60.2234892], [11.8167931, 60.2234109], [11.8170753, 60.223306], [11.8172275, 60.2232477], [11.8174414, 60.2231628], [11.817878, 60.2229758]]}, "properties": {"electrified": "contact_line", "frequency": "16.67", "gauge": "1435", "maxspeed": "60", "name": "Kongsvingerbanen", "operator": "Bane NOR", "passenger_lines": "2", "railway": "rail", "service": "siding", "voltage": "15000", "length_km": 0.883, "maxspeed_kmh": 60.0}}, {"type": "Feature", "geometry": {"type": "LineString", "coordinates": [[11.8751424, 60.1980482], [11.8753528, 60.19799], [11.8756119, 60.1979225], [11.8758159, 60.1978697], [11.8760161, 60.1978211]]}, "properties": {"bridge": "yes", "electrified": "contact_line", "frequency": "16.67", "gauge": "1435", "maxspeed": "70", "name": "Kongsvingerbanen", "operator": "Bane NOR", "passenger_lines": "1", "railway": "rail", "usage": "main", "voltage": "15000", "length_km": 0.055, "maxspeed_kmh": 70.0}}, {"type": "Feature", "geometry": {"type": "LineString", "coordinates": [[11.9533351, 60.2059693], [11.9535904, 60.2059099], [11.9540916, 60.2057903], [11.9545969, 60.2056655], [11.9550959, 60.2055386], [11.9555908, 60.2054096], [11.9560677, 60.2052796], [11.9565425, 60.2051466], [11.9569467, 60.2050293], [11.957351, 60.20491], [11.9578279, 60.2047639], [11.9583028, 60.2046148], [11.9587715, 60.2044635], [11.9592376, 60.2043077], [11.9596994, 60.2041476], [11.9601555, 60.203986], [11.9606102, 60.2038189], [11.9610522, 60.2036504], [11.9614958, 60.2034796], [11.9619325, 60.2033043], [11.9623673, 60.2031266], [11.9627976, 60.2029483], [11.9755554, 60.1976566], [11.9759835, 60.1974796], [11.9764089, 60.1973026], [11.9768245, 60.1971308], [11.97724, 60.1969575], [11.9775779, 60.1968178], [11.9779142, 60.196678], [11.9780833, 60.1966069], [11.9782493, 60.1965358], [11.9784168, 60.1964644], [11.9785812, 60.1963921], [11.9787484, 60.1963152], [11.9789141, 60.1962383], [11.9790767, 60.196161], [11.9792347, 60.196083], [11.9793929, 60.1960014], [11.9795495, 60.195919], [11.9797008, 60.1958359], [11.9798505, 60.1957527], [11.9799932, 60.1956669], [11.9801343, 60.1955811], [11.9802747, 60.1954941], [11.9804135, 60.1954064], [11.9805496, 60.1953152], [11.980681, 60.1952239], [11.9808124, 60.1951323], [11.9809376, 60.1950391], [11.9810592, 60.1949466], [11.9811762, 60.194854], [11.98129, 60.1947611], [11.9814023, 60.1946674], [11.981514, 60.194569], [11.9816225, 60.1944691], [11.9817287, 60.1943691], [11.9818303, 60.1942692], [11.9819297, 60.1941685], [11.9820245, 60.1940671], [11.9821154, 60.1939657], [11.9822032, 60.1938634], [11.9822921, 60.1937542], [11.9823774, 60.1936449], [11.982462, 60.1935357], [11.9825434, 60.1934257], [11.9828841, 60.1929478], [11.9829361, 60.1928753]]}, "properties": {"electrified": "contact_line", "frequency": "16.67", "gauge": "1435", "maxspeed": "130", "name": "Kongsvingerbanen", "operator": "Bane NOR", "passenger_lines": "1", "railway": "rail", "usage": "main", "voltage": "15000", "length_km": 2.232, "maxspeed_kmh": 130.0}}, {"type": "Feature", "geometry": {"type": "LineString", "coordinates": [[11.4652546, 60.1242579], [11.4653436, 60.1243409], [11.4654303, 60.1244215], [11.4655119, 60.1244936], [11.4656306, 60.1245919], [11.4657521, 60.1246896], [11.4658757, 60.1247865], [11.4660037, 60.1248827], [11.4661253, 60.1249708], [11.4662488, 60.125058], [11.4663754, 60.1251451], [11.466504, 60.1252313], [11.4666506, 60.1253261], [11.4667999, 60.1254204], [11.466951, 60.125514], [11.4671035, 60.1256069], [11.4676532, 60.1259327], [11.4681127, 60.1262057], [11.4683799, 60.126363], [11.4686589, 60.1265309], [11.468995, 60.126738], [11.4692525, 60.126901], [11.4695452, 60.1270931], [11.4698858, 60.1273224]]}, "properties": {"electrified": "contact_line", "frequency": "16.67", "gauge": "1435", "maxspeed": "105", "name": "Kongsvingerbanen", "operator": "Bane NOR", "passenger_lines": "3", "railway": "rail", "usage": "main", "voltage": "15000", "length_km": 0.428, "maxspeed_kmh": 105.0}}, {"type": "Feature", "geometry": {"type": "LineString", "coordinates": [[11.0474228, 59.9535445], [11.0476739, 59.9536149], [11.0478615, 59.953667], [11.0480044, 59.9537064], [11.0481095, 59.9537347], [11.0482175, 59.9537616], [11.0483266, 59.9537875], [11.0484388, 59.9538126], [11.0485284, 59.953832], [11.0486191, 59.9538501], [11.0487209, 59.9538693], [11.0488238, 59.9538876], [11.0493732, 59.9539858], [11.049563, 59.9540184], [11.0496645, 59.9540344], [11.0497671, 59.9540492], [11.0499796, 59.9540754], [11.050123, 59.9540912], [11.0502494, 59.9541028], [11.0504085, 59.954115]]}, "properties": {"electrified": "contact_line", "frequency": "16.67", "gauge": "1435", "maxspeed": "40", "name": "Kongsvingerbanen", "operator": "Bane NOR", "passenger_lines": "2", "railway": "rail", "usage": "main", "voltage": "15000", "length_km": 0.18, "maxspeed_kmh": 40.0}}, {"type": "Feature", "geometry": {"type": "LineString", "coordinates": [[11.0632422, 59.9522255], [11.0635461, 59.9521526]]}, "properties": {"bridge": "yes", "electrified": "contact_line", "frequency": "16.67", "gauge": "1435", "maxspeed": "100", "name": "Kongsvingerbanen", "operator": "Bane NOR", "passenger_lines": "2", "railway": "rail", "usage": "main", "voltage": "15000", "length_km": 0.019, "maxspeed_kmh": 100.0}}, {"type": "Feature", "geometry": {"type": "LineString", "coordinates": [[11.2607092, 59.984558], [11.2607998, 59.9845776]]}, "properties": {"bridge": "yes", "electrified": "contact_line", "frequency": "16.67", "gauge": "1435", "name": "Kongsvingerbanen", "operator": "Bane NOR", "passenger_lines": "1", "railway": "rail", "usage": "main", "voltage": "15000", "length_km": 0.006}}, {"type": "Feature", "geometry": {"type": "LineString", "coordinates": [[11.2410612, 59.9858299], [11.2412697, 59.9858543], [11.2414814, 59.9858754], [11.2416931, 59.9858952], [11.2419048, 59.9859129], [11.2420644, 59.9859251], [11.2422241, 59.9859356], [11.2423841, 59.9859456], [11.2425448, 59.9859542], [11.2427026, 59.9859612], [11.2428611, 59.9859674], [11.2430193, 59.9859726], [11.2431774, 59.9859766], [11.2433422, 59.985979], [11.2435024, 59.98598], [11.2436649, 59.9859807], [11.2438305, 59.98598], [11.2440253, 59.9859768], [11.24422, 59.985972], [11.2444148, 59.9859672], [11.244608, 59.9859586], [11.2447969, 59.9859503], [11.2449839, 59.9859391], [11.2451728, 59.9859264], [11.2453618, 59.9859124], [11.2455533, 59.9858957], [11.2457448, 59.9858769], [11.2459347, 59.985856], [11.2461224, 59.9858329], [11.2462439, 59.985817], [11.2464003, 59.9857956], [11.2465568, 59.9857726], [11.2467121, 59.9857473], [11.2468666, 59.985722], [11.246986, 59.9857008], [11.2471043, 59.9856783], [11.2472226, 59.9856553], [11.2473408, 59.9856316], [11.2474223, 59.9856151]]}, "properties": {"electrified": "contact_line", "frequency": "16.67", "gauge": "1435", "name": "Kongsvingerbanen", "operator": "Bane NOR", "passenger_lines": "1", "railway": "rail", "usage": "main", "voltage": "15000", "length_km": 0.362}}, {"type": "Feature", "geometry": {"type": "LineString", "coordinates": [[11.0739856, 59.9497294], [11.0722342, 59.9501469], [11.0635909, 59.9521991]]}, "properties": {"electrified": "contact_line", "frequency": "16.67", "gauge": "1435", "maxspeed": "120", "name": "Kongsvingerbanen", "operator": "Bane NOR", "passenger_lines": "2", "railway": "rail", "usage": "main", "voltage": "15000", "length_km": 0.643, "maxspeed_kmh": 120.0}}, {"type": "Feature", "geometry": {"type": "LineString", "coordinates": [[11.2675734, 59.9874483], [11.2676776, 59.9875199], [11.2678334, 59.9876286], [11.2679635, 59.9877213], [11.2680896, 59.987815], [11.2682327, 59.9879177], [11.2683687, 59.9880217], [11.2685022, 59.9881274], [11.2686338, 59.9882336], [11.2687351, 59.9883213], [11.268834, 59.9884095], [11.2689307, 59.9884989], [11.2690275, 59.9885876], [11.2691617, 59.988706], [11.2692928, 59.9888252], [11.2694244, 59.9889449], [11.2695498, 59.9890646], [11.2696614, 59.9891626], [11.2697731, 59.9892606], [11.2698864, 59.989359], [11.2700011, 59.9894566], [11.2701005, 59.9895337], [11.2702046, 59.9896108], [11.2703102, 59.9896876], [11.2704173, 59.9897643], [11.2705169, 59.9898298], [11.2706178, 59.9898953], [11.2707207, 59.9899606], [11.270825, 59.9900252], [11.2709423, 59.9900929], [11.2710675, 59.9901597], [11.2711966, 59.9902256], [11.2713268, 59.9902899], [11.2714876, 59.9903627], [11.2716515, 59.9904341], [11.2718183, 59.990507], [11.2719891, 59.9905769], [11.2721254, 59.990632], [11.2722647, 59.9906861], [11.272407, 59.9907394], [11.2725523, 59.9907926], [11.272887, 59.9909179], [11.27322, 59.9910447], [11.2735022, 59.9911629], [11.2737777, 59.9912833], [11.2740581, 59.9914226], [11.274334, 59.9915653], [11.2745903, 59.9917159], [11.2748387, 59.9918704], [11.2750661, 59.9920318], [11.2752757, 59.9921945], [11.2753988, 59.9923033], [11.2755143, 59.9924121], [11.2756285, 59.9925228], [11.2757377, 59.9926336], [11.2758363, 59.9927361], [11.27594, 59.9928374], [11.2760437, 59.9929393], [11.276155, 59.9930399], [11.2762561, 59.9931311], [11.2763598, 59.993221], [11.2764636, 59.9933116], [11.2765723, 59.9934009], [11.2766876, 59.9934851], [11.2768064, 59.9935693], [11.2769234, 59.993654], [11.2770457, 59.9937369], [11.2771759, 59.9938152], [11.2773083, 59.9938935], [11.2774432, 59.9939705], [11.2775806, 59.994047], [11.2777404, 59.9941309], [11.2779043, 59.9942135], [11.2780696, 59.9942957], [11.278239, 59.9943772], [11.2784389, 59.9944706], [11.2786395, 59.994564], [11.27884, 59.9946575], [11.279042, 59.9947509], [11.2820245, 59.9961184]]}, "properties": {"electrified": "contact_line", "frequency": "16.67", "gauge": "1435", "maxspeed": "105", "name": "Kongsvingerbanen", "operator": "Bane NOR", "passenger_lines": "1", "railway": "rail", "usage": "main", "voltage": "15000", "length_km": 1.272, "maxspeed_kmh": 105.0}}, {"type": "Feature", "geometry": {"type": "LineString", "coordinates": [[11.0635461, 59.9521526], [11.0713542, 59.950298], [11.0715524, 59.9502532], [11.0717542, 59.9502088], [11.0719545, 59.9501649], [11.072157, 59.9501217], [11.0723796, 59.9500756], [11.0726029, 59.9500301], [11.0728265, 59.9499849], [11.0730487, 59.9499382], [11.0732853, 59.9498886], [11.0735199, 59.949836], [11.0737535, 59.9497835], [11.0739856, 59.9497294]]}, "properties": {"electrified": "contact_line", "frequency": "16.67", "gauge": "1435", "maxspeed": "100", "name": "Kongsvingerbanen", "operator": "Bane NOR", "passenger_lines": "2", "railway": "rail", "usage": "main", "voltage": "15000", "length_km": 0.643, "maxspeed_kmh": 100.0}}, {"type": "Feature", "geometry": {"type": "LineString", "coordinates": [[11.8832555, 60.1972858], [11.8835074, 60.1973042], [11.8837601, 60.1973238], [11.8841213, 60.197358], [11.8844825, 60.1973948]]}, "properties": {"bridge": "yes", "electrified": "contact_line", "frequency": "16.67", "gauge": "1435", "maxspeed": "70", "name": "Kongsvingerbanen", "operator": "Bane NOR", "passenger_lines": "1", "railway": "rail", "usage": "main", "voltage": "15000", "length_km": 0.069, "maxspeed_kmh": 70.0}}, {"type": "Feature", "geometry": {"type": "LineString", "coordinates": [[11.8940869, 60.1999303], [11.8960017, 60.2006045], [11.897967, 60.2012994], [11.9006228, 60.2022361], [11.9052093, 60.2038549], [11.9061331, 60.2041802], [11.9069976, 60.2044812], [11.9073939, 60.2046141], [11.9078015, 60.2047413], [11.908229, 60.2048674], [11.9086741, 60.2049894], [11.9090554, 60.2050909], [11.9094492, 60.2051873], [11.9099133, 60.2052952], [11.9103899, 60.205398], [11.9108816, 60.2054957], [11.9113837, 60.2055873], [11.9118671, 60.2056688], [11.9123628, 60.2057433], [11.9128449, 60.2058097], [11.9133324, 60.2058726], [11.9142338, 60.2059849], [11.9217491, 60.2069217], [11.9231819, 60.2071004], [11.9239298, 60.207194], [11.9244695, 60.2072603], [11.9250134, 60.2073234], [11.9254699, 60.2073747], [11.9259285, 60.2074229], [11.9264632, 60.2074767], [11.927, 60.2075273], [11.9275361, 60.2075735], [11.9280742, 60.2076187], [11.928651, 60.2076614], [11.9292299, 60.2077011], [11.9297789, 60.2077356], [11.9303299, 60.2077681], [11.9308849, 60.2077955], [11.9314398, 60.2078208], [11.9319998, 60.2078423], [11.9325619, 60.2078606], [11.9331192, 60.2078757], [11.9336786, 60.2078876], [11.9342386, 60.2078957], [11.9347986, 60.2079008], [11.9353602, 60.2079023], [11.9359218, 60.2079007], [11.9364656, 60.2078949], [11.9370095, 60.2078871], [11.9375693, 60.207875], [11.938127, 60.207861], [11.9386873, 60.2078419], [11.9392476, 60.2078205], [11.9398047, 60.2077944], [11.940365, 60.2077661], [11.9409159, 60.2077326], [11.9414667, 60.2076969], [11.9419309, 60.2076639], [11.9423931, 60.2076287], [11.9429487, 60.2075819], [11.9435022, 60.207533], [11.9440499, 60.2074804], [11.9445975, 60.2074247], [11.9451272, 60.2073658], [11.9456587, 60.2073059], [11.9462056, 60.2072376], [11.9467498, 60.2071667], [11.94729, 60.2070915], [11.9478238, 60.2070136], [11.9483081, 60.2069389], [11.9487924, 60.2068624], [11.9492714, 60.206782], [11.9497505, 60.2066998], [11.9502284, 60.2066136], [11.950701, 60.2065248], [11.9511725, 60.2064326], [11.9516403, 60.2063386], [11.9521067, 60.2062406], [11.9525713, 60.2061408], [11.9528133, 60.2060866]]}, "properties": {"electrified": "contact_line", "frequency": "16.67", "gauge": "1435", "maxspeed": "130", "name": "Kongsvingerbanen", "operator": "Bane NOR", "passenger_lines": "1", "railway": "rail", "usage": "main", "voltage": "15000", "length_km": 3.506, "maxspeed_kmh": 130.0}}, {"type": "Feature", "geometry": {"type": "LineString", "coordinates": [[12.1292301, 60.0382298], [12.1285778, 60.0366355], [12.1262896, 60.0310167], [12.126233, 60.0308806], [12.1261744, 60.0307445], [12.1261147, 60.0306084], [12.126053, 60.0304724], [12.1259972, 60.0303498], [12.1259399, 60.0302273], [12.1258825, 60.0301047], [12.1258222, 60.0299829], [12.1257654, 60.0298668], [12.1257057, 60.0297515], [12.1256466, 60.0296354], [12.1255846, 60.0295201], [12.1254222, 60.0291974], [12.1253825, 60.0291219]]}, "properties": {"electrified": "contact_line", "frequency": "16.67", "gauge": "1435", "maxspeed": "130", "name": "Kongsvingerbanen", "operator": "Bane NOR", "passenger_lines": "1", "railway": "rail", "usage": "main", "voltage": "15000", "length_km": 1.037, "maxspeed_kmh": 130.0}}, {"type": "Feature", "geometry": {"type": "LineString", "coordinates": [[12.132624, 60.0726492], [12.1327769, 60.0722812], [12.1328243, 60.0721723], [12.1328747, 60.0720633], [12.1329264, 60.0719549], [12.1329812, 60.0718464], [12.1330395, 60.0717404], [12.1331004, 60.0716343], [12.1331656, 60.0715295], [12.1332346, 60.0714247], [12.1333108, 60.0713082], [12.1333944, 60.0711917], [12.1334787, 60.0710762], [12.1335667, 60.0709612], [12.1343271, 60.0699854], [12.1344018, 60.0698905], [12.1344745, 60.0697966], [12.1345451, 60.0697027], [12.1346116, 60.0696078], [12.1346678, 60.0695252], [12.1347223, 60.0694426], [12.1347759, 60.0693604], [12.134826, 60.0692774], [12.1348771, 60.0691837], [12.1349229, 60.06909], [12.1349661, 60.0689963], [12.135004, 60.0689026], [12.1350414, 60.0688105], [12.1350749, 60.0687184], [12.1351074, 60.0686268], [12.1351339, 60.0685343], [12.1351568, 60.0684408], [12.1351757, 60.0683474], [12.1351926, 60.0682539], [12.1352075, 60.0681604], [12.1352193, 60.0680675], [12.1352271, 60.0679756], [12.135232, 60.0678837], [12.135233, 60.0677918], [12.1352329, 60.0676974], [12.1352269, 60.067603], [12.1352189, 60.0675086], [12.135205, 60.0674142], [12.1351904, 60.0673205], [12.13517, 60.0672278], [12.1351495, 60.0671346], [12.1351251, 60.0670414], [12.1350966, 60.0669429], [12.1350642, 60.0668443], [12.1350297, 60.0667448], [12.1349913, 60.0666453], [12.1347947, 60.0661354], [12.1347462, 60.0660175], [12.1346988, 60.0658996], [12.1346543, 60.0657817], [12.1346107, 60.0656637]]}, "properties": {"electrified": "contact_line", "frequency": "16.67", "gauge": "1435", "maxspeed": "115", "name": "Kongsvingerbanen", "operator": "Bane NOR", "passenger_lines": "1", "railway": "rail", "usage": "main", "voltage": "15000", "length_km": 0.803, "maxspeed_kmh": 115.0}}, {"type": "Feature", "geometry": {"type": "LineString", "coordinates": [[12.1380333, 59.976134], [12.139548, 59.9754205], [12.1397425, 59.9753316], [12.1399426, 59.975242], [12.1401406, 59.9751527], [12.1403429, 59.9750641], [12.1405446, 59.9749783], [12.1407535, 59.9748924], [12.1409606, 59.9748075], [12.1411695, 59.9747226], [12.1413779, 59.9746399], [12.1415916, 59.9745573], [12.1418062, 59.974476], [12.1420243, 59.9743965], [12.1422396, 59.9743173], [12.1424584, 59.9742382], [12.1426772, 59.9741599], [12.1428996, 59.9740834], [12.1431183, 59.9740073], [12.1433424, 59.9739322], [12.1435675, 59.973858], [12.1437979, 59.9737856], [12.1440045, 59.9737207], [12.1442165, 59.9736559], [12.144432, 59.9735896], [12.144653, 59.973525], [12.1449017, 59.9734534], [12.1451504, 59.9733826], [12.1453995, 59.9733117], [12.1456493, 59.9732407], [12.1536598, 59.9709799], [12.1615663, 59.9687467], [12.1617934, 59.968683], [12.1620183, 59.9686188], [12.1622433, 59.9685536], [12.1624688, 59.9684892], [12.1626926, 59.9684225], [12.1629093, 59.9683553], [12.1631249, 59.9682864], [12.1633418, 59.9682199], [12.1635539, 59.9681489], [12.1637661, 59.9680774], [12.1639794, 59.9680063], [12.1641916, 59.9679331], [12.1644002, 59.9678597], [12.1646052, 59.9677844], [12.164812, 59.9677091], [12.1650194, 59.9676329], [12.1652164, 59.9675562], [12.1654162, 59.9674766], [12.1656117, 59.9673975], [12.1658066, 59.9673183], [12.1660061, 59.9672373], [12.1662004, 59.9671543], [12.1663946, 59.9670703], [12.1665862, 59.9669862], [12.166785, 59.966898], [12.1669861, 59.9668068], [12.1671855, 59.9667162], [12.1673813, 59.9666245], [12.1721935, 59.9643999], [12.1766791, 59.9623311], [12.1768834, 59.962236], [12.1770902, 59.9621403], [12.1772946, 59.9620457], [12.1774978, 59.9619523], [12.1776953, 59.9618604], [12.1778916, 59.9617695], [12.1780867, 59.9616772], [12.1782744, 59.9615841], [12.1784657, 59.9614877], [12.1786535, 59.9613889], [12.1788414, 59.9612917], [12.1790259, 59.9611937], [12.1792106, 59.9610946], [12.1793936, 59.9609955], [12.179574, 59.9608964], [12.1797528, 59.9607965], [12.1799193, 59.9607019], [12.1800859, 59.9606047], [12.1802524, 59.9605088], [12.1804139, 59.9604121], [12.1805872, 59.9603068], [12.1807539, 59.9602004], [12.1809206, 59.9600945], [12.1810808, 59.9599887], [12.1812493, 59.9598802], [12.1814156, 59.9597717], [12.1815845, 59.9596627], [12.181746, 59.9595563], [12.1837029, 59.9582723], [12.1838692, 59.9581621], [12.1840392, 59.9580519], [12.1842087, 59.9579413], [12.1843801, 59.9578306], [12.1845451, 59.9577246], [12.184714, 59.9576185], [12.1848818, 59.9575125], [12.1850516, 59.9574065], [12.1852253, 59.9573062], [12.1853971, 59.9572059], [12.1855708, 59.9571061], [12.1857483, 59.9570063], [12.1859171, 59.9569117], [12.1860916, 59.9568182], [12.1862641, 59.9567246], [12.1864406, 59.9566319], [12.1866196, 59.9565406], [12.1868006, 59.9564492], [12.1869816, 59.9563583], [12.1871645, 59.9562674], [12.1873424, 59.9561822], [12.1875261, 59.956097], [12.1877098, 59.9560119], [12.1878953, 59.9559276], [12.1880686, 59.9558499], [12.1882456, 59.9557721], [12.1884236, 59.9556949], [12.1886035, 59.9556176], [12.1887844, 59.9555423], [12.1889692, 59.9554669], [12.1891539, 59.9553911], [12.1893425, 59.9553172], [12.1895266, 59.9552438], [12.1897169, 59.9551721], [12.1899045, 59.9550998], [12.1901016, 59.9550291], [12.1902966, 59.9549567], [12.1904933, 59.954886], [12.1906934, 59.9548157], [12.1908968, 59.9547454], [12.1910865, 59.954682], [12.1912797, 59.9546185], [12.1914711, 59.9545555], [12.1916676, 59.9544933], [12.191889, 59.9544223], [12.1921172, 59.954353], [12.1923428, 59.9542837], [12.1925751, 59.9542161], [12.1927703, 59.9541592], [12.1929672, 59.9541032], [12.1931633, 59.9540481], [12.1933627, 59.9539929], [12.1935523, 59.953943], [12.1937452, 59.953893], [12.1939373, 59.9538431], [12.194131, 59.953794], [12.1943198, 59.9537463], [12.1945129, 59.9536987], [12.1947039, 59.9536514], [12.1948978, 59.9536048], [12.1957107, 59.9534066], [12.1959469, 59.953349], [12.1961845, 59.9532878], [12.1964214, 59.9532269], [12.1966583, 59.9531645], [12.1968315, 59.9531181], [12.1970047, 59.95307], [12.1971791, 59.9530213], [12.1973477, 59.9529738], [12.1974226, 59.9529532]]}, "properties": {"electrified": "contact_line", "frequency": "16.67", "gauge": "1435", "maxspeed": "130", "name": "Kongsvingerbanen", "operator": "Bane NOR", "passenger_lines": "1", "railway": "rail", "usage": "main", "voltage": "15000", "length_km": 4.245, "maxspeed_kmh": 130.0}}, {"type": "Feature", "geometry": {"type": "LineString", "coordinates": [[12.1253825, 60.0291219], [12.1247122, 60.0278143], [12.1245098, 60.0274193], [12.1241578, 60.0267375], [12.1238936, 60.0262272], [12.1231635, 60.0247992], [12.1227618, 60.0240173], [12.1223674, 60.0232456], [12.1215613, 60.0216795], [12.1212337, 60.0210405]]}, "properties": {"electrified": "contact_line", "frequency": "16.67", "gauge": "1435", "maxspeed": "130", "name": "Kongsvingerbanen", "operator": "Bane NOR", "passenger_lines": "2", "railway": "rail", "usage": "main", "voltage": "15000", "length_km": 0.93, "maxspeed_kmh": 130.0}}, {"type": "Feature", "geometry": {"type": "LineString", "coordinates": [[12.1185129, 60.0870398], [12.118511, 60.0869615], [12.1185155, 60.0868621], [12.1185221, 60.0867628], [12.1185297, 60.0866635], [12.1185437, 60.0865641], [12.1185595, 60.0864655], [12.1185796, 60.0863668], [12.1186028, 60.0862676], [12.1186303, 60.0861695], [12.1186589, 60.0860723], [12.1186938, 60.0859751], [12.1187299, 60.0858779], [12.1187701, 60.0857806], [12.1188124, 60.0856846], [12.118859, 60.0855896], [12.1189087, 60.0854941], [12.1189627, 60.0853986], [12.1190188, 60.085304], [12.1190791, 60.0852095], [12.1191405, 60.085116], [12.1192039, 60.0850225], [12.1192759, 60.0849299], [12.119349, 60.0848385], [12.1194268, 60.0847465], [12.1195068, 60.0846555], [12.1195915, 60.0845646], [12.1196805, 60.0844726], [12.1197694, 60.0843833], [12.1198627, 60.084294], [12.1199302, 60.0842283]]}, "properties": {"electrified": "contact_line", "frequency": "16.67", "gauge": "1435", "maxspeed": "115", "name": "Kongsvingerbanen", "operator": "Bane NOR", "passenger_lines": "1", "railway": "rail", "usage": "main", "voltage": "15000", "length_km": 0.327, "maxspeed_kmh": 115.0}}, {"type": "Feature", "geometry": {"type": "LineString", "coordinates": [[12.1326061, 60.0726907], [12.132624, 60.0726492]]}, "properties": {"bridge": "yes", "electrified": "contact_line", "frequency": "16.67", "gauge": "1435", "maxspeed": "115", "name": "Kongsvingerbanen", "operator": "Bane NOR", "passenger_lines": "1", "railway": "rail", "usage": "main", "voltage": "15000", "length_km": 0.005, "maxspeed_kmh": 115.0}}, {"type": "Feature", "geometry": {"type": "LineString", "coordinates": [[12.118514, 60.0871031], [12.1185129, 60.0870398]]}, "properties": {"bridge": "yes", "electrified": "contact_line", "frequency": "16.67", "gauge": "1435", "maxspeed": "115", "name": "Kongsvingerbanen", "operator": "Bane NOR", "passenger_lines": "1", "railway": "rail", "usage": "main", "voltage": "15000", "length_km": 0.007, "maxspeed_kmh": 115.0}}, {"type": "Feature", "geometry": {"type": "LineString", "coordinates": [[12.1293306, 60.0384772], [12.1292301, 60.0382298]]}, "properties": {"bridge": "yes", "electrified": "contact_line", "frequency": "16.67", "gauge": "1435", "maxspeed": "130", "name": "Kongsvingerbanen", "operator": "Bane NOR", "passenger_lines": "1", "railway": "rail", "usage": "main", "voltage": "15000", "length_km": 0.028, "maxspeed_kmh": 130.0}}, {"type": "Feature", "geometry": {"type": "LineString", "coordinates": [[12.1167233, 60.1064296], [12.1167529, 60.1063704]]}, "properties": {"bridge": "yes", "electrified": "contact_line", "frequency": "16.67", "gauge": "1435", "maxspeed": "100", "name": "Kongsvingerbanen", "operator": "Bane NOR", "passenger_lines": "1", "railway": "rail", "usage": "main", "voltage": "15000", "length_km": 0.007, "maxspeed_kmh": 100.0}}, {"type": "Feature", "geometry": {"type": "LineString", "coordinates": [[12.1193204, 60.0908943], [12.1193061, 60.0908321]]}, "properties": {"bridge": "yes", "electrified": "contact_line", "frequency": "16.67", "gauge": "1435", "maxspeed": "115", "name": "Kongsvingerbanen", "operator": "Bane NOR", "passenger_lines": "1", "railway": "rail", "usage": "main", "voltage": "15000", "length_km": 0.007, "maxspeed_kmh": 115.0}}, {"type": "Feature", "geometry": {"type": "LineString", "coordinates": [[12.1318725, 60.04472], [12.1318539, 60.0446737]]}, "properties": {"bridge": "yes", "electrified": "contact_line", "frequency": "16.67", "gauge": "1435", "maxspeed": "130", "name": "Kongsvingerbanen", "operator": "Bane NOR", "passenger_lines": "1", "railway": "rail", "usage": "main", "voltage": "15000", "length_km": 0.005, "maxspeed_kmh": 130.0}}, {"type": "Feature", "geometry": {"type": "LineString", "coordinates": [[12.1200897, 60.0840832], [12.1201583, 60.0840204]]}, "properties": {"bridge": "yes", "electrified": "contact_line", "frequency": "16.67", "gauge": "1435", "maxspeed": "130", "name": "Kongsvingerbanen", "operator": "Bane NOR", "passenger_lines": "1", "railway": "rail", "usage": "main", "voltage": "15000", "length_km": 0.008, "maxspeed_kmh": 130.0}}, {"type": "Feature", "geometry": {"type": "LineString", "coordinates": [[12.1136769, 60.1130401], [12.1136932, 60.1130037], [12.1137067, 60.1129672], [12.1137317, 60.1128951], [12.1137526, 60.112823], [12.1137714, 60.1127505], [12.1137917, 60.1126708], [12.1138145, 60.112591], [12.1138397, 60.1125106], [12.1138699, 60.1124308], [12.1141206, 60.1118864], [12.1142594, 60.1115778], [12.1151005, 60.1097392], [12.1152775, 60.1093517], [12.1153795, 60.1091311], [12.1154861, 60.1089106], [12.1155311, 60.1088353], [12.1155809, 60.10876], [12.1156354, 60.1086856], [12.1156868, 60.1086111], [12.1157272, 60.1085481], [12.1157631, 60.1084848], [12.1157989, 60.1084212], [12.1158151, 60.1083894], [12.1158308, 60.1083574]]}, "properties": {"electrified": "contact_line", "frequency": "16.67", "gauge": "1435", "maxspeed": "40", "name": "Kongsvingerbanen", "operator": "Bane NOR", "passenger_lines": "2", "railway": "rail", "service": "siding", "voltage": "15000", "length_km": 0.536, "maxspeed_kmh": 40.0}}, {"type": "Feature", "geometry": {"type": "LineString", "coordinates": [[12.1153366, 59.9863564], [12.1156267, 59.9860912], [12.1157463, 59.9859906], [12.1159105, 59.9858531], [12.116079, 59.9857166], [12.1161886, 59.9856321], [12.116302, 59.9855475], [12.1164111, 59.9854658], [12.1165281, 59.98538], [12.116663, 59.9852865], [12.1167999, 59.9851929], [12.1169388, 59.9851002], [12.1170806, 59.9850076], [12.1172193, 59.9849201], [12.1173604, 59.9848332], [12.1175036, 59.9847473], [12.1176492, 59.9846614], [12.1177857, 59.9845825], [12.1179242, 59.9845035], [12.118067, 59.9844257], [12.1182118, 59.9843484], [12.1183582, 59.9842728], [12.1185064, 59.9841977], [12.1186578, 59.9841236], [12.1188117, 59.9840498], [12.1189667, 59.9839799], [12.119123, 59.98391], [12.1192854, 59.983841], [12.1194477, 59.9837724], [12.1196556, 59.9836873], [12.1198652, 59.9836031], [12.1200402, 59.9835324], [12.1202172, 59.9834626], [12.1202875, 59.983434], [12.1206161, 59.9833054], [12.1219886, 59.9827548], [12.1221298, 59.9827008]]}, "properties": {"electrified": "contact_line", "frequency": "16.67", "gauge": "1435", "maxspeed": "110", "name": "Kongsvingerbanen", "operator": "Bane NOR", "passenger_lines": "2", "railway": "rail", "usage": "main", "voltage": "15000", "length_km": 0.562, "maxspeed_kmh": 110.0}}, {"type": "Feature", "geometry": {"type": "LineString", "coordinates": [[12.2065976, 59.9491747], [12.2057897, 59.9495524], [12.2050709, 59.9498895], [12.2044641, 59.9501746], [12.2036439, 59.9505601], [12.2032928, 59.9507254], [12.2029383, 59.9508907], [12.2027438, 59.9509817], [12.2025458, 59.9510726], [12.2023462, 59.9511636], [12.2021449, 59.9512537], [12.201847, 59.9513849], [12.2016441, 59.9514735], [12.2015651, 59.9515066], [12.2013746, 59.9515874], [12.2012047, 59.951659], [12.2010308, 59.9517306], [12.2008563, 59.9518012], [12.2006819, 59.9518706], [12.2004848, 59.9519487], [12.2002818, 59.9520269], [12.200056, 59.9521115], [12.1998742, 59.9521785], [12.1998239, 59.9521967], [12.1996432, 59.9522605], [12.1994608, 59.9523235], [12.1992783, 59.952386], [12.1990943, 59.9524477], [12.1988959, 59.952513], [12.1986941, 59.9525774], [12.1984899, 59.9526405], [12.1982839, 59.952702], [12.1981124, 59.9527535], [12.1979392, 59.952805], [12.1977651, 59.9528561], [12.1975894, 59.9529064], [12.1974226, 59.9529532]]}, "properties": {"electrified": "contact_line", "frequency": "16.67", "gauge": "1435", "maxspeed": "130", "name": "Kongsvingerbanen", "operator": "Bane NOR", "passenger_lines": "2", "railway": "rail", "usage": "main", "voltage": "15000", "length_km": 0.665, "maxspeed_kmh": 130.0}}, {"type": "Feature", "geometry": {"type": "LineString", "coordinates": [[12.1212337, 60.0210405], [12.1212748, 60.0211119], [12.1213196, 60.0211893], [12.1213693, 60.0212654], [12.1214243, 60.0213395], [12.1214818, 60.0214136], [12.1215268, 60.0214778], [12.1215676, 60.0215421], [12.121605, 60.0216067], [12.1216421, 60.0216709], [12.1224449, 60.0232397], [12.1231494, 60.0246006], [12.1232469, 60.0247874], [12.1237715, 60.0258064], [12.1240009, 60.0262141], [12.1240605, 60.0263178], [12.1242626, 60.0267233], [12.1246157, 60.0274074], [12.1248192, 60.027799], [12.1251081, 60.0283641], [12.1251419, 60.0284333], [12.1251807, 60.0285284], [12.1252134, 60.0286273], [12.1252373, 60.028724], [12.1252635, 60.0288206], [12.1252969, 60.0289167], [12.1253322, 60.0290134], [12.1253562, 60.0290677], [12.1253825, 60.0291219]]}, "properties": {"electrified": "contact_line", "frequency": "16.67", "gauge": "1435", "maxspeed": "40", "name": "Kongsvingerbanen", "operator": "Bane NOR", "passenger_lines": "2", "railway": "rail", "service": "siding", "voltage": "15000", "length_km": 0.93, "maxspeed_kmh": 40.0}}, {"type": "Feature", "geometry": {"type": "LineString", "coordinates": [[12.1158308, 60.1083574], [12.1167233, 60.1064296]]}, "properties": {"electrified": "contact_line", "frequency": "16.67", "gauge": "1435", "maxspeed": "100", "name": "Kongsvingerbanen", "operator": "Bane NOR", "passenger_lines": "1", "railway": "rail", "usage": "main", "voltage": "15000", "length_km": 0.22, "maxspeed_kmh": 100.0}}, {"type": "Feature", "geometry": {"type": "LineString", "coordinates": [[12.1974226, 59.9529532], [12.1975044, 59.9529295], [12.1975859, 59.9529046], [12.1976555, 59.9528833], [12.1977237, 59.9528612], [12.1977903, 59.9528375], [12.1981112, 59.9527182], [12.1981706, 59.9526966], [12.1982389, 59.9526727], [12.1984368, 59.9526068], [12.1986404, 59.9525421], [12.1988446, 59.9524768], [12.1990488, 59.9524104], [12.1992292, 59.952351], [12.1994131, 59.9522887], [12.1995942, 59.9522259], [12.1997717, 59.9521623], [12.1999911, 59.9520824], [12.2002074, 59.952001], [12.2004098, 59.951923], [12.2006065, 59.951845], [12.2007882, 59.9517736], [12.200969, 59.9516999], [12.2011464, 59.9516274], [12.2013219, 59.9515539], [12.2015226, 59.9514697], [12.2016033, 59.9514353], [12.201791, 59.9513544], [12.2020936, 59.9512235], [12.2022949, 59.9511323], [12.202492, 59.9510428], [12.2026884, 59.9509523], [12.2028827, 59.9508611], [12.2032391, 59.9506928], [12.2035693, 59.9505384], [12.2050112, 59.9498596], [12.2053695, 59.9496916], [12.2055497, 59.9496076], [12.2057339, 59.9495257], [12.2058168, 59.9494895], [12.2059055, 59.9494537], [12.2060859, 59.9493834], [12.2062706, 59.9493136], [12.2063594, 59.9492787], [12.2064444, 59.9492427], [12.2065214, 59.9492092], [12.2065976, 59.9491747]]}, "properties": {"electrified": "contact_line", "frequency": "16.67", "gauge": "1435", "maxspeed": "40", "name": "Kongsvingerbanen", "operator": "Bane NOR", "passenger_lines": "2", "railway": "rail", "service": "siding", "voltage": "15000", "length_km": 0.665, "maxspeed_kmh": 40.0}}, {"type": "Feature", "geometry": {"type": "LineString", "coordinates": [[12.1318539, 60.0446737], [12.1293306, 60.0384772]]}, "properties": {"electrified": "contact_line", "frequency": "16.67", "gauge": "1435", "maxspeed": "130", "name": "Kongsvingerbanen", "operator": "Bane NOR", "passenger_lines": "1", "railway": "rail", "usage": "main", "voltage": "15000", "length_km": 0.704, "maxspeed_kmh": 130.0}}, {"type": "Feature", "geometry": {"type": "LineString", "coordinates": [[12.1167529, 60.1063704], [12.1176829, 60.1043643], [12.1177423, 60.1042218], [12.1177975, 60.1040793], [12.1178538, 60.1039367], [12.1179058, 60.1037942], [12.1179584, 60.1036619], [12.1180079, 60.1035296], [12.1180599, 60.1033973], [12.1181058, 60.103265], [12.1181562, 60.1031342], [12.1182036, 60.1030033], [12.1182495, 60.1028709], [12.1182923, 60.10274], [12.1186584, 60.101639], [12.1187437, 60.1013739], [12.1188235, 60.1011074], [12.1188872, 60.100892], [12.1189401, 60.1006766], [12.1189695, 60.1005183], [12.1189907, 60.1003601], [12.1189981, 60.1001577], [12.118995, 60.0999554], [12.1189854, 60.0997206], [12.1189375, 60.0988588], [12.1189064, 60.0983756], [12.1189101, 60.0981593], [12.1189242, 60.0979412], [12.1189481, 60.0977314], [12.1189965, 60.0975216], [12.1190427, 60.0973615], [12.1191027, 60.0972013], [12.1192006, 60.0969905], [12.1193066, 60.0967898], [12.1194674, 60.0965097], [12.1196373, 60.0962296], [12.1197046, 60.0961175], [12.1197675, 60.0960054], [12.1198245, 60.0958929], [12.1198801, 60.0957805], [12.1199237, 60.0956846], [12.1199632, 60.0955879], [12.1199976, 60.0954907], [12.1200259, 60.0953936], [12.1200524, 60.0952952], [12.1200732, 60.0951968], [12.1200894, 60.0950989], [12.1201, 60.0950001], [12.1201087, 60.0949042], [12.1201126, 60.0948084], [12.1201142, 60.0947125], [12.1201109, 60.0946167], [12.1201014, 60.0944987], [12.1200857, 60.0943819]]}, "properties": {"electrified": "contact_line", "frequency": "16.67", "gauge": "1435", "maxspeed": "100", "name": "Kongsvingerbanen", "operator": "Bane NOR", "passenger_lines": "1", "railway": "rail", "usage": "main", "voltage": "15000", "length_km": 1.355, "maxspeed_kmh": 100.0}}, {"type": "Feature", "geometry": {"type": "LineString", "coordinates": [[12.1193061, 60.0908321], [12.1185986, 60.0877563], [12.1185782, 60.0876556], [12.1185606, 60.0875541], [12.1185453, 60.0874528], [12.1185329, 60.0873514], [12.1185222, 60.087258], [12.1185155, 60.087165], [12.118514, 60.0871031]]}, "properties": {"electrified": "contact_line", "frequency": "16.67", "gauge": "1435", "maxspeed": "115", "name": "Kongsvingerbanen", "operator": "Bane NOR", "passenger_lines": "1", "railway": "rail", "usage": "main", "voltage": "15000", "length_km": 0.418, "maxspeed_kmh": 115.0}}, {"type": "Feature", "geometry": {"type": "LineString", "coordinates": [[12.1212337, 60.0210405], [12.1205591, 60.0197253], [12.120501, 60.0196132], [12.120444, 60.0195012], [12.1203889, 60.0193894], [12.1203344, 60.0192777], [12.1202775, 60.0191606], [12.1202227, 60.0190416], [12.1201698, 60.0189235], [12.120119, 60.0188054], [12.1200576, 60.0186519], [12.1200017, 60.0184984]]}, "properties": {"electrified": "contact_line", "frequency": "16.67", "gauge": "1435", "maxspeed": "130", "name": "Kongsvingerbanen", "operator": "Bane NOR", "passenger_lines": "1", "railway": "rail", "usage": "main", "voltage": "15000", "length_km": 0.291, "maxspeed_kmh": 130.0}}, {"type": "Feature", "geometry": {"type": "LineString", "coordinates": [[12.2434221, 59.9318551], [12.2434174, 59.9318573], [12.2434131, 59.9318591], [12.2432812, 59.9319199], [12.2400844, 59.933425], [12.2304692, 59.9379495], [12.2251296, 59.9404604], [12.2076129, 59.9486952], [12.2065976, 59.9491747]]}, "properties": {"electrified": "contact_line", "frequency": "16.67", "gauge": "1435", "maxspeed": "130", "name": "Kongsvingerbanen", "operator": "Bane NOR", "passenger_lines": "1", "railway": "rail", "usage": "main", "voltage": "15000", "length_km": 2.821, "maxspeed_kmh": 130.0}}, {"type": "Feature", "geometry": {"type": "LineString", "coordinates": [[12.1158308, 60.1083574], [12.1155691, 60.1089188], [12.1151877, 60.1097514], [12.1151522, 60.1098322], [12.114633, 60.1109586], [12.1143435, 60.1115889], [12.1142139, 60.1118765], [12.1139552, 60.1124389], [12.1137557, 60.1128746], [12.1136769, 60.1130401]]}, "properties": {"electrified": "contact_line", "frequency": "16.67", "gauge": "1435", "maxspeed": "100", "name": "Kongsvingerbanen", "operator": "Bane NOR", "passenger_lines": "2", "railway": "rail", "usage": "main", "voltage": "15000", "length_km": 0.535, "maxspeed_kmh": 100.0}}, {"type": "Feature", "geometry": {"type": "LineString", "coordinates": [[12.0508547, 60.1508843], [12.0510198, 60.1507769], [12.0511887, 60.1506701], [12.0513571, 60.1505641], [12.0515283, 60.1504591], [12.0517005, 60.1503551], [12.0518769, 60.1502511], [12.0520523, 60.1501487], [12.0522309, 60.1500469], [12.0524095, 60.1499461], [12.052592, 60.149846], [12.0527751, 60.1497459], [12.0529608, 60.1496464], [12.0531462, 60.1495489], [12.0533346, 60.1494517], [12.0535253, 60.1493546], [12.0537181, 60.1492583], [12.0539105, 60.1491637], [12.0541047, 60.1490695], [12.0543027, 60.1489762], [12.0545017, 60.1488839], [12.0546817, 60.1488008], [12.0548627, 60.1487187], [12.0550451, 60.1486368], [12.0552294, 60.1485554], [12.0553935, 60.1484825], [12.0555586, 60.1484105], [12.0557244, 60.1483389], [12.0558919, 60.1482677], [12.056046, 60.1482018], [12.0562044, 60.1481359], [12.0563589, 60.148072], [12.0565179, 60.1480083], [12.0566489, 60.147957], [12.0568494, 60.1478786], [12.0570111, 60.1478176], [12.0571774, 60.1477574], [12.057355, 60.1476935], [12.0575344, 60.147631], [12.0577153, 60.1475694], [12.0578981, 60.1475088], [12.05808, 60.1474489], [12.0582642, 60.1473907], [12.0584476, 60.1473321], [12.0586321, 60.1472741], [12.0595747, 60.1469754], [12.0605667, 60.1466617], [12.0613842, 60.1464021], [12.0615642, 60.1463449], [12.061742, 60.1462873], [12.0619198, 60.1462284], [12.0620947, 60.1461696], [12.0622453, 60.1461175], [12.0623959, 60.1460647], [12.062567, 60.1460014], [12.0627381, 60.1459381], [12.0629231, 60.1458657], [12.0631053, 60.1457926], [12.063285, 60.1457192], [12.0634609, 60.145644], [12.0636364, 60.1455673], [12.0638101, 60.1454893], [12.063979, 60.1454109], [12.0641482, 60.1453305], [12.0642829, 60.1452639], [12.0644591, 60.1451739], [12.0646228, 60.145089], [12.0647827, 60.1450028], [12.0649397, 60.1449154], [12.065094, 60.1448281], [12.0652439, 60.1447387], [12.0653912, 60.1446492], [12.0655519, 60.1445481], [12.065709, 60.144447], [12.0658636, 60.1443444], [12.0660135, 60.1442417], [12.0661578, 60.1441396], [12.0662993, 60.1440384], [12.0664384, 60.1439353], [12.0665733, 60.1438329], [12.0667111, 60.1437249], [12.066846, 60.1436168], [12.0669525, 60.143529], [12.0670154, 60.1434763], [12.0670997, 60.1434037], [12.0672224, 60.1432941], [12.0673425, 60.1431844], [12.0674606, 60.1430731], [12.0675729, 60.1429622], [12.0676791, 60.1428528], [12.0677826, 60.1427443], [12.0678813, 60.1426363], [12.0679791, 60.1425255], [12.0680641, 60.1424235], [12.0681469, 60.1423216], [12.0682291, 60.1422195], [12.0683092, 60.1421169], [12.0683945, 60.1420061], [12.0684818, 60.1418953], [12.0685691, 60.1417843], [12.0686585, 60.1416743], [12.0687458, 60.1415688], [12.0688368, 60.141464], [12.0689285, 60.1413591], [12.0690251, 60.1412555], [12.069123, 60.1411539], [12.0692263, 60.1410529], [12.0693316, 60.1409513], [12.0694398, 60.1408527], [12.0695517, 60.1407546], [12.0696668, 60.140657], [12.0697837, 60.1405614], [12.0699047, 60.1404663], [12.070028, 60.1403712], [12.070157, 60.1402776], [12.0702877, 60.1401849], [12.0704207, 60.1400929], [12.0705537, 60.1400064], [12.0706892, 60.1399208], [12.0708256, 60.1398359], [12.0709646, 60.139751], [12.0711122, 60.1396667], [12.0712628, 60.1395833], [12.0714143, 60.1395], [12.0715702, 60.1394185], [12.0717278, 60.1393382], [12.071889, 60.1392588], [12.072053, 60.139181], [12.0722198, 60.1391036], [12.0723857, 60.1390292], [12.0725571, 60.1389556], [12.0727281, 60.1388835], [12.0729018, 60.1388122], [12.0730835, 60.1387382], [12.0732678, 60.1386643], [12.0734519, 60.1385904], [12.077191, 60.137115], [12.0773883, 60.1370368], [12.0775878, 60.1369586], [12.0777875, 60.1368811], [12.0779895, 60.1368038], [12.0781973, 60.1367248], [12.0784069, 60.1366462], [12.0786182, 60.1365692], [12.0788314, 60.1364926], [12.0790455, 60.1364164], [12.0792613, 60.1363406], [12.079478, 60.136266], [12.0796961, 60.136192], [12.0799134, 60.1361196], [12.0801321, 60.1360475], [12.0803518, 60.1359771], [12.080573, 60.135907], [12.0807922, 60.1358376], [12.0810156, 60.1357692], [12.0812395, 60.1357015], [12.0814645, 60.135635], [12.0816689, 60.1355749]]}, "properties": {"electrified": "contact_line", "frequency": "16.67", "gauge": "1435", "maxspeed": "130", "name": "Kongsvingerbanen", "operator": "Bane NOR", "passenger_lines": "1", "railway": "rail", "usage": "main", "voltage": "15000", "length_km": 2.459, "maxspeed_kmh": 130.0}}, {"type": "Feature", "geometry": {"type": "LineString", "coordinates": [[12.1084817, 60.1212421], [12.1103661, 60.1190069], [12.1104746, 60.1188788], [12.110581, 60.1187508], [12.1106885, 60.1186227], [12.1107917, 60.1184947], [12.1108906, 60.1183691], [12.1109874, 60.1182436], [12.1110842, 60.118118], [12.1111767, 60.1179924], [12.111267, 60.1178648], [12.1113532, 60.1177371], [12.1114405, 60.1176094], [12.1115268, 60.1174817], [12.1116058, 60.1173528], [12.1116818, 60.117224], [12.1117609, 60.1170951], [12.1118354, 60.1169662], [12.1119024, 60.1168406], [12.1119679, 60.1167151], [12.1120327, 60.1165895], [12.1120959, 60.1164639], [12.112193, 60.1162594]]}, "properties": {"electrified": "contact_line", "frequency": "16.67", "gauge": "1435", "maxspeed": "130", "name": "Kongsvingerbanen", "operator": "Bane NOR", "passenger_lines": "1", "railway": "rail", "usage": "main", "voltage": "15000", "length_km": 0.593, "maxspeed_kmh": 130.0}}, {"type": "Feature", "geometry": {"type": "LineString", "coordinates": [[12.0292736, 60.1881006], [12.0293559, 60.1880957]]}, "properties": {"bridge": "yes", "electrified": "contact_line", "frequency": "16.67", "gauge": "1435", "name": "Kongsvingerbanen", "operator": "Bane NOR", "passenger_lines": "1", "railway": "rail", "usage": "main", "voltage": "15000", "length_km": 0.005}}, {"type": "Feature", "geometry": {"type": "LineString", "coordinates": [[12.1082835, 60.1214763], [12.1084817, 60.1212421]]}, "properties": {"bridge": "yes", "electrified": "contact_line", "frequency": "16.67", "gauge": "1435", "maxspeed": "130", "name": "Kongsvingerbanen", "operator": "Bane NOR", "passenger_lines": "1", "railway": "rail", "usage": "main", "voltage": "15000", "length_km": 0.028, "maxspeed_kmh": 130.0}}, {"type": "Feature", "geometry": {"type": "LineString", "coordinates": [[12.0527137, 60.1704767], [12.0527269, 60.1704358]]}, "properties": {"bridge": "yes", "electrified": "contact_line", "frequency": "16.67", "gauge": "1435", "maxspeed": "130", "name": "Kongsvingerbanen", "operator": "Bane NOR", "passenger_lines": "1", "railway": "rail", "usage": "main", "voltage": "15000", "length_km": 0.005, "maxspeed_kmh": 130.0}}, {"type": "Feature", "geometry": {"type": "LineString", "coordinates": [[12.1132838, 60.1138873], [12.1135109, 60.1134032]]}, "properties": {"bridge": "yes", "electrified": "contact_line", "frequency": "16.67", "gauge": "1435", "maxspeed": "100", "name": "Kongsvingerbanen", "operator": "Bane NOR", "passenger_lines": "1", "railway": "rail", "usage": "main", "voltage": "15000", "length_km": 0.055, "maxspeed_kmh": 100.0}}, {"type": "Feature", "geometry": {"type": "LineString", "coordinates": [[12.0985975, 60.1307215], [12.0986935, 60.1306539], [12.0987884, 60.1305863], [12.0988826, 60.1305186], [12.0989768, 60.1304505]]}, "properties": {"bridge": "yes", "electrified": "contact_line", "frequency": "16.67", "gauge": "1435", "maxspeed": "130", "name": "Kongsvingerbanen", "operator": "Bane NOR", "passenger_lines": "1", "railway": "rail", "usage": "main", "voltage": "15000", "length_km": 0.037, "maxspeed_kmh": 130.0}}, {"type": "Feature", "geometry": {"type": "LineString", "coordinates": [[12.0450866, 60.1793468], [12.0451082, 60.1792919]]}, "properties": {"bridge": "yes", "electrified": "contact_line", "frequency": "16.67", "gauge": "1435", "maxspeed": "110", "name": "Kongsvingerbanen", "operator": "Bane NOR", "passenger_lines": "1", "railway": "rail", "usage": "main", "voltage": "15000", "length_km": 0.006, "maxspeed_kmh": 110.0}}, {"type": "Feature", "geometry": {"type": "LineString", "coordinates": [[12.1135109, 60.1134032], [12.1135763, 60.1132604], [12.1136769, 60.1130401]]}, "properties": {"electrified": "contact_line", "frequency": "16.67", "gauge": "1435", "maxspeed": "100", "name": "Kongsvingerbanen", "operator": "Bane NOR", "passenger_lines": "1", "railway": "rail", "usage": "main", "voltage": "15000", "length_km": 0.041, "maxspeed_kmh": 100.0}}, {"type": "Feature", "geometry": {"type": "LineString", "coordinates": [[12.0989768, 60.1304505], [12.100858, 60.129107], [12.1016321, 60.1285537], [12.1017938, 60.128436], [12.1019513, 60.1283183], [12.1021088, 60.1282011], [12.1022642, 60.1280818], [12.1024018, 60.1279766], [12.1025351, 60.1278703], [12.1026664, 60.1277636], [12.1027934, 60.1276568], [12.1029238, 60.1275423], [12.1030516, 60.1274265], [12.103182, 60.1273113], [12.1033098, 60.1271961], [12.1034433, 60.1270718], [12.1035713, 60.1269475], [12.1037007, 60.1268225], [12.1038247, 60.1266975], [12.1039494, 60.1265726], [12.1040714, 60.1264463], [12.1041907, 60.1263207], [12.1043046, 60.1261951], [12.1044172, 60.1260667], [12.1045254, 60.1259382], [12.1046352, 60.1258093], [12.104742, 60.1256805], [12.1048492, 60.1255528], [12.1049571, 60.1254251], [12.105065, 60.1252976], [12.1051743, 60.12517], [12.1052814, 60.1250416], [12.1053896, 60.1249134], [12.1054983, 60.1247851], [12.1056084, 60.1246572], [12.1057139, 60.1245279], [12.1058218, 60.1243991], [12.1059293, 60.1242702], [12.1060384, 60.1241417], [12.1082835, 60.1214763]]}, "properties": {"electrified": "contact_line", "frequency": "16.67", "gauge": "1435", "maxspeed": "130", "name": "Kongsvingerbanen", "operator": "Bane NOR", "passenger_lines": "1", "railway": "rail", "usage": "main", "voltage": "15000", "length_km": 1.13, "maxspeed_kmh": 130.0}}, {"type": "Feature", "geometry": {"type": "LineString", "coordinates": [[12.0461049, 60.1779906], [12.0462109, 60.177897], [12.0463454, 60.1777802], [12.0464814, 60.1776634], [12.0466184, 60.1775466], [12.0467557, 60.1774293], [12.0484437, 60.1759817], [12.0487274, 60.1757399], [12.0490088, 60.175498], [12.0491439, 60.1753817], [12.0492778, 60.1752654], [12.0494104, 60.1751484], [12.0495405, 60.1750315], [12.0496662, 60.1749161], [12.0497895, 60.1748014], [12.0499108, 60.174686], [12.0500297, 60.1745695], [12.0501334, 60.1744645], [12.0502362, 60.1743591], [12.0503389, 60.1742531], [12.0504385, 60.1741471], [12.05054, 60.1740362], [12.0506406, 60.1739247], [12.0507384, 60.1738118], [12.0508352, 60.1736984], [12.0509398, 60.173573], [12.0510429, 60.1734475], [12.0511426, 60.173322], [12.0512392, 60.1731965], [12.0513282, 60.1730771], [12.0514151, 60.1729574], [12.051501, 60.1728374], [12.051586, 60.1727174], [12.0516711, 60.1725887], [12.0517537, 60.1724601], [12.0518353, 60.172332], [12.0519133, 60.1722028], [12.0519888, 60.1720733], [12.052062, 60.1719438], [12.0521322, 60.1718143], [12.0522013, 60.1716839], [12.0522672, 60.1715531], [12.0523318, 60.1714216], [12.052393, 60.1712902], [12.0524503, 60.171158], [12.0525066, 60.1710258], [12.0525605, 60.1708936], [12.0526111, 60.1707616], [12.0526605, 60.1706291], [12.0527137, 60.1704767]]}, "properties": {"electrified": "contact_line", "frequency": "16.67", "gauge": "1435", "maxspeed": "130", "name": "Kongsvingerbanen", "operator": "Bane NOR", "passenger_lines": "1", "railway": "rail", "usage": "main", "voltage": "15000", "length_km": 0.921, "maxspeed_kmh": 130.0}}, {"type": "Feature", "geometry": {"type": "LineString", "coordinates": [[12.0493726, 60.1519925], [12.0494379, 60.1519302], [12.0495244, 60.1518534], [12.0496209, 60.1517713], [12.0496847, 60.1517187]]}, "properties": {"bridge": "yes", "electrified": "contact_line", "frequency": "16.67", "gauge": "1435", "maxspeed": "115", "name": "Kongsvingerbanen", "operator": "Bane NOR", "passenger_lines": "1", "railway": "rail", "usage": "main", "voltage": "15000", "length_km": 0.035, "maxspeed_kmh": 115.0}}, {"type": "Feature", "geometry": {"type": "LineString", "coordinates": [[12.0365239, 60.186985], [12.0366702, 60.1869355], [12.0368152, 60.1868854], [12.0369922, 60.1868216], [12.0371647, 60.1867559], [12.0373362, 60.1866892], [12.0375058, 60.1866216], [12.0376709, 60.1865514], [12.0378332, 60.1864803], [12.0379929, 60.1864083], [12.0381509, 60.1863348], [12.0383044, 60.18626], [12.0384554, 60.1861842], [12.0386064, 60.1861069], [12.0387496, 60.1860271], [12.0389216, 60.1859313], [12.039089, 60.1858343], [12.0392555, 60.1857368], [12.03942, 60.1856386], [12.0422335, 60.1839374], [12.0423766, 60.1838506], [12.0425197, 60.1837636], [12.0426623, 60.1836764], [12.042804, 60.183589], [12.0429289, 60.1835121], [12.0430507, 60.1834335], [12.043173, 60.1833553], [12.0432911, 60.183276], [12.0434053, 60.1831955], [12.0435164, 60.1831149], [12.0436248, 60.1830339], [12.0437289, 60.1829513], [12.0438307, 60.1828653], [12.0439277, 60.1827789], [12.0440197, 60.1826911], [12.0441088, 60.1826029], [12.0441953, 60.1825103], [12.0442753, 60.1824182], [12.0443512, 60.1823259], [12.0444223, 60.1822331], [12.0444885, 60.1821392], [12.0445515, 60.1820444], [12.0446082, 60.18195], [12.0446616, 60.1818544], [12.044703, 60.1817737], [12.0447407, 60.1816924], [12.044776, 60.1816109], [12.0448077, 60.1815287], [12.044842, 60.1814243], [12.0448726, 60.1813199], [12.044896, 60.1812146], [12.0449147, 60.1811087], [12.0449281, 60.1810061], [12.0449374, 60.1809034], [12.0449434, 60.1808004], [12.0449452, 60.180698], [12.0449445, 60.1804554], [12.0449438, 60.1802119], [12.0449457, 60.1801095], [12.0449514, 60.180007], [12.044959, 60.1799044], [12.0449703, 60.1798022], [12.0449872, 60.1797078], [12.0450079, 60.1796134], [12.0450323, 60.179519], [12.0450604, 60.1794246], [12.0450866, 60.1793468]]}, "properties": {"electrified": "contact_line", "frequency": "16.67", "gauge": "1435", "maxspeed": "110", "name": "Kongsvingerbanen", "operator": "Bane NOR", "passenger_lines": "1", "railway": "rail", "usage": "main", "voltage": "15000", "length_km": 1.018, "maxspeed_kmh": 110.0}}, {"type": "Feature", "geometry": {"type": "LineString", "coordinates": [[12.0521037, 60.1644914], [12.0520487, 60.1644], [12.0519809, 60.1642929], [12.0519106, 60.1641865], [12.0518344, 60.1640812], [12.0517558, 60.1639762], [12.051672, 60.1638716], [12.0515856, 60.1637674], [12.0514954, 60.1636649], [12.0514013, 60.1635633], [12.0512901, 60.1634482], [12.0511748, 60.163333], [12.0510564, 60.1632188], [12.0509342, 60.1631059], [12.050416, 60.1626308], [12.0503003, 60.1625228], [12.0501876, 60.1624148], [12.0500764, 60.1623063], [12.0499682, 60.1621978], [12.0498843, 60.162109], [12.0498026, 60.1620197], [12.0497231, 60.1619295], [12.0496481, 60.1618388], [12.0495642, 60.1617318], [12.049486, 60.1616243], [12.0494122, 60.161516], [12.0493418, 60.1614076], [12.0492826, 60.1613053], [12.0492252, 60.1612029], [12.0491726, 60.1610993], [12.0491232, 60.1609957], [12.049079, 60.1608908], [12.0490388, 60.1607858], [12.049002, 60.1606809], [12.0489708, 60.1605751], [12.0489376, 60.1604532], [12.0489093, 60.1603297], [12.0488826, 60.1602066], [12.0488593, 60.1600835], [12.0488358, 60.159949], [12.048814, 60.1598146], [12.0487914, 60.1596802], [12.0487704, 60.1595466], [12.0484894, 60.1578021], [12.0483226, 60.1567629], [12.0481466, 60.1556668], [12.0480717, 60.1551769], [12.0480567, 60.1550571], [12.048045, 60.1549382], [12.0480365, 60.1548184], [12.0480313, 60.1546987], [12.0480321, 60.154599], [12.0480366, 60.1544993], [12.048042, 60.1543995], [12.0480529, 60.1543007], [12.0480679, 60.1542002], [12.0480866, 60.1540997], [12.0481072, 60.1539992], [12.0481314, 60.1538986], [12.0481606, 60.153801], [12.048193, 60.1537033], [12.0482288, 60.1536064], [12.0482661, 60.1535096], [12.048309, 60.1534119], [12.0483547, 60.1533149], [12.0484041, 60.1532179], [12.0484578, 60.1531209], [12.0485137, 60.1530255], [12.0485733, 60.1529301], [12.0486367, 60.1528356], [12.0487037, 60.1527411], [12.048774, 60.1526479], [12.0488472, 60.1525547], [12.048924, 60.1524626], [12.0490022, 60.1523711], [12.0490825, 60.1522828], [12.0491662, 60.1521945], [12.0492533, 60.152107], [12.049344, 60.1520196], [12.0493726, 60.1519925]]}, "properties": {"electrified": "contact_line", "frequency": "16.67", "gauge": "1435", "maxspeed": "115", "name": "Kongsvingerbanen", "operator": "Bane NOR", "passenger_lines": "1", "railway": "rail", "usage": "main", "voltage": "15000", "length_km": 1.443, "maxspeed_kmh": 115.0}}, {"type": "Feature", "geometry": {"type": "LineString", "coordinates": [[12.1299655, 60.0568866], [12.1299262, 60.0567921], [12.1298897, 60.0566985], [12.129855, 60.056603], [12.1298249, 60.0565085], [12.1297915, 60.0564069], [12.1297624, 60.0563047], [12.1297355, 60.0562027], [12.1297128, 60.0561008], [12.1296875, 60.0559829], [12.1296645, 60.055865], [12.129645, 60.0557459], [12.1296302, 60.0556268], [12.1296189, 60.0555089], [12.1296123, 60.0553898], [12.1296046, 60.0552719], [12.1296015, 60.0551528], [12.1296013, 60.055038], [12.1296059, 60.0549231], [12.1296104, 60.0548083], [12.1296196, 60.0546934], [12.1296333, 60.0545821], [12.1296516, 60.0544708], [12.1296678, 60.0543595], [12.1296905, 60.0542482], [12.1297162, 60.0541346], [12.1297463, 60.054021], [12.1297763, 60.0539079], [12.1298128, 60.0537948], [12.1298488, 60.0536816], [12.1298911, 60.0535685], [12.1299357, 60.0534558], [12.1299868, 60.0533443], [12.1300366, 60.0532328], [12.1300907, 60.0531214], [12.1301437, 60.05301], [12.1301988, 60.0529002], [12.1302625, 60.0527815], [12.1303325, 60.0526623], [12.1303993, 60.0525457], [12.1304704, 60.0524291], [12.1311388, 60.0513874], [12.1312325, 60.0512396], [12.1318007, 60.050322], [12.1318773, 60.0502023], [12.1319488, 60.0500817], [12.1320203, 60.0499619], [12.1320868, 60.0498413], [12.1321495, 60.0497285], [12.1322054, 60.0496148], [12.1322614, 60.049502], [12.1323123, 60.0493892], [12.1323591, 60.049278], [12.1324008, 60.049166], [12.1324433, 60.0490536], [12.1324807, 60.0489403], [12.132517, 60.0488288], [12.1325482, 60.0487174], [12.132576, 60.0486059], [12.1325988, 60.0484945], [12.1326211, 60.0483843], [12.1326401, 60.0482742], [12.1326582, 60.0481632], [12.1326729, 60.0480522], [12.1326829, 60.0479386], [12.1326903, 60.047825], [12.1326964, 60.0477114], [12.1326958, 60.0475978], [12.1326952, 60.0474834], [12.1326894, 60.0473691], [12.1326828, 60.0472556], [12.1326712, 60.0471421], [12.1326601, 60.0470357], [12.1326423, 60.0469301], [12.1326228, 60.0468242], [12.1326016, 60.0467182], [12.1325809, 60.0466203], [12.1325569, 60.0465233], [12.1325328, 60.0464284], [12.1325037, 60.0463293], [12.1324739, 60.046235], [12.1324407, 60.0461416], [12.1324084, 60.0460478], [12.1323744, 60.045954], [12.1318725, 60.04472]]}, "properties": {"electrified": "contact_line", "frequency": "16.67", "gauge": "1435", "maxspeed": "130", "name": "Kongsvingerbanen", "operator": "Bane NOR", "passenger_lines": "1", "railway": "rail", "usage": "main", "voltage": "15000", "length_km": 1.383, "maxspeed_kmh": 130.0}}, {"type": "Feature", "geometry": {"type": "LineString", "coordinates": [[12.1299895, 60.056945], [12.1299655, 60.0568866]]}, "properties": {"bridge": "yes", "electrified": "contact_line", "frequency": "16.67", "gauge": "1435", "maxspeed": "130", "name": "Kongsvingerbanen", "operator": "Bane NOR", "passenger_lines": "1", "railway": "rail", "usage": "main", "voltage": "15000", "length_km": 0.007, "maxspeed_kmh": 130.0}}, {"type": "Feature", "geometry": {"type": "LineString", "coordinates": [[11.0510608, 59.9541798], [11.0509199, 59.9541772], [11.0507655, 59.9541734]]}, "properties": {"electrified": "contact_line", "frequency": "16.67", "gauge": "1435", "maxspeed": "80", "name": "Kongsvingerbanen", "operator": "Bane NOR", "passenger_lines": "2", "railway": "rail", "usage": "main", "voltage": "15000", "length_km": 0.017, "maxspeed_kmh": 80.0}}, {"type": "Feature", "geometry": {"type": "LineString", "coordinates": [[11.0507686, 59.9541327], [11.0509242, 59.9541366], [11.0519765, 59.9541541]]}, "properties": {"electrified": "contact_line", "frequency": "16.67", "gauge": "1435", "maxspeed": "40", "name": "Kongsvingerbanen", "operator": "Bane NOR", "passenger_lines": "2", "railway": "rail", "usage": "main", "voltage": "15000", "length_km": 0.068, "maxspeed_kmh": 40.0}}, {"type": "Feature", "geometry": {"type": "LineString", "coordinates": [[11.2474223, 59.9856151], [11.247501, 59.9855981], [11.2476768, 59.9855591], [11.2478453, 59.9855197], [11.2480126, 59.9854791], [11.2481956, 59.9854327], [11.2483761, 59.9853863], [11.2485579, 59.9853393], [11.2487384, 59.9852918], [11.2493758, 59.9851256], [11.2500008, 59.9849622], [11.2501395, 59.9849264], [11.2502794, 59.9848914], [11.2504201, 59.9848567], [11.2505608, 59.9848219], [11.2506696, 59.9847948], [11.2507798, 59.9847691], [11.2508908, 59.9847427], [11.251003, 59.9847169], [11.2511318, 59.9846876], [11.2512623, 59.9846587], [11.2513921, 59.984631], [11.2515228, 59.9846032]]}, "properties": {"electrified": "contact_line", "frequency": "16.67", "gauge": "1435", "name": "Kongsvingerbanen", "operator": "Bane NOR", "passenger_lines": "1", "railway": "rail", "usage": "main", "voltage": "15000", "length_km": 0.255}}, {"type": "Feature", "geometry": {"type": "LineString", "coordinates": [[11.2387636, 59.9854442], [11.2389131, 59.9854783], [11.2390654, 59.9855115], [11.2392181, 59.9855428], [11.2393718, 59.9855731], [11.2395071, 59.9855981], [11.2396452, 59.9856221], [11.2397828, 59.9856455], [11.2399204, 59.9856679], [11.2400668, 59.9856908], [11.2402132, 59.9857131], [11.2403603, 59.9857354], [11.2405074, 59.9857569], [11.2406459, 59.9857772], [11.2407843, 59.9857955], [11.2409235, 59.9858134], [11.2410612, 59.9858299]]}, "properties": {"electrified": "contact_line", "frequency": "16.67", "gauge": "1435", "name": "Kongsvingerbanen", "operator": "Bane NOR", "passenger_lines": "1", "railway": "rail", "usage": "main", "voltage": "15000", "length_km": 0.135}}, {"type": "Feature", "geometry": {"type": "LineString", "coordinates": [[11.0583318, 59.9534473], [11.0580731, 59.953507], [11.0578091, 59.9535671], [11.0575374, 59.9536262], [11.0572747, 59.9536822], [11.0569672, 59.9537431], [11.0567071, 59.9537927], [11.0564709, 59.9538347], [11.056201, 59.9538811], [11.0559142, 59.9539267], [11.055662, 59.9539639], [11.0553681, 59.9540044], [11.0550937, 59.9540395], [11.0548172, 59.9540711], [11.05452, 59.9541034], [11.0542178, 59.9541325], [11.0540095, 59.9541508], [11.053798, 59.9541671], [11.0535966, 59.9541807]]}, "properties": {"electrified": "contact_line", "frequency": "16.67", "gauge": "1435", "maxspeed": "120", "name": "Kongsvingerbanen", "operator": "Bane NOR", "passenger_lines": "2", "railway": "rail", "usage": "main", "voltage": "15000", "length_km": 0.278, "maxspeed_kmh": 120.0}}, {"type": "Feature", "geometry": {"type": "LineString", "coordinates": [[11.0592774, 59.9532229], [11.0583318, 59.9534473]]}, "properties": {"electrified": "contact_line", "frequency": "16.67", "gauge": "1435", "maxspeed": "120", "name": "Kongsvingerbanen", "operator": "Bane NOR", "passenger_lines": "2", "railway": "rail", "usage": "main", "voltage": "15000", "length_km": 0.058, "maxspeed_kmh": 120.0}}, {"type": "Feature", "geometry": {"type": "LineString", "coordinates": [[11.3296457, 60.0301084], [11.329775, 60.0301645], [11.3302113, 60.0303572]]}, "properties": {"electrified": "contact_line", "frequency": "16.67", "gauge": "1435", "maxspeed": "105", "name": "Kongsvingerbanen", "operator": "Bane NOR", "passenger_lines": "1", "railway": "rail", "usage": "main", "voltage": "15000", "length_km": 0.042, "maxspeed_kmh": 105.0}}, {"type": "Feature", "geometry": {"type": "LineString", "coordinates": [[11.3302113, 60.0303572], [11.33076, 60.0305978]]}, "properties": {"electrified": "contact_line", "frequency": "16.67", "gauge": "1435", "maxspeed": "105", "name": "Kongsvingerbanen", "operator": "Bane NOR", "passenger_lines": "1", "railway": "rail", "usage": "main", "voltage": "15000", "length_km": 0.041, "maxspeed_kmh": 105.0}}, {"type": "Feature", "geometry": {"type": "LineString", "coordinates": [[11.3296457, 60.0301084], [11.3295069, 60.0300506], [11.3293652, 60.0299949], [11.3292207, 60.0299419], [11.3290754, 60.0298907], [11.3287003, 60.0297594], [11.3285958, 60.0297202], [11.3284944, 60.0296798], [11.3283971, 60.0296382], [11.328303, 60.0295959], [11.3280467, 60.0294819]]}, "properties": {"electrified": "contact_line", "frequency": "16.67", "gauge": "1435", "name": "Kongsvingerbanen", "operator": "Bane NOR", "passenger_lines": "2", "railway": "rail", "service": "siding", "voltage": "15000", "length_km": 0.113}}, {"type": "Feature", "geometry": {"type": "LineString", "coordinates": [[11.3280467, 60.0294819], [11.3278419, 60.0293926]]}, "properties": {"electrified": "contact_line", "frequency": "16.67", "gauge": "1435", "name": "Kongsvingerbanen", "operator": "Bane NOR", "passenger_lines": "2", "railway": "rail", "service": "siding", "voltage": "15000", "length_km": 0.015}}, {"type": "Feature", "geometry": {"type": "LineString", "coordinates": [[11.2516224, 59.9845821], [11.2518074, 59.9845445], [11.2519942, 59.9845079]]}, "properties": {"electrified": "contact_line", "frequency": "16.67", "gauge": "1435", "name": "Kongsvingerbanen", "operator": "Bane NOR", "passenger_lines": "1", "railway": "rail", "usage": "main", "voltage": "15000", "length_km": 0.022}}, {"type": "Feature", "geometry": {"type": "LineString", "coordinates": [[11.2370365, 59.9849185], [11.2370619, 59.984928], [11.2372079, 59.9849814], [11.2373548, 59.9850344], [11.2374922, 59.9850821]]}, "properties": {"electrified": "contact_line", "frequency": "16.67", "gauge": "1435", "name": "Kongsvingerbanen", "operator": "Bane NOR", "passenger_lines": "1", "railway": "rail", "usage": "main", "voltage": "15000", "length_km": 0.031}}, {"type": "Feature", "geometry": {"type": "LineString", "coordinates": [[11.1800984, 59.9309341], [11.1801622, 59.9310561], [11.1802246, 59.931178], [11.1802848, 59.9313007], [11.1803436, 59.9314234], [11.1806415, 59.9320445]]}, "properties": {"electrified": "contact_line", "frequency": "16.67", "gauge": "1435", "maxspeed": "130", "name": "Kongsvingerbanen", "operator": "Bane NOR", "passenger_lines": "1", "railway": "rail", "usage": "main", "voltage": "15000", "length_km": 0.127, "maxspeed_kmh": 130.0}}, {"type": "Feature", "geometry": {"type": "LineString", "coordinates": [[11.1585359, 59.9243252], [11.1587335, 59.924472], [11.1589882, 59.9246623]]}, "properties": {"electrified": "contact_line", "frequency": "16.67", "gauge": "1435", "maxspeed": "80", "name": "Kongsvingerbanen", "operator": "Bane NOR", "passenger_lines": "1", "railway": "rail", "usage": "main", "voltage": "15000", "length_km": 0.045, "maxspeed_kmh": 80.0}}, {"type": "Feature", "geometry": {"type": "LineString", "coordinates": [[11.1235167, 59.9345645], [11.1258032, 59.9328095], [11.128215, 59.9309486], [11.1285204, 59.9307142], [11.1288226, 59.9304817], [11.1291297, 59.9302466], [11.1294349, 59.9300115], [11.1341677, 59.9263609], [11.134302, 59.9262581], [11.1344389, 59.9261546], [11.1345746, 59.9260514], [11.1347142, 59.9259482], [11.134869, 59.9258367], [11.1350264, 59.9257258], [11.1351851, 59.9256156], [11.1353466, 59.9255068], [11.1355082, 59.9254025], [11.135672, 59.9252982], [11.1358368, 59.9251952], [11.1360048, 59.9250922], [11.1361794, 59.9249895], [11.1363562, 59.9248883], [11.1365335, 59.9247884], [11.1367129, 59.924689], [11.136897, 59.9245914], [11.1370839, 59.9244937], [11.1372718, 59.9243983], [11.1374606, 59.9243034], [11.1376535, 59.9242105], [11.1378476, 59.9241181], [11.1380438, 59.9240271], [11.1382434, 59.9239372]]}, "properties": {"electrified": "contact_line", "frequency": "16.67", "gauge": "1435", "maxspeed": "130", "name": "Kongsvingerbanen", "operator": "Bane NOR", "passenger_lines": "1", "railway": "rail", "usage": "main", "voltage": "15000", "length_km": 1.446, "maxspeed_kmh": 130.0}}, {"type": "Feature", "geometry": {"type": "LineString", "coordinates": [[11.0739856, 59.9497294], [11.0740471, 59.9497154]]}, "properties": {"electrified": "contact_line", "frequency": "16.67", "gauge": "1435", "maxspeed": "120", "name": "Kongsvingerbanen", "operator": "Bane NOR", "passenger_lines": "1", "railway": "rail", "usage": "main", "voltage": "15000", "length_km": 0.004, "maxspeed_kmh": 120.0}}, {"type": "Feature", "geometry": {"type": "LineString", "coordinates": [[11.0535966, 59.9541807], [11.0534696, 59.9541875], [11.0533261, 59.9541942], [11.0531614, 59.9541994], [11.0529981, 59.9542032], [11.0527789, 59.9542048], [11.0525666, 59.9542045], [11.0520472, 59.9541969], [11.0510608, 59.9541798]]}, "properties": {"electrified": "contact_line", "frequency": "16.67", "gauge": "1435", "maxspeed": "80", "name": "Kongsvingerbanen", "operator": "Bane NOR", "passenger_lines": "2", "railway": "rail", "usage": "main", "voltage": "15000", "length_km": 0.142, "maxspeed_kmh": 80.0}}, {"type": "Feature", "geometry": {"type": "LineString", "coordinates": [[11.0519765, 59.9541541], [11.052564, 59.9541632], [11.052781, 59.9541636], [11.0529972, 59.9541605], [11.053157, 59.9541566], [11.0533226, 59.9541508], [11.0534652, 59.9541447]]}, "properties": {"electrified": "contact_line", "frequency": "16.67", "gauge": "1435", "maxspeed": "40", "name": "Kongsvingerbanen", "operator": "Bane NOR", "passenger_lines": "2", "railway": "rail", "usage": "main", "voltage": "15000", "length_km": 0.083, "maxspeed_kmh": 40.0}}, {"type": "Feature", "geometry": {"type": "LineString", "coordinates": [[11.4707075, 60.1279065], [11.4709886, 60.1281149], [11.471161, 60.1282484], [11.4713361, 60.1283843], [11.4715291, 60.1285371], [11.4717244, 60.1286893], [11.4731416, 60.1298157], [11.473241, 60.1298963], [11.4733394, 60.129978], [11.4734351, 60.1300597], [11.4735298, 60.1301424], [11.4736308, 60.130235], [11.4737289, 60.130329], [11.4738234, 60.1304244], [11.4739151, 60.1305211], [11.4740021, 60.1306188], [11.4740848, 60.1307176], [11.4741634, 60.1308173], [11.4742388, 60.1309181], [11.4743082, 60.1310184], [11.4743746, 60.1311178], [11.4744379, 60.1312188], [11.4744982, 60.1313213], [11.475005, 60.1322183], [11.4750668, 60.1323283], [11.4751323, 60.1324382], [11.4752001, 60.1325477], [11.4752707, 60.1326568], [11.4753414, 60.1327598], [11.4754158, 60.1328624], [11.4754948, 60.1329638], [11.4755775, 60.1330643], [11.4756601, 60.1331616], [11.4757487, 60.1332578], [11.4758402, 60.1333555], [11.4759389, 60.133452], [11.4760388, 60.1335486], [11.4761439, 60.1336443], [11.4762526, 60.1337381], [11.4763645, 60.1338315], [11.4764819, 60.1339257], [11.4766029, 60.1340193], [11.4767239, 60.134113], [11.4768463, 60.134206], [11.4789204, 60.1357688], [11.4790294, 60.1358496], [11.4791337, 60.135931], [11.4792385, 60.1360124], [11.479341, 60.1360938], [11.4794529, 60.1361861], [11.4795627, 60.1362783], [11.4796667, 60.1363726], [11.4797697, 60.1364674], [11.4798666, 60.1365626], [11.4799599, 60.136659], [11.4800496, 60.1367567], [11.4801333, 60.1368555], [11.4802167, 60.1369582], [11.4802946, 60.1370615], [11.4803617, 60.1371547], [11.4804028, 60.1372142]]}, "properties": {"electrified": "contact_line", "frequency": "16.67", "gauge": "1435", "maxspeed": "105", "name": "Kongsvingerbanen", "operator": "Bane NOR", "passenger_lines": "1", "railway": "rail", "usage": "main", "voltage": "15000", "length_km": 1.176, "maxspeed_kmh": 105.0}}, {"type": "Feature", "geometry": {"type": "LineString", "coordinates": [[11.4641865, 60.1222862], [11.4642207, 60.1224053], [11.4642502, 60.1225236]]}, "properties": {"electrified": "contact_line", "frequency": "16.67", "gauge": "1435", "maxspeed": "130", "name": "Kongsvingerbanen", "operator": "Bane NOR", "passenger_lines": "3", "railway": "rail", "usage": "main", "voltage": "15000", "length_km": 0.027, "maxspeed_kmh": 130.0}}, {"type": "Feature", "geometry": {"type": "LineString", "coordinates": [[11.3925037, 60.0691077], [11.3936595, 60.0695654], [11.3945884, 60.0699342]]}, "properties": {"electrified": "contact_line", "frequency": "16.67", "gauge": "1435", "maxspeed": "130", "name": "Kongsvingerbanen", "operator": "Bane NOR", "passenger_lines": "1", "railway": "rail", "usage": "main", "voltage": "15000", "length_km": 0.148, "maxspeed_kmh": 130.0}}, {"type": "Feature", "geometry": {"type": "LineString", "coordinates": [[11.384651, 60.0582053], [11.3847564, 60.058311], [11.3848617, 60.0584195], [11.384955, 60.0585216], [11.3850438, 60.0586243], [11.3851309, 60.0587267], [11.3852123, 60.0588303], [11.3852917, 60.058936], [11.385366, 60.0590424], [11.3854365, 60.0591478], [11.3855044, 60.0592557], [11.3855664, 60.059364], [11.385625, 60.0594723], [11.3856808, 60.0595809], [11.3857309, 60.0596906], [11.3857815, 60.0598081], [11.3858276, 60.059926], [11.3858709, 60.0600454], [11.3859108, 60.0601654], [11.3859502, 60.0602876], [11.3859859, 60.0604097], [11.3860225, 60.0605315], [11.3860572, 60.060655], [11.386521, 60.06229], [11.3865551, 60.0624099], [11.3865911, 60.0625298], [11.3866298, 60.0626492], [11.3866704, 60.0627686], [11.3867136, 60.0628979], [11.3867606, 60.0630263], [11.3868085, 60.0631552], [11.3868601, 60.063284], [11.3869111, 60.0634119], [11.3869659, 60.0635398], [11.3870225, 60.0636668], [11.3870829, 60.0637937], [11.3871422, 60.0639213], [11.3872059, 60.0640481], [11.387271, 60.064175], [11.3873391, 60.0643018], [11.3883688, 60.0660962]]}, "properties": {"electrified": "contact_line", "frequency": "16.67", "gauge": "1435", "maxspeed": "110", "name": "Kongsvingerbanen", "operator": "Bane NOR", "passenger_lines": "1", "railway": "rail", "usage": "main", "voltage": "15000", "length_km": 0.906, "maxspeed_kmh": 110.0}}, {"type": "Feature", "geometry": {"type": "LineString", "coordinates": [[11.3431307, 60.0354079], [11.3441851, 60.0359189], [11.3443775, 60.0360119], [11.3445723, 60.0361043], [11.3447694, 60.0361953], [11.3449706, 60.0362859], [11.3451224, 60.0363509], [11.3452766, 60.0364161], [11.345433, 60.0364804], [11.3455903, 60.0365442], [11.345762, 60.0366103], [11.3459381, 60.0366764], [11.3461147, 60.0367412], [11.3462968, 60.0368048], [11.3465107, 60.0368784], [11.346729, 60.0369509], [11.3469495, 60.0370228], [11.3471744, 60.0370937], [11.3480696, 60.0373741], [11.348258, 60.037436], [11.3484459, 60.0374981], [11.3486113, 60.0375545]]}, "properties": {"electrified": "contact_line", "frequency": "16.67", "gauge": "1435", "name": "Kongsvingerbanen", "operator": "Bane NOR", "passenger_lines": "1", "railway": "rail", "usage": "main", "voltage": "15000", "length_km": 0.389}}, {"type": "Feature", "geometry": {"type": "LineString", "coordinates": [[11.33076, 60.0305978], [11.3312506, 60.0308143], [11.3314198, 60.0308891], [11.3315903, 60.0309639], [11.3317628, 60.0310389], [11.3319317, 60.0311134], [11.3320975, 60.0311863], [11.3322644, 60.0312592], [11.3324328, 60.0313318], [11.3326024, 60.0314038], [11.3327751, 60.0314771], [11.3329512, 60.0315495], [11.3331281, 60.0316206], [11.3333076, 60.0316922], [11.3334694, 60.0317557], [11.3336325, 60.0318186], [11.3337965, 60.0318811], [11.3339626, 60.031943], [11.3341254, 60.0320026], [11.3342903, 60.0320617], [11.3344542, 60.0321207], [11.3346203, 60.0321792], [11.335538, 60.0324955]]}, "properties": {"electrified": "contact_line", "frequency": "16.67", "gauge": "1435", "maxspeed": "105", "name": "Kongsvingerbanen", "operator": "Bane NOR", "passenger_lines": "1", "railway": "rail", "usage": "main", "voltage": "15000", "length_km": 0.34, "maxspeed_kmh": 105.0}}, {"type": "Feature", "geometry": {"type": "LineString", "coordinates": [[11.3182851, 60.0232593], [11.3183496, 60.0233191], [11.3184083, 60.0233732], [11.3184683, 60.0234274], [11.3185572, 60.023507], [11.3186495, 60.0235855], [11.3187459, 60.0236637], [11.3188446, 60.0237419], [11.3189436, 60.0238166], [11.3190479, 60.0238914], [11.3191522, 60.0239655], [11.3192591, 60.0240389], [11.3193679, 60.02411], [11.3194819, 60.0241804], [11.3195953, 60.0242501], [11.3197127, 60.0243192], [11.3198106, 60.0243749], [11.3199112, 60.0244306], [11.3200132, 60.0244863], [11.3201171, 60.0245413], [11.320224, 60.0245954], [11.3203322, 60.0246495], [11.3204417, 60.0247033], [11.3205538, 60.024757], [11.3209643, 60.0249513]]}, "properties": {"electrified": "contact_line", "frequency": "16.67", "gauge": "1435", "maxspeed": "105", "name": "Kongsvingerbanen", "operator": "Bane NOR", "passenger_lines": "1", "railway": "rail", "usage": "main", "voltage": "15000", "length_km": 0.242, "maxspeed_kmh": 105.0}}, {"type": "Feature", "geometry": {"type": "LineString", "coordinates": [[11.3044192, 60.0073169], [11.3044728, 60.0073678]]}, "properties": {"electrified": "contact_line", "frequency": "16.67", "gauge": "1435", "name": "Kongsvingerbanen", "operator": "Bane NOR", "passenger_lines": "1", "railway": "rail", "usage": "main", "voltage": "15000", "length_km": 0.006}}, {"type": "Feature", "geometry": {"type": "LineString", "coordinates": [[11.2834883, 59.9967909], [11.2836841, 59.9968804], [11.2844192, 59.9972235], [11.284578, 59.9972954], [11.2847349, 59.9973678], [11.2848928, 59.9974404], [11.2850511, 59.9975136], [11.2852088, 59.9975853], [11.2853652, 59.9976578], [11.285522, 59.99773], [11.2856774, 59.997803], [11.2858355, 59.9978762], [11.2859909, 59.9979516], [11.2861465, 59.9980264], [11.2862993, 59.9981019], [11.2864502, 59.9981802], [11.2865985, 59.9982593], [11.2867436, 59.9983393], [11.2868847, 59.9984199], [11.2870257, 59.9985045], [11.2871633, 59.9985899], [11.2872968, 59.998677], [11.2874269, 59.9987648], [11.2875545, 59.9988532], [11.287677, 59.9989433], [11.2877995, 59.9990355], [11.2879154, 59.9991284], [11.2880264, 59.9992216], [11.288133, 59.9993155], [11.2882383, 59.9994108], [11.2883384, 59.9995061], [11.2884427, 59.9996117], [11.2885431, 59.9997162], [11.2886434, 59.9998223], [11.2887418, 59.9999284], [11.288915, 60.0001176]]}, "properties": {"electrified": "contact_line", "frequency": "16.67", "gauge": "1435", "maxspeed": "105", "name": "Kongsvingerbanen", "operator": "Bane NOR", "passenger_lines": "1", "railway": "rail", "usage": "main", "voltage": "15000", "length_km": 0.484, "maxspeed_kmh": 105.0}}, {"type": "Feature", "geometry": {"type": "LineString", "coordinates": [[11.2607998, 59.9845776], [11.2609322, 59.9846072], [11.2611459, 59.984657], [11.2613561, 59.984708], [11.2615644, 59.9847605], [11.2617715, 59.9848172], [11.2619636, 59.9848714], [11.2621522, 59.9849267], [11.2623398, 59.9849836], [11.2625208, 59.9850423], [11.2627305, 59.9851107], [11.2629366, 59.9851816], [11.2631403, 59.9852527], [11.2633415, 59.9853251], [11.2635375, 59.9853977], [11.2637299, 59.9854722], [11.2639211, 59.985547], [11.264111, 59.9856223], [11.2643244, 59.9857103], [11.2645329, 59.9857988], [11.2647372, 59.9858892], [11.2649392, 59.9859801], [11.2651304, 59.9860679], [11.2653179, 59.9861571], [11.2655029, 59.9862475], [11.265684, 59.9863384], [11.2658415, 59.9864203], [11.2659978, 59.9865027], [11.266154, 59.9865857], [11.266307, 59.9866694], [11.266466, 59.9867582], [11.2666232, 59.9868479], [11.2667804, 59.9869376], [11.2669324, 59.9870282], [11.2670855, 59.987123], [11.2672327, 59.9872188], [11.2673789, 59.9873161], [11.2675212, 59.9874134], [11.2675734, 59.9874483]]}, "properties": {"electrified": "contact_line", "frequency": "16.67", "gauge": "1435", "name": "Kongsvingerbanen", "operator": "Bane NOR", "passenger_lines": "1", "railway": "rail", "usage": "main", "voltage": "15000", "length_km": 0.501}}, {"type": "Feature", "geometry": {"type": "LineString", "coordinates": [[12.0224629, 60.1881911], [12.0227658, 60.1881982], [12.0231341, 60.1882079]]}, "properties": {"electrified": "contact_line", "frequency": "16.67", "gauge": "1435", "maxspeed": "40", "name": "Kongsvingerbanen", "operator": "Bane NOR", "passenger_lines": "1", "railway": "rail", "usage": "main", "voltage": "15000", "length_km": 0.037, "maxspeed_kmh": 40.0}}, {"type": "Feature", "geometry": {"type": "LineString", "coordinates": [[11.9978658, 60.1883688], [11.9980149, 60.1883258], [11.9981609, 60.1882848], [11.9983225, 60.1882398], [11.9984898, 60.1881947]]}, "properties": {"electrified": "contact_line", "frequency": "16.67", "gauge": "1435", "name": "Kongsvingerbanen", "operator": "Bane NOR", "passenger_lines": "1", "railway": "rail", "usage": "main", "voltage": "15000", "length_km": 0.04}}, {"type": "Feature", "geometry": {"type": "LineString", "coordinates": [[11.9919363, 60.1892621], [11.9921087, 60.1892388], [11.9922835, 60.1892167], [11.9924589, 60.1891943], [11.9926343, 60.1891737], [11.9928855, 60.1891446], [11.99314, 60.1891179], [11.9933945, 60.1890911], [11.9936489, 60.1890661], [11.9939594, 60.1890345]]}, "properties": {"electrified": "contact_line", "frequency": "16.67", "gauge": "1435", "name": "Kongsvingerbanen", "operator": "Bane NOR", "passenger_lines": "1", "railway": "rail", "usage": "main", "voltage": "15000", "length_km": 0.115}}, {"type": "Feature", "geometry": {"type": "LineString", "coordinates": [[11.9939594, 60.1890345], [11.9946241, 60.1889671], [11.9948496, 60.1889444], [11.9950767, 60.1889209], [11.9953015, 60.1888962], [11.995531, 60.1888691], [11.9957156, 60.188845], [11.9958992, 60.1888179], [11.9960819, 60.1887901], [11.9962636, 60.1887598], [11.9964687, 60.1887219], [11.996664, 60.1886824], [11.996719, 60.18867], [11.9968882, 60.188632], [11.9970551, 60.1885924], [11.9972154, 60.1885518], [11.9973735, 60.1885091], [11.9975298, 60.1884655], [11.9976861, 60.1884205], [11.9978658, 60.1883688]]}, "properties": {"electrified": "contact_line", "frequency": "16.67", "gauge": "1435", "name": "Kongsvingerbanen", "operator": "Bane NOR", "passenger_lines": "1", "railway": "rail", "usage": "main", "voltage": "15000", "length_km": 0.231}}, {"type": "Feature", "geometry": {"type": "LineString", "coordinates": [[11.9829361, 60.1928753], [11.9830246, 60.1927566], [11.9830919, 60.1926701], [11.9831626, 60.1925836], [11.9832512, 60.1924804], [11.983308, 60.1924181], [11.9833845, 60.1923371], [11.9834629, 60.1922564], [11.9835335, 60.1921902], [11.9836069, 60.192124], [11.9836808, 60.1920581], [11.9837576, 60.1919926], [11.9838312, 60.1919352], [11.9839037, 60.1918795], [11.9839748, 60.1918233], [11.9840498, 60.1917678], [11.9841194, 60.1917175], [11.9841939, 60.1916685], [11.9842654, 60.1916194], [11.9843405, 60.191571], [11.9844153, 60.1915239], [11.9844913, 60.1914768], [11.9845697, 60.1914306], [11.9846505, 60.1913844], [11.9847334, 60.1913376], [11.9848188, 60.1912914], [11.9849063, 60.1912453], [11.9849956, 60.1912002], [11.9850899, 60.191153], [11.9851863, 60.1911062], [11.985285, 60.1910606], [11.9853851, 60.1910155], [11.9855566, 60.1909399], [11.9857335, 60.1908656], [11.9859111, 60.1907927], [11.9860942, 60.1907212], [11.9862729, 60.1906539], [11.9864544, 60.1905867], [11.9866386, 60.1905201], [11.9868256, 60.1904548], [11.9870097, 60.1903929], [11.9871965, 60.1903317], [11.9873854, 60.1902712], [11.9875797, 60.1902107], [11.987782, 60.1901489], [11.988008, 60.190084], [11.9881996, 60.1900291], [11.9883879, 60.1899779], [11.9886538, 60.1899066], [11.9889274, 60.1898368], [11.9892064, 60.1897685], [11.9894932, 60.1897056], [11.9897306, 60.1896525], [11.9899773, 60.1896002], [11.9901998, 60.1895548], [11.9904255, 60.1895101], [11.9906565, 60.1894674], [11.9908907, 60.1894254], [11.9911655, 60.1893802], [11.991444, 60.1893355], [11.9917633, 60.1892866], [11.9919363, 60.1892621]]}, "properties": {"electrified": "contact_line", "frequency": "16.67", "gauge": "1435", "maxspeed": "100", "name": "Kongsvingerbanen", "operator": "Bane NOR", "passenger_lines": "1", "railway": "rail", "usage": "main", "voltage": "15000", "length_km": 0.667, "maxspeed_kmh": 100.0}}, {"type": "Feature", "geometry": {"type": "LineString", "coordinates": [[11.8847482, 60.1974246], [11.884972, 60.1974519], [11.8854548, 60.1975159], [11.8859672, 60.1975917], [11.88647, 60.1976748], [11.8868952, 60.1977508], [11.8873162, 60.1978329], [11.8877919, 60.1979326], [11.8882603, 60.1980386], [11.8887262, 60.1981533], [11.8891835, 60.1982739], [11.889632, 60.1984012], [11.8900704, 60.1985327], [11.8904, 60.1986391], [11.8907245, 60.198748], [11.8911346, 60.1988884], [11.8915392, 60.199031], [11.8940869, 60.1999303]]}, "properties": {"electrified": "contact_line", "frequency": "16.67", "gauge": "1435", "name": "Kongsvingerbanen", "operator": "Bane NOR", "passenger_lines": "1", "railway": "rail", "usage": "main", "voltage": "15000", "length_km": 0.593}}, {"type": "Feature", "geometry": {"type": "LineString", "coordinates": [[11.8844825, 60.1973948], [11.8845661, 60.1974038], [11.8847482, 60.1974246]]}, "properties": {"electrified": "contact_line", "frequency": "16.67", "gauge": "1435", "maxspeed": "70", "name": "Kongsvingerbanen", "operator": "Bane NOR", "passenger_lines": "1", "railway": "rail", "usage": "main", "voltage": "15000", "length_km": 0.015, "maxspeed_kmh": 70.0}}, {"type": "Feature", "geometry": {"type": "LineString", "coordinates": [[11.882127, 60.1971907], [11.8822235, 60.197196], [11.8824538, 60.1972134], [11.8826829, 60.1972358], [11.8828228, 60.1972507], [11.8829639, 60.1972645], [11.8831089, 60.1972759], [11.8832555, 60.1972858]]}, "properties": {"electrified": "contact_line", "frequency": "16.67", "gauge": "1435", "maxspeed": "20", "name": "Kongsvingerbanen", "operator": "Bane NOR", "passenger_lines": "2", "railway": "rail", "service": "siding", "voltage": "15000", "length_km": 0.064, "maxspeed_kmh": 20.0}}, {"type": "Feature", "geometry": {"type": "LineString", "coordinates": [[11.863065, 60.2031824], [11.8634246, 60.2030258], [11.8641006, 60.2027304], [11.864748, 60.2024472], [11.8655137, 60.2021091], [11.8671502, 60.2013732], [11.8680375, 60.200997], [11.8697043, 60.2002837], [11.8713357, 60.1995577], [11.8729635, 60.1988432], [11.8732076, 60.1987397]]}, "properties": {"electrified": "contact_line", "frequency": "16.67", "gauge": "1435", "name": "Kongsvingerbanen", "operator": "Bane NOR", "passenger_lines": "1", "railway": "rail", "usage": "main", "voltage": "15000", "length_km": 0.749}}, {"type": "Feature", "geometry": {"type": "LineString", "coordinates": [[11.8732076, 60.1987397], [11.8734471, 60.1986409], [11.8737083, 60.1985339], [11.8739128, 60.1984542], [11.8741178, 60.1983797], [11.8743238, 60.1983072], [11.8745365, 60.1982372], [11.8747389, 60.1981709], [11.8749388, 60.1981077], [11.8751424, 60.1980482]]}, "properties": {"electrified": "contact_line", "frequency": "16.67", "gauge": "1435", "maxspeed": "70", "name": "Kongsvingerbanen", "operator": "Bane NOR", "passenger_lines": "1", "railway": "rail", "usage": "main", "voltage": "15000", "length_km": 0.132, "maxspeed_kmh": 70.0}}, {"type": "Feature", "geometry": {"type": "LineString", "coordinates": [[11.817878, 60.2229758], [11.8179243, 60.222956]]}, "properties": {"electrified": "contact_line", "frequency": "16.67", "gauge": "1435", "maxspeed": "130", "name": "Kongsvingerbanen", "operator": "Bane NOR", "passenger_lines": "1", "railway": "rail", "usage": "main", "voltage": "15000", "length_km": 0.003, "maxspeed_kmh": 130.0}}, {"type": "Feature", "geometry": {"type": "LineString", "coordinates": [[11.8046989, 60.2275859], [11.8049434, 60.2275388]]}, "properties": {"electrified": "contact_line", "frequency": "16.67", "gauge": "1435", "maxspeed": "130", "name": "Kongsvingerbanen", "operator": "Bane NOR", "passenger_lines": "1", "railway": "rail", "usage": "main", "voltage": "15000", "length_km": 0.015, "maxspeed_kmh": 130.0}}, {"type": "Feature", "geometry": {"type": "LineString", "coordinates": [[11.688676, 60.2547757], [11.6888574, 60.2547628], [11.6890474, 60.2547487], [11.6892451, 60.2547317], [11.6894403, 60.2547133], [11.6896361, 60.2546935], [11.6898279, 60.2546718], [11.6900201, 60.2546478], [11.6902137, 60.2546225], [11.6904053, 60.2545949], [11.6905968, 60.254566], [11.6907643, 60.254539], [11.6909318, 60.2545108], [11.6911006, 60.2544809], [11.6912674, 60.2544493], [11.6914151, 60.2544204], [11.6915607, 60.2543906], [11.6917071, 60.2543594], [11.6918494, 60.2543276], [11.692047, 60.254282], [11.6922473, 60.2542325], [11.6923874, 60.2541979], [11.6925288, 60.2541613], [11.6926689, 60.2541244], [11.6928062, 60.2540868], [11.6929232, 60.2540537], [11.6930376, 60.2540197], [11.693152, 60.2539856], [11.693266, 60.253951], [11.6933792, 60.2539162], [11.6934916, 60.2538806], [11.6936028, 60.2538439], [11.6937114, 60.2538068], [11.6938183, 60.2537698], [11.6939237, 60.2537327], [11.6940281, 60.2536949], [11.6941306, 60.2536567], [11.6942644, 60.2536061], [11.6943969, 60.2535544], [11.6945246, 60.2535022], [11.6946524, 60.2534487], [11.6947944, 60.2533867], [11.6949343, 60.2533236], [11.6950717, 60.2532606], [11.6952051, 60.2531968]]}, "properties": {"electrified": "contact_line", "frequency": "16.67", "gauge": "1435", "maxspeed": "100", "name": "Kongsvingerbanen", "operator": "Bane NOR", "passenger_lines": "1", "railway": "rail", "usage": "main", "voltage": "15000", "length_km": 0.409, "maxspeed_kmh": 100.0}}, {"type": "Feature", "geometry": {"type": "LineString", "coordinates": [[11.6870122, 60.254833], [11.6871822, 60.2548322], [11.6873573, 60.2548308], [11.6875362, 60.254827], [11.687717, 60.2548228], [11.6878988, 60.2548164], [11.6880767, 60.2548088], [11.6882557, 60.2548001], [11.6884659, 60.2547884], [11.688676, 60.2547757]]}, "properties": {"electrified": "contact_line", "frequency": "16.67", "gauge": "1435", "maxspeed": "105", "name": "Kongsvingerbanen", "operator": "Bane NOR", "passenger_lines": "1", "railway": "rail", "usage": "main", "voltage": "15000", "length_km": 0.092, "maxspeed_kmh": 105.0}}, {"type": "Feature", "geometry": {"type": "LineString", "coordinates": [[11.6744709, 60.2475363], [11.6749414, 60.2484509]]}, "properties": {"electrified": "contact_line", "frequency": "16.67", "gauge": "1435", "maxspeed": "105", "name": "Kongsvingerbanen", "operator": "Bane NOR", "passenger_lines": "1", "railway": "rail", "usage": "main", "voltage": "15000", "length_km": 0.105, "maxspeed_kmh": 105.0}}, {"type": "Feature", "geometry": {"type": "LineString", "coordinates": [[11.6749414, 60.2484509], [11.675122, 60.2488067], [11.6753489, 60.2492501], [11.6754173, 60.2493821], [11.6756632, 60.2498603]]}, "properties": {"electrified": "contact_line", "frequency": "16.67", "gauge": "1435", "maxspeed": "105", "name": "Kongsvingerbanen", "operator": "Bane NOR", "passenger_lines": "1", "railway": "rail", "usage": "main", "voltage": "15000", "length_km": 0.162, "maxspeed_kmh": 105.0}}, {"type": "Feature", "geometry": {"type": "LineString", "coordinates": [[11.6751123, 60.2269349], [11.6751278, 60.2270964], [11.6751366, 60.2272571], [11.6751381, 60.2273866], [11.6751379, 60.2275161], [11.6751351, 60.2276456], [11.6751289, 60.2277742], [11.6751197, 60.2279071], [11.6751061, 60.228039], [11.6750913, 60.2281709], [11.6750744, 60.2283027], [11.6750563, 60.22844], [11.6750366, 60.2285766], [11.6750177, 60.2287139], [11.6749973, 60.2288505], [11.6742177, 60.2344103], [11.6741968, 60.2345465], [11.6741779, 60.2346827], [11.6741618, 60.2348194], [11.6741478, 60.2349551], [11.6741359, 60.2350811], [11.6741275, 60.2352072], [11.6741234, 60.2353336], [11.6741227, 60.2354601], [11.6741235, 60.2355915], [11.6741277, 60.2357229], [11.6741354, 60.2358548], [11.6741447, 60.2359858], [11.6741568, 60.2360981], [11.6741705, 60.2362104], [11.6741868, 60.2363231], [11.6742049, 60.2364359], [11.6742873, 60.2369555], [11.6743025, 60.2370762], [11.6743143, 60.2371987]]}, "properties": {"electrified": "contact_line", "frequency": "16.67", "gauge": "1435", "maxspeed": "130", "name": "Kongsvingerbanen", "operator": "Bane NOR", "passenger_lines": "1", "railway": "rail", "usage": "main", "voltage": "15000", "length_km": 1.146, "maxspeed_kmh": 130.0}}, {"type": "Feature", "geometry": {"type": "LineString", "coordinates": [[11.6453771, 60.2097578], [11.645529, 60.2097985], [11.6456801, 60.20984], [11.6458304, 60.2098822], [11.6459798, 60.2099248], [11.6461635, 60.2099774], [11.646345, 60.2100304], [11.6465259, 60.2100849], [11.6467068, 60.210141], [11.6469173, 60.2102073], [11.6471258, 60.2102741], [11.6473333, 60.2103424], [11.6475388, 60.2104117], [11.6477435, 60.2104816], [11.6479474, 60.2105523], [11.6481498, 60.2106239], [11.6483506, 60.2106964], [11.6484913, 60.2107468], [11.6486311, 60.2107984], [11.648789, 60.2108589], [11.6488991, 60.2109003]]}, "properties": {"electrified": "contact_line", "frequency": "16.67", "gauge": "1435", "maxspeed": "90", "name": "Kongsvingerbanen", "operator": "Bane NOR", "passenger_lines": "1", "railway": "rail", "usage": "main", "voltage": "15000", "length_km": 0.233, "maxspeed_kmh": 90.0}}, {"type": "Feature", "geometry": {"type": "LineString", "coordinates": [[11.634519, 60.2076692], [11.6351785, 60.2077837]]}, "properties": {"electrified": "contact_line", "frequency": "16.67", "gauge": "1435", "maxspeed": "90", "name": "Kongsvingerbanen", "operator": "Bane NOR", "passenger_lines": "1", "railway": "rail", "usage": "main", "voltage": "15000", "length_km": 0.039, "maxspeed_kmh": 90.0}}, {"type": "Feature", "geometry": {"type": "LineString", "coordinates": [[11.5694428, 60.1733391], [11.5696775, 60.1736003], [11.569752, 60.17369], [11.5698231, 60.1737797], [11.5698908, 60.1738709], [11.5699524, 60.1739621], [11.570012, 60.1740567], [11.5700683, 60.1741518], [11.5701218, 60.1742471], [11.5701653, 60.174343], [11.5702081, 60.1744312], [11.570244, 60.174521], [11.5702877, 60.1746431]]}, "properties": {"electrified": "contact_line", "frequency": "16.67", "gauge": "1435", "maxspeed": "100", "name": "Kongsvingerbanen", "operator": "Bane NOR", "passenger_lines": "1", "railway": "rail", "usage": "main", "voltage": "15000", "length_km": 0.153, "maxspeed_kmh": 100.0}}, {"type": "Feature", "geometry": {"type": "LineString", "coordinates": [[11.5634716, 60.1676776], [11.5637792, 60.1679744]]}, "properties": {"electrified": "contact_line", "frequency": "16.67", "gauge": "1435", "maxspeed": "100", "name": "Kongsvingerbanen", "operator": "Bane NOR", "passenger_lines": "1", "railway": "rail", "usage": "main", "voltage": "15000", "length_km": 0.037, "maxspeed_kmh": 100.0}}, {"type": "Feature", "geometry": {"type": "LineString", "coordinates": [[11.5412674, 60.1664462], [11.541372, 60.1664385], [11.5418164, 60.166399], [11.5421381, 60.166367], [11.5423825, 60.1663398], [11.5426283, 60.1663105], [11.5428727, 60.16628], [11.543117, 60.1662487], [11.5508752, 60.1652061], [11.5517422, 60.1650897], [11.5520269, 60.1650526], [11.5522613, 60.165023]]}, "properties": {"electrified": "contact_line", "frequency": "16.67", "gauge": "1435", "maxspeed": "110", "name": "Kongsvingerbanen", "operator": "Bane NOR", "passenger_lines": "1", "railway": "rail", "usage": "main", "voltage": "15000", "length_km": 0.631, "maxspeed_kmh": 110.0}}, {"type": "Feature", "geometry": {"type": "LineString", "coordinates": [[11.5522613, 60.165023], [11.5524358, 60.1650022], [11.5526162, 60.1649822], [11.5527627, 60.1649667], [11.5529145, 60.1649518], [11.5530636, 60.1649379], [11.553218, 60.1649254], [11.5533458, 60.1649157], [11.5534735, 60.1649072], [11.5536012, 60.1648998], [11.5537329, 60.1648937], [11.5538642, 60.1648877], [11.5539968, 60.1648831], [11.554128, 60.1648797], [11.5542593, 60.1648771], [11.5543781, 60.1648762], [11.5544995, 60.164876], [11.5546209, 60.1648765], [11.5547437, 60.1648777], [11.5548974, 60.1648811], [11.5550499, 60.1648859], [11.5552024, 60.1648927], [11.5553562, 60.1649001], [11.555549, 60.1649117], [11.5557418, 60.1649259], [11.5559326, 60.164942], [11.5561234, 60.1649595], [11.5563169, 60.1649805], [11.5565092, 60.1650034], [11.5566974, 60.1650293], [11.5568857, 60.1650565], [11.5571108, 60.1650919], [11.5573344, 60.1651293], [11.557556, 60.1651699], [11.557779, 60.1652133], [11.5579995, 60.1652591], [11.558218, 60.1653064], [11.5584363, 60.1653555], [11.5586534, 60.1654058], [11.5588769, 60.1654593], [11.5590993, 60.1655141], [11.5593178, 60.1655699], [11.5595364, 60.1656275], [11.5597222, 60.1656775], [11.5599068, 60.1657293], [11.5600888, 60.1657821], [11.5602696, 60.165838], [11.5604343, 60.1658916], [11.5605964, 60.1659464], [11.5607535, 60.1660031], [11.5609081, 60.1660611], [11.5610419, 60.1661147], [11.5611746, 60.1661689], [11.5613059, 60.1662253], [11.5614348, 60.1662823], [11.5615859, 60.166353], [11.5617346, 60.1664262], [11.5618782, 60.1665004], [11.5620193, 60.1665765], [11.5621484, 60.1666501], [11.5622749, 60.166725], [11.562397, 60.1668027], [11.5625154, 60.1668811], [11.5626286, 60.1669611], [11.5627405, 60.1670411], [11.5628461, 60.1671221], [11.5629493, 60.1672056], [11.5630339, 60.1672774], [11.563117, 60.1673499], [11.563199, 60.167423], [11.563281, 60.1674961], [11.5634716, 60.1676776]]}, "properties": {"electrified": "contact_line", "frequency": "16.67", "gauge": "1435", "name": "Kongsvingerbanen", "operator": "Bane NOR", "passenger_lines": "1", "railway": "rail", "usage": "main", "voltage": "15000", "length_km": 0.743}}, {"type": "Feature", "geometry": {"type": "LineString", "coordinates": [[11.5051211, 60.1582202], [11.5057378, 60.1584554]]}, "properties": {"electrified": "contact_line", "frequency": "16.67", "gauge": "1435", "maxspeed": "110", "name": "Kongsvingerbanen", "operator": "Bane NOR", "passenger_lines": "1", "railway": "rail", "usage": "main", "voltage": "15000", "length_km": 0.043, "maxspeed_kmh": 110.0}}, {"type": "Feature", "geometry": {"type": "LineString", "coordinates": [[11.4804028, 60.1372142], [11.4804325, 60.1372595], [11.4804932, 60.1373596], [11.4805508, 60.1374605], [11.4806043, 60.1375626], [11.480653, 60.1376655], [11.4806965, 60.1377672], [11.4807372, 60.1378689], [11.4807719, 60.137973], [11.4808043, 60.138077], [11.480831, 60.1381808], [11.480852, 60.1382854], [11.4808692, 60.1383901], [11.4808826, 60.1384958], [11.4808912, 60.1386005], [11.480896, 60.1387052], [11.480896, 60.1388108], [11.4808922, 60.1389155], [11.4808818, 60.1390154], [11.4808694, 60.1391153], [11.4808542, 60.1392152], [11.4808333, 60.1393151], [11.4808078, 60.1394156], [11.4807765, 60.1395161], [11.4807443, 60.1396167], [11.4807044, 60.1397172], [11.480663, 60.1398177], [11.4806178, 60.1399173], [11.4805717, 60.1400182], [11.4805217, 60.1401192], [11.4804593, 60.1402408], [11.4803989, 60.1403633], [11.4803384, 60.1404858], [11.4802837, 60.1406074], [11.4802303, 60.140727], [11.4801807, 60.1408466], [11.4801329, 60.1409676], [11.480091, 60.1410877], [11.4800493, 60.1412123], [11.4800106, 60.1413377], [11.4799748, 60.1414628], [11.4799421, 60.1415878], [11.4799147, 60.1417084], [11.4798924, 60.1418291], [11.4798685, 60.1419505], [11.4798495, 60.142072], [11.4798331, 60.1421911], [11.4798201, 60.1423102], [11.4798087, 60.1424293], [11.4798007, 60.1425476], [11.4797964, 60.1426473], [11.4797954, 60.1427471], [11.4797953, 60.142846], [11.4797985, 60.1429449], [11.4798071, 60.1430474], [11.479819, 60.1431498], [11.4798344, 60.1432518], [11.4798547, 60.1433529], [11.4798801, 60.1434515], [11.4799088, 60.14355], [11.4799434, 60.1436485], [11.4799814, 60.1437462], [11.4800223, 60.1438375], [11.4800666, 60.1439282], [11.4801137, 60.1440184], [11.4801655, 60.1441086], [11.4802274, 60.1442063], [11.4802941, 60.1443039], [11.4803652, 60.1444012], [11.4804403, 60.1444966], [11.4805257, 60.1445981], [11.4806146, 60.1446991], [11.4806553, 60.1447415]]}, "properties": {"electrified": "contact_line", "frequency": "16.67", "gauge": "1435", "maxspeed": "90", "name": "Kongsvingerbanen", "operator": "Bane NOR", "passenger_lines": "1", "railway": "rail", "usage": "main", "voltage": "15000", "length_km": 0.854, "maxspeed_kmh": 90.0}}, {"type": "Feature", "geometry": {"type": "LineString", "coordinates": [[11.2382356, 59.9853096], [11.2383653, 59.9853448], [11.2384968, 59.9853791], [11.2387636, 59.9854442]]}, "properties": {"electrified": "contact_line", "frequency": "16.67", "gauge": "1435", "name": "Kongsvingerbanen", "operator": "Bane NOR", "passenger_lines": "1", "railway": "rail", "usage": "main", "voltage": "15000", "length_km": 0.033}}, {"type": "Feature", "geometry": {"type": "LineString", "coordinates": [[11.4698858, 60.1273224], [11.4701254, 60.1274869], [11.4707075, 60.1279065]]}, "properties": {"electrified": "contact_line", "frequency": "16.67", "gauge": "1435", "maxspeed": "105", "name": "Kongsvingerbanen", "operator": "Bane NOR", "passenger_lines": "1", "railway": "rail", "usage": "main", "voltage": "15000", "length_km": 0.08, "maxspeed_kmh": 105.0}}, {"type": "Feature", "geometry": {"type": "LineString", "coordinates": [[11.140641, 59.9230046], [11.1408204, 59.9229442], [11.14105, 59.9228682], [11.1412815, 59.9227931], [11.1415136, 59.9227191], [11.1417486, 59.922647], [11.1419755, 59.9225791], [11.1422057, 59.9225112], [11.1424368, 59.9224446], [11.1426696, 59.9223797], [11.1428658, 59.9223258], [11.1430632, 59.9222731], [11.1432608, 59.9222213], [11.1434635, 59.9221706], [11.1436651, 59.9221221], [11.1438666, 59.9220749], [11.1440722, 59.9220297], [11.1442798, 59.9219863]]}, "properties": {"electrified": "contact_line", "frequency": "16.67", "gauge": "1435", "maxspeed": "115", "name": "Kongsvingerbanen", "operator": "Bane NOR", "passenger_lines": "1", "railway": "rail", "usage": "main", "voltage": "15000", "length_km": 0.233, "maxspeed_kmh": 115.0}}, {"type": "Feature", "geometry": {"type": "LineString", "coordinates": [[11.1382434, 59.9239372], [11.1384443, 59.9238486], [11.1385516, 59.9238026], [11.1386471, 59.9237622], [11.1388542, 59.9236752], [11.1390641, 59.9235893], [11.1392797, 59.9235031], [11.1395001, 59.9234181], [11.1397221, 59.9233343], [11.1399442, 59.9232516], [11.1401751, 59.9231682], [11.1404082, 59.9230853], [11.1405523, 59.923035], [11.140641, 59.9230046]]}, "properties": {"electrified": "contact_line", "frequency": "16.67", "gauge": "1435", "maxspeed": "115", "name": "Kongsvingerbanen", "operator": "Bane NOR", "passenger_lines": "1", "railway": "rail", "usage": "main", "voltage": "15000", "length_km": 0.17, "maxspeed_kmh": 115.0}}, {"type": "Feature", "geometry": {"type": "LineString", "coordinates": [[11.1765383, 59.9288352], [11.1766578, 59.928857], [11.1767687, 59.9288785], [11.1768894, 59.9289049], [11.177034, 59.9289372], [11.1771764, 59.9289724], [11.1773153, 59.9290093], [11.1774509, 59.9290484], [11.1775697, 59.9290835], [11.1776851, 59.9291209], [11.1777976, 59.9291586], [11.1779067, 59.9291986], [11.1780402, 59.9292489], [11.1781657, 59.9293002]]}, "properties": {"electrified": "contact_line", "frequency": "16.67", "gauge": "1435", "maxspeed": "80", "name": "Kongsvingerbanen", "operator": "Bane NOR", "passenger_lines": "1", "railway": "rail", "usage": "main", "voltage": "15000", "length_km": 0.105, "maxspeed_kmh": 80.0}}, {"type": "Feature", "geometry": {"type": "LineString", "coordinates": [[11.3513449, 60.0388259], [11.3514519, 60.0388933], [11.3516001, 60.0389872], [11.3517477, 60.0390824], [11.3518919, 60.0391781], [11.3520367, 60.039276], [11.3526774, 60.0397093]]}, "properties": {"electrified": "contact_line", "frequency": "16.67", "gauge": "1435", "maxspeed": "125", "name": "Kongsvingerbanen", "operator": "Bane NOR", "passenger_lines": "1", "railway": "rail", "usage": "main", "voltage": "15000", "length_km": 0.123, "maxspeed_kmh": 125.0}}, {"type": "Feature", "geometry": {"type": "LineString", "coordinates": [[11.3486113, 60.0375545], [11.3487831, 60.0376156], [11.3489653, 60.0376825], [11.3491446, 60.0377516], [11.3493239, 60.0378217], [11.3495003, 60.0378934], [11.3496771, 60.0379661], [11.3498495, 60.0380436], [11.3500206, 60.0381216], [11.3501882, 60.0382], [11.3503554, 60.0382821], [11.3505213, 60.0383648], [11.3506849, 60.0384498], [11.3508457, 60.0385355], [11.3509914, 60.0386171], [11.3511351, 60.0386995], [11.3512417, 60.0387624], [11.3513449, 60.0388259]]}, "properties": {"electrified": "contact_line", "frequency": "16.67", "gauge": "1435", "maxspeed": "125", "name": "Kongsvingerbanen", "operator": "Bane NOR", "passenger_lines": "1", "railway": "rail", "usage": "main", "voltage": "15000", "length_km": 0.209, "maxspeed_kmh": 125.0}}, {"type": "Feature", "geometry": {"type": "LineString", "coordinates": [[11.4190759, 60.0846009], [11.4195908, 60.0849607], [11.4203419, 60.0854802]]}, "properties": {"electrified": "contact_line", "frequency": "16.67", "gauge": "1435", "maxspeed": "130", "name": "Kongsvingerbanen", "operator": "Bane NOR", "passenger_lines": "1", "railway": "rail", "usage": "main", "voltage": "15000", "length_km": 0.121, "maxspeed_kmh": 130.0}}, {"type": "Feature", "geometry": {"type": "LineString", "coordinates": [[11.4072569, 60.0761668], [11.4106375, 60.0779924], [11.4108042, 60.0780833], [11.4109699, 60.0781755], [11.4111348, 60.0782681], [11.4112987, 60.0783617], [11.4114619, 60.0784531], [11.4116182, 60.0785475], [11.4117735, 60.078642], [11.4119288, 60.0787402], [11.4120779, 60.0788357], [11.4122237, 60.0789345], [11.4123691, 60.079034], [11.4125132, 60.0791376], [11.4126516, 60.0792376], [11.4127859, 60.0793402], [11.4129209, 60.0794432], [11.4130519, 60.0795483], [11.4131607, 60.07964], [11.4132695, 60.0797334], [11.4133757, 60.0798267], [11.4134818, 60.0799211], [11.4135969, 60.0800309], [11.4137094, 60.0801413], [11.4138206, 60.0802518], [11.413928, 60.0803641], [11.414048, 60.0804869], [11.4141662, 60.0806108], [11.414285, 60.0807345], [11.4144026, 60.0808584], [11.4148133, 60.0812907], [11.4149279, 60.0814076], [11.4150462, 60.0815244], [11.4151645, 60.0816413], [11.4152846, 60.0817554], [11.4154161, 60.081877], [11.4155513, 60.0819987], [11.4156895, 60.0821197], [11.4158302, 60.0822407], [11.4159703, 60.0823576], [11.4161155, 60.0824745], [11.41626, 60.0825914], [11.416407, 60.0827083], [11.4165595, 60.0828248], [11.4167146, 60.0829412], [11.4168702, 60.083057], [11.4170284, 60.0831728], [11.4190759, 60.0846009]]}, "properties": {"electrified": "contact_line", "frequency": "16.67", "gauge": "1435", "maxspeed": "130", "name": "Kongsvingerbanen", "operator": "Bane NOR", "passenger_lines": "1", "railway": "rail", "usage": "main", "voltage": "15000", "length_km": 1.154, "maxspeed_kmh": 130.0}}, {"type": "Feature", "geometry": {"type": "LineString", "coordinates": [[11.6749414, 60.2484509], [11.6749902, 60.2485395], [11.6750411, 60.2486281], [11.6750955, 60.2487155], [11.6751537, 60.2488021], [11.6752314, 60.248914], [11.6753057, 60.2490269], [11.6753691, 60.2491322], [11.6754258, 60.2492391], [11.6757968, 60.2499654], [11.6760379, 60.2504272], [11.6760628, 60.2504748]]}, "properties": {"electrified": "contact_line", "frequency": "16.67", "gauge": "1435", "maxspeed": "40", "name": "Kongsvingerbanen", "operator": "Bane NOR", "passenger_lines": "2", "railway": "rail", "service": "siding", "voltage": "15000", "length_km": 0.234, "maxspeed_kmh": 40.0}}, {"type": "Feature", "geometry": {"type": "LineString", "coordinates": [[12.1221298, 59.9827008], [12.1229383, 59.9823782], [12.123101, 59.9823133]]}, "properties": {"electrified": "contact_line", "frequency": "16.67", "gauge": "1435", "maxspeed": "120", "name": "Kongsvingerbanen", "operator": "Bane NOR", "passenger_lines": "2", "railway": "rail", "usage": "main", "voltage": "15000", "length_km": 0.069, "maxspeed_kmh": 120.0}}, {"type": "Feature", "geometry": {"type": "LineString", "coordinates": [[12.123101, 59.9823133], [12.1234024, 59.9821908], [12.1235159, 59.9821443], [12.1246489, 59.981694], [12.1250821, 59.981521], [12.1255178, 59.9813474], [12.1259317, 59.9811815], [12.1263429, 59.9810156], [12.1265383, 59.9809346], [12.1267294, 59.9808532]]}, "properties": {"electrified": "contact_line", "frequency": "16.67", "gauge": "1435", "maxspeed": "120", "name": "Kongsvingerbanen", "operator": "Bane NOR", "passenger_lines": "1", "railway": "rail", "usage": "main", "voltage": "15000", "length_km": 0.26, "maxspeed_kmh": 120.0}}, {"type": "Feature", "geometry": {"type": "LineString", "coordinates": [[12.1267294, 59.9808532], [12.1269124, 59.9807754], [12.1270924, 59.980697], [12.127271, 59.9806182], [12.1274472, 59.9805389], [12.1276221, 59.9804587], [12.1277945, 59.9803778], [12.1279439, 59.9803055], [12.128091, 59.9802332], [12.1282388, 59.9801606], [12.128381, 59.980088], [12.1285516, 59.9800025], [12.1287221, 59.979916], [12.1288893, 59.9798276], [12.1290555, 59.9797392], [12.1292232, 59.9796487], [12.1293875, 59.979557], [12.1295532, 59.9794645], [12.1297135, 59.9793715], [12.1298714, 59.9792815], [12.130026, 59.9791915], [12.1301799, 59.9791015], [12.1303338, 59.9790107], [12.1304628, 59.9789365], [12.1305931, 59.9788623], [12.1307227, 59.9787885], [12.130856, 59.9787148], [12.1309833, 59.9786463], [12.1311143, 59.9785778], [12.131247, 59.9785092], [12.1313834, 59.9784418], [12.1315179, 59.9783775], [12.1316574, 59.9783132], [12.1317957, 59.9782507], [12.1319388, 59.9781889], [12.1320809, 59.9781297], [12.1322303, 59.9780711], [12.1323785, 59.9780134], [12.1325304, 59.977957], [12.1326907, 59.9779007], [12.1328535, 59.9778463], [12.1330175, 59.9777925], [12.1331852, 59.97774], [12.1333621, 59.9776874], [12.1335401, 59.9776354], [12.1337188, 59.9775841], [12.1339024, 59.9775334], [12.1340859, 59.9774828], [12.1342718, 59.9774322], [12.1344589, 59.9773825], [12.1346473, 59.9773325], [12.1348327, 59.9772826], [12.135018, 59.977231], [12.1352018, 59.97718], [12.1353822, 59.9771279], [12.1355651, 59.9770753], [12.1357466, 59.9770206], [12.1359267, 59.9769638], [12.1361012, 59.9769063], [12.1362686, 59.9768501], [12.1364312, 59.9767929], [12.1365927, 59.9767344], [12.13675, 59.976676], [12.136908, 59.9766162], [12.1370618, 59.9765557], [12.1372155, 59.9764941], [12.1373665, 59.9764319], [12.137536, 59.976359], [12.1377013, 59.9762854], [12.1378694, 59.9762101], [12.1380333, 59.976134]]}, "properties": {"electrified": "contact_line", "frequency": "16.67", "gauge": "1435", "maxspeed": "100", "name": "Kongsvingerbanen", "operator": "Bane NOR", "passenger_lines": "1", "railway": "rail", "usage": "main", "voltage": "15000", "length_km": 0.827, "maxspeed_kmh": 100.0}}, {"type": "Feature", "geometry": {"type": "LineString", "coordinates": [[12.130369, 60.0576751], [12.130316, 60.0575885], [12.1302646, 60.0575018], [12.1302148, 60.0574144], [12.1301666, 60.0573278], [12.1301208, 60.0572386], [12.1300782, 60.0571478], [12.1300356, 60.0570579], [12.1299978, 60.0569671], [12.1299895, 60.056945]]}, "properties": {"electrified": "contact_line", "frequency": "16.67", "gauge": "1435", "maxspeed": "130", "name": "Kongsvingerbanen", "operator": "Bane NOR", "passenger_lines": "1", "railway": "rail", "usage": "main", "voltage": "15000", "length_km": 0.084, "maxspeed_kmh": 130.0}}, {"type": "Feature", "geometry": {"type": "LineString", "coordinates": [[12.1303989, 60.0577268], [12.130369, 60.0576751]]}, "properties": {"bridge": "yes", "electrified": "contact_line", "frequency": "16.67", "gauge": "1435", "maxspeed": "130", "name": "Kongsvingerbanen", "operator": "Bane NOR", "passenger_lines": "1", "railway": "rail", "usage": "main", "voltage": "15000", "length_km": 0.006, "maxspeed_kmh": 130.0}}, {"type": "Feature", "geometry": {"type": "LineString", "coordinates": [[12.1346107, 60.0656637], [12.1345797, 60.065575], [12.1345526, 60.0654853], [12.1345265, 60.065396], [12.1345063, 60.0653068], [12.1344873, 60.0652189], [12.1344743, 60.065131], [12.1344623, 60.0650431], [12.1344562, 60.0649552], [12.1344553, 60.0648682], [12.1344585, 60.0647813], [12.1344645, 60.0646943], [12.1344726, 60.0646074], [12.1344885, 60.0644985], [12.1345084, 60.0643895], [12.1345293, 60.0642806], [12.1345521, 60.0641716], [12.1345726, 60.0640845], [12.1345911, 60.0639973], [12.1346077, 60.0639096], [12.1346223, 60.0638219], [12.134635, 60.0637337], [12.1346435, 60.0636454], [12.1346505, 60.0635575], [12.1346532, 60.0634696], [12.1346526, 60.0633845], [12.1346465, 60.0632994], [12.1346359, 60.0632142], [12.1346215, 60.0631291], [12.1346065, 60.0630425], [12.134585, 60.062956], [12.1345611, 60.062869], [12.1345323, 60.062782], [12.1344998, 60.0626943], [12.1344601, 60.0626079], [12.1344217, 60.0625214], [12.1343761, 60.0624361], [12.1343294, 60.0623528], [12.1342755, 60.0622708], [12.1342193, 60.0621899], [12.1341584, 60.062109], [12.1340923, 60.0620227], [12.1340263, 60.0619363], [12.1339567, 60.0618506], [12.1338824, 60.061766], [12.1337351, 60.0615995]]}, "properties": {"electrified": "contact_line", "frequency": "16.67", "gauge": "1435", "maxspeed": "105", "name": "Kongsvingerbanen", "operator": "Bane NOR", "passenger_lines": "1", "railway": "rail", "usage": "main", "voltage": "15000", "length_km": 0.462, "maxspeed_kmh": 105.0}}, {"type": "Feature", "geometry": {"type": "LineString", "coordinates": [[12.1337351, 60.0615995], [12.1335818, 60.0614296], [12.1314301, 60.059034], [12.1313281, 60.05892], [12.1312279, 60.0588052], [12.1311282, 60.0586908], [12.1310306, 60.0585764], [12.1309435, 60.0584739], [12.1308602, 60.0583707], [12.1307775, 60.0582676], [12.1306973, 60.0581644], [12.1306219, 60.0580601], [12.1305498, 60.0579558], [12.1304776, 60.0578515], [12.1304119, 60.0577471], [12.1303989, 60.0577268]]}, "properties": {"electrified": "contact_line", "frequency": "16.67", "gauge": "1435", "maxspeed": "130", "name": "Kongsvingerbanen", "operator": "Bane NOR", "passenger_lines": "1", "railway": "rail", "usage": "main", "voltage": "15000", "length_km": 0.47, "maxspeed_kmh": 130.0}}, {"type": "Feature", "geometry": {"type": "LineString", "coordinates": [[12.1199686, 60.0184064], [12.1198823, 60.018162], [12.119807, 60.0179085], [12.1197431, 60.0176461], [12.1196867, 60.0173836], [12.1196337, 60.0171173], [12.119597, 60.0168494], [12.1195603, 60.0165691], [12.1195319, 60.0162881], [12.1192116, 60.0134134], [12.1187951, 60.0096827], [12.1185433, 60.0074496], [12.117617, 59.9991694], [12.1175096, 59.9981335], [12.1174909, 59.9978639], [12.1174772, 59.9975931], [12.1174643, 59.9973136], [12.117459, 59.9970327], [12.1174393, 59.995444], [12.1174241, 59.9951879]]}, "properties": {"electrified": "contact_line", "frequency": "16.67", "gauge": "1435", "maxspeed": "130", "name": "Kongsvingerbanen", "operator": "Bane NOR", "passenger_lines": "1", "railway": "rail", "usage": "main", "voltage": "15000", "length_km": 2.591, "maxspeed_kmh": 130.0}}, {"type": "Feature", "geometry": {"type": "LineString", "coordinates": [[12.0344577, 60.1875343], [12.0345617, 60.1875131], [12.0347666, 60.1874691], [12.0349716, 60.1874221], [12.0351724, 60.1873739], [12.0353744, 60.187324], [12.0355573, 60.1872752], [12.0357389, 60.1872255], [12.0359192, 60.1871742], [12.0360976, 60.187122], [12.0363111, 60.1870539], [12.0365239, 60.186985]]}, "properties": {"electrified": "contact_line", "frequency": "16.67", "gauge": "1435", "name": "Kongsvingerbanen", "operator": "Bane NOR", "passenger_lines": "1", "railway": "rail", "usage": "main", "voltage": "15000", "length_km": 0.13}}, {"type": "Feature", "geometry": {"type": "LineString", "coordinates": [[12.0293559, 60.1880957], [12.0295491, 60.1880841], [12.0297434, 60.1880715], [12.0300295, 60.1880521], [12.0303173, 60.1880319], [12.0306042, 60.1880113], [12.030892, 60.1879895], [12.0311626, 60.1879674], [12.0314335, 60.1879447], [12.0317038, 60.1879211], [12.0319743, 60.187896], [12.0322166, 60.1878719], [12.0324561, 60.1878465], [12.032693, 60.1878191], [12.0329287, 60.1877899], [12.0331381, 60.1877617], [12.0333456, 60.1877318], [12.0335514, 60.1876996], [12.0337573, 60.187666], [12.0338816, 60.1876446], [12.0340097, 60.1876217], [12.0341637, 60.1875918], [12.0343099, 60.1875645], [12.0344577, 60.1875343]]}, "properties": {"electrified": "contact_line", "frequency": "16.67", "gauge": "1435", "name": "Kongsvingerbanen", "operator": "Bane NOR", "passenger_lines": "1", "railway": "rail", "usage": "main", "voltage": "15000", "length_km": 0.291}}, {"type": "Feature", "geometry": {"type": "LineString", "coordinates": [[12.0451082, 60.1792919], [12.0451445, 60.1792093], [12.0451862, 60.1791195], [12.0452321, 60.1790302], [12.0452852, 60.178937], [12.0453409, 60.1788441], [12.0454017, 60.1787526], [12.0454677, 60.1786621], [12.0455388, 60.1785711], [12.0456146, 60.17848], [12.0456941, 60.1783914], [12.045777, 60.1783033], [12.0458872, 60.1781937], [12.0460007, 60.1780847], [12.0461049, 60.1779906]]}, "properties": {"electrified": "contact_line", "frequency": "16.67", "gauge": "1435", "maxspeed": "110", "name": "Kongsvingerbanen", "operator": "Bane NOR", "passenger_lines": "1", "railway": "rail", "usage": "main", "voltage": "15000", "length_km": 0.156, "maxspeed_kmh": 110.0}}, {"type": "Feature", "geometry": {"type": "LineString", "coordinates": [[12.0527269, 60.1704358], [12.0527609, 60.1703308], [12.052796, 60.1702137], [12.0528288, 60.1700966], [12.0528652, 60.1699634], [12.0528989, 60.1698302], [12.05293, 60.1696971], [12.0529585, 60.1695639], [12.0529857, 60.169429], [12.0530077, 60.1692942], [12.0530297, 60.1691593], [12.0530466, 60.1690244], [12.0530632, 60.1688903], [12.0530763, 60.1687563], [12.0530871, 60.1686222], [12.0530955, 60.1684881], [12.0531009, 60.1683529], [12.0531037, 60.1682177], [12.0531055, 60.1680827], [12.0531027, 60.1679472], [12.0530986, 60.167812], [12.0530911, 60.1676767], [12.0530824, 60.1675421], [12.0530704, 60.1674069], [12.0530549, 60.1672718], [12.0530374, 60.1671367], [12.0530168, 60.1670018], [12.0529942, 60.166867], [12.052969, 60.1667336], [12.0529411, 60.1666003], [12.05291, 60.1664676], [12.0528761, 60.1663349], [12.0528389, 60.166201], [12.0527991, 60.1660672], [12.0527566, 60.1659339], [12.0527115, 60.1658007], [12.052664, 60.1656728], [12.052615, 60.1655449], [12.0525638, 60.1654174], [12.0525095, 60.1652898], [12.0524561, 60.165172], [12.0524001, 60.1650542], [12.0523429, 60.1649371], [12.0522832, 60.16482], [12.0522272, 60.1647149], [12.05217, 60.16461], [12.0521037, 60.1644914]]}, "properties": {"electrified": "contact_line", "frequency": "16.67", "gauge": "1435", "maxspeed": "130", "name": "Kongsvingerbanen", "operator": "Bane NOR", "passenger_lines": "1", "railway": "rail", "usage": "main", "voltage": "15000", "length_km": 0.669, "maxspeed_kmh": 130.0}}, {"type": "Feature", "geometry": {"type": "LineString", "coordinates": [[12.0496847, 60.1517187], [12.0497403, 60.1516737], [12.0498669, 60.1515748], [12.049997, 60.1514764], [12.0501293, 60.1513793], [12.050265, 60.1512826], [12.0504091, 60.1511825], [12.0505561, 60.1510824], [12.0507038, 60.1509827], [12.0508547, 60.1508843]]}, "properties": {"electrified": "contact_line", "frequency": "16.67", "gauge": "1435", "maxspeed": "115", "name": "Kongsvingerbanen", "operator": "Bane NOR", "passenger_lines": "1", "railway": "rail", "usage": "main", "voltage": "15000", "length_km": 0.113, "maxspeed_kmh": 115.0}}, {"type": "Feature", "geometry": {"type": "LineString", "coordinates": [[12.0816689, 60.1355749], [12.0818768, 60.1355149], [12.0820993, 60.1354527], [12.0823234, 60.1353903], [12.0825526, 60.1353276], [12.082783, 60.1352652], [12.0830125, 60.1352037], [12.0832452, 60.135143], [12.0834788, 60.1350837], [12.083715, 60.1350252], [12.0839503, 60.1349673], [12.0841872, 60.1349099], [12.0844239, 60.1348538], [12.0846623, 60.1347985], [12.0849018, 60.1347441], [12.0851427, 60.1346898], [12.0853818, 60.1346385], [12.0856243, 60.1345872], [12.0858657, 60.1345367], [12.0861082, 60.1344874], [12.0863319, 60.1344411], [12.0865583, 60.1343962], [12.086787, 60.1343519], [12.0870165, 60.1343089], [12.0872614, 60.1342628], [12.0875083, 60.1342177], [12.0877542, 60.134173], [12.0880038, 60.1341284], [12.089395, 60.1338785], [12.0920574, 60.1333987], [12.0922847, 60.1333567], [12.09251, 60.1333128], [12.0927344, 60.1332684], [12.0929589, 60.1332213], [12.0931472, 60.1331804], [12.0933336, 60.1331376], [12.0935172, 60.1330935], [12.093699, 60.1330475], [12.0938835, 60.1329994], [12.0940681, 60.1329495], [12.0942499, 60.1328982], [12.0944316, 60.1328441], [12.0946105, 60.1327891], [12.0947894, 60.1327323], [12.0949636, 60.132674], [12.0951378, 60.132614], [12.0953102, 60.1325524], [12.0954797, 60.1324876], [12.0956451, 60.1324225], [12.0958085, 60.1323556], [12.0959697, 60.1322867], [12.0961272, 60.1322169], [12.0962819, 60.1321471], [12.0964328, 60.1320763], [12.0965806, 60.1320024], [12.0967284, 60.1319267], [12.0968734, 60.1318505], [12.0970166, 60.1317734], [12.0971553, 60.1316937], [12.0972903, 60.131613], [12.0974262, 60.131531], [12.0975565, 60.1314471], [12.0976631, 60.1313769], [12.097807, 60.1312801], [12.0979071, 60.1312127]]}, "properties": {"electrified": "contact_line", "frequency": "16.67", "gauge": "1435", "maxspeed": "120", "name": "Kongsvingerbanen", "operator": "Bane NOR", "passenger_lines": "1", "railway": "rail", "usage": "main", "voltage": "15000", "length_km": 1.04, "maxspeed_kmh": 120.0}}, {"type": "Feature", "geometry": {"type": "LineString", "coordinates": [[12.0979071, 60.1312127], [12.0980517, 60.1311104], [12.0981762, 60.1310242], [12.0982981, 60.1309373], [12.0984188, 60.1308495], [12.0985381, 60.1307642], [12.0985975, 60.1307215]]}, "properties": {"electrified": "contact_line", "frequency": "16.67", "gauge": "1435", "maxspeed": "130", "name": "Kongsvingerbanen", "operator": "Bane NOR", "passenger_lines": "1", "railway": "rail", "usage": "main", "voltage": "15000", "length_km": 0.067, "maxspeed_kmh": 130.0}}, {"type": "Feature", "geometry": {"type": "LineString", "coordinates": [[12.112193, 60.1162594], [12.1122937, 60.1160443], [12.1124028, 60.1158045], [12.1132838, 60.1138873]]}, "properties": {"electrified": "contact_line", "frequency": "16.67", "gauge": "1435", "maxspeed": "100", "name": "Kongsvingerbanen", "operator": "Bane NOR", "passenger_lines": "1", "railway": "rail", "usage": "main", "voltage": "15000", "length_km": 0.271, "maxspeed_kmh": 100.0}}, {"type": "Feature", "geometry": {"type": "LineString", "coordinates": [[12.1200857, 60.0943819], [12.1200704, 60.0942747], [12.1200519, 60.0941665], [12.1200271, 60.0940321], [12.1200007, 60.0938977], [12.1199743, 60.0937637], [12.1199446, 60.0936297], [12.1193204, 60.0908943]]}, "properties": {"electrified": "contact_line", "frequency": "16.67", "gauge": "1435", "maxspeed": "115", "name": "Kongsvingerbanen", "operator": "Bane NOR", "passenger_lines": "1", "railway": "rail", "usage": "main", "voltage": "15000", "length_km": 0.391, "maxspeed_kmh": 115.0}}, {"type": "Feature", "geometry": {"type": "LineString", "coordinates": [[12.1199302, 60.0842283], [12.1200897, 60.0840832]]}, "properties": {"electrified": "contact_line", "frequency": "16.67", "gauge": "1435", "maxspeed": "130", "name": "Kongsvingerbanen", "operator": "Bane NOR", "passenger_lines": "1", "railway": "rail", "usage": "main", "voltage": "15000", "length_km": 0.018, "maxspeed_kmh": 130.0}}, {"type": "Feature", "geometry": {"type": "LineString", "coordinates": [[12.131776, 60.0739808], [12.1318554, 60.07389], [12.131933, 60.0737995], [12.1320057, 60.0737118], [12.1320748, 60.073624], [12.1321387, 60.0735361], [12.1321998, 60.0734481], [12.1322608, 60.0733585], [12.1323163, 60.0732682], [12.1323698, 60.0731775], [12.1324199, 60.0730838], [12.1324656, 60.072992], [12.1325097, 60.0729006], [12.1325526, 60.0728087], [12.1325942, 60.0727168], [12.1326061, 60.0726907]]}, "properties": {"electrified": "contact_line", "frequency": "16.67", "gauge": "1435", "maxspeed": "115", "name": "Kongsvingerbanen", "operator": "Bane NOR", "passenger_lines": "1", "railway": "rail", "usage": "main", "voltage": "15000", "length_km": 0.151, "maxspeed_kmh": 115.0}}, {"type": "Feature", "geometry": {"type": "LineString", "coordinates": [[11.6854729, 60.2547204], [11.6857766, 60.2547546], [11.6859155, 60.2547705], [11.6860544, 60.2547847], [11.6861968, 60.2547989], [11.6863402, 60.2548103], [11.6865051, 60.2548194], [11.6866753, 60.2548264], [11.6867815, 60.2548293], [11.68689, 60.2548317], [11.6870122, 60.254833]]}, "properties": {"electrified": "contact_line", "frequency": "16.67", "gauge": "1435", "maxspeed": "40", "name": "Kongsvingerbanen", "operator": "Bane NOR", "passenger_lines": "2", "railway": "rail", "usage": "main", "voltage": "15000", "length_km": 0.086, "maxspeed_kmh": 40.0}}, {"type": "Feature", "geometry": {"type": "LineString", "coordinates": [[11.6760628, 60.2504748], [11.6761205, 60.2505832], [11.6761735, 60.2506741], [11.6762314, 60.250765], [11.6762895, 60.2508552], [11.6763525, 60.2509471], [11.67643, 60.2510535], [11.6765088, 60.2511539], [11.6765955, 60.2512555], [11.6766851, 60.2513558], [11.6767504, 60.2514281], [11.6768185, 60.2514998], [11.6768893, 60.2515705], [11.6769655, 60.2516419], [11.677042, 60.2517128], [11.6771213, 60.2517838], [11.6772026, 60.2518544], [11.6772865, 60.2519243], [11.6773683, 60.2519903], [11.6774541, 60.2520555], [11.67754, 60.2521204], [11.6776285, 60.2521854], [11.6777275, 60.2522553], [11.6778311, 60.2523259], [11.6779362, 60.2523947], [11.6780444, 60.2524627], [11.6781511, 60.2525276], [11.6782578, 60.2525918], [11.6783713, 60.2526583], [11.6784879, 60.2527233], [11.6786504, 60.2528102]]}, "properties": {"electrified": "contact_line", "frequency": "16.67", "gauge": "1435", "maxspeed": "40", "name": "Kongsvingerbanen", "operator": "Bane NOR", "passenger_lines": "2", "railway": "rail", "usage": "main", "voltage": "15000", "length_km": 0.3, "maxspeed_kmh": 40.0}}, {"type": "Feature", "geometry": {"type": "LineString", "coordinates": [[12.0194949, 60.188107], [12.0198562, 60.1881168], [12.0206212, 60.1881388], [12.0217041, 60.1881699], [12.0224629, 60.1881911]]}, "properties": {"electrified": "contact_line", "frequency": "16.67", "gauge": "1435", "maxspeed": "40", "name": "Kongsvingerbanen", "passenger_lines": "2", "railway": "rail", "usage": "main", "voltage": "15000", "length_km": 0.165, "maxspeed_kmh": 40.0}}, {"type": "Feature", "geometry": {"type": "LineString", "coordinates": [[11.7210958, 60.2429703], [11.7257901, 60.2421077], [11.7326545, 60.2408476], [11.7372844, 60.2399954]]}, "properties": {"electrified": "contact_line", "frequency": "16.67", "gauge": "1435", "maxspeed": "130", "name": "Kongsvingerbanen", "operator": "Bane NOR", "passenger_lines": "1", "railway": "rail", "usage": "main", "voltage": "15000", "length_km": 0.956, "maxspeed_kmh": 130.0}}, {"type": "Feature", "geometry": {"type": "LineString", "coordinates": [[11.720927, 60.2430013], [11.7210958, 60.2429703]]}, "properties": {"bridge": "yes", "electrified": "contact_line", "frequency": "16.67", "gauge": "1435", "maxspeed": "130", "name": "Kongsvingerbanen", "operator": "Bane NOR", "passenger_lines": "1", "railway": "rail", "usage": "main", "voltage": "15000", "length_km": 0.01, "maxspeed_kmh": 130.0}}, {"type": "Feature", "geometry": {"type": "LineString", "coordinates": [[11.6740719, 60.2467562], [11.6744605, 60.2475159]]}, "properties": {"electrified": "contact_line", "frequency": "16.67", "gauge": "1435", "maxspeed": "105", "name": "Kongsvingerbanen", "operator": "Bane NOR", "passenger_lines": "1", "railway": "rail", "usage": "main", "voltage": "15000", "length_km": 0.087, "maxspeed_kmh": 105.0}}, {"type": "Feature", "geometry": {"type": "LineString", "coordinates": [[11.6744605, 60.2475159], [11.6744709, 60.2475363]]}, "properties": {"bridge": "yes", "electrified": "contact_line", "frequency": "16.67", "gauge": "1435", "maxspeed": "105", "name": "Kongsvingerbanen", "operator": "Bane NOR", "passenger_lines": "1", "railway": "rail", "usage": "main", "voltage": "15000", "length_km": 0.002, "maxspeed_kmh": 105.0}}, {"type": "Feature", "geometry": {"type": "LineString", "coordinates": [[11.644862, 60.209625], [11.6449355, 60.2096436]]}, "properties": {"bridge": "yes", "electrified": "contact_line", "frequency": "16.67", "gauge": "1435", "maxspeed": "90", "name": "Kongsvingerbanen", "operator": "Bane NOR", "passenger_lines": "2", "railway": "rail", "usage": "main", "voltage": "15000", "length_km": 0.005, "maxspeed_kmh": 90.0}}, {"type": "Feature", "geometry": {"type": "LineString", "coordinates": [[11.6448642, 60.2096232], [11.6448994, 60.2096338], [11.6449355, 60.2096436]]}, "properties": {"bridge": "yes", "electrified": "contact_line", "frequency": "16.67", "gauge": "1435", "maxspeed": "40", "name": "Kongsvingerbanen", "operator": "Bane NOR", "passenger_lines": "2", "railway": "rail", "service": "siding", "voltage": "15000", "length_km": 0.005, "maxspeed_kmh": 40.0}}, {"type": "Feature", "geometry": {"type": "LineString", "coordinates": [[11.4641847, 60.1222785], [11.4641865, 60.1222862]]}, "properties": {"electrified": "contact_line", "frequency": "16.67", "gauge": "1435", "maxspeed": "130", "name": "Kongsvingerbanen", "operator": "Bane NOR", "passenger_lines": "2", "railway": "rail", "usage": "main", "voltage": "15000", "length_km": 0.001, "maxspeed_kmh": 130.0}}, {"type": "Feature", "geometry": {"type": "LineString", "coordinates": [[11.394757, 60.0700005], [11.3969218, 60.0708577], [11.3971403, 60.0709459], [11.3973574, 60.0710344], [11.3975737, 60.0711242], [11.3977886, 60.0712145], [11.3979947, 60.0713031], [11.398199, 60.0713923], [11.3984022, 60.0714823], [11.3986036, 60.0715729], [11.3988015, 60.0716655], [11.3990006, 60.0717593], [11.3991991, 60.0718537], [11.3993953, 60.0719486], [11.3995824, 60.0720416], [11.3997663, 60.0721345], [11.3999494, 60.0722278], [11.400131, 60.0723219], [11.4003144, 60.0724189], [11.4004973, 60.0725165], [11.4006803, 60.072614], [11.4008627, 60.072712], [11.4071383, 60.0761032]]}, "properties": {"electrified": "contact_line", "frequency": "16.67", "gauge": "1435", "maxspeed": "130", "name": "Kongsvingerbanen", "operator": "Bane NOR", "passenger_lines": "1", "railway": "rail", "usage": "main", "voltage": "15000", "length_km": 0.97, "maxspeed_kmh": 130.0}}, {"type": "Feature", "geometry": {"type": "LineString", "coordinates": [[11.4071383, 60.0761032], [11.4072569, 60.0761668]]}, "properties": {"bridge": "yes", "electrified": "contact_line", "frequency": "16.67", "gauge": "1435", "maxspeed": "130", "name": "Kongsvingerbanen", "operator": "Bane NOR", "passenger_lines": "1", "railway": "rail", "usage": "main", "voltage": "15000", "length_km": 0.01, "maxspeed_kmh": 130.0}}, {"type": "Feature", "geometry": {"type": "LineString", "coordinates": [[11.3744772, 60.0543847], [11.3745771, 60.0544195], [11.3748274, 60.0545017], [11.3751199, 60.054594], [11.3754175, 60.0546838], [11.3759791, 60.0548472], [11.3764981, 60.0549995]]}, "properties": {"electrified": "contact_line", "frequency": "16.67", "gauge": "1435", "maxspeed": "90", "name": "Kongsvingerbanen", "operator": "Bane NOR", "passenger_lines": "2", "railway": "rail", "usage": "main", "voltage": "15000", "length_km": 0.132, "maxspeed_kmh": 90.0}}, {"type": "Feature", "geometry": {"type": "LineString", "coordinates": [[11.3743742, 60.0543483], [11.3744772, 60.0543847]]}, "properties": {"bridge": "yes", "electrified": "contact_line", "frequency": "16.67", "gauge": "1435", "maxspeed": "90", "name": "Kongsvingerbanen", "operator": "Bane NOR", "passenger_lines": "2", "railway": "rail", "usage": "main", "voltage": "15000", "length_km": 0.007, "maxspeed_kmh": 90.0}}, {"type": "Feature", "geometry": {"type": "LineString", "coordinates": [[11.3764981, 60.0549995], [11.3763691, 60.0549638], [11.3762384, 60.0549291], [11.3761066, 60.0548959], [11.375972, 60.0548658], [11.3758116, 60.0548317], [11.375663, 60.0547976], [11.3755104, 60.0547588], [11.3753645, 60.0547192], [11.375067, 60.0546303], [11.3747796, 60.054538], [11.3745283, 60.0544537], [11.3744238, 60.0544164]]}, "properties": {"electrified": "contact_line", "frequency": "16.67", "gauge": "1435", "maxspeed": "40", "name": "Kongsvingerbanen", "operator": "Bane NOR", "passenger_lines": "2", "railway": "rail", "service": "siding", "voltage": "15000", "length_km": 0.133, "maxspeed_kmh": 40.0}}, {"type": "Feature", "geometry": {"type": "LineString", "coordinates": [[11.3744238, 60.0544164], [11.3743173, 60.0543795]]}, "properties": {"bridge": "yes", "electrified": "contact_line", "frequency": "16.67", "gauge": "1435", "maxspeed": "40", "name": "Kongsvingerbanen", "operator": "Bane NOR", "passenger_lines": "2", "railway": "rail", "service": "siding", "voltage": "15000", "length_km": 0.007, "maxspeed_kmh": 40.0}}, {"type": "Feature", "geometry": {"type": "LineString", "coordinates": [[11.3044728, 60.0073678], [11.304666, 60.0075559], [11.3050018, 60.0078841], [11.3054082, 60.0082687], [11.3059457, 60.0087706], [11.3064817, 60.0092598], [11.3069735, 60.0097207], [11.3073878, 60.0101066], [11.3074733, 60.0101869], [11.3075558, 60.0102675], [11.3076401, 60.0103478], [11.3077219, 60.0104287], [11.3077964, 60.0105038], [11.3078661, 60.0105783], [11.307937, 60.0106533], [11.3080067, 60.0107284], [11.308074, 60.0108047], [11.3081392, 60.010881], [11.3082054, 60.0109569], [11.3082705, 60.0110329], [11.3083431, 60.011121], [11.3084125, 60.0112091], [11.3084812, 60.0112975], [11.3085468, 60.011386], [11.308626, 60.0114929], [11.308701, 60.0116011], [11.3087746, 60.0117087], [11.3088455, 60.0118162], [11.3089254, 60.0119396], [11.3089987, 60.0120655], [11.3090695, 60.0121903], [11.3091364, 60.012315], [11.3091997, 60.0124409], [11.3092586, 60.0125668], [11.3093181, 60.0126927], [11.3093724, 60.0128182], [11.3094227, 60.0129427], [11.3094682, 60.0130679], [11.3095184, 60.0131956], [11.3095658, 60.0133181], [11.3096153, 60.013445], [11.3096655, 60.0135723], [11.3097192, 60.0136999], [11.3097736, 60.0138269], [11.3098328, 60.0139458], [11.3098943, 60.0140662], [11.3099564, 60.0141866], [11.3100185, 60.014307], [11.3103302, 60.0148264], [11.3106752, 60.0153958]]}, "properties": {"electrified": "contact_line", "frequency": "16.67", "gauge": "1435", "maxspeed": "110", "name": "Kongsvingerbanen", "operator": "Bane NOR", "passenger_lines": "1", "railway": "rail", "usage": "main", "voltage": "15000", "length_km": 0.965, "maxspeed_kmh": 110.0}}, {"type": "Feature", "geometry": {"type": "LineString", "coordinates": [[11.3106752, 60.0153958], [11.3107486, 60.0155141]]}, "properties": {"bridge": "yes", "electrified": "contact_line", "frequency": "16.67", "gauge": "1435", "maxspeed": "110", "name": "Kongsvingerbanen", "operator": "Bane NOR", "passenger_lines": "1", "railway": "rail", "usage": "main", "voltage": "15000", "length_km": 0.014, "maxspeed_kmh": 110.0}}, {"type": "Feature", "geometry": {"type": "LineString", "coordinates": [[11.2322587, 59.982491], [11.2323789, 59.982539], [11.2325394, 59.9826048], [11.2326962, 59.9826735], [11.2328517, 59.9827431], [11.2330036, 59.9828139], [11.2331549, 59.9828864], [11.2333014, 59.9829614], [11.2334485, 59.9830357], [11.2336099, 59.9831228], [11.2337456, 59.9831991], [11.2338789, 59.9832766], [11.2340105, 59.983355], [11.2341396, 59.983434], [11.2344137, 59.9836006], [11.2346868, 59.9837681], [11.2348256, 59.9838534], [11.2349671, 59.9839381], [11.235112, 59.9840224], [11.2352609, 59.9841054], [11.23538, 59.9841705], [11.2355023, 59.9842356], [11.2356256, 59.9842995], [11.2357511, 59.9843628], [11.2358749, 59.9844231], [11.2360019, 59.9844829], [11.2361283, 59.9845422], [11.236259, 59.9846004], [11.2363862, 59.9846557], [11.2365146, 59.9847104], [11.2366443, 59.9847642], [11.2367763, 59.9848174], [11.2369059, 59.9848682], [11.2370365, 59.9849185]]}, "properties": {"electrified": "contact_line", "frequency": "16.67", "gauge": "1435", "maxspeed": "130", "name": "Kongsvingerbanen", "operator": "Bane NOR", "passenger_lines": "1", "railway": "rail", "usage": "main", "voltage": "15000", "length_km": 0.381, "maxspeed_kmh": 130.0}}, {"type": "Feature", "geometry": {"type": "LineString", "coordinates": [[11.2321978, 59.9824669], [11.2322587, 59.982491]]}, "properties": {"bridge": "yes", "electrified": "contact_line", "frequency": "16.67", "gauge": "1435", "maxspeed": "130", "name": "Kongsvingerbanen", "operator": "Bane NOR", "passenger_lines": "1", "railway": "rail", "usage": "main", "voltage": "15000", "length_km": 0.004, "maxspeed_kmh": 130.0}}, {"type": "Feature", "geometry": {"type": "LineString", "coordinates": [[11.2000324, 59.9653697], [11.2000898, 59.9654611], [11.2001633, 59.9655747], [11.2002411, 59.9656884], [11.2003212, 59.9658014], [11.2004063, 59.9659144], [11.2004944, 59.9660263], [11.2005855, 59.9661383], [11.2006796, 59.9662479], [11.2007781, 59.9663575], [11.2008802, 59.9664671], [11.2009853, 59.9665767], [11.2013816, 59.9669527], [11.201503, 59.967058], [11.2016279, 59.9671622], [11.2017562, 59.9672658], [11.2018879, 59.9673694], [11.2020235, 59.9674712], [11.2021623, 59.9675729], [11.202304, 59.9676725], [11.2024492, 59.9677721], [11.2025896, 59.9678642], [11.2027334, 59.9679564], [11.2028812, 59.9680471], [11.2030312, 59.9681372], [11.2031827, 59.9682237], [11.203336, 59.9683097], [11.2034944, 59.9683957], [11.2036572, 59.9684804], [11.2038187, 59.9685638], [11.2039843, 59.9686467], [11.2041493, 59.9687295], [11.2043173, 59.9688124], [11.2045054, 59.9689041], [11.2046913, 59.9689969], [11.2048776, 59.9690897], [11.2050629, 59.9691837], [11.2051006, 59.9692038]]}, "properties": {"electrified": "contact_line", "frequency": "16.67", "gauge": "1435", "maxspeed": "130", "name": "Kongsvingerbanen", "operator": "Bane NOR", "passenger_lines": "1", "railway": "rail", "usage": "main", "voltage": "15000", "length_km": 0.519, "maxspeed_kmh": 130.0}}, {"type": "Feature", "geometry": {"type": "LineString", "coordinates": [[11.2051006, 59.9692038], [11.2052222, 59.9692674]]}, "properties": {"bridge": "yes", "electrified": "contact_line", "frequency": "16.67", "gauge": "1435", "maxspeed": "130", "name": "Kongsvingerbanen", "operator": "Bane NOR", "passenger_lines": "1", "railway": "rail", "usage": "main", "voltage": "15000", "length_km": 0.01, "maxspeed_kmh": 130.0}}, {"type": "Feature", "geometry": {"type": "LineString", "coordinates": [[11.1995302, 59.9643872], [11.1997128, 59.9647737], [11.1997678, 59.964885], [11.1998284, 59.9650037], [11.1998887, 59.9651188], [11.1999517, 59.965233], [11.2000066, 59.9653279]]}, "properties": {"electrified": "contact_line", "frequency": "16.67", "gauge": "1435", "maxspeed": "130", "name": "Kongsvingerbanen", "operator": "Bane NOR", "passenger_lines": "1", "railway": "rail", "usage": "main", "voltage": "15000", "length_km": 0.108, "maxspeed_kmh": 130.0}}, {"type": "Feature", "geometry": {"type": "LineString", "coordinates": [[11.2000066, 59.9653279], [11.2000186, 59.965347], [11.2000324, 59.9653697]]}, "properties": {"bridge": "yes", "electrified": "contact_line", "frequency": "16.67", "gauge": "1435", "maxspeed": "130", "name": "Kongsvingerbanen", "operator": "Bane NOR", "passenger_lines": "1", "railway": "rail", "usage": "main", "voltage": "15000", "length_km": 0.005, "maxspeed_kmh": 130.0}}]}