{"type": "FeatureCollection", "features": [{"type": "Feature", "geometry": {"type": "LineString", "coordinates": [[17.956881, 68.3974316], [17.9587872, 68.3972543], [17.959268, 68.3972218], [17.9597499, 68.397203], [17.9599959, 68.3971987], [17.9604636, 68.3971999], [17.9609425, 68.3972128], [17.9614176, 68.3972334], [17.9624457, 68.3972906]]}, "properties": {"electrified": "contact_line", "frequency": "16.67", "gauge": "1435", "maxspeed": "40", "name": "Ofotbanen", "operator": "Bane NOR", "passenger_lines": "1", "railway": "rail", "service": "siding", "tunnel": "yes", "voltage": "15000", "length_km": 0.232, "maxspeed_kmh": 40.0}}, {"type": "Feature", "geometry": {"type": "LineString", "coordinates": [[17.9170074, 68.4030773], [17.9182423, 68.4027498], [17.9185065, 68.4026723], [17.9188028, 68.4025755], [17.9191479, 68.4024473], [17.9194672, 68.4023114], [17.9197643, 68.4021664], [17.9199048, 68.4020902], [17.9200261, 68.40202], [17.9202725, 68.4018627], [17.9209619, 68.4013754], [17.9212613, 68.4011782], [17.921454, 68.401062], [17.9217147, 68.4009165], [17.9221172, 68.4007155], [17.9224442, 68.4005741], [17.9226163, 68.4005069], [17.9227945, 68.4004416], [17.9231693, 68.4003171], [17.9235669, 68.4002013], [17.9237722, 68.4001473], [17.9241989, 68.4000465], [17.9244176, 68.4000003], [17.9247938, 68.3999287], [17.9250838, 68.3998796], [17.9255914, 68.3998051], [17.9262209, 68.3997304], [17.9272655, 68.3996218], [17.9277964, 68.3995613], [17.9284321, 68.3994751], [17.9288803, 68.3994042], [17.929324, 68.3993255], [17.9297688, 68.3992376], [17.9301604, 68.3991518], [17.9309853, 68.3989568], [17.9314093, 68.3988632], [17.9318525, 68.3987787], [17.932301, 68.3987069], [17.9325373, 68.398674], [17.9330047, 68.3986191], [17.933482, 68.3985756], [17.9339749, 68.3985434], [17.9342231, 68.398532], [17.9347166, 68.3985183], [17.935213, 68.3985171], [17.9357014, 68.398528], [17.9359412, 68.3985379], [17.9364286, 68.3985671], [17.9368994, 68.398607], [17.9374531, 68.3986688], [17.9395709, 68.3989439], [17.9399854, 68.3989919], [17.9405226, 68.3990407], [17.9410076, 68.3990715], [17.9415056, 68.3990905], [17.9417598, 68.3990954], [17.9422588, 68.399095], [17.9427429, 68.3990823], [17.9429926, 68.3990709], [17.9432402, 68.3990564], [17.9437084, 68.3990201], [17.944179, 68.3989718], [17.944644, 68.3989113], [17.9451057, 68.3988378], [17.9455594, 68.3987519], [17.945911, 68.398675], [17.9461678, 68.3986137], [17.9472861, 68.3983118], [17.9476796, 68.3982148], [17.9478864, 68.3981688], [17.9482889, 68.3980884], [17.9487738, 68.3980067], [17.9492381, 68.3979425], [17.9497004, 68.3978911], [17.9504602, 68.3978215], [17.950781, 68.3977943]]}, "properties": {"electrified": "contact_line", "frequency": "16.67", "gauge": "1435", "maxspeed": "70", "name": "Ofotbanen", "operator": "Bane NOR", "passenger_lines": "1", "railway": "rail", "usage": "main", "voltage": "15000", "length_km": 1.628, "maxspeed_kmh": 70.0}}, {"type": "Feature", "geometry": {"type": "LineString", "coordinates": [[17.9147583, 68.4037089], [17.9150647, 68.4036154], [17.9158478, 68.4033909], [17.9166654, 68.4031659], [17.9170074, 68.4030773]]}, "properties": {"electrified": "contact_line", "frequency": "16.67", "gauge": "1435", "maxspeed": "70", "name": "Ofotbanen", "operator": "Bane NOR", "passenger_lines": "1", "railway": "rail", "tunnel": "avalanche_protector", "usage": "main", "voltage": "15000", "length_km": 0.116, "maxspeed_kmh": 70.0}}, {"type": "Feature", "geometry": {"type": "LineString", "coordinates": [[17.8605393, 68.4088674], [17.861092, 68.40896], [17.8616494, 68.4090465], [17.8623166, 68.4091399], [17.8630367, 68.4092239], [17.863729, 68.4092882], [17.8642048, 68.4093235], [17.8653923, 68.4094006], [17.8660922, 68.4094516], [17.8667895, 68.4095095], [17.8675652, 68.4095831], [17.8689633, 68.4097333], [17.8696668, 68.4097992], [17.8703825, 68.4098518], [17.8708605, 68.4098789], [17.8712615, 68.4098967], [17.8718178, 68.4099146], [17.8744939, 68.4099858], [17.8754707, 68.4100199], [17.8764341, 68.4100594], [17.8778779, 68.4101287], [17.8802953, 68.4102625], [17.8808249, 68.410287], [17.8812537, 68.4103009], [17.8817367, 68.4103096], [17.8822179, 68.4103111], [17.8826976, 68.4103056], [17.8834268, 68.4102836], [17.8841466, 68.4102455], [17.8848489, 68.4101925], [17.885523, 68.4101263], [17.8859613, 68.4100749], [17.8865465, 68.4099959], [17.8869462, 68.4099345], [17.888054, 68.4097488], [17.8885221, 68.4096764], [17.8889766, 68.4096171], [17.889209, 68.4095908], [17.8896785, 68.4095457], [17.8901607, 68.4095099], [17.8906459, 68.4094842], [17.8908807, 68.4094754], [17.8912603, 68.4094662], [17.8916006, 68.4094624], [17.8928468, 68.4094549], [17.893204, 68.4094456], [17.893561, 68.4094303], [17.8940472, 68.4093991], [17.8942988, 68.409378], [17.8945448, 68.409354], [17.895008, 68.4092995], [17.895482, 68.4092301], [17.8957151, 68.4091906], [17.896155, 68.4091062], [17.8965731, 68.4090135], [17.8979407, 68.4086849], [17.898605, 68.4085396], [17.8993637, 68.4083905], [17.9005248, 68.4081863], [17.9011593, 68.4080688], [17.9018142, 68.4079293], [17.9022317, 68.4078286], [17.9028468, 68.407662], [17.9034057, 68.4074896], [17.9046435, 68.4070773]]}, "properties": {"electrified": "contact_line", "frequency": "16.67", "gauge": "1435", "maxspeed": "70", "name": "Ofotbanen", "operator": "Bane NOR", "passenger_lines": "1", "railway": "rail", "usage": "main", "voltage": "15000", "length_km": 1.921, "maxspeed_kmh": 70.0}}, {"type": "Feature", "geometry": {"type": "LineString", "coordinates": [[17.4575321, 68.4461044], [17.4579488, 68.4467793], [17.4580989, 68.4469999], [17.458245, 68.4471715], [17.4584193, 68.4473361], [17.4586269, 68.4474991], [17.4588663, 68.4476581], [17.458998, 68.4477361], [17.4592837, 68.447886], [17.4594558, 68.4479685], [17.4596278, 68.4480437], [17.4599824, 68.4481826], [17.4603505, 68.4483078], [17.4605522, 68.4483696], [17.4609598, 68.4484817], [17.4613821, 68.4485826], [17.4616045, 68.4486301], [17.4620596, 68.4487164], [17.4625436, 68.4487944], [17.4630257, 68.448866], [17.4679237, 68.4495775]]}, "properties": {"electrified": "contact_line", "frequency": "16.67", "gauge": "1435", "maxspeed": "70", "name": "Ofotbanen", "operator": "Bane NOR", "passenger_lines": "1", "railway": "rail", "usage": "main", "voltage": "15000", "length_km": 0.62, "maxspeed_kmh": 70.0}}, {"type": "Feature", "geometry": {"type": "LineString", "coordinates": [[17.4544549, 68.4428407], [17.4546199, 68.4429156], [17.4547592, 68.4429829], [17.4550455, 68.4431342], [17.455322, 68.4432985], [17.4555691, 68.4434638], [17.4556821, 68.4435469], [17.4558862, 68.443712], [17.4560727, 68.4438857], [17.4562328, 68.4440614], [17.456303, 68.4441502], [17.4565616, 68.4445448], [17.4574671, 68.4460047]]}, "properties": {"electrified": "contact_line", "frequency": "16.67", "gauge": "1435", "maxspeed": "70", "name": "Ofotbanen", "operator": "Bane NOR", "passenger_lines": "1", "railway": "rail", "usage": "main", "voltage": "15000", "length_km": 0.378, "maxspeed_kmh": 70.0}}, {"type": "Feature", "geometry": {"type": "LineString", "coordinates": [[17.4679237, 68.4495775], [17.4695611, 68.4498166], [17.4699995, 68.4498875], [17.4704344, 68.4499669], [17.4707947, 68.4500405]]}, "properties": {"electrified": "contact_line", "frequency": "16.67", "gauge": "1435", "maxspeed": "70", "name": "Ofotbanen", "operator": "Bane NOR", "passenger_lines": "1", "railway": "rail", "tunnel": "yes", "usage": "main", "voltage": "15000", "length_km": 0.129, "maxspeed_kmh": 70.0}}, {"type": "Feature", "geometry": {"type": "LineString", "coordinates": [[17.4541331, 68.442711], [17.4542933, 68.442773], [17.4544549, 68.4428407]]}, "properties": {"bridge": "yes", "electrified": "contact_line", "frequency": "16.67", "gauge": "1435", "maxspeed": "40", "name": "Ofotbanen", "operator": "Bane NOR", "passenger_lines": "1", "railway": "rail", "usage": "main", "voltage": "15000", "length_km": 0.02, "maxspeed_kmh": 40.0}}, {"type": "Feature", "geometry": {"type": "LineString", "coordinates": [[17.4707947, 68.4500405], [17.471277, 68.4501498], [17.4718655, 68.4503031], [17.4724248, 68.4504707], [17.474138, 68.4510268], [17.4745228, 68.4511384], [17.4749177, 68.4512385], [17.4751233, 68.4512855], [17.475558, 68.4513738], [17.4757776, 68.4514131], [17.4762108, 68.4514811], [17.4766707, 68.4515406], [17.47692, 68.4515677], [17.4773533, 68.4516073], [17.477582, 68.4516243], [17.4780438, 68.4516505], [17.478286, 68.4516597], [17.4786742, 68.4516683], [17.4790438, 68.4516707], [17.4850608, 68.4516546], [17.4863923, 68.4516462], [17.4876417, 68.4516269], [17.4886506, 68.4516035], [17.4891747, 68.4515855], [17.489531, 68.451569], [17.4907071, 68.4515048], [17.4913771, 68.4514753], [17.4918523, 68.4514624], [17.4925532, 68.4514557], [17.493274, 68.4514635], [17.4939619, 68.4514848], [17.4945746, 68.4515149], [17.4957944, 68.4515868]]}, "properties": {"electrified": "contact_line", "frequency": "16.67", "gauge": "1435", "maxspeed": "70", "name": "Ofotbanen", "operator": "Bane NOR", "passenger_lines": "1", "railway": "rail", "usage": "main", "voltage": "15000", "length_km": 1.083, "maxspeed_kmh": 70.0}}, {"type": "Feature", "geometry": {"type": "LineString", "coordinates": [[17.453213, 68.4423734], [17.4539352, 68.4426364], [17.4541331, 68.442711]]}, "properties": {"electrified": "contact_line", "frequency": "16.67", "gauge": "1435", "maxspeed": "40", "name": "Ofotbanen", "operator": "Bane NOR", "passenger_lines": "1", "railway": "rail", "usage": "main", "voltage": "15000", "length_km": 0.053, "maxspeed_kmh": 40.0}}, {"type": "Feature", "geometry": {"type": "LineString", "coordinates": [[17.4957944, 68.4515868], [17.4970369, 68.451658], [17.4974298, 68.4516764], [17.4978807, 68.4516899], [17.4985334, 68.451695]]}, "properties": {"electrified": "contact_line", "frequency": "16.67", "gauge": "1435", "maxspeed": "70", "name": "Ofotbanen", "operator": "Bane NOR", "passenger_lines": "1", "railway": "rail", "tunnel": "yes", "usage": "main", "voltage": "15000", "length_km": 0.113, "maxspeed_kmh": 70.0}}, {"type": "Feature", "geometry": {"type": "LineString", "coordinates": [[17.4574671, 68.4460047], [17.4575321, 68.4461044]]}, "properties": {"bridge": "yes", "electrified": "contact_line", "frequency": "16.67", "gauge": "1435", "maxspeed": "70", "name": "Ofotbanen", "operator": "Bane NOR", "railway": "rail", "usage": "main", "voltage": "15000", "length_km": 0.011, "maxspeed_kmh": 70.0}}, {"type": "Feature", "geometry": {"type": "LineString", "coordinates": [[17.4381244, 68.4420418], [17.4399333, 68.4419109], [17.4410273, 68.4418295], [17.445783, 68.4414829], [17.4462696, 68.4414537], [17.4467465, 68.4414365], [17.4472286, 68.4414315], [17.4474741, 68.4414339], [17.447955, 68.4414485], [17.4480675, 68.4414538], [17.4484352, 68.4414759], [17.4496071, 68.441569], [17.4499184, 68.4415992], [17.4502683, 68.4416394]]}, "properties": {"electrified": "contact_line", "frequency": "16.67", "gauge": "1435", "maxspeed": "40", "name": "Ofotbanen", "operator": "Bane NOR", "railway": "rail", "usage": "main", "voltage": "15000", "length_km": 0.507, "maxspeed_kmh": 40.0}}, {"type": "Feature", "geometry": {"type": "LineString", "coordinates": [[17.453213, 68.4423734], [17.4527731, 68.4422322], [17.4524876, 68.442148], [17.4521857, 68.442066], [17.4518345, 68.4419873], [17.4514759, 68.4419147], [17.4511144, 68.4418489], [17.450722, 68.441789], [17.4499281, 68.4416812], [17.448906, 68.441568], [17.4481812, 68.4415136], [17.4480488, 68.4415066], [17.4477831, 68.4414945], [17.4473827, 68.4414864], [17.4469618, 68.441485], [17.4465425, 68.4414966], [17.4460564, 68.4415207], [17.4455716, 68.4415498], [17.4444012, 68.4416402], [17.4432093, 68.4417246], [17.4410412, 68.4418726], [17.44056, 68.4419075], [17.439728, 68.4419703], [17.438924, 68.4420276], [17.4386954, 68.4420448], [17.4381498, 68.4420832], [17.437712, 68.4421159]]}, "properties": {"electrified": "contact_line", "frequency": "16.67", "gauge": "1435", "maxspeed": "40", "name": "Ofotbanen", "operator": "Bane NOR", "railway": "rail", "service": "siding", "voltage": "15000", "length_km": 0.667, "maxspeed_kmh": 40.0}}, {"type": "Feature", "geometry": {"type": "LineString", "coordinates": [[17.5973773, 68.4426729], [17.5984327, 68.4425], [17.5988798, 68.4424346], [17.5993291, 68.4423789], [17.5998036, 68.4423323], [17.6002615, 68.442299], [17.6004914, 68.4422865], [17.6009736, 68.4422687], [17.6014104, 68.4422625], [17.601677, 68.4422633], [17.602161, 68.4422716], [17.6036189, 68.4423139], [17.6040993, 68.4423189], [17.6046043, 68.4423127], [17.6050743, 68.4422955], [17.6055372, 68.4422674], [17.605774, 68.4422486], [17.6062496, 68.4422015], [17.6067252, 68.4421416], [17.6071913, 68.4420694], [17.607625, 68.4419895], [17.6080435, 68.4418997], [17.6082518, 68.4418498], [17.6086189, 68.4417529], [17.6097691, 68.4414223], [17.6102172, 68.4413109], [17.6106464, 68.441219], [17.6111046, 68.4411357], [17.6115735, 68.441065], [17.6120501, 68.4410072], [17.612533, 68.4409622], [17.6130297, 68.4409292], [17.6135354, 68.4409085], [17.6140467, 68.4409008], [17.6145578, 68.4409052], [17.614866, 68.4409137], [17.6153704, 68.4409366], [17.6172661, 68.4410464], [17.6177345, 68.4410703], [17.6182369, 68.4410866], [17.6187342, 68.4410903], [17.619227, 68.4410822], [17.6194783, 68.4410731], [17.6199719, 68.4410455], [17.6204464, 68.4410057], [17.6209075, 68.4409542], [17.6213747, 68.4408892], [17.6216061, 68.4408518], [17.622051, 68.44077], [17.6224713, 68.4406799], [17.6229514, 68.4405605], [17.623394, 68.4404355], [17.62396, 68.4402681], [17.6294445, 68.4386312], [17.6298339, 68.4385234], [17.630239, 68.438425], [17.6306605, 68.4383374], [17.6308788, 68.4382972], [17.6313205, 68.4382258], [17.6315486, 68.4381937], [17.6320148, 68.4381384], [17.632489, 68.4380949], [17.6327257, 68.438078], [17.6332049, 68.4380526], [17.6334433, 68.4380443], [17.6339211, 68.4380361], [17.6344107, 68.4380389], [17.6349563, 68.4380555], [17.6354218, 68.4380804], [17.636824, 68.4381823], [17.6375262, 68.4382252], [17.6380019, 68.4382434], [17.6382529, 68.4382489], [17.6388184, 68.4382518], [17.6390958, 68.4382491], [17.6394821, 68.4382387], [17.6397988, 68.438226], [17.6402217, 68.438203], [17.6406776, 68.4381701], [17.641156, 68.4381252], [17.6414198, 68.4380965], [17.6416964, 68.438062], [17.6420765, 68.4380065]]}, "properties": {"electrified": "contact_line", "frequency": "16.67", "gauge": "1435", "maxspeed": "70", "name": "Ofotbanen", "operator": "Bane NOR", "passenger_lines": "1", "railway": "rail", "usage": "main", "voltage": "15000", "length_km": 1.991, "maxspeed_kmh": 70.0}}, {"type": "Feature", "geometry": {"type": "LineString", "coordinates": [[17.6617721, 68.4322871], [17.6622849, 68.4321279], [17.6626878, 68.4320153], [17.6628987, 68.4319619], [17.6633263, 68.431866]]}, "properties": {"electrified": "contact_line", "frequency": "16.67", "gauge": "1435", "maxspeed": "70", "name": "Ofotbanen", "operator": "Bane NOR", "passenger_lines": "1", "railway": "rail", "tunnel": "yes", "usage": "main", "voltage": "15000", "length_km": 0.079, "maxspeed_kmh": 70.0}}, {"type": "Feature", "geometry": {"type": "LineString", "coordinates": [[17.7743687, 68.4079932], [17.7744144, 68.407844], [17.7744473, 68.4076964], [17.7744565, 68.4076079], [17.7744563, 68.4074307], [17.7744196, 68.4070011], [17.7744171, 68.406826], [17.7744333, 68.4066775], [17.774471, 68.4065272], [17.7745437, 68.4063524], [17.7745963, 68.4062582], [17.774716, 68.4060873], [17.7748638, 68.4059211], [17.7750428, 68.4057569], [17.7752473, 68.4056002], [17.7754839, 68.4054463], [17.7757502, 68.4052974], [17.776044, 68.4051551], [17.776358, 68.4050226]]}, "properties": {"electrified": "contact_line", "frequency": "16.67", "gauge": "1435", "maxspeed": "70", "name": "Ofotbanen", "operator": "Bane NOR", "passenger_lines": "1", "railway": "rail", "tunnel": "yes", "usage": "main", "voltage": "15000", "length_km": 0.352, "maxspeed_kmh": 70.0}}, {"type": "Feature", "geometry": {"type": "LineString", "coordinates": [[17.6633263, 68.431866], [17.6637787, 68.43178], [17.6642411, 68.4317067], [17.6644884, 68.4316731], [17.6649862, 68.4316163], [17.6654763, 68.4315742], [17.6658099, 68.4315531], [17.6662675, 68.4315338], [17.6665183, 68.431528], [17.6670174, 68.4315258], [17.6674677, 68.4315337], [17.6679927, 68.4315549], [17.6686741, 68.4316003], [17.6696293, 68.4316786], [17.6701325, 68.4317154], [17.6706056, 68.4317408], [17.6708491, 68.4317496], [17.6713198, 68.4317585], [17.6718118, 68.4317562], [17.6722728, 68.4317428], [17.672762, 68.4317167], [17.6730203, 68.4316977], [17.6735053, 68.4316524], [17.6739887, 68.4315941], [17.6742332, 68.4315593], [17.6748541, 68.4314563], [17.6766837, 68.4311325], [17.677306, 68.4310395], [17.6777698, 68.4309825], [17.6782541, 68.4309334], [17.6786985, 68.4308975], [17.6813169, 68.4307321], [17.6817843, 68.4306915], [17.682011, 68.4306673], [17.6824623, 68.4306099], [17.6828897, 68.4305441], [17.6831106, 68.4305056], [17.6833689, 68.4304564], [17.6837841, 68.4303674], [17.6839909, 68.430318], [17.6844123, 68.4302061], [17.6847916, 68.4300926], [17.6851367, 68.4299808], [17.6854996, 68.4298568], [17.6858581, 68.429728], [17.686383, 68.4295267], [17.6866844, 68.4294026], [17.687009, 68.4292615], [17.6878889, 68.428843], [17.6881576, 68.4287211], [17.6885142, 68.4285772], [17.6886877, 68.4285141], [17.6890707, 68.4283885], [17.6894533, 68.4282789], [17.6898272, 68.4281847], [17.6900412, 68.4281358], [17.6904544, 68.4280519], [17.6906674, 68.4280133], [17.6910944, 68.4279446], [17.6913295, 68.4279118], [17.691816, 68.4278551], [17.6920531, 68.4278325], [17.6925254, 68.4277968], [17.6930098, 68.4277721], [17.6932547, 68.4277643], [17.6937491, 68.4277578], [17.6939897, 68.427759], [17.6944466, 68.4277696], [17.6949175, 68.4277912], [17.695413, 68.4278267], [17.6958838, 68.4278728], [17.6961154, 68.4278999], [17.6965715, 68.4279635], [17.6970197, 68.4280385], [17.6974551, 68.4281248], [17.6976733, 68.4281733], [17.6980722, 68.4282701], [17.7012427, 68.4290834], [17.7015585, 68.4291582], [17.7019066, 68.4292317], [17.7023255, 68.4293082], [17.7025496, 68.4293439], [17.7030155, 68.4294073], [17.7034672, 68.4294563], [17.7037066, 68.4294778], [17.7042264, 68.4295141], [17.7046894, 68.4295352], [17.7051569, 68.4295463], [17.7054094, 68.4295487], [17.7060053, 68.4295458], [17.7064756, 68.4295358], [17.706895, 68.4295205], [17.7073952, 68.4294951], [17.7078072, 68.4294683], [17.7082897, 68.42943], [17.7087589, 68.4293856], [17.7092271, 68.4293341], [17.7096818, 68.4292764], [17.7101548, 68.429208], [17.710591, 68.4291371], [17.7112668, 68.4290115], [17.7119124, 68.428872], [17.7125024, 68.4287269], [17.718601, 68.427099], [17.7190514, 68.4269847], [17.719437, 68.4268954], [17.7198727, 68.4268042], [17.7203049, 68.426723], [17.7207506, 68.4266484], [17.7212174, 68.4265793], [17.7217085, 68.4265156], [17.7220321, 68.4264785], [17.7236945, 68.4263095], [17.7241727, 68.4262562], [17.7246624, 68.4261951], [17.7251103, 68.4261331], [17.7255407, 68.4260676], [17.7259556, 68.4259987], [17.7265407, 68.4258912], [17.7271635, 68.4257632], [17.7278036, 68.4256161], [17.7302511, 68.4249913], [17.7309292, 68.4248317], [17.731342, 68.424742], [17.7319833, 68.4246116], [17.733566, 68.4243179], [17.7339531, 68.4242413], [17.7343584, 68.4241528], [17.7347467, 68.4240577], [17.7351594, 68.4239435], [17.7355209, 68.4238308], [17.7358619, 68.4237118], [17.7361882, 68.4235846], [17.7363724, 68.4235067], [17.7368078, 68.4233016], [17.7370886, 68.4231532], [17.7379274, 68.42268], [17.7383292, 68.4224634], [17.7388822, 68.4221861], [17.7395262, 68.4218913], [17.7399768, 68.4216997], [17.7404761, 68.421499], [17.7440041, 68.4201493], [17.7452285, 68.4196851], [17.7455274, 68.41958], [17.7458839, 68.4194615], [17.7462802, 68.4193378], [17.7467131, 68.4192116], [17.7484299, 68.4187478], [17.7490113, 68.4185797], [17.7493779, 68.4184684], [17.7501274, 68.4182315], [17.7508736, 68.417987], [17.7515736, 68.4177501], [17.7522739, 68.4175057], [17.7531779, 68.4171743], [17.7534875, 68.4170535], [17.7539356, 68.416869], [17.7542545, 68.4167302], [17.7555028, 68.4161595], [17.7558269, 68.4160196], [17.756302, 68.4158267], [17.7569747, 68.4155769], [17.7586094, 68.415013], [17.7589469, 68.4148897], [17.7592858, 68.4147578], [17.7596081, 68.4146236], [17.7599096, 68.4144892], [17.7603508, 68.4142746], [17.7607659, 68.4140501], [17.762037, 68.4132956], [17.7623015, 68.4131462], [17.7624417, 68.4130724], [17.7627344, 68.4129335], [17.7630693, 68.4127938], [17.7632376, 68.4127301], [17.7635828, 68.4126107], [17.7639515, 68.4124979], [17.7643516, 68.4123868], [17.7668785, 68.4117064], [17.7676605, 68.4114797], [17.7681014, 68.4113433], [17.769142, 68.4110027], [17.7705482, 68.4105145], [17.7713869, 68.4102056], [17.7717377, 68.4100623], [17.7718933, 68.4099913], [17.7721833, 68.4098453], [17.7724472, 68.4096932], [17.7726881, 68.4095348], [17.7732531, 68.4091325], [17.7736822, 68.4088054], [17.7738883, 68.408633], [17.7740408, 68.4084829], [17.7741835, 68.4083105], [17.7742426, 68.4082257], [17.7743062, 68.4081144], [17.7743687, 68.4079932]]}, "properties": {"electrified": "contact_line", "frequency": "16.67", "gauge": "1435", "maxspeed": "70", "name": "Ofotbanen", "operator": "Bane NOR", "passenger_lines": "1", "railway": "rail", "usage": "main", "voltage": "15000", "length_km": 5.74, "maxspeed_kmh": 70.0}}, {"type": "Feature", "geometry": {"type": "LineString", "coordinates": [[17.991488, 68.4103403], [17.9914977, 68.4105674], [17.9915268, 68.4107416], [17.9915787, 68.4109172], [17.9916536, 68.4110933], [17.9917517, 68.4112676], [17.9921868, 68.4118896], [17.9922979, 68.412068], [17.9924367, 68.4123346], [17.9925415, 68.4125971], [17.9925948, 68.4127793], [17.9926323, 68.4129577], [17.9926941, 68.4133926], [17.9927475, 68.413605], [17.9927982, 68.4137267], [17.9928265, 68.4137886]]}, "properties": {"electrified": "contact_line", "frequency": "16.67", "gauge": "1435", "maxspeed": "70", "name": "Ofotbanen", "operator": "Bane NOR", "passenger_lines": "1", "railway": "rail", "tunnel": "avalanche_protector", "usage": "main", "voltage": "15000", "length_km": 0.39, "maxspeed_kmh": 70.0}}, {"type": "Feature", "geometry": {"type": "LineString", "coordinates": [[17.9751638, 68.3920761], [17.9753191, 68.3920301], [17.975509, 68.3919821], [17.9757763, 68.3919188], [17.9759917, 68.3918711], [17.9762116, 68.391826], [17.9766439, 68.3917478], [17.9770878, 68.3916802], [17.9775198, 68.3916262], [17.9777562, 68.3916012], [17.9782406, 68.3915594], [17.9787151, 68.3915306], [17.9789668, 68.3915201], [17.9794729, 68.3915088], [17.9797271, 68.3915081], [17.9802152, 68.3915156], [17.9806561, 68.3915328], [17.9809521, 68.3915494], [17.9814131, 68.3915826], [17.9816587, 68.3916039], [17.9821431, 68.3916532], [17.9826218, 68.3917115], [17.9829787, 68.3917616], [17.9834421, 68.3918354], [17.9837829, 68.3918964], [17.9842271, 68.3919848], [17.9844434, 68.3920318], [17.9847611, 68.3921062], [17.9851737, 68.3922134], [17.985472, 68.3922997], [17.9857536, 68.3923911], [17.9860236, 68.3924879], [17.9863614, 68.3926248], [17.9865968, 68.392733], [17.9867442, 68.3928072], [17.9869536, 68.3929233], [17.9872089, 68.3930861], [17.9872779, 68.393135]]}, "properties": {"electrified": "contact_line", "frequency": "16.67", "gauge": "1435", "maxspeed": "70", "name": "Ofotbanen", "operator": "Bane NOR", "passenger_lines": "1", "railway": "rail", "usage": "main", "voltage": "15000", "length_km": 0.578, "maxspeed_kmh": 70.0}}, {"type": "Feature", "geometry": {"type": "LineString", "coordinates": [[17.995293, 68.4153307], [17.9963943, 68.4157042], [17.99694, 68.4159037], [17.9971123, 68.415973], [17.9974321, 68.4161124], [17.9978661, 68.4163281], [17.9981281, 68.4164765], [17.9983738, 68.416632], [17.998493, 68.4167146], [17.9987094, 68.4168798], [17.9988995, 68.4170471], [17.9989876, 68.4171342], [17.9991386, 68.4173058], [17.9992062, 68.4173968], [17.9992928, 68.4175368], [17.9993738, 68.4177141], [17.999423, 68.4178957], [17.9994406, 68.4180772], [17.9994279, 68.4182554], [17.9993863, 68.4184314], [17.9990806, 68.4192079], [17.999026, 68.4194018], [17.9989822, 68.4196693], [17.9989767, 68.4199408], [17.9990073, 68.4202017], [17.9990718, 68.4204643], [17.9991748, 68.4207541], [17.9992909, 68.4210195], [17.9993791, 68.4211959], [17.9995829, 68.4215509], [17.9996951, 68.4217227]]}, "properties": {"electrified": "contact_line", "frequency": "16.67", "gauge": "1435", "maxspeed": "70", "name": "Ofotbanen", "operator": "Bane NOR", "passenger_lines": "1", "railway": "rail", "usage": "main", "voltage": "15000", "length_km": 0.773, "maxspeed_kmh": 70.0}}, {"type": "Feature", "geometry": {"type": "LineString", "coordinates": [[17.9872779, 68.393135], [17.9873795, 68.3932124], [17.987462, 68.3932814], [17.9875301, 68.3933409], [17.9878418, 68.3936301]]}, "properties": {"electrified": "contact_line", "frequency": "16.67", "gauge": "1435", "maxspeed": "70", "name": "Ofotbanen", "operator": "Bane NOR", "passenger_lines": "1", "railway": "rail", "tunnel": "avalanche_protector", "usage": "main", "voltage": "15000", "length_km": 0.06, "maxspeed_kmh": 70.0}}, {"type": "Feature", "geometry": {"type": "LineString", "coordinates": [[17.9928265, 68.4137886], [17.9928995, 68.4139051], [17.9930218, 68.4140685], [17.9930935, 68.4141482], [17.9931763, 68.4142305], [17.9933638, 68.4143932], [17.9935859, 68.414556], [17.9937252, 68.4146485]]}, "properties": {"electrified": "contact_line", "frequency": "16.67", "gauge": "1435", "maxspeed": "70", "name": "Ofotbanen", "operator": "Bane NOR", "passenger_lines": "1", "railway": "rail", "tunnel": "yes", "usage": "main", "voltage": "15000", "length_km": 0.103, "maxspeed_kmh": 70.0}}, {"type": "Feature", "geometry": {"type": "LineString", "coordinates": [[18.005609, 68.4275091], [18.0060002, 68.4277305]]}, "properties": {"electrified": "contact_line", "frequency": "16.67", "gauge": "1435", "maxspeed": "70", "name": "Ofotbanen", "operator": "Bane NOR", "passenger_lines": "1", "railway": "rail", "usage": "main", "voltage": "15000", "length_km": 0.029, "maxspeed_kmh": 70.0}}, {"type": "Feature", "geometry": {"type": "LineString", "coordinates": [[17.9998474, 68.4219317], [18.0020315, 68.4249024], [18.002279, 68.4252208], [18.0025502, 68.4255147], [18.0028182, 68.4257629], [18.0031209, 68.4260091], [18.0033364, 68.4261681], [18.0035645, 68.4263248], [18.0038214, 68.4264884], [18.0042101, 68.4267171], [18.0052138, 68.4272893]]}, "properties": {"electrified": "contact_line", "frequency": "16.67", "gauge": "1435", "maxspeed": "70", "name": "Ofotbanen", "operator": "Bane NOR", "passenger_lines": "1", "railway": "rail", "tunnel": "yes", "usage": "main", "voltage": "15000", "length_km": 0.641, "maxspeed_kmh": 70.0}}, {"type": "Feature", "geometry": {"type": "LineString", "coordinates": [[17.9711934, 68.3962615], [17.9713539, 68.3961623], [17.9715463, 68.3960184], [17.9717238, 68.3958732], [17.9719101, 68.3957111], [17.9720655, 68.3955434], [17.972187, 68.3953757], [17.9722908, 68.395175], [17.972341, 68.3950227], [17.9723687, 68.3948471], [17.9723709, 68.3946685], [17.9723543, 68.3942187], [17.9723661, 68.394044], [17.9723835, 68.3939575], [17.9724435, 68.3937815], [17.9725363, 68.3936029], [17.9725916, 68.3935174], [17.9727264, 68.393349], [17.9728765, 68.3932014]]}, "properties": {"electrified": "contact_line", "frequency": "16.67", "gauge": "1435", "maxspeed": "40", "name": "Ofotbanen", "operator": "Bane NOR", "passenger_lines": "1", "railway": "rail", "tunnel": "yes", "usage": "main", "voltage": "15000", "length_km": 0.353, "maxspeed_kmh": 40.0}}, {"type": "Feature", "geometry": {"type": "LineString", "coordinates": [[17.9889936, 68.4067117], [17.9890937, 68.4068676], [17.9892236, 68.4070401], [17.9892923, 68.4071171], [17.9895358, 68.4073467], [17.9902459, 68.4079606], [17.9904169, 68.4081169], [17.9906675, 68.408363], [17.9908215, 68.4085313], [17.9909433, 68.4086817], [17.990963, 68.4087059], [17.9910428, 68.4088188], [17.9910883, 68.4088831], [17.9911978, 68.4090649], [17.9912442, 68.4091587]]}, "properties": {"electrified": "contact_line", "frequency": "16.67", "gauge": "1435", "maxspeed": "70", "name": "Ofotbanen", "operator": "Bane NOR", "passenger_lines": "1", "railway": "rail", "tunnel": "yes", "usage": "main", "voltage": "15000", "length_km": 0.289, "maxspeed_kmh": 70.0}}, {"type": "Feature", "geometry": {"type": "LineString", "coordinates": [[17.9668124, 68.3974154], [17.9671318, 68.3973826], [17.9674383, 68.3973473], [17.9677656, 68.3973057], [17.9680802, 68.3972578], [17.9685167, 68.3971786], [17.9688884, 68.3971036], [17.9692556, 68.3970187], [17.9696616, 68.3969138], [17.9700021, 68.3968101], [17.97028, 68.3967163]]}, "properties": {"electrified": "contact_line", "frequency": "16.67", "gauge": "1435", "maxspeed": "40", "name": "Ofotbanen", "operator": "Bane NOR", "passenger_lines": "1", "railway": "rail", "usage": "main", "voltage": "15000", "length_km": 0.164, "maxspeed_kmh": 40.0}}, {"type": "Feature", "geometry": {"type": "LineString", "coordinates": [[17.9920022, 68.3979431], [17.992188, 68.3981386], [17.9927177, 68.3986898], [17.9929024, 68.3989041], [17.9929962, 68.3990404], [17.9930448, 68.3991266], [17.993122, 68.3993052], [17.9931498, 68.3993994], [17.993176, 68.3995517], [17.9931823, 68.3996643], [17.993173, 68.3998934], [17.9931201, 68.4003028], [17.9930368, 68.4006612], [17.9929191, 68.4010162], [17.9928467, 68.4011969], [17.9927221, 68.4014674], [17.992592, 68.4017117], [17.9924859, 68.4018826], [17.992421, 68.4019724], [17.9922714, 68.4021478], [17.9919903, 68.4024129], [17.9909968, 68.4032518], [17.9906749, 68.4035381], [17.9905012, 68.4037032], [17.9902554, 68.4039519], [17.9900271, 68.4042015], [17.989921, 68.4043242], [17.9898184, 68.4044489], [17.9895544, 68.4047936], [17.9893226, 68.4051359], [17.9892176, 68.4053082], [17.9890312, 68.4056556], [17.9889268, 68.4059047], [17.9888877, 68.406065], [17.9888757, 68.4062496], [17.9888839, 68.4063881]]}, "properties": {"electrified": "contact_line", "frequency": "16.67", "gauge": "1435", "maxspeed": "70", "name": "Ofotbanen", "operator": "Bane NOR", "passenger_lines": "1", "railway": "rail", "usage": "main", "voltage": "15000", "length_km": 0.976, "maxspeed_kmh": 70.0}}, {"type": "Feature", "geometry": {"type": "LineString", "coordinates": [[18.0063249, 68.4279137], [18.0067062, 68.4281471], [18.0069065, 68.4282855], [18.0071135, 68.4284464], [18.0073834, 68.4286952], [18.0075386, 68.4288695], [18.0077216, 68.4291306], [18.0077994, 68.4292755], [18.0078482, 68.4293877], [18.0079061, 68.4295663], [18.0079399, 68.4297479], [18.0079486, 68.429925], [18.0079437, 68.4300166], [18.0079139, 68.4302025], [18.0078609, 68.4303783], [18.0078236, 68.4304702], [18.0077746, 68.4305722]]}, "properties": {"electrified": "contact_line", "frequency": "16.67", "gauge": "1435", "maxspeed": "70", "name": "Ofotbanen", "operator": "Bane NOR", "passenger_lines": "1", "railway": "rail", "tunnel": "yes", "usage": "main", "voltage": "15000", "length_km": 0.31, "maxspeed_kmh": 70.0}}, {"type": "Feature", "geometry": {"type": "LineString", "coordinates": [[18.0400899, 68.4430496], [18.0450716, 68.4438188], [18.0455086, 68.4438825], [18.0459935, 68.443942], [18.0464483, 68.4439854], [18.0469136, 68.444018], [18.0471521, 68.4440302], [18.0476293, 68.4440459], [18.0481103, 68.4440501], [18.0485849, 68.4440429], [18.0490056, 68.4440267], [18.0494879, 68.443997], [18.0499705, 68.4439547], [18.0504391, 68.4439011], [18.0506722, 68.4438697], [18.0510588, 68.4438081], [18.0514439, 68.4437388]]}, "properties": {"electrified": "contact_line", "frequency": "16.67", "gauge": "1435", "maxspeed": "70", "name": "Ofotbanen", "operator": "Bane NOR", "passenger_lines": "1", "railway": "rail", "usage": "main", "voltage": "15000", "length_km": 0.492, "maxspeed_kmh": 70.0}}, {"type": "Feature", "geometry": {"type": "LineString", "coordinates": [[18.0530387, 68.4391942], [18.0521253, 68.4386244]]}, "properties": {"electrified": "contact_line", "frequency": "16.67", "gauge": "1435", "maxspeed": "70", "name": "Ofotbanen", "operator": "Bane NOR", "passenger_lines": "1", "railway": "rail", "usage": "main", "voltage": "15000", "length_km": 0.074, "maxspeed_kmh": 70.0}}, {"type": "Feature", "geometry": {"type": "LineString", "coordinates": [[18.0546615, 68.4424888], [18.0547446, 68.4424188]]}, "properties": {"bridge": "yes", "electrified": "contact_line", "frequency": "16.67", "gauge": "1435", "maxspeed": "70", "name": "Ofotbanen", "operator": "Bane NOR", "passenger_lines": "1", "railway": "rail", "usage": "main", "voltage": "15000", "length_km": 0.009, "maxspeed_kmh": 70.0}}, {"type": "Feature", "geometry": {"type": "LineString", "coordinates": [[18.0295093, 68.4419226], [18.029993, 68.4419823], [18.0305162, 68.4420391], [18.0317549, 68.4421613]]}, "properties": {"electrified": "contact_line", "frequency": "16.67", "gauge": "1435", "maxspeed": "70", "name": "Ofotbanen", "operator": "Bane NOR", "passenger_lines": "1", "railway": "rail", "tunnel": "avalanche_protector", "usage": "main", "voltage": "15000", "length_km": 0.096, "maxspeed_kmh": 70.0}}, {"type": "Feature", "geometry": {"type": "LineString", "coordinates": [[18.0540507, 68.4428842], [18.0543011, 68.4427447], [18.0545404, 68.4425845], [18.0546615, 68.4424888]]}, "properties": {"electrified": "contact_line", "frequency": "16.67", "gauge": "1435", "maxspeed": "70", "name": "Ofotbanen", "operator": "Bane NOR", "passenger_lines": "1", "railway": "rail", "usage": "main", "voltage": "15000", "length_km": 0.051, "maxspeed_kmh": 70.0}}, {"type": "Feature", "geometry": {"type": "LineString", "coordinates": [[18.0524326, 68.4435088], [18.0527462, 68.4434175], [18.0529296, 68.4433586], [18.0532747, 68.4432364], [18.0534431, 68.4431706], [18.0537529, 68.4430367]]}, "properties": {"electrified": "contact_line", "frequency": "16.67", "gauge": "1435", "maxspeed": "70", "name": "Ofotbanen", "operator": "Bane NOR", "passenger_lines": "1", "railway": "rail", "tunnel": "yes", "usage": "main", "voltage": "15000", "length_km": 0.076, "maxspeed_kmh": 70.0}}, {"type": "Feature", "geometry": {"type": "LineString", "coordinates": [[18.0547446, 68.4424188], [18.0549297, 68.4422468], [18.0550062, 68.4421607], [18.0551338, 68.4419886], [18.0552326, 68.4418088], [18.0552964, 68.4416308], [18.0553288, 68.4414456], [18.0553319, 68.4413385]]}, "properties": {"electrified": "contact_line", "frequency": "16.67", "gauge": "1435", "maxspeed": "70", "name": "Ofotbanen", "operator": "Bane NOR", "passenger_lines": "1", "railway": "rail", "usage": "main", "voltage": "15000", "length_km": 0.124, "maxspeed_kmh": 70.0}}, {"type": "Feature", "geometry": {"type": "LineString", "coordinates": [[18.0272071, 68.441538], [18.0275795, 68.4416122], [18.0279975, 68.4416897], [18.0284345, 68.4417644], [18.0288629, 68.4418318], [18.0293181, 68.4418971], [18.0295093, 68.4419226]]}, "properties": {"electrified": "contact_line", "frequency": "16.67", "gauge": "1435", "maxspeed": "70", "name": "Ofotbanen", "operator": "Bane NOR", "passenger_lines": "1", "railway": "rail", "usage": "main", "voltage": "15000", "length_km": 0.104, "maxspeed_kmh": 70.0}}, {"type": "Feature", "geometry": {"type": "LineString", "coordinates": [[18.0553319, 68.4413385], [18.0553073, 68.4411329], [18.055251, 68.4409543], [18.0551632, 68.4407794], [18.0550406, 68.4406034], [18.0548894, 68.4404346], [18.0547035, 68.4402656], [18.0545948, 68.4401799], [18.0543799, 68.4400287], [18.0530387, 68.4391942]]}, "properties": {"electrified": "contact_line", "frequency": "16.67", "gauge": "1435", "maxspeed": "70", "name": "Ofotbanen", "operator": "Bane NOR", "passenger_lines": "1", "railway": "rail", "tunnel": "avalanche_protector", "usage": "main", "voltage": "15000", "length_km": 0.261, "maxspeed_kmh": 70.0}}, {"type": "Feature", "geometry": {"type": "LineString", "coordinates": [[18.0521253, 68.4386244], [18.051411, 68.4381771], [18.051167, 68.4380164], [18.0510569, 68.4379363], [18.0508529, 68.4377682], [18.050761, 68.4376803], [18.0506051, 68.4375034], [18.0504826, 68.4373223], [18.0504348, 68.4372319], [18.0503655, 68.437051], [18.0503432, 68.4369575], [18.0503241, 68.4367747], [18.0503389, 68.4365892], [18.0503858, 68.4364114], [18.0504667, 68.4362312], [18.050585, 68.4360482], [18.0506749, 68.4359345]]}, "properties": {"electrified": "contact_line", "frequency": "16.67", "gauge": "1435", "maxspeed": "70", "name": "Ofotbanen", "operator": "Bane NOR", "passenger_lines": "1", "railway": "rail", "tunnel": "avalanche_protector", "usage": "main", "voltage": "15000", "length_km": 0.318, "maxspeed_kmh": 70.0}}, {"type": "Feature", "geometry": {"type": "LineString", "coordinates": [[17.9624346, 68.3973641], [17.9634676, 68.3974152], [17.9643317, 68.3974608], [17.9650085, 68.3974811], [17.9653802, 68.3974812], [17.9657828, 68.3974755]]}, "properties": {"electrified": "contact_line", "frequency": "16.67", "gauge": "1435", "maxspeed": "40", "name": "Ofotbanen", "operator": "Bane NOR", "passenger_lines": "1", "railway": "rail", "usage": "main", "voltage": "15000", "length_km": 0.138, "maxspeed_kmh": 40.0}}, {"type": "Feature", "geometry": {"type": "LineString", "coordinates": [[18.0034496, 68.4348355], [18.0034806, 68.4349444], [18.0035119, 68.4350157], [18.0035497, 68.4351072], [18.0036153, 68.4352253], [18.0036863, 68.435333], [18.00382, 68.435507], [18.0038964, 68.4355904], [18.0040665, 68.4357534], [18.0042655, 68.4359164], [18.0044867, 68.4360739], [18.0047365, 68.4362293], [18.0050134, 68.4363812], [18.0053051, 68.4365227], [18.0054627, 68.4365924], [18.0057841, 68.4367226], [18.0061156, 68.4368426], [18.0066274, 68.4370045], [18.007034, 68.4371168], [18.0076933, 68.4372826], [18.011545, 68.4382216], [18.012105, 68.4383696], [18.0124934, 68.438478], [18.0128008, 68.4385672], [18.0130611, 68.4386452], [18.013608, 68.4388221], [18.0139483, 68.4389493], [18.0141088, 68.439016], [18.0143327, 68.4391173], [18.0145457, 68.4392236], [18.015093, 68.4395192]]}, "properties": {"electrified": "contact_line", "frequency": "16.67", "gauge": "1435", "maxspeed": "70", "name": "Ofotbanen", "operator": "Bane NOR", "passenger_lines": "1", "railway": "rail", "usage": "main", "voltage": "15000", "length_km": 0.733, "maxspeed_kmh": 70.0}}, {"type": "Feature", "geometry": {"type": "LineString", "coordinates": [[18.0199707, 68.4406661], [18.0205697, 68.4406923], [18.0218787, 68.4407209], [18.0222385, 68.4407318], [18.0225621, 68.440746], [18.022798, 68.4407597], [18.0232607, 68.440795], [18.0237046, 68.4408399], [18.0239311, 68.4408671], [18.0243784, 68.4409299], [18.0245922, 68.4409643], [18.0251238, 68.4410629], [18.025505, 68.4411458], [18.0267295, 68.4414349], [18.0272071, 68.441538]]}, "properties": {"electrified": "contact_line", "frequency": "16.67", "gauge": "1435", "maxspeed": "60", "name": "Ofotbanen", "operator": "Bane NOR", "passenger_lines": "1", "railway": "rail", "tunnel": "avalanche_protector", "usage": "main", "voltage": "15000", "length_km": 0.319, "maxspeed_kmh": 60.0}}, {"type": "Feature", "geometry": {"type": "LineString", "coordinates": [[17.950781, 68.3977943], [17.9526973, 68.3976275], [17.9532727, 68.3975706], [17.9533833, 68.3975597], [17.9537746, 68.3975165]]}, "properties": {"electrified": "contact_line", "frequency": "16.67", "gauge": "1435", "maxspeed": "70", "name": "Ofotbanen", "operator": "Bane NOR", "passenger_lines": "1", "railway": "rail", "usage": "main", "voltage": "15000", "length_km": 0.127, "maxspeed_kmh": 70.0}}, {"type": "Feature", "geometry": {"type": "LineString", "coordinates": [[17.9726548, 68.3929316], [17.9728192, 68.3928705], [17.9731243, 68.3927571], [17.9737961, 68.3925137], [17.9741181, 68.3924031], [17.9751638, 68.3920761]]}, "properties": {"electrified": "contact_line", "frequency": "16.67", "gauge": "1435", "maxspeed": "70", "name": "Ofotbanen", "operator": "Bane NOR", "passenger_lines": "1", "railway": "rail", "usage": "main", "voltage": "15000", "length_km": 0.141, "maxspeed_kmh": 70.0}}, {"type": "Feature", "geometry": {"type": "LineString", "coordinates": [[17.9537746, 68.3975165], [17.954216, 68.3974602], [17.9548458, 68.3973712], [17.9554758, 68.3972717], [17.9601107, 68.3965019], [17.9610001, 68.3963508], [17.9617676, 68.3962118], [17.9628005, 68.3960085], [17.9636974, 68.3958153], [17.9645829, 68.3956087], [17.965361, 68.395413], [17.9661591, 68.3951976], [17.9670085, 68.3949509], [17.9677273, 68.3947269], [17.9684623, 68.3944821], [17.969019, 68.3942851], [17.9694896, 68.3941122], [17.9726548, 68.3929316]]}, "properties": {"electrified": "contact_line", "frequency": "16.67", "gauge": "1435", "maxspeed": "70", "name": "Ofotbanen", "operator": "Bane NOR", "passenger_lines": "1", "railway": "rail", "tunnel": "yes", "usage": "main", "voltage": "15000", "length_km": 0.941, "maxspeed_kmh": 70.0}}, {"type": "Feature", "geometry": {"type": "LineString", "coordinates": [[18.0775681, 68.431316], [18.0781553, 68.4312586], [18.0794291, 68.4311351], [18.0800286, 68.4310721], [18.0805969, 68.4310073], [18.0811292, 68.4309405], [18.081732, 68.4308587], [18.0822805, 68.4307771], [18.0828508, 68.4306862], [18.0833904, 68.4305934], [18.0839445, 68.4304917], [18.0842671, 68.4304275], [18.084798, 68.4303157], [18.0854213, 68.4301698], [18.085913, 68.4300426], [18.0862875, 68.4299448], [18.0867312, 68.4298304], [18.0869606, 68.4297769], [18.0872233, 68.4297155], [18.0875299, 68.429654], [18.0877559, 68.4296116], [18.0880446, 68.4295626], [18.0883533, 68.4295163], [18.0886086, 68.4294831], [18.0889379, 68.4294446], [18.0892314, 68.4294159], [18.0894893, 68.4293945], [18.0897986, 68.4293719], [18.0901106, 68.429354], [18.0903939, 68.4293438], [18.0906816, 68.4293345], [18.0909812, 68.4293328], [18.0912379, 68.4293324], [18.0914991, 68.4293352]]}, "properties": {"electrified": "contact_line", "frequency": "16.67", "gauge": "1435", "maxspeed": "70", "name": "Ofotbanen", "operator": "Bane NOR", "railway": "rail", "usage": "main", "voltage": "15000", "length_km": 0.621, "maxspeed_kmh": 70.0}}, {"type": "Feature", "geometry": {"type": "LineString", "coordinates": [[17.9624457, 68.3972906], [17.9630274, 68.3973266], [17.9641005, 68.3974041], [17.9645801, 68.3974312], [17.9649356, 68.3974436], [17.9653097, 68.397445], [17.9657751, 68.3974372], [17.9661809, 68.3974187], [17.9666697, 68.3973846], [17.9671535, 68.397338], [17.9673892, 68.3973104], [17.9676244, 68.3972798], [17.9680821, 68.3972102], [17.9685216, 68.3971303], [17.9689408, 68.3970408], [17.9693371, 68.3969429], [17.9695325, 68.3968893], [17.9699034, 68.3967764], [17.9701906, 68.3966785]]}, "properties": {"electrified": "contact_line", "frequency": "16.67", "gauge": "1435", "maxspeed": "40", "name": "Ofotbanen", "operator": "Bane NOR", "railway": "rail", "service": "siding", "voltage": "15000", "length_km": 0.342, "maxspeed_kmh": 40.0}}, {"type": "Feature", "geometry": {"type": "LineString", "coordinates": [[17.815375, 68.3983391], [17.814959, 68.3984065], [17.8145586, 68.3984694], [17.8139572, 68.3985562], [17.8135771, 68.398612], [17.81326, 68.3986589], [17.812917, 68.3987163], [17.8125736, 68.3987844], [17.8123007, 68.3988374], [17.8119049, 68.3989208], [17.8115734, 68.3989993], [17.811118, 68.3991195], [17.8106626, 68.3992431], [17.8102064, 68.3993665], [17.8097726, 68.3994886], [17.8092852, 68.3996237], [17.8078613, 68.4000077], [17.807514, 68.4000965], [17.8071192, 68.4001925], [17.8066306, 68.4003064], [17.8058394, 68.4004785], [17.8027093, 68.4011028], [17.8015731, 68.4013281], [17.8004496, 68.4015538], [17.7993035, 68.4017845], [17.7986455, 68.4019132], [17.7978791, 68.4020705], [17.7972184, 68.4022149], [17.7967134, 68.4023323], [17.7961967, 68.4024565], [17.7941061, 68.40298], [17.7935134, 68.4031284], [17.7932487, 68.4031898], [17.7928194, 68.403289], [17.7924003, 68.4033788], [17.7919073, 68.4034749], [17.7913506, 68.4035723], [17.7909272, 68.403638], [17.7905351, 68.4036943], [17.7901452, 68.403745], [17.7896557, 68.4038041], [17.7891666, 68.4038552], [17.7886708, 68.4038997], [17.7882955, 68.4039303], [17.7879115, 68.4039562]]}, "properties": {"electrified": "contact_line", "frequency": "16.67", "gauge": "1435", "maxspeed": "40", "name": "Ofotbanen", "operator": "Bane NOR", "railway": "rail", "service": "siding", "voltage": "15000", "length_km": 1.298, "maxspeed_kmh": 40.0}}, {"type": "Feature", "geometry": {"type": "LineString", "coordinates": [[17.7854861, 68.4040741], [17.7872723, 68.40396], [17.7878006, 68.4039259], [17.7882448, 68.4038923], [17.7888372, 68.4038411], [17.7891325, 68.4038128], [17.7896211, 68.4037599], [17.7901057, 68.4037038], [17.7904998, 68.4036518], [17.7908918, 68.4035961], [17.7913409, 68.403526], [17.7918075, 68.4034454], [17.7921326, 68.4033841], [17.7925586, 68.4032974], [17.7931725, 68.4031546], [17.7940383, 68.4029393], [17.7962901, 68.4023695], [17.7966462, 68.4022838], [17.7968001, 68.4022472], [17.7971227, 68.402174], [17.7973196, 68.4021304], [17.797955, 68.4019978], [17.8045839, 68.4006755], [17.8054379, 68.4004982], [17.8062726, 68.4003135], [17.8071951, 68.4000961], [17.808, 68.3998943], [17.8114888, 68.3989663], [17.8119059, 68.398864], [17.8122281, 68.3987916], [17.8129085, 68.39865], [17.8134496, 68.3985476], [17.8140011, 68.398453], [17.814562, 68.3983661], [17.8149139, 68.3983148], [17.8152748, 68.3982678], [17.8157089, 68.3982166], [17.8180302, 68.3979539]]}, "properties": {"electrified": "contact_line", "frequency": "16.67", "gauge": "1435", "maxspeed": "70", "name": "Ofotbanen", "operator": "Bane NOR", "railway": "rail", "usage": "main", "voltage": "15000", "length_km": 1.515, "maxspeed_kmh": 70.0}}, {"type": "Feature", "geometry": {"type": "LineString", "coordinates": [[17.6431746, 68.4378193], [17.643587, 68.4377506], [17.6438993, 68.4377016], [17.6444106, 68.437628], [17.6446436, 68.4375935], [17.644945, 68.4375445], [17.6450458, 68.4375267], [17.6452524, 68.4374904], [17.6458274, 68.4373796], [17.6461989, 68.4372983], [17.6465225, 68.4372243], [17.6483731, 68.436785], [17.6487204, 68.4367027], [17.6490049, 68.4366285], [17.6493369, 68.4365347], [17.6496398, 68.4364412], [17.6499481, 68.4363335], [17.6502677, 68.4362105], [17.6505376, 68.4360909], [17.6508493, 68.4359333], [17.6512662, 68.4357129], [17.6520842, 68.4352298], [17.6524089, 68.4350795], [17.6529496, 68.4348436], [17.6536072, 68.4345867], [17.6544289, 68.434332], [17.6547222, 68.4342478], [17.6550293, 68.4341661], [17.6563516, 68.4338338], [17.6574979, 68.4335534], [17.6583884, 68.4333357], [17.658886, 68.4332143], [17.6591869, 68.4331349], [17.6595668, 68.4330244], [17.6598957, 68.432917], [17.6602325, 68.4327937], [17.6605428, 68.4326771], [17.6607693, 68.4326003], [17.6611588, 68.4324747]]}, "properties": {"electrified": "contact_line", "frequency": "16.67", "gauge": "1435", "maxspeed": "40", "name": "Ofotbanen", "operator": "Bane NOR", "railway": "rail", "service": "siding", "voltage": "15000", "length_km": 0.962, "maxspeed_kmh": 40.0}}, {"type": "Feature", "geometry": {"type": "LineString", "coordinates": [[17.8256401, 68.3962671], [17.826043, 68.3960929], [17.8263247, 68.3959846], [17.8266837, 68.3958628], [17.8270503, 68.3957535], [17.8272421, 68.3957018], [17.8274361, 68.3956532], [17.8278125, 68.395568]]}, "properties": {"electrified": "contact_line", "frequency": "16.67", "gauge": "1435", "maxspeed": "70", "name": "Ofotbanen", "operator": "Bane NOR", "passenger_lines": "1", "railway": "rail", "tunnel": "yes", "usage": "main", "voltage": "15000", "length_km": 0.119, "maxspeed_kmh": 70.0}}, {"type": "Feature", "geometry": {"type": "LineString", "coordinates": [[17.8278125, 68.395568], [17.8282782, 68.3954775], [17.8287282, 68.3954047], [17.8289929, 68.3953672], [17.829409, 68.3953185], [17.8296443, 68.3952949], [17.8301358, 68.3952555], [17.8306359, 68.3952285], [17.8311131, 68.3952148], [17.8316027, 68.3952129], [17.831845, 68.3952165], [17.8323227, 68.3952324], [17.8325492, 68.395244], [17.8330095, 68.395276], [17.8334704, 68.3953196], [17.8339319, 68.3953752], [17.8344341, 68.3954506], [17.8346497, 68.3954881], [17.8350717, 68.3955711], [17.8355001, 68.3956697], [17.8359083, 68.3957786], [17.8362885, 68.3958953], [17.8366542, 68.3960243], [17.8368273, 68.3960921], [17.8371361, 68.3962257], [17.8374222, 68.3963673], [17.8376848, 68.3965169], [17.8379193, 68.3966724], [17.8381204, 68.3968288], [17.8382965, 68.3969925], [17.8384454, 68.3971622], [17.838567, 68.3973401], [17.8386162, 68.397431], [17.8386873, 68.3976121], [17.8387232, 68.3977691], [17.8387491, 68.3980243], [17.8387442, 68.3982847], [17.8387093, 68.3985474], [17.8386706, 68.3987188], [17.8385779, 68.3990025], [17.8384176, 68.399411], [17.8383723, 68.3995653], [17.838347, 68.3997523], [17.838347, 68.3998367], [17.838369, 68.4000062], [17.8384202, 68.4001782], [17.8384989, 68.4003439], [17.8386065, 68.4005087], [17.8386737, 68.4005933], [17.8388239, 68.4007541], [17.8390038, 68.4009128], [17.8392152, 68.4010701], [17.8394403, 68.4012137], [17.8395761, 68.4012918], [17.8398537, 68.4014352], [17.8401771, 68.4015799], [17.8405201, 68.4017135], [17.8407029, 68.4017777], [17.8411361, 68.4019145], [17.8417297, 68.4020737], [17.8458138, 68.4030815], [17.8464019, 68.4032306], [17.8469651, 68.4033899], [17.8473375, 68.403507], [17.8476786, 68.403623], [17.8481783, 68.4038092], [17.8486645, 68.4040111], [17.8489817, 68.4041559], [17.8501173, 68.4047266], [17.850358, 68.4048425], [17.8507102, 68.4050025], [17.851024, 68.4051358], [17.851364, 68.4052714], [17.8518311, 68.4054456], [17.8520939, 68.4055411]]}, "properties": {"electrified": "contact_line", "frequency": "16.67", "gauge": "1435", "maxspeed": "70", "name": "Ofotbanen", "operator": "Bane NOR", "passenger_lines": "1", "railway": "rail", "usage": "main", "voltage": "15000", "length_km": 1.721, "maxspeed_kmh": 70.0}}, {"type": "Feature", "geometry": {"type": "LineString", "coordinates": [[17.8565383, 68.4078849], [17.8567577, 68.4079709], [17.8569245, 68.4080318], [17.8572672, 68.4081461], [17.8576814, 68.4082672], [17.8581602, 68.408388], [17.8586667, 68.4085023], [17.8591903, 68.408613], [17.8600378, 68.408778], [17.8605393, 68.4088674]]}, "properties": {"electrified": "contact_line", "frequency": "16.67", "gauge": "1435", "maxspeed": "70", "name": "Ofotbanen", "operator": "Bane NOR", "passenger_lines": "1", "railway": "rail", "tunnel": "avalanche_protector", "usage": "main", "voltage": "15000", "length_km": 0.199, "maxspeed_kmh": 70.0}}, {"type": "Feature", "geometry": {"type": "LineString", "coordinates": [[18.0035654, 68.4339697], [18.0035137, 68.4340792], [18.0034739, 68.4341933], [18.0034421, 68.4343137], [18.0034214, 68.4344564], [18.0034194, 68.4345779], [18.0034292, 68.4347231], [18.0034496, 68.4348355]]}, "properties": {"bridge": "yes", "electrified": "contact_line", "frequency": "16.67", "gauge": "1435", "maxspeed": "70", "name": "Ofotbanen", "operator": "Bane NOR", "passenger_lines": "1", "railway": "rail", "usage": "main", "voltage": "15000", "length_km": 0.097, "maxspeed_kmh": 70.0}}, {"type": "Feature", "geometry": {"type": "LineString", "coordinates": [[18.0054698, 68.4324149], [18.0049468, 68.4327326], [18.004585, 68.432959], [18.0042427, 68.433199], [18.0040513, 68.4333581], [18.0038803, 68.4335245], [18.0037398, 68.4337021], [18.0036294, 68.4338506], [18.0035654, 68.4339697]]}, "properties": {"electrified": "contact_line", "frequency": "16.67", "gauge": "1435", "maxspeed": "70", "name": "Ofotbanen", "operator": "Bane NOR", "passenger_lines": "1", "railway": "rail", "usage": "main", "voltage": "15000", "length_km": 0.192, "maxspeed_kmh": 70.0}}, {"type": "Feature", "geometry": {"type": "LineString", "coordinates": [[18.0776521, 68.4314018], [18.0790168, 68.4312708], [18.0796625, 68.4312077], [18.0803503, 68.4311351], [18.0810321, 68.4310504], [18.0816702, 68.4309659], [18.0822571, 68.4308814], [18.0829064, 68.4307763], [18.0836022, 68.4306552], [18.0843719, 68.4305082], [18.0847538, 68.4304289], [18.0851917, 68.4303349], [18.0856373, 68.4302324], [18.0859881, 68.4301484], [18.0865969, 68.4299938], [18.0870015, 68.4298926], [18.0873469, 68.4298119], [18.0877101, 68.4297405], [18.0880634, 68.4296782], [18.0884434, 68.4296214], [18.0888551, 68.4295674], [18.0892905, 68.4295207], [18.0896276, 68.4294924], [18.089976, 68.4294675], [18.0903496, 68.4294484], [18.0906769, 68.4294364], [18.0910349, 68.429431], [18.0914853, 68.42943]]}, "properties": {"electrified": "contact_line", "frequency": "16.67", "gauge": "1435", "maxspeed": "40", "name": "Ofotbanen", "operator": "Bane NOR", "passenger_lines": "1", "railway": "rail", "service": "siding", "voltage": "15000", "length_km": 0.616, "maxspeed_kmh": 40.0}}, {"type": "Feature", "geometry": {"type": "LineString", "coordinates": [[17.4502683, 68.4416394], [17.4505204, 68.4416723], [17.4509821, 68.441744], [17.4512109, 68.4417864], [17.4514212, 68.4418287], [17.4518483, 68.4419282], [17.452247, 68.4420383], [17.4524271, 68.4420947], [17.4527116, 68.4421958], [17.453213, 68.4423734]]}, "properties": {"electrified": "contact_line", "frequency": "16.67", "gauge": "1435", "maxspeed": "40", "name": "Ofotbanen", "operator": "Bane NOR", "passenger_lines": "1", "railway": "rail", "usage": "main", "voltage": "15000", "length_km": 0.148, "maxspeed_kmh": 40.0}}, {"type": "Feature", "geometry": {"type": "LineString", "coordinates": [[18.0577884, 68.4340487], [18.0584196, 68.4340184], [18.0593605, 68.4339584], [18.0598411, 68.433919], [18.0603292, 68.4338724], [18.060808, 68.4338198], [18.061283, 68.4337613], [18.0617378, 68.4336996], [18.0622004, 68.4336303], [18.0624306, 68.433593], [18.0630472, 68.4334827], [18.0634891, 68.4333959], [18.063919, 68.4333116], [18.0639754, 68.4333005], [18.0645538, 68.4331776]]}, "properties": {"electrified": "contact_line", "frequency": "16.67", "gauge": "1435", "maxspeed": "70", "name": "Ofotbanen", "operator": "Bane NOR", "passenger_lines": "1", "railway": "rail", "tunnel": "avalanche_protector", "usage": "main", "voltage": "15000", "length_km": 0.297, "maxspeed_kmh": 70.0}}, {"type": "Feature", "geometry": {"type": "LineString", "coordinates": [[17.6428829, 68.4378703], [17.6431746, 68.4378193], [17.6436106, 68.4377412], [17.6450253, 68.437488], [17.6453727, 68.4374235], [17.6457687, 68.4373436], [17.64616, 68.4372569], [17.6464702, 68.4371851], [17.6483076, 68.4367512], [17.6486557, 68.4366672], [17.6489343, 68.4365925], [17.6492495, 68.4365038], [17.6495458, 68.4364086], [17.6498539, 68.4363004], [17.6501534, 68.436184], [17.650437, 68.4360548], [17.6507337, 68.4359093], [17.6519287, 68.4352377], [17.652084, 68.4351609], [17.6524079, 68.4349915], [17.6528915, 68.4347853], [17.653413, 68.434595], [17.6537792, 68.4344718], [17.6543452, 68.4342965], [17.6547353, 68.4341865], [17.6550335, 68.4341082], [17.6562847, 68.4338004], [17.6588209, 68.4331776], [17.6591473, 68.4330914], [17.6594964, 68.4329907], [17.6599177, 68.4328627], [17.6611588, 68.4324747]]}, "properties": {"electrified": "contact_line", "frequency": "16.67", "gauge": "1435", "maxspeed": "60", "name": "Ofotbanen", "operator": "Bane NOR", "passenger_lines": "1", "railway": "rail", "usage": "main", "voltage": "15000", "length_km": 0.974, "maxspeed_kmh": 60.0}}, {"type": "Feature", "geometry": {"type": "LineString", "coordinates": [[18.065888, 68.4329392], [18.0655065, 68.4330027], [18.0650961, 68.4330746], [18.0648257, 68.4331257], [18.0645538, 68.4331776]]}, "properties": {"electrified": "contact_line", "frequency": "16.67", "gauge": "1435", "maxspeed": "40", "name": "Ofotbanen", "operator": "Bane NOR", "passenger_lines": "1", "railway": "rail", "service": "siding", "tunnel": "avalanche_protector", "voltage": "15000", "length_km": 0.061, "maxspeed_kmh": 40.0}}, {"type": "Feature", "geometry": {"type": "LineString", "coordinates": [[18.0963366, 68.4297793], [18.0968081, 68.4298372], [18.0973925, 68.4299247], [18.0987529, 68.430165], [18.0990663, 68.4302128]]}, "properties": {"electrified": "contact_line", "frequency": "16.67", "gauge": "1435", "maxspeed": "70", "name": "Ofotbanen", "operator": "Bane NOR", "passenger_lines": "1", "railway": "rail", "usage": "main", "voltage": "15000", "length_km": 0.122, "maxspeed_kmh": 70.0}}, {"type": "Feature", "geometry": {"type": "LineString", "coordinates": [[18.0953495, 68.4296723], [18.0963366, 68.4297793]]}, "properties": {"electrified": "contact_line", "frequency": "16.67", "gauge": "1435", "maxspeed": "70", "name": "Ofotbanen", "operator": "Bane NOR", "passenger_lines": "1", "railway": "rail", "tunnel": "avalanche_protector", "usage": "main", "voltage": "15000", "length_km": 0.042, "maxspeed_kmh": 70.0}}, {"type": "Feature", "geometry": {"type": "LineString", "coordinates": [[18.0914853, 68.42943], [18.0916574, 68.4294338], [18.0919815, 68.429441], [18.0925646, 68.4294687], [18.0932467, 68.4295071], [18.0936017, 68.429526], [18.0940854, 68.4295614], [18.0946004, 68.4296048], [18.0953495, 68.4296723]]}, "properties": {"electrified": "contact_line", "frequency": "16.67", "gauge": "1435", "maxspeed": "40", "name": "Ofotbanen", "operator": "Bane NOR", "passenger_lines": "1", "railway": "rail", "service": "siding", "tunnel": "avalanche_protector", "usage": "main", "voltage": "15000", "length_km": 0.161, "maxspeed_kmh": 40.0}}, {"type": "Feature", "geometry": {"type": "LineString", "coordinates": [[18.0914945, 68.4293819], [18.0912396, 68.4293801], [18.0909825, 68.4293782], [18.0907133, 68.4293804], [18.090418, 68.429388], [18.0901361, 68.429398], [18.0898385, 68.4294139], [18.0895016, 68.4294367], [18.0892526, 68.4294582], [18.0889661, 68.4294872], [18.088676, 68.4295229], [18.0883981, 68.4295585], [18.0881161, 68.4296022], [18.087841, 68.4296492], [18.0875805, 68.429697], [18.0873449, 68.4297479], [18.0870475, 68.4298135], [18.0868059, 68.4298738], [18.0865381, 68.4299456], [18.0862554, 68.430021], [18.0859952, 68.4300878], [18.0856808, 68.4301668], [18.0853596, 68.4302433], [18.0848636, 68.4303537], [18.0843177, 68.4304682], [18.0839959, 68.4305325], [18.0834095, 68.4306414], [18.0829034, 68.4307282], [18.0823311, 68.4308233], [18.081779, 68.4309055], [18.0812083, 68.4309826], [18.0806318, 68.4310564], [18.080038, 68.4311252], [18.0794645, 68.4311836], [18.0788094, 68.4312482], [18.0781954, 68.4313074], [18.0775533, 68.4313689]]}, "properties": {"electrified": "contact_line", "frequency": "16.67", "gauge": "1435", "maxspeed": "40", "name": "Ofotbanen", "operator": "Bane NOR", "railway": "rail", "service": "siding", "voltage": "15000", "length_km": 0.622, "maxspeed_kmh": 40.0}}, {"type": "Feature", "geometry": {"type": "LineString", "coordinates": [[18.0914945, 68.4293819], [18.0916719, 68.4293867], [18.0919268, 68.4293935], [18.0923849, 68.4294145], [18.0930415, 68.4294476], [18.0936395, 68.4294857]]}, "properties": {"electrified": "contact_line", "frequency": "16.67", "gauge": "1435", "maxspeed": "40", "name": "Ofotbanen", "operator": "Bane NOR", "railway": "rail", "service": "siding", "tunnel": "avalanche_protector", "voltage": "15000", "length_km": 0.089, "maxspeed_kmh": 40.0}}, {"type": "Feature", "geometry": {"type": "LineString", "coordinates": [[18.0914991, 68.4293352], [18.0916838, 68.4293394], [18.0918972, 68.4293459], [18.0923899, 68.429371], [18.0925837, 68.4293832], [18.0928822, 68.4294082], [18.0933926, 68.429458], [18.0936395, 68.4294857]]}, "properties": {"electrified": "contact_line", "frequency": "16.67", "gauge": "1435", "maxspeed": "70", "name": "Ofotbanen", "operator": "Bane NOR", "railway": "rail", "tunnel": "avalanche_protector", "usage": "main", "voltage": "15000", "length_km": 0.09, "maxspeed_kmh": 70.0}}, {"type": "Feature", "geometry": {"type": "LineString", "coordinates": [[18.0990663, 68.4302128], [18.0992755, 68.4302409], [18.0995676, 68.4302785], [18.0998084, 68.4303051], [18.1002946, 68.4303495], [18.1006571, 68.430375], [18.1011464, 68.430399], [18.1015601, 68.4304105], [18.1018086, 68.4304134], [18.1024301, 68.430408], [18.1026782, 68.4304007], [18.1030478, 68.4303841], [18.1036633, 68.4303419], [18.1041427, 68.4302956], [18.1047306, 68.4302215], [18.105191, 68.43015], [18.1057144, 68.4300549], [18.1057429, 68.4300498]]}, "properties": {"electrified": "contact_line", "frequency": "16.67", "gauge": "1435", "maxspeed": "70", "name": "Ofotbanen", "operator": "Bane NOR", "passenger_lines": "1", "railway": "rail", "tunnel": "avalanche_protector", "usage": "main", "voltage": "15000", "length_km": 0.284, "maxspeed_kmh": 70.0}}, {"type": "Feature", "geometry": {"type": "LineString", "coordinates": [[18.0682225, 68.4325743], [18.0685138, 68.4325239], [18.0688667, 68.4324676], [18.0695515, 68.4323599], [18.0705082, 68.4322184], [18.0713621, 68.4320984], [18.0722305, 68.4319842]]}, "properties": {"electrified": "contact_line", "frequency": "16.67", "gauge": "1435", "maxspeed": "40", "name": "Ofotbanen", "operator": "Bane NOR", "passenger_lines": "1", "railway": "rail", "service": "siding", "voltage": "15000", "length_km": 0.177, "maxspeed_kmh": 40.0}}, {"type": "Feature", "geometry": {"type": "LineString", "coordinates": [[18.0664421, 68.4328423], [18.065888, 68.4329392]]}, "properties": {"electrified": "contact_line", "frequency": "16.67", "gauge": "1435", "maxspeed": "40", "name": "Ofotbanen", "operator": "Bane NOR", "railway": "rail", "service": "siding", "tunnel": "avalanche_protector", "voltage": "15000", "length_km": 0.025, "maxspeed_kmh": 40.0}}, {"type": "Feature", "geometry": {"type": "LineString", "coordinates": [[18.0664615, 68.4328565], [18.0671172, 68.4327621], [18.0682225, 68.4325743]]}, "properties": {"electrified": "contact_line", "frequency": "16.67", "gauge": "1435", "maxspeed": "40", "name": "Ofotbanen", "operator": "Bane NOR", "passenger_lines": "1", "railway": "rail", "service": "siding", "voltage": "15000", "length_km": 0.079, "maxspeed_kmh": 40.0}}, {"type": "Feature", "geometry": {"type": "LineString", "coordinates": [[18.065888, 68.4329392], [18.0664615, 68.4328565]]}, "properties": {"electrified": "contact_line", "frequency": "16.67", "gauge": "1435", "maxspeed": "40", "name": "Ofotbanen", "operator": "Bane NOR", "passenger_lines": "1", "railway": "rail", "service": "siding", "tunnel": "avalanche_protector", "usage": "main", "voltage": "15000", "length_km": 0.025, "maxspeed_kmh": 40.0}}, {"type": "Feature", "geometry": {"type": "LineString", "coordinates": [[18.0645538, 68.4331776], [18.0662065, 68.4328307], [18.066372, 68.432798]]}, "properties": {"electrified": "contact_line", "frequency": "16.67", "gauge": "1435", "maxspeed": "70", "name": "Ofotbanen", "operator": "Bane NOR", "railway": "rail", "tunnel": "avalanche_protector", "usage": "main", "voltage": "15000", "length_km": 0.086, "maxspeed_kmh": 70.0}}, {"type": "Feature", "geometry": {"type": "LineString", "coordinates": [[18.0506749, 68.4359345], [18.0507353, 68.4358721], [18.0509231, 68.4356957], [18.0511388, 68.4355284], [18.0513836, 68.4353673], [18.0516593, 68.4352127], [18.0519622, 68.4350663], [18.0521245, 68.4349958], [18.0524782, 68.4348574], [18.0528464, 68.4347321], [18.0532284, 68.4346187], [18.0536388, 68.4345128], [18.0538501, 68.4344639], [18.0542827, 68.4343749], [18.0547353, 68.4342961], [18.0549986, 68.4342608], [18.0553224, 68.4342174], [18.0556624, 68.4341776], [18.0561438, 68.4341344], [18.0564735, 68.4341097], [18.0569779, 68.4340828], [18.0577884, 68.4340487]]}, "properties": {"electrified": "contact_line", "frequency": "16.67", "gauge": "1435", "maxspeed": "70", "name": "Ofotbanen", "operator": "Bane NOR", "passenger_lines": "1", "railway": "rail", "usage": "main", "voltage": "15000", "length_km": 0.384, "maxspeed_kmh": 70.0}}, {"type": "Feature", "geometry": {"type": "LineString", "coordinates": [[18.015093, 68.4395192], [18.0153785, 68.439663], [18.0156868, 68.4397989], [18.0160157, 68.4399256], [18.0161877, 68.4399859], [18.0165511, 68.4401012], [18.0169397, 68.440209], [18.0171392, 68.4402588], [18.0174964, 68.4403386], [18.01778, 68.4403967], [18.0182149, 68.4404729], [18.018668, 68.440539], [18.0189016, 68.4405682], [18.0193756, 68.440618], [18.0196649, 68.4406437], [18.0199707, 68.4406661]]}, "properties": {"electrified": "contact_line", "frequency": "16.67", "gauge": "1435", "maxspeed": "60", "name": "Ofotbanen", "operator": "Bane NOR", "passenger_lines": "1", "railway": "rail", "usage": "main", "voltage": "15000", "length_km": 0.244, "maxspeed_kmh": 60.0}}, {"type": "Feature", "geometry": {"type": "LineString", "coordinates": [[18.007576, 68.4308776], [18.0073882, 68.4310939], [18.007218, 68.4312584], [18.0070165, 68.4314276], [18.006823, 68.4315709], [18.0064677, 68.4318043], [18.0063041, 68.4319051]]}, "properties": {"electrified": "contact_line", "frequency": "16.67", "gauge": "1435", "maxspeed": "70", "name": "Ofotbanen", "operator": "Bane NOR", "passenger_lines": "1", "railway": "rail", "usage": "main", "voltage": "15000", "length_km": 0.126, "maxspeed_kmh": 70.0}}, {"type": "Feature", "geometry": {"type": "LineString", "coordinates": [[18.0063041, 68.4319051], [18.0054698, 68.4324149]]}, "properties": {"bridge": "yes", "electrified": "contact_line", "frequency": "16.67", "gauge": "1435", "maxspeed": "70", "name": "Ofotbanen", "operator": "Bane NOR", "passenger_lines": "1", "railway": "rail", "usage": "main", "voltage": "15000", "length_km": 0.066, "maxspeed_kmh": 70.0}}, {"type": "Feature", "geometry": {"type": "LineString", "coordinates": [[17.9937252, 68.4146485], [17.9938806, 68.4147358], [17.9940181, 68.4148097], [17.9943137, 68.4149527], [17.9946243, 68.4150851], [17.9949684, 68.4152148], [17.995293, 68.4153307]]}, "properties": {"electrified": "contact_line", "frequency": "16.67", "gauge": "1435", "maxspeed": "70", "name": "Ofotbanen", "operator": "Bane NOR", "passenger_lines": "1", "railway": "rail", "tunnel": "avalanche_protector", "usage": "main", "voltage": "15000", "length_km": 0.1, "maxspeed_kmh": 70.0}}, {"type": "Feature", "geometry": {"type": "LineString", "coordinates": [[17.9914739, 68.4099585], [17.991488, 68.4103403]]}, "properties": {"electrified": "contact_line", "frequency": "16.67", "gauge": "1435", "maxspeed": "70", "name": "Ofotbanen", "operator": "Bane NOR", "passenger_lines": "1", "railway": "rail", "usage": "main", "voltage": "15000", "length_km": 0.043, "maxspeed_kmh": 70.0}}, {"type": "Feature", "geometry": {"type": "LineString", "coordinates": [[17.9912442, 68.4091587], [17.9912885, 68.4092481], [17.9913424, 68.409379], [17.9913922, 68.4095276], [17.9914378, 68.4097071], [17.9914739, 68.4099585]]}, "properties": {"electrified": "contact_line", "frequency": "16.67", "gauge": "1435", "maxspeed": "70", "name": "Ofotbanen", "operator": "Bane NOR", "passenger_lines": "1", "railway": "rail", "tunnel": "avalanche_protector", "usage": "main", "voltage": "15000", "length_km": 0.09, "maxspeed_kmh": 70.0}}, {"type": "Feature", "geometry": {"type": "LineString", "coordinates": [[17.9711934, 68.3962615], [17.9707011, 68.3965365]]}, "properties": {"electrified": "contact_line", "frequency": "16.67", "gauge": "1435", "maxspeed": "40", "name": "Ofotbanen", "operator": "Bane NOR", "passenger_lines": "1", "railway": "rail", "tunnel": "yes", "usage": "main", "voltage": "15000", "length_km": 0.037, "maxspeed_kmh": 40.0}}, {"type": "Feature", "geometry": {"type": "LineString", "coordinates": [[17.9706127, 68.3965119], [17.9709944, 68.3963448], [17.9711934, 68.3962615]]}, "properties": {"frequency": "16.67", "gauge": "1435", "maxspeed": "40", "name": "Ofotbanen", "operator": "Bane NOR", "railway": "rail", "service": "siding", "tunnel": "yes", "voltage": "15000", "length_km": 0.037, "maxspeed_kmh": 40.0}}, {"type": "Feature", "geometry": {"type": "LineString", "coordinates": [[17.9558451, 68.3975261], [17.9585416, 68.3973339], [17.9591703, 68.397296], [17.9599401, 68.3972782], [17.9605785, 68.3972831], [17.9617184, 68.3973325]]}, "properties": {"electrified": "contact_line", "frequency": "16.67", "gauge": "1435", "maxspeed": "40", "name": "Ofotbanen", "operator": "Bane NOR", "passenger_lines": "1", "railway": "rail", "tunnel": "yes", "usage": "main", "voltage": "15000", "length_km": 0.244, "maxspeed_kmh": 40.0}}, {"type": "Feature", "geometry": {"type": "LineString", "coordinates": [[17.950781, 68.3977943], [17.9512023, 68.3977606], [17.9515127, 68.3977403], [17.9518257, 68.3977223], [17.9521888, 68.397706], [17.9524919, 68.3976948], [17.953745, 68.397662], [17.9542086, 68.3976415], [17.9546638, 68.3976142], [17.9550168, 68.3975919]]}, "properties": {"electrified": "contact_line", "frequency": "16.67", "gauge": "1435", "maxspeed": "40", "name": "Ofotbanen", "operator": "Bane NOR", "passenger_lines": "1", "railway": "rail", "usage": "main", "voltage": "15000", "length_km": 0.176, "maxspeed_kmh": 40.0}}, {"type": "Feature", "geometry": {"type": "LineString", "coordinates": [[17.9728765, 68.3932014], [17.9729826, 68.393105], [17.9731396, 68.3929855], [17.9731906, 68.3929467], [17.973382, 68.3928266], [17.9735857, 68.3927077], [17.9738081, 68.3925927], [17.9741002, 68.3924603], [17.9745613, 68.3922785], [17.9748361, 68.3921827], [17.9751638, 68.3920761]]}, "properties": {"electrified": "contact_line", "frequency": "16.67", "gauge": "1435", "maxspeed": "40", "name": "Ofotbanen", "operator": "Bane NOR", "passenger_lines": "1", "railway": "rail", "usage": "main", "voltage": "15000", "length_km": 0.158, "maxspeed_kmh": 40.0}}, {"type": "Feature", "geometry": {"type": "LineString", "coordinates": [[17.8553883, 68.4072802], [17.8555041, 68.4073523], [17.8556961, 68.4074723], [17.8560012, 68.40764], [17.8561418, 68.4077096], [17.8564359, 68.4078424], [17.8565383, 68.4078849]]}, "properties": {"electrified": "contact_line", "frequency": "16.67", "gauge": "1435", "maxspeed": "70", "name": "Ofotbanen", "operator": "Bane NOR", "passenger_lines": "1", "railway": "rail", "tunnel": "yes", "usage": "main", "voltage": "15000", "length_km": 0.083, "maxspeed_kmh": 70.0}}, {"type": "Feature", "geometry": {"type": "LineString", "coordinates": [[17.8549236, 68.4069535], [17.8553883, 68.4072802]]}, "properties": {"electrified": "contact_line", "frequency": "16.67", "gauge": "1435", "maxspeed": "70", "name": "Ofotbanen", "operator": "Bane NOR", "passenger_lines": "1", "railway": "rail", "tunnel": "avalanche_protector", "usage": "main", "voltage": "15000", "length_km": 0.041, "maxspeed_kmh": 70.0}}, {"type": "Feature", "geometry": {"type": "LineString", "coordinates": [[17.8520939, 68.4055411], [17.8525898, 68.4057196], [17.8529305, 68.4058491], [17.8531176, 68.4059242]]}, "properties": {"electrified": "contact_line", "frequency": "16.67", "gauge": "1435", "maxspeed": "70", "name": "Ofotbanen", "operator": "Bane NOR", "passenger_lines": "1", "railway": "rail", "tunnel": "avalanche_protector", "usage": "main", "voltage": "15000", "length_km": 0.06, "maxspeed_kmh": 70.0}}, {"type": "Feature", "geometry": {"type": "LineString", "coordinates": [[17.8531176, 68.4059242], [17.8532639, 68.405987], [17.8534912, 68.4060893], [17.8538601, 68.4062726], [17.8542559, 68.406499], [17.8544932, 68.4066535], [17.8549236, 68.4069535]]}, "properties": {"electrified": "contact_line", "frequency": "16.67", "gauge": "1435", "maxspeed": "70", "name": "Ofotbanen", "operator": "Bane NOR", "passenger_lines": "1", "railway": "rail", "usage": "main", "voltage": "15000", "length_km": 0.137, "maxspeed_kmh": 70.0}}, {"type": "Feature", "geometry": {"type": "LineString", "coordinates": [[17.8180302, 68.3979539], [17.8198965, 68.3977431], [17.8200998, 68.3977191]]}, "properties": {"electrified": "contact_line", "frequency": "16.67", "gauge": "1435", "maxspeed": "70", "name": "Ofotbanen", "operator": "Bane NOR", "passenger_lines": "1", "railway": "rail", "usage": "main", "voltage": "15000", "length_km": 0.089, "maxspeed_kmh": 70.0}}, {"type": "Feature", "geometry": {"type": "LineString", "coordinates": [[17.7879115, 68.4039562], [17.7876146, 68.403974], [17.787232, 68.4039931], [17.7868892, 68.4040055], [17.7864581, 68.4040221], [17.7859753, 68.4040461], [17.7854861, 68.4040741]]}, "properties": {"electrified": "contact_line", "frequency": "16.67", "gauge": "1435", "maxspeed": "40", "name": "Ofotbanen", "operator": "Bane NOR", "railway": "rail", "service": "spur", "voltage": "15000", "length_km": 0.101, "maxspeed_kmh": 40.0}}, {"type": "Feature", "geometry": {"type": "LineString", "coordinates": [[17.7822379, 68.4041532], [17.7824407, 68.4041613], [17.7826163, 68.4041653]]}, "properties": {"electrified": "contact_line", "frequency": "16.67", "gauge": "1435", "maxspeed": "70", "name": "Ofotbanen", "operator": "Bane NOR", "railway": "rail", "usage": "main", "voltage": "15000", "length_km": 0.016, "maxspeed_kmh": 70.0}}, {"type": "Feature", "geometry": {"type": "LineString", "coordinates": [[17.8200998, 68.3977191], [17.8203587, 68.3976869], [17.8207015, 68.3976408], [17.82134, 68.3975446], [17.8217764, 68.3974714], [17.8224283, 68.3973497], [17.8228889, 68.3972531], [17.8233168, 68.3971505], [17.8236962, 68.3970462], [17.8238803, 68.3969904], [17.8242462, 68.3968673], [17.8245662, 68.3967455], [17.8247456, 68.3966705], [17.8254474, 68.396354], [17.8256401, 68.3962671]]}, "properties": {"electrified": "contact_line", "frequency": "16.67", "gauge": "1435", "maxspeed": "70", "name": "Ofotbanen", "operator": "Bane NOR", "passenger_lines": "1", "railway": "rail", "usage": "main", "voltage": "15000", "length_km": 0.285, "maxspeed_kmh": 70.0}}, {"type": "Feature", "geometry": {"type": "LineString", "coordinates": [[17.7826163, 68.4041653], [17.7829711, 68.4041709], [17.7833591, 68.4041707], [17.7837426, 68.4041622], [17.7840891, 68.4041521], [17.7844922, 68.4041345], [17.7849012, 68.4041106], [17.7854861, 68.4040741]]}, "properties": {"electrified": "contact_line", "frequency": "16.67", "gauge": "1435", "maxspeed": "60", "name": "Ofotbanen", "operator": "Bane NOR", "railway": "rail", "usage": "main", "voltage": "15000", "length_km": 0.119, "maxspeed_kmh": 60.0}}, {"type": "Feature", "geometry": {"type": "LineString", "coordinates": [[17.8180302, 68.3979539], [17.8172633, 68.3980449], [17.8168322, 68.3981038], [17.8164736, 68.3981587], [17.81609, 68.3982163], [17.8157129, 68.3982797], [17.815375, 68.3983391]]}, "properties": {"electrified": "contact_line", "frequency": "16.67", "gauge": "1435", "maxspeed": "40", "name": "Ofotbanen", "operator": "Bane NOR", "passenger_lines": "1", "railway": "rail", "service": "siding", "voltage": "15000", "length_km": 0.117, "maxspeed_kmh": 40.0}}, {"type": "Feature", "geometry": {"type": "LineString", "coordinates": [[17.7815548, 68.4041552], [17.7818049, 68.4041494], [17.7820125, 68.4041489], [17.7822379, 68.4041532]]}, "properties": {"electrified": "contact_line", "frequency": "16.67", "gauge": "1435", "maxspeed": "70", "name": "Ofotbanen", "operator": "Bane NOR", "passenger_lines": "1", "railway": "rail", "tunnel": "avalanche_protector", "usage": "main", "voltage": "15000", "length_km": 0.028, "maxspeed_kmh": 70.0}}, {"type": "Feature", "geometry": {"type": "LineString", "coordinates": [[17.776358, 68.4050226], [17.7767081, 68.4048931], [17.7768943, 68.404831], [17.7770443, 68.4047856], [17.7771943, 68.4047401], [17.7775532, 68.4046426], [17.7778043, 68.4045814], [17.7782544, 68.4044848], [17.7785393, 68.4044312], [17.7788679, 68.4043764], [17.7792687, 68.4043187], [17.779571, 68.4042817], [17.7799579, 68.4042419], [17.7802843, 68.4042153], [17.7806438, 68.4041917], [17.781006, 68.4041747], [17.7813593, 68.4041604], [17.7815548, 68.4041552]]}, "properties": {"electrified": "contact_line", "frequency": "16.67", "gauge": "1435", "maxspeed": "70", "name": "Ofotbanen", "operator": "Bane NOR", "passenger_lines": "1", "railway": "rail", "usage": "main", "voltage": "15000", "length_km": 0.24, "maxspeed_kmh": 70.0}}, {"type": "Feature", "geometry": {"type": "LineString", "coordinates": [[17.5967085, 68.4427761], [17.5973773, 68.4426729]]}, "properties": {"electrified": "contact_line", "frequency": "16.67", "gauge": "1435", "maxspeed": "70", "name": "Ofotbanen", "operator": "Bane NOR", "passenger_lines": "1", "railway": "rail", "tunnel": "avalanche_protector", "usage": "main", "voltage": "15000", "length_km": 0.03, "maxspeed_kmh": 70.0}}, {"type": "Feature", "geometry": {"type": "LineString", "coordinates": [[17.5898049, 68.4435087], [17.5900453, 68.4434714], [17.5904962, 68.4434057], [17.5909566, 68.4433446], [17.5916184, 68.4432669], [17.592318, 68.4431981], [17.5927953, 68.4431588], [17.5939941, 68.443071], [17.594503, 68.4430292], [17.5951509, 68.4429669], [17.5956185, 68.4429154], [17.5960759, 68.4428601], [17.5967085, 68.4427761]]}, "properties": {"electrified": "contact_line", "frequency": "16.67", "gauge": "1435", "maxspeed": "70", "name": "Ofotbanen", "operator": "Bane NOR", "passenger_lines": "1", "railway": "rail", "usage": "main", "voltage": "15000", "length_km": 0.295, "maxspeed_kmh": 70.0}}, {"type": "Feature", "geometry": {"type": "LineString", "coordinates": [[17.5885785, 68.4437124], [17.5895381, 68.4435521], [17.5898049, 68.4435087]]}, "properties": {"electrified": "contact_line", "frequency": "16.67", "gauge": "1435", "maxspeed": "70", "name": "Ofotbanen", "operator": "Bane NOR", "passenger_lines": "1", "railway": "rail", "tunnel": "avalanche_protector", "usage": "main", "voltage": "15000", "length_km": 0.055, "maxspeed_kmh": 70.0}}, {"type": "Feature", "geometry": {"type": "LineString", "coordinates": [[17.5588247, 68.4489285], [17.5601569, 68.4489143], [17.5608006, 68.4489044], [17.5614157, 68.4488868], [17.5618671, 68.4488716], [17.5621617, 68.4488578], [17.5624045, 68.4488441], [17.5628943, 68.4488089], [17.5636055, 68.4487408], [17.5640658, 68.4486856], [17.5643, 68.4486539], [17.5645277, 68.4486209], [17.5649796, 68.448548], [17.5654299, 68.4484655], [17.5656492, 68.4484212], [17.5658651, 68.4483749], [17.5662663, 68.4482807], [17.5668174, 68.4481337], [17.5679285, 68.4478107], [17.5683376, 68.4476917], [17.568719, 68.4475851], [17.5691054, 68.4474879], [17.5693062, 68.4474423], [17.5697137, 68.4473591], [17.570145, 68.4472835], [17.5703609, 68.4472501], [17.5707977, 68.4471912], [17.571251, 68.4471394], [17.5732441, 68.4469272], [17.573667, 68.4468744], [17.5739373, 68.446836], [17.5743864, 68.4467631], [17.5748223, 68.4466812], [17.5750386, 68.4466362], [17.5754592, 68.4465394], [17.5758606, 68.4464338], [17.5762403, 68.4463209], [17.5765965, 68.4462016], [17.5771042, 68.4460064], [17.5774108, 68.4458716], [17.5777051, 68.4457273], [17.5785174, 68.4452874], [17.5787918, 68.4451468], [17.5789477, 68.445073], [17.5792522, 68.4449417], [17.5795875, 68.4448146], [17.5797637, 68.4447542], [17.5801213, 68.4446437], [17.58051, 68.4445392], [17.5807135, 68.4444901], [17.5811242, 68.4444014], [17.5815508, 68.4443216], [17.5819859, 68.4442523], [17.5822102, 68.4442207], [17.5826532, 68.4441673], [17.5828772, 68.444145], [17.5832778, 68.4441117], [17.5835474, 68.4440942], [17.5839136, 68.4440758], [17.5851646, 68.4440363], [17.5859205, 68.4440038], [17.5866016, 68.4439565], [17.5872935, 68.4438897], [17.5877358, 68.4438367], [17.5881637, 68.4437775], [17.5885785, 68.4437124]]}, "properties": {"electrified": "contact_line", "frequency": "16.67", "gauge": "1435", "maxspeed": "70", "name": "Ofotbanen", "operator": "Bane NOR", "passenger_lines": "1", "railway": "rail", "usage": "main", "voltage": "15000", "length_km": 1.401, "maxspeed_kmh": 70.0}}, {"type": "Feature", "geometry": {"type": "LineString", "coordinates": [[17.4374325, 68.442092], [17.4381244, 68.4420418]]}, "properties": {"electrified": "contact_line", "frequency": "16.67", "gauge": "1435", "maxspeed": "40", "name": "Ofotbanen", "operator": "Bane NOR", "passenger_lines": "1", "railway": "rail", "usage": "main", "voltage": "15000", "length_km": 0.029, "maxspeed_kmh": 40.0}}, {"type": "Feature", "geometry": {"type": "LineString", "coordinates": [[17.4492975, 68.4415162], [17.4485596, 68.4414245], [17.4481854, 68.4413822], [17.4477777, 68.4413561], [17.4473888, 68.4413403], [17.4470025, 68.4413373], [17.4459488, 68.4413523]]}, "properties": {"gauge": "1435", "name": "Ofotbanen", "operator": "Bane NOR", "railway": "rail", "service": "spur", "length_km": 0.14}}, {"type": "Feature", "geometry": {"type": "LineString", "coordinates": [[17.6611588, 68.4324747], [17.6617721, 68.4322871]]}, "properties": {"electrified": "contact_line", "frequency": "16.67", "gauge": "1435", "maxspeed": "70", "name": "Ofotbanen", "operator": "Bane NOR", "passenger_lines": "1", "railway": "rail", "usage": "main", "voltage": "15000", "length_km": 0.033, "maxspeed_kmh": 70.0}}, {"type": "Feature", "geometry": {"type": "LineString", "coordinates": [[17.6420765, 68.4380065], [17.6424558, 68.4379449], [17.6428829, 68.4378703]]}, "properties": {"electrified": "contact_line", "frequency": "16.67", "gauge": "1435", "maxspeed": "70", "name": "Ofotbanen", "operator": "Bane NOR", "passenger_lines": "1", "railway": "rail", "usage": "main", "voltage": "15000", "length_km": 0.036, "maxspeed_kmh": 70.0}}, {"type": "Feature", "geometry": {"type": "LineString", "coordinates": [[17.5445493, 68.4501382], [17.5448158, 68.4501337], [17.5452884, 68.4501288], [17.5463084, 68.4501308], [17.5471769, 68.4501474], [17.547989, 68.4501554], [17.5484844, 68.4501531], [17.5487294, 68.450148], [17.5492137, 68.4501286], [17.5494636, 68.4501141], [17.5499575, 68.4500757], [17.5502062, 68.4500514], [17.5506849, 68.4499948], [17.5511753, 68.4499225], [17.5516164, 68.4498442], [17.552035, 68.4497571], [17.5523839, 68.4496755], [17.5533609, 68.4494305], [17.5537484, 68.4493436], [17.5540073, 68.4492915], [17.5544324, 68.4492166], [17.5548936, 68.4491442], [17.5553047, 68.4490916], [17.5556374, 68.4490606], [17.5559076, 68.4490359], [17.5561445, 68.4490186], [17.5565516, 68.4489937], [17.557246, 68.4489654], [17.5577402, 68.4489487], [17.558233, 68.4489372], [17.5588247, 68.4489285]]}, "properties": {"electrified": "contact_line", "frequency": "16.67", "gauge": "1435", "maxspeed": "70", "name": "Ofotbanen", "operator": "Bane NOR", "passenger_lines": "1", "railway": "rail", "usage": "main", "voltage": "15000", "length_km": 0.615, "maxspeed_kmh": 70.0}}, {"type": "Feature", "geometry": {"type": "LineString", "coordinates": [[17.5246097, 68.4499597], [17.5248618, 68.4499658], [17.5253648, 68.4499707], [17.5258723, 68.4499663], [17.5263851, 68.4499523], [17.5268969, 68.4499287], [17.5271493, 68.4499136], [17.5276527, 68.4498766], [17.5279114, 68.4498556], [17.5281869, 68.4498284], [17.5286192, 68.4497815], [17.5291225, 68.4497253]]}, "properties": {"electrified": "contact_line", "frequency": "16.67", "gauge": "1435", "maxspeed": "70", "name": "Ofotbanen", "operator": "Bane NOR", "passenger_lines": "1", "railway": "rail", "usage": "main", "voltage": "15000", "length_km": 0.188, "maxspeed_kmh": 70.0}}, {"type": "Feature", "geometry": {"type": "LineString", "coordinates": [[17.5219197, 68.4496974], [17.5222778, 68.4497539], [17.5225885, 68.4497986], [17.5229499, 68.4498435], [17.523439, 68.4498928], [17.5236834, 68.4499127], [17.5241406, 68.4499413], [17.5246097, 68.4499597]]}, "properties": {"electrified": "contact_line", "frequency": "16.67", "gauge": "1435", "maxspeed": "70", "name": "Ofotbanen", "operator": "Bane NOR", "passenger_lines": "1", "railway": "rail", "tunnel": "yes", "usage": "main", "voltage": "15000", "length_km": 0.115, "maxspeed_kmh": 70.0}}, {"type": "Feature", "geometry": {"type": "LineString", "coordinates": [[17.5291225, 68.4497253], [17.530113, 68.4496278], [17.5306788, 68.4495773], [17.5312431, 68.4495329], [17.5315817, 68.4495094], [17.5320188, 68.4494885], [17.532244, 68.4494812], [17.5325456, 68.4494769], [17.5330156, 68.4494754], [17.5334407, 68.4494837], [17.5338602, 68.4495007], [17.5343304, 68.4495289], [17.5348317, 68.4495716], [17.5352369, 68.4496172], [17.5356154, 68.4496679], [17.5360661, 68.4497363], [17.5362855, 68.4497698]]}, "properties": {"electrified": "contact_line", "frequency": "16.67", "gauge": "1435", "maxspeed": "70", "name": "Ofotbanen", "operator": "Bane NOR", "passenger_lines": "1", "railway": "rail", "usage": "main", "voltage": "15000", "length_km": 0.302, "maxspeed_kmh": 70.0}}, {"type": "Feature", "geometry": {"type": "LineString", "coordinates": [[17.541723, 68.4502131], [17.5442638, 68.4501444], [17.5445493, 68.4501382]]}, "properties": {"electrified": "contact_line", "frequency": "16.67", "gauge": "1435", "maxspeed": "70", "name": "Ofotbanen", "operator": "Bane NOR", "passenger_lines": "1", "railway": "rail", "tunnel": "yes", "usage": "main", "voltage": "15000", "length_km": 0.116, "maxspeed_kmh": 70.0}}, {"type": "Feature", "geometry": {"type": "LineString", "coordinates": [[17.4985334, 68.451695], [17.4991455, 68.4516866], [17.4999577, 68.4516615], [17.5006854, 68.4516255], [17.501389, 68.4515834], [17.5023726, 68.4515149], [17.5033537, 68.4514348], [17.5043166, 68.4513444], [17.5053209, 68.451236], [17.507902, 68.4509284], [17.5088661, 68.4508089], [17.5095688, 68.4507155], [17.5101584, 68.4506324], [17.5105903, 68.4505658], [17.510938, 68.4505049], [17.5113802, 68.4504156], [17.5119622, 68.4502769], [17.5133602, 68.4499044], [17.5139546, 68.4497505], [17.5143541, 68.4496596], [17.5148032, 68.4495728], [17.515033, 68.4495339], [17.5155048, 68.4494649], [17.5159884, 68.449408], [17.5162321, 68.4493844], [17.5167269, 68.4493468], [17.5169763, 68.4493329], [17.5175693, 68.4493144], [17.5181758, 68.4493117], [17.5184909, 68.449316], [17.5189794, 68.449334], [17.5194587, 68.4493633], [17.5197075, 68.4493833], [17.5201973, 68.4494329], [17.520681, 68.4494951], [17.5208074, 68.4495146]]}, "properties": {"electrified": "contact_line", "frequency": "16.67", "gauge": "1435", "maxspeed": "70", "name": "Ofotbanen", "operator": "Bane NOR", "passenger_lines": "1", "railway": "rail", "usage": "main", "voltage": "15000", "length_km": 0.971, "maxspeed_kmh": 70.0}}, {"type": "Feature", "geometry": {"type": "LineString", "coordinates": [[17.5291225, 68.4497253], [17.5299313, 68.4496344], [17.5321818, 68.4493814], [17.5338854, 68.4491899]]}, "properties": {"electrified": "contact_line", "frequency": "16.67", "gauge": "1435", "maxspeed": "70", "name": "Ofotbanen", "operator": "Bane NOR", "railway": "rail", "usage": "main", "voltage": "15000", "length_km": 0.204, "maxspeed_kmh": 70.0}}, {"type": "Feature", "geometry": {"type": "LineString", "coordinates": [[17.5550472, 68.4489618], [17.5556072, 68.4489568], [17.5573795, 68.4489408], [17.5588247, 68.4489285]]}, "properties": {"electrified": "contact_line", "frequency": "16.67", "gauge": "1435", "maxspeed": "70", "name": "Ofotbanen", "operator": "Bane NOR", "railway": "rail", "usage": "main", "voltage": "15000", "length_km": 0.155, "maxspeed_kmh": 70.0}}, {"type": "Feature", "geometry": {"type": "LineString", "coordinates": [[17.5338854, 68.4491899], [17.5347023, 68.4491088], [17.535317, 68.4490548], [17.5359353, 68.4490067], [17.536557, 68.4489645], [17.5371813, 68.4489282], [17.537808, 68.4488979], [17.5384365, 68.4488736], [17.5390665, 68.4488552], [17.5396978, 68.4488429], [17.5403296, 68.4488365], [17.5412543, 68.4488381], [17.5510133, 68.4489641], [17.5524431, 68.4489749], [17.5538731, 68.4489705], [17.5550472, 68.4489618]]}, "properties": {"electrified": "contact_line", "frequency": "16.67", "gauge": "1435", "maxspeed": "70", "name": "Ofotbanen", "operator": "Bane NOR", "railway": "rail", "tunnel": "yes", "usage": "main", "voltage": "15000", "length_km": 0.872, "maxspeed_kmh": 70.0}}, {"type": "Feature", "geometry": {"type": "LineString", "coordinates": [[17.4492975, 68.4415162], [17.4490491, 68.4414883], [17.4487949, 68.4414633], [17.4484861, 68.4414365], [17.4482471, 68.4414187], [17.4479663, 68.4414033], [17.4476622, 68.4413908], [17.4473839, 68.441383], [17.4471097, 68.4413806], [17.4467367, 68.4413825], [17.4463823, 68.4413907], [17.4461122, 68.4414006], [17.4458202, 68.4414155], [17.4455332, 68.4414341], [17.4409934, 68.4417626]]}, "properties": {"electrified": "contact_line", "frequency": "16.67", "gauge": "1435", "maxspeed": "40", "name": "Ofotbanen", "operator": "Bane NOR", "passenger_lines": "1", "railway": "rail", "service": "siding", "voltage": "15000", "length_km": 0.346, "maxspeed_kmh": 40.0}}, {"type": "Feature", "geometry": {"type": "LineString", "coordinates": [[17.815375, 68.3983391], [17.813944, 68.3985846], [17.8133177, 68.3986941], [17.8127979, 68.3987938], [17.8123752, 68.3988807], [17.8119078, 68.3989874], [17.8114291, 68.3990995], [17.8110312, 68.399203], [17.8105961, 68.3993215], [17.8084656, 68.3999208], [17.8072787, 68.4002183], [17.8066663, 68.4003559], [17.8058703, 68.4005253], [17.7993631, 68.4018235], [17.7987443, 68.4019469], [17.7981513, 68.402067], [17.7972938, 68.4022565], [17.7968024, 68.4023727], [17.7962737, 68.4025004], [17.7951082, 68.4027862], [17.7941708, 68.403016], [17.794053, 68.4030449], [17.7936644, 68.4031411], [17.7933117, 68.4032261], [17.7928736, 68.4033273], [17.7924236, 68.4034222], [17.7919425, 68.4035152], [17.7914316, 68.4036048], [17.7909628, 68.4036799], [17.7907259, 68.4037149], [17.790467, 68.4037506], [17.790182, 68.4037861], [17.7900823, 68.4037993], [17.789843, 68.4038246], [17.789601, 68.403848], [17.78932, 68.4038713], [17.7890054, 68.4038908], [17.7884997, 68.4039225], [17.7879115, 68.4039562]]}, "properties": {"electrified": "contact_line", "frequency": "16.67", "gauge": "1435", "maxspeed": "40", "name": "Ofotbanen", "operator": "Bane NOR", "passenger_lines": "1", "railway": "rail", "service": "siding", "voltage": "15000", "length_km": 1.298, "maxspeed_kmh": 40.0}}, {"type": "Feature", "geometry": {"type": "LineString", "coordinates": [[18.0936395, 68.4294857], [18.0953495, 68.4296723]]}, "properties": {"electrified": "contact_line", "frequency": "16.67", "gauge": "1435", "maxspeed": "70", "name": "Ofotbanen", "operator": "Bane NOR", "railway": "rail", "tunnel": "avalanche_protector", "usage": "main", "voltage": "15000", "length_km": 0.073, "maxspeed_kmh": 70.0}}, {"type": "Feature", "geometry": {"type": "LineString", "coordinates": [[18.0775533, 68.4313689], [18.0768991, 68.431433], [18.0759651, 68.431524], [18.0749197, 68.4316272], [18.073782, 68.4317513], [18.0731796, 68.4318211], [18.0726633, 68.4318843], [18.0721069, 68.4319521], [18.0715676, 68.432023], [18.0709085, 68.4321129], [18.0704626, 68.4321757], [18.0698651, 68.4322637], [18.0693705, 68.4323373], [18.0684617, 68.432481], [18.0679733, 68.4325621], [18.0675636, 68.432636], [18.0670836, 68.4327276], [18.0664421, 68.4328423]]}, "properties": {"electrified": "contact_line", "frequency": "16.67", "gauge": "1435", "maxspeed": "40", "name": "Ofotbanen", "operator": "Bane NOR", "railway": "rail", "service": "siding", "voltage": "15000", "length_km": 0.486, "maxspeed_kmh": 40.0}}, {"type": "Feature", "geometry": {"type": "LineString", "coordinates": [[18.0722305, 68.4319842], [18.0727045, 68.4319255], [18.0732588, 68.4318578], [18.0738216, 68.4317916], [18.0745552, 68.4317094], [18.0749507, 68.4316686], [18.0759859, 68.4315646], [18.0776521, 68.4314018]]}, "properties": {"electrified": "contact_line", "frequency": "16.67", "gauge": "1435", "maxspeed": "40", "name": "Ofotbanen", "operator": "Bane NOR", "passenger_lines": "1", "railway": "rail", "service": "siding", "voltage": "15000", "length_km": 0.232, "maxspeed_kmh": 40.0}}, {"type": "Feature", "geometry": {"type": "LineString", "coordinates": [[18.066372, 68.432798], [18.0668275, 68.4327113], [18.0673118, 68.4326225], [18.068403, 68.432437], [18.0698556, 68.4322104], [18.0704076, 68.4321311], [18.0708665, 68.4320663], [18.0715159, 68.4319769], [18.0720693, 68.4319059], [18.0726208, 68.4318368], [18.0737474, 68.4317041], [18.0748828, 68.4315812], [18.0759308, 68.4314769], [18.0768715, 68.4313843], [18.0775681, 68.431316]]}, "properties": {"electrified": "contact_line", "frequency": "16.67", "gauge": "1435", "maxspeed": "70", "name": "Ofotbanen", "operator": "Bane NOR", "railway": "rail", "usage": "main", "voltage": "15000", "length_km": 0.489, "maxspeed_kmh": 70.0}}, {"type": "Feature", "geometry": {"type": "LineString", "coordinates": [[18.0052138, 68.4272893], [18.005609, 68.4275091]]}, "properties": {"electrified": "contact_line", "frequency": "16.67", "gauge": "1435", "maxspeed": "70", "name": "Ofotbanen", "operator": "Bane NOR", "passenger_lines": "1", "railway": "rail", "tunnel": "avalanche_protector", "usage": "main", "voltage": "15000", "length_km": 0.029, "maxspeed_kmh": 70.0}}, {"type": "Feature", "geometry": {"type": "LineString", "coordinates": [[18.0060002, 68.4277305], [18.0063249, 68.4279137]]}, "properties": {"electrified": "contact_line", "frequency": "16.67", "gauge": "1435", "maxspeed": "70", "name": "Ofotbanen", "operator": "Bane NOR", "passenger_lines": "1", "railway": "rail", "tunnel": "avalanche_protector", "usage": "main", "voltage": "15000", "length_km": 0.024, "maxspeed_kmh": 70.0}}, {"type": "Feature", "geometry": {"type": "LineString", "coordinates": [[17.9888839, 68.4063881], [17.9889179, 68.4064988], [17.9889543, 68.4066112], [17.9889936, 68.4067117]]}, "properties": {"electrified": "contact_line", "frequency": "16.67", "gauge": "1435", "maxspeed": "70", "name": "Ofotbanen", "operator": "Bane NOR", "passenger_lines": "1", "railway": "rail", "tunnel": "avalanche_protector", "usage": "main", "voltage": "15000", "length_km": 0.036, "maxspeed_kmh": 70.0}}, {"type": "Feature", "geometry": {"type": "LineString", "coordinates": [[17.9052157, 68.4068856], [17.9137267, 68.4040391], [17.914494, 68.4037897], [17.9147583, 68.4037089]]}, "properties": {"electrified": "contact_line", "frequency": "16.67", "gauge": "1435", "maxspeed": "70", "name": "Ofotbanen", "operator": "Bane NOR", "passenger_lines": "1", "railway": "rail", "tunnel": "yes", "usage": "main", "voltage": "15000", "length_km": 0.528, "maxspeed_kmh": 70.0}}, {"type": "Feature", "geometry": {"type": "LineString", "coordinates": [[17.9617184, 68.3973325], [17.9624346, 68.3973641]]}, "properties": {"electrified": "contact_line", "frequency": "16.67", "gauge": "1435", "maxspeed": "40", "name": "Ofotbanen", "operator": "Bane NOR", "passenger_lines": "1", "railway": "rail", "tunnel": "avalanche_protector", "usage": "main", "voltage": "15000", "length_km": 0.03, "maxspeed_kmh": 40.0}}, {"type": "Feature", "geometry": {"type": "LineString", "coordinates": [[17.9701906, 68.3966785], [17.9706127, 68.3965119]]}, "properties": {"frequency": "16.67", "gauge": "1435", "maxspeed": "40", "name": "Ofotbanen", "operator": "Bane NOR", "railway": "rail", "service": "siding", "tunnel": "avalanche_protector", "voltage": "15000", "length_km": 0.025, "maxspeed_kmh": 40.0}}, {"type": "Feature", "geometry": {"type": "LineString", "coordinates": [[17.9707011, 68.3965365], [17.97028, 68.3967163]]}, "properties": {"electrified": "contact_line", "frequency": "16.67", "gauge": "1435", "maxspeed": "40", "name": "Ofotbanen", "operator": "Bane NOR", "passenger_lines": "1", "railway": "rail", "tunnel": "avalanche_protector", "usage": "main", "voltage": "15000", "length_km": 0.026, "maxspeed_kmh": 40.0}}, {"type": "Feature", "geometry": {"type": "LineString", "coordinates": [[17.9550168, 68.3975919], [17.9558451, 68.3975261]]}, "properties": {"electrified": "contact_line", "frequency": "16.67", "gauge": "1435", "maxspeed": "40", "name": "Ofotbanen", "operator": "Bane NOR", "passenger_lines": "1", "railway": "rail", "tunnel": "avalanche_protector", "usage": "main", "voltage": "15000", "length_km": 0.035, "maxspeed_kmh": 40.0}}, {"type": "Feature", "geometry": {"type": "LineString", "coordinates": [[18.0537529, 68.4430367], [18.0540507, 68.4428842]]}, "properties": {"electrified": "contact_line", "frequency": "16.67", "gauge": "1435", "maxspeed": "70", "name": "Ofotbanen", "operator": "Bane NOR", "passenger_lines": "1", "railway": "rail", "tunnel": "avalanche_protector", "usage": "main", "voltage": "15000", "length_km": 0.021, "maxspeed_kmh": 70.0}}, {"type": "Feature", "geometry": {"type": "LineString", "coordinates": [[18.0317549, 68.4421613], [18.0376513, 68.442738], [18.0386748, 68.4428553]]}, "properties": {"electrified": "contact_line", "frequency": "16.67", "gauge": "1435", "maxspeed": "70", "name": "Ofotbanen", "operator": "Bane NOR", "passenger_lines": "1", "railway": "rail", "tunnel": "yes", "usage": "main", "voltage": "15000", "length_km": 0.294, "maxspeed_kmh": 70.0}}, {"type": "Feature", "geometry": {"type": "LineString", "coordinates": [[17.9046435, 68.4070773], [17.9052157, 68.4068856]]}, "properties": {"electrified": "contact_line", "frequency": "16.67", "gauge": "1435", "maxspeed": "70", "name": "Ofotbanen", "operator": "Bane NOR", "passenger_lines": "1", "railway": "rail", "tunnel": "avalanche_protector", "usage": "main", "voltage": "15000", "length_km": 0.032, "maxspeed_kmh": 70.0}}, {"type": "Feature", "geometry": {"type": "LineString", "coordinates": [[18.0077746, 68.4305722], [18.0077302, 68.4306509], [18.0076743, 68.4307404], [18.007576, 68.4308776]]}, "properties": {"electrified": "contact_line", "frequency": "16.67", "gauge": "1435", "maxspeed": "70", "name": "Ofotbanen", "operator": "Bane NOR", "passenger_lines": "1", "railway": "rail", "tunnel": "avalanche_protector", "usage": "main", "voltage": "15000", "length_km": 0.035, "maxspeed_kmh": 70.0}}, {"type": "Feature", "geometry": {"type": "LineString", "coordinates": [[17.9996951, 68.4217227], [17.9998474, 68.4219317]]}, "properties": {"electrified": "contact_line", "frequency": "16.67", "gauge": "1435", "maxspeed": "70", "name": "Ofotbanen", "operator": "Bane NOR", "passenger_lines": "1", "railway": "rail", "tunnel": "avalanche_protector", "usage": "main", "voltage": "15000", "length_km": 0.024, "maxspeed_kmh": 70.0}}, {"type": "Feature", "geometry": {"type": "LineString", "coordinates": [[18.0386748, 68.4428553], [18.0393833, 68.4429492], [18.0400899, 68.4430496]]}, "properties": {"electrified": "contact_line", "frequency": "16.67", "gauge": "1435", "maxspeed": "70", "name": "Ofotbanen", "operator": "Bane NOR", "passenger_lines": "1", "railway": "rail", "tunnel": "avalanche_protector", "usage": "main", "voltage": "15000", "length_km": 0.062, "maxspeed_kmh": 70.0}}, {"type": "Feature", "geometry": {"type": "LineString", "coordinates": [[18.0514439, 68.4437388], [18.0517244, 68.4436825], [18.0519751, 68.4436269], [18.0524326, 68.4435088]]}, "properties": {"electrified": "contact_line", "frequency": "16.67", "gauge": "1435", "maxspeed": "70", "name": "Ofotbanen", "operator": "Bane NOR", "passenger_lines": "1", "railway": "rail", "tunnel": "avalanche_protector", "usage": "main", "voltage": "15000", "length_km": 0.048, "maxspeed_kmh": 70.0}}, {"type": "Feature", "geometry": {"type": "LineString", "coordinates": [[17.9878418, 68.3936301], [17.9920022, 68.3979431]]}, "properties": {"electrified": "contact_line", "frequency": "16.67", "gauge": "1435", "maxspeed": "70", "name": "Ofotbanen", "operator": "Bane NOR", "passenger_lines": "1", "railway": "rail", "tunnel": "yes", "usage": "main", "voltage": "15000", "length_km": 0.51, "maxspeed_kmh": 70.0}}, {"type": "Feature", "geometry": {"type": "LineString", "coordinates": [[17.4502683, 68.4416394], [17.4492975, 68.4415162]]}, "properties": {"electrified": "contact_line", "frequency": "16.67", "gauge": "1435", "maxspeed": "40", "name": "Ofotbanen", "operator": "Bane NOR", "passenger_lines": "1", "railway": "rail", "service": "siding", "voltage": "15000", "length_km": 0.042, "maxspeed_kmh": 40.0}}, {"type": "Feature", "geometry": {"type": "LineString", "coordinates": [[17.9657828, 68.3974755], [17.966212, 68.3974576], [17.9665907, 68.3974342], [17.9668124, 68.3974154]]}, "properties": {"electrified": "contact_line", "frequency": "16.67", "gauge": "1435", "maxspeed": "40", "name": "Ofotbanen", "operator": "Bane NOR", "passenger_lines": "1", "railway": "rail", "usage": "main", "voltage": "15000", "length_km": 0.043, "maxspeed_kmh": 40.0}}, {"type": "Feature", "geometry": {"type": "LineString", "coordinates": [[17.5209267, 68.449533], [17.5211554, 68.4495683], [17.5219197, 68.4496974]]}, "properties": {"electrified": "contact_line", "frequency": "16.67", "gauge": "1435", "maxspeed": "70", "name": "Ofotbanen", "operator": "Bane NOR", "passenger_lines": "1", "railway": "rail", "usage": "main", "voltage": "15000", "length_km": 0.045, "maxspeed_kmh": 70.0}}, {"type": "Feature", "geometry": {"type": "LineString", "coordinates": [[17.5208074, 68.4495146], [17.5209267, 68.449533]]}, "properties": {"bridge": "yes", "electrified": "contact_line", "frequency": "16.67", "gauge": "1435", "maxspeed": "70", "name": "Ofotbanen", "operator": "Bane NOR", "passenger_lines": "1", "railway": "rail", "usage": "main", "voltage": "15000", "length_km": 0.005, "maxspeed_kmh": 70.0}}, {"type": "Feature", "geometry": {"type": "LineString", "coordinates": [[17.5364509, 68.4497973], [17.537332, 68.4499437], [17.5375666, 68.4499786], [17.5380627, 68.4500444], [17.5385366, 68.4500973], [17.5390228, 68.4501413], [17.5395152, 68.4501759], [17.5400263, 68.4502014], [17.5402753, 68.45021], [17.5407578, 68.4502196], [17.5414278, 68.4502181], [17.541723, 68.4502131]]}, "properties": {"electrified": "contact_line", "frequency": "16.67", "gauge": "1435", "maxspeed": "70", "name": "Ofotbanen", "operator": "Bane NOR", "passenger_lines": "1", "railway": "rail", "usage": "main", "voltage": "15000", "length_km": 0.224, "maxspeed_kmh": 70.0}}, {"type": "Feature", "geometry": {"type": "LineString", "coordinates": [[17.5362855, 68.4497698], [17.5364509, 68.4497973]]}, "properties": {"bridge": "yes", "electrified": "contact_line", "frequency": "16.67", "gauge": "1435", "maxspeed": "70", "name": "Ofotbanen", "operator": "Bane NOR", "passenger_lines": "1", "railway": "rail", "usage": "main", "voltage": "15000", "length_km": 0.007, "maxspeed_kmh": 70.0}}]}