{"type": "FeatureCollection", "features": [{"type": "Feature", "geometry": {"type": "LineString", "coordinates": [[10.7719819, 59.8824961], [10.7718517, 59.882725], [10.7717271, 59.8829529], [10.7716168, 59.8831759], [10.7713085, 59.8839182], [10.7712239, 59.8841268], [10.7711437, 59.8843145], [10.7710562, 59.8844893], [10.7709716, 59.8846325], [10.770877, 59.8847727], [10.7707681, 59.8849238], [10.7706161, 59.8851], [10.7704739, 59.8852454], [10.7703174, 59.8853744], [10.7701568, 59.8855139], [10.7699964, 59.8856413], [10.7698256, 59.885757], [10.7696651, 59.8858541], [10.7694965, 59.8859503], [10.7693296, 59.8860397], [10.7690339, 59.8861905], [10.7687842, 59.8862999], [10.7685614, 59.8864005], [10.7682996, 59.8864999], [10.7677401, 59.8867042], [10.7675064, 59.8867891], [10.7670792, 59.8869545], [10.7668982, 59.8870303], [10.7667094, 59.887118], [10.7665485, 59.8871971], [10.7663694, 59.8872926]]}, "properties": {"electrified": "contact_line", "frequency": "16.67", "gauge": "1435", "maxspeed": "95", "name": "\u00d8stfoldbanen", "operator": "Bane NOR", "passenger_lines": "2", "railway": "rail", "tunnel": "yes", "usage": "branch", "voltage": "15000", "length_km": 0.646, "maxspeed_kmh": 95.0}}, {"type": "Feature", "geometry": {"type": "LineString", "coordinates": [[10.7811131, 59.8712146], [10.7809456, 59.8714474], [10.7805675, 59.8719658], [10.7804702, 59.872109], [10.7802826, 59.8723833], [10.7801885, 59.8725354], [10.7800533, 59.8727682], [10.7798894, 59.8730746], [10.7797623, 59.873308], [10.7796122, 59.8735704], [10.7795141, 59.8737252], [10.7794171, 59.8738687], [10.7793247, 59.8739889], [10.7791881, 59.8741571], [10.7790414, 59.874332], [10.7788932, 59.8744957], [10.7785473, 59.8748846], [10.7783873, 59.8750733], [10.7781958, 59.8753059], [10.7779928, 59.8755754], [10.7778177, 59.8758215], [10.7772961, 59.8765829], [10.7769072, 59.8771503], [10.7765559, 59.8776631], [10.7765313, 59.8776984], [10.7761849, 59.8782028], [10.7759824, 59.8784981], [10.7758061, 59.8787465], [10.7756505, 59.8789533], [10.7754397, 59.8792198], [10.7752398, 59.8794544], [10.7750226, 59.8796953], [10.7748717, 59.8798549], [10.7747049, 59.8800277], [10.7745539, 59.8801781], [10.7744239, 59.8803063], [10.7742444, 59.8804751], [10.7741162, 59.8805913], [10.7739638, 59.8807253], [10.7738177, 59.8808489], [10.773615, 59.8810135], [10.7734669, 59.8811328], [10.7731771, 59.8813579]]}, "properties": {"electrified": "contact_line", "frequency": "16.67", "gauge": "1435", "name": "\u00d8stfoldbanen", "operator": "Bane NOR", "passenger_lines": "2", "railway": "rail", "usage": "branch", "voltage": "15000", "length_km": 1.218}}, {"type": "Feature", "geometry": {"type": "LineString", "coordinates": [[10.8319507, 59.7129691], [10.8320798, 59.7131335]]}, "properties": {"electrified": "contact_line", "frequency": "16.67", "gauge": "1435", "name": "\u00d8stfoldbanen", "operator": "Bane NOR", "passenger_lines": "2", "railway": "rail", "usage": "main", "voltage": "15000", "length_km": 0.02}}, {"type": "Feature", "geometry": {"type": "LineString", "coordinates": [[10.829464, 59.7099363], [10.8301955, 59.7108353]]}, "properties": {"electrified": "contact_line", "frequency": "16.67", "gauge": "1435", "name": "\u00d8stfoldbanen", "operator": "Bane NOR", "passenger_lines": "2", "railway": "rail", "tunnel": "yes", "usage": "main", "voltage": "15000", "length_km": 0.108}}, {"type": "Feature", "geometry": {"type": "LineString", "coordinates": [[10.8223396, 59.7043724], [10.8239594, 59.7053139]]}, "properties": {"electrified": "contact_line", "frequency": "16.67", "gauge": "1435", "maxspeed": "160", "name": "\u00d8stfoldbanen", "operator": "Bane NOR", "passenger_lines": "2", "railway": "rail", "tunnel": "yes", "usage": "main", "voltage": "15000", "length_km": 0.139, "maxspeed_kmh": 160.0}}, {"type": "Feature", "geometry": {"type": "LineString", "coordinates": [[10.8239594, 59.7053139], [10.8241597, 59.7054353], [10.8243599, 59.7055593], [10.8249079, 59.7059174], [10.8254402, 59.7062827], [10.8256855, 59.7064566], [10.8259257, 59.7066331], [10.8261884, 59.70683], [10.8264393, 59.7070248], [10.8266921, 59.7072254], [10.8269529, 59.7074401], [10.8272326, 59.7076761], [10.8275052, 59.7079179], [10.8277162, 59.7081084], [10.8279181, 59.7082956]]}, "properties": {"electrified": "contact_line", "frequency": "16.67", "gauge": "1435", "maxspeed": "160", "name": "\u00d8stfoldbanen", "operator": "Bane NOR", "passenger_lines": "2", "railway": "rail", "usage": "main", "voltage": "15000", "length_km": 0.401, "maxspeed_kmh": 160.0}}, {"type": "Feature", "geometry": {"type": "LineString", "coordinates": [[10.6572082, 59.4198041], [10.657197, 59.4198416], [10.6571363, 59.4200643], [10.6570924, 59.420288], [10.6570742, 59.4205071], [10.6570772, 59.4207263], [10.657103, 59.4209305], [10.6571436, 59.4211369], [10.6572104, 59.4213542], [10.6573005, 59.4215704], [10.6573995, 59.4217563], [10.6575134, 59.421939], [10.6576482, 59.4221225], [10.657796, 59.422306], [10.6580875, 59.4226296], [10.6583114, 59.4228733], [10.6584357, 59.4230187], [10.6584924, 59.4230922]]}, "properties": {"electrified": "contact_line", "frequency": "16.67", "gauge": "1435", "maxspeed": "100", "name": "\u00d8stfoldbanen", "operator": "Bane NOR", "passenger_lines": "1", "railway": "rail", "usage": "main", "voltage": "15000", "length_km": 0.381, "maxspeed_kmh": 100.0}}, {"type": "Feature", "geometry": {"type": "LineString", "coordinates": [[10.9359511, 59.218807], [10.9387878, 59.217856]]}, "properties": {"electrified": "contact_line", "frequency": "16.67", "gauge": "1435", "maxspeed": "130", "name": "\u00d8stfoldbanen", "operator": "Bane NOR", "passenger_lines": "1", "railway": "rail", "tunnel": "yes", "usage": "main", "voltage": "15000", "length_km": 0.194, "maxspeed_kmh": 130.0}}, {"type": "Feature", "geometry": {"type": "LineString", "coordinates": [[11.3497202, 59.1180553], [11.3516278, 59.1181736], [11.3534903, 59.1182839], [11.3539887, 59.1183143], [11.3542455, 59.1183285], [11.3545691, 59.1183414], [11.3548968, 59.1183497], [11.3552106, 59.1183503], [11.3555249, 59.1183458], [11.3558482, 59.1183377], [11.3562822, 59.1183191], [11.3570847, 59.118283], [11.3574179, 59.1182686], [11.357697, 59.1182597], [11.3580407, 59.1182546], [11.3583606, 59.1182546], [11.3587165, 59.1182632]]}, "properties": {"electrified": "contact_line", "frequency": "16.67", "gauge": "1435", "maxspeed": "85", "name": "\u00d8stfoldbanen", "operator": "Bane NOR", "passenger_lines": "1", "railway": "rail", "usage": "main", "voltage": "15000", "length_km": 0.518, "maxspeed_kmh": 85.0}}, {"type": "Feature", "geometry": {"type": "LineString", "coordinates": [[11.372418, 59.120051], [11.3741948, 59.1194059]]}, "properties": {"bridge": "yes", "electrified": "contact_line", "frequency": "16.67", "gauge": "1435", "maxspeed": "65", "name": "\u00d8stfoldbanen", "operator": "Bane NOR", "passenger_lines": "1", "railway": "rail", "usage": "main", "voltage": "15000", "length_km": 0.125, "maxspeed_kmh": 65.0}}, {"type": "Feature", "geometry": {"type": "LineString", "coordinates": [[10.6693365, 59.4468304], [10.6693336, 59.4471893], [10.6693257, 59.4474251], [10.6693176, 59.4478629], [10.6693136, 59.4480848], [10.6693102, 59.448304], [10.6693109, 59.4485231], [10.6693176, 59.4487414], [10.6693357, 59.448966], [10.6693642, 59.4491808], [10.6694042, 59.4493988], [10.6694531, 59.449613], [10.669516, 59.4498309], [10.6695848, 59.4500466], [10.6697344, 59.45048], [10.6703124, 59.4521036], [10.6705139, 59.4526594], [10.6706196, 59.4529332], [10.6707342, 59.453207], [10.6708442, 59.453452], [10.6709617, 59.4536955], [10.6710903, 59.4539431], [10.6712293, 59.4541891], [10.6713836, 59.4544472], [10.6715482, 59.4547008], [10.6717191, 59.4549524], [10.6719081, 59.4552172], [10.672101, 59.4554707], [10.6723043, 59.4557197], [10.672515, 59.4559668], [10.6727331, 59.4562094], [10.6730811, 59.4565784]]}, "properties": {"electrified": "contact_line", "frequency": "16.67", "gauge": "1435", "maxspeed": "100", "name": "\u00d8stfoldbanen", "operator": "Bane NOR", "passenger_lines": "2", "railway": "rail", "usage": "main", "voltage": "15000", "length_km": 1.117, "maxspeed_kmh": 100.0}}, {"type": "Feature", "geometry": {"type": "LineString", "coordinates": [[10.9410176, 59.2169553], [10.9414676, 59.216716], [10.9419706, 59.2164186]]}, "properties": {"bridge": "yes", "electrified": "contact_line", "frequency": "16.67", "gauge": "1435", "maxspeed": "130", "name": "\u00d8stfoldbanen", "operator": "Bane NOR", "railway": "rail", "usage": "main", "voltage": "15000", "length_km": 0.081, "maxspeed_kmh": 130.0}}, {"type": "Feature", "geometry": {"type": "LineString", "coordinates": [[10.9419706, 59.2164186], [10.9423896, 59.2161387], [10.9428201, 59.2158293], [10.9430978, 59.215602], [10.9433643, 59.2153679], [10.9437945, 59.2149581], [10.9441007, 59.2146058], [10.9444045, 59.2141832], [10.9445885, 59.2138998], [10.9447799, 59.2135558], [10.9449614, 59.2131955], [10.9453056, 59.2124982], [10.945649, 59.2117927], [10.9457299, 59.2116409]]}, "properties": {"electrified": "contact_line", "frequency": "16.67", "gauge": "1435", "maxspeed": "130", "name": "\u00d8stfoldbanen", "operator": "Bane NOR", "passenger_lines": "1", "railway": "rail", "usage": "main", "voltage": "15000", "length_km": 0.58, "maxspeed_kmh": 130.0}}, {"type": "Feature", "geometry": {"type": "LineString", "coordinates": [[10.9467041, 59.210493], [10.9469319, 59.2103269], [10.9470801, 59.2102305], [10.9472458, 59.2101319]]}, "properties": {"bridge": "yes", "electrified": "contact_line", "frequency": "16.67", "gauge": "1435", "maxspeed": "40", "name": "\u00d8stfoldbanen", "operator": "Bane NOR", "passenger_lines": "1", "railway": "rail", "usage": "main", "voltage": "15000", "length_km": 0.051, "maxspeed_kmh": 40.0}}, {"type": "Feature", "geometry": {"type": "LineString", "coordinates": [[10.9472458, 59.2101319], [10.9474729, 59.2100063]]}, "properties": {"electrified": "contact_line", "frequency": "16.67", "gauge": "1435", "maxspeed": "40", "name": "\u00d8stfoldbanen", "operator": "Bane NOR", "passenger_lines": "1", "railway": "rail", "usage": "main", "voltage": "15000", "length_km": 0.019, "maxspeed_kmh": 40.0}}, {"type": "Feature", "geometry": {"type": "LineString", "coordinates": [[11.1304682, 59.2776606], [11.1306638, 59.2775078], [11.1308508, 59.2773762], [11.1310165, 59.2772704], [11.131356, 59.2770941], [11.133548, 59.2760923]]}, "properties": {"bridge": "yes", "electrified": "contact_line", "frequency": "16.67", "gauge": "1435", "maxspeed": "50", "name": "\u00d8stfoldbanen", "operator": "Bane NOR", "passenger_lines": "1", "railway": "rail", "usage": "main", "voltage": "15000", "length_km": 0.249, "maxspeed_kmh": 50.0}}, {"type": "Feature", "geometry": {"type": "LineString", "coordinates": [[11.133548, 59.2760923], [11.1337683, 59.2760019], [11.1340149, 59.2759059], [11.1342873, 59.2758108], [11.1346675, 59.2756894], [11.1351169, 59.2755484], [11.1352159, 59.2755173]]}, "properties": {"electrified": "contact_line", "frequency": "16.67", "gauge": "1435", "maxspeed": "50", "name": "\u00d8stfoldbanen", "operator": "Bane NOR", "passenger_lines": "1", "railway": "rail", "usage": "main", "voltage": "15000", "length_km": 0.115, "maxspeed_kmh": 50.0}}, {"type": "Feature", "geometry": {"type": "LineString", "coordinates": [[11.0348706, 59.2658378], [11.0352596, 59.265655], [11.0353825, 59.2656052], [11.0355329, 59.2655442], [11.0358719, 59.2654162], [11.0362378, 59.2652953], [11.0368152, 59.26513], [11.0373453, 59.265007], [11.0377689, 59.2649228], [11.0382013, 59.2648528], [11.0386589, 59.2647932], [11.0391196, 59.2647505], [11.0396885, 59.2647127], [11.0403036, 59.2646881], [11.0420421, 59.2646485], [11.0436456, 59.2646116], [11.0442684, 59.2646075], [11.0448836, 59.2646161], [11.0454709, 59.2646419], [11.0460544, 59.2646793], [11.0466471, 59.264732], [11.0472285, 59.2648007], [11.0478186, 59.2648876], [11.0484086, 59.2649869], [11.0491033, 59.265131], [11.0494468, 59.265209], [11.0497792, 59.2652943], [11.0502671, 59.2654262], [11.0507395, 59.2655711]]}, "properties": {"electrified": "contact_line", "frequency": "16.67", "gauge": "1435", "maxspeed": "105", "name": "\u00d8stfoldbanen", "operator": "Bane NOR", "passenger_lines": "1", "railway": "rail", "usage": "main", "voltage": "15000", "length_km": 0.959, "maxspeed_kmh": 105.0}}, {"type": "Feature", "geometry": {"type": "LineString", "coordinates": [[11.0294362, 59.2681851], [11.0297537, 59.2681362], [11.0301132, 59.2680686], [11.0304455, 59.2679927], [11.0308278, 59.2678876], [11.0311716, 59.2677766], [11.0314858, 59.2676563], [11.0318642, 59.2674904], [11.0322769, 59.2672753], [11.0338888, 59.2663671]]}, "properties": {"electrified": "contact_line", "frequency": "16.67", "gauge": "1435", "name": "\u00d8stfoldbanen", "operator": "Bane NOR", "passenger_lines": "1", "railway": "rail", "usage": "main", "voltage": "15000", "length_km": 0.331}}, {"type": "Feature", "geometry": {"type": "LineString", "coordinates": [[11.0347032, 59.2659195], [11.0348706, 59.2658378]]}, "properties": {"bridge": "yes", "electrified": "contact_line", "frequency": "16.67", "gauge": "1435", "maxspeed": "105", "name": "\u00d8stfoldbanen", "operator": "Bane NOR", "passenger_lines": "1", "railway": "rail", "usage": "main", "voltage": "15000", "length_km": 0.013, "maxspeed_kmh": 105.0}}, {"type": "Feature", "geometry": {"type": "LineString", "coordinates": [[11.0246245, 59.2679651], [11.0268016, 59.2682054]]}, "properties": {"bridge": "viaduct", "electrified": "contact_line", "frequency": "16.67", "gauge": "1435", "maxspeed": "70", "name": "\u00d8stfoldbanen", "operator": "Bane NOR", "passenger_lines": "1", "railway": "rail", "usage": "main", "voltage": "15000", "length_km": 0.127, "maxspeed_kmh": 70.0}}, {"type": "Feature", "geometry": {"type": "LineString", "coordinates": [[10.7619268, 59.9090254], [10.761621, 59.9091049], [10.7612986, 59.9091842], [10.7608201, 59.9092986]]}, "properties": {"electrified": "contact_line", "frequency": "16.67", "gauge": "1435", "maxspeed": "40", "name": "\u00d8stfoldbanen", "operator": "Bane NOR", "railway": "rail", "usage": "branch", "voltage": "15000", "length_km": 0.069, "maxspeed_kmh": 40.0}}, {"type": "Feature", "geometry": {"type": "LineString", "coordinates": [[10.9848251, 59.240686], [10.9850094, 59.2408544]]}, "properties": {"bridge": "yes", "electrified": "contact_line", "frequency": "16.67", "gauge": "1435", "name": "\u00d8stfoldbanen", "operator": "Bane NOR", "passenger_lines": "1", "railway": "rail", "usage": "main", "voltage": "15000", "length_km": 0.022}}, {"type": "Feature", "geometry": {"type": "LineString", "coordinates": [[10.9850094, 59.2408544], [10.9855192, 59.2413135], [10.9862913, 59.2420162], [10.9870105, 59.2426638], [10.9878419, 59.2434181], [10.9884675, 59.243982]]}, "properties": {"electrified": "contact_line", "frequency": "16.67", "gauge": "1435", "name": "\u00d8stfoldbanen", "operator": "Bane NOR", "passenger_lines": "1", "railway": "rail", "usage": "main", "voltage": "15000", "length_km": 0.401}}, {"type": "Feature", "geometry": {"type": "LineString", "coordinates": [[10.659368, 59.4365601], [10.6590889, 59.4364346], [10.658795, 59.436315], [10.6585067, 59.4362137], [10.6582082, 59.4361153], [10.6576006, 59.435931], [10.6573703, 59.4358616], [10.657148, 59.4357881], [10.65693, 59.4357085], [10.6567302, 59.4356261], [10.6565335, 59.4355343], [10.6563516, 59.4354397], [10.6561767, 59.4353368], [10.6560177, 59.4352322], [10.6558718, 59.4351185], [10.6557417, 59.4350037], [10.6556318, 59.4348938], [10.6555344, 59.4347834], [10.6554372, 59.4346484]]}, "properties": {"electrified": "contact_line", "frequency": "16.67", "gauge": "1435", "maxspeed": "60", "name": "\u00d8stfoldbanen", "operator": "Bane NOR", "passenger_lines": "1", "railway": "rail", "usage": "main", "voltage": "15000", "length_km": 0.316, "maxspeed_kmh": 60.0}}, {"type": "Feature", "geometry": {"type": "LineString", "coordinates": [[10.6598217, 59.4368058], [10.6596632, 59.4367144], [10.6595102, 59.4366318], [10.659368, 59.4365601]]}, "properties": {"bridge": "yes", "electrified": "contact_line", "frequency": "16.67", "gauge": "1435", "maxspeed": "60", "name": "\u00d8stfoldbanen", "operator": "Bane NOR", "passenger_lines": "1", "railway": "rail", "usage": "main", "voltage": "15000", "length_km": 0.038, "maxspeed_kmh": 60.0}}, {"type": "Feature", "geometry": {"type": "LineString", "coordinates": [[10.6924857, 59.4780215], [10.6923212, 59.4778338], [10.6919733, 59.4774449], [10.6918856, 59.4773408], [10.6915143, 59.4769337]]}, "properties": {"electrified": "contact_line", "frequency": "16.67", "gauge": "1435", "name": "\u00d8stfoldbanen", "operator": "Bane NOR", "passenger_lines": "2", "railway": "rail", "usage": "main", "voltage": "15000", "length_km": 0.133}}, {"type": "Feature", "geometry": {"type": "LineString", "coordinates": [[10.6703226, 59.4018179], [10.672, 59.4015544], [10.6759816, 59.4009405], [10.6785359, 59.4005451], [10.6790227, 59.4004707], [10.6810453, 59.4001581], [10.6867218, 59.3992809], [10.6874969, 59.3991603], [10.6887604, 59.39895], [10.6902185, 59.3987013], [10.6912054, 59.3985429], [10.6925693, 59.3983322], [10.693636, 59.3981674], [10.6952688, 59.3979156], [10.6962232, 59.3977708], [10.6967226, 59.3976986], [10.6972262, 59.3976284], [10.6979362, 59.3975325], [10.6992649, 59.3973428], [10.7003034, 59.3971858], [10.7015548, 59.3969898], [10.7022957, 59.3968775], [10.7043694, 59.3965569], [10.7053632, 59.3964028], [10.7063237, 59.3962523], [10.7068008, 59.3961788], [10.7072744, 59.3961036], [10.7077274, 59.3960297], [10.7081787, 59.3959514], [10.7086355, 59.3958678], [10.7090888, 59.3957806], [10.709541, 59.3956879], [10.7099897, 59.3955917], [10.7104345, 59.3954919], [10.7108758, 59.3953877], [10.7113126, 59.3952797], [10.7117476, 59.3951672], [10.7121773, 59.3950514], [10.7126071, 59.3949319], [10.7130017, 59.3948159], [10.7133911, 59.3946971], [10.7138139, 59.3945653], [10.714228, 59.3944291], [10.7146693, 59.3942787], [10.715102, 59.3941262], [10.7155312, 59.3939672], [10.7159465, 59.3938064], [10.7163752, 59.3936343], [10.7167968, 59.3934578], [10.7171678, 59.3932976], [10.7175318, 59.3931356], [10.7178913, 59.3929678], [10.7182474, 59.3927964], [10.7198059, 59.3920151], [10.7202687, 59.391778], [10.720575, 59.3916151], [10.7208798, 59.3914499], [10.7215541, 59.3910782], [10.7218964, 59.3908952], [10.7222433, 59.390713], [10.7236782, 59.3899926], [10.7243047, 59.3896798], [10.7260271, 59.3888175]]}, "properties": {"electrified": "contact_line", "frequency": "16.67", "gauge": "1435", "maxspeed": "130", "name": "\u00d8stfoldbanen", "operator": "Bane NOR", "passenger_lines": "1", "railway": "rail", "usage": "main", "voltage": "15000", "length_km": 3.552, "maxspeed_kmh": 130.0}}, {"type": "Feature", "geometry": {"type": "LineString", "coordinates": [[10.6702211, 59.4018337], [10.6703226, 59.4018179]]}, "properties": {"bridge": "yes", "electrified": "contact_line", "frequency": "16.67", "gauge": "1435", "maxspeed": "130", "name": "\u00d8stfoldbanen", "operator": "Bane NOR", "passenger_lines": "1", "railway": "rail", "usage": "main", "voltage": "15000", "length_km": 0.006, "maxspeed_kmh": 130.0}}, {"type": "Feature", "geometry": {"type": "LineString", "coordinates": [[10.7638845, 59.8892826], [10.7638032, 59.8893361], [10.7636769, 59.8894127], [10.7635102, 59.8895096], [10.7632438, 59.8896537], [10.7629835, 59.8897878], [10.7626482, 59.8899637], [10.7624165, 59.8900907], [10.7622099, 59.8902134], [10.7620485, 59.8903152], [10.7619139, 59.8904074], [10.7617308, 59.8905415], [10.7615595, 59.8906733], [10.7613697, 59.8908255], [10.7611852, 59.8909762], [10.7608994, 59.8912139], [10.760724, 59.891364], [10.7605753, 59.8914952], [10.7603865, 59.8916649], [10.7601839, 59.8918525], [10.7599754, 59.892044], [10.7597688, 59.8922352], [10.7596345, 59.8923604], [10.7594838, 59.8925043], [10.7593614, 59.8926248], [10.7592586, 59.8927296], [10.7591284, 59.8928708], [10.7590381, 59.8929768], [10.7589435, 59.8930939], [10.7588643, 59.8931958], [10.7587868, 59.893299], [10.7587287, 59.8933765], [10.7586106, 59.8935377], [10.7584971, 59.8936879], [10.7584029, 59.8938089], [10.7582976, 59.8939408], [10.7581542, 59.8941084], [10.7580334, 59.8942411], [10.7579047, 59.8943776], [10.7577892, 59.8944916], [10.7576398, 59.8946349], [10.7573983, 59.8948615], [10.756881, 59.8953357], [10.7567549, 59.8954556], [10.7566122, 59.8955952], [10.7565101, 59.8956989], [10.7563987, 59.8958186], [10.7562641, 59.8959749], [10.7561539, 59.8961116], [10.7560613, 59.8962354], [10.7559682, 59.8963765], [10.7558746, 59.8965298], [10.7558135, 59.8966427], [10.7557709, 59.8967246], [10.7557368, 59.8968008], [10.7556827, 59.8969284], [10.755642, 59.8970466], [10.7556076, 59.8971528], [10.7555825, 59.8972611], [10.7555651, 59.8973612], [10.7555511, 59.8974736]]}, "properties": {"electrified": "contact_line", "frequency": "16.67", "gauge": "1435", "name": "\u00d8stfoldbanen", "operator": "Bane NOR", "passenger_lines": "2", "railway": "rail", "usage": "branch", "voltage": "15000", "length_km": 1.038}}, {"type": "Feature", "geometry": {"type": "LineString", "coordinates": [[10.7675066, 59.9065372], [10.7675905, 59.9064886], [10.76772, 59.9064088], [10.7679157, 59.9062763], [10.7680825, 59.9061578], [10.7682506, 59.9060136], [10.7683767, 59.9058865], [10.7685002, 59.9057416], [10.7685947, 59.9056066], [10.7686617, 59.9054854], [10.7687182, 59.9053372], [10.7687458, 59.9052114], [10.7687615, 59.9050679], [10.7687602, 59.9049513], [10.7687451, 59.9048515], [10.7687036, 59.9047024]]}, "properties": {"electrified": "contact_line", "frequency": "16.67", "gauge": "1435", "maxspeed": "60", "name": "\u00d8stfoldbanen", "operator": "Bane NOR", "passenger_lines": "2", "railway": "rail", "tunnel": "yes", "usage": "branch", "voltage": "15000", "length_km": 0.223, "maxspeed_kmh": 60.0}}, {"type": "Feature", "geometry": {"type": "LineString", "coordinates": [[10.7687036, 59.9047024], [10.7686707, 59.904618], [10.7686148, 59.9045036], [10.7685473, 59.9043885], [10.7684896, 59.9043064], [10.7684079, 59.904209], [10.7683014, 59.9040996], [10.7681451, 59.9039601], [10.7680152, 59.9038598], [10.7678771, 59.9037684], [10.7677278, 59.9036771]]}, "properties": {"electrified": "contact_line", "frequency": "16.67", "gauge": "1435", "maxspeed": "60", "name": "\u00d8stfoldbanen", "operator": "Bane NOR", "passenger_lines": "2", "railway": "rail", "usage": "branch", "voltage": "15000", "length_km": 0.128, "maxspeed_kmh": 60.0}}, {"type": "Feature", "geometry": {"type": "LineString", "coordinates": [[10.692824, 59.4784044], [10.6925181, 59.4780582]]}, "properties": {"bridge": "yes", "electrified": "contact_line", "frequency": "16.67", "gauge": "1435", "name": "\u00d8stfoldbanen", "operator": "Bane NOR", "passenger_lines": "2", "railway": "rail", "usage": "main", "voltage": "15000", "length_km": 0.042}}, {"type": "Feature", "geometry": {"type": "LineString", "coordinates": [[10.8025416, 59.795079], [10.8025827, 59.7952742], [10.8026128, 59.7955174], [10.8026366, 59.7957897], [10.8026532, 59.7960595], [10.8027174, 59.7965988], [10.8027707, 59.796876], [10.8028375, 59.7971531], [10.8029142, 59.7974141], [10.8030005, 59.7976751], [10.8031005, 59.7979367], [10.8032177, 59.798205], [10.8033442, 59.798467], [10.8034765, 59.7987271], [10.8037544, 59.7992496], [10.8040265, 59.799773], [10.8041297, 59.8000041], [10.8042176, 59.8002371], [10.8042899, 59.8004884], [10.8043432, 59.8007387], [10.8043626, 59.8008667], [10.8043762, 59.8009937], [10.8043921, 59.8012496], [10.8043902, 59.8016792], [10.8044019, 59.8026533], [10.8044041, 59.8028152], [10.8044125, 59.8030802], [10.8044361, 59.8033479], [10.8044734, 59.8036179], [10.8045276, 59.8038872], [10.8045927, 59.8041524], [10.8046697, 59.8044185], [10.8047516, 59.8046617], [10.804842, 59.8049058], [10.8049411, 59.8051598], [10.8050444, 59.8054282], [10.8050855, 59.8055404]]}, "properties": {"electrified": "contact_line", "frequency": "16.67", "gauge": "1435", "maxspeed": "105", "name": "\u00d8stfoldbanen", "operator": "Bane NOR", "passenger_lines": "2", "railway": "rail", "usage": "branch", "voltage": "15000", "length_km": 1.179, "maxspeed_kmh": 105.0}}, {"type": "Feature", "geometry": {"type": "LineString", "coordinates": [[10.7929934, 59.8491641], [10.7928695, 59.849137], [10.7926534, 59.8490918], [10.7924362, 59.8490507], [10.792216, 59.8490125], [10.7919896, 59.8489794], [10.7918344, 59.8489593], [10.7916834, 59.8489427], [10.7915309, 59.8489285], [10.7913783, 59.8489179], [10.7912048, 59.8489087], [10.7910292, 59.8489025], [10.7908546, 59.8488994], [10.7906811, 59.8488999], [10.7905048, 59.8489034], [10.7903285, 59.8489095], [10.7901522, 59.8489181], [10.7899769, 59.8489299], [10.7897993, 59.8489439], [10.7896258, 59.848961], [10.7894529, 59.848981], [10.7892831, 59.849003], [10.7889748, 59.8490518], [10.7886676, 59.8491078], [10.7884998, 59.8491419], [10.7883373, 59.8491796], [10.7881705, 59.8492193], [10.7880121, 59.8492602], [10.7878508, 59.8493079], [10.7876936, 59.8493577], [10.7875375, 59.8494106], [10.7873876, 59.8494645], [10.7872448, 59.8495204], [10.7871061, 59.8495779], [10.7869715, 59.8496371], [10.7868401, 59.849699], [10.7865953, 59.8498269], [10.7863691, 59.8499628], [10.7861611, 59.8501068], [10.785978, 59.850257], [10.7858584, 59.8503671], [10.7857438, 59.8504781], [10.7854119, 59.8508295], [10.7850882, 59.8511842], [10.7849555, 59.8513466], [10.7848394, 59.8515129], [10.7847466, 59.8516783], [10.7846753, 59.8518462], [10.7846265, 59.8520187], [10.784601, 59.8521916], [10.7845995, 59.8523617], [10.7846193, 59.8525321], [10.7846614, 59.852702], [10.7847243, 59.8528686], [10.7847936, 59.8530147], [10.784898, 59.8532004], [10.7850369, 59.8534337], [10.7851759, 59.8536671]]}, "properties": {"electrified": "contact_line", "frequency": "16.67", "gauge": "1435", "maxspeed": "75", "name": "\u00d8stfoldbanen", "operator": "Bane NOR", "passenger_lines": "2", "railway": "rail", "usage": "branch", "voltage": "15000", "length_km": 0.851, "maxspeed_kmh": 75.0}}, {"type": "Feature", "geometry": {"type": "LineString", "coordinates": [[10.6913326, 59.4767415], [10.6912202, 59.4766221], [10.6910162, 59.4764068], [10.6907561, 59.476145], [10.6905013, 59.4758934], [10.6903468, 59.475744], [10.6902752, 59.4756738]]}, "properties": {"bridge": "yes", "electrified": "contact_line", "frequency": "16.67", "gauge": "1435", "name": "\u00d8stfoldbanen", "operator": "Bane NOR", "passenger_lines": "2", "railway": "rail", "usage": "main", "voltage": "15000", "length_km": 0.133}}, {"type": "Feature", "geometry": {"type": "LineString", "coordinates": [[10.8361779, 59.7576505], [10.8359182, 59.7578558], [10.8356562, 59.7580485], [10.8354651, 59.7581792], [10.8352591, 59.7583098], [10.8350383, 59.7584353], [10.8347823, 59.7585649], [10.8345123, 59.7586883], [10.8342289, 59.7588031], [10.8339354, 59.75891], [10.8336235, 59.7590079], [10.8333045, 59.7590964], [10.8329789, 59.7591757], [10.8326418, 59.7592442], [10.8322958, 59.7593045], [10.8319441, 59.7593516], [10.8315889, 59.7593889], [10.8312304, 59.759418], [10.8308344, 59.7594415], [10.8304377, 59.75946], [10.8299008, 59.7594852], [10.8293696, 59.7595194], [10.8292521, 59.7595285], [10.8289862, 59.7595522], [10.8287368, 59.7595806], [10.828479, 59.7596162], [10.8282263, 59.759658], [10.8279497, 59.7597117], [10.827681, 59.7597741], [10.827367, 59.7598556], [10.8270666, 59.7599483], [10.826779, 59.7600497], [10.8265056, 59.7601608], [10.8262435, 59.7602821], [10.8259993, 59.7604109], [10.8257591, 59.7605534], [10.825544, 59.760702], [10.8253559, 59.7608516], [10.8251856, 59.7610073], [10.8250336, 59.7611674], [10.824893, 59.7613321], [10.8245692, 59.7617439]]}, "properties": {"electrified": "contact_line", "frequency": "16.67", "gauge": "1435", "maxspeed": "85", "name": "\u00d8stfoldbanen", "operator": "Bane NOR", "passenger_lines": "2", "railway": "rail", "usage": "branch", "voltage": "15000", "length_km": 0.848, "maxspeed_kmh": 85.0}}, {"type": "Feature", "geometry": {"type": "LineString", "coordinates": [[10.8222986, 59.7631385], [10.8220939, 59.7631973], [10.8219254, 59.7632434]]}, "properties": {"bridge": "yes", "electrified": "contact_line", "frequency": "16.67", "gauge": "1435", "name": "\u00d8stfoldbanen", "operator": "Bane NOR", "passenger_lines": "2", "railway": "rail", "usage": "branch", "voltage": "15000", "length_km": 0.024}}, {"type": "Feature", "geometry": {"type": "LineString", "coordinates": [[11.669817, 58.9348979], [11.6698499, 58.934796]]}, "properties": {"bridge": "yes", "electrified": "contact_line", "frequency": "16.67", "gauge": "1435", "maxspeed": "80", "name": "\u00d8stfoldbanen", "passenger_lines": "1", "railway": "rail", "tracks": "1", "usage": "main", "voltage": "15000", "length_km": 0.012, "maxspeed_kmh": 80.0}}, {"type": "Feature", "geometry": {"type": "LineString", "coordinates": [[10.9058353, 59.2679794], [10.9056636, 59.2677485]]}, "properties": {"bridge": "yes", "electrified": "contact_line", "frequency": "16.67", "gauge": "1435", "maxspeed": "90", "name": "\u00d8stfoldbanen", "operator": "Bane NOR", "passenger_lines": "1", "railway": "rail", "usage": "main", "voltage": "15000", "length_km": 0.028, "maxspeed_kmh": 90.0}}, {"type": "Feature", "geometry": {"type": "LineString", "coordinates": [[10.9056636, 59.2677485], [10.9052756, 59.267229], [10.9050646, 59.266941], [10.9048972, 59.266716], [10.9047339, 59.2664728], [10.9046119, 59.26627], [10.904492, 59.2660447], [10.9044064, 59.265855], [10.9043408, 59.2657004], [10.9042744, 59.2654956], [10.9042296, 59.265341], [10.9041748, 59.2651166]]}, "properties": {"electrified": "contact_line", "frequency": "16.67", "gauge": "1435", "maxspeed": "90", "name": "\u00d8stfoldbanen", "operator": "Bane NOR", "passenger_lines": "1", "railway": "rail", "usage": "main", "voltage": "15000", "length_km": 0.306, "maxspeed_kmh": 90.0}}, {"type": "Feature", "geometry": {"type": "LineString", "coordinates": [[11.5308514, 58.9947298], [11.531261, 58.9940107]]}, "properties": {"bridge": "yes", "electrified": "contact_line", "frequency": "16.67", "gauge": "1435", "maxspeed": "80", "name": "\u00d8stfoldbanen", "operator": "Bane NOR", "passenger_lines": "1", "railway": "rail", "usage": "main", "voltage": "15000", "length_km": 0.084, "maxspeed_kmh": 80.0}}, {"type": "Feature", "geometry": {"type": "LineString", "coordinates": [[11.531261, 58.9940107], [11.5313831, 58.9938182], [11.5315104, 58.9936438], [11.531641, 58.9934981], [11.5317877, 58.9933511], [11.5319451, 58.9932187], [11.5321096, 58.993093], [11.5323083, 58.9929569], [11.5325749, 58.9927927], [11.5329011, 58.9926035], [11.5331621, 58.9924603], [11.5334325, 58.9923152], [11.5337492, 58.9921574], [11.5341214, 58.9919785], [11.5345875, 58.9917763], [11.5349084, 58.9916507], [11.5353013, 58.9915094], [11.5356054, 58.9914093], [11.5358927, 58.991321], [11.5361921, 58.9912335], [11.5369556, 58.9910267], [11.5371188, 58.9909832]]}, "properties": {"electrified": "contact_line", "frequency": "16.67", "gauge": "1435", "maxspeed": "80", "name": "\u00d8stfoldbanen", "operator": "Bane NOR", "passenger_lines": "1", "railway": "rail", "usage": "main", "voltage": "15000", "length_km": 0.489, "maxspeed_kmh": 80.0}}, {"type": "Feature", "geometry": {"type": "LineString", "coordinates": [[10.6630025, 59.438839], [10.662848, 59.438769], [10.6625952, 59.438645], [10.6623306, 59.4385088], [10.6621588, 59.4384045]]}, "properties": {"electrified": "contact_line", "frequency": "16.67", "gauge": "1435", "maxspeed": "60", "name": "\u00d8stfoldbanen", "operator": "Bane NOR", "passenger_lines": "1", "railway": "rail", "usage": "main", "voltage": "15000", "length_km": 0.068, "maxspeed_kmh": 60.0}}, {"type": "Feature", "geometry": {"type": "LineString", "coordinates": [[10.9387878, 59.217856], [10.9396297, 59.2175474], [10.9402036, 59.2173238], [10.9406093, 59.2171496], [10.9410176, 59.2169553]]}, "properties": {"electrified": "contact_line", "frequency": "16.67", "gauge": "1435", "maxspeed": "130", "name": "\u00d8stfoldbanen", "operator": "Bane NOR", "passenger_lines": "1", "railway": "rail", "usage": "main", "voltage": "15000", "length_km": 0.162, "maxspeed_kmh": 130.0}}, {"type": "Feature", "geometry": {"type": "LineString", "coordinates": [[10.9117261, 59.2374307], [10.9117464, 59.2373549]]}, "properties": {"bridge": "yes", "electrified": "contact_line", "frequency": "16.67", "gauge": "1435", "maxspeed": "130", "name": "\u00d8stfoldbanen", "operator": "Bane NOR", "railway": "rail", "usage": "main", "voltage": "15000", "length_km": 0.009, "maxspeed_kmh": 130.0}}, {"type": "Feature", "geometry": {"type": "LineString", "coordinates": [[10.9117464, 59.2373549], [10.9119272, 59.2367364], [10.9121307, 59.2360385], [10.9123372, 59.2353351], [10.9125383, 59.2346316], [10.9127413, 59.2339292], [10.912947, 59.2332269], [10.913146, 59.232523], [10.9133547, 59.2318219], [10.9134638, 59.2314718], [10.9135794, 59.2311236], [10.9137148, 59.2307702], [10.9138629, 59.2304158], [10.9140327, 59.2300686], [10.9142289, 59.2297165], [10.9146448, 59.2290097], [10.9150528, 59.2283151], [10.9154718, 59.2276075], [10.9158266, 59.227011], [10.9162097, 59.2263557], [10.9163952, 59.2260414], [10.9167534, 59.225449]]}, "properties": {"electrified": "contact_line", "frequency": "16.67", "gauge": "1435", "maxspeed": "130", "name": "\u00d8stfoldbanen", "operator": "Bane NOR", "passenger_lines": "1", "railway": "rail", "usage": "main", "voltage": "15000", "length_km": 1.36, "maxspeed_kmh": 130.0}}, {"type": "Feature", "geometry": {"type": "LineString", "coordinates": [[10.9311101, 59.2204333], [10.9320206, 59.2201293], [10.933457, 59.2196489], [10.9348142, 59.2191936], [10.9359511, 59.218807]]}, "properties": {"electrified": "contact_line", "frequency": "16.67", "gauge": "1435", "maxspeed": "130", "name": "\u00d8stfoldbanen", "operator": "Bane NOR", "passenger_lines": "1", "railway": "rail", "usage": "main", "voltage": "15000", "length_km": 0.331, "maxspeed_kmh": 130.0}}, {"type": "Feature", "geometry": {"type": "LineString", "coordinates": [[10.9308527, 59.2205206], [10.9311101, 59.2204333]]}, "properties": {"bridge": "yes", "electrified": "contact_line", "frequency": "16.67", "gauge": "1435", "maxspeed": "130", "name": "\u00d8stfoldbanen", "operator": "Bane NOR", "railway": "rail", "usage": "main", "voltage": "15000", "length_km": 0.018, "maxspeed_kmh": 130.0}}, {"type": "Feature", "geometry": {"type": "LineString", "coordinates": [[10.9474729, 59.2100063], [10.9476393, 59.209923], [10.948147, 59.2096632], [10.9484318, 59.2095449], [10.948686, 59.2094535], [10.9490319, 59.2093436], [10.9494262, 59.209237], [10.9497286, 59.2091659], [10.9499876, 59.2091117], [10.9503261, 59.2090525], [10.9507017, 59.208999], [10.9511007, 59.2089509], [10.951584, 59.208912], [10.9519931, 59.2088973], [10.952382, 59.2088946], [10.9526502, 59.2089042], [10.9529533, 59.2089166], [10.9532545, 59.2089331], [10.9532944, 59.2089355]]}, "properties": {"electrified": "contact_line", "frequency": "16.67", "gauge": "1435", "maxspeed": "40", "name": "\u00d8stfoldbanen", "passenger_lines": "2", "railway": "rail", "service": "siding", "voltage": "15000", "length_km": 0.369, "maxspeed_kmh": 40.0}}, {"type": "Feature", "geometry": {"type": "LineString", "coordinates": [[11.0277488, 59.2682736], [11.028032, 59.2682765], [11.0283032, 59.2682736]]}, "properties": {"bridge": "yes", "electrified": "contact_line", "frequency": "16.67", "gauge": "1435", "maxspeed": "70", "name": "\u00d8stfoldbanen", "operator": "Bane NOR", "passenger_lines": "1", "railway": "rail", "usage": "main", "voltage": "15000", "length_km": 0.032, "maxspeed_kmh": 70.0}}, {"type": "Feature", "geometry": {"type": "LineString", "coordinates": [[11.0283032, 59.2682736], [11.0284511, 59.2682682]]}, "properties": {"electrified": "contact_line", "frequency": "16.67", "gauge": "1435", "maxspeed": "70", "name": "\u00d8stfoldbanen", "operator": "Bane NOR", "passenger_lines": "1", "railway": "rail", "usage": "main", "voltage": "15000", "length_km": 0.008, "maxspeed_kmh": 70.0}}, {"type": "Feature", "geometry": {"type": "LineString", "coordinates": [[11.0268016, 59.2682054], [11.0270886, 59.268232], [11.0274219, 59.2682586], [11.0277488, 59.2682736]]}, "properties": {"electrified": "contact_line", "frequency": "16.67", "gauge": "1435", "maxspeed": "70", "name": "\u00d8stfoldbanen", "operator": "Bane NOR", "passenger_lines": "1", "railway": "rail", "usage": "main", "voltage": "15000", "length_km": 0.055, "maxspeed_kmh": 70.0}}, {"type": "Feature", "geometry": {"type": "LineString", "coordinates": [[10.7594783, 59.9010266], [10.7593863, 59.9009902], [10.759018, 59.9008377], [10.758679, 59.9006962], [10.7584459, 59.9006008], [10.7582688, 59.900525], [10.7581545, 59.9004724], [10.7579695, 59.90038], [10.7578188, 59.9003015]]}, "properties": {"electrified": "contact_line", "frequency": "16.67", "gauge": "1435", "maxspeed": "50", "name": "\u00d8stfoldbanen", "operator": "Bane NOR", "railway": "rail", "usage": "branch", "voltage": "15000", "length_km": 0.123, "maxspeed_kmh": 50.0}}, {"type": "Feature", "geometry": {"type": "LineString", "coordinates": [[10.7677278, 59.9036771], [10.7669615, 59.9032378]]}, "properties": {"electrified": "contact_line", "frequency": "16.67", "gauge": "1435", "maxspeed": "60", "name": "\u00d8stfoldbanen", "operator": "Bane NOR", "passenger_lines": "2", "railway": "rail", "tunnel": "yes", "usage": "branch", "voltage": "15000", "length_km": 0.065, "maxspeed_kmh": 60.0}}, {"type": "Feature", "geometry": {"type": "LineString", "coordinates": [[10.8368667, 59.7501508], [10.8369434, 59.7503188]]}, "properties": {"bridge": "yes", "electrified": "contact_line", "frequency": "16.67", "gauge": "1435", "maxspeed": "110", "name": "\u00d8stfoldbanen", "operator": "Bane NOR", "passenger_lines": "2", "railway": "rail", "usage": "branch", "voltage": "15000", "length_km": 0.019, "maxspeed_kmh": 110.0}}, {"type": "Feature", "geometry": {"type": "LineString", "coordinates": [[10.8149503, 59.3537882], [10.8129008, 59.3542973], [10.8125844, 59.354373], [10.8099516, 59.355021], [10.8069946, 59.3557572], [10.8040213, 59.3564991]]}, "properties": {"electrified": "contact_line", "frequency": "16.67", "gauge": "1435", "maxspeed": "130", "name": "\u00d8stfoldbanen", "operator": "Bane NOR", "passenger_lines": "2", "railway": "rail", "usage": "main", "voltage": "15000", "length_km": 0.691, "maxspeed_kmh": 130.0}}, {"type": "Feature", "geometry": {"type": "LineString", "coordinates": [[10.7260271, 59.3888175], [10.7267441, 59.3884591]]}, "properties": {"bridge": "yes", "electrified": "contact_line", "frequency": "16.67", "gauge": "1435", "maxspeed": "130", "name": "\u00d8stfoldbanen", "operator": "Bane NOR", "passenger_lines": "1", "railway": "rail", "usage": "main", "voltage": "15000", "length_km": 0.057, "maxspeed_kmh": 130.0}}, {"type": "Feature", "geometry": {"type": "LineString", "coordinates": [[10.8614499, 59.3479256], [10.8616708, 59.3479135], [10.8619567, 59.3478917], [10.8623357, 59.347852], [10.8628563, 59.3478136], [10.8632508, 59.347786], [10.8636364, 59.3477485], [10.8641453, 59.3476908], [10.8647555, 59.3476089], [10.8651908, 59.3475451], [10.8658962, 59.347426], [10.8663014, 59.347353], [10.8668349, 59.3472456], [10.867247, 59.3471575], [10.8678125, 59.3470251], [10.8682013, 59.3469251], [10.8685794, 59.3468233], [10.8690128, 59.3466999], [10.8693876, 59.3465833], [10.8696773, 59.346494], [10.8701718, 59.3463454], [10.8703595, 59.3462817]]}, "properties": {"electrified": "contact_line", "frequency": "16.67", "gauge": "1435", "maxspeed": "40", "name": "\u00d8stfoldbanen", "passenger_lines": "2", "railway": "rail", "service": "siding", "voltage": "15000", "length_km": 0.545, "maxspeed_kmh": 40.0}}, {"type": "Feature", "geometry": {"type": "LineString", "coordinates": [[10.7267441, 59.3884591], [10.7299579, 59.3868488]]}, "properties": {"electrified": "contact_line", "frequency": "16.67", "gauge": "1435", "maxspeed": "130", "name": "\u00d8stfoldbanen", "operator": "Bane NOR", "passenger_lines": "1", "railway": "rail", "usage": "main", "voltage": "15000", "length_km": 0.256, "maxspeed_kmh": 130.0}}, {"type": "Feature", "geometry": {"type": "LineString", "coordinates": [[11.1100494, 59.2902063], [11.1103819, 59.2901691], [11.1107808, 59.2901177], [11.110997, 59.2900875], [11.1113392, 59.2900337], [11.1116846, 59.2899644], [11.1120617, 59.2898722], [11.1123765, 59.2897795], [11.1126465, 59.2896917], [11.1131701, 59.2894987]]}, "properties": {"electrified": "contact_line", "frequency": "16.67", "gauge": "1435", "maxspeed": "60", "name": "\u00d8stfoldbanen", "operator": "Bane NOR", "passenger_lines": "2", "railway": "rail", "usage": "main", "voltage": "15000", "length_km": 0.197, "maxspeed_kmh": 60.0}}, {"type": "Feature", "geometry": {"type": "LineString", "coordinates": [[11.1267004, 59.280567], [11.1269217, 59.2804611]]}, "properties": {"bridge": "yes", "electrified": "contact_line", "frequency": "16.67", "gauge": "1435", "maxspeed": "60", "name": "\u00d8stfoldbanen", "operator": "Bane NOR", "passenger_lines": "1", "railway": "rail", "usage": "main", "voltage": "15000", "length_km": 0.017, "maxspeed_kmh": 60.0}}, {"type": "Feature", "geometry": {"type": "LineString", "coordinates": [[11.0852343, 59.2737517], [11.0854456, 59.2738168], [11.0856616, 59.2738784], [11.0860584, 59.2739793], [11.0862744, 59.2740392], [11.0865944, 59.2741409], [11.0871069, 59.2743136], [11.0873946, 59.2744179], [11.0877623, 59.2745632], [11.0881527, 59.2747368], [11.0884358, 59.2748736], [11.0886791, 59.2750073], [11.0888774, 59.2751235], [11.089063, 59.27525], [11.089273, 59.2754008], [11.0895347, 59.2756125], [11.0900168, 59.2760089], [11.0902369, 59.2762026], [11.0904319, 59.2764013], [11.0906545, 59.2766611], [11.0907898, 59.2768479], [11.0909121, 59.2770443], [11.0910251, 59.2772466], [11.0911073, 59.2774225], [11.0911734, 59.2776029], [11.0912336, 59.2778358], [11.0912636, 59.2779713], [11.0913228, 59.2784058], [11.0913579, 59.278669], [11.091393, 59.2790133], [11.0914522, 59.279883], [11.0914458, 59.2800396], [11.091432, 59.2801454], [11.091399, 59.2803839], [11.0913952, 59.2805303]]}, "properties": {"electrified": "contact_line", "frequency": "16.67", "gauge": "1435", "maxspeed": "40", "name": "\u00d8stfoldbanen", "passenger_lines": "2", "railway": "rail", "service": "siding", "usage": "main", "voltage": "15000", "length_km": 0.895, "maxspeed_kmh": 40.0}}, {"type": "Feature", "geometry": {"type": "LineString", "coordinates": [[10.9807308, 59.2369815], [10.9806095, 59.2368792], [10.9802127, 59.2365886], [10.9800209, 59.2364329], [10.9798308, 59.2362577], [10.9796372, 59.2360724], [10.9794598, 59.2358764], [10.9792912, 59.2356778], [10.9791656, 59.2355135], [10.9790522, 59.2353493], [10.9789435, 59.2351752], [10.97884, 59.2349994], [10.9787525, 59.2348294], [10.9786765, 59.2346568], [10.978609, 59.2344772], [10.9785529, 59.2342976], [10.9785102, 59.2341281], [10.9784729, 59.2339416], [10.9784673, 59.2338203], [10.9784745, 59.233728], [10.978509, 59.233529], [10.9785335, 59.2333922], [10.9785436, 59.2332692]]}, "properties": {"electrified": "contact_line", "frequency": "16.67", "gauge": "1435", "maxspeed": "20", "name": "\u00d8stfoldbanen", "passenger_lines": "2", "railway": "rail", "service": "siding", "voltage": "15000", "length_km": 0.442, "maxspeed_kmh": 20.0}}, {"type": "Feature", "geometry": {"type": "LineString", "coordinates": [[11.1269217, 59.2804611], [11.1275179, 59.2801729], [11.1278973, 59.279976], [11.1281185, 59.2798511], [11.1283163, 59.2797319], [11.1285706, 59.279558], [11.1287969, 59.2793824], [11.1290052, 59.279203], [11.1292178, 59.2789996], [11.1294171, 59.2787894], [11.1297552, 59.2783887]]}, "properties": {"electrified": "contact_line", "frequency": "16.67", "gauge": "1435", "maxspeed": "60", "name": "\u00d8stfoldbanen", "operator": "Bane NOR", "passenger_lines": "1", "railway": "rail", "usage": "main", "voltage": "15000", "length_km": 0.285, "maxspeed_kmh": 60.0}}, {"type": "Feature", "geometry": {"type": "LineString", "coordinates": [[11.1901592, 59.207284], [11.1901753, 59.2075499], [11.1901802, 59.2077467], [11.1901881, 59.2078663], [11.1901852, 59.2079859], [11.1901713, 59.2080989], [11.1901536, 59.2081957], [11.1897059, 59.2104436], [11.1895137, 59.2114262], [11.1894333, 59.2118392], [11.1893996, 59.2120161], [11.1893708, 59.2121393], [11.1893117, 59.212333], [11.1892896, 59.2124437], [11.1892668, 59.2125592]]}, "properties": {"electrified": "contact_line", "frequency": "16.67", "gauge": "1435", "maxspeed": "40", "name": "\u00d8stfoldbanen", "passenger_lines": "2", "railway": "rail", "service": "siding", "voltage": "15000", "length_km": 0.591, "maxspeed_kmh": 40.0}}, {"type": "Feature", "geometry": {"type": "LineString", "coordinates": [[11.2365548, 59.1639521], [11.2366013, 59.1638349], [11.2366591, 59.1636806], [11.2366982, 59.1635277], [11.2367374, 59.16339], [11.2367931, 59.1632374], [11.2368392, 59.1631276], [11.2375685, 59.1615064], [11.2376697, 59.1612991], [11.2377617, 59.1611229], [11.2379023, 59.1608735], [11.2379951, 59.1607122], [11.2380866, 59.160563], [11.2382292, 59.1603388], [11.2383971, 59.1600866], [11.2386073, 59.1597841], [11.2388373, 59.1594722], [11.2390239, 59.1592311], [11.2392185, 59.158981], [11.239693, 59.1583712], [11.2404836, 59.157349], [11.2410548, 59.1566046], [11.2411535, 59.1564851], [11.2412423, 59.1563783], [11.2413999, 59.1562124], [11.2414977, 59.1561069], [11.241679, 59.1558742]]}, "properties": {"electrified": "contact_line", "frequency": "16.67", "gauge": "1435", "maxspeed": "40", "name": "\u00d8stfoldbanen", "railway": "rail", "service": "siding", "voltage": "15000", "length_km": 0.95, "maxspeed_kmh": 40.0}}, {"type": "Feature", "geometry": {"type": "LineString", "coordinates": [[11.3345124, 59.1193631], [11.3349373, 59.1192962]]}, "properties": {"electrified": "contact_line", "frequency": "16.67", "gauge": "1435", "maxspeed": "85", "name": "\u00d8stfoldbanen", "operator": "Bane NOR", "passenger_lines": "1", "railway": "rail", "usage": "main", "voltage": "15000", "length_km": 0.025, "maxspeed_kmh": 85.0}}, {"type": "Feature", "geometry": {"type": "LineString", "coordinates": [[11.2941964, 59.1243104], [11.2940989, 59.1243501], [11.2940105, 59.1243895], [11.2938817, 59.1244491], [11.2936474, 59.1245634], [11.2932134, 59.1247717], [11.293022, 59.1248677], [11.2928477, 59.1249527], [11.2926708, 59.1250458], [11.2923654, 59.1252048], [11.2920963, 59.1253445], [11.2918211, 59.1254888], [11.2915838, 59.1256145], [11.2913245, 59.1257616], [11.2910815, 59.1259093], [11.2908573, 59.1260502], [11.2905293, 59.1262705], [11.2901513, 59.1265374], [11.2896464, 59.1268919], [11.2892437, 59.1271708], [11.2888576, 59.1274459], [11.2885035, 59.1277103], [11.2882419, 59.1279027], [11.2878942, 59.1281471], [11.2853313, 59.1299385], [11.2850221, 59.130152], [11.2848725, 59.1302496], [11.28471, 59.1303456], [11.284557, 59.1304372]]}, "properties": {"electrified": "contact_line", "frequency": "16.67", "gauge": "1435", "maxspeed": "40", "name": "\u00d8stfoldbanen", "passenger_lines": "2", "railway": "rail", "service": "siding", "voltage": "15000", "length_km": 0.88, "maxspeed_kmh": 40.0}}, {"type": "Feature", "geometry": {"type": "LineString", "coordinates": [[11.3414064, 59.1173857], [11.3417444, 59.1173664], [11.342103, 59.1173553], [11.3424354, 59.1173637], [11.3427529, 59.1173862], [11.3430622, 59.117417]]}, "properties": {"electrified": "contact_line", "frequency": "16.67", "gauge": "1435", "maxspeed": "85", "name": "\u00d8stfoldbanen", "operator": "Bane NOR", "passenger_lines": "1", "railway": "rail", "tunnel": "yes", "usage": "main", "voltage": "15000", "length_km": 0.096, "maxspeed_kmh": 85.0}}, {"type": "Feature", "geometry": {"type": "LineString", "coordinates": [[11.2961728, 59.1236379], [11.2963752, 59.1235801]]}, "properties": {"bridge": "yes", "electrified": "contact_line", "frequency": "16.67", "gauge": "1435", "maxspeed": "130", "name": "\u00d8stfoldbanen", "operator": "Bane NOR", "passenger_lines": "1", "railway": "rail", "usage": "main", "voltage": "15000", "length_km": 0.013, "maxspeed_kmh": 130.0}}, {"type": "Feature", "geometry": {"type": "LineString", "coordinates": [[11.3430622, 59.117417], [11.3432956, 59.1174454], [11.3436272, 59.1174911], [11.3439332, 59.1175389], [11.344509, 59.1176303], [11.3449699, 59.1176989], [11.3452387, 59.1177342], [11.345498, 59.1177657], [11.3457859, 59.1177966], [11.3460722, 59.1178257], [11.3463249, 59.1178446], [11.3465879, 59.1178635]]}, "properties": {"electrified": "contact_line", "frequency": "16.67", "gauge": "1435", "maxspeed": "85", "name": "\u00d8stfoldbanen", "operator": "Bane NOR", "passenger_lines": "1", "railway": "rail", "usage": "main", "voltage": "15000", "length_km": 0.208, "maxspeed_kmh": 85.0}}, {"type": "Feature", "geometry": {"type": "LineString", "coordinates": [[11.2120573, 59.1801432], [11.2132421, 59.1800209]]}, "properties": {"bridge": "yes", "electrified": "contact_line", "frequency": "16.67", "gauge": "1435", "maxspeed": "100", "name": "\u00d8stfoldbanen", "operator": "Bane NOR", "passenger_lines": "1", "railway": "rail", "ref": "ING", "usage": "main", "voltage": "15000", "length_km": 0.069, "maxspeed_kmh": 100.0}}, {"type": "Feature", "geometry": {"type": "LineString", "coordinates": [[11.2963752, 59.1235801], [11.2966984, 59.1234915], [11.297098, 59.1233844], [11.2974724, 59.1232894], [11.2979426, 59.1231827], [11.2985111, 59.1230593], [11.2989676, 59.1229709], [11.2995376, 59.1228669], [11.3000455, 59.1227831], [11.3005293, 59.122711], [11.3009163, 59.1226606], [11.3014107, 59.1226008], [11.3017645, 59.1225612], [11.3022582, 59.122512], [11.3026659, 59.1224779], [11.3030216, 59.1224515], [11.3034082, 59.1224262], [11.3038129, 59.1224054], [11.3042659, 59.1223871], [11.3046606, 59.1223755], [11.3049805, 59.1223695], [11.3053257, 59.1223643], [11.3056904, 59.1223636], [11.3064828, 59.1223641], [11.3069996, 59.1223657], [11.3074742, 59.1223651], [11.3077939, 59.1223607], [11.3081808, 59.1223542], [11.3085988, 59.1223426], [11.3090264, 59.122324], [11.3094091, 59.1223037], [11.3098859, 59.122273], [11.3103573, 59.1222368], [11.3108191, 59.1221951], [11.3112585, 59.122149], [11.3115932, 59.1221104], [11.3120415, 59.122055], [11.3124074, 59.1220061], [11.3127732, 59.1219518], [11.3131421, 59.1218936], [11.3134354, 59.1218455], [11.3138088, 59.1217788], [11.3141565, 59.1217136], [11.3144967, 59.1216438], [11.314874, 59.1215617], [11.3153739, 59.1214452], [11.3157106, 59.1213622], [11.3162345, 59.1212311], [11.3202227, 59.1202109], [11.3204842, 59.120144], [11.3207867, 59.1200664], [11.3210735, 59.1199926], [11.3217237, 59.1198262], [11.3218675, 59.1197897]]}, "properties": {"electrified": "contact_line", "frequency": "16.67", "gauge": "1435", "maxspeed": "130", "name": "\u00d8stfoldbanen", "operator": "Bane NOR", "passenger_lines": "1", "railway": "rail", "usage": "main", "voltage": "15000", "length_km": 1.541, "maxspeed_kmh": 130.0}}, {"type": "Feature", "geometry": {"type": "LineString", "coordinates": [[11.2132421, 59.1800209], [11.2154551, 59.1797886], [11.2159854, 59.1797306], [11.2164941, 59.1796642], [11.2169002, 59.1796041], [11.2174008, 59.1795176], [11.2177503, 59.1794513], [11.218174, 59.1793593], [11.2185896, 59.179257], [11.2189202, 59.1791685], [11.2192036, 59.1790869], [11.219522, 59.1789894], [11.2198216, 59.1788892], [11.2201009, 59.1787883], [11.2204099, 59.1786707], [11.2207297, 59.1785387], [11.2210063, 59.1784149], [11.2212857, 59.1782822], [11.2215474, 59.1781487], [11.2217687, 59.1780284], [11.2220386, 59.1778722], [11.2222375, 59.1777474], [11.222462, 59.1775974], [11.2229784, 59.1772292], [11.2233827, 59.1769192]]}, "properties": {"electrified": "contact_line", "frequency": "16.67", "gauge": "1435", "maxspeed": "100", "name": "\u00d8stfoldbanen", "operator": "Bane NOR", "passenger_lines": "1", "railway": "rail", "ref": "ING", "usage": "main", "voltage": "15000", "length_km": 0.702, "maxspeed_kmh": 100.0}}, {"type": "Feature", "geometry": {"type": "LineString", "coordinates": [[11.3465879, 59.1178635], [11.3476201, 59.1179262], [11.3497202, 59.1180553]]}, "properties": {"electrified": "contact_line", "frequency": "16.67", "gauge": "1435", "maxspeed": "85", "name": "\u00d8stfoldbanen", "operator": "Bane NOR", "passenger_lines": "1", "railway": "rail", "tunnel": "yes", "usage": "main", "voltage": "15000", "length_km": 0.181, "maxspeed_kmh": 85.0}}, {"type": "Feature", "geometry": {"type": "LineString", "coordinates": [[11.2476204, 59.1524065], [11.2478651, 59.1523686]]}, "properties": {"bridge": "yes", "electrified": "contact_line", "frequency": "16.67", "gauge": "1435", "maxspeed": "105", "name": "\u00d8stfoldbanen", "operator": "Bane NOR", "passenger_lines": "1", "railway": "rail", "usage": "main", "voltage": "15000", "length_km": 0.015, "maxspeed_kmh": 105.0}}, {"type": "Feature", "geometry": {"type": "LineString", "coordinates": [[11.2478651, 59.1523686], [11.2482356, 59.1523134], [11.248663, 59.1522557], [11.249025, 59.1522063], [11.2495707, 59.1521283], [11.2499363, 59.152073], [11.2502828, 59.1520153], [11.2505681, 59.1519606], [11.250837, 59.1519038], [11.2510546, 59.1518543], [11.2512863, 59.1517969], [11.2515026, 59.1517374], [11.2517597, 59.1516629], [11.2520153, 59.1515801], [11.2522086, 59.1515127], [11.2524, 59.1514466], [11.252613, 59.1513587], [11.2528314, 59.1512669], [11.2530718, 59.1511574], [11.2534081, 59.1509906], [11.2538631, 59.1507442], [11.2541604, 59.1505782]]}, "properties": {"electrified": "contact_line", "frequency": "16.67", "gauge": "1435", "maxspeed": "105", "name": "\u00d8stfoldbanen", "operator": "Bane NOR", "passenger_lines": "1", "railway": "rail", "usage": "main", "voltage": "15000", "length_km": 0.421, "maxspeed_kmh": 105.0}}, {"type": "Feature", "geometry": {"type": "LineString", "coordinates": [[11.3315801, 59.1193132], [11.3318467, 59.119347], [11.3321088, 59.1193735]]}, "properties": {"electrified": "contact_line", "frequency": "16.67", "gauge": "1435", "maxspeed": "85", "name": "\u00d8stfoldbanen", "operator": "Bane NOR", "railway": "rail", "tunnel": "yes", "usage": "main", "voltage": "15000", "length_km": 0.031, "maxspeed_kmh": 85.0}}, {"type": "Feature", "geometry": {"type": "LineString", "coordinates": [[10.6979362, 59.3975325], [10.6976111, 59.3975841], [10.6974539, 59.3976105], [10.6972162, 59.3976588], [10.6969707, 59.397703], [10.6967415, 59.3977397], [10.6959761, 59.3978537], [10.6952941, 59.3979556], [10.6936537, 59.3982083], [10.6925915, 59.398374], [10.6898609, 59.3987993], [10.6896473, 59.3988306], [10.6894278, 59.3988593], [10.6891664, 59.3988891], [10.6890013, 59.3989134], [10.6887604, 59.39895]]}, "properties": {"electrified": "contact_line", "frequency": "16.67", "gauge": "1435", "maxspeed": "130", "name": "\u00d8stfoldbanen", "railway": "rail", "service": "siding", "voltage": "15000", "length_km": 0.545, "maxspeed_kmh": 130.0}}, {"type": "Feature", "geometry": {"type": "LineString", "coordinates": [[10.6902752, 59.4756738], [10.6899678, 59.4753868], [10.6889734, 59.4744678], [10.6885383, 59.4740666], [10.6880362, 59.4736003], [10.6879418, 59.4735081], [10.6875929, 59.4731704], [10.6872862, 59.4728616]]}, "properties": {"electrified": "contact_line", "frequency": "16.67", "gauge": "1435", "name": "\u00d8stfoldbanen", "operator": "Bane NOR", "passenger_lines": "2", "railway": "rail", "usage": "main", "voltage": "15000", "length_km": 0.356}}, {"type": "Feature", "geometry": {"type": "LineString", "coordinates": [[10.6866022, 59.4721255], [10.6863272, 59.4718083], [10.686018, 59.4714351], [10.6857234, 59.4710587], [10.6854786, 59.4707411]]}, "properties": {"electrified": "contact_line", "frequency": "16.67", "gauge": "1435", "maxspeed": "160", "name": "\u00d8stfoldbanen", "operator": "Bane NOR", "passenger_lines": "2", "railway": "rail", "usage": "main", "voltage": "15000", "length_km": 0.167, "maxspeed_kmh": 160.0}}, {"type": "Feature", "geometry": {"type": "LineString", "coordinates": [[10.6872862, 59.4728616], [10.687096, 59.4726619], [10.6868501, 59.472398], [10.6866022, 59.4721255]]}, "properties": {"bridge": "yes", "electrified": "contact_line", "frequency": "16.67", "gauge": "1435", "maxspeed": "160", "name": "\u00d8stfoldbanen", "operator": "Bane NOR", "passenger_lines": "2", "railway": "rail", "usage": "main", "voltage": "15000", "length_km": 0.091, "maxspeed_kmh": 160.0}}, {"type": "Feature", "geometry": {"type": "LineString", "coordinates": [[10.6733589, 59.4569569], [10.6730108, 59.4565967]]}, "properties": {"electrified": "contact_line", "frequency": "16.67", "gauge": "1435", "maxspeed": "160", "name": "\u00d8stfoldbanen", "operator": "Bane NOR", "passenger_lines": "2", "railway": "rail", "usage": "main", "voltage": "15000", "length_km": 0.045, "maxspeed_kmh": 160.0}}, {"type": "Feature", "geometry": {"type": "LineString", "coordinates": [[10.6854786, 59.4707411], [10.6850896, 59.4702939], [10.6823337, 59.4671255], [10.6743602, 59.457957], [10.674065, 59.4576611], [10.6733589, 59.4569569]]}, "properties": {"electrified": "contact_line", "frequency": "16.67", "gauge": "1435", "maxspeed": "160", "name": "\u00d8stfoldbanen", "operator": "Bane NOR", "passenger_lines": "2", "railway": "rail", "tunnel": "yes", "usage": "main", "voltage": "15000", "length_km": 1.683, "maxspeed_kmh": 160.0}}, {"type": "Feature", "geometry": {"type": "LineString", "coordinates": [[10.8145075, 59.6999817], [10.8205132, 59.7033483]]}, "properties": {"electrified": "contact_line", "frequency": "16.67", "gauge": "1435", "maxspeed": "160", "name": "\u00d8stfoldbanen", "operator": "Bane NOR", "passenger_lines": "2", "railway": "rail", "tunnel": "yes", "usage": "main", "voltage": "15000", "length_km": 0.505, "maxspeed_kmh": 160.0}}, {"type": "Feature", "geometry": {"type": "LineString", "coordinates": [[10.7281743, 59.5370524], [10.7266467, 59.5407216]]}, "properties": {"bridge": "yes", "electrified": "contact_line", "frequency": "16.67", "gauge": "1435", "maxspeed": "160", "name": "\u00d8stfoldbanen", "operator": "Bane NOR", "passenger_lines": "2", "railway": "rail", "usage": "main", "voltage": "15000", "length_km": 0.418, "maxspeed_kmh": 160.0}}, {"type": "Feature", "geometry": {"type": "LineString", "coordinates": [[10.7265701, 59.5407136], [10.728096, 59.5370442]]}, "properties": {"bridge": "yes", "electrified": "contact_line", "frequency": "16.67", "gauge": "1435", "maxspeed": "160", "name": "\u00d8stfoldbanen", "operator": "Bane NOR", "passenger_lines": "2", "railway": "rail", "usage": "main", "voltage": "15000", "length_km": 0.418, "maxspeed_kmh": 160.0}}, {"type": "Feature", "geometry": {"type": "LineString", "coordinates": [[10.8204529, 59.7033755], [10.8144473, 59.7000086]]}, "properties": {"electrified": "contact_line", "frequency": "16.67", "gauge": "1435", "maxspeed": "160", "name": "\u00d8stfoldbanen", "operator": "Bane NOR", "passenger_lines": "2", "railway": "rail", "tunnel": "yes", "usage": "main", "voltage": "15000", "length_km": 0.505, "maxspeed_kmh": 160.0}}, {"type": "Feature", "geometry": {"type": "LineString", "coordinates": [[10.8238988, 59.7053413], [10.8222777, 59.7043978]]}, "properties": {"electrified": "contact_line", "frequency": "16.67", "gauge": "1435", "maxspeed": "160", "name": "\u00d8stfoldbanen", "operator": "Bane NOR", "passenger_lines": "2", "railway": "rail", "tunnel": "yes", "usage": "main", "voltage": "15000", "length_km": 0.139, "maxspeed_kmh": 160.0}}, {"type": "Feature", "geometry": {"type": "LineString", "coordinates": [[10.7305572, 59.5277676], [10.7305297, 59.5274463], [10.7304749, 59.5269635], [10.7303953, 59.526446], [10.7302996, 59.5259168], [10.7301898, 59.5253768], [10.7300659, 59.5248409], [10.7299145, 59.5242589], [10.7297513, 59.5236817], [10.729568, 59.5231054], [10.7293873, 59.5225748], [10.7291915, 59.5220424], [10.7290788, 59.5217562], [10.7289637, 59.5214706], [10.7288441, 59.5211854], [10.7287209, 59.5209008], [10.7285941, 59.5206149], [10.7284613, 59.5203303], [10.7283266, 59.5200464], [10.7281871, 59.5197631], [10.7280451, 59.51948], [10.7278971, 59.5191981], [10.7277471, 59.518919], [10.7275924, 59.5186417], [10.7274421, 59.518376], [10.7272941, 59.5181226], [10.727141, 59.5178629], [10.7269843, 59.5176069], [10.7266615, 59.5170929], [10.7263267, 59.5165808], [10.7256241, 59.5155427], [10.724944, 59.5145431], [10.7245859, 59.5140179], [10.7242309, 59.5135099], [10.7238509, 59.512987], [10.7236872, 59.5127666], [10.7234654, 59.5124802], [10.723075, 59.5119769], [10.722671, 59.5114797], [10.7222541, 59.5109831], [10.7218272, 59.5104894], [10.7213518, 59.5099563], [10.7208677, 59.5094339], [10.7204034, 59.508948], [10.7193175, 59.5078651], [10.7186281, 59.5072132], [10.7167767, 59.5055008], [10.7163975, 59.5051464], [10.7160631, 59.5048263], [10.7157389, 59.5045056], [10.7155746, 59.5043379], [10.7154267, 59.5041847], [10.7151199, 59.5038599], [10.7147924, 59.5034942], [10.7143719, 59.503], [10.714156, 59.5027317], [10.7139466, 59.5024626], [10.7137363, 59.5021814], [10.7135414, 59.5019097], [10.7133634, 59.5016535], [10.7131911, 59.5013963], [10.7130255, 59.5011408], [10.7128684, 59.50089], [10.712498, 59.5002825], [10.7118835, 59.4992546], [10.7088963, 59.4942693], [10.7083769, 59.4934128], [10.7080967, 59.4929871], [10.7077917, 59.4925298], [10.7073927, 59.4919533], [10.7069798, 59.491385], [10.7065594, 59.4908262], [10.7063299, 59.4905286], [10.7061023, 59.4902403], [10.7058635, 59.4899455], [10.7056284, 59.48966], [10.7053982, 59.4893875], [10.7051653, 59.4891153], [10.7049361, 59.4888526], [10.7047089, 59.4885965], [10.7045231, 59.4883918], [10.7043354, 59.4881876], [10.7041401, 59.4879825], [10.7039482, 59.4877851], [10.7036601, 59.4874956], [10.7034596, 59.4873108], [10.7032022, 59.4870742], [10.702941, 59.4868415], [10.7027014, 59.4866356], [10.7024606, 59.4864335], [10.7022244, 59.4862426], [10.7019856, 59.4860537], [10.701497, 59.4856822], [10.7009877, 59.4853091]]}, "properties": {"electrified": "contact_line", "frequency": "16.67", "gauge": "1435", "maxspeed": "160", "name": "\u00d8stfoldbanen", "operator": "Bane NOR", "passenger_lines": "2", "railway": "rail", "usage": "main", "voltage": "15000", "length_km": 5.056, "maxspeed_kmh": 160.0}}, {"type": "Feature", "geometry": {"type": "LineString", "coordinates": [[10.8016807, 59.6889101], [10.801501, 59.688647], [10.8013302, 59.6883835], [10.8011554, 59.6881009], [10.8009883, 59.687824], [10.8008677, 59.687607], [10.8007513, 59.6873906], [10.8006377, 59.6871738], [10.8005298, 59.6869527], [10.8003242, 59.686519], [10.8001698, 59.6861655], [10.800036, 59.685827], [10.7998632, 59.68538], [10.7996412, 59.6847841], [10.7993503, 59.6840131], [10.798294, 59.6811898], [10.797056, 59.6778874], [10.7963518, 59.6759919], [10.7956179, 59.6740343], [10.7950842, 59.6726102]]}, "properties": {"electrified": "contact_line", "frequency": "16.67", "gauge": "1435", "maxspeed": "160", "name": "\u00d8stfoldbanen", "operator": "Bane NOR", "passenger_lines": "2", "railway": "rail", "usage": "main", "voltage": "15000", "length_km": 1.855, "maxspeed_kmh": 160.0}}, {"type": "Feature", "geometry": {"type": "LineString", "coordinates": [[10.8318733, 59.7129855], [10.8310911, 59.7120288], [10.8309517, 59.71186], [10.8308008, 59.7116764]]}, "properties": {"electrified": "contact_line", "frequency": "16.67", "gauge": "1435", "name": "\u00d8stfoldbanen", "operator": "Bane NOR", "passenger_lines": "2", "railway": "rail", "tunnel": "yes", "usage": "main", "voltage": "15000", "length_km": 0.158}}, {"type": "Feature", "geometry": {"type": "LineString", "coordinates": [[10.728096, 59.5370442], [10.7282059, 59.5367725], [10.7285536, 59.5359346], [10.7287834, 59.5353877]]}, "properties": {"electrified": "contact_line", "frequency": "16.67", "gauge": "1435", "maxspeed": "160", "name": "\u00d8stfoldbanen", "operator": "Bane NOR", "passenger_lines": "2", "railway": "rail", "usage": "main", "voltage": "15000", "length_km": 0.189, "maxspeed_kmh": 160.0}}, {"type": "Feature", "geometry": {"type": "LineString", "coordinates": [[10.8205132, 59.7033483], [10.8216075, 59.7039632], [10.8223396, 59.7043724]]}, "properties": {"electrified": "contact_line", "frequency": "16.67", "gauge": "1435", "maxspeed": "160", "name": "\u00d8stfoldbanen", "operator": "Bane NOR", "passenger_lines": "2", "railway": "rail", "usage": "main", "voltage": "15000", "length_km": 0.154, "maxspeed_kmh": 160.0}}, {"type": "Feature", "geometry": {"type": "LineString", "coordinates": [[10.8222777, 59.7043978], [10.8215452, 59.7039889], [10.8204529, 59.7033755]]}, "properties": {"electrified": "contact_line", "frequency": "16.67", "gauge": "1435", "maxspeed": "160", "name": "\u00d8stfoldbanen", "operator": "Bane NOR", "passenger_lines": "2", "railway": "rail", "usage": "main", "voltage": "15000", "length_km": 0.153, "maxspeed_kmh": 160.0}}, {"type": "Feature", "geometry": {"type": "LineString", "coordinates": [[10.8144473, 59.7000086], [10.8143628, 59.6999609], [10.8140846, 59.6998058], [10.8138106, 59.6996494], [10.8135285, 59.6994874], [10.8132523, 59.6993232], [10.8129664, 59.6991498], [10.8126847, 59.6989744], [10.8123792, 59.6987806], [10.8120804, 59.6985843], [10.8117824, 59.6983867], [10.8114904, 59.6981868], [10.8111895, 59.6979737], [10.8108898, 59.6977544], [10.8105661, 59.6975131], [10.8102483, 59.6972666], [10.8099168, 59.6970028], [10.8095903, 59.6967304], [10.8092722, 59.6964596], [10.8089618, 59.6961855], [10.8083492, 59.6956369], [10.8059995, 59.6935265], [10.8054359, 59.6930165], [10.8048254, 59.6924656], [10.8045485, 59.69221], [10.8042775, 59.69195], [10.8038719, 59.6915489], [10.8035658, 59.6912317], [10.8034108, 59.6910658], [10.8032556, 59.690896], [10.8030747, 59.6906918], [10.8028949, 59.6904866], [10.8025247, 59.6900394], [10.802391, 59.6898792]]}, "properties": {"electrified": "contact_line", "frequency": "16.67", "gauge": "1435", "maxspeed": "160", "name": "\u00d8stfoldbanen", "operator": "Bane NOR", "passenger_lines": "2", "railway": "rail", "usage": "main", "voltage": "15000", "length_km": 1.322, "maxspeed_kmh": 160.0}}, {"type": "Feature", "geometry": {"type": "LineString", "coordinates": [[10.7287834, 59.5353877], [10.7301588, 59.5320536], [10.7303925, 59.5313216], [10.7305566, 59.5305943], [10.7306324, 59.5299062], [10.730647, 59.5292683], [10.7306174, 59.5285691], [10.7305572, 59.5277676]]}, "properties": {"electrified": "contact_line", "frequency": "16.67", "gauge": "1435", "maxspeed": "160", "name": "\u00d8stfoldbanen", "operator": "Bane NOR", "passenger_lines": "2", "railway": "rail", "tunnel": "yes", "usage": "main", "voltage": "15000", "length_km": 0.859, "maxspeed_kmh": 160.0}}, {"type": "Feature", "geometry": {"type": "LineString", "coordinates": [[10.8293865, 59.7099534], [10.8290811, 59.7096068], [10.8288923, 59.7093878], [10.8286959, 59.709173]]}, "properties": {"electrified": "contact_line", "frequency": "16.67", "gauge": "1435", "name": "\u00d8stfoldbanen", "operator": "Bane NOR", "passenger_lines": "2", "railway": "rail", "usage": "main", "voltage": "15000", "length_km": 0.095}}, {"type": "Feature", "geometry": {"type": "LineString", "coordinates": [[10.802469, 59.7948526], [10.8025089, 59.7949697], [10.8025416, 59.795079]]}, "properties": {"bridge": "yes", "electrified": "contact_line", "frequency": "16.67", "gauge": "1435", "maxspeed": "105", "name": "\u00d8stfoldbanen", "operator": "Bane NOR", "passenger_lines": "2", "railway": "rail", "usage": "branch", "voltage": "15000", "length_km": 0.026, "maxspeed_kmh": 105.0}}, {"type": "Feature", "geometry": {"type": "LineString", "coordinates": [[10.8024634, 59.7950921], [10.8024278, 59.7949811], [10.80239, 59.7948624]]}, "properties": {"bridge": "yes", "electrified": "contact_line", "frequency": "16.67", "gauge": "1435", "maxspeed": "105", "name": "\u00d8stfoldbanen", "operator": "Bane NOR", "passenger_lines": "2", "railway": "rail", "usage": "branch", "voltage": "15000", "length_km": 0.026, "maxspeed_kmh": 105.0}}, {"type": "Feature", "geometry": {"type": "LineString", "coordinates": [[10.8218743, 59.76321], [10.8220598, 59.7631619], [10.8222284, 59.7631141]]}, "properties": {"bridge": "yes", "electrified": "contact_line", "frequency": "16.67", "gauge": "1435", "maxspeed": "85", "name": "\u00d8stfoldbanen", "operator": "Bane NOR", "passenger_lines": "2", "railway": "rail", "usage": "branch", "voltage": "15000", "length_km": 0.023, "maxspeed_kmh": 85.0}}, {"type": "Feature", "geometry": {"type": "LineString", "coordinates": [[10.8377415, 59.7442357], [10.8378718, 59.7440548], [10.8379814, 59.7438815], [10.8380751, 59.7437086], [10.8381498, 59.7435382], [10.8382087, 59.7433664], [10.8382518, 59.7432097], [10.8382849, 59.7430522], [10.838312, 59.7428495], [10.838332, 59.7426476], [10.8383574, 59.7422801], [10.8383831, 59.7418984], [10.8384218, 59.7413557], [10.8384463, 59.7410679], [10.8385058, 59.7401547], [10.8385163, 59.7400586], [10.8385358, 59.7398605], [10.8385585, 59.7396694], [10.838594, 59.7394479], [10.8386506, 59.7391834], [10.8387117, 59.7389433], [10.8387877, 59.7387011], [10.8388686, 59.7384599], [10.838961, 59.7382204], [10.839075, 59.7379568], [10.8391941, 59.7376939], [10.83941, 59.7372072], [10.8398307, 59.7362671], [10.8399587, 59.7359861]]}, "properties": {"electrified": "contact_line", "frequency": "16.67", "gauge": "1435", "maxspeed": "100", "name": "\u00d8stfoldbanen", "operator": "Bane NOR", "passenger_lines": "2", "railway": "rail", "usage": "branch", "voltage": "15000", "length_km": 0.932, "maxspeed_kmh": 100.0}}, {"type": "Feature", "geometry": {"type": "LineString", "coordinates": [[10.8368609, 59.7503242], [10.8367887, 59.750161]]}, "properties": {"bridge": "yes", "electrified": "contact_line", "frequency": "16.67", "gauge": "1435", "name": "\u00d8stfoldbanen", "operator": "Bane NOR", "passenger_lines": "2", "railway": "rail", "usage": "branch", "voltage": "15000", "length_km": 0.019}}, {"type": "Feature", "geometry": {"type": "LineString", "coordinates": [[10.8000785, 59.7916536], [10.8000662, 59.7916151], [10.7999922, 59.7913471], [10.7999276, 59.7910784], [10.799868, 59.79081], [10.7998164, 59.7905405], [10.7997818, 59.7903107], [10.7997553, 59.7900769], [10.7997273, 59.7897192], [10.7997214, 59.7893621], [10.7997278, 59.7891034], [10.7997446, 59.7888441], [10.7997773, 59.7885219], [10.799807, 59.7883294], [10.7998588, 59.7880743], [10.7998922, 59.7879474], [10.7999303, 59.787821], [10.8000024, 59.7876056], [10.8000827, 59.7873908], [10.8001831, 59.7871261], [10.800244, 59.7869659], [10.8004255, 59.7864933], [10.8004517, 59.7864248], [10.8005364, 59.7862038], [10.800621, 59.7859829], [10.8006601, 59.7858773], [10.8006991, 59.7857716], [10.8007375, 59.7856663], [10.8007725, 59.7855603], [10.8008064, 59.7854579], [10.8008351, 59.7853491], [10.8008667, 59.7852285], [10.8008925, 59.7851068], [10.8009132, 59.7849861], [10.8009281, 59.784866], [10.8009525, 59.784594], [10.8009636, 59.7843291], [10.8009738, 59.7840351], [10.8009882, 59.7836201], [10.801005, 59.7831572], [10.8010095, 59.783072], [10.8010145, 59.7829984], [10.801034, 59.7827484], [10.8010593, 59.7824984], [10.8010787, 59.7823345], [10.8011225, 59.7820077], [10.8012192, 59.7814801], [10.8012761, 59.7812242], [10.8013389, 59.7809695], [10.8014846, 59.780434], [10.801659, 59.7799016], [10.8018563, 59.7793644], [10.8020775, 59.7788399], [10.8023155, 59.7783235], [10.8025874, 59.7777975], [10.8028796, 59.7772756], [10.8031959, 59.7767634], [10.8033621, 59.7765068], [10.8035364, 59.7762503], [10.8037166, 59.7759944], [10.8039025, 59.7757381], [10.8040925, 59.7754886], [10.8042876, 59.7752401], [10.8046893, 59.7747438], [10.8051127, 59.7742477], [10.805479, 59.7738497], [10.8056636, 59.7736593], [10.8058607, 59.7734599], [10.8062641, 59.7730729], [10.8065863, 59.7727768], [10.8066831, 59.772693], [10.8068999, 59.7725065], [10.8071208, 59.7723205], [10.8073452, 59.7721369], [10.8075768, 59.7719538], [10.8076573, 59.7718901]]}, "properties": {"electrified": "contact_line", "frequency": "16.67", "gauge": "1435", "maxspeed": "125", "name": "\u00d8stfoldbanen", "operator": "Bane NOR", "passenger_lines": "2", "railway": "rail", "usage": "branch", "voltage": "15000", "length_km": 2.279, "maxspeed_kmh": 125.0}}, {"type": "Feature", "geometry": {"type": "LineString", "coordinates": [[10.8222284, 59.7631141], [10.8223, 59.7630924], [10.822562, 59.7630045], [10.8228119, 59.7629114], [10.8230771, 59.7627953], [10.8233269, 59.762673], [10.8235592, 59.7625423], [10.8237754, 59.7624042], [10.8239724, 59.762257], [10.8241499, 59.7621054], [10.8242044, 59.7620544]]}, "properties": {"electrified": "contact_line", "frequency": "16.67", "gauge": "1435", "maxspeed": "85", "name": "\u00d8stfoldbanen", "operator": "Bane NOR", "passenger_lines": "2", "railway": "rail", "usage": "branch", "voltage": "15000", "length_km": 0.164, "maxspeed_kmh": 85.0}}, {"type": "Feature", "geometry": {"type": "LineString", "coordinates": [[10.8005543, 59.8491971], [10.8008223, 59.8491017], [10.8010828, 59.8489965], [10.8013614, 59.848869], [10.8015962, 59.8487458], [10.8018324, 59.8486063], [10.8020446, 59.8484622], [10.8022437, 59.84831], [10.8024174, 59.8481526], [10.8025742, 59.8479878], [10.8027071, 59.8478178], [10.802816, 59.8476507], [10.8029008, 59.8474813], [10.802958, 59.8473296], [10.8029967, 59.8471787], [10.8030258, 59.8470033], [10.8030338, 59.8468267], [10.8030238, 59.8466498], [10.802998, 59.8464728], [10.8029579, 59.8462987], [10.8029033, 59.8461252], [10.8028596, 59.8460033], [10.8028135, 59.8458886], [10.8027647, 59.845776], [10.8026778, 59.8455835], [10.8025817, 59.8453909], [10.8024477, 59.8451328], [10.8023035, 59.8448778], [10.8022041, 59.8446994]]}, "properties": {"electrified": "contact_line", "frequency": "16.67", "gauge": "1435", "name": "\u00d8stfoldbanen", "operator": "Bane NOR", "passenger_lines": "2", "railway": "rail", "usage": "branch", "voltage": "15000", "length_km": 0.554}}, {"type": "Feature", "geometry": {"type": "LineString", "coordinates": [[10.7853015, 59.8650633], [10.7853599, 59.864952], [10.7854083, 59.8648309]]}, "properties": {"bridge": "yes", "electrified": "contact_line", "frequency": "16.67", "gauge": "1435", "maxspeed": "75", "name": "\u00d8stfoldbanen", "operator": "Bane NOR", "passenger_lines": "2", "railway": "rail", "usage": "branch", "voltage": "15000", "length_km": 0.027, "maxspeed_kmh": 75.0}}, {"type": "Feature", "geometry": {"type": "LineString", "coordinates": [[10.7842696, 59.8680069], [10.7843001, 59.8678862]]}, "properties": {"bridge": "yes", "electrified": "contact_line", "frequency": "16.67", "gauge": "1435", "maxspeed": "75", "name": "\u00d8stfoldbanen", "operator": "Bane NOR", "passenger_lines": "2", "railway": "rail", "usage": "branch", "voltage": "15000", "length_km": 0.014, "maxspeed_kmh": 75.0}}, {"type": "Feature", "geometry": {"type": "LineString", "coordinates": [[10.7665075, 59.8871691], [10.7666575, 59.8870953], [10.7668512, 59.8870038], [10.7670367, 59.88693], [10.76747, 59.8867612], [10.7676996, 59.8866768], [10.7682536, 59.886469], [10.7685071, 59.8863724], [10.7687254, 59.8862754], [10.7689701, 59.886168], [10.7692609, 59.8860214], [10.7694384, 59.8859278], [10.7696101, 59.8858281], [10.7697649, 59.8857307], [10.7699341, 59.8856193], [10.7700966, 59.8854938], [10.770261, 59.8853575], [10.7704076, 59.8852269], [10.7705492, 59.8850809], [10.7706992, 59.8849058], [10.7708107, 59.8847563], [10.7709001, 59.8846168], [10.7709789, 59.8844816], [10.7710707, 59.8843082], [10.7711481, 59.8841169], [10.7712327, 59.8839104], [10.7715509, 59.8831694], [10.7716503, 59.8829517], [10.771776, 59.8827147], [10.7719095, 59.8824839]]}, "properties": {"electrified": "contact_line", "frequency": "16.67", "gauge": "1435", "maxspeed": "100", "name": "\u00d8stfoldbanen", "operator": "Bane NOR", "passenger_lines": "2", "railway": "rail", "tunnel": "yes", "usage": "branch", "voltage": "15000", "length_km": 0.628, "maxspeed_kmh": 100.0}}, {"type": "Feature", "geometry": {"type": "LineString", "coordinates": [[10.7843001, 59.8678862], [10.7843144, 59.8678073], [10.7843258, 59.8676849], [10.7843282, 59.8675306], [10.7843228, 59.8673678], [10.7843132, 59.8672404], [10.7843032, 59.8670484], [10.7843005, 59.866915], [10.7843055, 59.8667882], [10.784321, 59.8666507], [10.7843458, 59.866539], [10.784381, 59.8664252], [10.7844225, 59.8663175], [10.7844716, 59.86622], [10.784533, 59.8661116], [10.7845894, 59.8660241], [10.7846632, 59.8659199], [10.7847422, 59.8658127], [10.7849985, 59.8654951], [10.7851456, 59.8653058], [10.7851941, 59.8652328], [10.7852449, 59.8651575], [10.7853015, 59.8650633]]}, "properties": {"electrified": "contact_line", "frequency": "16.67", "gauge": "1435", "maxspeed": "75", "name": "\u00d8stfoldbanen", "operator": "Bane NOR", "passenger_lines": "2", "railway": "rail", "usage": "branch", "voltage": "15000", "length_km": 0.324, "maxspeed_kmh": 75.0}}, {"type": "Feature", "geometry": {"type": "LineString", "coordinates": [[10.7843802, 59.8678925], [10.7843496, 59.8680096]]}, "properties": {"bridge": "yes", "electrified": "contact_line", "frequency": "16.67", "gauge": "1435", "maxspeed": "90", "name": "\u00d8stfoldbanen", "operator": "Bane NOR", "passenger_lines": "2", "railway": "rail", "usage": "branch", "voltage": "15000", "length_km": 0.013, "maxspeed_kmh": 90.0}}, {"type": "Feature", "geometry": {"type": "LineString", "coordinates": [[10.7721972, 59.8821207], [10.772333, 59.8819833], [10.7724373, 59.8818845], [10.7725109, 59.881819], [10.7727197, 59.8816434], [10.7728257, 59.8815593], [10.7729409, 59.8814699], [10.7734058, 59.8811103], [10.7735585, 59.8809897], [10.7737488, 59.8808345], [10.7738972, 59.8807065], [10.774051, 59.8805706], [10.7741782, 59.8804557], [10.7743536, 59.8802887], [10.7744856, 59.8801575], [10.7746275, 59.8800154], [10.7747971, 59.879841], [10.7749433, 59.8796866], [10.7751621, 59.8794436], [10.7753636, 59.8792103], [10.7755778, 59.8789428], [10.775733, 59.878735], [10.7759139, 59.878478], [10.7760486, 59.8782808], [10.7764792, 59.8776541], [10.7768865, 59.8770586], [10.7772243, 59.8765724], [10.7777498, 59.8758047], [10.7779182, 59.8755617], [10.7781267, 59.8752925], [10.7783134, 59.8750626], [10.7784782, 59.8748698], [10.7788224, 59.8744849], [10.7789657, 59.874323], [10.7791183, 59.8741449], [10.7792556, 59.8739756], [10.7793448, 59.8738556], [10.7794417, 59.8737153], [10.7795364, 59.8735638], [10.7796901, 59.8732975], [10.7798102, 59.8730675], [10.7799783, 59.8727566], [10.7801124, 59.872533], [10.7802121, 59.8723722], [10.7803949, 59.8721], [10.7804938, 59.8719543], [10.7808719, 59.8714328], [10.7810181, 59.871232], [10.7811334, 59.8710824], [10.7812355, 59.87095], [10.7813394, 59.8708228], [10.7814818, 59.8706657], [10.7816439, 59.8705056], [10.7817635, 59.8704013], [10.781879, 59.8703032], [10.781986, 59.870216], [10.7821204, 59.870113], [10.7827669, 59.8696271]]}, "properties": {"electrified": "contact_line", "frequency": "16.67", "gauge": "1435", "maxspeed": "100", "name": "\u00d8stfoldbanen", "operator": "Bane NOR", "passenger_lines": "2", "railway": "rail", "usage": "branch", "voltage": "15000", "length_km": 1.52, "maxspeed_kmh": 100.0}}, {"type": "Feature", "geometry": {"type": "LineString", "coordinates": [[10.7853683, 59.8539858], [10.7854794, 59.8541697]]}, "properties": {"bridge": "yes", "electrified": "contact_line", "frequency": "16.67", "gauge": "1435", "maxspeed": "95", "name": "\u00d8stfoldbanen", "operator": "Bane NOR", "passenger_lines": "2", "railway": "rail", "usage": "branch", "voltage": "15000", "length_km": 0.021, "maxspeed_kmh": 95.0}}, {"type": "Feature", "geometry": {"type": "LineString", "coordinates": [[10.7855286, 59.8639208], [10.7855289, 59.8638425], [10.7855326, 59.8636607], [10.785549, 59.8634789], [10.7855742, 59.8633343], [10.7856109, 59.8631886], [10.7856519, 59.863089], [10.7857178, 59.8629469], [10.785817, 59.8627748], [10.7859629, 59.862562], [10.7861242, 59.862352], [10.7862943, 59.8621392], [10.7864645, 59.8619264], [10.7867771, 59.8615239], [10.7869011, 59.8613437], [10.7870125, 59.8611593], [10.7871092, 59.8609625], [10.7871791, 59.8607622], [10.7872121, 59.8606199], [10.7872324, 59.8604769], [10.7872393, 59.860366], [10.7872406, 59.860255]]}, "properties": {"electrified": "contact_line", "frequency": "16.67", "gauge": "1435", "maxspeed": "80", "name": "\u00d8stfoldbanen", "operator": "Bane NOR", "passenger_lines": "2", "railway": "rail", "usage": "branch", "voltage": "15000", "length_km": 0.423, "maxspeed_kmh": 80.0}}, {"type": "Feature", "geometry": {"type": "LineString", "coordinates": [[10.7849697, 59.8656372], [10.7848173, 59.8658267], [10.7847324, 59.8659366], [10.7846631, 59.8660363], [10.7846089, 59.8661247], [10.7845459, 59.8662348], [10.7845041, 59.8663296], [10.7844613, 59.8664337], [10.7844273, 59.866544], [10.7844027, 59.8666566], [10.7843839, 59.8667908], [10.7843768, 59.8669145], [10.7843794, 59.8670453], [10.7843878, 59.8672354], [10.7843983, 59.8673673], [10.7844051, 59.8675293], [10.7844043, 59.8676814], [10.7843932, 59.8678072], [10.7843802, 59.8678925]]}, "properties": {"electrified": "contact_line", "frequency": "16.67", "gauge": "1435", "maxspeed": "90", "name": "\u00d8stfoldbanen", "operator": "Bane NOR", "passenger_lines": "2", "railway": "rail", "usage": "branch", "voltage": "15000", "length_km": 0.256, "maxspeed_kmh": 90.0}}, {"type": "Feature", "geometry": {"type": "LineString", "coordinates": [[10.7855197, 59.8647958], [10.7854538, 59.8649403], [10.7853897, 59.8650583]]}, "properties": {"bridge": "yes", "electrified": "contact_line", "frequency": "16.67", "gauge": "1435", "maxspeed": "95", "name": "\u00d8stfoldbanen", "operator": "Bane NOR", "passenger_lines": "2", "railway": "rail", "usage": "branch", "voltage": "15000", "length_km": 0.03, "maxspeed_kmh": 95.0}}, {"type": "Feature", "geometry": {"type": "LineString", "coordinates": [[10.7854221, 59.8542259], [10.7853024, 59.8540478]]}, "properties": {"bridge": "yes", "electrified": "contact_line", "frequency": "16.67", "gauge": "1435", "maxspeed": "80", "name": "\u00d8stfoldbanen", "operator": "Bane NOR", "passenger_lines": "2", "railway": "rail", "usage": "branch", "voltage": "15000", "length_km": 0.021, "maxspeed_kmh": 80.0}}, {"type": "Feature", "geometry": {"type": "LineString", "coordinates": [[11.6552876, 58.9422305], [11.6556109, 58.9421469], [11.6557505, 58.9421063], [11.6560753, 58.9420046], [11.6561685, 58.9419781], [11.6563261, 58.9419362], [11.656459, 58.9419026], [11.6568857, 58.941803], [11.6572805, 58.9417084], [11.6593737, 58.941211], [11.65967, 58.9411363], [11.6599169, 58.9410711], [11.6601215, 58.9410113], [11.6603196, 58.9409509], [11.6604896, 58.9408954], [11.6606541, 58.9408381], [11.660889, 58.9407509], [11.6610972, 58.940666], [11.6613229, 58.9405689], [11.6615021, 58.9404867], [11.6616855, 58.940391], [11.6618868, 58.9402811], [11.6620328, 58.9401939], [11.6621535, 58.9401117], [11.662334, 58.9399799], [11.6625321, 58.9398188], [11.6628945, 58.9395025], [11.6629279, 58.9394741], [11.663126, 58.9393068], [11.6633197, 58.9391478], [11.6634207, 58.9390725], [11.6635069, 58.9390107], [11.6636916, 58.9388885], [11.6638908, 58.9387698], [11.6640665, 58.9386764], [11.6642726, 58.938576], [11.6645551, 58.9384479], [11.6649514, 58.9382968], [11.6653426, 58.9381591], [11.6655515, 58.9380901], [11.6658317, 58.9379985], [11.6661907, 58.9378896], [11.6664393, 58.93782], [11.6665778, 58.9377773], [11.666835, 58.9376916]]}, "properties": {"electrified": "contact_line", "frequency": "16.67", "gauge": "1435", "maxspeed": "40", "name": "\u00d8stfoldbanen", "railway": "rail", "service": "siding", "voltage": "15000", "length_km": 0.854, "maxspeed_kmh": 40.0}}, {"type": "Feature", "geometry": {"type": "LineString", "coordinates": [[11.5398296, 58.990262], [11.5449625, 58.9888985], [11.5455681, 58.9887354], [11.5459497, 58.9886292], [11.5461954, 58.9885552], [11.546443, 58.9884758], [11.5466113, 58.9884175], [11.5467886, 58.988353], [11.5469928, 58.9882711], [11.5472023, 58.9881811], [11.5474079, 58.9880848], [11.5475707, 58.988001], [11.5477749, 58.9878889], [11.547941, 58.9877882], [11.5480712, 58.9877031], [11.5481977, 58.9876164], [11.5483455, 58.9875049], [11.5484942, 58.9873849], [11.5486604, 58.9872387], [11.5488277, 58.9870796], [11.548961, 58.9869438], [11.5491802, 58.9867201], [11.5496526, 58.9862104], [11.5498984, 58.9859444], [11.5501274, 58.985688], [11.5503187, 58.9854657], [11.5505486, 58.985168], [11.5507396, 58.9849061], [11.5508738, 58.9846971], [11.5509926, 58.9844886], [11.551113, 58.9842754], [11.551218, 58.9840512], [11.5513559, 58.9837297], [11.5514414, 58.9834905], [11.5515183, 58.9832395], [11.5515757, 58.9830177], [11.5516188, 58.9828243], [11.5516448, 58.982667], [11.5516556, 58.9825279], [11.5516543, 58.9823719], [11.5516429, 58.9822249], [11.5516064, 58.9820542], [11.5515653, 58.9819002], [11.551512, 58.9817556], [11.5514464, 58.9816149], [11.5513627, 58.9814668], [11.551247, 58.9812957], [11.5511478, 58.9811654], [11.5510233, 58.9810156], [11.5508944, 58.9808608], [11.5500527, 58.9800029], [11.5498398, 58.9797814], [11.5496642, 58.9795837], [11.5495553, 58.9794623], [11.5494491, 58.9793255], [11.5493613, 58.9792096], [11.5492783, 58.979084], [11.5492136, 58.9789766], [11.5491439, 58.9788506], [11.5490859, 58.9787292], [11.5490354, 58.9786108], [11.5489852, 58.9784638], [11.5489523, 58.9783511], [11.5489242, 58.978237], [11.5488997, 58.9780935], [11.5488841, 58.9779567], [11.5488771, 58.977804], [11.5488808, 58.9776785], [11.5488939, 58.9775273], [11.5489227, 58.9773501], [11.5489599, 58.9772054], [11.5490125, 58.9770375], [11.5490787, 58.9768702], [11.5491831, 58.9766632], [11.5493057, 58.9764512], [11.5494491, 58.976231], [11.5505677, 58.974648], [11.5507374, 58.9744059], [11.5508546, 58.9742253], [11.5509539, 58.9740657], [11.5510579, 58.9738767], [11.5511369, 58.9737153], [11.5511995, 58.9735682], [11.5512683, 58.9733818], [11.5513179, 58.9732123], [11.5513578, 58.97304], [11.5513955, 58.9728205], [11.5514118, 58.972611], [11.5514204, 58.97246], [11.5514104, 58.972214], [11.5513915, 58.9719897], [11.5513541, 58.9716697], [11.5509241, 58.9682898]]}, "properties": {"electrified": "contact_line", "frequency": "16.67", "gauge": "1435", "maxspeed": "100", "name": "\u00d8stfoldbanen", "operator": "Bane NOR", "passenger_lines": "1", "railway": "rail", "usage": "main", "voltage": "15000", "length_km": 2.815, "maxspeed_kmh": 100.0}}, {"type": "Feature", "geometry": {"type": "LineString", "coordinates": [[11.5397192, 58.9902919], [11.5398296, 58.990262]]}, "properties": {"bridge": "yes", "electrified": "contact_line", "frequency": "16.67", "gauge": "1435", "maxspeed": "100", "name": "\u00d8stfoldbanen", "operator": "Bane NOR", "passenger_lines": "1", "railway": "rail", "usage": "main", "voltage": "15000", "length_km": 0.007, "maxspeed_kmh": 100.0}}, {"type": "Feature", "geometry": {"type": "LineString", "coordinates": [[10.8244814, 59.7618504], [10.8244265, 59.7619137], [10.8243408, 59.7620042], [10.8242842, 59.7620601]]}, "properties": {"bridge": "yes", "electrified": "contact_line", "frequency": "16.67", "gauge": "1435", "name": "\u00d8stfoldbanen", "operator": "Bane NOR", "passenger_lines": "2", "railway": "rail", "usage": "branch", "voltage": "15000", "length_km": 0.026}}, {"type": "Feature", "geometry": {"type": "LineString", "coordinates": [[10.8242842, 59.7620601], [10.8242206, 59.7621229], [10.8240373, 59.7622778], [10.8238346, 59.7624267], [10.8236185, 59.7625663], [10.8233807, 59.7626998], [10.8231285, 59.7628245], [10.8228585, 59.7629411], [10.8226066, 59.7630367], [10.8223442, 59.7631242], [10.8222986, 59.7631385]]}, "properties": {"electrified": "contact_line", "frequency": "16.67", "gauge": "1435", "name": "\u00d8stfoldbanen", "operator": "Bane NOR", "passenger_lines": "2", "railway": "rail", "usage": "branch", "voltage": "15000", "length_km": 0.166}}, {"type": "Feature", "geometry": {"type": "LineString", "coordinates": [[10.8205447, 59.7634393], [10.8206874, 59.7634247]]}, "properties": {"bridge": "yes", "electrified": "contact_line", "frequency": "16.67", "gauge": "1435", "maxspeed": "85", "name": "\u00d8stfoldbanen", "operator": "Bane NOR", "passenger_lines": "2", "railway": "rail", "usage": "branch", "voltage": "15000", "length_km": 0.008, "maxspeed_kmh": 85.0}}, {"type": "Feature", "geometry": {"type": "LineString", "coordinates": [[10.8207037, 59.763459], [10.820562, 59.7634749]]}, "properties": {"bridge": "yes", "electrified": "contact_line", "frequency": "16.67", "gauge": "1435", "maxspeed": "80", "name": "\u00d8stfoldbanen", "operator": "Bane NOR", "passenger_lines": "2", "railway": "rail", "usage": "branch", "voltage": "15000", "length_km": 0.008, "maxspeed_kmh": 80.0}}, {"type": "Feature", "geometry": {"type": "LineString", "coordinates": [[10.8122403, 59.7665175], [10.8122947, 59.7663464], [10.8123407, 59.7662247], [10.8124242, 59.7660266], [10.8125282, 59.7658301], [10.8126263, 59.7656576], [10.8127385, 59.7654887], [10.8128794, 59.7652965], [10.8130379, 59.7651085], [10.8131639, 59.7649764], [10.8133075, 59.7648469], [10.8135018, 59.7646923], [10.8137159, 59.7645425], [10.8139356, 59.7644103], [10.8141689, 59.7642854], [10.8144248, 59.7641651], [10.8146953, 59.7640537], [10.8148814, 59.7639839], [10.815164, 59.76389], [10.8154324, 59.7638123], [10.8157101, 59.7637415], [10.8160038, 59.763678], [10.8162898, 59.7636247], [10.8165841, 59.7635799], [10.8168868, 59.7635444], [10.8171988, 59.7635155], [10.8175014, 59.7634966], [10.8178048, 59.7634866], [10.8181134, 59.7634839], [10.8183754, 59.7634837], [10.8186446, 59.7634856], [10.8191769, 59.7634936], [10.8195367, 59.7634926], [10.819882, 59.7634847], [10.8201834, 59.7634697], [10.8204831, 59.7634452], [10.8205447, 59.7634393]]}, "properties": {"electrified": "contact_line", "frequency": "16.67", "gauge": "1435", "maxspeed": "85", "name": "\u00d8stfoldbanen", "operator": "Bane NOR", "passenger_lines": "2", "railway": "rail", "usage": "branch", "voltage": "15000", "length_km": 0.659, "maxspeed_kmh": 85.0}}, {"type": "Feature", "geometry": {"type": "LineString", "coordinates": [[10.8242044, 59.7620544], [10.8242546, 59.762004], [10.8243332, 59.7619199], [10.8243966, 59.7618487]]}, "properties": {"bridge": "yes", "electrified": "contact_line", "frequency": "16.67", "gauge": "1435", "maxspeed": "85", "name": "\u00d8stfoldbanen", "operator": "Bane NOR", "passenger_lines": "2", "railway": "rail", "usage": "branch", "voltage": "15000", "length_km": 0.025, "maxspeed_kmh": 85.0}}, {"type": "Feature", "geometry": {"type": "LineString", "coordinates": [[10.820562, 59.7634749], [10.820495, 59.7634815], [10.8201921, 59.7635078], [10.81989, 59.7635232], [10.8195347, 59.7635304], [10.8191786, 59.7635298], [10.8186451, 59.763522], [10.8183768, 59.7635202], [10.8181126, 59.7635205], [10.8178069, 59.7635246], [10.8175115, 59.763536], [10.8172057, 59.7635551], [10.8169061, 59.7635831], [10.8166067, 59.7636194], [10.8163177, 59.7636645], [10.8160299, 59.763717], [10.8157451, 59.7637795], [10.8154683, 59.7638494], [10.8152085, 59.7639245], [10.8149254, 59.7640179], [10.8147454, 59.7640843], [10.8144755, 59.7641948], [10.8142222, 59.7643127], [10.8139904, 59.7644357], [10.8137711, 59.7645665], [10.8135597, 59.7647127], [10.813369, 59.7648657], [10.813234, 59.7649913], [10.8131079, 59.7651251], [10.8129559, 59.7653105], [10.8128194, 59.7655016], [10.8127085, 59.7656682], [10.812607, 59.7658419], [10.8125045, 59.7660364], [10.8124185, 59.766234], [10.8123747, 59.7663533], [10.8123189, 59.7665218]]}, "properties": {"electrified": "contact_line", "frequency": "16.67", "gauge": "1435", "maxspeed": "80", "name": "\u00d8stfoldbanen", "operator": "Bane NOR", "passenger_lines": "2", "railway": "rail", "usage": "branch", "voltage": "15000", "length_km": 0.653, "maxspeed_kmh": 80.0}}, {"type": "Feature", "geometry": {"type": "LineString", "coordinates": [[10.8243966, 59.7618487], [10.824494, 59.7617322], [10.824818, 59.7613177], [10.8249562, 59.7611521], [10.8251116, 59.7609886], [10.8252836, 59.76083], [10.8254762, 59.7606786], [10.8256949, 59.7605278], [10.8259358, 59.7603834], [10.8261956, 59.7602497], [10.8264539, 59.7601305], [10.8267348, 59.7600165], [10.8270222, 59.7599153], [10.8273298, 59.7598209], [10.8276489, 59.759738], [10.8279237, 59.7596752], [10.8282006, 59.7596208], [10.8284555, 59.7595781], [10.8287162, 59.7595431], [10.8289739, 59.7595135], [10.8292373, 59.7594911]]}, "properties": {"electrified": "contact_line", "frequency": "16.67", "gauge": "1435", "name": "\u00d8stfoldbanen", "operator": "Bane NOR", "passenger_lines": "2", "railway": "rail", "usage": "branch", "voltage": "15000", "length_km": 0.401}}, {"type": "Feature", "geometry": {"type": "LineString", "coordinates": [[10.8219254, 59.7632434], [10.8217452, 59.7632853], [10.8214375, 59.7633492], [10.8211316, 59.7634009], [10.8208267, 59.763445]]}, "properties": {"electrified": "contact_line", "frequency": "16.67", "gauge": "1435", "name": "\u00d8stfoldbanen", "operator": "Bane NOR", "passenger_lines": "2", "railway": "rail", "usage": "branch", "voltage": "15000", "length_km": 0.066}}, {"type": "Feature", "geometry": {"type": "LineString", "coordinates": [[10.8206874, 59.7634247], [10.8208108, 59.7634099], [10.821106, 59.763366], [10.8214122, 59.7633127], [10.8217103, 59.7632497], [10.8218743, 59.76321]]}, "properties": {"electrified": "contact_line", "frequency": "16.67", "gauge": "1435", "maxspeed": "85", "name": "\u00d8stfoldbanen", "operator": "Bane NOR", "passenger_lines": "2", "railway": "rail", "usage": "branch", "voltage": "15000", "length_km": 0.071, "maxspeed_kmh": 85.0}}, {"type": "Feature", "geometry": {"type": "LineString", "coordinates": [[10.7669615, 59.9032378], [10.7665749, 59.9030232], [10.7663455, 59.9029024], [10.7660623, 59.9027617], [10.7657609, 59.9026204], [10.7654169, 59.9024705], [10.765093, 59.9023393], [10.764824, 59.9022364], [10.7645561, 59.9021402], [10.7643507, 59.9020698], [10.7641485, 59.9020043], [10.7639426, 59.9019392], [10.7637824, 59.9018921]]}, "properties": {"electrified": "contact_line", "frequency": "16.67", "gauge": "1435", "maxspeed": "60", "name": "\u00d8stfoldbanen", "operator": "Bane NOR", "passenger_lines": "2", "railway": "rail", "usage": "branch", "voltage": "15000", "length_km": 0.234, "maxspeed_kmh": 60.0}}, {"type": "Feature", "geometry": {"type": "LineString", "coordinates": [[10.8017588, 59.6888958], [10.8020236, 59.6892624], [10.8022723, 59.6896039], [10.8024688, 59.6898647]]}, "properties": {"bridge": "yes", "electrified": "contact_line", "frequency": "16.67", "gauge": "1435", "maxspeed": "160", "name": "\u00d8stfoldbanen", "operator": "Bane NOR", "passenger_lines": "2", "railway": "rail", "usage": "main", "voltage": "15000", "length_km": 0.115, "maxspeed_kmh": 160.0}}, {"type": "Feature", "geometry": {"type": "LineString", "coordinates": [[10.802391, 59.6898792], [10.8021953, 59.6896189], [10.8019439, 59.6892741], [10.8016807, 59.6889101]]}, "properties": {"bridge": "yes", "electrified": "contact_line", "frequency": "16.67", "gauge": "1435", "maxspeed": "160", "name": "\u00d8stfoldbanen", "operator": "Bane NOR", "passenger_lines": "2", "railway": "rail", "usage": "main", "voltage": "15000", "length_km": 0.115, "maxspeed_kmh": 160.0}}, {"type": "Feature", "geometry": {"type": "LineString", "coordinates": [[11.5971086, 58.9514137], [11.599882, 58.9505511]]}, "properties": {"bridge": "yes", "electrified": "contact_line", "frequency": "16.67", "gauge": "1435", "maxspeed": "80", "name": "\u00d8stfoldbanen", "operator": "Bane NOR", "passenger_lines": "1", "railway": "rail", "usage": "main", "voltage": "15000", "length_km": 0.186, "maxspeed_kmh": 80.0}}, {"type": "Feature", "geometry": {"type": "LineString", "coordinates": [[11.4922215, 59.0535589], [11.4920182, 59.0536478], [11.4918784, 59.0537129], [11.4916347, 59.0538343], [11.4914246, 59.053939], [11.4912132, 59.0540358], [11.4908597, 59.0541865], [11.4890431, 59.0549398], [11.4887591, 59.0550578], [11.4884695, 59.0551883], [11.4881948, 59.0553145], [11.4879958, 59.0554127], [11.4877742, 59.0555284], [11.4875559, 59.0556499], [11.4873396, 59.0557781], [11.487161, 59.0558892], [11.4869993, 59.0559938], [11.4867324, 59.0561776], [11.4864701, 59.0563747], [11.4861682, 59.0566148], [11.4835442, 59.058721], [11.4828893, 59.0592485], [11.4827763, 59.0593346], [11.4826751, 59.0594035], [11.4825198, 59.0595025], [11.4823514, 59.0596112], [11.4822427, 59.0596898], [11.4821295, 59.0597742]]}, "properties": {"electrified": "contact_line", "frequency": "16.67", "gauge": "1435", "maxspeed": "40", "name": "\u00d8stfoldbanen", "passenger_lines": "2", "railway": "rail", "service": "siding", "voltage": "15000", "length_km": 0.911, "maxspeed_kmh": 40.0}}, {"type": "Feature", "geometry": {"type": "LineString", "coordinates": [[10.7630637, 59.9026145], [10.7629815, 59.9025621], [10.7628981, 59.9025103], [10.7627824, 59.9024427], [10.7626239, 59.902356], [10.7625028, 59.9022945], [10.7623222, 59.9022093], [10.7621455, 59.902129], [10.7618895, 59.9020219], [10.7613144, 59.9017841]]}, "properties": {"electrified": "contact_line", "frequency": "16.67", "gauge": "1435", "maxspeed": "65", "name": "\u00d8stfoldbanen", "operator": "Bane NOR", "railway": "rail", "usage": "branch", "voltage": "15000", "length_km": 0.135, "maxspeed_kmh": 65.0}}, {"type": "Feature", "geometry": {"type": "LineString", "coordinates": [[11.1460638, 59.2633407], [11.1461494, 59.2632543], [11.1462417, 59.2631642]]}, "properties": {"bridge": "yes", "electrified": "contact_line", "frequency": "16.67", "gauge": "1435", "maxspeed": "125", "name": "\u00d8stfoldbanen", "operator": "Bane NOR", "passenger_lines": "1", "railway": "rail", "usage": "main", "voltage": "15000", "length_km": 0.022, "maxspeed_kmh": 125.0}}, {"type": "Feature", "geometry": {"type": "LineString", "coordinates": [[10.797832, 59.8203826], [10.7978354, 59.8206074], [10.7979074, 59.8239968], [10.7979811, 59.8276406], [10.797983, 59.8278966], [10.7979766, 59.8281523], [10.7979606, 59.8284219], [10.7979282, 59.8286923], [10.7978839, 59.8289521], [10.7978276, 59.8292103], [10.7976456, 59.8299869], [10.7972832, 59.8315017], [10.7971559, 59.8320397], [10.7970967, 59.8322963], [10.797046, 59.8325529], [10.7970043, 59.8328208], [10.7969779, 59.8330904], [10.7969661, 59.833359], [10.796973, 59.8336267], [10.7969815, 59.8337753], [10.7969979, 59.8339239], [10.7970221, 59.8340989], [10.7970499, 59.834252], [10.7970829, 59.8344044], [10.797134, 59.834615], [10.7972698, 59.8350982], [10.7973786, 59.835531], [10.7974135, 59.8357156], [10.7974558, 59.8360085], [10.7974754, 59.8362571], [10.7974838, 59.8365345], [10.7974826, 59.8367493], [10.7974681, 59.8369641], [10.7974432, 59.837237], [10.7974184, 59.8375098], [10.7973708, 59.8379992], [10.7973392, 59.8383754], [10.7973237, 59.8386355], [10.7973221, 59.8386667], [10.7973038, 59.839301], [10.7973021, 59.8394021]]}, "properties": {"electrified": "contact_line", "frequency": "16.67", "gauge": "1435", "name": "\u00d8stfoldbanen", "operator": "Bane NOR", "passenger_lines": "2", "railway": "rail", "usage": "branch", "voltage": "15000", "length_km": 2.124}}, {"type": "Feature", "geometry": {"type": "LineString", "coordinates": [[10.7606855, 59.9091587], [10.7609904, 59.9090864], [10.7617797, 59.9089101]]}, "properties": {"electrified": "contact_line", "frequency": "16.67", "gauge": "1435", "maxspeed": "40", "name": "\u00d8stfoldbanen", "operator": "Bane NOR", "railway": "rail", "usage": "branch", "voltage": "15000", "length_km": 0.067, "maxspeed_kmh": 40.0}}, {"type": "Feature", "geometry": {"type": "LineString", "coordinates": [[10.6693365, 59.4468304], [10.6693619, 59.4454648]]}, "properties": {"electrified": "contact_line", "frequency": "16.67", "gauge": "1435", "maxspeed": "100", "name": "\u00d8stfoldbanen", "operator": "Bane NOR", "passenger_lines": "1", "railway": "rail", "usage": "main", "voltage": "15000", "length_km": 0.152, "maxspeed_kmh": 100.0}}, {"type": "Feature", "geometry": {"type": "LineString", "coordinates": [[10.8392493, 59.7281538], [10.8393833, 59.7283446], [10.8394711, 59.7284616], [10.8395677, 59.7285873], [10.839709, 59.7287683], [10.8398734, 59.728975], [10.8400906, 59.7292458], [10.8408352, 59.7301808]]}, "properties": {"electrified": "contact_line", "frequency": "16.67", "gauge": "1435", "maxspeed": "100", "name": "\u00d8stfoldbanen", "operator": "Bane NOR", "railway": "rail", "usage": "branch", "voltage": "15000", "length_km": 0.243, "maxspeed_kmh": 100.0}}, {"type": "Feature", "geometry": {"type": "LineString", "coordinates": [[10.8353861, 59.7212107], [10.835484, 59.7215178], [10.8355804, 59.7217858], [10.8356497, 59.721972], [10.8357055, 59.7221134], [10.8357542, 59.7222381], [10.8358492, 59.7224578], [10.8359019, 59.722573], [10.8360722, 59.7229271], [10.8361154, 59.7230119], [10.8361984, 59.7231662], [10.8362874, 59.7233349], [10.8363687, 59.7234768], [10.8365193, 59.7237317]]}, "properties": {"electrified": "contact_line", "frequency": "16.67", "gauge": "1435", "name": "\u00d8stfoldbanen", "operator": "Bane NOR", "railway": "rail", "usage": "branch", "voltage": "15000", "length_km": 0.288}}, {"type": "Feature", "geometry": {"type": "LineString", "coordinates": [[10.8399587, 59.7359861], [10.8400724, 59.7357188], [10.8401149, 59.7355993], [10.8401873, 59.735397], [10.8402397, 59.7352451], [10.8403213, 59.7350101], [10.8404359, 59.7346864], [10.8405191, 59.7344762], [10.8408394, 59.7337658], [10.8408986, 59.7336169], [10.8409765, 59.7334051], [10.841035, 59.733194], [10.8410788, 59.7329932], [10.8411058, 59.7327924], [10.8411188, 59.7325755], [10.8411137, 59.7323587], [10.8410911, 59.7321498], [10.8410492, 59.7319156], [10.8409949, 59.7317135], [10.8409291, 59.7315147], [10.8408407, 59.7313107], [10.8407471, 59.7311152], [10.8406316, 59.7308987], [10.8405124, 59.7306813], [10.8402208, 59.7301601], [10.8400408, 59.7298504], [10.8397338, 59.7293403], [10.8394974, 59.7289612], [10.8390307, 59.7282493], [10.8382469, 59.7270917], [10.8380174, 59.7267136], [10.8379136, 59.7265268], [10.8378605, 59.7264323]]}, "properties": {"electrified": "contact_line", "frequency": "16.67", "gauge": "1435", "maxspeed": "100", "name": "\u00d8stfoldbanen", "operator": "Bane NOR", "railway": "rail", "usage": "branch", "voltage": "15000", "length_km": 1.097, "maxspeed_kmh": 100.0}}, {"type": "Feature", "geometry": {"type": "LineString", "coordinates": [[10.8343281, 59.718876], [10.8343834, 59.71908], [10.8344566, 59.7193543], [10.8345138, 59.7195628], [10.834603, 59.7198438], [10.8346707, 59.720042], [10.8347523, 59.7202589], [10.8347873, 59.7203453]]}, "properties": {"electrified": "contact_line", "frequency": "16.67", "gauge": "1435", "name": "\u00d8stfoldbanen", "operator": "Bane NOR", "railway": "rail", "usage": "main", "voltage": "15000", "length_km": 0.166}}, {"type": "Feature", "geometry": {"type": "LineString", "coordinates": [[10.8343713, 59.718721], [10.8343505, 59.7185796], [10.8343411, 59.7184714], [10.8343424, 59.7183818], [10.8343505, 59.7182689], [10.8343659, 59.7181607], [10.8343713, 59.7180948], [10.8343721, 59.7180295], [10.8343659, 59.7179251], [10.8343544, 59.7177744]]}, "properties": {"electrified": "contact_line", "frequency": "16.67", "gauge": "1435", "name": "\u00d8stfoldbanen", "operator": "Bane NOR", "railway": "rail", "usage": "branch", "voltage": "15000", "length_km": 0.106}}, {"type": "Feature", "geometry": {"type": "LineString", "coordinates": [[10.8349626, 59.7207429], [10.835139, 59.7211309], [10.8351828, 59.7212274], [10.8352283, 59.7213293], [10.8352991, 59.7214854], [10.8353645, 59.721629], [10.8354856, 59.7218961]]}, "properties": {"electrified": "contact_line", "frequency": "16.67", "gauge": "1435", "name": "\u00d8stfoldbanen", "operator": "Bane NOR", "railway": "rail", "usage": "branch", "voltage": "15000", "length_km": 0.132}}, {"type": "Feature", "geometry": {"type": "LineString", "coordinates": [[11.379929, 59.1192955], [11.3800811, 59.1193261], [11.3804716, 59.1194098], [11.3808515, 59.1194934], [11.3810668, 59.1195426], [11.3812076, 59.119577], [11.3839128, 59.1202789], [11.3841474, 59.1203399], [11.3846523, 59.120469], [11.3851221, 59.120589], [11.3853512, 59.1206452], [11.3855034, 59.1206816], [11.3856829, 59.1207174]]}, "properties": {"electrified": "contact_line", "frequency": "16.67", "gauge": "1435", "name": "\u00d8stfoldbanen", "passenger_lines": "2", "railway": "rail", "service": "siding", "voltage": "15000", "length_km": 0.366}}, {"type": "Feature", "geometry": {"type": "LineString", "coordinates": [[11.3870449, 59.1208814], [11.3867683, 59.1208611], [11.3866027, 59.1208515], [11.3864217, 59.1208453], [11.3862203, 59.1208352], [11.3860487, 59.1208189], [11.3859625, 59.1208101], [11.3858258, 59.1207925], [11.3855607, 59.1207473], [11.3850644, 59.1206551], [11.3849131, 59.1206304], [11.3845812, 59.1205689], [11.3844835, 59.1205467], [11.3843512, 59.120513]]}, "properties": {"electrified": "contact_line", "frequency": "16.67", "gauge": "1435", "name": "\u00d8stfoldbanen", "passenger_lines": "2", "railway": "rail", "service": "siding", "voltage": "15000", "length_km": 0.161}}, {"type": "Feature", "geometry": {"type": "LineString", "coordinates": [[11.3746529, 59.1192524], [11.3748319, 59.1192]]}, "properties": {"bridge": "yes", "electrified": "contact_line", "frequency": "16.67", "gauge": "1435", "maxspeed": "65", "name": "\u00d8stfoldbanen", "operator": "Bane NOR", "passenger_lines": "1", "railway": "rail", "usage": "main", "voltage": "15000", "length_km": 0.012, "maxspeed_kmh": 65.0}}, {"type": "Feature", "geometry": {"type": "LineString", "coordinates": [[11.3741948, 59.1194059], [11.3744269, 59.1193266], [11.3746529, 59.1192524]]}, "properties": {"electrified": "contact_line", "frequency": "16.67", "gauge": "1435", "maxspeed": "65", "name": "\u00d8stfoldbanen", "operator": "Bane NOR", "passenger_lines": "1", "railway": "rail", "usage": "main", "voltage": "15000", "length_km": 0.031, "maxspeed_kmh": 65.0}}, {"type": "Feature", "geometry": {"type": "LineString", "coordinates": [[10.6551744, 59.4335967], [10.6552109, 59.4334938], [10.6552335, 59.4334401], [10.6552598, 59.4333879], [10.6552926, 59.4333283], [10.6553385, 59.4332561], [10.6554049, 59.4331672], [10.6554821, 59.4330732], [10.6555737, 59.4329807], [10.6556943, 59.432873], [10.6558217, 59.4327715], [10.6560227, 59.432627], [10.6569318, 59.43201], [10.6577374, 59.431468], [10.6579091, 59.4313408], [10.6580712, 59.4312054]]}, "properties": {"electrified": "contact_line", "frequency": "16.67", "gauge": "1435", "maxspeed": "40", "name": "\u00d8stfoldbanen", "passenger_lines": "3", "railway": "rail", "service": "siding", "voltage": "15000", "length_km": 0.316, "maxspeed_kmh": 40.0}}, {"type": "Feature", "geometry": {"type": "LineString", "coordinates": [[10.6551744, 59.4335967], [10.655232, 59.4333851], [10.6552525, 59.4333201], [10.6552865, 59.433246], [10.6553384, 59.4331554], [10.6554063, 59.4330556], [10.6554886, 59.4329594], [10.655597, 59.4328492], [10.6557154, 59.432741], [10.6559297, 59.4325692], [10.656165, 59.4324021], [10.6568055, 59.4319641], [10.6574224, 59.431546], [10.6575973, 59.4314243], [10.6577522, 59.4313046], [10.6578715, 59.4311998]]}, "properties": {"electrified": "contact_line", "frequency": "16.67", "gauge": "1435", "maxspeed": "40", "name": "\u00d8stfoldbanen", "passenger_lines": "3", "railway": "rail", "service": "siding", "voltage": "15000", "length_km": 0.312, "maxspeed_kmh": 40.0}}, {"type": "Feature", "geometry": {"type": "LineString", "coordinates": [[10.6553085, 59.4344096], [10.6552647, 59.434309], [10.6551793, 59.4340933], [10.6551568, 59.4340279], [10.6551437, 59.4339883], [10.6551375, 59.4339464], [10.6551336, 59.4338797], [10.6551379, 59.4338037], [10.6551431, 59.4337581], [10.6551744, 59.4335967]]}, "properties": {"electrified": "contact_line", "frequency": "16.67", "gauge": "1435", "maxspeed": "40", "name": "\u00d8stfoldbanen", "passenger_lines": "3", "railway": "rail", "service": "siding", "voltage": "15000", "length_km": 0.092, "maxspeed_kmh": 40.0}}, {"type": "Feature", "geometry": {"type": "LineString", "coordinates": [[11.3717915, 59.1202766], [11.3720371, 59.1201887]]}, "properties": {"bridge": "yes", "electrified": "contact_line", "frequency": "16.67", "gauge": "1435", "maxspeed": "65", "name": "\u00d8stfoldbanen", "operator": "Bane NOR", "passenger_lines": "1", "railway": "rail", "usage": "main", "voltage": "15000", "length_km": 0.017, "maxspeed_kmh": 65.0}}, {"type": "Feature", "geometry": {"type": "LineString", "coordinates": [[11.3720371, 59.1201887], [11.372418, 59.120051]]}, "properties": {"electrified": "contact_line", "frequency": "16.67", "gauge": "1435", "maxspeed": "65", "name": "\u00d8stfoldbanen", "operator": "Bane NOR", "passenger_lines": "1", "railway": "rail", "usage": "main", "voltage": "15000", "length_km": 0.027, "maxspeed_kmh": 65.0}}, {"type": "Feature", "geometry": {"type": "LineString", "coordinates": [[11.3843512, 59.120513], [11.3840521, 59.1204356], [11.3838299, 59.1203777], [11.3800642, 59.1194031], [11.3796526, 59.1192994], [11.3793871, 59.1192358], [11.379108, 59.1191705], [11.3788345, 59.1191109], [11.3786475, 59.1190725], [11.3784899, 59.1190447], [11.3782723, 59.1190105], [11.3780381, 59.1189804], [11.3778144, 59.1189585], [11.3776007, 59.1189422], [11.3773939, 59.1189345], [11.3771764, 59.1189297], [11.3769533, 59.1189309], [11.3766941, 59.1189393], [11.3764763, 59.1189498], [11.3762853, 59.1189603], [11.376107, 59.1189733], [11.3759135, 59.1189915], [11.3758502, 59.1190001]]}, "properties": {"electrified": "contact_line", "frequency": "16.67", "gauge": "1435", "name": "\u00d8stfoldbanen", "passenger_lines": "2", "railway": "rail", "service": "siding", "voltage": "15000", "length_km": 0.527}}, {"type": "Feature", "geometry": {"type": "LineString", "coordinates": [[10.9589848, 59.2126446], [10.959116, 59.2128522], [10.9595596, 59.2135527], [10.9596134, 59.213636]]}, "properties": {"electrified": "contact_line", "frequency": "16.67", "gauge": "1435", "name": "\u00d8stfoldbanen", "operator": "Bane NOR", "passenger_lines": "1", "railway": "rail", "usage": "main", "voltage": "15000", "length_km": 0.116}}, {"type": "Feature", "geometry": {"type": "LineString", "coordinates": [[11.1221742, 59.2831728], [11.1223033, 59.2830783], [11.1225119, 59.2829225], [11.1229788, 59.2825763], [11.1234543, 59.2822463], [11.123761, 59.2820433], [11.1242024, 59.2817959], [11.1247651, 59.2815088], [11.1258475, 59.2809825], [11.1265452, 59.2806432], [11.1267004, 59.280567]]}, "properties": {"electrified": "contact_line", "frequency": "16.67", "gauge": "1435", "maxspeed": "60", "name": "\u00d8stfoldbanen", "operator": "Bane NOR", "passenger_lines": "1", "railway": "rail", "usage": "main", "voltage": "15000", "length_km": 0.39, "maxspeed_kmh": 60.0}}, {"type": "Feature", "geometry": {"type": "LineString", "coordinates": [[10.8039848, 59.3564551], [10.8069599, 59.3557108], [10.8099091, 59.3549776], [10.8125383, 59.354324]]}, "properties": {"electrified": "contact_line", "frequency": "16.67", "gauge": "1435", "maxspeed": "130", "name": "\u00d8stfoldbanen", "passenger_lines": "2", "railway": "rail", "usage": "main", "voltage": "15000", "length_km": 0.542, "maxspeed_kmh": 130.0}}, {"type": "Feature", "geometry": {"type": "LineString", "coordinates": [[10.748528, 59.3775475], [10.7491916, 59.3772149], [10.7497173, 59.3769514], [10.7512833, 59.3761694], [10.7615856, 59.3710017]]}, "properties": {"electrified": "contact_line", "frequency": "16.67", "gauge": "1435", "maxspeed": "130", "name": "\u00d8stfoldbanen", "passenger_lines": "2", "railway": "rail", "usage": "main", "voltage": "15000", "length_km": 1.041, "maxspeed_kmh": 130.0}}, {"type": "Feature", "geometry": {"type": "LineString", "coordinates": [[10.7768307, 59.3636989], [10.7763264, 59.3638948], [10.775834, 59.3640932], [10.775466, 59.3642443], [10.7750814, 59.3644066], [10.77465, 59.3645937], [10.7742255, 59.3647823], [10.7737777, 59.3649872], [10.7733383, 59.3651939], [10.7725317, 59.3655837], [10.7717388, 59.365978], [10.7709838, 59.3663563], [10.7687433, 59.3674801]]}, "properties": {"electrified": "contact_line", "frequency": "16.67", "gauge": "1435", "maxspeed": "130", "name": "\u00d8stfoldbanen", "operator": "Bane NOR", "passenger_lines": "2", "railway": "rail", "usage": "main", "voltage": "15000", "length_km": 0.624, "maxspeed_kmh": 130.0}}, {"type": "Feature", "geometry": {"type": "LineString", "coordinates": [[10.7686777, 59.3674458], [10.7709201, 59.3663208], [10.7716722, 59.3659431], [10.7724669, 59.3655481], [10.773277, 59.3651568], [10.7737177, 59.3649499], [10.7741621, 59.3647469], [10.7745911, 59.3645554], [10.775026, 59.3643681], [10.7754056, 59.3642073], [10.7757888, 59.364049], [10.7762636, 59.3638584], [10.7768109, 59.3636452]]}, "properties": {"electrified": "contact_line", "frequency": "16.67", "gauge": "1435", "maxspeed": "130", "name": "\u00d8stfoldbanen", "passenger_lines": "2", "railway": "rail", "usage": "main", "voltage": "15000", "length_km": 0.628, "maxspeed_kmh": 130.0}}, {"type": "Feature", "geometry": {"type": "LineString", "coordinates": [[10.8035504, 59.3566158], [10.7971081, 59.3582179], [10.7901244, 59.3599527], [10.7841431, 59.36144], [10.7831493, 59.3616949], [10.782656, 59.3618244], [10.7821647, 59.3619577], [10.7816912, 59.3620897], [10.7812117, 59.362229], [10.780753, 59.362364], [10.7803015, 59.3625023], [10.7798488, 59.3626436], [10.7794044, 59.362787], [10.7789594, 59.3629341], [10.7785216, 59.3630843], [10.7780298, 59.3632553], [10.7775077, 59.3634435]]}, "properties": {"electrified": "contact_line", "frequency": "16.67", "gauge": "1435", "maxspeed": "130", "name": "\u00d8stfoldbanen", "operator": "Bane NOR", "passenger_lines": "2", "railway": "rail", "usage": "main", "voltage": "15000", "length_km": 1.667, "maxspeed_kmh": 130.0}}, {"type": "Feature", "geometry": {"type": "LineString", "coordinates": [[10.7774902, 59.363391], [10.7779784, 59.3632152], [10.7784708, 59.3630436], [10.7789084, 59.3628934], [10.7793544, 59.3627459], [10.7798016, 59.3626021], [10.7802541, 59.36246], [10.7807058, 59.3623212], [10.7811691, 59.3621846], [10.7816461, 59.3620482], [10.7821252, 59.3619146], [10.7826137, 59.3617815], [10.7831054, 59.3616517], [10.7841023, 59.3613966], [10.7900831, 59.3599096], [10.7970674, 59.358174], [10.8035065, 59.3565737]]}, "properties": {"electrified": "contact_line", "frequency": "16.67", "gauge": "1435", "maxspeed": "130", "name": "\u00d8stfoldbanen", "passenger_lines": "2", "railway": "rail", "usage": "main", "voltage": "15000", "length_km": 1.665, "maxspeed_kmh": 130.0}}, {"type": "Feature", "geometry": {"type": "LineString", "coordinates": [[10.8703595, 59.3462817], [10.8697412, 59.3465089], [10.8694117, 59.346624], [10.8690635, 59.3467355], [10.8686349, 59.3468591], [10.8682473, 59.3469618], [10.8678515, 59.3470603], [10.8672783, 59.3471924], [10.8668573, 59.3472869], [10.8663286, 59.3473941], [10.8659216, 59.3474682], [10.8652217, 59.3475892], [10.8647693, 59.3476564], [10.8641732, 59.3477355], [10.8636205, 59.3477958], [10.8631636, 59.3478365], [10.8626898, 59.3478687], [10.8623195, 59.3478889], [10.8619572, 59.347904], [10.8616404, 59.3479175]]}, "properties": {"electrified": "contact_line", "frequency": "16.67", "gauge": "1435", "maxspeed": "80", "name": "\u00d8stfoldbanen", "operator": "Bane NOR", "passenger_lines": "2", "railway": "rail", "usage": "main", "voltage": "15000", "length_km": 0.536, "maxspeed_kmh": 80.0}}, {"type": "Feature", "geometry": {"type": "LineString", "coordinates": [[11.3755724, 59.1190376], [11.3758485, 59.1189957]]}, "properties": {"electrified": "contact_line", "frequency": "16.67", "gauge": "1435", "maxspeed": "65", "name": "\u00d8stfoldbanen", "operator": "Bane NOR", "railway": "rail", "usage": "main", "voltage": "15000", "length_km": 0.016, "maxspeed_kmh": 65.0}}, {"type": "Feature", "geometry": {"type": "LineString", "coordinates": [[10.7768109, 59.3636452], [10.7774902, 59.363391]]}, "properties": {"bridge": "yes", "electrified": "contact_line", "frequency": "16.67", "gauge": "1435", "maxspeed": "130", "name": "\u00d8stfoldbanen", "passenger_lines": "2", "railway": "rail", "usage": "main", "voltage": "15000", "length_km": 0.048, "maxspeed_kmh": 130.0}}, {"type": "Feature", "geometry": {"type": "LineString", "coordinates": [[10.7621372, 59.3707258], [10.768275, 59.3676462]]}, "properties": {"electrified": "contact_line", "frequency": "16.67", "gauge": "1435", "maxspeed": "130", "name": "\u00d8stfoldbanen", "passenger_lines": "2", "railway": "rail", "usage": "main", "voltage": "15000", "length_km": 0.49, "maxspeed_kmh": 130.0}}, {"type": "Feature", "geometry": {"type": "LineString", "coordinates": [[10.768275, 59.3676462], [10.7686777, 59.3674458]]}, "properties": {"bridge": "yes", "electrified": "contact_line", "frequency": "16.67", "gauge": "1435", "maxspeed": "130", "name": "\u00d8stfoldbanen", "passenger_lines": "2", "railway": "rail", "usage": "main", "voltage": "15000", "length_km": 0.032, "maxspeed_kmh": 130.0}}, {"type": "Feature", "geometry": {"type": "LineString", "coordinates": [[10.7775077, 59.3634435], [10.7768307, 59.3636989]]}, "properties": {"bridge": "yes", "electrified": "contact_line", "frequency": "16.67", "gauge": "1435", "maxspeed": "130", "name": "\u00d8stfoldbanen", "operator": "Bane NOR", "passenger_lines": "2", "railway": "rail", "usage": "main", "voltage": "15000", "length_km": 0.048, "maxspeed_kmh": 130.0}}, {"type": "Feature", "geometry": {"type": "LineString", "coordinates": [[10.7621584, 59.3707821], [10.7616367, 59.3710445]]}, "properties": {"bridge": "yes", "electrified": "contact_line", "frequency": "16.67", "gauge": "1435", "maxspeed": "130", "name": "\u00d8stfoldbanen", "operator": "Bane NOR", "passenger_lines": "2", "railway": "rail", "usage": "main", "voltage": "15000", "length_km": 0.042, "maxspeed_kmh": 130.0}}, {"type": "Feature", "geometry": {"type": "LineString", "coordinates": [[10.7615856, 59.3710017], [10.7621372, 59.3707258]]}, "properties": {"bridge": "yes", "electrified": "contact_line", "frequency": "16.67", "gauge": "1435", "maxspeed": "130", "name": "\u00d8stfoldbanen", "passenger_lines": "2", "railway": "rail", "usage": "main", "voltage": "15000", "length_km": 0.044, "maxspeed_kmh": 130.0}}, {"type": "Feature", "geometry": {"type": "LineString", "coordinates": [[10.7389046, 59.3823701], [10.7392688, 59.3821878]]}, "properties": {"bridge": "yes", "electrified": "contact_line", "frequency": "16.67", "gauge": "1435", "maxspeed": "130", "name": "\u00d8stfoldbanen", "passenger_lines": "2", "railway": "rail", "usage": "main", "voltage": "15000", "length_km": 0.029, "maxspeed_kmh": 130.0}}, {"type": "Feature", "geometry": {"type": "LineString", "coordinates": [[10.8599282, 59.3479681], [10.860059, 59.3479674]]}, "properties": {"bridge": "yes", "electrified": "contact_line", "frequency": "16.67", "gauge": "1435", "maxspeed": "130", "name": "\u00d8stfoldbanen", "operator": "Bane NOR", "railway": "rail", "usage": "main", "voltage": "15000", "length_km": 0.007, "maxspeed_kmh": 130.0}}, {"type": "Feature", "geometry": {"type": "LineString", "coordinates": [[10.7687433, 59.3674801], [10.768355, 59.3676743]]}, "properties": {"bridge": "yes", "electrified": "contact_line", "frequency": "16.67", "gauge": "1435", "maxspeed": "130", "name": "\u00d8stfoldbanen", "operator": "Bane NOR", "passenger_lines": "2", "railway": "rail", "usage": "main", "voltage": "15000", "length_km": 0.031, "maxspeed_kmh": 130.0}}, {"type": "Feature", "geometry": {"type": "LineString", "coordinates": [[10.768355, 59.3676743], [10.7621584, 59.3707821]]}, "properties": {"electrified": "contact_line", "frequency": "16.67", "gauge": "1435", "maxspeed": "130", "name": "\u00d8stfoldbanen", "operator": "Bane NOR", "passenger_lines": "2", "railway": "rail", "usage": "main", "voltage": "15000", "length_km": 0.494, "maxspeed_kmh": 130.0}}, {"type": "Feature", "geometry": {"type": "LineString", "coordinates": [[10.8040213, 59.3564991], [10.8035504, 59.3566158]]}, "properties": {"bridge": "yes", "electrified": "contact_line", "frequency": "16.67", "gauge": "1435", "maxspeed": "130", "name": "\u00d8stfoldbanen", "operator": "Bane NOR", "passenger_lines": "2", "railway": "rail", "usage": "main", "voltage": "15000", "length_km": 0.03, "maxspeed_kmh": 130.0}}, {"type": "Feature", "geometry": {"type": "LineString", "coordinates": [[10.8035065, 59.3565737], [10.8039848, 59.3564551]]}, "properties": {"bridge": "yes", "electrified": "contact_line", "frequency": "16.67", "gauge": "1435", "maxspeed": "130", "name": "\u00d8stfoldbanen", "passenger_lines": "2", "railway": "rail", "usage": "main", "voltage": "15000", "length_km": 0.03, "maxspeed_kmh": 130.0}}, {"type": "Feature", "geometry": {"type": "LineString", "coordinates": [[10.73933, 59.3822244], [10.7389739, 59.3824033]]}, "properties": {"bridge": "yes", "electrified": "contact_line", "frequency": "16.67", "gauge": "1435", "maxspeed": "130", "name": "\u00d8stfoldbanen", "operator": "Bane NOR", "passenger_lines": "2", "railway": "rail", "usage": "main", "voltage": "15000", "length_km": 0.028, "maxspeed_kmh": 130.0}}, {"type": "Feature", "geometry": {"type": "LineString", "coordinates": [[10.860059, 59.3479674], [10.8609157, 59.3479476], [10.8614499, 59.3479256]]}, "properties": {"electrified": "contact_line", "frequency": "16.67", "gauge": "1435", "maxspeed": "130", "name": "\u00d8stfoldbanen", "operator": "Bane NOR", "passenger_lines": "1", "railway": "rail", "usage": "main", "voltage": "15000", "length_km": 0.079, "maxspeed_kmh": 130.0}}, {"type": "Feature", "geometry": {"type": "LineString", "coordinates": [[11.3748319, 59.1192], [11.3750512, 59.1191393], [11.3752847, 59.1190864], [11.3755724, 59.1190376]]}, "properties": {"electrified": "contact_line", "frequency": "16.67", "gauge": "1435", "maxspeed": "65", "name": "\u00d8stfoldbanen", "operator": "Bane NOR", "passenger_lines": "1", "railway": "rail", "usage": "main", "voltage": "15000", "length_km": 0.046, "maxspeed_kmh": 65.0}}, {"type": "Feature", "geometry": {"type": "LineString", "coordinates": [[10.8149503, 59.3537882], [10.8156614, 59.3536122], [10.8156753, 59.3536087], [10.8224095, 59.3519313], [10.8241102, 59.3515072], [10.8259242, 59.3510536], [10.8262233, 59.3509776], [10.8265172, 59.3509008], [10.8268137, 59.3508217], [10.8271034, 59.35074], [10.8275248, 59.3506192]]}, "properties": {"electrified": "contact_line", "frequency": "16.67", "gauge": "1435", "maxspeed": "130", "name": "\u00d8stfoldbanen", "operator": "Bane NOR", "passenger_lines": "1", "railway": "rail", "usage": "main", "voltage": "15000", "length_km": 0.798, "maxspeed_kmh": 130.0}}, {"type": "Feature", "geometry": {"type": "LineString", "coordinates": [[10.7299579, 59.3868488], [10.732424, 59.3856143], [10.7389046, 59.3823701]]}, "properties": {"electrified": "contact_line", "frequency": "16.67", "gauge": "1435", "maxspeed": "130", "name": "\u00d8stfoldbanen", "passenger_lines": "2", "railway": "rail", "usage": "main", "voltage": "15000", "length_km": 0.713, "maxspeed_kmh": 130.0}}, {"type": "Feature", "geometry": {"type": "LineString", "coordinates": [[11.3856829, 59.1207174], [11.385866, 59.1207502], [11.3861538, 59.1207924], [11.3862993, 59.1208096], [11.386572, 59.1208362], [11.3870449, 59.1208814]]}, "properties": {"electrified": "contact_line", "frequency": "16.67", "gauge": "1435", "maxspeed": "45", "name": "\u00d8stfoldbanen", "operator": "Bane NOR", "passenger_lines": "2", "railway": "rail", "usage": "main", "voltage": "15000", "length_km": 0.08, "maxspeed_kmh": 45.0}}, {"type": "Feature", "geometry": {"type": "LineString", "coordinates": [[10.8703595, 59.3462817], [10.8709223, 59.3460737], [10.8713012, 59.3459269], [10.8716703, 59.3457793], [10.8720726, 59.3456111], [10.8724906, 59.3454265], [10.872907, 59.3452318], [10.873307, 59.3450312], [10.8737474, 59.3447949], [10.8741698, 59.3445553], [10.8745738, 59.3443094], [10.8748944, 59.3441018], [10.8753067, 59.3438199], [10.875596, 59.3436069], [10.8759012, 59.3433706], [10.876175, 59.3431419], [10.8763367, 59.3430042], [10.8764918, 59.3428657], [10.87665, 59.3427168], [10.8768066, 59.3425629], [10.8770673, 59.3422936], [10.8773376, 59.3419884], [10.8775688, 59.3417154], [10.8777937, 59.3414401], [10.8786086, 59.34045], [10.8788861, 59.3401113], [10.8790398, 59.3399229], [10.8791842, 59.3397359], [10.8793463, 59.3394802], [10.8794358, 59.3392957], [10.8795075, 59.3390753], [10.879541, 59.3388834], [10.8795518, 59.3386904], [10.879533, 59.338486], [10.8794989, 59.3383229], [10.8794324, 59.3381115], [10.8792587, 59.3376055], [10.8792081, 59.3374237], [10.8791779, 59.3372581], [10.8791601, 59.3370662], [10.8791592, 59.3368923], [10.8791825, 59.3366944], [10.879257, 59.3363469], [10.8793235, 59.3360991], [10.8793525, 59.3359924]]}, "properties": {"electrified": "contact_line", "frequency": "16.67", "gauge": "1435", "maxspeed": "80", "name": "\u00d8stfoldbanen", "operator": "Bane NOR", "passenger_lines": "1", "railway": "rail", "usage": "main", "voltage": "15000", "length_km": 1.324, "maxspeed_kmh": 80.0}}, {"type": "Feature", "geometry": {"type": "LineString", "coordinates": [[11.379929, 59.1192955], [11.3802209, 59.119369], [11.3805059, 59.1194419], [11.3811709, 59.1196132], [11.3838811, 59.1203168], [11.3841112, 59.1203765], [11.3846122, 59.1205051], [11.3847995, 59.1205468], [11.3849728, 59.1205823], [11.3851067, 59.1206086], [11.3853248, 59.1206506], [11.3856829, 59.1207174]]}, "properties": {"electrified": "contact_line", "frequency": "16.67", "gauge": "1435", "maxspeed": "45", "name": "\u00d8stfoldbanen", "operator": "Bane NOR", "passenger_lines": "2", "railway": "rail", "usage": "main", "voltage": "15000", "length_km": 0.366, "maxspeed_kmh": 45.0}}, {"type": "Feature", "geometry": {"type": "LineString", "coordinates": [[10.7389739, 59.3824033], [10.7324914, 59.3856491], [10.7316788, 59.3860498]]}, "properties": {"electrified": "contact_line", "frequency": "16.67", "gauge": "1435", "maxspeed": "130", "name": "\u00d8stfoldbanen", "operator": "Bane NOR", "passenger_lines": "2", "railway": "rail", "usage": "main", "voltage": "15000", "length_km": 0.581, "maxspeed_kmh": 130.0}}, {"type": "Feature", "geometry": {"type": "LineString", "coordinates": [[10.7616367, 59.3710445], [10.7523526, 59.3756976], [10.7505041, 59.3766239], [10.7497776, 59.3769864], [10.7485921, 59.3775829]]}, "properties": {"electrified": "contact_line", "frequency": "16.67", "gauge": "1435", "maxspeed": "130", "name": "\u00d8stfoldbanen", "operator": "Bane NOR", "passenger_lines": "2", "railway": "rail", "usage": "main", "voltage": "15000", "length_km": 1.04, "maxspeed_kmh": 130.0}}, {"type": "Feature", "geometry": {"type": "LineString", "coordinates": [[11.4758807, 59.0661494], [11.4758772, 59.0656825], [11.4758861, 59.0655516], [11.4758951, 59.0654329], [11.4759095, 59.0653179], [11.4759346, 59.0652116], [11.4759742, 59.0650868], [11.4760307, 59.0649502], [11.4761005, 59.0648133], [11.4761803, 59.0646902], [11.476316, 59.0645147], [11.4764225, 59.0643938], [11.4765542, 59.0642618], [11.4767449, 59.0640991], [11.4771474, 59.0637693]]}, "properties": {"electrified": "contact_line", "frequency": "16.67", "gauge": "1435", "maxspeed": "80", "name": "\u00d8stfoldbanen", "operator": "Bane NOR", "passenger_lines": "1", "railway": "rail", "usage": "main", "voltage": "15000", "length_km": 0.281, "maxspeed_kmh": 80.0}}, {"type": "Feature", "geometry": {"type": "LineString", "coordinates": [[10.7646206, 59.8886831], [10.7643515, 59.8889575], [10.764223, 59.889088], [10.764095, 59.8892223], [10.7639284, 59.8894055]]}, "properties": {"electrified": "contact_line", "frequency": "16.67", "gauge": "1435", "maxspeed": "95", "name": "\u00d8stfoldbanen", "operator": "Bane NOR", "railway": "rail", "usage": "branch", "voltage": "15000", "length_km": 0.089, "maxspeed_kmh": 95.0}}, {"type": "Feature", "geometry": {"type": "LineString", "coordinates": [[10.8408352, 59.7301808], [10.8410282, 59.7304143], [10.8412475, 59.7306884], [10.8414312, 59.7309223], [10.8416873, 59.7312366], [10.8419904, 59.7316165], [10.8422828, 59.7319809], [10.8425537, 59.7323601], [10.8426992, 59.7325984], [10.8427797, 59.7327654], [10.8428575, 59.7329627], [10.8429416, 59.7331968], [10.8429808, 59.7334167], [10.8429918, 59.7337946], [10.842962, 59.734237], [10.8429148, 59.7344175], [10.8428081, 59.7346986], [10.8426172, 59.7350773], [10.8424284, 59.7353674], [10.8423059, 59.7355419], [10.8421748, 59.7357002], [10.8420005, 59.7359132], [10.8417728, 59.7361486], [10.8415006, 59.7364192], [10.8403909, 59.7373885], [10.8399634, 59.7377414]]}, "properties": {"electrified": "contact_line", "frequency": "16.67", "gauge": "1435", "maxspeed": "100", "name": "\u00d8stfoldbanen", "operator": "Bane NOR", "railway": "rail", "tunnel": "yes", "usage": "branch", "voltage": "15000", "length_km": 0.902, "maxspeed_kmh": 100.0}}, {"type": "Feature", "geometry": {"type": "LineString", "coordinates": [[10.7648979, 59.9050701], [10.7651215, 59.9054758], [10.7652459, 59.9057101], [10.7653185, 59.9058522], [10.7653704, 59.9059765], [10.76541, 59.9060855], [10.7654398, 59.9061967], [10.7654566, 59.9062997], [10.7654666, 59.906399], [10.7654678, 59.9064301]]}, "properties": {"electrified": "contact_line", "frequency": "16.67", "gauge": "1435", "name": "\u00d8stfoldbanen", "operator": "Bane NOR", "railway": "rail", "tunnel": "yes", "usage": "branch", "voltage": "15000", "length_km": 0.155}}, {"type": "Feature", "geometry": {"type": "LineString", "coordinates": [[10.8387411, 59.739756], [10.8386617, 59.7401589], [10.8386126, 59.7404259], [10.83858, 59.7406314], [10.8385399, 59.7409207], [10.838528, 59.741009], [10.8385136, 59.7411572]]}, "properties": {"electrified": "contact_line", "frequency": "16.67", "gauge": "1435", "maxspeed": "100", "name": "\u00d8stfoldbanen", "operator": "Bane NOR", "railway": "rail", "usage": "branch", "voltage": "15000", "length_km": 0.157, "maxspeed_kmh": 100.0}}, {"type": "Feature", "geometry": {"type": "LineString", "coordinates": [[10.7645192, 59.9045459], [10.7643349, 59.9042168], [10.7641402, 59.9038653], [10.764017, 59.9036461], [10.7639248, 59.9034914], [10.7638451, 59.9033715], [10.7637598, 59.9032527], [10.7636175, 59.9030851], [10.7634579, 59.902928], [10.7634123, 59.902888], [10.7633176, 59.902805], [10.7631617, 59.9026888], [10.7630637, 59.9026145]]}, "properties": {"electrified": "contact_line", "frequency": "16.67", "gauge": "1435", "maxspeed": "65", "name": "\u00d8stfoldbanen", "operator": "Bane NOR", "railway": "rail", "tunnel": "yes", "usage": "branch", "voltage": "15000", "length_km": 0.232, "maxspeed_kmh": 65.0}}, {"type": "Feature", "geometry": {"type": "LineString", "coordinates": [[10.7635541, 59.9083795], [10.7637433, 59.9082962], [10.7639569, 59.9081937], [10.7641456, 59.908089], [10.7642969, 59.9080004], [10.7644261, 59.9079141], [10.7645752, 59.907807], [10.7646531, 59.9077437], [10.7647435, 59.9076668]]}, "properties": {"electrified": "contact_line", "frequency": "16.67", "gauge": "1435", "name": "\u00d8stfoldbanen", "operator": "Bane NOR", "railway": "rail", "tunnel": "yes", "usage": "branch", "voltage": "15000", "length_km": 0.104}}, {"type": "Feature", "geometry": {"type": "LineString", "coordinates": [[10.7654678, 59.9064301], [10.7654699, 59.9064863], [10.7654652, 59.9065996], [10.7654462, 59.9067142], [10.7654261, 59.9068131], [10.7653932, 59.9069193], [10.7653483, 59.907026], [10.7653105, 59.9071105], [10.7652504, 59.9072181], [10.7651824, 59.9073193], [10.7650971, 59.9074334], [10.7650133, 59.9075339], [10.7649284, 59.9076238], [10.7648496, 59.9076976]]}, "properties": {"electrified": "contact_line", "frequency": "16.67", "gauge": "1435", "name": "\u00d8stfoldbanen", "operator": "Bane NOR", "railway": "rail", "usage": "branch", "voltage": "15000", "length_km": 0.147}}, {"type": "Feature", "geometry": {"type": "LineString", "coordinates": [[10.7634351, 59.9081334], [10.7635414, 59.9080977], [10.7636585, 59.9080564], [10.7637667, 59.9080161], [10.7639601, 59.9079328], [10.7640602, 59.9078856], [10.7641582, 59.9078364], [10.7642287, 59.9077965], [10.7642963, 59.907757], [10.7643513, 59.9077235], [10.7644059, 59.9076897], [10.7644774, 59.9076426], [10.7645451, 59.9075951], [10.7646598, 59.9075062], [10.7647203, 59.9074538], [10.7647783, 59.9074006], [10.7648278, 59.9073527], [10.7648741, 59.9073042], [10.7649215, 59.9072486], [10.7649667, 59.9071926], [10.7650035, 59.9071421], [10.7650381, 59.9070913], [10.7650641, 59.9070473], [10.7650898, 59.9070026], [10.7651145, 59.9069529], [10.765136, 59.9069032], [10.7651549, 59.9068551], [10.7651729, 59.9068064], [10.7651894, 59.9067504], [10.7652019, 59.9067012], [10.7652122, 59.9066528], [10.7652217, 59.9066026], [10.7652341, 59.9065154], [10.7652373, 59.9064747], [10.765238, 59.9064542]]}, "properties": {"electrified": "contact_line", "frequency": "16.67", "gauge": "1435", "maxspeed": "40", "name": "\u00d8stfoldbanen", "operator": "Bane NOR", "railway": "rail", "voltage": "15000", "length_km": 0.222, "maxspeed_kmh": 40.0}}, {"type": "Feature", "geometry": {"type": "LineString", "coordinates": [[10.7648979, 59.9050701], [10.765051, 59.9052861], [10.7651753, 59.905457], [10.7652722, 59.9055908], [10.7653368, 59.9056854], [10.7654293, 59.9058356], [10.765495, 59.9059604], [10.7655447, 59.9060632], [10.7655926, 59.9061762], [10.7656349, 59.9062914], [10.7656622, 59.9063873], [10.7656693, 59.9064199]]}, "properties": {"electrified": "contact_line", "frequency": "16.67", "gauge": "1435", "name": "\u00d8stfoldbanen", "operator": "Bane NOR", "railway": "rail", "tunnel": "yes", "voltage": "15000", "length_km": 0.157}}, {"type": "Feature", "geometry": {"type": "LineString", "coordinates": [[10.765238, 59.9064542], [10.7652397, 59.9064041], [10.7652372, 59.9063122], [10.7652305, 59.9062212], [10.7652112, 59.9061198], [10.7651789, 59.9059967], [10.7651356, 59.9058762], [10.764988, 59.9054901], [10.7649247, 59.9053164], [10.7648495, 59.9051442]]}, "properties": {"electrified": "contact_line", "frequency": "16.67", "gauge": "1435", "maxspeed": "40", "name": "\u00d8stfoldbanen", "operator": "Bane NOR", "railway": "rail", "tunnel": "yes", "voltage": "15000", "length_km": 0.148, "maxspeed_kmh": 40.0}}, {"type": "Feature", "geometry": {"type": "LineString", "coordinates": [[10.832893, 59.7147824], [10.8328082, 59.7145316], [10.8327395, 59.7143569], [10.8326658, 59.7141952], [10.8325789, 59.7140199], [10.8324855, 59.7138501], [10.8324226, 59.7137439], [10.832346, 59.7136236], [10.8322671, 59.713506], [10.832151, 59.7133453]]}, "properties": {"electrified": "contact_line", "frequency": "16.67", "gauge": "1435", "name": "\u00d8stfoldbanen", "operator": "Bane NOR", "passenger_lines": "2", "railway": "rail", "usage": "main", "voltage": "15000", "length_km": 0.166}}, {"type": "Feature", "geometry": {"type": "LineString", "coordinates": [[10.8320798, 59.7131335], [10.8321604, 59.7132354], [10.8322328, 59.7133332]]}, "properties": {"electrified": "contact_line", "frequency": "16.67", "gauge": "1435", "name": "\u00d8stfoldbanen", "operator": "Bane NOR", "passenger_lines": "2", "railway": "rail", "usage": "main", "voltage": "15000", "length_km": 0.024}}, {"type": "Feature", "geometry": {"type": "LineString", "coordinates": [[10.8320028, 59.7131485], [10.8318733, 59.7129855]]}, "properties": {"electrified": "contact_line", "frequency": "16.67", "gauge": "1435", "name": "\u00d8stfoldbanen", "operator": "Bane NOR", "passenger_lines": "2", "railway": "rail", "usage": "main", "voltage": "15000", "length_km": 0.02}}, {"type": "Feature", "geometry": {"type": "LineString", "coordinates": [[10.8076573, 59.7718901], [10.8078095, 59.7717737]]}, "properties": {"bridge": "yes", "electrified": "contact_line", "frequency": "16.67", "gauge": "1435", "maxspeed": "125", "name": "\u00d8stfoldbanen", "operator": "Bane NOR", "passenger_lines": "2", "railway": "rail", "usage": "branch", "voltage": "15000", "length_km": 0.016, "maxspeed_kmh": 125.0}}, {"type": "Feature", "geometry": {"type": "LineString", "coordinates": [[10.8078537, 59.7718113], [10.8077161, 59.7719139]]}, "properties": {"bridge": "yes", "electrified": "contact_line", "frequency": "16.67", "gauge": "1435", "maxspeed": "120", "name": "\u00d8stfoldbanen", "operator": "Bane NOR", "passenger_lines": "2", "railway": "rail", "usage": "branch", "voltage": "15000", "length_km": 0.014, "maxspeed_kmh": 120.0}}, {"type": "Feature", "geometry": {"type": "LineString", "coordinates": [[10.7998547, 59.788526], [10.7998194, 59.7888463], [10.7998036, 59.7891038], [10.799796, 59.7893618], [10.799806, 59.7897176], [10.7998322, 59.7900763], [10.7998586, 59.7903076], [10.7998966, 59.790539], [10.7999468, 59.7908072], [10.8000053, 59.7910754], [10.8000694, 59.7913436], [10.8001428, 59.7916105], [10.8001548, 59.7916488], [10.8002226, 59.791852], [10.8003054, 59.792054], [10.8004196, 59.7922743], [10.8005511, 59.7924899], [10.8007091, 59.7927008], [10.8008833, 59.7929082], [10.8010853, 59.7931175], [10.8013002, 59.7933245], [10.8015279, 59.7935426], [10.8017463, 59.7937625], [10.8019333, 59.7939702], [10.8021005, 59.7941838], [10.8022426, 59.7943964], [10.8023614, 59.7946138], [10.8024187, 59.7947341], [10.802469, 59.7948526]]}, "properties": {"electrified": "contact_line", "frequency": "16.67", "gauge": "1435", "maxspeed": "105", "name": "\u00d8stfoldbanen", "operator": "Bane NOR", "passenger_lines": "2", "railway": "rail", "usage": "branch", "voltage": "15000", "length_km": 0.731, "maxspeed_kmh": 105.0}}, {"type": "Feature", "geometry": {"type": "LineString", "coordinates": [[10.9058353, 59.2679794], [10.9059627, 59.2681496]]}, "properties": {"electrified": "contact_line", "frequency": "16.67", "gauge": "1435", "maxspeed": "90", "name": "\u00d8stfoldbanen", "operator": "Bane NOR", "passenger_lines": "1", "railway": "rail", "usage": "main", "voltage": "15000", "length_km": 0.02, "maxspeed_kmh": 90.0}}, {"type": "Feature", "geometry": {"type": "LineString", "coordinates": [[10.9041846, 59.2632077], [10.9042054, 59.2630776]]}, "properties": {"bridge": "yes", "electrified": "contact_line", "frequency": "16.67", "gauge": "1435", "name": "\u00d8stfoldbanen", "operator": "Bane NOR", "passenger_lines": "1", "railway": "rail", "usage": "main", "voltage": "15000", "length_km": 0.015}}, {"type": "Feature", "geometry": {"type": "LineString", "coordinates": [[10.9059627, 59.2681496], [10.9062091, 59.2684728], [10.9063136, 59.2686196], [10.9064131, 59.2687744], [10.9064905, 59.2689051], [10.9065533, 59.2690426], [10.9066033, 59.2691777], [10.9066333, 59.2692877], [10.9066545, 59.2693748], [10.9066765, 59.2695218], [10.9066911, 59.2696874], [10.9066941, 59.2698981], [10.9066874, 59.2701096], [10.9066737, 59.2705022], [10.9066533, 59.2710286], [10.9065781, 59.272961], [10.9065606, 59.2734435], [10.9065352, 59.2737862], [10.9064953, 59.2739874]]}, "properties": {"electrified": "contact_line", "frequency": "16.67", "gauge": "1435", "maxspeed": "90", "name": "\u00d8stfoldbanen", "operator": "Bane NOR", "passenger_lines": "2", "railway": "rail", "usage": "main", "voltage": "15000", "length_km": 0.657, "maxspeed_kmh": 90.0}}, {"type": "Feature", "geometry": {"type": "LineString", "coordinates": [[10.9047746, 59.2758462], [10.9049597, 59.2757068], [10.9050562, 59.2756304], [10.9051332, 59.2755574], [10.905143, 59.2755488], [10.9053154, 59.2753917], [10.9055924, 59.2751504], [10.9057528, 59.275005], [10.9058846, 59.274868], [10.9059654, 59.2747848], [10.9060691, 59.2746641], [10.9061704, 59.2745298], [10.906256, 59.2743899], [10.9063283, 59.2742415], [10.9063862, 59.274093], [10.9064139, 59.2739771], [10.9064463, 59.2737902], [10.9064736, 59.2734364], [10.9064992, 59.2729624], [10.9065721, 59.2710263], [10.9065743, 59.2704833], [10.9065541, 59.2697932], [10.9065433, 59.2695908], [10.9065126, 59.2693878], [10.9064734, 59.2692048], [10.9064269, 59.2690532], [10.906375, 59.2689188], [10.9063184, 59.268779], [10.9062443, 59.268635], [10.9061696, 59.2684822], [10.9061115, 59.2683738], [10.906073, 59.2683083], [10.9060537, 59.2682755], [10.9059627, 59.2681496]]}, "properties": {"electrified": "contact_line", "frequency": "16.67", "gauge": "1435", "maxspeed": "40", "name": "\u00d8stfoldbanen", "passenger_lines": "2", "railway": "rail", "service": "siding", "voltage": "15000", "length_km": 0.884, "maxspeed_kmh": 40.0}}, {"type": "Feature", "geometry": {"type": "LineString", "coordinates": [[10.9042054, 59.2630776], [10.9042404, 59.2628824], [10.9042852, 59.2626864]]}, "properties": {"electrified": "contact_line", "frequency": "16.67", "gauge": "1435", "name": "\u00d8stfoldbanen", "operator": "Bane NOR", "passenger_lines": "1", "railway": "rail", "usage": "main", "voltage": "15000", "length_km": 0.044}}, {"type": "Feature", "geometry": {"type": "LineString", "coordinates": [[11.1877611, 59.2209369], [11.1877717, 59.2208855]]}, "properties": {"bridge": "yes", "electrified": "contact_line", "frequency": "16.67", "gauge": "1435", "maxspeed": "130", "name": "\u00d8stfoldbanen", "operator": "Bane NOR", "passenger_lines": "1", "railway": "rail", "usage": "main", "voltage": "15000", "length_km": 0.006, "maxspeed_kmh": 130.0}}, {"type": "Feature", "geometry": {"type": "LineString", "coordinates": [[11.1877717, 59.2208855], [11.1879301, 59.2200279], [11.1880888, 59.2191664], [11.1884184, 59.2173606], [11.1887727, 59.2153673], [11.1891432, 59.2133593], [11.1891464, 59.2133408]]}, "properties": {"electrified": "contact_line", "frequency": "16.67", "gauge": "1435", "maxspeed": "130", "name": "\u00d8stfoldbanen", "operator": "Bane NOR", "passenger_lines": "1", "railway": "rail", "usage": "main", "voltage": "15000", "length_km": 0.844, "maxspeed_kmh": 130.0}}, {"type": "Feature", "geometry": {"type": "LineString", "coordinates": [[10.8308008, 59.7116764], [10.8303098, 59.7110788], [10.8293865, 59.7099534]]}, "properties": {"electrified": "contact_line", "frequency": "16.67", "gauge": "1435", "name": "\u00d8stfoldbanen", "operator": "Bane NOR", "passenger_lines": "2", "railway": "rail", "tunnel": "yes", "usage": "main", "voltage": "15000", "length_km": 0.208}}, {"type": "Feature", "geometry": {"type": "LineString", "coordinates": [[10.8301955, 59.7108353], [10.830578, 59.7112996], [10.8307861, 59.7115523], [10.8310257, 59.7118518], [10.8317769, 59.7127505], [10.8319507, 59.7129691]]}, "properties": {"electrified": "contact_line", "frequency": "16.67", "gauge": "1435", "name": "\u00d8stfoldbanen", "operator": "Bane NOR", "passenger_lines": "2", "railway": "rail", "tunnel": "yes", "usage": "main", "voltage": "15000", "length_km": 0.258}}, {"type": "Feature", "geometry": {"type": "LineString", "coordinates": [[10.8370765, 59.7247666], [10.8369002, 59.7245073], [10.8367426, 59.72427], [10.8365912, 59.7240312], [10.8364377, 59.7237797], [10.8362467, 59.7234551], [10.8361387, 59.7232476], [10.8358096, 59.7226066]]}, "properties": {"electrified": "contact_line", "frequency": "16.67", "gauge": "1435", "name": "\u00d8stfoldbanen", "operator": "Bane NOR", "railway": "rail", "usage": "branch", "voltage": "15000", "length_km": 0.251}}, {"type": "Feature", "geometry": {"type": "LineString", "coordinates": [[10.7656693, 59.9064199], [10.7656883, 59.9064989], [10.7656973, 59.9065634], [10.7657043, 59.9066379], [10.7657051, 59.9066969], [10.765701, 59.906796], [10.7656888, 59.9068614], [10.765674, 59.9069238], [10.7656561, 59.9069863], [10.7656325, 59.907046], [10.7655972, 59.9071246], [10.7655647, 59.9071839], [10.7655141, 59.9072639], [10.765448, 59.9073533], [10.7653937, 59.9074143], [10.7653274, 59.907485], [10.7652604, 59.9075489], [10.7651933, 59.9076085], [10.7650962, 59.9076861], [10.7650039, 59.9077524], [10.7648762, 59.9078327], [10.7647976, 59.9078766], [10.7647191, 59.9079204], [10.7645576, 59.9080012], [10.764392, 59.9080736], [10.7642508, 59.9081277], [10.7641115, 59.9081765], [10.7639951, 59.9082139], [10.7638572, 59.9082539], [10.7637117, 59.9082924], [10.763578, 59.9083245], [10.7634333, 59.9083554], [10.7632599, 59.908387], [10.7631328, 59.9084081], [10.7629217, 59.908441], [10.7628148, 59.9084564], [10.7627107, 59.9084707]]}, "properties": {"electrified": "contact_line", "frequency": "16.67", "gauge": "1435", "name": "\u00d8stfoldbanen", "operator": "Bane NOR", "railway": "rail", "voltage": "15000", "length_km": 0.312}}, {"type": "Feature", "geometry": {"type": "LineString", "coordinates": [[10.7972222, 59.8394239], [10.7972247, 59.8393005], [10.7972442, 59.8386489], [10.7972611, 59.8383153], [10.797291, 59.8379973], [10.7973003, 59.8378972], [10.7973164, 59.8376969], [10.7973272, 59.837546], [10.7973303, 59.8375084], [10.7973412, 59.837237], [10.7973416, 59.8369649], [10.7973314, 59.8367481], [10.7973147, 59.8365313], [10.7972853, 59.83626], [10.7972494, 59.8360182], [10.797196, 59.835732], [10.7971511, 59.8355475], [10.7969028, 59.8346273], [10.796853, 59.8344146], [10.7968253, 59.8342614], [10.7968041, 59.8341075], [10.7967885, 59.8339271], [10.7967818, 59.8337771], [10.7967832, 59.8336271], [10.7968001, 59.833357], [10.7968408, 59.8330852], [10.7969597, 59.8325481], [10.7970201, 59.832292], [10.7970805, 59.832036], [10.7972074, 59.8314979], [10.7975668, 59.8299828], [10.797748, 59.8292052], [10.7978047, 59.8289471], [10.7978509, 59.8286875], [10.7978834, 59.8284192], [10.7979025, 59.8281517], [10.7979061, 59.8278965], [10.7979039, 59.8276406], [10.7978267, 59.823998], [10.7977555, 59.820609], [10.7977499, 59.8203837], [10.7977355, 59.8200803], [10.7977033, 59.8198268], [10.7976525, 59.8195759], [10.7975763, 59.8193227], [10.7974763, 59.8190716], [10.7973953, 59.818897], [10.7973023, 59.8187218], [10.7971069, 59.8183618], [10.79697, 59.8181038], [10.7969459, 59.8180546]]}, "properties": {"electrified": "contact_line", "frequency": "16.67", "gauge": "1435", "maxspeed": "125", "name": "\u00d8stfoldbanen", "operator": "Bane NOR", "passenger_lines": "2", "railway": "rail", "usage": "branch", "voltage": "15000", "length_km": 2.392, "maxspeed_kmh": 125.0}}, {"type": "Feature", "geometry": {"type": "LineString", "coordinates": [[10.8022368, 59.8446151], [10.8022832, 59.8446894]]}, "properties": {"bridge": "yes", "electrified": "contact_line", "frequency": "16.67", "gauge": "1435", "maxspeed": "85", "name": "\u00d8stfoldbanen", "operator": "Bane NOR", "passenger_lines": "2", "railway": "rail", "usage": "branch", "voltage": "15000", "length_km": 0.009, "maxspeed_kmh": 85.0}}, {"type": "Feature", "geometry": {"type": "LineString", "coordinates": [[10.8022041, 59.8446994], [10.8021579, 59.8446254]]}, "properties": {"bridge": "yes", "electrified": "contact_line", "frequency": "16.67", "gauge": "1435", "name": "\u00d8stfoldbanen", "operator": "Bane NOR", "passenger_lines": "2", "railway": "rail", "usage": "branch", "voltage": "15000", "length_km": 0.009}}, {"type": "Feature", "geometry": {"type": "LineString", "coordinates": [[10.8022832, 59.8446894], [10.8023084, 59.8447369], [10.8023798, 59.844865], [10.8025255, 59.8451217], [10.8026695, 59.8453791], [10.8027762, 59.8455714], [10.8028829, 59.8457637], [10.8029429, 59.8458757], [10.8030002, 59.8459891], [10.8030535, 59.8461146], [10.8031128, 59.8462895], [10.8031557, 59.8464697], [10.8031813, 59.8466451], [10.8031872, 59.8468296], [10.8031759, 59.8470096], [10.8031421, 59.8471889], [10.8030958, 59.8473449], [10.8030361, 59.8474979], [10.8029492, 59.8476701], [10.8028368, 59.8478392], [10.8026961, 59.8480131], [10.8025299, 59.848181], [10.802343, 59.8483418], [10.8021366, 59.848495], [10.8019115, 59.8486378], [10.8016669, 59.848776], [10.8014101, 59.8489028], [10.8011367, 59.8490252], [10.8008708, 59.849132], [10.8005883, 59.849232]]}, "properties": {"electrified": "contact_line", "frequency": "16.67", "gauge": "1435", "maxspeed": "85", "name": "\u00d8stfoldbanen", "operator": "Bane NOR", "passenger_lines": "2", "railway": "rail", "usage": "branch", "voltage": "15000", "length_km": 0.563, "maxspeed_kmh": 85.0}}, {"type": "Feature", "geometry": {"type": "LineString", "coordinates": [[10.7853024, 59.8540478], [10.7850873, 59.8537471], [10.7850443, 59.8536869], [10.7848792, 59.8534578], [10.7847195, 59.8532275], [10.7846087, 59.8530386], [10.7845384, 59.8528893], [10.7844818, 59.8527161], [10.7844493, 59.8525395], [10.7844394, 59.852363], [10.7844525, 59.8521886], [10.7844898, 59.8520112], [10.7845512, 59.8518357], [10.7846331, 59.8516656], [10.784739, 59.8514984], [10.7848659, 59.851332], [10.7850119, 59.8511688], [10.78534, 59.8508119], [10.7856692, 59.8504601], [10.7857842, 59.8503505], [10.7859075, 59.8502367], [10.7860989, 59.8500824], [10.7863126, 59.8499356], [10.7865392, 59.8497996], [10.7867883, 59.8496696], [10.7869203, 59.8496086], [10.7870575, 59.8495485], [10.7871957, 59.8494877], [10.7873412, 59.8494316], [10.7874949, 59.8493779], [10.7876527, 59.8493253], [10.7878095, 59.8492743], [10.7879735, 59.8492263], [10.7881317, 59.849184], [10.788297, 59.8491443], [10.7884676, 59.8491053], [10.788637, 59.84907], [10.7889442, 59.8490122], [10.7892627, 59.8489616], [10.7894361, 59.8489396], [10.7896126, 59.84892], [10.7897886, 59.8489031], [10.7899656, 59.8488888], [10.7901441, 59.8488771], [10.7903238, 59.8488679], [10.7905008, 59.8488624], [10.7906799, 59.8488589], [10.7908556, 59.8488593], [10.7910355, 59.8488617], [10.7912138, 59.8488677], [10.7913911, 59.8488773], [10.7915421, 59.8488876], [10.7917022, 59.8489018], [10.7918568, 59.8489174], [10.7920123, 59.8489366], [10.7922374, 59.8489693], [10.7924615, 59.8490071], [10.792683, 59.8490496], [10.7929014, 59.8490947], [10.7930322, 59.8491229], [10.7938025, 59.8492915]]}, "properties": {"electrified": "contact_line", "frequency": "16.67", "gauge": "1435", "maxspeed": "80", "name": "\u00d8stfoldbanen", "operator": "Bane NOR", "passenger_lines": "2", "railway": "rail", "usage": "branch", "voltage": "15000", "length_km": 0.954, "maxspeed_kmh": 80.0}}, {"type": "Feature", "geometry": {"type": "LineString", "coordinates": [[10.7872406, 59.860255], [10.7872371, 59.8602049]]}, "properties": {"bridge": "yes", "electrified": "contact_line", "frequency": "16.67", "gauge": "1435", "maxspeed": "80", "name": "\u00d8stfoldbanen", "operator": "Bane NOR", "passenger_lines": "2", "railway": "rail", "usage": "branch", "voltage": "15000", "length_km": 0.006, "maxspeed_kmh": 80.0}}, {"type": "Feature", "geometry": {"type": "LineString", "coordinates": [[10.7873155, 59.8602029], [10.7873172, 59.860253]]}, "properties": {"bridge": "yes", "electrified": "contact_line", "frequency": "16.67", "gauge": "1435", "maxspeed": "95", "name": "\u00d8stfoldbanen", "operator": "Bane NOR", "passenger_lines": "2", "railway": "rail", "usage": "branch", "voltage": "15000", "length_km": 0.006, "maxspeed_kmh": 95.0}}, {"type": "Feature", "geometry": {"type": "LineString", "coordinates": [[10.7873172, 59.860253], [10.7873204, 59.8603641], [10.787314, 59.860479], [10.7872929, 59.8606238], [10.7872591, 59.8607687], [10.7871868, 59.8609724], [10.7870891, 59.861171], [10.7869769, 59.8613552], [10.7868493, 59.8615373], [10.786533, 59.8619418], [10.786366, 59.8621541], [10.7862088, 59.8623679], [10.7860699, 59.8625771], [10.785952, 59.8627905], [10.7858742, 59.862963], [10.785809, 59.8631384], [10.7857905, 59.8631994], [10.7857524, 59.8633417], [10.7857242, 59.8634819], [10.7857024, 59.8636611], [10.7856863, 59.8638439], [10.7856817, 59.8639231], [10.7856737, 59.864061], [10.7856526, 59.8642796], [10.785618, 59.8644827], [10.7855624, 59.8646858], [10.7855451, 59.8647316], [10.7855197, 59.8647958]]}, "properties": {"electrified": "contact_line", "frequency": "16.67", "gauge": "1435", "maxspeed": "95", "name": "\u00d8stfoldbanen", "operator": "Bane NOR", "passenger_lines": "2", "railway": "rail", "usage": "branch", "voltage": "15000", "length_km": 0.52, "maxspeed_kmh": 95.0}}, {"type": "Feature", "geometry": {"type": "LineString", "coordinates": [[10.7872371, 59.8602049], [10.7872257, 59.8601263], [10.7871888, 59.8599294], [10.7871233, 59.8597324], [10.78703, 59.8595117], [10.7869229, 59.8592928], [10.7867521, 59.858945], [10.7866766, 59.8587574], [10.7866223, 59.8585655], [10.7865893, 59.8583482], [10.7865799, 59.8581279], [10.7865844, 59.8579413], [10.7865939, 59.8577579], [10.7866263, 59.8572325], [10.7866363, 59.8570446], [10.7866452, 59.8568419], [10.786638, 59.8566392], [10.7866149, 59.8564279], [10.7865665, 59.8562156], [10.786494, 59.855998], [10.7863979, 59.8557832], [10.7862424, 59.8555108], [10.7860743, 59.8552421], [10.7857554, 59.854742], [10.785562, 59.8544381], [10.7854221, 59.8542259]]}, "properties": {"electrified": "contact_line", "frequency": "16.67", "gauge": "1435", "maxspeed": "80", "name": "\u00d8stfoldbanen", "operator": "Bane NOR", "passenger_lines": "2", "railway": "rail", "usage": "branch", "voltage": "15000", "length_km": 0.68, "maxspeed_kmh": 80.0}}, {"type": "Feature", "geometry": {"type": "LineString", "coordinates": [[10.7854794, 59.8541697], [10.7856376, 59.8544286], [10.7858296, 59.8547304], [10.7861493, 59.8552306], [10.7863176, 59.8555006], [10.7864708, 59.8557745], [10.7865734, 59.8559917], [10.7866471, 59.8562106], [10.7866927, 59.8564246], [10.7867166, 59.8566385], [10.7867199, 59.8568416], [10.7867145, 59.857044], [10.7867045, 59.8572323], [10.7866739, 59.8577585], [10.7866609, 59.8579422], [10.7866567, 59.8581266], [10.7866668, 59.8583442], [10.786703, 59.85856], [10.7867571, 59.8587481], [10.7868286, 59.8589342], [10.7869921, 59.8592836], [10.7871012, 59.8595036], [10.7871967, 59.8597249], [10.7872633, 59.8599217], [10.787305, 59.8601216], [10.7873155, 59.8602029]]}, "properties": {"electrified": "contact_line", "frequency": "16.67", "gauge": "1435", "maxspeed": "95", "name": "\u00d8stfoldbanen", "operator": "Bane NOR", "passenger_lines": "2", "railway": "rail", "usage": "branch", "voltage": "15000", "length_km": 0.686, "maxspeed_kmh": 95.0}}, {"type": "Feature", "geometry": {"type": "LineString", "coordinates": [[10.7594886, 59.9008089], [10.7596414, 59.9008495], [10.7597397, 59.9008774], [10.7598565, 59.9009121], [10.7600339, 59.9009679], [10.7602346, 59.9010318]]}, "properties": {"electrified": "contact_line", "frequency": "16.67", "gauge": "1435", "name": "\u00d8stfoldbanen", "operator": "Bane NOR", "railway": "rail", "usage": "branch", "voltage": "15000", "length_km": 0.049}}, {"type": "Feature", "geometry": {"type": "LineString", "coordinates": [[10.7266467, 59.5407216], [10.7260567, 59.5421441], [10.7258217, 59.5427027], [10.7255921, 59.5432775], [10.7253762, 59.5438512], [10.7251938, 59.5443838], [10.7250274, 59.5449167], [10.7248873, 59.5454043], [10.7247601, 59.5458979], [10.7246622, 59.5463288], [10.7245588, 59.5468186], [10.7244615, 59.5473109], [10.7244147, 59.547548], [10.7243546, 59.5478451], [10.7242947, 59.5481592], [10.7242048, 59.5485995], [10.7241275, 59.5489831], [10.7240234, 59.5494979], [10.7238453, 59.5504093], [10.7236349, 59.5514615], [10.7230683, 59.5543214], [10.7228743, 59.5552896]]}, "properties": {"electrified": "contact_line", "frequency": "16.67", "gauge": "1435", "maxspeed": "160", "name": "\u00d8stfoldbanen", "operator": "Bane NOR", "passenger_lines": "2", "railway": "rail", "usage": "main", "voltage": "15000", "length_km": 1.639, "maxspeed_kmh": 160.0}}, {"type": "Feature", "geometry": {"type": "LineString", "coordinates": [[10.7228743, 59.5552896], [10.7223605, 59.5578792]]}, "properties": {"bridge": "yes", "electrified": "contact_line", "frequency": "16.67", "gauge": "1435", "maxspeed": "160", "name": "\u00d8stfoldbanen", "operator": "Bane NOR", "passenger_lines": "2", "railway": "rail", "usage": "main", "voltage": "15000", "length_km": 0.29, "maxspeed_kmh": 160.0}}, {"type": "Feature", "geometry": {"type": "LineString", "coordinates": [[10.7222775, 59.5578751], [10.7227904, 59.5552845]]}, "properties": {"bridge": "yes", "electrified": "contact_line", "frequency": "16.67", "gauge": "1435", "maxspeed": "160", "name": "\u00d8stfoldbanen", "operator": "Bane NOR", "passenger_lines": "2", "railway": "rail", "usage": "main", "voltage": "15000", "length_km": 0.29, "maxspeed_kmh": 160.0}}, {"type": "Feature", "geometry": {"type": "LineString", "coordinates": [[10.7227904, 59.5552845], [10.7229854, 59.5543167], [10.7235516, 59.5514561], [10.7237605, 59.550404], [10.7239417, 59.5494923], [10.7240437, 59.5489786], [10.72412, 59.5485949], [10.7242116, 59.5481533], [10.7242674, 59.5478514], [10.7243313, 59.5475446], [10.7243785, 59.5473035], [10.724477, 59.5468121], [10.7245822, 59.5463226], [10.7246793, 59.5458932], [10.7248087, 59.5454002], [10.7249475, 59.5449112], [10.725113, 59.5443763], [10.7252545, 59.5439686], [10.7252992, 59.5438438], [10.7255143, 59.5432702], [10.7257455, 59.5426944], [10.7259788, 59.5421354], [10.7265701, 59.5407136]]}, "properties": {"electrified": "contact_line", "frequency": "16.67", "gauge": "1435", "maxspeed": "160", "name": "\u00d8stfoldbanen", "operator": "Bane NOR", "passenger_lines": "2", "railway": "rail", "usage": "main", "voltage": "15000", "length_km": 1.639, "maxspeed_kmh": 160.0}}, {"type": "Feature", "geometry": {"type": "LineString", "coordinates": [[10.7223605, 59.5578792], [10.7223118, 59.5581194], [10.7222036, 59.558661], [10.7221109, 59.5591498], [10.7220214, 59.5596861], [10.7219807, 59.5599812], [10.7219455, 59.5602704], [10.7219174, 59.5605635], [10.7218976, 59.5608572], [10.7218859, 59.5611264], [10.7218815, 59.5613956], [10.7218834, 59.5616588], [10.7218897, 59.5619203], [10.7219052, 59.5622128], [10.7219274, 59.5625062], [10.7219575, 59.5627983], [10.7219967, 59.5630916], [10.7220419, 59.563383], [10.7220962, 59.5636747], [10.7221566, 59.5639667], [10.7222233, 59.564255], [10.7222985, 59.5645455], [10.7223827, 59.5648361], [10.7224683, 59.5651178], [10.7225646, 59.5653991], [10.7226585, 59.5656661], [10.7227557, 59.5659327], [10.7229588, 59.5664642], [10.723782, 59.568582], [10.7241871, 59.5696304], [10.7243967, 59.570159], [10.7246226, 59.5706881], [10.7247318, 59.5709469], [10.7248522, 59.5712113], [10.7249778, 59.5714721], [10.7251117, 59.5717325], [10.7252502, 59.5719924], [10.7253962, 59.5722513], [10.7255465, 59.5725098], [10.7257052, 59.5727678], [10.7258658, 59.5730236], [10.726037, 59.5732818], [10.7262069, 59.5735279], [10.726387, 59.5737781], [10.7265731, 59.574031], [10.7267701, 59.5742811], [10.7269641, 59.574532], [10.7271672, 59.5747807], [10.7275891, 59.5752827], [10.7280089, 59.5757728], [10.7305908, 59.5787774], [10.7310454, 59.579314], [10.7312531, 59.5795649], [10.7314563, 59.5798149], [10.7316398, 59.5800451], [10.731818, 59.5802771], [10.7321604, 59.5807374], [10.7323397, 59.580987], [10.7325145, 59.5812362], [10.7326131, 59.5813805], [10.7329537, 59.5818943], [10.7355391, 59.5858892], [10.7381888, 59.5899888], [10.7385069, 59.5904933], [10.7386627, 59.5907535], [10.7388083, 59.5910136], [10.7389442, 59.591274], [10.7390683, 59.5915388], [10.7391748, 59.5917971], [10.7392711, 59.5920651]]}, "properties": {"electrified": "contact_line", "frequency": "16.67", "gauge": "1435", "maxspeed": "160", "name": "\u00d8stfoldbanen", "operator": "Bane NOR", "passenger_lines": "2", "railway": "rail", "usage": "main", "voltage": "15000", "length_km": 3.968, "maxspeed_kmh": 160.0}}, {"type": "Feature", "geometry": {"type": "LineString", "coordinates": [[11.4399549, 59.127895], [11.4402049, 59.1278394], [11.4404529, 59.1277793], [11.4407022, 59.1277062], [11.4409594, 59.1276217], [11.4411955, 59.1275344], [11.4414339, 59.1274362], [11.4417002, 59.1273148], [11.4420001, 59.1271578], [11.4422329, 59.1270255], [11.4430075, 59.1265728], [11.4434506, 59.1263215]]}, "properties": {"electrified": "contact_line", "frequency": "16.67", "gauge": "1435", "maxspeed": "80", "name": "\u00d8stfoldbanen", "operator": "Bane NOR", "passenger_lines": "1", "railway": "rail", "usage": "main", "voltage": "15000", "length_km": 0.269, "maxspeed_kmh": 80.0}}, {"type": "Feature", "geometry": {"type": "LineString", "coordinates": [[11.3874596, 59.1209162], [11.387712, 59.1209397], [11.3879685, 59.1209565], [11.3882529, 59.1209879], [11.3886111, 59.1210446], [11.3889047, 59.1211032], [11.3891471, 59.1211545], [11.3893971, 59.1212164], [11.3896292, 59.1212802], [11.3898601, 59.1213519], [11.3901191, 59.1214355], [11.3908013, 59.1216685]]}, "properties": {"electrified": "contact_line", "frequency": "16.67", "gauge": "1435", "maxspeed": "45", "name": "\u00d8stfoldbanen", "operator": "Bane NOR", "passenger_lines": "1", "railway": "rail", "usage": "main", "voltage": "15000", "length_km": 0.212, "maxspeed_kmh": 45.0}}, {"type": "Feature", "geometry": {"type": "LineString", "coordinates": [[11.4922215, 59.0535589], [11.4928494, 59.0532963], [11.4954447, 59.052216], [11.4960885, 59.0519484], [11.4964171, 59.0518061], [11.4967247, 59.0516722], [11.4969445, 59.0515627], [11.4971758, 59.0514447], [11.4974278, 59.051309], [11.4976781, 59.0511662], [11.4978951, 59.0510328], [11.4981117, 59.0508928], [11.4983267, 59.0507419], [11.4985465, 59.0505759], [11.4988005, 59.0503685]]}, "properties": {"electrified": "contact_line", "frequency": "16.67", "gauge": "1435", "maxspeed": "115", "name": "\u00d8stfoldbanen", "operator": "Bane NOR", "passenger_lines": "1", "railway": "rail", "usage": "main", "voltage": "15000", "length_km": 0.522, "maxspeed_kmh": 115.0}}, {"type": "Feature", "geometry": {"type": "LineString", "coordinates": [[11.4821295, 59.0597742], [11.4826467, 59.0593588], [11.4831329, 59.0589658], [11.4834772, 59.0586972], [11.4860871, 59.0565861], [11.4863971, 59.0563429], [11.486663, 59.0561425], [11.4869252, 59.0559627], [11.4870888, 59.0558599], [11.4872759, 59.0557444], [11.4874969, 59.0556153], [11.4877137, 59.0554976], [11.487934, 59.0553826], [11.4881334, 59.0552848], [11.4884119, 59.0551555], [11.4887007, 59.0550264], [11.4889846, 59.0549042], [11.4922215, 59.0535589]]}, "properties": {"electrified": "contact_line", "frequency": "16.67", "gauge": "1435", "maxspeed": "115", "name": "\u00d8stfoldbanen", "operator": "Bane NOR", "passenger_lines": "2", "railway": "rail", "usage": "main", "voltage": "15000", "length_km": 0.912, "maxspeed_kmh": 115.0}}, {"type": "Feature", "geometry": {"type": "LineString", "coordinates": [[11.4434506, 59.1263215], [11.4436668, 59.126196]]}, "properties": {"electrified": "contact_line", "frequency": "16.67", "gauge": "1435", "maxspeed": "80", "name": "\u00d8stfoldbanen", "operator": "Bane NOR", "railway": "rail", "tunnel": "yes", "usage": "main", "voltage": "15000", "length_km": 0.019, "maxspeed_kmh": 80.0}}, {"type": "Feature", "geometry": {"type": "LineString", "coordinates": [[11.3908013, 59.1216685], [11.3909736, 59.121724]]}, "properties": {"bridge": "yes", "electrified": "contact_line", "frequency": "16.67", "gauge": "1435", "maxspeed": "45", "name": "\u00d8stfoldbanen", "operator": "Bane NOR", "passenger_lines": "1", "railway": "rail", "usage": "main", "voltage": "15000", "length_km": 0.012, "maxspeed_kmh": 45.0}}, {"type": "Feature", "geometry": {"type": "LineString", "coordinates": [[11.4988005, 59.0503685], [11.4988824, 59.0502995]]}, "properties": {"bridge": "yes", "electrified": "contact_line", "frequency": "16.67", "gauge": "1435", "maxspeed": "115", "name": "\u00d8stfoldbanen", "operator": "Bane NOR", "passenger_lines": "1", "railway": "rail", "usage": "main", "voltage": "15000", "length_km": 0.009, "maxspeed_kmh": 115.0}}, {"type": "Feature", "geometry": {"type": "LineString", "coordinates": [[11.4309793, 59.1269584], [11.4310591, 59.1269667]]}, "properties": {"bridge": "yes", "electrified": "contact_line", "frequency": "16.67", "gauge": "1435", "maxspeed": "80", "name": "\u00d8stfoldbanen", "operator": "Bane NOR", "railway": "rail", "usage": "main", "voltage": "15000", "length_km": 0.005, "maxspeed_kmh": 80.0}}, {"type": "Feature", "geometry": {"type": "LineString", "coordinates": [[11.4310591, 59.1269667], [11.4312857, 59.1269889], [11.4314662, 59.1270097], [11.4316966, 59.1270396], [11.4319219, 59.1270739], [11.4321856, 59.127118], [11.4325283, 59.1271806], [11.4335792, 59.1274111], [11.43434, 59.1275857], [11.4349401, 59.1277236], [11.435383, 59.1278224], [11.4357476, 59.1279008], [11.4361068, 59.1279677], [11.4364352, 59.1280191], [11.4367372, 59.1280564], [11.4369628, 59.12808], [11.4372187, 59.1280982], [11.4374273, 59.1281089], [11.4376332, 59.1281109], [11.4378759, 59.1281103], [11.4381344, 59.1281029], [11.4383364, 59.1280961]]}, "properties": {"electrified": "contact_line", "frequency": "16.67", "gauge": "1435", "maxspeed": "80", "name": "\u00d8stfoldbanen", "operator": "Bane NOR", "passenger_lines": "1", "railway": "rail", "usage": "main", "voltage": "15000", "length_km": 0.44, "maxspeed_kmh": 80.0}}, {"type": "Feature", "geometry": {"type": "LineString", "coordinates": [[11.476129, 59.1211685], [11.4761884, 59.1210105], [11.4762338, 59.1208801], [11.4762737, 59.1207317], [11.4762972, 59.1205896], [11.4763047, 59.1204539], [11.4763043, 59.1203211], [11.4762844, 59.1201678], [11.4762482, 59.1200349], [11.4761921, 59.1198778], [11.4760815, 59.1196648]]}, "properties": {"electrified": "contact_line", "frequency": "16.67", "gauge": "1435", "maxspeed": "80", "name": "\u00d8stfoldbanen", "operator": "Bane NOR", "passenger_lines": "1", "railway": "rail", "usage": "main", "voltage": "15000", "length_km": 0.17, "maxspeed_kmh": 80.0}}, {"type": "Feature", "geometry": {"type": "LineString", "coordinates": [[11.4758949, 59.1215328], [11.4759737, 59.1214446], [11.4760301, 59.1213634], [11.4760807, 59.1212796], [11.476129, 59.1211685]]}, "properties": {"electrified": "contact_line", "frequency": "16.67", "gauge": "1435", "maxspeed": "80", "name": "\u00d8stfoldbanen", "operator": "Bane NOR", "passenger_lines": "1", "railway": "rail", "tunnel": "yes", "usage": "main", "voltage": "15000", "length_km": 0.043, "maxspeed_kmh": 80.0}}, {"type": "Feature", "geometry": {"type": "LineString", "coordinates": [[11.4383364, 59.1280961], [11.4386809, 59.1280783], [11.4390388, 59.1280455], [11.4393721, 59.127995], [11.4399549, 59.127895]]}, "properties": {"electrified": "contact_line", "frequency": "16.67", "gauge": "1435", "maxspeed": "80", "name": "\u00d8stfoldbanen", "operator": "Bane NOR", "passenger_lines": "1", "railway": "rail", "tunnel": "yes", "usage": "main", "voltage": "15000", "length_km": 0.096, "maxspeed_kmh": 80.0}}, {"type": "Feature", "geometry": {"type": "LineString", "coordinates": [[11.5151028, 59.0231014], [11.5150715, 59.0230036], [11.514993, 59.0227707], [11.5149247, 59.0225353], [11.5148691, 59.0222958], [11.5148377, 59.0221354], [11.5148106, 59.0217963], [11.5148162, 59.0216342], [11.5148383, 59.0214845], [11.5148679, 59.0213019], [11.5149123, 59.0211345], [11.5149679, 59.02098], [11.5150231, 59.0208478], [11.5150822, 59.0207241], [11.5151675, 59.0205717], [11.5152573, 59.0204334], [11.5153506, 59.0203032], [11.5154703, 59.0201497], [11.5155915, 59.0200112], [11.5157488, 59.0198519], [11.5158949, 59.0197154], [11.5160655, 59.0195675], [11.5162866, 59.0193819], [11.516932, 59.0188764], [11.5170995, 59.0187408], [11.5172537, 59.0186073], [11.5173687, 59.018501], [11.5174806, 59.0183929], [11.5175572, 59.01831], [11.5176531, 59.0182053], [11.5177545, 59.0180805], [11.5178375, 59.0179681], [11.5179092, 59.0178643], [11.517984, 59.0177438], [11.5180579, 59.0176161], [11.5181264, 59.0174757], [11.5181844, 59.0173388], [11.5182377, 59.0171788], [11.5182802, 59.0170138], [11.5183142, 59.0168605], [11.518349, 59.0166457], [11.5183728, 59.0164495], [11.518418, 59.0159251], [11.518437, 59.01575], [11.5184637, 59.0155696], [11.5184915, 59.0154153], [11.518526, 59.0152734], [11.5185645, 59.0151455], [11.5186184, 59.0150012], [11.5186763, 59.0148807], [11.5187445, 59.0147505], [11.5188235, 59.0146267], [11.5189105, 59.0145075], [11.519002, 59.0143934], [11.5191025, 59.0142826], [11.5192182, 59.0141666], [11.5193438, 59.0140507], [11.5194875, 59.0139328], [11.5196427, 59.0138113], [11.5200614, 59.0135133], [11.5202568, 59.0133754], [11.5204217, 59.0132568], [11.5206081, 59.0131117], [11.5207659, 59.0129774], [11.5208847, 59.0128617], [11.5210141, 59.012726], [11.5211209, 59.0125893], [11.5212133, 59.0124523], [11.5212809, 59.0123255], [11.5213476, 59.0121866], [11.5214057, 59.0120337], [11.521451, 59.0118883], [11.5214852, 59.0117292], [11.5215401, 59.0113804], [11.5215659, 59.0112402], [11.5216048, 59.0110562], [11.5216525, 59.0108631], [11.521687, 59.0107404], [11.5217296, 59.0106047], [11.5217809, 59.0104521], [11.5218353, 59.0103122], [11.5218943, 59.0101662], [11.5220114, 59.0099176], [11.5221282, 59.0096959], [11.5222493, 59.0094866], [11.5224105, 59.0092256], [11.5235361, 59.0075053], [11.5237068, 59.0072434], [11.5238173, 59.0070859], [11.5239367, 59.006924], [11.5240562, 59.0067756], [11.5242104, 59.0066038], [11.5243844, 59.0064322], [11.5245224, 59.006306], [11.5247076, 59.0061522], [11.5249726, 59.0059629], [11.5252451, 59.0057795], [11.5262159, 59.005139], [11.5263946, 59.0050132], [11.5265727, 59.0048908], [11.5267453, 59.0047685], [11.5269162, 59.0046445], [11.5270732, 59.0045266], [11.5271987, 59.0044298], [11.527344, 59.0043113], [11.527485, 59.0041902], [11.5276292, 59.0040667], [11.5277878, 59.0039253], [11.5279114, 59.0038069], [11.5280495, 59.0036626], [11.5281967, 59.0035001], [11.5283322, 59.003341], [11.5284715, 59.0031697], [11.5285967, 59.0030078], [11.5288056, 59.0027138], [11.5290771, 59.0023136], [11.5294904, 59.0016781], [11.5295358, 59.001614]]}, "properties": {"electrified": "contact_line", "frequency": "16.67", "gauge": "1435", "maxspeed": "85", "name": "\u00d8stfoldbanen", "operator": "Bane NOR", "passenger_lines": "1", "railway": "rail", "usage": "main", "voltage": "15000", "length_km": 2.589, "maxspeed_kmh": 85.0}}, {"type": "Feature", "geometry": {"type": "LineString", "coordinates": [[11.4436668, 59.126196], [11.4442461, 59.125853], [11.4448368, 59.125505], [11.4452469, 59.1252718], [11.4454779, 59.1251422], [11.4456747, 59.1250398], [11.4458717, 59.1249468], [11.4460239, 59.1248797], [11.4462012, 59.1248085], [11.4463783, 59.124743], [11.4465761, 59.1246776], [11.4466239, 59.1246632], [11.4468132, 59.1246058], [11.4470323, 59.124542], [11.4472438, 59.1244866], [11.4474657, 59.1244322], [11.4477102, 59.1243795], [11.4479624, 59.1243325], [11.4482304, 59.124291], [11.4484536, 59.1242629], [11.4486804, 59.1242398], [11.4489141, 59.1242216], [11.4491607, 59.1242082], [11.4493722, 59.1242025], [11.4496184, 59.1242], [11.4498776, 59.1242058], [11.45012, 59.1242167], [11.4503458, 59.1242326], [11.4506317, 59.124259], [11.4508555, 59.1242867], [11.4510851, 59.1243195], [11.45132, 59.1243617], [11.4515351, 59.1244054], [11.4517881, 59.1244653], [11.4520725, 59.1245419], [11.4524404, 59.1246539], [11.4529504, 59.1248242], [11.4556455, 59.1257512], [11.4561676, 59.1259283], [11.4564247, 59.1260125], [11.4566976, 59.1260951], [11.4569481, 59.1261651], [11.4572291, 59.1262348], [11.4574631, 59.1262867], [11.4577663, 59.1263462], [11.4580561, 59.1263957], [11.4583559, 59.1264388], [11.4586485, 59.1264738], [11.4589046, 59.1264992], [11.4591984, 59.1265203], [11.4594836, 59.1265361], [11.4597736, 59.1265438], [11.4600215, 59.1265468], [11.4603396, 59.1265431], [11.460745, 59.126527], [11.4610475, 59.1265064], [11.4613571, 59.1264792], [11.4616971, 59.1264381], [11.461975, 59.1263984], [11.4622771, 59.1263472], [11.4625834, 59.126286], [11.4628871, 59.1262179], [11.463166, 59.1261453], [11.4633818, 59.1260852], [11.4637313, 59.1259816], [11.4640443, 59.1258838], [11.4642384, 59.1258234]]}, "properties": {"electrified": "contact_line", "frequency": "16.67", "gauge": "1435", "maxspeed": "80", "name": "\u00d8stfoldbanen", "operator": "Bane NOR", "passenger_lines": "1", "railway": "rail", "usage": "main", "voltage": "15000", "length_km": 1.344, "maxspeed_kmh": 80.0}}, {"type": "Feature", "geometry": {"type": "LineString", "coordinates": [[11.3909736, 59.121724], [11.3915284, 59.1219113], [11.3917669, 59.121991], [11.3920657, 59.1220818], [11.3923016, 59.1221542], [11.3925888, 59.1222292], [11.3928184, 59.1222884], [11.3930556, 59.1223417], [11.3933185, 59.1223957], [11.3936211, 59.1224523], [11.3939045, 59.122499], [11.3942405, 59.1225484], [11.3945546, 59.1225839], [11.3948534, 59.1226129], [11.3951843, 59.1226385], [11.3954241, 59.122655], [11.3958703, 59.1226813], [11.3969795, 59.1227451], [11.3974219, 59.1227662], [11.3977399, 59.1227767], [11.3980746, 59.1227859], [11.3984247, 59.1227886], [11.3986613, 59.1227875], [11.3990427, 59.1227863], [11.3996382, 59.1227816], [11.4008802, 59.1227708], [11.4024389, 59.1227576], [11.4035206, 59.1227502], [11.4039812, 59.1227464], [11.4042439, 59.1227505], [11.4044496, 59.1227535], [11.4046436, 59.1227613], [11.4048395, 59.1227727], [11.4050433, 59.1227885], [11.4052621, 59.122809], [11.4054561, 59.122834], [11.4056861, 59.1228658], [11.4059633, 59.1229123], [11.4062231, 59.1229644], [11.4064995, 59.123032], [11.4067197, 59.1230892], [11.4069319, 59.1231524], [11.4071482, 59.1232243], [11.4073408, 59.1232943], [11.4075295, 59.1233703], [11.4077535, 59.1234617], [11.407958, 59.1235498], [11.4081899, 59.1236513], [11.4088451, 59.1239492], [11.4091189, 59.1240649], [11.4093338, 59.1241429], [11.4095107, 59.1242048], [11.4097086, 59.124268], [11.4099366, 59.1243372], [11.4101646, 59.1243991], [11.4104097, 59.1244563], [11.4106757, 59.1245114], [11.4109535, 59.1245605], [11.4113151, 59.1246096], [11.4116453, 59.1246472], [11.4120004, 59.1246802], [11.4122533, 59.1246977], [11.4127094, 59.1247241], [11.4141933, 59.1248135], [11.4147181, 59.1248467], [11.4150811, 59.1248727], [11.415442, 59.124899], [11.4158634, 59.1249362], [11.4161865, 59.1249679], [11.4165617, 59.1250124], [11.4169554, 59.1250673], [11.4174013, 59.1251328], [11.4179514, 59.125224], [11.419249, 59.1254429], [11.4198149, 59.1255468], [11.4202696, 59.125639], [11.4207457, 59.1257441], [11.4216802, 59.1259606], [11.4221287, 59.1260644], [11.422547, 59.1261559], [11.4229489, 59.1262378], [11.4233057, 59.1263061], [11.4237051, 59.1263764], [11.4241247, 59.1264421], [11.4245191, 59.1264982], [11.4249386, 59.1265543], [11.4253, 59.1265993], [11.4257991, 59.1266516], [11.4262425, 59.1266948], [11.426657, 59.1267296], [11.4270577, 59.1267586], [11.4275476, 59.1267883]]}, "properties": {"electrified": "contact_line", "frequency": "16.67", "gauge": "1435", "maxspeed": "80", "name": "\u00d8stfoldbanen", "operator": "Bane NOR", "passenger_lines": "1", "railway": "rail", "usage": "main", "voltage": "15000", "length_km": 2.215, "maxspeed_kmh": 80.0}}, {"type": "Feature", "geometry": {"type": "LineString", "coordinates": [[11.5875856, 58.9580356], [11.5877911, 58.9579671]]}, "properties": {"bridge": "yes", "electrified": "contact_line", "frequency": "16.67", "gauge": "1435", "maxspeed": "80", "name": "\u00d8stfoldbanen", "operator": "Bane NOR", "passenger_lines": "1", "railway": "rail", "usage": "main", "voltage": "15000", "length_km": 0.014, "maxspeed_kmh": 80.0}}, {"type": "Feature", "geometry": {"type": "LineString", "coordinates": [[11.5509241, 58.9682898], [11.5509024, 58.9681812]]}, "properties": {"bridge": "yes", "electrified": "contact_line", "frequency": "16.67", "gauge": "1435", "maxspeed": "80", "name": "\u00d8stfoldbanen", "operator": "Bane NOR", "passenger_lines": "1", "railway": "rail", "usage": "main", "voltage": "15000", "length_km": 0.012, "maxspeed_kmh": 80.0}}, {"type": "Feature", "geometry": {"type": "LineString", "coordinates": [[11.6336127, 58.9411261], [11.6337276, 58.9411382]]}, "properties": {"bridge": "yes", "electrified": "contact_line", "frequency": "16.67", "gauge": "1435", "maxspeed": "100", "name": "\u00d8stfoldbanen", "operator": "Bane NOR", "passenger_lines": "1", "railway": "rail", "usage": "main", "voltage": "15000", "length_km": 0.007, "maxspeed_kmh": 100.0}}, {"type": "Feature", "geometry": {"type": "LineString", "coordinates": [[11.6676128, 58.9373714], [11.6677645, 58.9372952], [11.6679369, 58.9372045], [11.6681004, 58.9371124], [11.6683019, 58.936987], [11.6684389, 58.9368971], [11.6685918, 58.9367863], [11.6687421, 58.9366686], [11.668864, 58.9365628], [11.6689904, 58.9364424], [11.6691212, 58.9363052], [11.6692255, 58.9361843], [11.669314, 58.9360661], [11.6693962, 58.9359462], [11.6694695, 58.9358231], [11.669588, 58.9355809], [11.6696648, 58.9353834], [11.6697375, 58.9351748], [11.669817, 58.9348979]]}, "properties": {"electrified": "contact_line", "frequency": "16.67", "gauge": "1435", "maxspeed": "80", "name": "\u00d8stfoldbanen", "operator": "Bane NOR", "passenger_lines": "1", "railway": "rail", "tracks": "1", "usage": "main", "voltage": "15000", "length_km": 0.311, "maxspeed_kmh": 80.0}}, {"type": "Feature", "geometry": {"type": "LineString", "coordinates": [[11.6477407, 58.9426953], [11.6479564, 58.9427199], [11.648426, 58.9427711], [11.6488146, 58.9428117], [11.6492123, 58.9428493], [11.6494931, 58.942871], [11.649811, 58.942891], [11.6500731, 58.9429045], [11.6503728, 58.942911], [11.6507033, 58.9429122], [11.6510007, 58.9429075], [11.6512845, 58.9428963], [11.6515272, 58.9428828], [11.6517938, 58.9428651], [11.6520855, 58.9428393], [11.6523533, 58.9428105], [11.6526681, 58.9427696], [11.6528444, 58.9427443], [11.6530955, 58.9427027], [11.653359, 58.9426552], [11.6536686, 58.9425941], [11.6540478, 58.9425134], [11.6543959, 58.9424349], [11.654678, 58.94237], [11.6550772, 58.9422808], [11.6552876, 58.9422305]]}, "properties": {"electrified": "contact_line", "frequency": "16.67", "gauge": "1435", "maxspeed": "65", "name": "\u00d8stfoldbanen", "operator": "Bane NOR", "passenger_lines": "1", "railway": "rail", "usage": "main", "voltage": "15000", "length_km": 0.45, "maxspeed_kmh": 65.0}}, {"type": "Feature", "geometry": {"type": "LineString", "coordinates": [[11.6552876, 58.9422305], [11.6563735, 58.9419705], [11.6569153, 58.941839], [11.6573035, 58.9417478], [11.6591935, 58.9413009], [11.6597074, 58.9411742], [11.6599562, 58.9411073], [11.660154, 58.9410472], [11.6603812, 58.9409764], [11.6605308, 58.9409286], [11.6606971, 58.9408718], [11.6609371, 58.9407865], [11.66115, 58.940704], [11.6613863, 58.9406069], [11.6615675, 58.9405257], [11.6617622, 58.9404307], [11.6619669, 58.9403147], [11.6621174, 58.9402197], [11.6622359, 58.940139], [11.6624154, 58.9400003], [11.6626081, 58.9398407], [11.6629632, 58.9395276], [11.6631972, 58.9393335], [11.6633887, 58.9391749], [11.6635774, 58.939038], [11.6637652, 58.9389132], [11.6639624, 58.9387976], [11.6641268, 58.9387087], [11.6643328, 58.938607], [11.6646041, 58.9384879], [11.6649979, 58.9383369], [11.6653939, 58.9382001], [11.6654849, 58.9381695], [11.6659127, 58.9380227], [11.666405, 58.9378499], [11.666835, 58.9376916]]}, "properties": {"electrified": "contact_line", "frequency": "16.67", "gauge": "1435", "maxspeed": "65", "name": "\u00d8stfoldbanen", "operator": "Bane NOR", "passenger_lines": "2", "railway": "rail", "tracks": "1", "usage": "main", "voltage": "15000", "length_km": 0.854, "maxspeed_kmh": 65.0}}, {"type": "Feature", "geometry": {"type": "LineString", "coordinates": [[11.5885748, 58.957659], [11.5887858, 58.9575624], [11.5890179, 58.9574526], [11.589276, 58.957326], [11.5909627, 58.9564974], [11.5912135, 58.9563687], [11.5913628, 58.9562888], [11.591495, 58.9562147], [11.5916819, 58.9561054], [11.5918539, 58.9559955], [11.5919998, 58.9558939], [11.5921457, 58.9557863], [11.5922496, 58.955701], [11.5923769, 58.9555904], [11.5925187, 58.9554524], [11.5926509, 58.955309], [11.5927865, 58.9551568], [11.592933, 58.9549727], [11.5930634, 58.9548071], [11.5932665, 58.9545504], [11.5934374, 58.95433], [11.5935867, 58.9541367], [11.5937223, 58.9539574], [11.5938791, 58.9537539], [11.5942281, 58.9533057], [11.5944895, 58.9529688], [11.594666, 58.9527613], [11.5947948, 58.9526244], [11.594928, 58.9524956], [11.5950458, 58.9523975], [11.5951845, 58.9522912], [11.5953451, 58.952176], [11.5954967, 58.9520855], [11.5956699, 58.9519873], [11.5958784, 58.9518774], [11.5960562, 58.9517934], [11.5962807, 58.9517005], [11.5964855, 58.9516192], [11.5967733, 58.9515208], [11.5971086, 58.9514137]]}, "properties": {"electrified": "contact_line", "frequency": "16.67", "gauge": "1435", "maxspeed": "80", "name": "\u00d8stfoldbanen", "operator": "Bane NOR", "passenger_lines": "1", "railway": "rail", "usage": "main", "voltage": "15000", "length_km": 0.87, "maxspeed_kmh": 80.0}}, {"type": "Feature", "geometry": {"type": "LineString", "coordinates": [[11.6003726, 58.950391], [11.6034319, 58.9494374], [11.6037625, 58.9493307], [11.6041531, 58.9492008], [11.6044563, 58.9490964], [11.6047939, 58.9489729], [11.6050636, 58.9488662], [11.6052315, 58.9487992], [11.6054357, 58.9487139], [11.6057601, 58.9485717], [11.6060897, 58.9484217], [11.606486, 58.9482418], [11.6114902, 58.9459546], [11.6122721, 58.9455961], [11.6130571, 58.9452462], [11.6134614, 58.9450754], [11.6138724, 58.9449073], [11.6142828, 58.9447461], [11.6147052, 58.9445871], [11.6151265, 58.9444351], [11.6155626, 58.9442845], [11.6159967, 58.9441371], [11.6164522, 58.9439938], [11.6170051, 58.9438264], [11.6174739, 58.9436903], [11.6178832, 58.9435768], [11.6183017, 58.9434642], [11.6187322, 58.9433498], [11.6190956, 58.9432554], [11.6194879, 58.9431518], [11.6199395, 58.9430323], [11.620672, 58.9428387], [11.6213878, 58.9426492], [11.6232987, 58.9421452], [11.625439, 58.9415807]]}, "properties": {"electrified": "contact_line", "frequency": "16.67", "gauge": "1435", "maxspeed": "120", "name": "\u00d8stfoldbanen", "operator": "Bane NOR", "passenger_lines": "1", "railway": "rail", "usage": "main", "voltage": "15000", "length_km": 1.755, "maxspeed_kmh": 120.0}}, {"type": "Feature", "geometry": {"type": "LineString", "coordinates": [[11.5509024, 58.9681812], [11.550867, 58.9678731], [11.5508602, 58.9677103], [11.5508636, 58.9675766], [11.550877, 58.9674377], [11.5509018, 58.9673147], [11.5509341, 58.9672035], [11.550975, 58.9670913], [11.5510248, 58.9669677], [11.5510886, 58.9668458], [11.5511578, 58.9667356], [11.5512499, 58.9666085], [11.5513614, 58.9664738], [11.5514877, 58.9663456], [11.5516147, 58.9662265], [11.5517511, 58.9661159], [11.5519237, 58.9659892], [11.5521286, 58.9658531], [11.552349, 58.9657263], [11.5525318, 58.9656321], [11.5527803, 58.9655199], [11.5529899, 58.9654326], [11.5532136, 58.9653498], [11.5534253, 58.9652774], [11.5536867, 58.9651991], [11.5539627, 58.9651285], [11.554263, 58.9650596], [11.5546622, 58.9649787], [11.5552417, 58.9648768], [11.5579701, 58.9643998], [11.5608433, 58.9638992], [11.5667138, 58.9628772], [11.5674953, 58.9627389], [11.5682086, 58.9626136], [11.5687078, 58.9625192], [11.5691776, 58.9624204], [11.569442, 58.962359], [11.5697377, 58.9622861], [11.5700362, 58.9622106], [11.5703693, 58.96211], [11.5705977, 58.9620384], [11.5707989, 58.9619703], [11.571076, 58.9618741], [11.5713604, 58.9617674], [11.5716114, 58.9616663], [11.5718908, 58.9615527], [11.572169, 58.961428], [11.5725992, 58.9612353], [11.576451, 58.9594864], [11.5767356, 58.9593583], [11.576985, 58.9592514], [11.5771787, 58.959175], [11.5773535, 58.9591084], [11.5775524, 58.9590393], [11.5777355, 58.9589817], [11.5778912, 58.9589358], [11.5780475, 58.9588926], [11.5782208, 58.9588495], [11.5784103, 58.9588081], [11.5785994, 58.9587692], [11.578819, 58.9587298], [11.5790397, 58.9586956], [11.5792532, 58.9586697], [11.579475, 58.9586454], [11.579709, 58.9586272], [11.5798997, 58.9586153], [11.5801079, 58.9586056], [11.5803905, 58.9585952], [11.5806368, 58.9585892], [11.5809719, 58.9585845], [11.5828223, 58.9585551], [11.5836248, 58.9585434], [11.5842054, 58.9585313], [11.5845712, 58.9585205], [11.5848726, 58.9585055], [11.5851596, 58.9584859], [11.5854056, 58.9584659], [11.5856312, 58.9584422], [11.5858059, 58.95842], [11.5860081, 58.9583926], [11.586223, 58.9583583], [11.5864644, 58.9583151], [11.5866522, 58.9582778], [11.5868866, 58.9582259], [11.5870984, 58.9581744], [11.587271, 58.9581296], [11.5874436, 58.9580801], [11.5875856, 58.9580356]]}, "properties": {"electrified": "contact_line", "frequency": "16.67", "gauge": "1435", "maxspeed": "80", "name": "\u00d8stfoldbanen", "operator": "Bane NOR", "passenger_lines": "1", "railway": "rail", "usage": "main", "voltage": "15000", "length_km": 2.548, "maxspeed_kmh": 80.0}}, {"type": "Feature", "geometry": {"type": "LineString", "coordinates": [[11.1895933, 59.2039644], [11.1895088, 59.2036852], [11.1894547, 59.2034928], [11.1894193, 59.2033425], [11.1893834, 59.2031658], [11.1893645, 59.2029979], [11.1893595, 59.2028604], [11.1893604, 59.2027127], [11.1893794, 59.2025291], [11.1894102, 59.2023619], [11.1894606, 59.2021823], [11.1895419, 59.2019618], [11.1896264, 59.2017839], [11.1897188, 59.2016186], [11.1898214, 59.2014661], [11.1899226, 59.2013247], [11.1900528, 59.2011649], [11.1901841, 59.2010185], [11.1903747, 59.2008273], [11.1905759, 59.2006433], [11.1907866, 59.2004717], [11.1910288, 59.2003068], [11.1912547, 59.200165], [11.1914592, 59.2000453], [11.1917405, 59.199894], [11.191997, 59.199766], [11.1922811, 59.1996255], [11.1926302, 59.1994709], [11.1928361, 59.1993794]]}, "properties": {"electrified": "contact_line", "frequency": "16.67", "gauge": "1435", "maxspeed": "105", "name": "\u00d8stfoldbanen", "operator": "Bane NOR", "passenger_lines": "1", "railway": "rail", "ref": "SKJ", "usage": "main", "voltage": "15000", "length_km": 0.576, "maxspeed_kmh": 105.0}}, {"type": "Feature", "geometry": {"type": "LineString", "coordinates": [[11.1901592, 59.207284], [11.1901664, 59.2070197], [11.1901634, 59.2067503], [11.1901497, 59.2064814], [11.1901302, 59.2062451], [11.1901022, 59.2060207], [11.1900674, 59.2057843], [11.1900281, 59.2055747], [11.1899803, 59.2053213], [11.1899181, 59.2050846], [11.1898575, 59.2048295], [11.1896242, 59.2040773]]}, "properties": {"electrified": "contact_line", "frequency": "16.67", "gauge": "1435", "maxspeed": "105", "name": "\u00d8stfoldbanen", "operator": "Bane NOR", "passenger_lines": "1", "railway": "rail", "usage": "main", "voltage": "15000", "length_km": 0.359, "maxspeed_kmh": 105.0}}, {"type": "Feature", "geometry": {"type": "LineString", "coordinates": [[11.1892668, 59.2125592], [11.1893037, 59.2122728], [11.189319, 59.2121041], [11.1893561, 59.2118355], [11.1894299, 59.2114243], [11.1895779, 59.2106747], [11.1896264, 59.2104386], [11.1900607, 59.2082566], [11.1901052, 59.2079792], [11.1901335, 59.2076834], [11.1901434, 59.2075579], [11.1901592, 59.207284]]}, "properties": {"electrified": "contact_line", "frequency": "16.67", "gauge": "1435", "maxspeed": "105", "name": "\u00d8stfoldbanen", "operator": "Bane NOR", "passenger_lines": "2", "railway": "rail", "usage": "main", "voltage": "15000", "length_km": 0.59, "maxspeed_kmh": 105.0}}, {"type": "Feature", "geometry": {"type": "LineString", "coordinates": [[11.3349373, 59.1192962], [11.3351896, 59.1192505]]}, "properties": {"bridge": "yes", "electrified": "contact_line", "frequency": "16.67", "gauge": "1435", "maxspeed": "85", "name": "\u00d8stfoldbanen", "operator": "Bane NOR", "passenger_lines": "1", "railway": "rail", "usage": "main", "voltage": "15000", "length_km": 0.015, "maxspeed_kmh": 85.0}}, {"type": "Feature", "geometry": {"type": "LineString", "coordinates": [[11.3321088, 59.1193735], [11.3324084, 59.1193961]]}, "properties": {"electrified": "contact_line", "frequency": "16.67", "gauge": "1435", "maxspeed": "85", "name": "\u00d8stfoldbanen", "operator": "Bane NOR", "railway": "rail", "usage": "main", "voltage": "15000", "length_km": 0.017, "maxspeed_kmh": 85.0}}, {"type": "Feature", "geometry": {"type": "LineString", "coordinates": [[11.1896242, 59.2040773], [11.1895933, 59.2039644]]}, "properties": {"bridge": "yes", "electrified": "contact_line", "frequency": "16.67", "gauge": "1435", "maxspeed": "105", "name": "\u00d8stfoldbanen", "operator": "Bane NOR", "passenger_lines": "1", "railway": "rail", "usage": "main", "voltage": "15000", "length_km": 0.013, "maxspeed_kmh": 105.0}}, {"type": "Feature", "geometry": {"type": "LineString", "coordinates": [[11.2063451, 59.1808438], [11.2067972, 59.1807401]]}, "properties": {"electrified": "contact_line", "frequency": "16.67", "gauge": "1435", "maxspeed": "100", "name": "\u00d8stfoldbanen", "operator": "Bane NOR", "passenger_lines": "1", "railway": "rail", "ref": "ING", "tunnel": "yes", "usage": "main", "voltage": "15000", "length_km": 0.028, "maxspeed_kmh": 100.0}}, {"type": "Feature", "geometry": {"type": "LineString", "coordinates": [[11.241679, 59.1558742], [11.2413271, 59.1563568], [11.2410543, 59.1567264], [11.2405607, 59.1573696], [11.2397699, 59.1583839], [11.2395597, 59.1586661], [11.2393009, 59.1589959], [11.2391141, 59.1592509], [11.2389364, 59.1594922], [11.2387181, 59.1598014], [11.2385032, 59.1601035], [11.2383351, 59.1603518], [11.238185, 59.1605822], [11.2380884, 59.1607288], [11.2379894, 59.1608912], [11.2378494, 59.1611353], [11.2377558, 59.1613098], [11.2376547, 59.161516], [11.237539, 59.1617891], [11.2369186, 59.1631353], [11.2365548, 59.1639521]]}, "properties": {"electrified": "contact_line", "frequency": "16.67", "gauge": "1435", "maxspeed": "130", "name": "\u00d8stfoldbanen", "operator": "Bane NOR", "railway": "rail", "usage": "main", "voltage": "15000", "length_km": 0.948, "maxspeed_kmh": 130.0}}, {"type": "Feature", "geometry": {"type": "LineString", "coordinates": [[11.28386, 59.1308628], [11.2841876, 59.1306307], [11.2852294, 59.129904], [11.2878002, 59.1281073], [11.2882704, 59.1277792]]}, "properties": {"electrified": "contact_line", "frequency": "16.67", "gauge": "1435", "maxspeed": "130", "name": "\u00d8stfoldbanen", "operator": "Bane NOR", "passenger_lines": "2", "railway": "rail", "usage": "main", "voltage": "15000", "length_km": 0.426, "maxspeed_kmh": 130.0}}, {"type": "Feature", "geometry": {"type": "LineString", "coordinates": [[11.3351896, 59.1192505], [11.3354568, 59.1191973], [11.3356837, 59.1191457], [11.3359318, 59.1190811], [11.3361583, 59.1190194], [11.3363639, 59.1189559], [11.336542, 59.1188964], [11.3367245, 59.1188297], [11.336921, 59.1187536], [11.3371591, 59.1186616], [11.3374088, 59.1185518], [11.3376043, 59.1184614], [11.3381263, 59.1182156], [11.3383125, 59.118131], [11.338549, 59.1180286], [11.3387547, 59.1179435], [11.3389556, 59.1178673], [11.3391439, 59.1178027], [11.3393544, 59.1177348], [11.3395536, 59.1176788], [11.3397617, 59.1176249], [11.3400159, 59.1175683], [11.340313, 59.1175117], [11.3406146, 59.1174644], [11.3408786, 59.1174312], [11.3411529, 59.1174037], [11.3414064, 59.1173857]]}, "properties": {"electrified": "contact_line", "frequency": "16.67", "gauge": "1435", "maxspeed": "85", "name": "\u00d8stfoldbanen", "operator": "Bane NOR", "passenger_lines": "1", "railway": "rail", "usage": "main", "voltage": "15000", "length_km": 0.419, "maxspeed_kmh": 85.0}}, {"type": "Feature", "geometry": {"type": "LineString", "coordinates": [[11.241679, 59.1558742], [11.2420087, 59.1554142]]}, "properties": {"electrified": "contact_line", "frequency": "16.67", "gauge": "1435", "maxspeed": "130", "name": "\u00d8stfoldbanen", "operator": "Bane NOR", "passenger_lines": "1", "railway": "rail", "usage": "main", "voltage": "15000", "length_km": 0.055, "maxspeed_kmh": 130.0}}, {"type": "Feature", "geometry": {"type": "LineString", "coordinates": [[11.3587165, 59.1182632], [11.3588869, 59.1182696], [11.3590632, 59.1182785]]}, "properties": {"bridge": "yes", "electrified": "contact_line", "frequency": "16.67", "gauge": "1435", "maxspeed": "85", "name": "\u00d8stfoldbanen", "operator": "Bane NOR", "passenger_lines": "1", "railway": "rail", "usage": "main", "voltage": "15000", "length_km": 0.02, "maxspeed_kmh": 85.0}}, {"type": "Feature", "geometry": {"type": "LineString", "coordinates": [[11.3590632, 59.1182785], [11.3593168, 59.1182963], [11.3596402, 59.1183215], [11.3599216, 59.1183478], [11.3602726, 59.1183887], [11.3605838, 59.1184281], [11.3610494, 59.1184959], [11.3614097, 59.1185584], [11.3618047, 59.1186377], [11.3621629, 59.1187239], [11.3621828, 59.1187294]]}, "properties": {"electrified": "contact_line", "frequency": "16.67", "gauge": "1435", "maxspeed": "85", "name": "\u00d8stfoldbanen", "operator": "Bane NOR", "passenger_lines": "1", "railway": "rail", "usage": "main", "voltage": "15000", "length_km": 0.187, "maxspeed_kmh": 85.0}}, {"type": "Feature", "geometry": {"type": "LineString", "coordinates": [[11.3324084, 59.1193961], [11.3330101, 59.1194356], [11.3334082, 59.1194529], [11.3338391, 59.1194508], [11.334191, 59.1194133], [11.3345124, 59.1193631]]}, "properties": {"electrified": "contact_line", "frequency": "16.67", "gauge": "1435", "maxspeed": "85", "name": "\u00d8stfoldbanen", "operator": "Bane NOR", "passenger_lines": "1", "railway": "rail", "tunnel": "yes", "usage": "main", "voltage": "15000", "length_km": 0.122, "maxspeed_kmh": 85.0}}, {"type": "Feature", "geometry": {"type": "LineString", "coordinates": [[11.2941964, 59.1243104], [11.294435, 59.1242178], [11.2947487, 59.1241019], [11.2950426, 59.1239983], [11.2957144, 59.123778], [11.2961728, 59.1236379]]}, "properties": {"electrified": "contact_line", "frequency": "16.67", "gauge": "1435", "maxspeed": "130", "name": "\u00d8stfoldbanen", "operator": "Bane NOR", "passenger_lines": "1", "railway": "rail", "usage": "main", "voltage": "15000", "length_km": 0.136, "maxspeed_kmh": 130.0}}, {"type": "Feature", "geometry": {"type": "LineString", "coordinates": [[11.2067972, 59.1807401], [11.207177, 59.1806808], [11.2075297, 59.1806316], [11.2078271, 59.1805928], [11.2083278, 59.1805353], [11.2088259, 59.1804856], [11.2120573, 59.1801432]]}, "properties": {"electrified": "contact_line", "frequency": "16.67", "gauge": "1435", "maxspeed": "100", "name": "\u00d8stfoldbanen", "operator": "Bane NOR", "passenger_lines": "1", "railway": "rail", "ref": "ING", "usage": "main", "voltage": "15000", "length_km": 0.308, "maxspeed_kmh": 100.0}}, {"type": "Feature", "geometry": {"type": "LineString", "coordinates": [[11.1462417, 59.2631642], [11.1464168, 59.2630045], [11.1466789, 59.2627762], [11.1469397, 59.262565], [11.147391, 59.2622078], [11.1525228, 59.2581712], [11.1571616, 59.2545189], [11.1582953, 59.2536258], [11.158534, 59.2534365], [11.159937, 59.2523311], [11.1613408, 59.2512252], [11.1616817, 59.2509574], [11.1619149, 59.2507668], [11.1621367, 59.2505787], [11.1623074, 59.250423], [11.1624682, 59.2502641], [11.1625987, 59.2501256], [11.1627065, 59.25], [11.1628161, 59.2498691], [11.1629347, 59.2497125], [11.1630311, 59.2495778], [11.1631163, 59.2494443], [11.1632032, 59.2492931], [11.1632675, 59.2491744], [11.1633273, 59.2490463], [11.1633921, 59.248896], [11.1634437, 59.2487651], [11.1634852, 59.2486403], [11.1635174, 59.2485275], [11.163549, 59.2484003], [11.1635702, 59.2482879], [11.1635926, 59.2481728], [11.1636054, 59.2480587], [11.1636132, 59.2479507], [11.163617, 59.2478328], [11.163617, 59.2477039], [11.1636132, 59.2475968], [11.1636031, 59.2474731], [11.1635867, 59.2473538], [11.163564, 59.2472075], [11.1635287, 59.2470438], [11.1634771, 59.2468394], [11.1633104, 59.2463063], [11.163224, 59.2460354], [11.1631627, 59.2458023], [11.1631121, 59.2456152], [11.1630809, 59.2454589], [11.1630551, 59.2453054], [11.1630369, 59.245115], [11.1630291, 59.2448811], [11.16303, 59.2447992], [11.1630356, 59.2446477], [11.1630524, 59.2444813], [11.1630782, 59.2443091], [11.1631102, 59.2441502], [11.163152, 59.2439866], [11.1632092, 59.2438055], [11.1632677, 59.2436487], [11.1633508, 59.2434559], [11.1634392, 59.2432772], [11.163578, 59.2430345], [11.163702, 59.2428424], [11.1638456, 59.2426399], [11.1640058, 59.2424446], [11.1642065, 59.2422143], [11.1644644, 59.2419548], [11.1646735, 59.241763], [11.1649991, 59.2414821], [11.1653617, 59.2411865], [11.1654338, 59.2411287]]}, "properties": {"electrified": "contact_line", "frequency": "16.67", "gauge": "1435", "maxspeed": "125", "name": "\u00d8stfoldbanen", "operator": "Bane NOR", "passenger_lines": "1", "railway": "rail", "ref": "BJS", "usage": "main", "voltage": "15000", "length_km": 2.769, "maxspeed_kmh": 125.0}}, {"type": "Feature", "geometry": {"type": "LineString", "coordinates": [[10.7662895, 59.9075894], [10.7664803, 59.9074037], [10.7665704, 59.9072974], [10.7667807, 59.907063], [10.7668536, 59.9069874], [10.76696, 59.9068928], [10.7670314, 59.9068354], [10.7670966, 59.9067866], [10.7671593, 59.9067428], [10.7672294, 59.906697], [10.7673061, 59.90665], [10.7674098, 59.9065924], [10.7675066, 59.9065372]]}, "properties": {"electrified": "contact_line", "frequency": "16.67", "gauge": "1435", "name": "\u00d8stfoldbanen", "operator": "Bane NOR", "railway": "rail", "usage": "branch", "voltage": "15000", "length_km": 0.136}}, {"type": "Feature", "geometry": {"type": "LineString", "coordinates": [[10.7646494, 59.908312], [10.7647429, 59.9082922], [10.7648641, 59.9082643], [10.7649839, 59.9082337], [10.7651064, 59.9081993], [10.7652351, 59.9081594], [10.7653596, 59.9081159], [10.7654628, 59.9080771], [10.7655684, 59.9080332], [10.765671, 59.9079863], [10.7657594, 59.9079431], [10.7658543, 59.9078937], [10.7659404, 59.9078437], [10.7660187, 59.9077939], [10.7660992, 59.9077401], [10.7661755, 59.9076856], [10.7662347, 59.9076368], [10.7662895, 59.9075894]]}, "properties": {"electrified": "contact_line", "frequency": "16.67", "gauge": "1435", "name": "\u00d8stfoldbanen", "operator": "Bane NOR", "railway": "rail", "usage": "branch", "voltage": "15000", "length_km": 0.125}}, {"type": "Feature", "geometry": {"type": "LineString", "coordinates": [[10.7620856, 59.908481], [10.7622169, 59.9084554], [10.7623539, 59.9084269], [10.7624921, 59.9083957], [10.7626137, 59.9083664], [10.7627511, 59.9083312], [10.7628824, 59.9082966], [10.7630499, 59.9082535], [10.7631597, 59.9082225], [10.7632578, 59.9081931], [10.7634351, 59.9081334]]}, "properties": {"electrified": "contact_line", "frequency": "16.67", "gauge": "1435", "maxspeed": "40", "name": "\u00d8stfoldbanen", "operator": "Bane NOR", "railway": "rail", "voltage": "15000", "length_km": 0.085, "maxspeed_kmh": 40.0}}, {"type": "Feature", "geometry": {"type": "LineString", "coordinates": [[10.7554764, 59.8974601], [10.7554884, 59.8973591], [10.7555068, 59.8972573], [10.7555336, 59.8971458], [10.7555661, 59.8970421], [10.7556065, 59.8969225], [10.7556624, 59.8967898], [10.7556997, 59.8967121], [10.7557393, 59.8966334], [10.7558028, 59.8965172], [10.755895, 59.8963651], [10.7559893, 59.8962233], [10.7560801, 59.8960996], [10.7561893, 59.8959651], [10.7563259, 59.8958059], [10.7564354, 59.8956867], [10.7565359, 59.8955836], [10.7566891, 59.895433], [10.7568086, 59.8953192], [10.7573266, 59.8948438], [10.7575653, 59.8946183], [10.7577135, 59.8944763], [10.75783, 59.8943606], [10.7579595, 59.894226], [10.7580824, 59.8940906], [10.7582216, 59.8939283], [10.7583315, 59.8937934], [10.7584239, 59.8936762], [10.7585367, 59.893527], [10.7586599, 59.8933625], [10.7587173, 59.8932874], [10.7587934, 59.8931863], [10.7588716, 59.8930856], [10.7589707, 59.8929633], [10.7590621, 59.8928569], [10.759191, 59.8927143], [10.7592968, 59.8926069], [10.7594229, 59.8924829], [10.759561, 59.8923481], [10.7597001, 59.8922203], [10.7599123, 59.8920254], [10.7601306, 59.891824], [10.7603206, 59.8916504], [10.7605081, 59.8914827], [10.7606598, 59.8913477], [10.7608309, 59.8912003], [10.7611216, 59.8909565], [10.7613029, 59.8908071], [10.761495, 59.8906561], [10.761667, 59.8905222], [10.7618544, 59.8903864], [10.7619857, 59.8902964], [10.7621571, 59.8901878], [10.7623585, 59.8900677], [10.7626006, 59.8899342], [10.7628777, 59.8897851]]}, "properties": {"electrified": "contact_line", "frequency": "16.67", "gauge": "1435", "name": "\u00d8stfoldbanen", "operator": "Bane NOR", "passenger_lines": "2", "railway": "rail", "usage": "branch", "voltage": "15000", "length_km": 0.96}}, {"type": "Feature", "geometry": {"type": "LineString", "coordinates": [[10.7647435, 59.9076668], [10.7648125, 59.9076008], [10.7648976, 59.9075127], [10.7649862, 59.9074127], [10.7650733, 59.9073024], [10.765142, 59.9072051], [10.7652014, 59.9071005], [10.7652449, 59.9070133], [10.7652864, 59.9069136], [10.7653232, 59.9068022], [10.7653458, 59.9067128], [10.7653631, 59.9066015], [10.7653703, 59.9064874], [10.7653703, 59.9064403]]}, "properties": {"electrified": "contact_line", "frequency": "16.67", "gauge": "1435", "name": "\u00d8stfoldbanen", "operator": "Bane NOR", "railway": "rail", "usage": "branch", "voltage": "15000", "length_km": 0.143}}, {"type": "Feature", "geometry": {"type": "LineString", "coordinates": [[10.7606275, 59.8944788], [10.7606014, 59.8946701], [10.7605806, 59.894846], [10.7605784, 59.8950178], [10.7605876, 59.8951837], [10.7606104, 59.8953654], [10.7606447, 59.8955417], [10.7607092, 59.895769], [10.7607995, 59.8960282], [10.7608842, 59.8962432], [10.7610385, 59.8965811], [10.7618599, 59.8984642], [10.7622017, 59.8992152], [10.7622196, 59.8992544], [10.7625017, 59.8999142], [10.7626893, 59.9003362], [10.7629136, 59.9008769]]}, "properties": {"electrified": "contact_line", "frequency": "16.67", "gauge": "1435", "maxspeed": "95", "name": "\u00d8stfoldbanen", "operator": "Bane NOR", "railway": "rail", "tunnel": "yes", "usage": "branch", "voltage": "15000", "length_km": 0.727, "maxspeed_kmh": 95.0}}, {"type": "Feature", "geometry": {"type": "LineString", "coordinates": [[10.7637824, 59.9018921], [10.7636024, 59.9018392], [10.7633813, 59.9017772], [10.7631153, 59.9017072]]}, "properties": {"electrified": "contact_line", "frequency": "16.67", "gauge": "1435", "maxspeed": "60", "name": "\u00d8stfoldbanen", "operator": "Bane NOR", "passenger_lines": "2", "railway": "rail", "usage": "branch", "voltage": "15000", "length_km": 0.043, "maxspeed_kmh": 60.0}}, {"type": "Feature", "geometry": {"type": "LineString", "coordinates": [[10.7648496, 59.9076976], [10.7647669, 59.9077726], [10.7646733, 59.9078471], [10.7645417, 59.9079509], [10.7644172, 59.9080317], [10.7642364, 59.908142], [10.7640866, 59.9082264], [10.7639373, 59.9083032]]}, "properties": {"electrified": "contact_line", "frequency": "16.67", "gauge": "1435", "name": "\u00d8stfoldbanen", "operator": "Bane NOR", "railway": "rail", "tunnel": "yes", "usage": "branch", "voltage": "15000", "length_km": 0.085}}, {"type": "Feature", "geometry": {"type": "LineString", "coordinates": [[10.7613144, 59.9017841], [10.7608387, 59.901588], [10.7606339, 59.9015031], [10.7595936, 59.9010749]]}, "properties": {"electrified": "contact_line", "frequency": "16.67", "gauge": "1435", "maxspeed": "65", "name": "\u00d8stfoldbanen", "operator": "Bane NOR", "railway": "rail", "usage": "branch", "voltage": "15000", "length_km": 0.125, "maxspeed_kmh": 65.0}}, {"type": "Feature", "geometry": {"type": "LineString", "coordinates": [[10.7639284, 59.8894055], [10.7636978, 59.8896118], [10.7634674, 59.8898764], [10.763239, 59.8901368], [10.7630211, 59.8904035], [10.7628568, 59.8906086], [10.7626366, 59.8909116], [10.7624887, 59.8911303], [10.7623632, 59.8913332], [10.7622396, 59.8915272], [10.7617601, 59.8923104], [10.7612356, 59.8931681], [10.7610076, 59.8935296], [10.7608561, 59.8938272], [10.7607641, 59.8940405], [10.7606892, 59.894248], [10.7606275, 59.8944788]]}, "properties": {"electrified": "contact_line", "frequency": "16.67", "gauge": "1435", "maxspeed": "95", "name": "\u00d8stfoldbanen", "operator": "Bane NOR", "railway": "rail", "tunnel": "yes", "usage": "branch", "voltage": "15000", "length_km": 0.597, "maxspeed_kmh": 95.0}}, {"type": "Feature", "geometry": {"type": "LineString", "coordinates": [[11.3758485, 59.1189957], [11.3760894, 59.1189591], [11.3762908, 59.1189318], [11.3765161, 59.1189102], [11.3766482, 59.1188996], [11.3769508, 59.1188858], [11.3771837, 59.1188838], [11.3773926, 59.1188872], [11.3776209, 59.1188979], [11.3778437, 59.1189129], [11.3780609, 59.1189369], [11.3783022, 59.1189706], [11.3785187, 59.1190047], [11.3786803, 59.1190342], [11.3788739, 59.1190728], [11.3791386, 59.1191303], [11.3796937, 59.1192464], [11.379929, 59.1192955]]}, "properties": {"electrified": "contact_line", "frequency": "16.67", "gauge": "1435", "maxspeed": "45", "name": "\u00d8stfoldbanen", "operator": "Bane NOR", "passenger_lines": "2", "railway": "rail", "usage": "main", "voltage": "15000", "length_km": 0.243, "maxspeed_kmh": 45.0}}, {"type": "Feature", "geometry": {"type": "LineString", "coordinates": [[11.3621828, 59.1187294], [11.3624741, 59.11881], [11.3627422, 59.1188946], [11.3629741, 59.1189783], [11.3632419, 59.1190859], [11.3633949, 59.1191543], [11.3635531, 59.1192314], [11.3637656, 59.1193386], [11.3645465, 59.1197729], [11.3648034, 59.1199136], [11.3650204, 59.1200255], [11.3652455, 59.1201248], [11.3654816, 59.1202202], [11.3657317, 59.1203107], [11.3659415, 59.1203775], [11.3661618, 59.1204412], [11.3663549, 59.1204918], [11.3665883, 59.1205466], [11.3668493, 59.1205991], [11.3671368, 59.1206485], [11.3674695, 59.1206942], [11.3677502, 59.1207226], [11.3680508, 59.1207451], [11.3683476, 59.1207602], [11.3686604, 59.120767], [11.3689803, 59.120764], [11.3692879, 59.1207516], [11.3695465, 59.1207337], [11.3697669, 59.1207143], [11.3699837, 59.1206901], [11.3702206, 59.1206597], [11.37047, 59.1206193], [11.3707289, 59.1205702], [11.370953, 59.1205214], [11.3711743, 59.1204667], [11.3713765, 59.1204107], [11.371597, 59.1203425], [11.3717915, 59.1202766]]}, "properties": {"electrified": "contact_line", "frequency": "16.67", "gauge": "1435", "maxspeed": "65", "name": "\u00d8stfoldbanen", "operator": "Bane NOR", "passenger_lines": "1", "railway": "rail", "usage": "main", "voltage": "15000", "length_km": 0.639, "maxspeed_kmh": 65.0}}, {"type": "Feature", "geometry": {"type": "LineString", "coordinates": [[11.3758502, 59.1190001], [11.3755724, 59.1190376]]}, "properties": {"electrified": "contact_line", "frequency": "16.67", "gauge": "1435", "maxspeed": "65", "name": "\u00d8stfoldbanen", "railway": "rail", "usage": "main", "voltage": "15000", "length_km": 0.016, "maxspeed_kmh": 65.0}}, {"type": "Feature", "geometry": {"type": "LineString", "coordinates": [[11.3218675, 59.1197897], [11.3223485, 59.1196663], [11.3227206, 59.1195745], [11.3230321, 59.1195006], [11.3234672, 59.1194036], [11.3238301, 59.1193306], [11.3242811, 59.1192497], [11.3246733, 59.119188], [11.3249921, 59.1191442], [11.3253355, 59.1191028], [11.3256663, 59.1190692], [11.3260141, 59.1190388], [11.3263821, 59.1190135], [11.3268247, 59.1189927], [11.327156, 59.1189825], [11.3274514, 59.1189805], [11.3277743, 59.1189794], [11.3280704, 59.1189838], [11.3284231, 59.1189937], [11.328793, 59.119009], [11.3291252, 59.1190298], [11.3295069, 59.1190604], [11.3297665, 59.1190853], [11.3300727, 59.1191182], [11.3305071, 59.1191662], [11.3315801, 59.1193132]]}, "properties": {"electrified": "contact_line", "frequency": "16.67", "gauge": "1435", "maxspeed": "85", "name": "\u00d8stfoldbanen", "operator": "Bane NOR", "passenger_lines": "1", "railway": "rail", "usage": "main", "voltage": "15000", "length_km": 0.576, "maxspeed_kmh": 85.0}}, {"type": "Feature", "geometry": {"type": "LineString", "coordinates": [[11.2420087, 59.1554142], [11.2420939, 59.1553012], [11.2422647, 59.1550698], [11.2424002, 59.1548949], [11.2425479, 59.1547174], [11.2426994, 59.1545516], [11.2428225, 59.1544284], [11.2429776, 59.1542901], [11.2431393, 59.1541565], [11.2433339, 59.1540052], [11.2435428, 59.1538593], [11.2437504, 59.1537269], [11.2439429, 59.1536177], [11.2441203, 59.1535181], [11.2444095, 59.153367], [11.2446356, 59.1532626], [11.2448876, 59.1531536], [11.2451008, 59.1530679], [11.2453196, 59.1529856], [11.2455204, 59.1529151], [11.2457648, 59.152837], [11.2459578, 59.152778], [11.2461719, 59.152717], [11.2463678, 59.1526656], [11.246582, 59.1526135], [11.2468699, 59.1525474], [11.247257, 59.1524699], [11.2476204, 59.1524065]]}, "properties": {"electrified": "contact_line", "frequency": "16.67", "gauge": "1435", "maxspeed": "105", "name": "\u00d8stfoldbanen", "operator": "Bane NOR", "passenger_lines": "1", "railway": "rail", "usage": "main", "voltage": "15000", "length_km": 0.484, "maxspeed_kmh": 105.0}}, {"type": "Feature", "geometry": {"type": "LineString", "coordinates": [[11.284557, 59.1304372], [11.2844919, 59.1304761], [11.2842076, 59.1306423], [11.284079, 59.1307223], [11.28386, 59.1308628]]}, "properties": {"electrified": "contact_line", "frequency": "16.67", "gauge": "1435", "maxspeed": "60", "name": "\u00d8stfoldbanen", "passenger_lines": "2", "railway": "rail", "service": "siding", "voltage": "15000", "length_km": 0.062, "maxspeed_kmh": 60.0}}, {"type": "Feature", "geometry": {"type": "LineString", "coordinates": [[11.2541604, 59.1505782], [11.2556596, 59.1497372], [11.2564382, 59.1492958], [11.2573123, 59.1488048], [11.259058, 59.1478228], [11.2594621, 59.1475937], [11.2600106, 59.1472848], [11.2605458, 59.1469774], [11.2609891, 59.146717], [11.2614279, 59.1464512], [11.2618605, 59.1461798], [11.2623194, 59.1458885], [11.2628719, 59.145524], [11.263261, 59.1452575], [11.2637129, 59.144947], [11.2694903, 59.1409088], [11.2736388, 59.1380078], [11.2780262, 59.1349414], [11.2808735, 59.1329508], [11.28386, 59.1308628]]}, "properties": {"electrified": "contact_line", "frequency": "16.67", "gauge": "1435", "maxspeed": "130", "name": "\u00d8stfoldbanen", "operator": "Bane NOR", "passenger_lines": "1", "railway": "rail", "usage": "main", "voltage": "15000", "length_km": 2.78, "maxspeed_kmh": 130.0}}, {"type": "Feature", "geometry": {"type": "LineString", "coordinates": [[11.2882704, 59.1277792], [11.2884165, 59.1276773], [11.2895749, 59.1268636], [11.2900766, 59.1265157], [11.2904627, 59.1262486], [11.2907999, 59.1260239], [11.2910091, 59.1258876], [11.291259, 59.1257365], [11.2915519, 59.1255622], [11.2917442, 59.1254565], [11.2920167, 59.1253082], [11.2922918, 59.1251655], [11.2926083, 59.1250061], [11.2927932, 59.124915], [11.2929618, 59.1248376], [11.293174, 59.1247391], [11.2933305, 59.1246676], [11.2937311, 59.1244969], [11.2938702, 59.1244362], [11.2940079, 59.1243828], [11.2941964, 59.1243104]]}, "properties": {"electrified": "contact_line", "frequency": "16.67", "gauge": "1435", "maxspeed": "130", "name": "\u00d8stfoldbanen", "operator": "Bane NOR", "railway": "rail", "usage": "main", "voltage": "15000", "length_km": 0.517, "maxspeed_kmh": 130.0}}, {"type": "Feature", "geometry": {"type": "LineString", "coordinates": [[11.2233827, 59.1769192], [11.2248325, 59.1758077], [11.229317, 59.1723623], [11.2313991, 59.1707681], [11.2317931, 59.1704638], [11.2321412, 59.1701899], [11.2324556, 59.1699285], [11.2326988, 59.1697151], [11.2329596, 59.1694816], [11.2331864, 59.169268], [11.2334342, 59.1690244], [11.23372, 59.1687265], [11.2339611, 59.1684638], [11.2341639, 59.1682306], [11.2343843, 59.1679597], [11.2345434, 59.1677561], [11.234728, 59.1675071], [11.2349687, 59.1671588], [11.2351708, 59.1668452], [11.2353654, 59.1665125], [11.2355257, 59.1662075], [11.235712, 59.1658336], [11.2361157, 59.1649412], [11.2365548, 59.1639521]]}, "properties": {"electrified": "contact_line", "frequency": "16.67", "gauge": "1435", "maxspeed": "130", "name": "\u00d8stfoldbanen", "operator": "Bane NOR", "railway": "rail", "ref": "ING", "usage": "main", "voltage": "15000", "length_km": 1.646, "maxspeed_kmh": 130.0}}, {"type": "Feature", "geometry": {"type": "LineString", "coordinates": [[11.2021818, 59.1838803], [11.202247, 59.1837218], [11.2023405, 59.1835042], [11.2024041, 59.1833692], [11.2024781, 59.1832169], [11.2025674, 59.1830564], [11.2026689, 59.182897], [11.2027642, 59.1827697], [11.2028765, 59.1826331], [11.2030192, 59.1824812], [11.2031911, 59.1823166], [11.2033687, 59.1821664], [11.2035463, 59.1820329], [11.2037351, 59.1818971], [11.2039564, 59.1817621], [11.2041861, 59.1816307], [11.2043721, 59.1815354], [11.204592, 59.18143], [11.2047864, 59.1813434], [11.2050387, 59.1812408], [11.2052515, 59.18116], [11.2054728, 59.1810856], [11.2057217, 59.1810094], [11.2060188, 59.1809269], [11.2063451, 59.1808438]]}, "properties": {"electrified": "contact_line", "frequency": "16.67", "gauge": "1435", "maxspeed": "100", "name": "\u00d8stfoldbanen", "operator": "Bane NOR", "passenger_lines": "1", "railway": "rail", "ref": "ING", "usage": "main", "voltage": "15000", "length_km": 0.432, "maxspeed_kmh": 100.0}}, {"type": "Feature", "geometry": {"type": "LineString", "coordinates": [[11.1928361, 59.1993794], [11.1934013, 59.1991284], [11.1938916, 59.1989089], [11.1942861, 59.1987318], [11.1946745, 59.1985507], [11.1950414, 59.1983737], [11.1954196, 59.19818], [11.1958872, 59.1979173], [11.1963109, 59.1976637], [11.1965495, 59.1975141], [11.196811, 59.1973346], [11.1970287, 59.1971808], [11.1972687, 59.1970078], [11.1975382, 59.1967983], [11.1977509, 59.1966196], [11.1979702, 59.1964246], [11.1981535, 59.1962588], [11.1983727, 59.1960401], [11.1985529, 59.1958464], [11.1987123, 59.1956631], [11.1988746, 59.1954656], [11.1990102, 59.195289], [11.1991569, 59.1950807], [11.1992786, 59.194897], [11.1993915, 59.1947058], [11.1994873, 59.1945324], [11.1995936, 59.1943233], [11.1996628, 59.1941658], [11.1997357, 59.1939945], [11.1998123, 59.1937821], [11.1998924, 59.1935443], [11.1999485, 59.1933302], [11.199998, 59.1930886], [11.2000289, 59.1929112], [11.2000509, 59.1927112], [11.2000703, 59.1925216], [11.2000801, 59.1922879], [11.2000888, 59.1920252], [11.2001026, 59.1907244], [11.2001061, 59.1904012], [11.2001165, 59.1901041], [11.2001344, 59.1898284], [11.2001564, 59.1895903], [11.2001734, 59.1894315], [11.2002053, 59.1892132], [11.2002417, 59.189012], [11.2002784, 59.1888137], [11.2003269, 59.1886141], [11.2003928, 59.1883555], [11.2004669, 59.1881103], [11.2005372, 59.1878994], [11.2005974, 59.1877267], [11.2006663, 59.1875495], [11.2007744, 59.1872768], [11.2011955, 59.1862617], [11.2017715, 59.1848702], [11.2021818, 59.1838803]]}, "properties": {"electrified": "contact_line", "frequency": "16.67", "gauge": "1435", "maxspeed": "130", "name": "\u00d8stfoldbanen", "operator": "Bane NOR", "passenger_lines": "1", "railway": "rail", "ref": "ING", "usage": "main", "voltage": "15000", "length_km": 1.873, "maxspeed_kmh": 130.0}}, {"type": "Feature", "geometry": {"type": "LineString", "coordinates": [[11.1891464, 59.2133408], [11.1892131, 59.2129105], [11.1892347, 59.2127851], [11.1892614, 59.2126129], [11.1892668, 59.2125592]]}, "properties": {"electrified": "contact_line", "frequency": "16.67", "gauge": "1435", "maxspeed": "105", "name": "\u00d8stfoldbanen", "operator": "Bane NOR", "railway": "rail", "usage": "main", "voltage": "15000", "length_km": 0.087, "maxspeed_kmh": 105.0}}, {"type": "Feature", "geometry": {"type": "LineString", "coordinates": [[11.1686514, 59.2385428], [11.1705521, 59.2370121]]}, "properties": {"electrified": "contact_line", "frequency": "16.67", "gauge": "1435", "maxspeed": "130", "name": "\u00d8stfoldbanen", "operator": "Bane NOR", "passenger_lines": "1", "railway": "rail", "ref": "SKJ", "usage": "main", "voltage": "15000", "length_km": 0.202, "maxspeed_kmh": 130.0}}, {"type": "Feature", "geometry": {"type": "LineString", "coordinates": [[11.1429736, 59.269435], [11.1431913, 59.2690641], [11.1433925, 59.2687216], [11.1437093, 59.268141], [11.143813, 59.2679461], [11.1439221, 59.267729], [11.1440669, 59.26742], [11.1442572, 59.2669784], [11.1444371, 59.2665528], [11.144716, 59.2658452], [11.1449961, 59.2651399], [11.1451097, 59.2648587], [11.1452021, 59.2646357], [11.1452859, 59.264449], [11.1453911, 59.2642512], [11.1455168, 59.2640398], [11.145619, 59.2638852], [11.1457427, 59.263715], [11.1459084, 59.2635135], [11.1460638, 59.2633407]]}, "properties": {"electrified": "contact_line", "frequency": "16.67", "gauge": "1435", "maxspeed": "125", "name": "\u00d8stfoldbanen", "operator": "Bane NOR", "passenger_lines": "1", "railway": "rail", "ref": "BJS", "usage": "main", "voltage": "15000", "length_km": 0.703, "maxspeed_kmh": 125.0}}, {"type": "Feature", "geometry": {"type": "LineString", "coordinates": [[11.1417029, 59.271205], [11.1417463, 59.2711513], [11.1419502, 59.2708866], [11.14203, 59.2707825]]}, "properties": {"electrified": "contact_line", "frequency": "16.67", "gauge": "1435", "name": "\u00d8stfoldbanen", "operator": "Bane NOR", "passenger_lines": "1", "railway": "rail", "usage": "main", "voltage": "15000", "length_km": 0.051}}, {"type": "Feature", "geometry": {"type": "LineString", "coordinates": [[11.1297552, 59.2783887], [11.1297945, 59.278342], [11.1300132, 59.2781043], [11.1301928, 59.2779229], [11.130382, 59.2777416], [11.1304682, 59.2776606]]}, "properties": {"electrified": "contact_line", "frequency": "16.67", "gauge": "1435", "maxspeed": "50", "name": "\u00d8stfoldbanen", "operator": "Bane NOR", "passenger_lines": "1", "railway": "rail", "usage": "main", "voltage": "15000", "length_km": 0.091, "maxspeed_kmh": 50.0}}, {"type": "Feature", "geometry": {"type": "LineString", "coordinates": [[11.1166733, 59.2871795], [11.116816, 59.2870824], [11.1169835, 59.2869753], [11.1171715, 59.2868663], [11.1173857, 59.2867314], [11.1175244, 59.2866372]]}, "properties": {"electrified": "contact_line", "frequency": "16.67", "gauge": "1435", "maxspeed": "40", "name": "\u00d8stfoldbanen", "passenger_lines": "2", "railway": "rail", "service": "siding", "voltage": "15000", "length_km": 0.078, "maxspeed_kmh": 40.0}}, {"type": "Feature", "geometry": {"type": "LineString", "coordinates": [[11.1176329, 59.2865594], [11.1182728, 59.2860869], [11.1194704, 59.2851985], [11.1221742, 59.2831728]]}, "properties": {"electrified": "contact_line", "frequency": "16.67", "gauge": "1435", "name": "\u00d8stfoldbanen", "operator": "Bane NOR", "passenger_lines": "2", "railway": "rail", "usage": "main", "voltage": "15000", "length_km": 0.458}}, {"type": "Feature", "geometry": {"type": "LineString", "coordinates": [[11.1213233, 59.2837308], [11.1213646, 59.2837032], [11.1217384, 59.2834454], [11.1220767, 59.28324], [11.1221742, 59.2831728]]}, "properties": {"electrified": "contact_line", "frequency": "16.67", "gauge": "1435", "maxspeed": "40", "name": "\u00d8stfoldbanen", "passenger_lines": "2", "railway": "rail", "service": "siding", "voltage": "15000", "length_km": 0.079, "maxspeed_kmh": 40.0}}, {"type": "Feature", "geometry": {"type": "LineString", "coordinates": [[11.1163877, 59.2873933], [11.1166733, 59.2871795]]}, "properties": {"electrified": "contact_line", "frequency": "16.67", "gauge": "1435", "name": "\u00d8stfoldbanen", "railway": "rail", "service": "siding", "voltage": "15000", "length_km": 0.029}}, {"type": "Feature", "geometry": {"type": "LineString", "coordinates": [[11.1352159, 59.2755173], [11.1356078, 59.2753943], [11.1360074, 59.2752652], [11.136337, 59.2751534], [11.1366781, 59.2750328], [11.1369583, 59.2749265], [11.1372187, 59.2748205], [11.1374235, 59.274734], [11.1376628, 59.2746269], [11.1379953, 59.2744664], [11.1383355, 59.2742882], [11.1385674, 59.2741559], [11.1387874, 59.2740232], [11.1390143, 59.2738777], [11.1391783, 59.2737631], [11.1393639, 59.2736301], [11.1395378, 59.2734943], [11.1397206, 59.2733375], [11.1399907, 59.2731004], [11.1402662, 59.2728314], [11.1405477, 59.272538], [11.1408801, 59.272178], [11.1409783, 59.2720648], [11.1412585, 59.2717442], [11.141495, 59.2714617], [11.1417029, 59.271205]]}, "properties": {"electrified": "contact_line", "frequency": "16.67", "gauge": "1435", "name": "\u00d8stfoldbanen", "operator": "Bane NOR", "passenger_lines": "1", "railway": "rail", "usage": "main", "voltage": "15000", "length_km": 0.621}}, {"type": "Feature", "geometry": {"type": "LineString", "coordinates": [[11.1100494, 59.2902063], [11.1102556, 59.2901796], [11.1104697, 59.2901494], [11.1108702, 59.2900839], [11.1111979, 59.2900214], [11.1115248, 59.2899539], [11.1118332, 59.2898787], [11.112092, 59.2898101], [11.1123489, 59.2897357], [11.1125981, 59.2896579], [11.1128372, 59.2895753], [11.1130676, 59.2894902], [11.1132604, 59.289411], [11.113438, 59.2893311], [11.1136462, 59.2892334], [11.1138558, 59.2891305], [11.1140538, 59.2890261], [11.1142473, 59.2889147], [11.1144975, 59.2887611], [11.1147419, 59.2886033], [11.1151299, 59.2883276], [11.1163877, 59.2873933]]}, "properties": {"electrified": "contact_line", "frequency": "16.67", "gauge": "1435", "maxspeed": "60", "name": "\u00d8stfoldbanen", "passenger_lines": "2", "railway": "rail", "service": "siding", "voltage": "15000", "length_km": 0.493, "maxspeed_kmh": 60.0}}, {"type": "Feature", "geometry": {"type": "LineString", "coordinates": [[11.0870527, 59.2743537], [11.0873326, 59.2744551], [11.0877107, 59.2745984], [11.0881025, 59.2747681], [11.0883711, 59.2749041], [11.0886195, 59.2750398], [11.0888098, 59.2751543], [11.0889915, 59.2752747], [11.0892041, 59.2754251], [11.0895733, 59.2757203], [11.0899249, 59.2760235], [11.0901277, 59.276211], [11.0903405, 59.2764179], [11.0904736, 59.2765578], [11.0905752, 59.2766762], [11.0907094, 59.276864], [11.0909459, 59.2772519], [11.0910339, 59.2774534], [11.0910908, 59.2776043], [11.0911228, 59.2777211], [11.0911545, 59.2778366], [11.0911789, 59.2779751]]}, "properties": {"electrified": "contact_line", "frequency": "16.67", "gauge": "1435", "maxspeed": "100", "name": "\u00d8stfoldbanen", "operator": "Bane NOR", "passenger_lines": "2", "railway": "rail", "usage": "main", "voltage": "15000", "length_km": 0.482, "maxspeed_kmh": 100.0}}, {"type": "Feature", "geometry": {"type": "LineString", "coordinates": [[11.0913952, 59.2805303], [11.0914073, 59.2810506], [11.0914301, 59.2818697], [11.0914499, 59.2822816], [11.0915002, 59.282685], [11.091581, 59.2830029], [11.0916922, 59.2833145], [11.0918123, 59.2835601], [11.0919567, 59.2838003], [11.0921564, 59.2840805], [11.092388, 59.2843497], [11.0926394, 59.2846019], [11.0929105, 59.2848517], [11.0933288, 59.2851642], [11.0937761, 59.2854705], [11.0940457, 59.2856248], [11.0943229, 59.285772], [11.0946176, 59.2859196], [11.0951159, 59.2861416], [11.095634, 59.2863612], [11.1032784, 59.2894829], [11.1035918, 59.2895971], [11.1039205, 59.2897035], [11.1043021, 59.2898149], [11.1046897, 59.2899178], [11.1052213, 59.2900329], [11.1057696, 59.290131], [11.1063781, 59.2902135], [11.1069965, 59.2902707], [11.1075302, 59.2902978], [11.108064, 59.2903112], [11.1084841, 59.2903114], [11.1089083, 59.2902965], [11.1094813, 59.2902631], [11.1099187, 59.2902194], [11.1100494, 59.2902063]]}, "properties": {"electrified": "contact_line", "frequency": "16.67", "gauge": "1435", "maxspeed": "120", "name": "\u00d8stfoldbanen", "operator": "Bane NOR", "passenger_lines": "1", "railway": "rail", "usage": "main", "voltage": "15000", "length_km": 1.691, "maxspeed_kmh": 120.0}}, {"type": "Feature", "geometry": {"type": "LineString", "coordinates": [[11.1131701, 59.2894987], [11.1135129, 59.2893558], [11.1138875, 59.2891783], [11.1143336, 59.288935], [11.1148133, 59.2886282], [11.1164936, 59.2873978], [11.1168419, 59.2871399], [11.1175244, 59.2866372]]}, "properties": {"electrified": "contact_line", "frequency": "16.67", "gauge": "1435", "maxspeed": "40", "name": "\u00d8stfoldbanen", "operator": "Bane NOR", "passenger_lines": "2", "railway": "rail", "usage": "main", "voltage": "15000", "length_km": 0.406, "maxspeed_kmh": 40.0}}, {"type": "Feature", "geometry": {"type": "LineString", "coordinates": [[11.0284511, 59.2682682], [11.0287889, 59.2682508], [11.0291551, 59.2682183], [11.0294362, 59.2681851]]}, "properties": {"electrified": "contact_line", "frequency": "16.67", "gauge": "1435", "name": "\u00d8stfoldbanen", "operator": "Bane NOR", "passenger_lines": "1", "railway": "rail", "usage": "main", "voltage": "15000", "length_km": 0.057}}, {"type": "Feature", "geometry": {"type": "LineString", "coordinates": [[11.0338888, 59.2663671], [11.0347032, 59.2659195]]}, "properties": {"electrified": "contact_line", "frequency": "16.67", "gauge": "1435", "maxspeed": "105", "name": "\u00d8stfoldbanen", "operator": "Bane NOR", "passenger_lines": "1", "railway": "rail", "usage": "main", "voltage": "15000", "length_km": 0.068, "maxspeed_kmh": 105.0}}, {"type": "Feature", "geometry": {"type": "LineString", "coordinates": [[11.0513566, 59.2657834], [11.0527697, 59.2662822], [11.0564624, 59.2675936], [11.0579061, 59.2681014], [11.0585617, 59.2683104], [11.0592494, 59.2685145], [11.0597818, 59.2686542], [11.0603318, 59.2687922], [11.0607023, 59.2688778], [11.061084, 59.2689609], [11.0614656, 59.2690392], [11.0618537, 59.2691135], [11.0623198, 59.2691956], [11.0627946, 59.2692745], [11.0632413, 59.2693419], [11.0636904, 59.2694042], [11.0646471, 59.2695321], [11.0739559, 59.2707858], [11.0746467, 59.2708815], [11.0753299, 59.2709848], [11.076007, 59.2710991], [11.0766727, 59.2712229], [11.0770444, 59.2712973], [11.0774111, 59.271375], [11.0777753, 59.2714558], [11.0781382, 59.2715404], [11.0785433, 59.2716398], [11.0789458, 59.2717424], [11.0793494, 59.2718529], [11.0797468, 59.2719659], [11.0801593, 59.2720902], [11.0805706, 59.2722196], [11.0847369, 59.2735903], [11.0852343, 59.2737517]]}, "properties": {"electrified": "contact_line", "frequency": "16.67", "gauge": "1435", "maxspeed": "130", "name": "\u00d8stfoldbanen", "operator": "Bane NOR", "passenger_lines": "1", "railway": "rail", "usage": "main", "voltage": "15000", "length_km": 2.149, "maxspeed_kmh": 130.0}}, {"type": "Feature", "geometry": {"type": "LineString", "coordinates": [[11.0242085, 59.2679084], [11.0246245, 59.2679651]]}, "properties": {"electrified": "contact_line", "frequency": "16.67", "gauge": "1435", "maxspeed": "70", "name": "\u00d8stfoldbanen", "operator": "Bane NOR", "passenger_lines": "1", "railway": "rail", "usage": "main", "voltage": "15000", "length_km": 0.025, "maxspeed_kmh": 70.0}}, {"type": "Feature", "geometry": {"type": "LineString", "coordinates": [[11.0201149, 59.2663106], [11.0204085, 59.2665047], [11.0207085, 59.2666909], [11.0208674, 59.2667843], [11.0211151, 59.2669181], [11.021378, 59.2670499], [11.0215753, 59.2671415], [11.0218096, 59.2672424], [11.0220484, 59.2673363], [11.0223278, 59.2674411], [11.0225912, 59.2675286], [11.0229644, 59.2676444], [11.0233335, 59.2677401], [11.0236599, 59.2678126], [11.024099, 59.26789], [11.0242085, 59.2679084]]}, "properties": {"electrified": "contact_line", "frequency": "16.67", "gauge": "1435", "maxspeed": "70", "name": "\u00d8stfoldbanen", "operator": "Bane NOR", "passenger_lines": "1", "railway": "rail", "usage": "main", "voltage": "15000", "length_km": 0.299, "maxspeed_kmh": 70.0}}, {"type": "Feature", "geometry": {"type": "LineString", "coordinates": [[11.0163579, 59.2637487], [11.0180642, 59.2649137], [11.0182971, 59.2650718], [11.0187322, 59.2653707], [11.0201149, 59.2663106]]}, "properties": {"electrified": "contact_line", "frequency": "16.67", "gauge": "1435", "name": "\u00d8stfoldbanen", "operator": "Bane NOR", "passenger_lines": "1", "railway": "rail", "usage": "main", "voltage": "15000", "length_km": 0.357}}, {"type": "Feature", "geometry": {"type": "LineString", "coordinates": [[10.9809314, 59.2371646], [10.981511, 59.2376875], [10.9822014, 59.238312], [10.9828895, 59.2389359], [10.9835687, 59.2395487], [10.9842577, 59.2401735], [10.9848251, 59.240686]]}, "properties": {"electrified": "contact_line", "frequency": "16.67", "gauge": "1435", "name": "\u00d8stfoldbanen", "operator": "Bane NOR", "passenger_lines": "1", "railway": "rail", "usage": "main", "voltage": "15000", "length_km": 0.451}}, {"type": "Feature", "geometry": {"type": "LineString", "coordinates": [[10.9884675, 59.243982], [10.9886193, 59.244118], [10.9893962, 59.2448215], [10.9898235, 59.2452124], [10.9901666, 59.2455225], [10.9905561, 59.2458712], [10.9911291, 59.2463896], [10.9913894, 59.2466129], [10.9917625, 59.2469225], [10.9922147, 59.2472772], [10.9926912, 59.2476278], [10.9931939, 59.247975], [10.9935478, 59.2482166], [11.0028608, 59.2545551], [11.0032826, 59.2548406], [11.0038129, 59.2552029], [11.004337, 59.2555586], [11.0048739, 59.2559263], [11.0053749, 59.2562669], [11.0060244, 59.2567098], [11.0066558, 59.2571394], [11.007287, 59.2575706], [11.0091823, 59.2588595], [11.0093772, 59.2589917], [11.0095857, 59.2591392], [11.0102122, 59.2595634], [11.0108448, 59.2599942], [11.0114701, 59.2604176], [11.0120373, 59.2608062], [11.0125591, 59.2611619], [11.0142002, 59.2622793], [11.0163579, 59.2637487]]}, "properties": {"electrified": "contact_line", "frequency": "16.67", "gauge": "1435", "maxspeed": "130", "name": "\u00d8stfoldbanen", "operator": "Bane NOR", "passenger_lines": "1", "railway": "rail", "usage": "main", "voltage": "15000", "length_km": 2.72, "maxspeed_kmh": 130.0}}, {"type": "Feature", "geometry": {"type": "LineString", "coordinates": [[10.9785436, 59.2332692], [10.9785477, 59.2335876], [10.978565, 59.233937], [10.9785996, 59.234124], [10.9786419, 59.2342924], [10.9786957, 59.2344713], [10.9787641, 59.2346494], [10.9788395, 59.2348186], [10.9789247, 59.2349862], [10.9790255, 59.2351626], [10.9791342, 59.2353327], [10.9792511, 59.2354966], [10.9793741, 59.2356565], [10.9795434, 59.2358538], [10.9797248, 59.2360484], [10.9799131, 59.2362335], [10.9801066, 59.236415], [10.980287, 59.2365781], [10.9807308, 59.2369815]]}, "properties": {"electrified": "contact_line", "frequency": "16.67", "gauge": "1435", "maxspeed": "70", "name": "\u00d8stfoldbanen", "operator": "Bane NOR", "passenger_lines": "2", "railway": "rail", "usage": "main", "voltage": "15000", "length_km": 0.439, "maxspeed_kmh": 70.0}}, {"type": "Feature", "geometry": {"type": "LineString", "coordinates": [[10.9653349, 59.2190285], [10.9656821, 59.2191953], [10.9659688, 59.219333], [10.9664059, 59.2195555], [10.9669617, 59.2198723], [10.9675035, 59.2202266], [10.9679677, 59.2205743], [10.9684688, 59.2209956], [10.9691829, 59.2216225], [10.9696224, 59.2219799], [10.9698477, 59.2221549], [10.9700857, 59.222326], [10.9703497, 59.2225107], [10.9706143, 59.2226855], [10.9712222, 59.2230943], [10.9716487, 59.2233818], [10.9725911, 59.2240098], [10.9732727, 59.2244644], [10.9739869, 59.2249413], [10.9746577, 59.2253936], [10.9753404, 59.2258465], [10.9760058, 59.2262885], [10.9761625, 59.2263996], [10.9767096, 59.2267715], [10.97705, 59.2270144], [10.9773643, 59.2272623], [10.9775641, 59.2274328], [10.9777525, 59.2276066], [10.9779242, 59.2277847], [10.9780885, 59.2279648], [10.9782263, 59.2281361], [10.9783527, 59.2283099], [10.9784679, 59.2284786], [10.9785779, 59.2286593], [10.9786756, 59.228849], [10.9787603, 59.2290379], [10.9788299, 59.2292078], [10.9788776, 59.2293755], [10.9789227, 59.2295289], [10.9789619, 59.2297136], [10.978987, 59.2298991], [10.979003, 59.230083], [10.9790025, 59.2302367], [10.9789964, 59.2304605], [10.9789519, 59.2308018], [10.9788263, 59.231469], [10.9786839, 59.2321773], [10.9786051, 59.2325501]]}, "properties": {"electrified": "contact_line", "frequency": "16.67", "gauge": "1435", "maxspeed": "130", "name": "\u00d8stfoldbanen", "operator": "Bane NOR", "passenger_lines": "1", "railway": "rail", "usage": "main", "voltage": "15000", "length_km": 1.757, "maxspeed_kmh": 130.0}}, {"type": "Feature", "geometry": {"type": "LineString", "coordinates": [[10.9596134, 59.213636], [10.9597946, 59.213913], [10.9599309, 59.2141357], [10.9602281, 59.2145998], [10.9604613, 59.2149632], [10.9604987, 59.2150205], [10.9607041, 59.215319], [10.9609563, 59.21566], [10.9612412, 59.2160124], [10.9615485, 59.2163629], [10.9618698, 59.2167083], [10.9622282, 59.2170652], [10.9626033, 59.2174135], [10.9628171, 59.2175944], [10.9630331, 59.2177656], [10.9632703, 59.2179353], [10.9635175, 59.218097], [10.9638732, 59.2183052], [10.9642884, 59.2185219]]}, "properties": {"electrified": "contact_line", "frequency": "16.67", "gauge": "1435", "name": "\u00d8stfoldbanen", "operator": "Bane NOR", "passenger_lines": "1", "railway": "rail", "usage": "main", "voltage": "15000", "length_km": 0.612}}, {"type": "Feature", "geometry": {"type": "LineString", "coordinates": [[10.9642884, 59.2185219], [10.9646741, 59.2187086], [10.9653349, 59.2190285]]}, "properties": {"electrified": "contact_line", "frequency": "16.67", "gauge": "1435", "name": "\u00d8stfoldbanen", "operator": "Bane NOR", "passenger_lines": "1", "railway": "rail", "usage": "main", "voltage": "15000", "length_km": 0.082}}, {"type": "Feature", "geometry": {"type": "LineString", "coordinates": [[10.955277, 59.2093349], [10.9553014, 59.2093419], [10.9556589, 59.20946]]}, "properties": {"electrified": "contact_line", "frequency": "16.67", "gauge": "1435", "name": "\u00d8stfoldbanen", "operator": "Bane NOR", "passenger_lines": "2", "railway": "rail", "usage": "main", "voltage": "15000", "length_km": 0.026}}, {"type": "Feature", "geometry": {"type": "LineString", "coordinates": [[10.9556589, 59.20946], [10.9558463, 59.2095304], [10.9561003, 59.2096391], [10.956348, 59.2097562], [10.9565693, 59.2098753], [10.9567805, 59.209999], [10.9569969, 59.2101363], [10.9571719, 59.2102612], [10.9573505, 59.2104048], [10.9575176, 59.210549], [10.9576682, 59.2106956], [10.9578081, 59.2108516], [10.9579302, 59.2110044], [10.9581103, 59.211267], [10.9582616, 59.211508], [10.9584492, 59.2117963], [10.958591, 59.2120239], [10.9588089, 59.2123678], [10.9589848, 59.2126446]]}, "properties": {"electrified": "contact_line", "frequency": "16.67", "gauge": "1435", "name": "\u00d8stfoldbanen", "operator": "Bane NOR", "passenger_lines": "2", "railway": "rail", "usage": "main", "voltage": "15000", "length_km": 0.411}}, {"type": "Feature", "geometry": {"type": "LineString", "coordinates": [[10.955277, 59.2093349], [10.9550295, 59.2092625], [10.9548586, 59.2092206]]}, "properties": {"electrified": "contact_line", "frequency": "16.67", "gauge": "1435", "maxspeed": "40", "name": "\u00d8stfoldbanen", "operator": "Bane NOR", "passenger_lines": "2", "railway": "rail", "usage": "main", "voltage": "15000", "length_km": 0.027, "maxspeed_kmh": 40.0}}, {"type": "Feature", "geometry": {"type": "LineString", "coordinates": [[10.9548586, 59.2092206], [10.9546342, 59.2091691], [10.9544241, 59.2091263], [10.9540958, 59.2090709], [10.9536621, 59.2090163], [10.9533877, 59.20899], [10.95321, 59.2089766], [10.9527952, 59.2089538], [10.9523874, 59.208942], [10.9520038, 59.2089453], [10.9516004, 59.2089598], [10.9511074, 59.2089984], [10.9507312, 59.2090394], [10.9503453, 59.2090919], [10.950012, 59.2091494], [10.9497585, 59.2092024], [10.9494572, 59.2092727], [10.9490807, 59.2093736], [10.9487204, 59.2094857], [10.9484756, 59.2095728], [10.9481712, 59.2096901], [10.9474729, 59.2100063]]}, "properties": {"electrified": "contact_line", "frequency": "16.67", "gauge": "1435", "maxspeed": "40", "name": "\u00d8stfoldbanen", "operator": "Bane NOR", "passenger_lines": "2", "railway": "rail", "usage": "main", "voltage": "15000", "length_km": 0.459, "maxspeed_kmh": 40.0}}, {"type": "Feature", "geometry": {"type": "LineString", "coordinates": [[10.9532944, 59.2089355], [10.9536876, 59.208976], [10.9539938, 59.2090101], [10.9542522, 59.2090508], [10.9544786, 59.2090909], [10.9547585, 59.2091489], [10.9550833, 59.209227], [10.9553463, 59.2093064], [10.9557066, 59.2094235], [10.9558993, 59.209496], [10.956158, 59.2096074], [10.9564053, 59.2097233], [10.9566319, 59.2098466], [10.9568483, 59.2099731], [10.9570713, 59.2101157], [10.9572409, 59.2102372], [10.95743, 59.2103854], [10.9575917, 59.210528], [10.95776, 59.2106953], [10.9578833, 59.2108261], [10.9580189, 59.2109851], [10.9581434, 59.2111476], [10.9584066, 59.2115806], [10.9585345, 59.2117846], [10.958605, 59.2118991], [10.958664, 59.2120143], [10.9588282, 59.2123652], [10.9588738, 59.2124576], [10.9589848, 59.2126446]]}, "properties": {"electrified": "contact_line", "frequency": "16.67", "gauge": "1435", "maxspeed": "40", "name": "\u00d8stfoldbanen", "passenger_lines": "2", "railway": "rail", "service": "siding", "voltage": "15000", "length_km": 0.564, "maxspeed_kmh": 40.0}}, {"type": "Feature", "geometry": {"type": "LineString", "coordinates": [[10.9457299, 59.2116409], [10.9457979, 59.2115175], [10.9459101, 59.2113318], [10.9460263, 59.2111722], [10.9461489, 59.2110138], [10.9462586, 59.2108951], [10.9464168, 59.2107389], [10.9465604, 59.2106106], [10.9467041, 59.210493]]}, "properties": {"electrified": "contact_line", "frequency": "16.67", "gauge": "1435", "maxspeed": "40", "name": "\u00d8stfoldbanen", "operator": "Bane NOR", "passenger_lines": "1", "railway": "rail", "usage": "main", "voltage": "15000", "length_km": 0.14, "maxspeed_kmh": 40.0}}, {"type": "Feature", "geometry": {"type": "LineString", "coordinates": [[10.9167534, 59.225449], [10.9169223, 59.225209], [10.9171292, 59.2249604], [10.9172497, 59.2248269], [10.9174552, 59.2246343], [10.9175918, 59.2245218], [10.9178207, 59.224351], [10.9180379, 59.2242033], [10.9182902, 59.2240543], [10.918595, 59.2238924], [10.9189827, 59.2237151], [10.9191902, 59.2236299], [10.9195263, 59.2235048], [10.9199516, 59.2233686], [10.920341, 59.2232603], [10.9207401, 59.2231578]]}, "properties": {"electrified": "contact_line", "frequency": "16.67", "gauge": "1435", "maxspeed": "100", "name": "\u00d8stfoldbanen", "operator": "Bane NOR", "passenger_lines": "1", "railway": "rail", "usage": "main", "voltage": "15000", "length_km": 0.353, "maxspeed_kmh": 100.0}}, {"type": "Feature", "geometry": {"type": "LineString", "coordinates": [[10.9207401, 59.2231578], [10.9209033, 59.2231177], [10.92165, 59.2229393], [10.9228107, 59.2226649], [10.9248978, 59.2221699], [10.9265636, 59.2217753], [10.9274987, 59.2215507], [10.9279225, 59.221444], [10.9283451, 59.2213321], [10.9286902, 59.221232], [10.9290298, 59.2211268], [10.9308527, 59.2205206]]}, "properties": {"electrified": "contact_line", "frequency": "16.67", "gauge": "1435", "maxspeed": "130", "name": "\u00d8stfoldbanen", "operator": "Bane NOR", "passenger_lines": "1", "railway": "rail", "usage": "main", "voltage": "15000", "length_km": 0.649, "maxspeed_kmh": 130.0}}, {"type": "Feature", "geometry": {"type": "LineString", "coordinates": [[10.9064017, 59.2579517], [10.9064762, 59.2578043], [10.9068254, 59.2571071], [10.907177, 59.2564029], [10.9075291, 59.2557026], [10.9076988, 59.2553518], [10.9078522, 59.2549989], [10.9079876, 59.2546495], [10.9081112, 59.2542953], [10.9082131, 59.2539445], [10.9082993, 59.2535928], [10.9083685, 59.2532439], [10.9084232, 59.2528934], [10.9084885, 59.2524121], [10.9085206, 59.252191], [10.9085521, 59.2519515], [10.9086127, 59.2514903], [10.9086621, 59.2511375], [10.9087094, 59.2507859], [10.9088042, 59.250083], [10.9088991, 59.2493806], [10.9089937, 59.2486759], [10.9090896, 59.2479766], [10.9091832, 59.2472738], [10.9092784, 59.2465753], [10.909379, 59.2458701], [10.9094387, 59.2455192], [10.9095097, 59.24517], [10.9096812, 59.2444684], [10.9097798, 59.2441145], [10.9098816, 59.2437589], [10.9100851, 59.2430619], [10.9103025, 59.2423582], [10.9104951, 59.2416608], [10.9107007, 59.2409543], [10.9109053, 59.2402505], [10.9111089, 59.2395461], [10.911312, 59.2388459], [10.9115181, 59.2381443], [10.9117261, 59.2374307]]}, "properties": {"electrified": "contact_line", "frequency": "16.67", "gauge": "1435", "maxspeed": "130", "name": "\u00d8stfoldbanen", "operator": "Bane NOR", "passenger_lines": "1", "railway": "rail", "usage": "main", "voltage": "15000", "length_km": 2.311, "maxspeed_kmh": 130.0}}, {"type": "Feature", "geometry": {"type": "LineString", "coordinates": [[10.9033696, 59.2783816], [10.9033477, 59.2782668], [10.9033131, 59.2780758], [10.9032984, 59.2778846], [10.9032955, 59.2777231], [10.9033136, 59.2775742], [10.9033386, 59.2774533], [10.9033865, 59.2772973], [10.9034648, 59.2771202], [10.9035507, 59.2769645], [10.9036449, 59.2768219], [10.9037559, 59.2766852], [10.9039144, 59.276513], [10.9040464, 59.2763902], [10.9042531, 59.2762135], [10.9046574, 59.2759312], [10.9047746, 59.2758462]]}, "properties": {"electrified": "contact_line", "frequency": "16.67", "gauge": "1435", "maxspeed": "85", "name": "\u00d8stfoldbanen", "operator": "Bane NOR", "passenger_lines": "1", "railway": "rail", "usage": "main", "voltage": "15000", "length_km": 0.303, "maxspeed_kmh": 85.0}}, {"type": "Feature", "geometry": {"type": "LineString", "coordinates": [[10.9064953, 59.2739874], [10.9064672, 59.2740966], [10.9064156, 59.2742461], [10.9063477, 59.2744008], [10.9062675, 59.2745403], [10.9061787, 59.2746731], [10.9060748, 59.2748035], [10.9059907, 59.2749], [10.9058605, 59.2750327], [10.9057066, 59.2751661], [10.9053705, 59.2754295], [10.9047746, 59.2758462]]}, "properties": {"electrified": "contact_line", "frequency": "16.67", "gauge": "1435", "maxspeed": "85", "name": "\u00d8stfoldbanen", "operator": "Bane NOR", "passenger_lines": "2", "railway": "rail", "usage": "main", "voltage": "15000", "length_km": 0.233, "maxspeed_kmh": 85.0}}, {"type": "Feature", "geometry": {"type": "LineString", "coordinates": [[10.9041748, 59.2651166], [10.904129, 59.2648542], [10.9040966, 59.2645668], [10.9040855, 59.2642994], [10.9040862, 59.2641153], [10.9040934, 59.2639296], [10.9041081, 59.2637423], [10.904126, 59.263555], [10.9041521, 59.2633814], [10.9041846, 59.2632077]]}, "properties": {"electrified": "contact_line", "frequency": "16.67", "gauge": "1435", "name": "\u00d8stfoldbanen", "operator": "Bane NOR", "passenger_lines": "1", "railway": "rail", "usage": "main", "voltage": "15000", "length_km": 0.213}}, {"type": "Feature", "geometry": {"type": "LineString", "coordinates": [[10.8840931, 59.3113141], [10.884061, 59.3111763], [10.8840285, 59.3110147], [10.8839983, 59.3107877], [10.8839954, 59.31059], [10.8840056, 59.3104323], [10.8840383, 59.310245], [10.8840742, 59.3101028], [10.884145, 59.3099118], [10.8842452, 59.309702], [10.8843427, 59.30954], [10.8844476, 59.3093941], [10.8845757, 59.3092342], [10.8846908, 59.3091081], [10.8848668, 59.3089398], [10.8850878, 59.3087522], [10.8852402, 59.3086356], [10.8854098, 59.3085219], [10.8855731, 59.3084154], [10.8857415, 59.3083166], [10.8859091, 59.3082261], [10.886083, 59.3081375], [10.8862567, 59.3080556], [10.8864345, 59.3079742], [10.8868813, 59.3077894], [10.8873595, 59.3076014]]}, "properties": {"electrified": "contact_line", "frequency": "16.67", "gauge": "1435", "maxspeed": "95", "name": "\u00d8stfoldbanen", "operator": "Bane NOR", "passenger_lines": "1", "railway": "rail", "usage": "main", "voltage": "15000", "length_km": 0.481, "maxspeed_kmh": 95.0}}, {"type": "Feature", "geometry": {"type": "LineString", "coordinates": [[10.8873595, 59.3076014], [10.8879812, 59.3073565], [10.8882926, 59.3072264], [10.888676, 59.3070612], [10.8889321, 59.306947], [10.8891806, 59.3068289], [10.8893635, 59.3067375], [10.8895439, 59.3066453], [10.8897415, 59.3065392], [10.8899623, 59.3064139], [10.8901277, 59.3063168], [10.8902893, 59.3062184], [10.890466, 59.306107], [10.8906389, 59.305993], [10.890782, 59.3058964], [10.8909187, 59.3057992], [10.8910442, 59.3057069], [10.8911647, 59.3056146], [10.8913378, 59.3054784], [10.8915046, 59.3053408], [10.8916389, 59.3052236], [10.8917655, 59.3051063], [10.8919116, 59.304968], [10.8920438, 59.304831], [10.8922001, 59.3046609], [10.8923613, 59.3044753], [10.8924707, 59.3043408], [10.8925723, 59.3042057], [10.8927559, 59.3039501], [10.8929292, 59.3036932], [10.8943326, 59.3015828], [10.8945921, 59.3012002], [10.8947981, 59.3009088], [10.8949913, 59.3006526], [10.8951366, 59.3004724], [10.895299, 59.3002741], [10.8956368, 59.2998864], [10.8959167, 59.299591], [10.8962138, 59.2992932], [10.8993577, 59.2963089], [10.9010108, 59.2947343], [10.9018321, 59.2939555], [10.9026857, 59.2931418], [10.9029514, 59.2928864], [10.9033002, 59.2925073], [10.9035217, 59.292234], [10.9037906, 59.2918679], [10.9039077, 59.2916746], [10.9040351, 59.2914484], [10.9041488, 59.2912172], [10.9042625, 59.290932], [10.9043336, 59.2907254], [10.9044104, 59.2904493], [10.9044663, 59.2901658], [10.9047454, 59.288209], [10.9048038, 59.2877946], [10.9048578, 59.2873802], [10.9048804, 59.2871491], [10.9048951, 59.2869175], [10.9049052, 59.2866839], [10.9049038, 59.2864518], [10.904898, 59.2862139], [10.9048792, 59.2859746], [10.9048579, 59.2857694], [10.9048307, 59.2855664], [10.9047977, 59.285348], [10.9047561, 59.2851289], [10.904578, 59.2842535], [10.9041793, 59.2823215], [10.9033696, 59.2783816]]}, "properties": {"electrified": "contact_line", "frequency": "16.67", "gauge": "1435", "maxspeed": "130", "name": "\u00d8stfoldbanen", "operator": "Bane NOR", "passenger_lines": "1", "railway": "rail", "usage": "main", "voltage": "15000", "length_km": 3.521, "maxspeed_kmh": 130.0}}, {"type": "Feature", "geometry": {"type": "LineString", "coordinates": [[10.8616404, 59.3479175], [10.8614499, 59.3479256]]}, "properties": {"electrified": "contact_line", "frequency": "16.67", "gauge": "1435", "maxspeed": "130", "name": "\u00d8stfoldbanen", "operator": "Bane NOR", "railway": "rail", "usage": "main", "voltage": "15000", "length_km": 0.011, "maxspeed_kmh": 130.0}}, {"type": "Feature", "geometry": {"type": "LineString", "coordinates": [[10.8814462, 59.3312386], [10.8816219, 59.3308789], [10.8820672, 59.3299698], [10.882331, 59.3294289], [10.8824671, 59.3291413], [10.8825943, 59.3288518], [10.8827063, 59.3285779], [10.8828117, 59.3282869], [10.8828906, 59.3280432], [10.8829593, 59.3277982], [10.8830122, 59.3275897], [10.8830562, 59.32738], [10.8830933, 59.3272134], [10.8831214, 59.3270455], [10.8831561, 59.3268187], [10.8831818, 59.3265907], [10.8831951, 59.3264332], [10.8832032, 59.3262751], [10.8832261, 59.325882], [10.8833154, 59.3233733], [10.883403, 59.3210338], [10.8834337, 59.3203131], [10.8834481, 59.3200805], [10.8834727, 59.3198466], [10.8834985, 59.3196453], [10.8835332, 59.319444], [10.8835587, 59.3192838], [10.8835906, 59.3191229], [10.88363, 59.318948], [10.8836758, 59.3187738], [10.8837261, 59.3185909], [10.8837816, 59.3184086], [10.8838662, 59.3181531], [10.8839598, 59.3178975], [10.8841432, 59.3174318], [10.8843627, 59.3168723], [10.8844629, 59.3165972], [10.8845453, 59.3163389], [10.8846301, 59.3160367], [10.8846975, 59.3157307], [10.8847528, 59.3154223], [10.8847863, 59.3151611], [10.8848094, 59.3148268], [10.8848129, 59.3145207], [10.8848016, 59.3142146], [10.8847753, 59.3139188], [10.8847336, 59.3136168], [10.8846728, 59.3133158], [10.884599, 59.3130172], [10.8844183, 59.3123931], [10.8841585, 59.3115386], [10.8840931, 59.3113141]]}, "properties": {"electrified": "contact_line", "frequency": "16.67", "gauge": "1435", "maxspeed": "130", "name": "\u00d8stfoldbanen", "operator": "Bane NOR", "passenger_lines": "1", "railway": "rail", "usage": "main", "voltage": "15000", "length_km": 2.239, "maxspeed_kmh": 130.0}}, {"type": "Feature", "geometry": {"type": "LineString", "coordinates": [[10.8793525, 59.3359924], [10.8794029, 59.3358217], [10.8795489, 59.3353748], [10.8796294, 59.33514], [10.8797173, 59.334906], [10.8797978, 59.3346972], [10.8798841, 59.3344876], [10.8800505, 59.3341132], [10.8802271, 59.3337404], [10.8806037, 59.3329575], [10.8806484, 59.3328707]]}, "properties": {"electrified": "contact_line", "frequency": "16.67", "gauge": "1435", "name": "\u00d8stfoldbanen", "operator": "Bane NOR", "passenger_lines": "1", "railway": "rail", "usage": "main", "voltage": "15000", "length_km": 0.356}}, {"type": "Feature", "geometry": {"type": "LineString", "coordinates": [[10.8806484, 59.3328707], [10.8807541, 59.3326525], [10.8811624, 59.3318155], [10.8814462, 59.3312386]]}, "properties": {"electrified": "contact_line", "frequency": "16.67", "gauge": "1435", "name": "\u00d8stfoldbanen", "operator": "Bane NOR", "passenger_lines": "1", "railway": "rail", "usage": "main", "voltage": "15000", "length_km": 0.187}}, {"type": "Feature", "geometry": {"type": "LineString", "coordinates": [[10.8334141, 59.3485145], [10.8338178, 59.3483807], [10.8341467, 59.3482797], [10.8344877, 59.3481822], [10.8348264, 59.3480936], [10.8351915, 59.3480056], [10.8355943, 59.3479176], [10.8360139, 59.3478364], [10.8364458, 59.3477632], [10.8368898, 59.3476991], [10.8372678, 59.3476516], [10.8377381, 59.3476029], [10.8381982, 59.3475657], [10.8386669, 59.3475394], [10.8390726, 59.3475244], [10.839541, 59.3475173], [10.8400189, 59.3475202]]}, "properties": {"electrified": "contact_line", "frequency": "16.67", "gauge": "1435", "maxspeed": "125", "name": "\u00d8stfoldbanen", "operator": "Bane NOR", "passenger_lines": "1", "railway": "rail", "usage": "main", "voltage": "15000", "length_km": 0.399, "maxspeed_kmh": 125.0}}, {"type": "Feature", "geometry": {"type": "LineString", "coordinates": [[10.8400189, 59.3475202], [10.8413477, 59.3475484], [10.8432283, 59.3475944], [10.8461517, 59.3476655], [10.8509464, 59.3477785], [10.8541271, 59.3478527], [10.8574923, 59.347931], [10.8586156, 59.3479596], [10.8592365, 59.3479688], [10.8599282, 59.3479681]]}, "properties": {"electrified": "contact_line", "frequency": "16.67", "gauge": "1435", "maxspeed": "130", "name": "\u00d8stfoldbanen", "operator": "Bane NOR", "passenger_lines": "1", "railway": "rail", "usage": "main", "voltage": "15000", "length_km": 1.134, "maxspeed_kmh": 130.0}}, {"type": "Feature", "geometry": {"type": "LineString", "coordinates": [[10.7316788, 59.3860498], [10.731369, 59.3861963], [10.7308354, 59.3864351], [10.7302613, 59.3867018], [10.7299579, 59.3868488]]}, "properties": {"electrified": "contact_line", "frequency": "16.67", "gauge": "1435", "maxspeed": "100", "name": "\u00d8stfoldbanen", "operator": "Bane NOR", "railway": "rail", "usage": "main", "voltage": "15000", "length_km": 0.132, "maxspeed_kmh": 100.0}}, {"type": "Feature", "geometry": {"type": "LineString", "coordinates": [[10.8125383, 59.354324], [10.8129733, 59.3542195], [10.8134202, 59.3541194], [10.8138782, 59.3540259], [10.8143909, 59.3539187], [10.8149503, 59.3537882]]}, "properties": {"electrified": "contact_line", "frequency": "16.67", "gauge": "1435", "maxspeed": "80", "name": "\u00d8stfoldbanen", "passenger_lines": "2", "railway": "rail", "usage": "main", "voltage": "15000", "length_km": 0.15, "maxspeed_kmh": 80.0}}, {"type": "Feature", "geometry": {"type": "LineString", "coordinates": [[10.8275248, 59.3506192], [10.8277743, 59.3505454], [10.8281546, 59.3504285], [10.8285281, 59.3503098], [10.8289784, 59.3501639], [10.8294116, 59.3500153], [10.8299932, 59.3498052], [10.8306079, 59.3495744], [10.8320193, 59.3490316], [10.8327997, 59.3487324], [10.8334141, 59.3485145]]}, "properties": {"electrified": "contact_line", "frequency": "16.67", "gauge": "1435", "maxspeed": "130", "name": "\u00d8stfoldbanen", "operator": "Bane NOR", "passenger_lines": "1", "railway": "rail", "usage": "main", "voltage": "15000", "length_km": 0.409, "maxspeed_kmh": 130.0}}, {"type": "Feature", "geometry": {"type": "LineString", "coordinates": [[10.6604805, 59.4050936], [10.6606037, 59.4050229], [10.6608215, 59.4049013], [10.661044, 59.4047821], [10.661307, 59.4046422], [10.6615769, 59.4045044], [10.6619419, 59.4043275], [10.6623164, 59.404152], [10.662719, 59.4039736], [10.663127, 59.4038013], [10.6635979, 59.4036122], [10.6640756, 59.4034314], [10.664504, 59.4032776], [10.6649378, 59.4031272], [10.6653834, 59.4029816], [10.6658358, 59.4028422], [10.6662933, 59.4027083], [10.6667562, 59.4025785], [10.6672269, 59.4024559], [10.6677058, 59.4023374], [10.6680774, 59.402251], [10.6684545, 59.4021681], [10.6688339, 59.4020899], [10.6692201, 59.4020124], [10.6696043, 59.4019405], [10.6699926, 59.4018727], [10.6702211, 59.4018337]]}, "properties": {"electrified": "contact_line", "frequency": "16.67", "gauge": "1435", "maxspeed": "130", "name": "\u00d8stfoldbanen", "operator": "Bane NOR", "passenger_lines": "1", "railway": "rail", "usage": "main", "voltage": "15000", "length_km": 0.67, "maxspeed_kmh": 130.0}}, {"type": "Feature", "geometry": {"type": "LineString", "coordinates": [[10.6572082, 59.4198041], [10.6575572, 59.4187808], [10.6576378, 59.4185126], [10.6577014, 59.4182444], [10.6577457, 59.4179783], [10.6577751, 59.4177121], [10.6577903, 59.4174401], [10.6577844, 59.4171712], [10.6577676, 59.4169012], [10.657729, 59.4166293], [10.6576747, 59.4163591], [10.6576068, 59.4160918], [10.6569711, 59.4139646], [10.6568122, 59.4134431], [10.6566663, 59.4129093], [10.6566259, 59.412639], [10.6565988, 59.4123695], [10.6565912, 59.4120979], [10.6566029, 59.411828], [10.6566357, 59.4115611], [10.6566878, 59.4112947], [10.6567507, 59.4110556], [10.6568251, 59.4108156], [10.6570682, 59.4101029], [10.6577165, 59.4081626], [10.6578075, 59.4078957], [10.6579149, 59.4076305], [10.6580137, 59.4074149], [10.6581306, 59.4071994], [10.6582645, 59.4069857], [10.6584198, 59.4067737], [10.6585567, 59.406605], [10.6587065, 59.4064384], [10.6589049, 59.4062356], [10.6591201, 59.4060412], [10.6593497, 59.4058485], [10.6596013, 59.4056578], [10.6598629, 59.4054772], [10.6601368, 59.4053001], [10.6604805, 59.4050936]]}, "properties": {"electrified": "contact_line", "frequency": "16.67", "gauge": "1435", "maxspeed": "115", "name": "\u00d8stfoldbanen", "operator": "Bane NOR", "passenger_lines": "1", "railway": "rail", "usage": "main", "voltage": "15000", "length_km": 1.692, "maxspeed_kmh": 115.0}}, {"type": "Feature", "geometry": {"type": "LineString", "coordinates": [[10.6554372, 59.4346484], [10.6553714, 59.434547], [10.655337, 59.4344774], [10.6553085, 59.4344096]]}, "properties": {"electrified": "contact_line", "frequency": "16.67", "gauge": "1435", "maxspeed": "50", "name": "\u00d8stfoldbanen", "operator": "Bane NOR", "passenger_lines": "1", "railway": "rail", "usage": "main", "voltage": "15000", "length_km": 0.028, "maxspeed_kmh": 50.0}}, {"type": "Feature", "geometry": {"type": "LineString", "coordinates": [[10.6682217, 59.4424003], [10.6679786, 59.4421373], [10.6678022, 59.4419599], [10.6676184, 59.4417854], [10.6673593, 59.4415455], [10.6670886, 59.4413098], [10.6668165, 59.4410752], [10.666533, 59.4408457], [10.6662621, 59.440632]]}, "properties": {"electrified": "contact_line", "frequency": "16.67", "gauge": "1435", "maxspeed": "60", "name": "\u00d8stfoldbanen", "operator": "Bane NOR", "passenger_lines": "1", "railway": "rail", "usage": "main", "voltage": "15000", "length_km": 0.226, "maxspeed_kmh": 60.0}}, {"type": "Feature", "geometry": {"type": "LineString", "coordinates": [[10.6730108, 59.4565967], [10.6726617, 59.4562272], [10.6724438, 59.4559822], [10.6722334, 59.4557358], [10.6720285, 59.4554838], [10.6718354, 59.455231], [10.6716436, 59.4549645], [10.6714721, 59.4547158], [10.6713078, 59.4544584], [10.6711524, 59.4541996], [10.671015, 59.4539526], [10.670885, 59.453705], [10.6707662, 59.4534605], [10.6706563, 59.4532145], [10.670543, 59.4529412], [10.6704371, 59.4526686], [10.6702329, 59.45211], [10.6700761, 59.4516636], [10.6696561, 59.4504857], [10.6695059, 59.4500529], [10.6694342, 59.4498351], [10.6693729, 59.4496159], [10.6693212, 59.4494015], [10.6692813, 59.4491857], [10.6692494, 59.4489655], [10.6692279, 59.4487439], [10.6692227, 59.4485209], [10.6692219, 59.448304], [10.6692253, 59.4480827], [10.6692316, 59.4478613]]}, "properties": {"electrified": "contact_line", "frequency": "16.67", "gauge": "1435", "maxspeed": "100", "name": "\u00d8stfoldbanen", "operator": "Bane NOR", "passenger_lines": "2", "railway": "rail", "usage": "main", "voltage": "15000", "length_km": 1.004, "maxspeed_kmh": 100.0}}, {"type": "Feature", "geometry": {"type": "LineString", "coordinates": [[10.6693619, 59.4454648], [10.6693696, 59.4450313], [10.669371, 59.4449641], [10.6693763, 59.4445554], [10.6693676, 59.4443566], [10.6693457, 59.4441578], [10.669307, 59.4439756], [10.6692452, 59.443795], [10.6691666, 59.443614], [10.6690698, 59.4434396], [10.6689461, 59.4432564], [10.6688174, 59.4430727], [10.6682217, 59.4424003]]}, "properties": {"electrified": "contact_line", "frequency": "16.67", "gauge": "1435", "maxspeed": "80", "name": "\u00d8stfoldbanen", "operator": "Bane NOR", "passenger_lines": "1", "railway": "rail", "usage": "main", "voltage": "15000", "length_km": 0.353, "maxspeed_kmh": 80.0}}, {"type": "Feature", "geometry": {"type": "LineString", "coordinates": [[10.6692316, 59.4478613], [10.6692385, 59.4477141], [10.6692521, 59.4475636], [10.669273, 59.4474247], [10.669311, 59.4471879], [10.6693257, 59.4469809], [10.6693365, 59.4468304]]}, "properties": {"electrified": "contact_line", "frequency": "16.67", "gauge": "1435", "maxspeed": "80", "name": "\u00d8stfoldbanen", "operator": "Bane NOR", "passenger_lines": "2", "railway": "rail", "usage": "main", "voltage": "15000", "length_km": 0.115, "maxspeed_kmh": 80.0}}, {"type": "Feature", "geometry": {"type": "LineString", "coordinates": [[10.6730811, 59.4565784], [10.6734285, 59.4569345]]}, "properties": {"electrified": "contact_line", "frequency": "16.67", "gauge": "1435", "maxspeed": "160", "name": "\u00d8stfoldbanen", "operator": "Bane NOR", "passenger_lines": "2", "railway": "rail", "usage": "main", "voltage": "15000", "length_km": 0.044, "maxspeed_kmh": 160.0}}, {"type": "Feature", "geometry": {"type": "LineString", "coordinates": [[10.6931316, 59.4787522], [10.6929257, 59.4785205], [10.692824, 59.4784044]]}, "properties": {"electrified": "contact_line", "frequency": "16.67", "gauge": "1435", "name": "\u00d8stfoldbanen", "operator": "Bane NOR", "passenger_lines": "2", "railway": "rail", "usage": "main", "voltage": "15000", "length_km": 0.043}}, {"type": "Feature", "geometry": {"type": "LineString", "coordinates": [[10.7009877, 59.4853091], [10.7005593, 59.4850016], [10.6995626, 59.4842856], [10.6992077, 59.4840286], [10.6980831, 59.4832169], [10.6978329, 59.4830385], [10.6973203, 59.4826661], [10.6967208, 59.4822191], [10.6964272, 59.4819916], [10.696145, 59.4817642], [10.6958706, 59.4815344], [10.6956052, 59.4813061], [10.6953333, 59.481064], [10.6950861, 59.4808359], [10.6948538, 59.4806135], [10.6945931, 59.4803554], [10.6943575, 59.4801124], [10.6941287, 59.4798694], [10.6936933, 59.4793853], [10.6933625, 59.4790123]]}, "properties": {"electrified": "contact_line", "frequency": "16.67", "gauge": "1435", "maxspeed": "160", "name": "\u00d8stfoldbanen", "operator": "Bane NOR", "passenger_lines": "2", "railway": "rail", "usage": "main", "voltage": "15000", "length_km": 0.826, "maxspeed_kmh": 160.0}}, {"type": "Feature", "geometry": {"type": "LineString", "coordinates": [[10.7394216, 59.5925956], [10.7394805, 59.592864], [10.7395238, 59.593133], [10.7395552, 59.5934027], [10.7395788, 59.5936751], [10.7395997, 59.5940044], [10.7396181, 59.594333], [10.7396485, 59.5949665], [10.7396534, 59.5950681], [10.7396812, 59.5956658], [10.739692, 59.5959478], [10.7397093, 59.5962297], [10.7397339, 59.596499], [10.7397674, 59.5967673], [10.7398095, 59.5969912], [10.7398614, 59.5972152], [10.7399258, 59.5974364], [10.7400038, 59.5976571], [10.7400928, 59.5978689], [10.7401904, 59.5980782], [10.7403061, 59.5982955], [10.7404367, 59.5985122], [10.7405778, 59.5987298], [10.7407333, 59.59894], [10.7408994, 59.5991499], [10.7410745, 59.5993546], [10.7412623, 59.599556], [10.7414644, 59.5997574], [10.7416935, 59.5999697], [10.7419356, 59.6001781], [10.742189, 59.6003803], [10.7424566, 59.60058], [10.7426933, 59.6007471], [10.7429416, 59.6009095], [10.7430904, 59.6010087], [10.7432456, 59.6011018], [10.7435318, 59.6012706], [10.743839, 59.6014396], [10.7441354, 59.6015972], [10.7444383, 59.6017516], [10.7450089, 59.6020354], [10.7456033, 59.6023206], [10.7472231, 59.6031077]]}, "properties": {"electrified": "contact_line", "frequency": "16.67", "gauge": "1435", "maxspeed": "130", "name": "\u00d8stfoldbanen", "operator": "Bane NOR", "passenger_lines": "2", "railway": "rail", "usage": "main", "voltage": "15000", "length_km": 1.312, "maxspeed_kmh": 130.0}}, {"type": "Feature", "geometry": {"type": "LineString", "coordinates": [[10.7391752, 59.592073], [10.7390807, 59.5918091], [10.7389683, 59.5915482], [10.7388456, 59.5912855], [10.738711, 59.5910288], [10.7385636, 59.5907674], [10.7384081, 59.5905107], [10.7380883, 59.5900068], [10.7354354, 59.5859033], [10.7328552, 59.5819111], [10.7325163, 59.5813967], [10.7324195, 59.5812531], [10.7322441, 59.5810011], [10.7320716, 59.5807577], [10.7317303, 59.5802942], [10.7315543, 59.5800611], [10.731375, 59.5798323], [10.7311748, 59.579581], [10.730971, 59.5793306], [10.7305158, 59.578793], [10.7279338, 59.5757901], [10.7275127, 59.575296], [10.7270948, 59.5748007], [10.7268892, 59.5745474], [10.7266938, 59.5742973], [10.7264969, 59.5740445], [10.726309, 59.5737904], [10.7261314, 59.5735429], [10.725961, 59.5732946], [10.7257904, 59.5730382], [10.7256281, 59.5727799], [10.7254692, 59.5725212], [10.7253187, 59.5722643], [10.7251714, 59.5720014], [10.7250332, 59.5717428], [10.7248997, 59.5714799], [10.7247732, 59.5712197], [10.7246511, 59.5709592], [10.7245392, 59.5706969], [10.724317, 59.5701684], [10.72411, 59.5696389], [10.7237054, 59.568593], [10.7228819, 59.5664707], [10.7226783, 59.5659388], [10.7225789, 59.56567], [10.722487, 59.5654054], [10.7223892, 59.5651226], [10.7223043, 59.5648423], [10.7222198, 59.5645481], [10.7221439, 59.564261], [10.722077, 59.5639704], [10.7220158, 59.5636793], [10.7219608, 59.5633839], [10.7219158, 59.5630944], [10.7218759, 59.5627985], [10.7218466, 59.5625088], [10.7218223, 59.5622152], [10.7218078, 59.5619215], [10.7218011, 59.5616586], [10.7218002, 59.5613956], [10.7218047, 59.5611253], [10.7218164, 59.5608557], [10.7218343, 59.5605628], [10.7218618, 59.5602693], [10.7218955, 59.5599775], [10.7219376, 59.5596851], [10.722028, 59.5591455], [10.7221216, 59.558654], [10.7222298, 59.558114], [10.7222775, 59.5578751]]}, "properties": {"electrified": "contact_line", "frequency": "16.67", "gauge": "1435", "maxspeed": "160", "name": "\u00d8stfoldbanen", "operator": "Bane NOR", "passenger_lines": "2", "railway": "rail", "usage": "main", "voltage": "15000", "length_km": 3.969, "maxspeed_kmh": 160.0}}, {"type": "Feature", "geometry": {"type": "LineString", "coordinates": [[10.7563396, 59.6075135], [10.7569683, 59.6078198], [10.7600199, 59.6092937], [10.763253, 59.6108586], [10.763759, 59.6111066], [10.7644355, 59.6114545], [10.7647604, 59.6116261], [10.7651379, 59.6118278], [10.7655062, 59.6120289], [10.7662203, 59.6124293], [10.7668843, 59.6128204], [10.7675639, 59.6132343], [10.7678931, 59.6134438], [10.7682211, 59.6136556], [10.7685447, 59.613873], [10.7688636, 59.6140933], [10.7691588, 59.6143037], [10.7694471, 59.6145175], [10.7697349, 59.614734], [10.7700158, 59.6149534], [10.7702916, 59.6151776], [10.7705616, 59.6154029], [10.7708212, 59.6156264], [10.771075, 59.6158541], [10.7713106, 59.6160689], [10.7715454, 59.6162928], [10.7717768, 59.6165216], [10.7720024, 59.616754], [10.7722331, 59.6169981], [10.772457, 59.617244], [10.7728942, 59.6177369], [10.7737656, 59.6187248], [10.7750651, 59.620196], [10.7768064, 59.6221692], [10.7781122, 59.6236497], [10.7785092, 59.624103], [10.7789246, 59.6246001], [10.7791226, 59.6248505], [10.7793098, 59.6251032], [10.7795317, 59.6254102], [10.779736, 59.6257123], [10.7800163, 59.626153], [10.7802665, 59.6265847], [10.780959, 59.6277838], [10.7811426, 59.6280832], [10.781334, 59.6283794], [10.7815339, 59.6286772], [10.781751, 59.6289789], [10.7819724, 59.6292697], [10.7822139, 59.6295671], [10.7824571, 59.629856], [10.7827111, 59.6301441], [10.7829762, 59.6304319], [10.7832522, 59.6307198], [10.7835287, 59.6309935], [10.7838161, 59.6312665], [10.7841111, 59.6315343], [10.7844185, 59.6318021], [10.7847393, 59.632072], [10.785068, 59.6323404], [10.7853946, 59.632602], [10.7857263, 59.6328627], [10.7865306, 59.6334927], [10.7868863, 59.6337799], [10.7871629, 59.6340083], [10.7875333, 59.6343263], [10.7877961, 59.6345601], [10.788059, 59.6347983], [10.7883042, 59.635033], [10.788545, 59.6352715], [10.7887742, 59.6355067], [10.788998, 59.6357462], [10.789237, 59.6360095], [10.7894665, 59.6362689], [10.7909345, 59.6379746], [10.7932908, 59.6407168], [10.7940397, 59.6415854], [10.7942779, 59.6418644], [10.7949858, 59.642688], [10.7953792, 59.6431463], [10.7957611, 59.6436], [10.7959598, 59.6438452], [10.7961544, 59.6440946], [10.7963452, 59.6443477], [10.7965294, 59.6446036], [10.7967175, 59.644878], [10.7968962, 59.6451568], [10.7970683, 59.6454368], [10.7972318, 59.6457195], [10.7973848, 59.6460018], [10.7975293, 59.6462846], [10.7976637, 59.6465691], [10.7977896, 59.6468562], [10.7979027, 59.6471343], [10.7980082, 59.6474139], [10.798113, 59.6477212], [10.7982071, 59.6480296], [10.7982917, 59.6483424], [10.7983655, 59.6486547], [10.7984283, 59.6489652], [10.7984789, 59.6492842], [10.7985021, 59.6494418], [10.7985216, 59.6496001], [10.7985511, 59.6499102], [10.7985708, 59.6502276], [10.7985787, 59.6505449], [10.7985783, 59.6508127], [10.7985713, 59.6510805], [10.7985591, 59.6513667], [10.7985134, 59.6521521], [10.7984578, 59.6531305], [10.7984243, 59.6536714], [10.7984009, 59.6539861], [10.7983691, 59.6543008], [10.7983306, 59.65461], [10.7982851, 59.6549164], [10.7982324, 59.6552316], [10.7981671, 59.6555454], [10.798096, 59.6558611], [10.7980164, 59.6561716], [10.7979302, 59.6564836], [10.7978342, 59.6567956], [10.7977327, 59.6571076], [10.7976214, 59.6574182], [10.7975195, 59.6576837], [10.7974105, 59.6579506], [10.797257, 59.6583054], [10.7971788, 59.6584778], [10.797061, 59.6587298], [10.7969375, 59.6589803], [10.79671, 59.6594189], [10.796487, 59.6598232]]}, "properties": {"electrified": "contact_line", "frequency": "16.67", "gauge": "1435", "maxspeed": "160", "name": "\u00d8stfoldbanen", "operator": "Bane NOR", "passenger_lines": "2", "railway": "rail", "usage": "main", "voltage": "15000", "length_km": 6.492, "maxspeed_kmh": 160.0}}, {"type": "Feature", "geometry": {"type": "LineString", "coordinates": [[10.7393298, 59.5926005], [10.7392869, 59.5924305], [10.7392379, 59.5922611], [10.7391752, 59.592073]]}, "properties": {"electrified": "contact_line", "frequency": "16.67", "gauge": "1435", "name": "\u00d8stfoldbanen", "operator": "Bane NOR", "passenger_lines": "2", "railway": "rail", "usage": "main", "voltage": "15000", "length_km": 0.059}}, {"type": "Feature", "geometry": {"type": "LineString", "coordinates": [[10.7392711, 59.5920651], [10.7393329, 59.5922558], [10.7393803, 59.5924257], [10.7394216, 59.5925956]]}, "properties": {"electrified": "contact_line", "frequency": "16.67", "gauge": "1435", "name": "\u00d8stfoldbanen", "operator": "Bane NOR", "passenger_lines": "2", "railway": "rail", "usage": "main", "voltage": "15000", "length_km": 0.06}}, {"type": "Feature", "geometry": {"type": "LineString", "coordinates": [[10.7471691, 59.6031391], [10.7455438, 59.6023523], [10.7449544, 59.6020666], [10.7443795, 59.601782], [10.7440764, 59.6016271], [10.7437785, 59.6014702], [10.7434755, 59.6013008], [10.743183, 59.6011281], [10.7430301, 59.6010373], [10.7428731, 59.6009347], [10.7426282, 59.6007725], [10.7423869, 59.6006023], [10.7421212, 59.6004039], [10.7418685, 59.6002009], [10.7416217, 59.5999908], [10.7413919, 59.5997768], [10.7411906, 59.5995759], [10.7409984, 59.5993712], [10.7408214, 59.5991646], [10.740656, 59.5989547], [10.7405008, 59.5987424], [10.7403586, 59.5985255], [10.7402265, 59.5983036], [10.7401114, 59.5980894], [10.740012, 59.5978797], [10.7399238, 59.5976661], [10.7398454, 59.5974428], [10.7397793, 59.5972201], [10.7397265, 59.5969955], [10.7396848, 59.596771], [10.7396506, 59.5965018], [10.7396272, 59.5962317], [10.7396083, 59.5959483], [10.7395939, 59.5956655], [10.7395651, 59.595011], [10.7395644, 59.5949918], [10.7395318, 59.594332], [10.7395157, 59.5940043], [10.7394943, 59.5936765], [10.7394695, 59.5934043], [10.7394341, 59.5931347], [10.7393905, 59.5928659], [10.7393298, 59.5926005]]}, "properties": {"electrified": "contact_line", "frequency": "16.67", "gauge": "1435", "maxspeed": "130", "name": "\u00d8stfoldbanen", "operator": "Bane NOR", "passenger_lines": "2", "railway": "rail", "usage": "main", "voltage": "15000", "length_km": 1.316, "maxspeed_kmh": 130.0}}, {"type": "Feature", "geometry": {"type": "LineString", "coordinates": [[10.7940265, 59.6643652], [10.79394, 59.6645413], [10.793861, 59.6647178], [10.7937499, 59.6649845], [10.7936559, 59.6652474], [10.7935858, 59.6654749], [10.793526, 59.6656976], [10.7934708, 59.6659636], [10.7934278, 59.6662366], [10.7934016, 59.666495], [10.7933886, 59.6667582], [10.7933874, 59.667026], [10.7934045, 59.6672938], [10.7934333, 59.6675634], [10.7934766, 59.667832], [10.7935354, 59.6681009], [10.7936095, 59.6683693], [10.7936915, 59.6686355], [10.7937841, 59.6689003], [10.7942342, 59.6701099], [10.7945482, 59.6709506], [10.7945924, 59.6710691], [10.7948963, 59.6718758], [10.7951662, 59.6726016]]}, "properties": {"electrified": "contact_line", "frequency": "16.67", "gauge": "1435", "maxspeed": "130", "name": "\u00d8stfoldbanen", "operator": "Bane NOR", "passenger_lines": "2", "railway": "rail", "usage": "main", "voltage": "15000", "length_km": 0.93, "maxspeed_kmh": 130.0}}, {"type": "Feature", "geometry": {"type": "LineString", "coordinates": [[10.7964056, 59.6598041], [10.7966218, 59.6594064], [10.7968528, 59.6589686], [10.7969749, 59.6587193], [10.7970927, 59.6584701], [10.7971744, 59.658298], [10.7973279, 59.6579433], [10.7974363, 59.6576752], [10.7975377, 59.6574092], [10.7976461, 59.6571035], [10.7977519, 59.6567896], [10.7978476, 59.6564773], [10.7979349, 59.6561665], [10.7980149, 59.6558542], [10.7980851, 59.6555413], [10.798149, 59.655228], [10.7982031, 59.6549141], [10.7982499, 59.6546079], [10.7982883, 59.6542995], [10.7983217, 59.6539829], [10.7983453, 59.6536677], [10.7983769, 59.6531295], [10.7984337, 59.6521499], [10.7984812, 59.6513662], [10.7984934, 59.6510785], [10.7984996, 59.650813], [10.7984993, 59.6505464], [10.7984905, 59.6502279], [10.7984702, 59.6499127], [10.7984432, 59.6496019], [10.7984235, 59.6494427], [10.7984011, 59.6492864], [10.7983488, 59.6489724], [10.7982877, 59.6486581], [10.7982135, 59.6483434], [10.7981276, 59.6480341], [10.7980355, 59.6477259], [10.7979289, 59.6474217], [10.7978248, 59.6471386], [10.797713, 59.6468646], [10.7975833, 59.646573], [10.7974512, 59.6462936], [10.7973063, 59.6460103], [10.7971544, 59.6457297], [10.7969915, 59.645444], [10.7968214, 59.6451697], [10.7966373, 59.6448862], [10.7964527, 59.6446165], [10.7962678, 59.6443583], [10.7960803, 59.6441086], [10.7958855, 59.6438622], [10.7956876, 59.6436162], [10.7953058, 59.6431633], [10.7949101, 59.6427024], [10.7939664, 59.6416007], [10.7932172, 59.6407313], [10.7908629, 59.6379913], [10.7895054, 59.6364112], [10.7893919, 59.6362824], [10.7891631, 59.6360224], [10.7889278, 59.6357645], [10.7887018, 59.6355244], [10.7884694, 59.635286], [10.7882302, 59.6350498], [10.7879844, 59.6348142], [10.7877257, 59.6345768], [10.7874626, 59.634341], [10.7870909, 59.6340253], [10.7868162, 59.6337999], [10.7864592, 59.6335111], [10.7856602, 59.6328834], [10.7853232, 59.6326204], [10.7850003, 59.63236], [10.7846703, 59.6320925], [10.7843481, 59.6318211], [10.7840413, 59.6315535], [10.7837469, 59.6312851], [10.7834626, 59.6310133], [10.7831831, 59.6307368], [10.7829024, 59.6304466], [10.7826407, 59.6301624], [10.7823853, 59.6298727], [10.7821378, 59.6295814], [10.7819025, 59.6292883], [10.7816766, 59.6289913], [10.781462, 59.6286916], [10.7812584, 59.6283902], [10.7810687, 59.628095], [10.7808838, 59.6277935], [10.7801922, 59.6265986], [10.7799352, 59.626167], [10.7796536, 59.6257257], [10.779447, 59.6254258], [10.7792273, 59.6251205], [10.7790364, 59.6248674], [10.7788392, 59.6246174], [10.7784212, 59.6241208], [10.7780236, 59.6236701], [10.7767164, 59.6221878], [10.7749753, 59.6202149], [10.7736785, 59.6187454], [10.7728066, 59.6177557], [10.7723703, 59.6172641], [10.7721461, 59.6170193], [10.7719162, 59.6167751], [10.7716908, 59.616545], [10.7714596, 59.6163165], [10.7712264, 59.6160941], [10.7709874, 59.6158746], [10.7707372, 59.6156496], [10.7704801, 59.6154257], [10.7702099, 59.6152], [10.7699386, 59.6149813], [10.769649, 59.6147567], [10.7693628, 59.6145385], [10.7690803, 59.6143325], [10.7687846, 59.6141197], [10.7684737, 59.6139064], [10.7681462, 59.6136879], [10.767812, 59.6134703], [10.767489, 59.6132652], [10.7668142, 59.6128529], [10.7661462, 59.6124598], [10.7654394, 59.6120583], [10.7650728, 59.6118591], [10.7647004, 59.6116598], [10.7643712, 59.6114847], [10.7636964, 59.61114], [10.7632029, 59.6108929], [10.7599605, 59.6093244], [10.7569629, 59.6078739]]}, "properties": {"electrified": "contact_line", "frequency": "16.67", "gauge": "1435", "maxspeed": "160", "name": "\u00d8stfoldbanen", "operator": "Bane NOR", "passenger_lines": "2", "railway": "rail", "usage": "main", "voltage": "15000", "length_km": 6.432, "maxspeed_kmh": 160.0}}, {"type": "Feature", "geometry": {"type": "LineString", "coordinates": [[10.7950842, 59.6726102], [10.7948272, 59.6719195], [10.7945377, 59.671146], [10.7944658, 59.6709554], [10.7941491, 59.6701156], [10.7937005, 59.6689066], [10.793609, 59.6686401], [10.7935252, 59.6683732], [10.7934513, 59.6681034], [10.793392, 59.6678327], [10.7933479, 59.6675638], [10.7933182, 59.6672968], [10.7933004, 59.6670257], [10.793301, 59.6667853], [10.793303, 59.6667562], [10.7933164, 59.6664939], [10.7933424, 59.6662321], [10.793383, 59.6659618], [10.7934392, 59.665693], [10.7934995, 59.6654667], [10.7935695, 59.6652404], [10.7936636, 59.6649755], [10.7937731, 59.664711], [10.7938515, 59.6645333], [10.7939389, 59.6643532]]}, "properties": {"electrified": "contact_line", "frequency": "16.67", "gauge": "1435", "maxspeed": "130", "name": "\u00d8stfoldbanen", "operator": "Bane NOR", "passenger_lines": "2", "railway": "rail", "usage": "main", "voltage": "15000", "length_km": 0.932, "maxspeed_kmh": 130.0}}, {"type": "Feature", "geometry": {"type": "LineString", "coordinates": [[10.7951662, 59.6726016], [10.7956996, 59.6740273], [10.7964342, 59.6759843], [10.7971365, 59.6778778], [10.7983764, 59.6811821], [10.799432, 59.6840049], [10.7997219, 59.6847766], [10.7999442, 59.685371], [10.8001176, 59.6858189], [10.8002518, 59.6861567], [10.8004048, 59.6865085], [10.8006093, 59.6869448], [10.8007173, 59.6871626], [10.8008309, 59.6873797], [10.8009473, 59.6875962], [10.8010694, 59.6878128], [10.8012359, 59.6880929], [10.801408, 59.688373], [10.8015767, 59.6886314], [10.8017588, 59.6888958]]}, "properties": {"electrified": "contact_line", "frequency": "16.67", "gauge": "1435", "maxspeed": "160", "name": "\u00d8stfoldbanen", "operator": "Bane NOR", "passenger_lines": "2", "railway": "rail", "usage": "main", "voltage": "15000", "length_km": 1.855, "maxspeed_kmh": 160.0}}, {"type": "Feature", "geometry": {"type": "LineString", "coordinates": [[10.8287719, 59.7091567], [10.8289674, 59.7093728], [10.8291589, 59.7095907], [10.829464, 59.7099363]]}, "properties": {"electrified": "contact_line", "frequency": "16.67", "gauge": "1435", "name": "\u00d8stfoldbanen", "operator": "Bane NOR", "passenger_lines": "2", "railway": "rail", "usage": "main", "voltage": "15000", "length_km": 0.095}}, {"type": "Feature", "geometry": {"type": "LineString", "coordinates": [[10.8024688, 59.6898647], [10.8026011, 59.6900257], [10.8029719, 59.6904734], [10.8031483, 59.6906758], [10.8033332, 59.6908825], [10.8034852, 59.6910495], [10.8036416, 59.6912157], [10.8039459, 59.6915319], [10.8043499, 59.6919318], [10.80462, 59.6921906], [10.8048977, 59.6924472], [10.8055043, 59.6929969], [10.8060717, 59.6935074], [10.8084177, 59.6956157], [10.8090314, 59.6961658], [10.8093422, 59.6964396], [10.8096597, 59.6967105], [10.8099832, 59.6969801], [10.8103174, 59.6972462], [10.8106335, 59.6974911], [10.8109574, 59.6977335], [10.8112562, 59.6979499], [10.8115592, 59.6981641], [10.8118455, 59.6983606], [10.8121452, 59.6985626], [10.8124425, 59.6987555], [10.8127486, 59.69895], [10.8130284, 59.6991246], [10.813314, 59.6992966], [10.8135878, 59.6994602], [10.8138709, 59.6996225], [10.8141433, 59.6997792], [10.8144216, 59.6999355], [10.8145075, 59.6999817]]}, "properties": {"electrified": "contact_line", "frequency": "16.67", "gauge": "1435", "maxspeed": "160", "name": "\u00d8stfoldbanen", "operator": "Bane NOR", "passenger_lines": "2", "railway": "rail", "usage": "main", "voltage": "15000", "length_km": 1.321, "maxspeed_kmh": 160.0}}, {"type": "Feature", "geometry": {"type": "LineString", "coordinates": [[10.827848, 59.7083174], [10.8276447, 59.7081283], [10.8274372, 59.7079396], [10.827163, 59.7076979], [10.8268804, 59.7074595], [10.8266267, 59.707252], [10.826368, 59.7070458], [10.8261159, 59.7068499], [10.8258572, 59.7066561], [10.8256168, 59.7064796], [10.8253732, 59.7063052], [10.8248432, 59.7059425], [10.8242979, 59.7055852], [10.8240966, 59.7054608], [10.8238988, 59.7053413]]}, "properties": {"electrified": "contact_line", "frequency": "16.67", "gauge": "1435", "maxspeed": "160", "name": "\u00d8stfoldbanen", "operator": "Bane NOR", "passenger_lines": "2", "railway": "rail", "usage": "main", "voltage": "15000", "length_km": 0.4, "maxspeed_kmh": 160.0}}, {"type": "Feature", "geometry": {"type": "LineString", "coordinates": [[10.8279181, 59.7082956], [10.8281235, 59.7084912], [10.8283173, 59.7086862], [10.828527, 59.7088983], [10.8287196, 59.7091018], [10.8287719, 59.7091567]]}, "properties": {"electrified": "contact_line", "frequency": "16.67", "gauge": "1435", "maxspeed": "160", "name": "\u00d8stfoldbanen", "operator": "Bane NOR", "passenger_lines": "2", "railway": "rail", "usage": "main", "voltage": "15000", "length_km": 0.107, "maxspeed_kmh": 160.0}}, {"type": "Feature", "geometry": {"type": "LineString", "coordinates": [[10.8286959, 59.709173], [10.8286423, 59.7091145], [10.8284496, 59.7089129], [10.8282461, 59.7087047], [10.82805, 59.7085104], [10.827848, 59.7083174]]}, "properties": {"electrified": "contact_line", "frequency": "16.67", "gauge": "1435", "maxspeed": "160", "name": "\u00d8stfoldbanen", "operator": "Bane NOR", "passenger_lines": "2", "railway": "rail", "usage": "main", "voltage": "15000", "length_km": 0.107, "maxspeed_kmh": 160.0}}, {"type": "Feature", "geometry": {"type": "LineString", "coordinates": [[10.832151, 59.7133453], [10.832083, 59.7132528], [10.8320028, 59.7131485]]}, "properties": {"electrified": "contact_line", "frequency": "16.67", "gauge": "1435", "name": "\u00d8stfoldbanen", "operator": "Bane NOR", "passenger_lines": "2", "railway": "rail", "usage": "main", "voltage": "15000", "length_km": 0.023}}, {"type": "Feature", "geometry": {"type": "LineString", "coordinates": [[10.8322328, 59.7133332], [10.8323473, 59.7134926], [10.8324265, 59.7136121], [10.8325026, 59.7137316], [10.8325653, 59.7138391], [10.8326604, 59.7140107], [10.8327469, 59.714184], [10.8328231, 59.7143518], [10.8328907, 59.7145227], [10.8329748, 59.7147744]]}, "properties": {"electrified": "contact_line", "frequency": "16.67", "gauge": "1435", "name": "\u00d8stfoldbanen", "operator": "Bane NOR", "passenger_lines": "2", "railway": "rail", "usage": "main", "voltage": "15000", "length_km": 0.166}}, {"type": "Feature", "geometry": {"type": "LineString", "coordinates": [[11.1166733, 59.2871795], [11.1181871, 59.2860585], [11.1185156, 59.285817], [11.1188679, 59.2855553], [11.1193841, 59.2851708], [11.1202791, 59.2845123], [11.1210278, 59.2839483], [11.1213233, 59.2837308]]}, "properties": {"electrified": "contact_line", "frequency": "16.67", "gauge": "1435", "name": "\u00d8stfoldbanen", "passenger_lines": "2", "railway": "rail", "service": "siding", "voltage": "15000", "length_km": 0.467}}, {"type": "Feature", "geometry": {"type": "LineString", "coordinates": [[11.4760815, 59.1196648], [11.4760197, 59.1195644]]}, "properties": {"bridge": "yes", "electrified": "contact_line", "frequency": "16.67", "gauge": "1435", "maxspeed": "80", "name": "\u00d8stfoldbanen", "operator": "Bane NOR", "passenger_lines": "1", "railway": "rail", "usage": "main", "voltage": "15000", "length_km": 0.012, "maxspeed_kmh": 80.0}}, {"type": "Feature", "geometry": {"type": "LineString", "coordinates": [[11.470798, 59.1056412], [11.4712062, 59.1055267], [11.4715563, 59.1054258], [11.4717994, 59.1053523], [11.4719967, 59.1052888], [11.4721865, 59.1052245], [11.4723621, 59.1051608], [11.4725465, 59.1050915], [11.4727134, 59.105024], [11.4728795, 59.1049542], [11.4730954, 59.1048554], [11.4733051, 59.1047543], [11.4734724, 59.10467], [11.4736385, 59.1045785], [11.4738093, 59.1044801], [11.473959, 59.1043854], [11.4740874, 59.1043034], [11.4742336, 59.1042033], [11.4743321, 59.1041308], [11.4744656, 59.1040292], [11.4745952, 59.1039231], [11.4747281, 59.1038051], [11.4748543, 59.1036827], [11.4750123, 59.1035222], [11.4751232, 59.1033945], [11.4752247, 59.1032676], [11.475314, 59.1031391], [11.4754116, 59.1029849], [11.4754987, 59.1028309], [11.4755665, 59.1026885], [11.4756211, 59.1025569], [11.4756598, 59.1024389], [11.4757028, 59.1022789], [11.4757365, 59.1021241], [11.4757574, 59.1019913], [11.4757647, 59.1018697], [11.475772, 59.1017407], [11.4757682, 59.1015997], [11.4757589, 59.101466], [11.4757454, 59.1013039], [11.475725, 59.1011272], [11.47557, 59.0998263], [11.4755473, 59.0995928], [11.4755374, 59.0994193], [11.4755318, 59.0992312], [11.4755404, 59.0990669], [11.4755497, 59.0989672], [11.4755609, 59.0988603], [11.4755818, 59.0987424], [11.475611, 59.0986135], [11.4756478, 59.0984809], [11.4756889, 59.0983548], [11.4757395, 59.0982161], [11.4758022, 59.0980706], [11.4758704, 59.0979393], [11.4759348, 59.0978225], [11.4760229, 59.0976774], [11.4761181, 59.0975341], [11.4762163, 59.0974007], [11.4763302, 59.0972512], [11.4764644, 59.0970964], [11.4766175, 59.0969382], [11.4767927, 59.096769], [11.476948, 59.0966331], [11.4770891, 59.0965153], [11.4772937, 59.0963554], [11.4775237, 59.0961949], [11.4777805, 59.0960203], [11.478001, 59.0958736], [11.4785024, 59.0955579], [11.4787655, 59.0953935], [11.4789666, 59.095267], [11.4791503, 59.0951434], [11.4793121, 59.0950271], [11.4794701, 59.0949125], [11.4796398, 59.0947735], [11.4797719, 59.094656], [11.4798997, 59.0945325], [11.4800167, 59.0944091], [11.4801346, 59.0942727], [11.4802438, 59.0941254], [11.480333, 59.0939967], [11.4804109, 59.0938579], [11.4804693, 59.0937434], [11.4805256, 59.0936112], [11.4805771, 59.0934721], [11.4806236, 59.0933089], [11.4806471, 59.0931728], [11.4806661, 59.0930582], [11.4806728, 59.0929307], [11.4806723, 59.0927639], [11.4806585, 59.0926358], [11.4806363, 59.0925084], [11.4806026, 59.0923778], [11.4805551, 59.0922244], [11.4805062, 59.0920987], [11.4804382, 59.0919559], [11.480336, 59.0917738], [11.4802237, 59.091613], [11.4801197, 59.091475], [11.4800173, 59.0913578], [11.4798298, 59.0911463], [11.479495, 59.0908004], [11.4789517, 59.0902443], [11.478764, 59.0900494], [11.4786458, 59.08992], [11.4785435, 59.0898012], [11.4784625, 59.0897013], [11.4783737, 59.0895874], [11.4782924, 59.0894731], [11.4782222, 59.0893665], [11.4781584, 59.0892641], [11.4780834, 59.0891416], [11.4780111, 59.0890133], [11.4779483, 59.0888906], [11.4778903, 59.0887676], [11.4778385, 59.0886495], [11.4777855, 59.0885034], [11.4777414, 59.0883602], [11.4777112, 59.0882271], [11.4776843, 59.0880984], [11.4776625, 59.0879648], [11.4776453, 59.0878366], [11.4776302, 59.0876659], [11.4776192, 59.0875064], [11.4776091, 59.0872912]]}, "properties": {"electrified": "contact_line", "frequency": "16.67", "gauge": "1435", "maxspeed": "100", "name": "\u00d8stfoldbanen", "operator": "Bane NOR", "passenger_lines": "1", "railway": "rail", "usage": "main", "voltage": "15000", "length_km": 2.269, "maxspeed_kmh": 100.0}}, {"type": "Feature", "geometry": {"type": "LineString", "coordinates": [[10.9807308, 59.2369815], [10.9809314, 59.2371646]]}, "properties": {"electrified": "contact_line", "frequency": "16.67", "gauge": "1435", "maxspeed": "70", "name": "\u00d8stfoldbanen", "operator": "Bane NOR", "passenger_lines": "1", "railway": "rail", "usage": "main", "voltage": "15000", "length_km": 0.023, "maxspeed_kmh": 70.0}}, {"type": "Feature", "geometry": {"type": "LineString", "coordinates": [[11.0852343, 59.2737517], [11.0865482, 59.2741857], [11.0870527, 59.2743537]]}, "properties": {"electrified": "contact_line", "frequency": "16.67", "gauge": "1435", "maxspeed": "130", "name": "\u00d8stfoldbanen", "operator": "Bane NOR", "passenger_lines": "2", "railway": "rail", "usage": "main", "voltage": "15000", "length_km": 0.124, "maxspeed_kmh": 130.0}}, {"type": "Feature", "geometry": {"type": "LineString", "coordinates": [[10.9786051, 59.2325501], [10.9785574, 59.2329162], [10.9785455, 59.2331608], [10.9785441, 59.2332015], [10.9785436, 59.2332692]]}, "properties": {"electrified": "contact_line", "frequency": "16.67", "gauge": "1435", "maxspeed": "70", "name": "\u00d8stfoldbanen", "operator": "Bane NOR", "passenger_lines": "1", "railway": "rail", "usage": "main", "voltage": "15000", "length_km": 0.08, "maxspeed_kmh": 70.0}}, {"type": "Feature", "geometry": {"type": "LineString", "coordinates": [[11.0911789, 59.2779751], [11.0912143, 59.2781982], [11.0912649, 59.2786753], [11.0913412, 59.2795375], [11.0913952, 59.2805303]]}, "properties": {"electrified": "contact_line", "frequency": "16.67", "gauge": "1435", "maxspeed": "120", "name": "\u00d8stfoldbanen", "operator": "Bane NOR", "passenger_lines": "2", "railway": "rail", "usage": "main", "voltage": "15000", "length_km": 0.285, "maxspeed_kmh": 120.0}}, {"type": "Feature", "geometry": {"type": "LineString", "coordinates": [[10.8370765, 59.7247666], [10.8372055, 59.7249684], [10.8372758, 59.7250872], [10.837352, 59.7252261], [10.8374801, 59.7254763], [10.8375512, 59.7256088], [10.8376031, 59.7257093], [10.8377035, 59.7258777]]}, "properties": {"electrified": "contact_line", "frequency": "16.67", "gauge": "1435", "name": "\u00d8stfoldbanen", "operator": "Bane NOR", "railway": "rail", "usage": "branch", "voltage": "15000", "length_km": 0.129}}, {"type": "Feature", "geometry": {"type": "LineString", "coordinates": [[10.6656298, 59.4401861], [10.66553, 59.4401221], [10.6655219, 59.4401169]]}, "properties": {"bridge": "yes", "electrified": "contact_line", "frequency": "16.67", "gauge": "1435", "maxspeed": "60", "name": "\u00d8stfoldbanen", "operator": "Bane NOR", "passenger_lines": "1", "railway": "rail", "usage": "main", "voltage": "15000", "length_km": 0.01, "maxspeed_kmh": 60.0}}, {"type": "Feature", "geometry": {"type": "LineString", "coordinates": [[10.6655219, 59.4401169], [10.6654123, 59.4400499], [10.6651427, 59.4399003], [10.6648632, 59.4397524], [10.6642329, 59.4394373], [10.6634949, 59.4390816]]}, "properties": {"electrified": "contact_line", "frequency": "16.67", "gauge": "1435", "maxspeed": "60", "name": "\u00d8stfoldbanen", "operator": "Bane NOR", "passenger_lines": "1", "railway": "rail", "usage": "main", "voltage": "15000", "length_km": 0.163, "maxspeed_kmh": 60.0}}, {"type": "Feature", "geometry": {"type": "LineString", "coordinates": [[11.666835, 58.9376916], [11.6670088, 58.9376245], [11.6672413, 58.9375315], [11.6674119, 58.9374585], [11.6676128, 58.9373714]]}, "properties": {"electrified": "contact_line", "frequency": "16.67", "gauge": "1435", "maxspeed": "65", "name": "\u00d8stfoldbanen", "operator": "Bane NOR", "passenger_lines": "1", "railway": "rail", "tracks": "1", "usage": "main", "voltage": "15000", "length_km": 0.057, "maxspeed_kmh": 65.0}}, {"type": "Feature", "geometry": {"type": "LineString", "coordinates": [[11.6337276, 58.9411382], [11.6376489, 58.9415747], [11.6428128, 58.9421495], [11.6477407, 58.9426953]]}, "properties": {"electrified": "contact_line", "frequency": "16.67", "gauge": "1435", "maxspeed": "100", "name": "\u00d8stfoldbanen", "operator": "Bane NOR", "passenger_lines": "1", "railway": "rail", "usage": "main", "voltage": "15000", "length_km": 0.825, "maxspeed_kmh": 100.0}}, {"type": "Feature", "geometry": {"type": "LineString", "coordinates": [[11.625439, 58.9415807], [11.6259471, 58.9414471], [11.626248, 58.9413693], [11.6264915, 58.9413076], [11.6267275, 58.9412497], [11.627025, 58.9411828], [11.6272875, 58.9411288], [11.627528, 58.9410815], [11.627791, 58.9410366], [11.6280447, 58.9409995], [11.6283035, 58.9409648], [11.6285325, 58.9409378], [11.6287103, 58.9409196], [11.6289142, 58.940901], [11.6291229, 58.9408848], [11.6293824, 58.940869], [11.6296789, 58.9408557], [11.6299383, 58.9408503], [11.630222, 58.9408486], [11.6304468, 58.9408507], [11.6306039, 58.9408553], [11.6308, 58.9408613], [11.63098, 58.9408696], [11.6311817, 58.9408819], [11.6313674, 58.9408954], [11.6315418, 58.9409096], [11.6317526, 58.9409272], [11.6319876, 58.9409478], [11.6323514, 58.9409861], [11.6336127, 58.9411261]]}, "properties": {"electrified": "contact_line", "frequency": "16.67", "gauge": "1435", "maxspeed": "100", "name": "\u00d8stfoldbanen", "operator": "Bane NOR", "passenger_lines": "1", "railway": "rail", "usage": "main", "voltage": "15000", "length_km": 0.489, "maxspeed_kmh": 100.0}}, {"type": "Feature", "geometry": {"type": "LineString", "coordinates": [[11.599882, 58.9505511], [11.6003726, 58.950391]]}, "properties": {"electrified": "contact_line", "frequency": "16.67", "gauge": "1435", "maxspeed": "80", "name": "\u00d8stfoldbanen", "operator": "Bane NOR", "passenger_lines": "1", "railway": "rail", "usage": "main", "voltage": "15000", "length_km": 0.033, "maxspeed_kmh": 80.0}}, {"type": "Feature", "geometry": {"type": "LineString", "coordinates": [[11.5371188, 58.9909832], [11.5378772, 58.9907822], [11.5390096, 58.9904814], [11.5397192, 58.9902919]]}, "properties": {"electrified": "contact_line", "frequency": "16.67", "gauge": "1435", "maxspeed": "100", "name": "\u00d8stfoldbanen", "operator": "Bane NOR", "passenger_lines": "1", "railway": "rail", "usage": "main", "voltage": "15000", "length_km": 0.168, "maxspeed_kmh": 100.0}}, {"type": "Feature", "geometry": {"type": "LineString", "coordinates": [[11.5295358, 59.001614], [11.5296012, 59.0015142], [11.5297356, 59.0013143], [11.5298314, 59.0011773], [11.5299518, 59.0010205], [11.5301039, 59.0008433], [11.5303167, 59.000628], [11.530506, 59.0004571], [11.5308729, 59.0001456], [11.5310886, 58.9999588], [11.53126, 58.9998053], [11.5313983, 58.9996657], [11.5315431, 58.999499], [11.5316668, 58.9993228], [11.5317579, 58.9991753], [11.5318352, 58.9990113], [11.5318818, 58.9988802], [11.5319191, 58.9987025], [11.5319391, 58.9985131], [11.5319387, 58.9983539], [11.5319214, 58.998205], [11.5318859, 58.9980625], [11.5318272, 58.9978945], [11.5317427, 58.9977106], [11.5316346, 58.9975313], [11.5314331, 58.997246], [11.5310849, 58.9967739], [11.5309678, 58.9966158], [11.5308621, 58.9964541], [11.5307813, 58.9963069], [11.5307288, 58.9961982], [11.530674, 58.9960588], [11.5306433, 58.9959429], [11.5306145, 58.9958122], [11.5306026, 58.9956894], [11.5305999, 58.9955668], [11.5306105, 58.9954395], [11.5306262, 58.9953304], [11.5306499, 58.9952275], [11.530692, 58.9950988], [11.5307432, 58.9949708], [11.5307958, 58.9948501], [11.5308514, 58.9947298]]}, "properties": {"electrified": "contact_line", "frequency": "16.67", "gauge": "1435", "maxspeed": "80", "name": "\u00d8stfoldbanen", "operator": "Bane NOR", "passenger_lines": "1", "railway": "rail", "usage": "main", "voltage": "15000", "length_km": 0.81, "maxspeed_kmh": 80.0}}, {"type": "Feature", "geometry": {"type": "LineString", "coordinates": [[11.4988824, 59.0502995], [11.499267, 59.0499604], [11.5012257, 59.04818], [11.5015374, 59.0478968], [11.501873, 59.0475874], [11.502162, 59.0473123], [11.5024435, 59.0470286], [11.5026879, 59.0467677], [11.5029047, 59.0465254], [11.5030835, 59.0463184], [11.5032903, 59.0460616], [11.5035508, 59.0457178], [11.5037654, 59.0454102], [11.5039784, 59.0450842], [11.5041266, 59.0448355], [11.504326, 59.0444754], [11.5044521, 59.0442358], [11.5046323, 59.0438749], [11.5048193, 59.043494], [11.5051845, 59.042753], [11.5052152, 59.0426906], [11.5074417, 59.038161], [11.5077384, 59.0375594], [11.5080239, 59.0369891], [11.50814, 59.036773], [11.5083513, 59.0364064], [11.5085754, 59.0360486], [11.5087809, 59.0357476], [11.5090079, 59.0354385], [11.5092434, 59.0351328], [11.5094698, 59.0348494], [11.5097739, 59.0344725], [11.5110717, 59.03287], [11.5113978, 59.0324603], [11.5115795, 59.0322219], [11.5117677, 59.031966], [11.5120122, 59.0316033], [11.5121366, 59.0314084], [11.5123107, 59.0311258], [11.5133647, 59.0293685], [11.5144192, 59.027608], [11.5148057, 59.026959], [11.5149365, 59.0267246], [11.5150462, 59.0265159], [11.5151627, 59.0262629], [11.5152682, 59.025976], [11.5153738, 59.025612], [11.5154188, 59.0253599], [11.5154466, 59.0251431], [11.5154602, 59.024809], [11.5154479, 59.0245183], [11.5154084, 59.0242186], [11.5153491, 59.023922], [11.5152796, 59.0236603], [11.5151952, 59.0233856], [11.5151028, 59.0231014]]}, "properties": {"electrified": "contact_line", "frequency": "16.67", "gauge": "1435", "maxspeed": "115", "name": "\u00d8stfoldbanen", "operator": "Bane NOR", "passenger_lines": "1", "railway": "rail", "usage": "main", "voltage": "15000", "length_km": 3.203, "maxspeed_kmh": 115.0}}, {"type": "Feature", "geometry": {"type": "LineString", "coordinates": [[11.4771474, 59.0637693], [11.4791541, 59.0621606], [11.4799422, 59.0615276], [11.4811095, 59.0605927], [11.48161, 59.0601866], [11.4821295, 59.0597742]]}, "properties": {"electrified": "contact_line", "frequency": "16.67", "gauge": "1435", "maxspeed": "115", "name": "\u00d8stfoldbanen", "operator": "Bane NOR", "passenger_lines": "1", "railway": "rail", "usage": "main", "voltage": "15000", "length_km": 0.529, "maxspeed_kmh": 115.0}}, {"type": "Feature", "geometry": {"type": "LineString", "coordinates": [[11.475608, 59.0679771], [11.4756278, 59.0679091], [11.4756779, 59.0677192], [11.4757255, 59.067524], [11.47577, 59.0673333], [11.475805, 59.0671493], [11.4758423, 59.0669246], [11.4758746, 59.0666943]]}, "properties": {"electrified": "contact_line", "frequency": "16.67", "gauge": "1435", "maxspeed": "80", "name": "\u00d8stfoldbanen", "operator": "Bane NOR", "passenger_lines": "1", "railway": "rail", "usage": "main", "voltage": "15000", "length_km": 0.144, "maxspeed_kmh": 80.0}}, {"type": "Feature", "geometry": {"type": "LineString", "coordinates": [[11.4776091, 59.0872912], [11.4775367, 59.0859242], [11.4774651, 59.0845628], [11.4774518, 59.0842485], [11.4774382, 59.083951], [11.4774197, 59.0837154], [11.4773998, 59.0835493], [11.477384, 59.0834145], [11.4773669, 59.0833181], [11.4773439, 59.0831977], [11.4773148, 59.0830623], [11.4772761, 59.082904], [11.4772198, 59.0827288], [11.477157, 59.0825641], [11.4770875, 59.0824146], [11.476995, 59.082235], [11.4768716, 59.0820125], [11.4767224, 59.0817814], [11.4765756, 59.0815778], [11.4763829, 59.0813425], [11.4761747, 59.0811138], [11.4759366, 59.0808687], [11.4757051, 59.0806581], [11.4754837, 59.0804646], [11.4749054, 59.0799711], [11.4746773, 59.0797754], [11.4745509, 59.0796577], [11.4744169, 59.0795344], [11.4743031, 59.0794201], [11.4741619, 59.0792776], [11.4740356, 59.0791425], [11.4739084, 59.0789945], [11.4738044, 59.0788665], [11.4737137, 59.0787465], [11.4736093, 59.0786053], [11.4735155, 59.0784705], [11.4733917, 59.0782752], [11.473272, 59.0780707], [11.4731729, 59.0778758], [11.4730885, 59.0776901], [11.4730011, 59.0774757], [11.4729336, 59.0772652], [11.4728728, 59.0770563], [11.4728331, 59.0768865], [11.4727984, 59.0767032], [11.4727797, 59.0765451], [11.4727644, 59.0763741], [11.4727572, 59.0761639], [11.4727565, 59.075996], [11.4727636, 59.0758312], [11.4727837, 59.0756811], [11.4728054, 59.0755109], [11.4728334, 59.0753759], [11.4728602, 59.0752463], [11.4728956, 59.0751208], [11.4729518, 59.074961], [11.4730098, 59.0747917], [11.4730589, 59.0746569], [11.4731342, 59.0744567], [11.4731914, 59.0743101], [11.4738217, 59.0726725], [11.4742263, 59.0716063], [11.474694, 59.0703937], [11.474849, 59.0699296], [11.475395, 59.0685673], [11.4755286, 59.0682217], [11.475608, 59.0679771]]}, "properties": {"electrified": "contact_line", "frequency": "16.67", "gauge": "1435", "maxspeed": "120", "name": "\u00d8stfoldbanen", "operator": "Bane NOR", "passenger_lines": "1", "railway": "rail", "usage": "main", "voltage": "15000", "length_km": 2.221, "maxspeed_kmh": 120.0}}, {"type": "Feature", "geometry": {"type": "LineString", "coordinates": [[11.4760197, 59.1195644], [11.4759399, 59.1194382], [11.4758576, 59.1193155], [11.4757623, 59.1192024], [11.47563, 59.1190724], [11.4755116, 59.1189676], [11.4754191, 59.1188968], [11.4752883, 59.1187985], [11.4751195, 59.1186885], [11.4749261, 59.1185678], [11.4743421, 59.1182311], [11.4741164, 59.1180977], [11.4739534, 59.1179897], [11.473832, 59.1179041], [11.4737239, 59.1178194], [11.4735836, 59.1177007], [11.4734452, 59.1175605], [11.473339, 59.1174457], [11.4732594, 59.1173415], [11.4731816, 59.1172325], [11.4730982, 59.1170968], [11.4730406, 59.1169956], [11.4729863, 59.1168851], [11.4727958, 59.1164902], [11.4727139, 59.1163231], [11.472624, 59.1161497], [11.4725288, 59.1159756], [11.4724296, 59.115809], [11.4723264, 59.115639], [11.4722029, 59.115468], [11.472095, 59.1153115], [11.471979, 59.1151518], [11.4718483, 59.1149793], [11.4717029, 59.114798], [11.4714943, 59.1145489], [11.4713422, 59.1143733], [11.4708931, 59.113904], [11.4706799, 59.1136803], [11.4704935, 59.1134793], [11.4703447, 59.1133038], [11.4702075, 59.1131245], [11.470089, 59.1129656], [11.4699791, 59.1127952], [11.4698913, 59.1126381], [11.4697963, 59.1124467], [11.4697126, 59.1122605], [11.4695863, 59.1119661], [11.4695331, 59.1118385], [11.4694573, 59.1116687], [11.4693846, 59.1115141], [11.4693018, 59.1113642], [11.4692086, 59.1112092], [11.4691083, 59.1110659], [11.4689706, 59.1109026], [11.4688468, 59.1107701], [11.4686842, 59.1106164], [11.468481, 59.1104352], [11.4683146, 59.110294], [11.4681457, 59.1101555], [11.4679607, 59.1100025], [11.4678185, 59.109881], [11.4676807, 59.1097537], [11.4675788, 59.1096514], [11.467485, 59.1095445], [11.467397, 59.1094338], [11.4673134, 59.1093187], [11.4672474, 59.1092065], [11.4671954, 59.109097], [11.4671543, 59.1089984], [11.4671151, 59.1088851], [11.4670828, 59.1087594], [11.4670639, 59.1086442], [11.4670551, 59.1085321], [11.4670544, 59.1084056], [11.4670618, 59.1082993], [11.4670792, 59.1081708], [11.4671054, 59.1080651], [11.4671435, 59.1079388], [11.467191, 59.1078206], [11.4672359, 59.1077269], [11.4672924, 59.1076256], [11.4673913, 59.1074642], [11.467473, 59.1073481], [11.4675766, 59.107223], [11.4677228, 59.1070734], [11.4678251, 59.1069766], [11.4679564, 59.1068632], [11.468101, 59.1067531], [11.4682658, 59.1066354], [11.4684379, 59.1065285], [11.4686307, 59.1064177], [11.4687968, 59.1063291], [11.4689971, 59.1062353], [11.4691838, 59.1061534], [11.4693812, 59.1060751], [11.469575, 59.1060048], [11.4697749, 59.1059369], [11.4700078, 59.105865], [11.4703778, 59.1057576], [11.470798, 59.1056412]]}, "properties": {"electrified": "contact_line", "frequency": "16.67", "gauge": "1435", "maxspeed": "80", "name": "\u00d8stfoldbanen", "operator": "Bane NOR", "passenger_lines": "1", "railway": "rail", "usage": "main", "voltage": "15000", "length_km": 1.758, "maxspeed_kmh": 80.0}}, {"type": "Feature", "geometry": {"type": "LineString", "coordinates": [[11.4642384, 59.1258234], [11.4671114, 59.1249112], [11.4701475, 59.1239462], [11.4709483, 59.1236924], [11.4724411, 59.1232191], [11.4726831, 59.1231428], [11.4726913, 59.1231402], [11.4730296, 59.1230329], [11.473555, 59.1228635], [11.4738738, 59.1227546], [11.4741638, 59.1226484], [11.4743765, 59.1225612], [11.4745698, 59.122474], [11.4747567, 59.1223848], [11.474946, 59.1222778], [11.4751203, 59.1221707], [11.475232, 59.1220966], [11.4753634, 59.1220035], [11.4755095, 59.1218874], [11.4756279, 59.1217883], [11.4757668, 59.1216628], [11.4758949, 59.1215328]]}, "properties": {"electrified": "contact_line", "frequency": "16.67", "gauge": "1435", "maxspeed": "80", "name": "\u00d8stfoldbanen", "operator": "Bane NOR", "passenger_lines": "1", "railway": "rail", "usage": "main", "voltage": "15000", "length_km": 0.83, "maxspeed_kmh": 80.0}}, {"type": "Feature", "geometry": {"type": "LineString", "coordinates": [[10.6933625, 59.4790123], [10.6931316, 59.4787522]]}, "properties": {"electrified": "contact_line", "frequency": "16.67", "gauge": "1435", "name": "\u00d8stfoldbanen", "operator": "Bane NOR", "passenger_lines": "2", "railway": "rail", "usage": "main", "voltage": "15000", "length_km": 0.032}}, {"type": "Feature", "geometry": {"type": "LineString", "coordinates": [[10.6915143, 59.4769337], [10.6913326, 59.4767415]]}, "properties": {"electrified": "contact_line", "frequency": "16.67", "gauge": "1435", "name": "\u00d8stfoldbanen", "operator": "Bane NOR", "passenger_lines": "2", "railway": "rail", "usage": "main", "voltage": "15000", "length_km": 0.024}}, {"type": "Feature", "geometry": {"type": "LineString", "coordinates": [[10.7457207, 59.3789547], [10.7483286, 59.3776471], [10.748528, 59.3775475]]}, "properties": {"electrified": "contact_line", "frequency": "16.67", "gauge": "1435", "maxspeed": "130", "name": "\u00d8stfoldbanen", "operator": "Bane NOR", "passenger_lines": "2", "railway": "rail", "usage": "main", "voltage": "15000", "length_km": 0.224, "maxspeed_kmh": 130.0}}, {"type": "Feature", "geometry": {"type": "LineString", "coordinates": [[10.7485921, 59.3775829], [10.7483986, 59.3776814], [10.7457862, 59.3789905]]}, "properties": {"electrified": "contact_line", "frequency": "16.67", "gauge": "1435", "maxspeed": "130", "name": "\u00d8stfoldbanen", "operator": "Bane NOR", "passenger_lines": "2", "railway": "rail", "usage": "main", "voltage": "15000", "length_km": 0.224, "maxspeed_kmh": 130.0}}, {"type": "Feature", "geometry": {"type": "LineString", "coordinates": [[10.7392688, 59.3821878], [10.7428144, 59.3804111], [10.7457207, 59.3789547]]}, "properties": {"electrified": "contact_line", "frequency": "16.67", "gauge": "1435", "maxspeed": "130", "name": "\u00d8stfoldbanen", "passenger_lines": "2", "railway": "rail", "usage": "main", "voltage": "15000", "length_km": 0.514, "maxspeed_kmh": 130.0}}, {"type": "Feature", "geometry": {"type": "LineString", "coordinates": [[10.7457862, 59.3789905], [10.73933, 59.3822244]]}, "properties": {"electrified": "contact_line", "frequency": "16.67", "gauge": "1435", "maxspeed": "130", "name": "\u00d8stfoldbanen", "operator": "Bane NOR", "passenger_lines": "2", "railway": "rail", "usage": "main", "voltage": "15000", "length_km": 0.514, "maxspeed_kmh": 130.0}}, {"type": "Feature", "geometry": {"type": "LineString", "coordinates": [[10.9532944, 59.2089355], [10.9536851, 59.2089836], [10.953843, 59.209004], [10.9539804, 59.2090265], [10.9541077, 59.209051], [10.9544337, 59.2091157], [10.9546386, 59.2091643], [10.9548586, 59.2092206]]}, "properties": {"electrified": "contact_line", "frequency": "16.67", "gauge": "1435", "maxspeed": "40", "name": "\u00d8stfoldbanen", "passenger_lines": "2", "railway": "rail", "service": "siding", "voltage": "15000", "length_km": 0.095, "maxspeed_kmh": 40.0}}, {"type": "Feature", "geometry": {"type": "LineString", "coordinates": [[10.7939389, 59.6643532], [10.7941619, 59.6639265], [10.7945204, 59.6632617], [10.794967, 59.6624454], [10.7952653, 59.6619011]]}, "properties": {"electrified": "contact_line", "frequency": "16.67", "gauge": "1435", "maxspeed": "130", "name": "\u00d8stfoldbanen", "operator": "Bane NOR", "passenger_lines": "2", "railway": "rail", "usage": "main", "voltage": "15000", "length_km": 0.283, "maxspeed_kmh": 130.0}}, {"type": "Feature", "geometry": {"type": "LineString", "coordinates": [[10.7952653, 59.6619011], [10.7957254, 59.6610503], [10.795908, 59.660712], [10.7963721, 59.6598667], [10.7964056, 59.6598041]]}, "properties": {"electrified": "contact_line", "frequency": "16.67", "gauge": "1435", "maxspeed": "130", "name": "\u00d8stfoldbanen", "operator": "Bane NOR", "passenger_lines": "2", "railway": "rail", "usage": "main", "voltage": "15000", "length_km": 0.242, "maxspeed_kmh": 130.0}}, {"type": "Feature", "geometry": {"type": "LineString", "coordinates": [[10.7953507, 59.6619128], [10.7950508, 59.6624584], [10.7946087, 59.6632736], [10.7942466, 59.6639387], [10.7940265, 59.6643652]]}, "properties": {"electrified": "contact_line", "frequency": "16.67", "gauge": "1435", "maxspeed": "130", "name": "\u00d8stfoldbanen", "operator": "Bane NOR", "passenger_lines": "2", "railway": "rail", "usage": "main", "voltage": "15000", "length_km": 0.283, "maxspeed_kmh": 130.0}}, {"type": "Feature", "geometry": {"type": "LineString", "coordinates": [[10.796487, 59.6598232], [10.7964593, 59.6598761], [10.7959977, 59.660724], [10.7958128, 59.6610618], [10.7953541, 59.6619063], [10.7953507, 59.6619128]]}, "properties": {"electrified": "contact_line", "frequency": "16.67", "gauge": "1435", "maxspeed": "130", "name": "\u00d8stfoldbanen", "operator": "Bane NOR", "passenger_lines": "2", "railway": "rail", "usage": "main", "voltage": "15000", "length_km": 0.242, "maxspeed_kmh": 130.0}}, {"type": "Feature", "geometry": {"type": "LineString", "coordinates": [[10.750136, 59.6045148], [10.7520962, 59.6054622], [10.7544742, 59.606614], [10.7557026, 59.607208], [10.7557425, 59.6072263], [10.7563396, 59.6075135]]}, "properties": {"electrified": "contact_line", "frequency": "16.67", "gauge": "1435", "maxspeed": "130", "name": "\u00d8stfoldbanen", "operator": "Bane NOR", "passenger_lines": "2", "railway": "rail", "usage": "main", "voltage": "15000", "length_km": 0.484, "maxspeed_kmh": 130.0}}, {"type": "Feature", "geometry": {"type": "LineString", "coordinates": [[10.7472231, 59.6031077], [10.7484117, 59.6036831], [10.750136, 59.6045148]]}, "properties": {"electrified": "contact_line", "frequency": "16.67", "gauge": "1435", "maxspeed": "130", "name": "\u00d8stfoldbanen", "operator": "Bane NOR", "passenger_lines": "2", "railway": "rail", "usage": "main", "voltage": "15000", "length_km": 0.227, "maxspeed_kmh": 130.0}}, {"type": "Feature", "geometry": {"type": "LineString", "coordinates": [[10.7500828, 59.6045471], [10.7483567, 59.6037133], [10.7471691, 59.6031391]]}, "properties": {"electrified": "contact_line", "frequency": "16.67", "gauge": "1435", "maxspeed": "130", "name": "\u00d8stfoldbanen", "operator": "Bane NOR", "passenger_lines": "2", "railway": "rail", "usage": "main", "voltage": "15000", "length_km": 0.227, "maxspeed_kmh": 130.0}}, {"type": "Feature", "geometry": {"type": "LineString", "coordinates": [[10.7569629, 59.6078739], [10.7569053, 59.607849], [10.7557229, 59.6072755], [10.7544186, 59.6066453], [10.7520362, 59.6054921], [10.7500828, 59.6045471]]}, "properties": {"electrified": "contact_line", "frequency": "16.67", "gauge": "1435", "maxspeed": "130", "name": "\u00d8stfoldbanen", "operator": "Bane NOR", "passenger_lines": "2", "railway": "rail", "usage": "main", "voltage": "15000", "length_km": 0.537, "maxspeed_kmh": 130.0}}, {"type": "Feature", "geometry": {"type": "LineString", "coordinates": [[11.3870449, 59.1208814], [11.3874596, 59.1209162]]}, "properties": {"electrified": "contact_line", "frequency": "16.67", "gauge": "1435", "maxspeed": "45", "name": "\u00d8stfoldbanen", "operator": "Bane NOR", "passenger_lines": "1", "railway": "rail", "usage": "main", "voltage": "15000", "length_km": 0.024, "maxspeed_kmh": 45.0}}, {"type": "Feature", "geometry": {"type": "LineString", "coordinates": [[11.0507395, 59.2655711], [11.0513566, 59.2657834]]}, "properties": {"electrified": "contact_line", "frequency": "16.67", "gauge": "1435", "maxspeed": "105", "name": "\u00d8stfoldbanen", "operator": "Bane NOR", "passenger_lines": "1", "railway": "rail", "usage": "main", "voltage": "15000", "length_km": 0.042, "maxspeed_kmh": 105.0}}, {"type": "Feature", "geometry": {"type": "LineString", "coordinates": [[11.14203, 59.2707825], [11.1426044, 59.2700034], [11.1428468, 59.2696377], [11.1429736, 59.269435]]}, "properties": {"electrified": "contact_line", "frequency": "16.67", "gauge": "1435", "maxspeed": "125", "name": "\u00d8stfoldbanen", "operator": "Bane NOR", "passenger_lines": "1", "railway": "rail", "ref": "SBO", "usage": "main", "voltage": "15000", "length_km": 0.16, "maxspeed_kmh": 125.0}}, {"type": "Feature", "geometry": {"type": "LineString", "coordinates": [[11.1654338, 59.2411287], [11.1669251, 59.2399284], [11.1686514, 59.2385428]]}, "properties": {"electrified": "contact_line", "frequency": "16.67", "gauge": "1435", "maxspeed": "130", "name": "\u00d8stfoldbanen", "operator": "Bane NOR", "passenger_lines": "1", "railway": "rail", "ref": "BJS", "usage": "main", "voltage": "15000", "length_km": 0.342, "maxspeed_kmh": 130.0}}, {"type": "Feature", "geometry": {"type": "LineString", "coordinates": [[11.1175244, 59.2866372], [11.1176329, 59.2865594]]}, "properties": {"electrified": "contact_line", "frequency": "16.67", "gauge": "1435", "maxspeed": "40", "name": "\u00d8stfoldbanen", "operator": "Bane NOR", "passenger_lines": "2", "railway": "rail", "usage": "main", "voltage": "15000", "length_km": 0.011, "maxspeed_kmh": 40.0}}, {"type": "Feature", "geometry": {"type": "LineString", "coordinates": [[10.661561, 59.4379988], [10.6605525, 59.4372938], [10.6602649, 59.4370927], [10.660074, 59.4369564], [10.6598217, 59.4368058]]}, "properties": {"electrified": "contact_line", "frequency": "16.67", "gauge": "1435", "maxspeed": "60", "name": "\u00d8stfoldbanen", "operator": "Bane NOR", "passenger_lines": "1", "railway": "rail", "usage": "main", "voltage": "15000", "length_km": 0.166, "maxspeed_kmh": 60.0}}, {"type": "Feature", "geometry": {"type": "LineString", "coordinates": [[10.6621588, 59.4384045], [10.6620226, 59.4383193], [10.6618701, 59.4382161], [10.661561, 59.4379988]]}, "properties": {"bridge": "yes", "electrified": "contact_line", "frequency": "16.67", "gauge": "1435", "maxspeed": "60", "name": "\u00d8stfoldbanen", "operator": "Bane NOR", "passenger_lines": "1", "railway": "rail", "usage": "main", "voltage": "15000", "length_km": 0.057, "maxspeed_kmh": 60.0}}, {"type": "Feature", "geometry": {"type": "LineString", "coordinates": [[10.6580816, 59.4312871], [10.6579818, 59.431366], [10.6577993, 59.4314962], [10.657003, 59.4320347], [10.6560851, 59.4326554], [10.6558931, 59.4327945], [10.6557597, 59.4328977], [10.6556451, 59.4329999], [10.6555554, 59.4330899], [10.6554809, 59.4331795], [10.6554098, 59.433277], [10.6553689, 59.4333413], [10.6553395, 59.4333956], [10.6552957, 59.4334956], [10.6552665, 59.4335782], [10.6552414, 59.4336711], [10.6552222, 59.4337633], [10.655217, 59.4338085], [10.6552093, 59.4338829], [10.6552102, 59.4339481], [10.6552118, 59.4339883], [10.6552164, 59.4340282], [10.6552223, 59.4340963], [10.6552308, 59.4341601], [10.6552497, 59.4342297], [10.6552721, 59.4343076], [10.6553085, 59.4344096]]}, "properties": {"electrified": "contact_line", "frequency": "16.67", "gauge": "1435", "maxspeed": "50", "name": "\u00d8stfoldbanen", "operator": "Bane NOR", "passenger_lines": "3", "railway": "rail", "usage": "main", "voltage": "15000", "length_km": 0.397, "maxspeed_kmh": 50.0}}, {"type": "Feature", "geometry": {"type": "LineString", "coordinates": [[10.6580816, 59.4312871], [10.6581489, 59.4312272], [10.6582363, 59.4311398], [10.6583303, 59.431038], [10.6584029, 59.4309294], [10.6584761, 59.4308004], [10.6585251, 59.4306739], [10.6585588, 59.4305479], [10.658566, 59.4304739], [10.6585916, 59.4296778], [10.6586843, 59.4262816], [10.658748, 59.4240827], [10.6587491, 59.423922], [10.6587461, 59.4237878], [10.6587303, 59.4236522], [10.6586991, 59.4235166], [10.6586507, 59.4233835], [10.6586073, 59.4232823], [10.6585468, 59.4231754], [10.6584924, 59.4230922]]}, "properties": {"electrified": "contact_line", "frequency": "16.67", "gauge": "1435", "maxspeed": "50", "name": "\u00d8stfoldbanen", "operator": "Bane NOR", "passenger_lines": "3", "railway": "rail", "usage": "main", "voltage": "15000", "length_km": 0.92, "maxspeed_kmh": 50.0}}, {"type": "Feature", "geometry": {"type": "LineString", "coordinates": [[10.6580712, 59.4312054], [10.6581558, 59.431118], [10.6582391, 59.4310221], [10.658313, 59.4309172], [10.6583838, 59.4307907], [10.6584297, 59.4306731], [10.6584643, 59.4305445], [10.6584742, 59.4304723], [10.6584792, 59.4303407], [10.6584976, 59.4297482], [10.6584999, 59.4294927], [10.6585339, 59.4286359], [10.6585421, 59.4284167], [10.6585421, 59.4282008], [10.6585911, 59.4262783], [10.6586326, 59.4247807], [10.6586485, 59.424261], [10.6586574, 59.4240504]]}, "properties": {"electrified": "contact_line", "frequency": "16.67", "gauge": "1435", "maxspeed": "40", "name": "\u00d8stfoldbanen", "passenger_lines": "3", "railway": "rail", "service": "siding", "voltage": "15000", "length_km": 0.801, "maxspeed_kmh": 40.0}}, {"type": "Feature", "geometry": {"type": "LineString", "coordinates": [[10.6578715, 59.4311998], [10.6579964, 59.4310717], [10.65807, 59.4309837], [10.6581458, 59.4308743], [10.6581967, 59.4307788], [10.6582423, 59.4306697], [10.6582772, 59.4305629], [10.6583528, 59.4302276], [10.6584438, 59.4298551]]}, "properties": {"electrified": "contact_line", "frequency": "16.67", "gauge": "1435", "maxspeed": "40", "name": "\u00d8stfoldbanen", "passenger_lines": "3", "railway": "rail", "service": "siding", "voltage": "15000", "length_km": 0.154, "maxspeed_kmh": 40.0}}, {"type": "Feature", "geometry": {"type": "LineString", "coordinates": [[11.1705521, 59.2370121], [11.1706305, 59.2369474]]}, "properties": {"bridge": "yes", "electrified": "contact_line", "frequency": "16.67", "gauge": "1435", "maxspeed": "130", "name": "\u00d8stfoldbanen", "operator": "Bane NOR", "passenger_lines": "1", "railway": "rail", "ref": "SKJ", "usage": "main", "voltage": "15000", "length_km": 0.008, "maxspeed_kmh": 130.0}}, {"type": "Feature", "geometry": {"type": "LineString", "coordinates": [[11.1706305, 59.2369474], [11.1709309, 59.2367073], [11.1715378, 59.2362174], [11.1738114, 59.2343888], [11.1771273, 59.2317168], [11.1804464, 59.2290481], [11.1811791, 59.2284579], [11.1827287, 59.2272119], [11.1838577, 59.2263041], [11.1844333, 59.2258356], [11.1847489, 59.2255687], [11.1851023, 59.2252534], [11.1854025, 59.2249661], [11.1856564, 59.224708], [11.1858309, 59.2245202], [11.1859973, 59.2243304], [11.186232, 59.2240462], [11.1864443, 59.2237706], [11.1866564, 59.2234689], [11.1867653, 59.2233056], [11.1868687, 59.2231411], [11.1870232, 59.2228766], [11.1871294, 59.2226777], [11.187249, 59.2224404], [11.187366, 59.2221808], [11.1874852, 59.2218851], [11.1875634, 59.2216615], [11.1876288, 59.2214523], [11.1876985, 59.2211967], [11.1877611, 59.2209369]]}, "properties": {"electrified": "contact_line", "frequency": "16.67", "gauge": "1435", "maxspeed": "130", "name": "\u00d8stfoldbanen", "operator": "Bane NOR", "passenger_lines": "1", "railway": "rail", "ref": "SKJ", "usage": "main", "voltage": "15000", "length_km": 2.051, "maxspeed_kmh": 130.0}}, {"type": "Feature", "geometry": {"type": "LineString", "coordinates": [[10.8411029, 59.7302117], [10.8411557, 59.7303133], [10.8412019, 59.7304149], [10.8412406, 59.7305055], [10.8412902, 59.7306278], [10.8413358, 59.7307549], [10.8413752, 59.7308795], [10.8414211, 59.731044], [10.841454, 59.7311997], [10.8414846, 59.7313657], [10.8415086, 59.7315378], [10.8415241, 59.7317394], [10.8415276, 59.7319405], [10.8415223, 59.7321005], [10.841507, 59.7322842], [10.8414791, 59.7324555], [10.8414483, 59.7326233], [10.841414, 59.7327633], [10.8413778, 59.7328929], [10.8413323, 59.7330339], [10.8412803, 59.7331858], [10.8412088, 59.7333662], [10.8411413, 59.7335279], [10.8410646, 59.7336932], [10.8408977, 59.7340723], [10.8404577, 59.7350526], [10.840255, 59.7355049], [10.8400333, 59.7359944], [10.8399073, 59.7362754], [10.8394563, 59.7372792], [10.8392673, 59.7377031], [10.8391506, 59.7379655], [10.8390404, 59.7382285], [10.838947, 59.7384683], [10.8388669, 59.7387088], [10.8387947, 59.7389484], [10.8387341, 59.7391897], [10.8386749, 59.7394531], [10.8386391, 59.7396721], [10.8386173, 59.7398595], [10.8385969, 59.7400579], [10.8385846, 59.7401577], [10.8385726, 59.7403079], [10.8385136, 59.7411572]]}, "properties": {"electrified": "contact_line", "frequency": "16.67", "gauge": "1435", "maxspeed": "100", "name": "\u00d8stfoldbanen", "operator": "Bane NOR", "passenger_lines": "2", "railway": "rail", "usage": "branch", "voltage": "15000", "length_km": 1.238, "maxspeed_kmh": 100.0}}, {"type": "Feature", "geometry": {"type": "LineString", "coordinates": [[10.7621233, 59.9085159], [10.7622337, 59.9084938], [10.7623388, 59.9084722], [10.7624232, 59.9084521], [10.7624897, 59.9084353], [10.7626541, 59.908391], [10.7627634, 59.9083584], [10.7628713, 59.908325], [10.7634351, 59.9081334]]}, "properties": {"electrified": "contact_line", "frequency": "16.67", "gauge": "1435", "maxspeed": "40", "name": "\u00d8stfoldbanen", "operator": "Bane NOR", "railway": "rail", "voltage": "15000", "length_km": 0.085, "maxspeed_kmh": 40.0}}, {"type": "Feature", "geometry": {"type": "LineString", "coordinates": [[10.7653703, 59.9064403], [10.7653703, 59.9063996], [10.7653645, 59.9062994], [10.7653458, 59.9062054], [10.7653179, 59.9061], [10.765283, 59.9059898], [10.7652347, 59.9058681], [10.7651688, 59.9057208], [10.7650356, 59.90548], [10.7648495, 59.9051442]]}, "properties": {"electrified": "contact_line", "frequency": "16.67", "gauge": "1435", "name": "\u00d8stfoldbanen", "operator": "Bane NOR", "railway": "rail", "tunnel": "yes", "usage": "branch", "voltage": "15000", "length_km": 0.148}}, {"type": "Feature", "geometry": {"type": "LineString", "coordinates": [[10.7602346, 59.9010318], [10.7594508, 59.9008477], [10.7592228, 59.9007951], [10.7590347, 59.9007484], [10.758898, 59.9007106], [10.7587833, 59.9006799], [10.7586781, 59.9006478], [10.7585585, 59.9006113], [10.7584102, 59.9005607], [10.7582816, 59.9005118], [10.7581553, 59.9004608], [10.7580203, 59.9004016], [10.7578188, 59.9003015]]}, "properties": {"electrified": "contact_line", "frequency": "16.67", "gauge": "1435", "maxspeed": "40", "name": "\u00d8stfoldbanen", "operator": "Bane NOR", "passenger_lines": "2", "railway": "rail", "usage": "branch", "voltage": "15000", "length_km": 0.159, "maxspeed_kmh": 40.0}}, {"type": "Feature", "geometry": {"type": "LineString", "coordinates": [[10.7630175, 59.901099], [10.7631085, 59.901308], [10.7632464, 59.9015919], [10.7635043, 59.9021226], [10.7639198, 59.9030531], [10.7641079, 59.9034786], [10.7642765, 59.9038466]]}, "properties": {"electrified": "contact_line", "frequency": "16.67", "gauge": "1435", "maxspeed": "95", "name": "\u00d8stfoldbanen", "operator": "Bane NOR", "railway": "rail", "tunnel": "yes", "usage": "branch", "voltage": "15000", "length_km": 0.314, "maxspeed_kmh": 95.0}}, {"type": "Feature", "geometry": {"type": "LineString", "coordinates": [[10.7663694, 59.8872926], [10.7662723, 59.8873446], [10.7661145, 59.8874314], [10.7659719, 59.8875132], [10.7658763, 59.8875746], [10.7657414, 59.8876665], [10.7656201, 59.8877533], [10.7654591, 59.8878804], [10.7653402, 59.8879815], [10.7652319, 59.8880798], [10.7651084, 59.8881969], [10.7649509, 59.8883517], [10.7646935, 59.8886087]]}, "properties": {"electrified": "contact_line", "frequency": "16.67", "gauge": "1435", "maxspeed": "95", "name": "\u00d8stfoldbanen", "operator": "Bane NOR", "passenger_lines": "2", "railway": "rail", "usage": "branch", "voltage": "15000", "length_km": 0.175, "maxspeed_kmh": 95.0}}, {"type": "Feature", "geometry": {"type": "LineString", "coordinates": [[10.8331815, 59.7155615], [10.8332233, 59.715712], [10.8332478, 59.71579], [10.8332749, 59.715871], [10.8333001, 59.7159449], [10.8333368, 59.7160372], [10.8333971, 59.7161776], [10.8334543, 59.7163116], [10.8335289, 59.7164761], [10.8335895, 59.7166081], [10.8336386, 59.7167214], [10.8337413, 59.7169742], [10.8338254, 59.7171836], [10.8339032, 59.7173933], [10.8339891, 59.7176673], [10.8340905, 59.7179986], [10.8341132, 59.7180818], [10.8342366, 59.7185365], [10.8342871, 59.7187249], [10.8343281, 59.718876]]}, "properties": {"electrified": "contact_line", "frequency": "16.67", "gauge": "1435", "name": "\u00d8stfoldbanen", "operator": "Bane NOR", "railway": "rail", "usage": "main", "voltage": "15000", "length_km": 0.375}}, {"type": "Feature", "geometry": {"type": "LineString", "coordinates": [[10.7617797, 59.9089101], [10.7620069, 59.9088567], [10.762243, 59.908798], [10.762491, 59.9087318], [10.7626684, 59.9086805], [10.7628689, 59.9086205], [10.7630565, 59.9085613], [10.7632711, 59.9084859], [10.7635541, 59.9083795]]}, "properties": {"electrified": "contact_line", "frequency": "16.67", "gauge": "1435", "maxspeed": "40", "name": "\u00d8stfoldbanen", "operator": "Bane NOR", "railway": "rail", "tunnel": "yes", "usage": "branch", "voltage": "15000", "length_km": 0.116, "maxspeed_kmh": 40.0}}, {"type": "Feature", "geometry": {"type": "LineString", "coordinates": [[10.7639373, 59.9083032], [10.7638246, 59.908356], [10.7636579, 59.9084334], [10.7634098, 59.9085368], [10.7631776, 59.9086295], [10.7629945, 59.9086962], [10.7628051, 59.9087631], [10.7626424, 59.9088174], [10.7623988, 59.9088935], [10.7621174, 59.9089756], [10.7619268, 59.9090254]]}, "properties": {"electrified": "contact_line", "frequency": "16.67", "gauge": "1435", "maxspeed": "40", "name": "\u00d8stfoldbanen", "operator": "Bane NOR", "railway": "rail", "tunnel": "yes", "usage": "branch", "voltage": "15000", "length_km": 0.139, "maxspeed_kmh": 40.0}}, {"type": "Feature", "geometry": {"type": "LineString", "coordinates": [[10.7606052, 59.9086722], [10.761227, 59.9086007], [10.7616053, 59.9085554], [10.7617533, 59.908535], [10.7619141, 59.9085103], [10.7620616, 59.9084852], [10.7620856, 59.908481]]}, "properties": {"electrified": "contact_line", "frequency": "16.67", "gauge": "1435", "maxspeed": "40", "name": "\u00d8stfoldbanen", "operator": "Bane NOR", "railway": "rail", "voltage": "15000", "length_km": 0.086, "maxspeed_kmh": 40.0}}, {"type": "Feature", "geometry": {"type": "LineString", "coordinates": [[10.7617307, 59.9085848], [10.7621233, 59.9085159]]}, "properties": {"electrified": "contact_line", "frequency": "16.67", "gauge": "1435", "maxspeed": "40", "name": "\u00d8stfoldbanen", "operator": "Bane NOR", "railway": "rail", "voltage": "15000", "length_km": 0.023, "maxspeed_kmh": 40.0}}, {"type": "Feature", "geometry": {"type": "LineString", "coordinates": [[10.7627107, 59.9084707], [10.7626366, 59.9084798], [10.7623247, 59.9085148], [10.7617307, 59.9085848]]}, "properties": {"electrified": "contact_line", "frequency": "16.67", "gauge": "1435", "name": "\u00d8stfoldbanen", "operator": "Bane NOR", "railway": "rail", "voltage": "15000", "length_km": 0.056}}, {"type": "Feature", "geometry": {"type": "LineString", "coordinates": [[10.8399634, 59.7377414], [10.8397679, 59.7379371], [10.8396095, 59.7381082], [10.8394703, 59.738277], [10.8393295, 59.7384642], [10.8391722, 59.7386959], [10.8390517, 59.738915], [10.8389607, 59.7391004], [10.8388839, 59.7392858], [10.8388031, 59.7395201], [10.8387411, 59.739756]]}, "properties": {"electrified": "contact_line", "frequency": "16.67", "gauge": "1435", "maxspeed": "100", "name": "\u00d8stfoldbanen", "operator": "Bane NOR", "railway": "rail", "usage": "branch", "voltage": "15000", "length_km": 0.236, "maxspeed_kmh": 100.0}}, {"type": "Feature", "geometry": {"type": "LineString", "coordinates": [[10.8292373, 59.7594911], [10.8293626, 59.7594814], [10.829897, 59.75945], [10.8304347, 59.7594255], [10.8308275, 59.7594068], [10.831222, 59.759383], [10.8315778, 59.7593547], [10.8319279, 59.7593164], [10.832275, 59.7592687], [10.8326172, 59.7592085], [10.8329492, 59.7591405], [10.8332722, 59.7590626], [10.8335936, 59.7589739], [10.833891, 59.758878], [10.8341862, 59.7587721], [10.8344627, 59.7586596], [10.8347273, 59.7585369], [10.8349771, 59.758408], [10.8351911, 59.7582838], [10.8353935, 59.7581552]]}, "properties": {"electrified": "contact_line", "frequency": "16.67", "gauge": "1435", "name": "\u00d8stfoldbanen", "operator": "Bane NOR", "passenger_lines": "2", "railway": "rail", "usage": "branch", "voltage": "15000", "length_km": 0.391}}, {"type": "Feature", "geometry": {"type": "LineString", "coordinates": [[10.8046861, 59.8086598], [10.8045716, 59.808793], [10.8044369, 59.8089222], [10.8042768, 59.8090674], [10.8040998, 59.8092059], [10.8038951, 59.8093455], [10.8036751, 59.8094783], [10.8035143, 59.8095652]]}, "properties": {"electrified": "contact_line", "frequency": "16.67", "gauge": "1435", "maxspeed": "85", "name": "\u00d8stfoldbanen", "operator": "Bane NOR", "passenger_lines": "2", "railway": "rail", "usage": "branch", "voltage": "15000", "length_km": 0.121, "maxspeed_kmh": 85.0}}, {"type": "Feature", "geometry": {"type": "LineString", "coordinates": [[10.7631153, 59.9017072], [10.7628658, 59.9016458], [10.7626507, 59.9015923], [10.7619507, 59.9014309], [10.7615463, 59.901338], [10.7613599, 59.901296]]}, "properties": {"electrified": "contact_line", "frequency": "16.67", "gauge": "1435", "maxspeed": "60", "name": "\u00d8stfoldbanen", "operator": "Bane NOR", "passenger_lines": "2", "railway": "rail", "usage": "branch", "voltage": "15000", "length_km": 0.108, "maxspeed_kmh": 60.0}}, {"type": "Feature", "geometry": {"type": "LineString", "coordinates": [[10.7578188, 59.9003015], [10.7577409, 59.9002571]]}, "properties": {"electrified": "contact_line", "frequency": "16.67", "gauge": "1435", "maxspeed": "50", "name": "\u00d8stfoldbanen", "operator": "Bane NOR", "passenger_lines": "2", "railway": "rail", "usage": "branch", "voltage": "15000", "length_km": 0.007, "maxspeed_kmh": 50.0}}, {"type": "Feature", "geometry": {"type": "LineString", "coordinates": [[10.7555511, 59.8974736], [10.755548, 59.8975956], [10.7555527, 59.8976969], [10.7555619, 59.8977801], [10.7555768, 59.8978684], [10.755597, 59.8979597], [10.755635, 59.8980748], [10.7556787, 59.8981826], [10.7557236, 59.8982767], [10.7557786, 59.8983749], [10.7558486, 59.8984832], [10.7559463, 59.8986153], [10.7560385, 59.8987319], [10.7561693, 59.8988887], [10.7562474, 59.8989757], [10.7563845, 59.8991211], [10.7565245, 59.8992612], [10.756678, 59.8994049], [10.7568606, 59.8995657], [10.7571154, 59.8997694], [10.7573726, 59.8999609], [10.7575222, 59.9000619], [10.7576822, 59.9001648], [10.7577919, 59.9002265], [10.7579051, 59.900289], [10.7580811, 59.900374], [10.7582053, 59.900429], [10.7583281, 59.9004816], [10.7584531, 59.9005251], [10.758598, 59.9005753], [10.7587087, 59.9006131], [10.7588079, 59.900641], [10.7589212, 59.9006727], [10.7590633, 59.9007086], [10.7592548, 59.9007535], [10.7594886, 59.9008089]]}, "properties": {"electrified": "contact_line", "frequency": "16.67", "gauge": "1435", "name": "\u00d8stfoldbanen", "operator": "Bane NOR", "passenger_lines": "2", "railway": "rail", "usage": "branch", "voltage": "15000", "length_km": 0.454}}, {"type": "Feature", "geometry": {"type": "LineString", "coordinates": [[10.7577409, 59.9002571], [10.757622, 59.9001876], [10.757458, 59.9000831], [10.757307, 59.8999804], [10.7570492, 59.899789], [10.7567964, 59.8995852], [10.7566109, 59.8994224], [10.7564574, 59.8992782], [10.7563166, 59.899137], [10.7561776, 59.8989909], [10.756097, 59.8989012], [10.7559666, 59.8987442], [10.7558755, 59.8986275], [10.7557771, 59.8984936], [10.7557072, 59.8983854], [10.7556513, 59.8982852], [10.7556023, 59.8981903], [10.7555564, 59.89808], [10.7555186, 59.8979616], [10.755496, 59.8978712], [10.7554825, 59.897782], [10.7554743, 59.8976978], [10.7554706, 59.8975956], [10.7554764, 59.8974601]]}, "properties": {"electrified": "contact_line", "frequency": "16.67", "gauge": "1435", "name": "\u00d8stfoldbanen", "operator": "Bane NOR", "passenger_lines": "2", "railway": "rail", "usage": "branch", "voltage": "15000", "length_km": 0.343}}, {"type": "Feature", "geometry": {"type": "LineString", "coordinates": [[10.7628777, 59.8897851], [10.7631756, 59.8896281], [10.7634397, 59.8894817], [10.7636137, 59.8893808], [10.7637331, 59.8893076], [10.7638737, 59.8892151], [10.7640118, 59.8891197], [10.7641028, 59.8890518], [10.7642549, 59.8889297], [10.764363, 59.8888366], [10.7645063, 59.8887067], [10.7646623, 59.8885538], [10.7648831, 59.8883326], [10.7650309, 59.8881853], [10.7651615, 59.8880617], [10.7652712, 59.8879648], [10.7653902, 59.8878624], [10.7655509, 59.8877389], [10.7656828, 59.8876431], [10.7658144, 59.8875543], [10.7659264, 59.887484], [10.7660588, 59.887405], [10.7662191, 59.8873144], [10.766363, 59.8872386], [10.7665075, 59.8871691]]}, "properties": {"electrified": "contact_line", "frequency": "16.67", "gauge": "1435", "maxspeed": "100", "name": "\u00d8stfoldbanen", "operator": "Bane NOR", "passenger_lines": "2", "railway": "rail", "usage": "branch", "voltage": "15000", "length_km": 0.358, "maxspeed_kmh": 100.0}}, {"type": "Feature", "geometry": {"type": "LineString", "coordinates": [[10.7646206, 59.8886831], [10.7645269, 59.8887712], [10.7644258, 59.8888645], [10.7643296, 59.8889515], [10.764273, 59.8889981], [10.7641759, 59.8890748], [10.7640813, 59.8891467], [10.7639418, 59.889245], [10.7638845, 59.8892826]]}, "properties": {"electrified": "contact_line", "frequency": "16.67", "gauge": "1435", "maxspeed": "60", "name": "\u00d8stfoldbanen", "operator": "Bane NOR", "passenger_lines": "2", "railway": "rail", "usage": "branch", "voltage": "15000", "length_km": 0.079, "maxspeed_kmh": 60.0}}, {"type": "Feature", "geometry": {"type": "LineString", "coordinates": [[10.7719095, 59.8824839], [10.7719881, 59.8823742], [10.7720833, 59.8822518], [10.7721972, 59.8821207]]}, "properties": {"electrified": "contact_line", "frequency": "16.67", "gauge": "1435", "maxspeed": "100", "name": "\u00d8stfoldbanen", "operator": "Bane NOR", "passenger_lines": "2", "railway": "rail", "usage": "branch", "voltage": "15000", "length_km": 0.044, "maxspeed_kmh": 100.0}}, {"type": "Feature", "geometry": {"type": "LineString", "coordinates": [[10.7731771, 59.8813579], [10.7730035, 59.8814928], [10.7728939, 59.8815769], [10.7727869, 59.8816621], [10.7726137, 59.8818045], [10.772507, 59.8819], [10.772403, 59.8819952], [10.7722711, 59.8821315], [10.7721646, 59.8822534], [10.77206, 59.8823829], [10.7719819, 59.8824961]]}, "properties": {"electrified": "contact_line", "frequency": "16.67", "gauge": "1435", "maxspeed": "95", "name": "\u00d8stfoldbanen", "operator": "Bane NOR", "passenger_lines": "2", "railway": "rail", "usage": "branch", "voltage": "15000", "length_km": 0.144, "maxspeed_kmh": 95.0}}, {"type": "Feature", "geometry": {"type": "LineString", "coordinates": [[10.7833275, 59.8692806], [10.7831807, 59.8693908], [10.7830713, 59.8694741], [10.782841, 59.8696445], [10.7821764, 59.8701382], [10.7820486, 59.8702405], [10.7819491, 59.8703194], [10.7818267, 59.8704229], [10.7817151, 59.8705238], [10.7815507, 59.8706842], [10.7814107, 59.8708396], [10.781308, 59.8709634], [10.7812063, 59.8710913], [10.7811131, 59.8712146]]}, "properties": {"electrified": "contact_line", "frequency": "16.67", "gauge": "1435", "maxspeed": "105", "name": "\u00d8stfoldbanen", "operator": "Bane NOR", "passenger_lines": "2", "railway": "rail", "usage": "branch", "voltage": "15000", "length_km": 0.25, "maxspeed_kmh": 105.0}}, {"type": "Feature", "geometry": {"type": "LineString", "coordinates": [[10.7827669, 59.8696271], [10.7829996, 59.8694551], [10.7831179, 59.869366], [10.783216, 59.8692943], [10.7833269, 59.8692071], [10.7834286, 59.8691241], [10.7835443, 59.8690252], [10.7836486, 59.8689355], [10.7837601, 59.8688258], [10.7838541, 59.868726], [10.7839393, 59.8686231], [10.7840215, 59.8685138], [10.7840921, 59.8684052], [10.7841405, 59.868317], [10.7841899, 59.8682203], [10.7842171, 59.8681504], [10.7842408, 59.8680891], [10.7842696, 59.8680069]]}, "properties": {"electrified": "contact_line", "frequency": "16.67", "gauge": "1435", "maxspeed": "75", "name": "\u00d8stfoldbanen", "operator": "Bane NOR", "passenger_lines": "2", "railway": "rail", "usage": "branch", "voltage": "15000", "length_km": 0.201, "maxspeed_kmh": 75.0}}, {"type": "Feature", "geometry": {"type": "LineString", "coordinates": [[10.7843496, 59.8680096], [10.7843252, 59.8680917], [10.7843013, 59.8681561], [10.7842684, 59.8682288], [10.7842201, 59.8683285], [10.7841694, 59.8684168], [10.7841015, 59.8685237], [10.7840179, 59.8686317], [10.783929, 59.8687382], [10.783831, 59.8688433], [10.7837196, 59.8689541], [10.7836156, 59.8690446], [10.7834979, 59.8691429], [10.7833957, 59.8692253], [10.7833275, 59.8692806]]}, "properties": {"electrified": "contact_line", "frequency": "16.67", "gauge": "1435", "maxspeed": "90", "name": "\u00d8stfoldbanen", "operator": "Bane NOR", "passenger_lines": "2", "railway": "rail", "usage": "branch", "voltage": "15000", "length_km": 0.154, "maxspeed_kmh": 90.0}}, {"type": "Feature", "geometry": {"type": "LineString", "coordinates": [[10.7854083, 59.8648309], [10.7854436, 59.8647243], [10.7854572, 59.864676], [10.7855013, 59.8644768], [10.7855229, 59.864276], [10.7855286, 59.8640984], [10.7855286, 59.8639208]]}, "properties": {"electrified": "contact_line", "frequency": "16.67", "gauge": "1435", "maxspeed": "75", "name": "\u00d8stfoldbanen", "operator": "Bane NOR", "passenger_lines": "2", "railway": "rail", "usage": "branch", "voltage": "15000", "length_km": 0.102, "maxspeed_kmh": 75.0}}, {"type": "Feature", "geometry": {"type": "LineString", "coordinates": [[10.7853897, 59.8650583], [10.7853211, 59.8651672], [10.785269, 59.8652465], [10.7852186, 59.8653173], [10.7850711, 59.8655075], [10.7849697, 59.8656372]]}, "properties": {"electrified": "contact_line", "frequency": "16.67", "gauge": "1435", "maxspeed": "95", "name": "\u00d8stfoldbanen", "operator": "Bane NOR", "passenger_lines": "2", "railway": "rail", "usage": "branch", "voltage": "15000", "length_km": 0.069, "maxspeed_kmh": 95.0}}, {"type": "Feature", "geometry": {"type": "LineString", "coordinates": [[10.7851759, 59.8536671], [10.785213, 59.8537284], [10.7853683, 59.8539858]]}, "properties": {"electrified": "contact_line", "frequency": "16.67", "gauge": "1435", "maxspeed": "95", "name": "\u00d8stfoldbanen", "operator": "Bane NOR", "passenger_lines": "2", "railway": "rail", "usage": "branch", "voltage": "15000", "length_km": 0.037, "maxspeed_kmh": 95.0}}, {"type": "Feature", "geometry": {"type": "LineString", "coordinates": [[10.7993651, 59.8495401], [10.7990622, 59.8495885], [10.7988786, 59.8496144], [10.798689, 59.8496379], [10.7985067, 59.8496577], [10.7983173, 59.8496738], [10.7981303, 59.8496876], [10.7979419, 59.8496984], [10.7977496, 59.849705], [10.7975574, 59.8497102], [10.7973307, 59.8497114], [10.7971056, 59.8497089], [10.7968774, 59.8497018], [10.7966522, 59.8496925], [10.7963838, 59.8496771], [10.7961139, 59.8496586], [10.7958447, 59.8496371], [10.7955755, 59.8496119], [10.795335, 59.8495864], [10.7950975, 59.849558], [10.7948563, 59.8495269], [10.794621, 59.849492], [10.7944165, 59.8494574], [10.794212, 59.8494214], [10.7940105, 59.849382], [10.7937738, 59.8493335], [10.7930992, 59.8491877], [10.7929934, 59.8491641]]}, "properties": {"electrified": "contact_line", "frequency": "16.67", "gauge": "1435", "maxspeed": "85", "name": "\u00d8stfoldbanen", "operator": "Bane NOR", "passenger_lines": "2", "railway": "rail", "usage": "branch", "voltage": "15000", "length_km": 0.369, "maxspeed_kmh": 85.0}}, {"type": "Feature", "geometry": {"type": "LineString", "coordinates": [[10.7938025, 59.8492915], [10.7940417, 59.8493415], [10.7942409, 59.8493804], [10.7944423, 59.8494179], [10.7946467, 59.8494508], [10.7948794, 59.8494864], [10.795118, 59.8495183], [10.7953551, 59.8495457], [10.7955893, 59.8495693], [10.7958555, 59.8495934], [10.7961217, 59.8496152], [10.7964005, 59.8496344], [10.7966572, 59.849649], [10.7968803, 59.8496586], [10.797105, 59.8496653], [10.7973289, 59.8496686], [10.7975558, 59.8496673], [10.7977431, 59.8496628], [10.7979288, 59.849656], [10.7981169, 59.8496461], [10.7983034, 59.8496333], [10.7984937, 59.8496179], [10.7986809, 59.8495987], [10.798863, 59.8495773], [10.7990435, 59.8495529], [10.7993431, 59.8495035]]}, "properties": {"electrified": "contact_line", "frequency": "16.67", "gauge": "1435", "name": "\u00d8stfoldbanen", "operator": "Bane NOR", "passenger_lines": "2", "railway": "rail", "usage": "branch", "voltage": "15000", "length_km": 0.318}}, {"type": "Feature", "geometry": {"type": "LineString", "coordinates": [[10.7977695, 59.84155], [10.7976476, 59.8413546], [10.7975177, 59.8411068], [10.7974226, 59.840887], [10.797347, 59.8406664], [10.7973109, 59.8405356], [10.7972809, 59.8404034], [10.797262, 59.8403045]]}, "properties": {"electrified": "contact_line", "frequency": "16.67", "gauge": "1435", "name": "\u00d8stfoldbanen", "operator": "Bane NOR", "passenger_lines": "2", "railway": "rail", "usage": "branch", "voltage": "15000", "length_km": 0.142}}, {"type": "Feature", "geometry": {"type": "LineString", "coordinates": [[10.7973021, 59.8394021], [10.7972972, 59.8396832], [10.7972989, 59.8399024], [10.797314, 59.8401201], [10.7973394, 59.840301]]}, "properties": {"electrified": "contact_line", "frequency": "16.67", "gauge": "1435", "maxspeed": "85", "name": "\u00d8stfoldbanen", "operator": "Bane NOR", "passenger_lines": "2", "railway": "rail", "usage": "branch", "voltage": "15000", "length_km": 0.1, "maxspeed_kmh": 85.0}}, {"type": "Feature", "geometry": {"type": "LineString", "coordinates": [[10.797262, 59.8403045], [10.797237, 59.840125], [10.7972224, 59.8399041], [10.7972168, 59.8396833], [10.7972222, 59.8394239]]}, "properties": {"electrified": "contact_line", "frequency": "16.67", "gauge": "1435", "name": "\u00d8stfoldbanen", "operator": "Bane NOR", "passenger_lines": "2", "railway": "rail", "usage": "branch", "voltage": "15000", "length_km": 0.098}}, {"type": "Feature", "geometry": {"type": "LineString", "coordinates": [[10.8021579, 59.8446254], [10.8020485, 59.8444419], [10.8019315, 59.8442803], [10.8017998, 59.844122], [10.8016382, 59.8439625], [10.8014554, 59.8438083], [10.8012546, 59.8436607], [10.8010354, 59.8435204], [10.8007986, 59.8433898], [10.8005382, 59.843258], [10.7999717, 59.843006], [10.7994767, 59.8427911], [10.79921, 59.8426751], [10.7989507, 59.8425367], [10.7987185, 59.8423983], [10.7984997, 59.8422539], [10.7983294, 59.8421267], [10.7981726, 59.8419934], [10.7980147, 59.8418416], [10.7978748, 59.8416852], [10.7977695, 59.84155]]}, "properties": {"electrified": "contact_line", "frequency": "16.67", "gauge": "1435", "name": "\u00d8stfoldbanen", "operator": "Bane NOR", "passenger_lines": "2", "railway": "rail", "usage": "branch", "voltage": "15000", "length_km": 0.429}}, {"type": "Feature", "geometry": {"type": "LineString", "coordinates": [[10.7973394, 59.840301], [10.7973568, 59.8403996], [10.7973899, 59.8405321], [10.7974259, 59.8406609], [10.7974995, 59.8408817], [10.797594, 59.8411002], [10.7977202, 59.8413429], [10.7978442, 59.8415363], [10.7979472, 59.8416703], [10.7980854, 59.8418249], [10.7982401, 59.841975], [10.798396, 59.8421067], [10.7985639, 59.8422331], [10.7987777, 59.8423757], [10.7990088, 59.8425083], [10.7992621, 59.8426442], [10.7995299, 59.8427646], [10.8000171, 59.8429776], [10.800592, 59.8432295], [10.8008528, 59.8433567], [10.8011004, 59.8434912], [10.801324, 59.8436322], [10.8015305, 59.8437824], [10.8017172, 59.8439422], [10.8018787, 59.8441052], [10.8020112, 59.8442677], [10.8021264, 59.8444302], [10.8022368, 59.8446151]]}, "properties": {"electrified": "contact_line", "frequency": "16.67", "gauge": "1435", "maxspeed": "85", "name": "\u00d8stfoldbanen", "operator": "Bane NOR", "passenger_lines": "2", "railway": "rail", "usage": "branch", "voltage": "15000", "length_km": 0.571, "maxspeed_kmh": 85.0}}, {"type": "Feature", "geometry": {"type": "LineString", "coordinates": [[10.7983078, 59.8144301], [10.7980065, 59.8147659], [10.7979354, 59.8148451], [10.7977255, 59.8150788], [10.7975235, 59.8153132], [10.7973901, 59.8154773], [10.7972658, 59.8156454], [10.7971538, 59.8158145], [10.7970562, 59.8159869], [10.7969733, 59.8161614], [10.7969049, 59.816336], [10.7968401, 59.8165532], [10.7967991, 59.8167712], [10.7967823, 59.8170004], [10.7967866, 59.8172242], [10.7968185, 59.8174535], [10.7968756, 59.8176808], [10.796941, 59.8178655], [10.797021, 59.8180442], [10.7970445, 59.8180933], [10.7971811, 59.818354], [10.7973806, 59.8187136], [10.7974725, 59.8188882], [10.7975551, 59.8190627], [10.7976555, 59.8193169], [10.797732, 59.8195724], [10.7977837, 59.819824], [10.7978142, 59.8200769], [10.797832, 59.8203826]]}, "properties": {"electrified": "contact_line", "frequency": "16.67", "gauge": "1435", "maxspeed": "105", "name": "\u00d8stfoldbanen", "operator": "Bane NOR", "passenger_lines": "2", "railway": "rail", "usage": "branch", "voltage": "15000", "length_km": 0.685, "maxspeed_kmh": 105.0}}, {"type": "Feature", "geometry": {"type": "LineString", "coordinates": [[10.7969459, 59.8180546], [10.7968648, 59.8178713], [10.7967995, 59.8176852], [10.7967419, 59.817458], [10.7967106, 59.8172268], [10.7967034, 59.8169973], [10.7967213, 59.8167672], [10.796761, 59.8165499], [10.7968272, 59.8163279], [10.7968946, 59.8161528], [10.7969791, 59.8159777], [10.7970779, 59.815803], [10.7971913, 59.8156322], [10.7973164, 59.815466], [10.7974522, 59.815301], [10.7976574, 59.815063], [10.7978692, 59.8148289], [10.797942, 59.8147472]]}, "properties": {"electrified": "contact_line", "frequency": "16.67", "gauge": "1435", "maxspeed": "105", "name": "\u00d8stfoldbanen", "operator": "Bane NOR", "passenger_lines": "2", "railway": "rail", "usage": "branch", "voltage": "15000", "length_km": 0.381, "maxspeed_kmh": 105.0}}, {"type": "Feature", "geometry": {"type": "LineString", "coordinates": [[10.799973, 59.8120487], [10.7998415, 59.8122677], [10.7995919, 59.8127286], [10.7994175, 59.8130661], [10.7992842, 59.8132822], [10.7991279, 59.8134935]]}, "properties": {"electrified": "contact_line", "frequency": "16.67", "gauge": "1435", "maxspeed": "85", "name": "\u00d8stfoldbanen", "operator": "Bane NOR", "passenger_lines": "2", "railway": "rail", "usage": "branch", "voltage": "15000", "length_km": 0.168, "maxspeed_kmh": 85.0}}, {"type": "Feature", "geometry": {"type": "LineString", "coordinates": [[10.8001947, 59.8116749], [10.8001195, 59.811807], [10.799973, 59.8120487]]}, "properties": {"electrified": "contact_line", "frequency": "16.67", "gauge": "1435", "maxspeed": "85", "name": "\u00d8stfoldbanen", "operator": "Bane NOR", "passenger_lines": "2", "railway": "rail", "usage": "branch", "voltage": "15000", "length_km": 0.043, "maxspeed_kmh": 85.0}}, {"type": "Feature", "geometry": {"type": "LineString", "coordinates": [[10.8038118, 59.8093208], [10.8040262, 59.8091783], [10.8042066, 59.8090442], [10.8043717, 59.8089024], [10.8044947, 59.8087852], [10.8046147, 59.8086456], [10.804758, 59.8084618], [10.8048844, 59.8082796], [10.8049889, 59.8081076], [10.8050799, 59.8079321], [10.8051545, 59.8077569], [10.8052189, 59.8075808], [10.8052798, 59.8073842], [10.805317, 59.807191], [10.8053318, 59.8069928], [10.805338, 59.8067997], [10.8053379, 59.8067511]]}, "properties": {"electrified": "contact_line", "frequency": "16.67", "gauge": "1435", "maxspeed": "80", "name": "\u00d8stfoldbanen", "operator": "Bane NOR", "passenger_lines": "2", "railway": "rail", "usage": "branch", "voltage": "15000", "length_km": 0.305, "maxspeed_kmh": 80.0}}, {"type": "Feature", "geometry": {"type": "LineString", "coordinates": [[10.8048684, 59.8051673], [10.8047651, 59.8049137], [10.8046742, 59.8046697], [10.8045918, 59.8044258], [10.8045169, 59.804158], [10.8044555, 59.803891], [10.804401, 59.8036194], [10.8043634, 59.8033512], [10.8043397, 59.8030829], [10.8043294, 59.8028154], [10.8043242, 59.8026527], [10.8043196, 59.8016791], [10.8043144, 59.8012497], [10.8043007, 59.8009955], [10.8042881, 59.8008694], [10.8042697, 59.8007432], [10.804215, 59.800493], [10.8041393, 59.8002438], [10.8040528, 59.8000113], [10.8039529, 59.7997826], [10.8036831, 59.7992599], [10.8034056, 59.7987363], [10.8032728, 59.7984779], [10.8031439, 59.7982127], [10.8030271, 59.7979497], [10.8029238, 59.7976838], [10.8028342, 59.7974175], [10.8027619, 59.7971589], [10.8026911, 59.7968796], [10.8026395, 59.7965994], [10.8025773, 59.7960624], [10.8025571, 59.7957914], [10.8025334, 59.7955199], [10.8025005, 59.7952802], [10.8024634, 59.7950921]]}, "properties": {"electrified": "contact_line", "frequency": "16.67", "gauge": "1435", "maxspeed": "105", "name": "\u00d8stfoldbanen", "operator": "Bane NOR", "passenger_lines": "2", "railway": "rail", "usage": "branch", "voltage": "15000", "length_km": 1.135, "maxspeed_kmh": 105.0}}, {"type": "Feature", "geometry": {"type": "LineString", "coordinates": [[10.80239, 59.7948624], [10.8023401, 59.7947426], [10.8022832, 59.7946228], [10.8021666, 59.7944078], [10.8020257, 59.7941975], [10.8018576, 59.79398], [10.8016728, 59.7937787], [10.8014568, 59.793559], [10.8012303, 59.7933388], [10.8010186, 59.7931324], [10.8008162, 59.7929236], [10.8006367, 59.7927166], [10.800477, 59.792502], [10.8003409, 59.7922849], [10.800228, 59.792062], [10.8001451, 59.7918569], [10.8000785, 59.7916536]]}, "properties": {"electrified": "contact_line", "frequency": "16.67", "gauge": "1435", "maxspeed": "105", "name": "\u00d8stfoldbanen", "operator": "Bane NOR", "passenger_lines": "2", "railway": "rail", "usage": "branch", "voltage": "15000", "length_km": 0.382, "maxspeed_kmh": 105.0}}, {"type": "Feature", "geometry": {"type": "LineString", "coordinates": [[10.8002621, 59.7871335], [10.8001583, 59.7873979], [10.8000791, 59.7876119], [10.8000103, 59.7878271], [10.7999719, 59.7879534], [10.7999392, 59.7880802], [10.7998833, 59.7883344], [10.7998547, 59.788526]]}, "properties": {"electrified": "contact_line", "frequency": "16.67", "gauge": "1435", "maxspeed": "90", "name": "\u00d8stfoldbanen", "operator": "Bane NOR", "passenger_lines": "2", "railway": "rail", "usage": "branch", "voltage": "15000", "length_km": 0.157, "maxspeed_kmh": 90.0}}, {"type": "Feature", "geometry": {"type": "LineString", "coordinates": [[10.8010526, 59.7840358], [10.8010439, 59.7843255], [10.8010365, 59.7845964], [10.8010256, 59.7848672], [10.801023, 59.7849897], [10.8010158, 59.7851122], [10.8010039, 59.7852341], [10.8009874, 59.7853548], [10.800966, 59.7854628], [10.80094, 59.7855702], [10.8009104, 59.7856788], [10.8008749, 59.7857867], [10.8008319, 59.7858941], [10.8007878, 59.7860009], [10.8006895, 59.7862196], [10.8005854, 59.7864372], [10.8005525, 59.7865052], [10.8003303, 59.7869746], [10.8002621, 59.7871335]]}, "properties": {"electrified": "contact_line", "frequency": "16.67", "gauge": "1435", "maxspeed": "105", "name": "\u00d8stfoldbanen", "operator": "Bane NOR", "passenger_lines": "2", "railway": "rail", "usage": "branch", "voltage": "15000", "length_km": 0.35, "maxspeed_kmh": 105.0}}, {"type": "Feature", "geometry": {"type": "LineString", "coordinates": [[10.8011285, 59.7826374], [10.8011154, 59.7827526], [10.8010947, 59.7830016], [10.8010884, 59.7830753], [10.8010833, 59.7831586], [10.8010658, 59.7836219], [10.8010526, 59.7840358]]}, "properties": {"electrified": "contact_line", "frequency": "16.67", "gauge": "1435", "name": "\u00d8stfoldbanen", "operator": "Bane NOR", "passenger_lines": "2", "railway": "rail", "usage": "branch", "voltage": "15000", "length_km": 0.156}}, {"type": "Feature", "geometry": {"type": "LineString", "coordinates": [[10.8077161, 59.7719139], [10.8076378, 59.7719741], [10.8074089, 59.7721556], [10.8071831, 59.7723403], [10.8069649, 59.7725247], [10.8067462, 59.7727141], [10.8066552, 59.7727944], [10.8063313, 59.7730908], [10.80593, 59.7734773], [10.8057308, 59.7736801], [10.8055519, 59.7738682], [10.8051845, 59.7742642], [10.8047619, 59.7747599], [10.8043557, 59.7752578], [10.8041661, 59.7755024], [10.8039766, 59.7757521], [10.8037918, 59.7760064], [10.8036119, 59.7762618], [10.8034378, 59.7765184], [10.8032684, 59.7767767], [10.8029542, 59.7772881], [10.80266, 59.7778067], [10.8023889, 59.7783325], [10.8021515, 59.778846], [10.8019293, 59.7793749], [10.801733, 59.7799075], [10.8015623, 59.7804395], [10.8014179, 59.7809729], [10.8013543, 59.7812278], [10.801301, 59.7814832], [10.8012055, 59.7820093], [10.8011607, 59.7823384], [10.8011408, 59.7825009], [10.8011285, 59.7826374]]}, "properties": {"electrified": "contact_line", "frequency": "16.67", "gauge": "1435", "maxspeed": "120", "name": "\u00d8stfoldbanen", "operator": "Bane NOR", "passenger_lines": "2", "railway": "rail", "usage": "branch", "voltage": "15000", "length_km": 1.264, "maxspeed_kmh": 120.0}}, {"type": "Feature", "geometry": {"type": "LineString", "coordinates": [[10.8078095, 59.7717737], [10.8079564, 59.7716628], [10.808184, 59.7714998], [10.8084884, 59.7712966], [10.8088062, 59.7710946], [10.8090924, 59.7709249], [10.8093967, 59.77075], [10.8095332, 59.7706728]]}, "properties": {"electrified": "contact_line", "frequency": "16.67", "gauge": "1435", "maxspeed": "125", "name": "\u00d8stfoldbanen", "operator": "Bane NOR", "passenger_lines": "2", "railway": "rail", "usage": "branch", "voltage": "15000", "length_km": 0.156, "maxspeed_kmh": 125.0}}, {"type": "Feature", "geometry": {"type": "LineString", "coordinates": [[10.8102427, 59.7703181], [10.8101497, 59.7703735], [10.8095914, 59.7706954], [10.8094495, 59.770776], [10.8091562, 59.7709482], [10.8088681, 59.7711215], [10.8085521, 59.7713217], [10.8082485, 59.771525], [10.8080226, 59.7716852], [10.8078537, 59.7718113]]}, "properties": {"electrified": "contact_line", "frequency": "16.67", "gauge": "1435", "maxspeed": "120", "name": "\u00d8stfoldbanen", "operator": "Bane NOR", "passenger_lines": "2", "railway": "rail", "usage": "branch", "voltage": "15000", "length_km": 0.214, "maxspeed_kmh": 120.0}}, {"type": "Feature", "geometry": {"type": "LineString", "coordinates": [[10.8095332, 59.7706728], [10.8100983, 59.7703485], [10.8101864, 59.7702946], [10.8103811, 59.7701714], [10.8105608, 59.7700463], [10.8107897, 59.7698726], [10.8109965, 59.7696939], [10.8111634, 59.7695315], [10.811312, 59.7693654], [10.8114626, 59.769171], [10.8115886, 59.7689735], [10.8116932, 59.7687765], [10.8117761, 59.7685754], [10.8118423, 59.7683481], [10.8118924, 59.7681201], [10.8118982, 59.7680881], [10.8120213, 59.767494], [10.8121223, 59.7670209], [10.8121267, 59.767002], [10.8121676, 59.7667943], [10.8122264, 59.7665684], [10.8122403, 59.7665175]]}, "properties": {"electrified": "contact_line", "frequency": "16.67", "gauge": "1435", "maxspeed": "85", "name": "\u00d8stfoldbanen", "operator": "Bane NOR", "passenger_lines": "2", "railway": "rail", "usage": "branch", "voltage": "15000", "length_km": 0.5, "maxspeed_kmh": 85.0}}, {"type": "Feature", "geometry": {"type": "LineString", "coordinates": [[10.8123189, 59.7665218], [10.8123021, 59.7665744], [10.8122472, 59.7667982], [10.8122007, 59.7670227], [10.8120904, 59.7675504], [10.8120858, 59.7675694], [10.8119704, 59.7681251], [10.8119176, 59.7683546], [10.8118481, 59.7685827], [10.8117705, 59.7687848], [10.8116671, 59.7689845], [10.8115393, 59.769185], [10.8113904, 59.7693808], [10.8112348, 59.7695546], [10.811071, 59.7697138], [10.8108642, 59.769891], [10.8106279, 59.7700682], [10.8104378, 59.770195], [10.8102427, 59.7703181]]}, "properties": {"electrified": "contact_line", "frequency": "16.67", "gauge": "1435", "maxspeed": "100", "name": "\u00d8stfoldbanen", "operator": "Bane NOR", "passenger_lines": "2", "railway": "rail", "usage": "branch", "voltage": "15000", "length_km": 0.447, "maxspeed_kmh": 100.0}}, {"type": "Feature", "geometry": {"type": "LineString", "coordinates": [[10.8208267, 59.763445], [10.8207037, 59.763459]]}, "properties": {"electrified": "contact_line", "frequency": "16.67", "gauge": "1435", "maxspeed": "80", "name": "\u00d8stfoldbanen", "operator": "Bane NOR", "passenger_lines": "2", "railway": "rail", "usage": "branch", "voltage": "15000", "length_km": 0.007, "maxspeed_kmh": 80.0}}, {"type": "Feature", "geometry": {"type": "LineString", "coordinates": [[10.8245692, 59.7617439], [10.8244814, 59.7618504]]}, "properties": {"electrified": "contact_line", "frequency": "16.67", "gauge": "1435", "name": "\u00d8stfoldbanen", "operator": "Bane NOR", "passenger_lines": "2", "railway": "rail", "usage": "branch", "voltage": "15000", "length_km": 0.013}}, {"type": "Feature", "geometry": {"type": "LineString", "coordinates": [[10.8353935, 59.7581552], [10.835588, 59.7580245], [10.8358504, 59.7578335], [10.8361077, 59.7576345], [10.8363289, 59.7574488], [10.8365687, 59.7572301], [10.8367993, 59.7570019], [10.8370195, 59.756766], [10.8372217, 59.7565262], [10.8374195, 59.7562669], [10.8375779, 59.7560357], [10.8377338, 59.7557856], [10.8378678, 59.7555356], [10.8379808, 59.7552871], [10.8380719, 59.7550354], [10.8381254, 59.7548336], [10.8381649, 59.7546312], [10.8381899, 59.7544294], [10.8381996, 59.7542263], [10.8381912, 59.7540084], [10.8381662, 59.7537887], [10.8381235, 59.753564], [10.8380718, 59.7533393], [10.8380266, 59.7531845], [10.8379909, 59.7530651], [10.8379255, 59.7528633], [10.8378265, 59.7525839], [10.837815, 59.7525514], [10.8377176, 59.7523012], [10.8375741, 59.7519491], [10.8372625, 59.7512349], [10.8368609, 59.7503242]]}, "properties": {"electrified": "contact_line", "frequency": "16.67", "gauge": "1435", "name": "\u00d8stfoldbanen", "operator": "Bane NOR", "passenger_lines": "2", "railway": "rail", "usage": "branch", "voltage": "15000", "length_km": 0.915}}, {"type": "Feature", "geometry": {"type": "LineString", "coordinates": [[10.8369434, 59.7503188], [10.8373442, 59.7512269], [10.8376561, 59.7519403], [10.8377992, 59.7522931], [10.8379891, 59.7528283], [10.8380995, 59.7531793], [10.838143, 59.753334], [10.8381995, 59.7535593], [10.8382419, 59.7537847], [10.8382683, 59.7540051], [10.8382743, 59.7542255], [10.8382657, 59.7544293], [10.8382404, 59.7546337], [10.8382, 59.7548367], [10.8381429, 59.7550398], [10.8380503, 59.7552937], [10.8379359, 59.7555456], [10.8378024, 59.7557969], [10.8376459, 59.7560475], [10.8374883, 59.7562787], [10.8372895, 59.7565404], [10.8370861, 59.7567806], [10.8368647, 59.7570182], [10.8366352, 59.757245], [10.8363891, 59.7574679], [10.8361779, 59.7576505]]}, "properties": {"electrified": "contact_line", "frequency": "16.67", "gauge": "1435", "maxspeed": "110", "name": "\u00d8stfoldbanen", "operator": "Bane NOR", "passenger_lines": "2", "railway": "rail", "usage": "branch", "voltage": "15000", "length_km": 0.847, "maxspeed_kmh": 110.0}}, {"type": "Feature", "geometry": {"type": "LineString", "coordinates": [[10.8367887, 59.750161], [10.8365785, 59.7496832], [10.8361734, 59.7487687], [10.8360605, 59.74851], [10.8359565, 59.7482557], [10.8358847, 59.7480479], [10.8358302, 59.7478387], [10.8357963, 59.747636], [10.8357797, 59.7474334], [10.8357825, 59.7472214], [10.8358055, 59.7470087], [10.8358367, 59.7468399], [10.8358868, 59.7466511], [10.8359475, 59.746474], [10.8360241, 59.7462983], [10.8361249, 59.7461023], [10.8362445, 59.7459077], [10.83638, 59.7457175], [10.8365327, 59.7455287], [10.8367558, 59.7452826], [10.8369948, 59.7450387], [10.8373852, 59.7446426], [10.8375379, 59.7444768], [10.837682, 59.744308], [10.8377415, 59.7442357]]}, "properties": {"electrified": "contact_line", "frequency": "16.67", "gauge": "1435", "name": "\u00d8stfoldbanen", "operator": "Bane NOR", "passenger_lines": "2", "railway": "rail", "usage": "branch", "voltage": "15000", "length_km": 0.687}}, {"type": "Feature", "geometry": {"type": "LineString", "coordinates": [[10.8378156, 59.7442519], [10.837757, 59.7443225], [10.8376091, 59.744493], [10.837454, 59.7446598], [10.8370643, 59.7450562], [10.8368309, 59.7452975], [10.8366119, 59.7455445], [10.8364633, 59.7457317], [10.836332, 59.7459217], [10.8362193, 59.746116], [10.8361211, 59.7463124], [10.8360516, 59.7464825], [10.8359911, 59.7466618], [10.8359407, 59.7468439], [10.8359141, 59.7470117], [10.835893, 59.7472226], [10.8358862, 59.7474328], [10.8359013, 59.7476327], [10.8359321, 59.7478326], [10.8359809, 59.7480412], [10.8360461, 59.748247], [10.836146, 59.7485026], [10.8362547, 59.7487589], [10.8366585, 59.7496759], [10.8368667, 59.7501508]]}, "properties": {"electrified": "contact_line", "frequency": "16.67", "gauge": "1435", "maxspeed": "110", "name": "\u00d8stfoldbanen", "operator": "Bane NOR", "passenger_lines": "2", "railway": "rail", "usage": "branch", "voltage": "15000", "length_km": 0.683, "maxspeed_kmh": 110.0}}, {"type": "Feature", "geometry": {"type": "LineString", "coordinates": [[10.8390243, 59.7273976], [10.8392334, 59.7276786], [10.8396831, 59.7282555], [10.8403297, 59.7290672], [10.8405323, 59.7293264], [10.840711, 59.7295732], [10.840848, 59.7297715], [10.8409542, 59.7299418], [10.8410376, 59.7300886], [10.8411029, 59.7302117]]}, "properties": {"electrified": "contact_line", "frequency": "16.67", "gauge": "1435", "maxspeed": "100", "name": "\u00d8stfoldbanen", "operator": "Bane NOR", "railway": "rail", "usage": "branch", "voltage": "15000", "length_km": 0.335, "maxspeed_kmh": 100.0}}, {"type": "Feature", "geometry": {"type": "LineString", "coordinates": [[10.8410185, 59.7302198], [10.8409566, 59.7300982], [10.8408733, 59.7299544], [10.8407656, 59.7297831], [10.8406309, 59.7295852], [10.8404525, 59.7293433], [10.8402475, 59.72908], [10.8396029, 59.7282725], [10.839154, 59.7277029], [10.8389354, 59.7274142]]}, "properties": {"electrified": "contact_line", "frequency": "16.67", "gauge": "1435", "maxspeed": "100", "name": "\u00d8stfoldbanen", "operator": "Bane NOR", "railway": "rail", "usage": "branch", "voltage": "15000", "length_km": 0.334, "maxspeed_kmh": 100.0}}, {"type": "Feature", "geometry": {"type": "LineString", "coordinates": [[10.8378605, 59.7264323], [10.8378514, 59.7264173], [10.8376741, 59.7261031], [10.8375803, 59.7259324], [10.8375016, 59.7257925], [10.8373562, 59.7255495], [10.8372096, 59.7253274]]}, "properties": {"electrified": "contact_line", "frequency": "16.67", "gauge": "1435", "maxspeed": "100", "name": "\u00d8stfoldbanen", "operator": "Bane NOR", "railway": "rail", "usage": "branch", "voltage": "15000", "length_km": 0.128, "maxspeed_kmh": 100.0}}, {"type": "Feature", "geometry": {"type": "LineString", "coordinates": [[10.7646935, 59.8886087], [10.7646206, 59.8886831]]}, "properties": {"electrified": "contact_line", "frequency": "16.67", "gauge": "1435", "maxspeed": "95", "name": "\u00d8stfoldbanen", "operator": "Bane NOR", "passenger_lines": "2", "railway": "rail", "usage": "branch", "voltage": "15000", "length_km": 0.009, "maxspeed_kmh": 95.0}}, {"type": "Feature", "geometry": {"type": "LineString", "coordinates": [[10.7610167, 59.901217], [10.7608436, 59.9011774], [10.7602346, 59.9010318]]}, "properties": {"electrified": "contact_line", "frequency": "16.67", "gauge": "1435", "maxspeed": "40", "name": "\u00d8stfoldbanen", "passenger_lines": "2", "railway": "rail", "usage": "branch", "voltage": "15000", "length_km": 0.048, "maxspeed_kmh": 40.0}}, {"type": "Feature", "geometry": {"type": "LineString", "coordinates": [[10.7629136, 59.9008769], [10.7630175, 59.901099]]}, "properties": {"electrified": "contact_line", "frequency": "16.67", "gauge": "1435", "maxspeed": "95", "name": "\u00d8stfoldbanen", "operator": "Bane NOR", "railway": "rail", "tunnel": "yes", "usage": "branch", "voltage": "15000", "length_km": 0.025, "maxspeed_kmh": 95.0}}, {"type": "Feature", "geometry": {"type": "LineString", "coordinates": [[10.7648495, 59.9051442], [10.764815, 59.9050791], [10.7647407, 59.9049451]]}, "properties": {"electrified": "contact_line", "frequency": "16.67", "gauge": "1435", "maxspeed": "40", "name": "\u00d8stfoldbanen", "operator": "Bane NOR", "railway": "rail", "tunnel": "yes", "usage": "branch", "voltage": "15000", "length_km": 0.023, "maxspeed_kmh": 40.0}}, {"type": "Feature", "geometry": {"type": "LineString", "coordinates": [[10.7646052, 59.904529], [10.7648212, 59.9049321], [10.7648979, 59.9050701]]}, "properties": {"electrified": "contact_line", "frequency": "16.67", "gauge": "1435", "name": "\u00d8stfoldbanen", "operator": "Bane NOR", "railway": "rail", "tunnel": "yes", "usage": "branch", "voltage": "15000", "length_km": 0.062}}, {"type": "Feature", "geometry": {"type": "LineString", "coordinates": [[10.7642765, 59.9038466], [10.764099, 59.9031499]]}, "properties": {"electrified": "contact_line", "frequency": "16.67", "gauge": "1435", "name": "\u00d8stfoldbanen", "operator": "Bane NOR", "railway": "rail", "service": "crossover", "tunnel": "yes", "voltage": "15000", "length_km": 0.078}}, {"type": "Feature", "geometry": {"type": "LineString", "coordinates": [[10.7595936, 59.9010749], [10.7594783, 59.9010266]]}, "properties": {"electrified": "contact_line", "frequency": "16.67", "gauge": "1435", "maxspeed": "65", "name": "\u00d8stfoldbanen", "operator": "Bane NOR", "railway": "rail", "usage": "branch", "voltage": "15000", "length_km": 0.008, "maxspeed_kmh": 65.0}}, {"type": "Feature", "geometry": {"type": "LineString", "coordinates": [[10.7647407, 59.9049451], [10.7645192, 59.9045459]]}, "properties": {"electrified": "contact_line", "frequency": "16.67", "gauge": "1435", "maxspeed": "40", "name": "\u00d8stfoldbanen", "operator": "Bane NOR", "railway": "rail", "tunnel": "yes", "usage": "branch", "voltage": "15000", "length_km": 0.046, "maxspeed_kmh": 40.0}}, {"type": "Feature", "geometry": {"type": "LineString", "coordinates": [[10.7613599, 59.901296], [10.7610167, 59.901217]]}, "properties": {"electrified": "contact_line", "frequency": "16.67", "gauge": "1435", "maxspeed": "40", "name": "\u00d8stfoldbanen", "passenger_lines": "2", "railway": "rail", "usage": "branch", "voltage": "15000", "length_km": 0.021, "maxspeed_kmh": 40.0}}, {"type": "Feature", "geometry": {"type": "LineString", "coordinates": [[10.7642143, 59.9083902], [10.7644525, 59.9083491], [10.7646494, 59.908312]]}, "properties": {"electrified": "contact_line", "frequency": "16.67", "gauge": "1435", "name": "\u00d8stfoldbanen", "railway": "rail", "usage": "branch", "voltage": "15000", "length_km": 0.026}}, {"type": "Feature", "geometry": {"type": "LineString", "coordinates": [[10.8399587, 59.7359861], [10.8402632, 59.7353174], [10.8403817, 59.7350444], [10.8408245, 59.7340617], [10.8409898, 59.733687], [10.8410627, 59.7335222], [10.8411285, 59.7333594], [10.8412008, 59.7331783], [10.8412533, 59.7330276], [10.8412984, 59.7328821], [10.841332, 59.732759], [10.8413651, 59.7326217], [10.8413961, 59.7324497], [10.8414217, 59.7322838], [10.8414372, 59.7321073], [10.8414429, 59.7319392], [10.841439, 59.7317408], [10.8414229, 59.7315407], [10.8414008, 59.7313657], [10.8413671, 59.7311933], [10.8413346, 59.7310479], [10.8412935, 59.7308881], [10.8412542, 59.7307667], [10.8412046, 59.7306331], [10.8411571, 59.7305154], [10.8411185, 59.730424], [10.8410698, 59.7303222], [10.8410185, 59.7302198]]}, "properties": {"electrified": "contact_line", "frequency": "16.67", "gauge": "1435", "maxspeed": "100", "name": "\u00d8stfoldbanen", "operator": "Bane NOR", "passenger_lines": "2", "railway": "rail", "usage": "branch", "voltage": "15000", "length_km": 0.653, "maxspeed_kmh": 100.0}}, {"type": "Feature", "geometry": {"type": "LineString", "coordinates": [[10.8346066, 59.7195553], [10.8345432, 59.7193493], [10.8344648, 59.7190741], [10.8343713, 59.718721]]}, "properties": {"electrified": "contact_line", "frequency": "16.67", "gauge": "1435", "name": "\u00d8stfoldbanen", "operator": "Bane NOR", "railway": "rail", "usage": "branch", "voltage": "15000", "length_km": 0.094}}, {"type": "Feature", "geometry": {"type": "LineString", "coordinates": [[10.8343544, 59.7177744], [10.8345011, 59.7182591], [10.8348843, 59.7195369]]}, "properties": {"electrified": "contact_line", "frequency": "16.67", "gauge": "1435", "name": "\u00d8stfoldbanen", "operator": "Bane NOR", "railway": "rail", "usage": "branch", "voltage": "15000", "length_km": 0.199}}, {"type": "Feature", "geometry": {"type": "LineString", "coordinates": [[10.8365193, 59.7237317], [10.8366955, 59.7240148], [10.8368496, 59.7242504], [10.8370422, 59.7245313]]}, "properties": {"electrified": "contact_line", "frequency": "16.67", "gauge": "1435", "name": "\u00d8stfoldbanen", "operator": "Bane NOR", "railway": "rail", "usage": "branch", "voltage": "15000", "length_km": 0.094}}, {"type": "Feature", "geometry": {"type": "LineString", "coordinates": [[10.8354856, 59.7218961], [10.8354225, 59.7217382], [10.83538, 59.7216163], [10.8353392, 59.72148], [10.8352618, 59.7212204], [10.8352099, 59.7210743], [10.8351064, 59.7208307], [10.8349464, 59.7204603], [10.834869, 59.720278], [10.8347745, 59.7200352], [10.8346974, 59.7198352], [10.8346066, 59.7195553]]}, "properties": {"electrified": "contact_line", "frequency": "16.67", "gauge": "1435", "name": "\u00d8stfoldbanen", "operator": "Bane NOR", "railway": "rail", "usage": "branch", "voltage": "15000", "length_km": 0.266}}, {"type": "Feature", "geometry": {"type": "LineString", "coordinates": [[10.8370422, 59.7245313], [10.8373136, 59.7249362], [10.837635, 59.725408], [10.8379293, 59.7258417], [10.8381857, 59.7262177]]}, "properties": {"electrified": "contact_line", "frequency": "16.67", "gauge": "1435", "name": "\u00d8stfoldbanen", "operator": "Bane NOR", "railway": "rail", "usage": "branch", "voltage": "15000", "length_km": 0.199}}, {"type": "Feature", "geometry": {"type": "LineString", "coordinates": [[10.8329748, 59.7147744], [10.833021, 59.7149306], [10.8331034, 59.7152471], [10.8331815, 59.7155615]]}, "properties": {"electrified": "contact_line", "frequency": "16.67", "gauge": "1435", "name": "\u00d8stfoldbanen", "operator": "Bane NOR", "railway": "rail", "usage": "main", "voltage": "15000", "length_km": 0.088}}, {"type": "Feature", "geometry": {"type": "LineString", "coordinates": [[10.8330989, 59.7155674], [10.8330201, 59.7152523], [10.8329381, 59.7149372], [10.832893, 59.7147824]]}, "properties": {"electrified": "contact_line", "frequency": "16.67", "gauge": "1435", "name": "\u00d8stfoldbanen", "operator": "Bane NOR", "railway": "rail", "usage": "main", "voltage": "15000", "length_km": 0.088}}, {"type": "Feature", "geometry": {"type": "LineString", "coordinates": [[10.8385136, 59.7411572], [10.8385067, 59.7412526], [10.8384629, 59.7418983], [10.8384345, 59.7422816], [10.8384077, 59.7426507], [10.8383905, 59.7428522], [10.8383638, 59.7430547], [10.838332, 59.7432159], [10.8382901, 59.7433706], [10.8382286, 59.7435455], [10.8381513, 59.7437175], [10.8380578, 59.7438942], [10.837947, 59.7440688], [10.8378156, 59.7442519]]}, "properties": {"electrified": "contact_line", "frequency": "16.67", "gauge": "1435", "maxspeed": "100", "name": "\u00d8stfoldbanen", "operator": "Bane NOR", "passenger_lines": "2", "railway": "rail", "usage": "branch", "voltage": "15000", "length_km": 0.349, "maxspeed_kmh": 100.0}}, {"type": "Feature", "geometry": {"type": "LineString", "coordinates": [[10.7642765, 59.9038466], [10.7644298, 59.9042044], [10.7646052, 59.904529]]}, "properties": {"electrified": "contact_line", "frequency": "16.67", "gauge": "1435", "maxspeed": "95", "name": "\u00d8stfoldbanen", "operator": "Bane NOR", "railway": "rail", "tunnel": "yes", "usage": "branch", "voltage": "15000", "length_km": 0.078, "maxspeed_kmh": 95.0}}, {"type": "Feature", "geometry": {"type": "LineString", "coordinates": [[10.8356977, 59.7223606], [10.8356412, 59.7222335], [10.8355657, 59.7220757], [10.8355212, 59.7219736], [10.8354856, 59.7218961]]}, "properties": {"electrified": "contact_line", "frequency": "16.67", "gauge": "1435", "name": "\u00d8stfoldbanen", "operator": "Bane NOR", "railway": "rail", "usage": "branch", "voltage": "15000", "length_km": 0.053}}, {"type": "Feature", "geometry": {"type": "LineString", "coordinates": [[10.8348843, 59.7195369], [10.8350299, 59.7200173], [10.8351609, 59.7204561], [10.835271, 59.7208212], [10.8353861, 59.7212107]]}, "properties": {"electrified": "contact_line", "frequency": "16.67", "gauge": "1435", "name": "\u00d8stfoldbanen", "operator": "Bane NOR", "railway": "rail", "usage": "branch", "voltage": "15000", "length_km": 0.189}}, {"type": "Feature", "geometry": {"type": "LineString", "coordinates": [[10.8353861, 59.7212107], [10.8354298, 59.7213735], [10.8354647, 59.7215289], [10.8355036, 59.7217427], [10.8355189, 59.7218335], [10.8355523, 59.7219581], [10.835582, 59.7220583], [10.8356132, 59.7221491], [10.8356456, 59.7222331], [10.8356977, 59.7223606]]}, "properties": {"electrified": "contact_line", "frequency": "16.67", "gauge": "1435", "name": "\u00d8stfoldbanen", "operator": "Bane NOR", "railway": "rail", "usage": "branch", "voltage": "15000", "length_km": 0.129}}, {"type": "Feature", "geometry": {"type": "LineString", "coordinates": [[10.8389354, 59.7274142], [10.838878, 59.7273384], [10.8386498, 59.7270371], [10.8380803, 59.7262403]]}, "properties": {"electrified": "contact_line", "frequency": "16.67", "gauge": "1435", "maxspeed": "100", "name": "\u00d8stfoldbanen", "operator": "Bane NOR", "railway": "rail", "usage": "branch", "voltage": "15000", "length_km": 0.139, "maxspeed_kmh": 100.0}}, {"type": "Feature", "geometry": {"type": "LineString", "coordinates": [[10.8381857, 59.7262177], [10.8382425, 59.7263026], [10.8387421, 59.7270184], [10.8389689, 59.7273231], [10.8390243, 59.7273976]]}, "properties": {"electrified": "contact_line", "frequency": "16.67", "gauge": "1435", "maxspeed": "100", "name": "\u00d8stfoldbanen", "operator": "Bane NOR", "railway": "rail", "usage": "branch", "voltage": "15000", "length_km": 0.14, "maxspeed_kmh": 100.0}}, {"type": "Feature", "geometry": {"type": "LineString", "coordinates": [[10.8380803, 59.7262403], [10.8378113, 59.7258586], [10.8370765, 59.7247666]]}, "properties": {"electrified": "contact_line", "frequency": "16.67", "gauge": "1435", "name": "\u00d8stfoldbanen", "operator": "Bane NOR", "railway": "rail", "usage": "branch", "voltage": "15000", "length_km": 0.174}}, {"type": "Feature", "geometry": {"type": "LineString", "coordinates": [[10.8347873, 59.7203453], [10.8348421, 59.720474], [10.8349626, 59.7207429]]}, "properties": {"electrified": "contact_line", "frequency": "16.67", "gauge": "1435", "maxspeed": "80", "name": "\u00d8stfoldbanen", "operator": "Bane NOR", "railway": "rail", "usage": "main", "voltage": "15000", "length_km": 0.045, "maxspeed_kmh": 80.0}}, {"type": "Feature", "geometry": {"type": "LineString", "coordinates": [[11.5877911, 58.9579671], [11.5879459, 58.9579142], [11.5881183, 58.9578504], [11.5882634, 58.9577923], [11.5884263, 58.957724], [11.5884954, 58.9576945]]}, "properties": {"electrified": "contact_line", "frequency": "16.67", "gauge": "1435", "maxspeed": "80", "name": "\u00d8stfoldbanen", "operator": "Bane NOR", "passenger_lines": "1", "railway": "rail", "usage": "main", "voltage": "15000", "length_km": 0.051, "maxspeed_kmh": 80.0}}, {"type": "Feature", "geometry": {"type": "LineString", "coordinates": [[11.5884954, 58.9576945], [11.5885748, 58.957659]]}, "properties": {"bridge": "yes", "electrified": "contact_line", "frequency": "16.67", "gauge": "1435", "maxspeed": "80", "name": "\u00d8stfoldbanen", "operator": "Bane NOR", "passenger_lines": "1", "railway": "rail", "usage": "main", "voltage": "15000", "length_km": 0.006, "maxspeed_kmh": 80.0}}, {"type": "Feature", "geometry": {"type": "LineString", "coordinates": [[11.4308531, 59.1269475], [11.4309793, 59.1269584]]}, "properties": {"electrified": "contact_line", "frequency": "16.67", "gauge": "1435", "maxspeed": "80", "name": "\u00d8stfoldbanen", "operator": "Bane NOR", "passenger_lines": "1", "railway": "rail", "usage": "main", "voltage": "15000", "length_km": 0.007, "maxspeed_kmh": 80.0}}, {"type": "Feature", "geometry": {"type": "LineString", "coordinates": [[11.4275476, 59.1267883], [11.4280086, 59.1268115], [11.4289695, 59.1268534], [11.4296328, 59.1268811], [11.4301402, 59.126903], [11.4304367, 59.1269178], [11.4307633, 59.1269397], [11.4308531, 59.1269475]]}, "properties": {"bridge": "yes", "electrified": "contact_line", "frequency": "16.67", "gauge": "1435", "maxspeed": "80", "name": "\u00d8stfoldbanen", "operator": "Bane NOR", "passenger_lines": "1", "railway": "rail", "usage": "main", "voltage": "15000", "length_km": 0.19, "maxspeed_kmh": 80.0}}, {"type": "Feature", "geometry": {"type": "LineString", "coordinates": [[10.9042852, 59.2626864], [10.90431, 59.2625825], [10.9043487, 59.2624334], [10.9044338, 59.2621317], [10.9045295, 59.2618587], [10.9046062, 59.2616467], [10.9046926, 59.2614347], [10.90481, 59.2611618], [10.9050678, 59.260626], [10.9054247, 59.2599084], [10.9057751, 59.2592092], [10.9062464, 59.2582631]]}, "properties": {"electrified": "contact_line", "frequency": "16.67", "gauge": "1435", "maxspeed": "130", "name": "\u00d8stfoldbanen", "operator": "Bane NOR", "passenger_lines": "1", "railway": "rail", "usage": "main", "voltage": "15000", "length_km": 0.506, "maxspeed_kmh": 130.0}}, {"type": "Feature", "geometry": {"type": "LineString", "coordinates": [[10.9062464, 59.2582631], [10.9064017, 59.2579517]]}, "properties": {"bridge": "yes", "electrified": "contact_line", "frequency": "16.67", "gauge": "1435", "maxspeed": "130", "name": "\u00d8stfoldbanen", "operator": "Bane NOR", "passenger_lines": "1", "railway": "rail", "usage": "main", "voltage": "15000", "length_km": 0.036, "maxspeed_kmh": 130.0}}, {"type": "Feature", "geometry": {"type": "LineString", "coordinates": [[10.6661275, 59.440529], [10.6659491, 59.4404005], [10.6657903, 59.4402921], [10.6656298, 59.4401861]]}, "properties": {"electrified": "contact_line", "frequency": "16.67", "gauge": "1435", "maxspeed": "60", "name": "\u00d8stfoldbanen", "operator": "Bane NOR", "passenger_lines": "1", "railway": "rail", "usage": "main", "voltage": "15000", "length_km": 0.048, "maxspeed_kmh": 60.0}}, {"type": "Feature", "geometry": {"type": "LineString", "coordinates": [[10.6662621, 59.440632], [10.666215, 59.4405966], [10.6661348, 59.4405346], [10.6661275, 59.440529]]}, "properties": {"bridge": "yes", "electrified": "contact_line", "frequency": "16.67", "gauge": "1435", "maxspeed": "60", "name": "\u00d8stfoldbanen", "operator": "Bane NOR", "passenger_lines": "1", "railway": "rail", "usage": "main", "voltage": "15000", "length_km": 0.014, "maxspeed_kmh": 60.0}}, {"type": "Feature", "geometry": {"type": "LineString", "coordinates": [[10.8035143, 59.8095652], [10.8033837, 59.8096307], [10.8032513, 59.8096941], [10.8031426, 59.8097477], [10.8028717, 59.8098769], [10.8026095, 59.810002], [10.8023353, 59.8101345], [10.8018498, 59.8103658], [10.8017117, 59.8104336], [10.8015548, 59.8105098], [10.8014391, 59.8105703], [10.801304, 59.8106462], [10.8011933, 59.8107104], [10.8010975, 59.8107715], [10.8009744, 59.8108547], [10.8008986, 59.8109111], [10.8008216, 59.8109699], [10.8007471, 59.8110312], [10.8006518, 59.8111138], [10.800563, 59.8111978], [10.8004812, 59.8112821], [10.8004172, 59.811355], [10.8003538, 59.8114322]]}, "properties": {"electrified": "contact_line", "frequency": "16.67", "gauge": "1435", "name": "\u00d8stfoldbanen", "passenger_lines": "2", "railway": "rail", "usage": "branch", "voltage": "15000", "length_km": 0.276}}, {"type": "Feature", "geometry": {"type": "LineString", "coordinates": [[10.8358096, 59.7226066], [10.8358008, 59.7225867], [10.8357458, 59.7224687], [10.8356977, 59.7223606]]}, "properties": {"electrified": "contact_line", "frequency": "16.67", "gauge": "1435", "name": "\u00d8stfoldbanen", "operator": "Bane NOR", "railway": "rail", "usage": "branch", "voltage": "15000", "length_km": 0.028}}, {"type": "Feature", "geometry": {"type": "LineString", "coordinates": [[10.8003538, 59.8114322], [10.8002699, 59.8115478], [10.8001947, 59.8116749]]}, "properties": {"electrified": "contact_line", "frequency": "16.67", "gauge": "1435", "maxspeed": "85", "name": "\u00d8stfoldbanen", "operator": "Bane NOR", "passenger_lines": "2", "railway": "rail", "usage": "branch", "voltage": "15000", "length_km": 0.028, "maxspeed_kmh": 85.0}}, {"type": "Feature", "geometry": {"type": "LineString", "coordinates": [[10.8050855, 59.8055404], [10.8051453, 59.8056963], [10.8052424, 59.8059633], [10.8053161, 59.8061802], [10.8053711, 59.8063962], [10.8054018, 59.8065718], [10.8054155, 59.8067492], [10.8054165, 59.8068001], [10.8054113, 59.8069974], [10.8053977, 59.8071939], [10.8053627, 59.8073954], [10.8053078, 59.807592], [10.8052413, 59.8077659], [10.805162, 59.807943], [10.8050692, 59.808118], [10.8049612, 59.8082912], [10.8048342, 59.808477], [10.8046861, 59.8086598]]}, "properties": {"electrified": "contact_line", "frequency": "16.67", "gauge": "1435", "maxspeed": "105", "name": "\u00d8stfoldbanen", "operator": "Bane NOR", "passenger_lines": "2", "railway": "rail", "usage": "branch", "voltage": "15000", "length_km": 0.355, "maxspeed_kmh": 105.0}}, {"type": "Feature", "geometry": {"type": "LineString", "coordinates": [[10.8053379, 59.8067511], [10.8053222, 59.8065718], [10.8052948, 59.8063984], [10.8052409, 59.8061832], [10.8051701, 59.8059688], [10.8050738, 59.8057055], [10.8050141, 59.8055491], [10.8049725, 59.8054369], [10.8048684, 59.8051673]]}, "properties": {"electrified": "contact_line", "frequency": "16.67", "gauge": "1435", "maxspeed": "105", "name": "\u00d8stfoldbanen", "operator": "Bane NOR", "passenger_lines": "2", "railway": "rail", "usage": "branch", "voltage": "15000", "length_km": 0.179, "maxspeed_kmh": 105.0}}, {"type": "Feature", "geometry": {"type": "LineString", "coordinates": [[10.7991279, 59.8134935], [10.7989413, 59.8137213], [10.7987412, 59.8139471], [10.7983078, 59.8144301]]}, "properties": {"electrified": "contact_line", "frequency": "16.67", "gauge": "1435", "maxspeed": "105", "name": "\u00d8stfoldbanen", "operator": "Bane NOR", "passenger_lines": "2", "railway": "rail", "usage": "branch", "voltage": "15000", "length_km": 0.114, "maxspeed_kmh": 105.0}}, {"type": "Feature", "geometry": {"type": "LineString", "coordinates": [[10.6925181, 59.4780582], [10.6924857, 59.4780215]]}, "properties": {"electrified": "contact_line", "frequency": "16.67", "gauge": "1435", "name": "\u00d8stfoldbanen", "operator": "Bane NOR", "passenger_lines": "2", "railway": "rail", "usage": "main", "voltage": "15000", "length_km": 0.004}}]}