{"type": "FeatureCollection", "features": [{"type": "Feature", "geometry": {"type": "LineString", "coordinates": [[11.3933963, 62.7867644], [11.3933006, 62.7867289], [11.3929925, 62.7866273], [11.3926468, 62.7865264], [11.3923198, 62.7864424], [11.3921655, 62.7864071], [11.3918729, 62.7863459], [11.3915209, 62.7862807], [11.39115, 62.7862233], [11.3908055, 62.7861783], [11.3904637, 62.7861394], [11.3901159, 62.7861084], [11.389747, 62.7860812], [11.3893401, 62.7860589], [11.3890038, 62.7860474], [11.3884625, 62.7860416], [11.3879922, 62.7860481], [11.3877317, 62.7860558], [11.3875099, 62.7860652], [11.3870296, 62.7860955], [11.3868001, 62.7861144], [11.3864862, 62.7861468], [11.3861663, 62.7861866], [11.3859047, 62.7862249], [11.3856458, 62.7862681], [11.385379, 62.7863181], [11.3850744, 62.7863824], [11.3847612, 62.786457], [11.3844632, 62.7865358], [11.3842228, 62.7866076], [11.3839841, 62.7866851], [11.3837454, 62.786769], [11.3835371, 62.7868492], [11.3831342, 62.7870243], [11.3829241, 62.7871256], [11.3827289, 62.7872285], [11.3825506, 62.7873296], [11.3822414, 62.7875295], [11.3820868, 62.7876449], [11.3819313, 62.7877717], [11.3812852, 62.7883593], [11.3810236, 62.7885801], [11.3808719, 62.7886955], [11.3806952, 62.7888196], [11.3805106, 62.788938], [11.3802587, 62.7890826], [11.3800359, 62.789197], [11.3798096, 62.7893036], [11.3795219, 62.7894251], [11.3791538, 62.7895629], [11.3788096, 62.7896755], [11.3784932, 62.7897661], [11.3782183, 62.7898372], [11.3778918, 62.7899137], [11.3775069, 62.789994], [11.3758437, 62.7903137], [11.3754189, 62.7904012], [11.3746013, 62.7905846], [11.373786, 62.790791], [11.3717567, 62.791344], [11.3714441, 62.7914213], [11.3710901, 62.7915022], [11.3707581, 62.7915664], [11.3704304, 62.7916204], [11.3701092, 62.7916629], [11.3697257, 62.7917034], [11.3693193, 62.7917341], [11.3689211, 62.7917529], [11.3685766, 62.791759], [11.3682019, 62.7917559], [11.3677688, 62.7917398], [11.367428, 62.791717], [11.3670414, 62.7916793], [11.3667217, 62.7916379], [11.3663803, 62.7915841], [11.3660778, 62.7915279], [11.3658116, 62.791471], [11.3654995, 62.7913958], [11.3652153, 62.7913152], [11.3649321, 62.7912269], [11.3646583, 62.7911313], [11.3643769, 62.7910203], [11.3641095, 62.7909007], [11.3638958, 62.7907941], [11.3637083, 62.7906914], [11.3634957, 62.7905593], [11.3633182, 62.7904375], [11.3631418, 62.7902985], [11.3630049, 62.7901787], [11.3628565, 62.7900282], [11.3627397, 62.7898891], [11.362637, 62.7897454], [11.3625411, 62.7895843], [11.3624186, 62.7893258], [11.3619115, 62.7879867], [11.3617159, 62.7875286], [11.361575, 62.7872594], [11.3614108, 62.7869969], [11.3613186, 62.7868641], [11.3610966, 62.7865876], [11.3607434, 62.7862142], [11.3604766, 62.7859581], [11.3592846, 62.7848551]]}, "properties": {"electrified": "no", "gauge": "1435", "maxspeed": "85", "name": "R\u00f8rosbanen", "operator": "Bane NOR", "passenger_lines": "1", "railway": "rail", "usage": "main", "length_km": 2.501, "maxspeed_kmh": 85.0}}, {"type": "Feature", "geometry": {"type": "LineString", "coordinates": [[11.3525921, 62.5683921], [11.3522023, 62.5684464], [11.3515437, 62.5685539], [11.3509082, 62.5686676], [11.3498653, 62.5688755], [11.3444383, 62.5699922], [11.3441271, 62.5700517], [11.3436414, 62.5701303], [11.3434192, 62.5701616], [11.3431785, 62.5701903], [11.3429544, 62.570212], [11.3424751, 62.5702437], [11.3422553, 62.5702524], [11.3417797, 62.5702573], [11.3412784, 62.5702441], [11.3410224, 62.5702293], [11.3405652, 62.5701883], [11.3402915, 62.5701555], [11.3400057, 62.5701162], [11.3396941, 62.5700625], [11.3394322, 62.5700115], [11.3389722, 62.5699023], [11.3387588, 62.5698422], [11.3383856, 62.569723], [11.3380741, 62.5696078], [11.3378191, 62.5695037], [11.3375319, 62.5693644], [11.3372941, 62.5692361], [11.3370139, 62.569057], [11.3368882, 62.5689674], [11.3367076, 62.5688193], [11.3365038, 62.5686238], [11.3363581, 62.568449], [11.3362518, 62.5682809]]}, "properties": {"electrified": "no", "gauge": "1435", "maxspeed": "85", "name": "R\u00f8rosbanen", "operator": "Bane NOR", "passenger_lines": "1", "railway": "rail", "usage": "main", "length_km": 0.983, "maxspeed_kmh": 85.0}}, {"type": "Feature", "geometry": {"type": "LineString", "coordinates": [[11.3948608, 62.6352756], [11.3947873, 62.6352209], [11.3943828, 62.6349399], [11.394155, 62.6348], [11.3939658, 62.6346947], [11.3937347, 62.6345817], [11.3935355, 62.6344919], [11.3933209, 62.6344051], [11.3929067, 62.6342587], [11.3925702, 62.6341603], [11.3921087, 62.634048], [11.3917249, 62.6339696], [11.3913319, 62.6338982], [11.3880454, 62.6333554], [11.3874241, 62.6332417], [11.3870394, 62.633159], [11.3866648, 62.6330664], [11.3864841, 62.6330169], [11.3860888, 62.6328974], [11.3856855, 62.6327553], [11.38529, 62.6325966], [11.3847178, 62.6323265], [11.3845693, 62.6322496]]}, "properties": {"electrified": "no", "gauge": "1435", "maxspeed": "85", "name": "R\u00f8rosbanen", "operator": "Bane NOR", "passenger_lines": "1", "railway": "rail", "usage": "main", "length_km": 0.642, "maxspeed_kmh": 85.0}}, {"type": "Feature", "geometry": {"type": "LineString", "coordinates": [[10.9125216, 61.6797398], [10.9120149, 61.6787459], [10.9118929, 61.6784946], [10.9113137, 61.6773743], [10.9103942, 61.6755646], [10.9081643, 61.6712143], [10.9079551, 61.6708187], [10.9078422, 61.6706272], [10.907712, 61.6704272], [10.9075894, 61.6702589], [10.907458, 61.6700899], [10.9072007, 61.6697958], [10.9070094, 61.6696007], [10.9064508, 61.6690632], [10.9061221, 61.6687199], [10.9059674, 61.6685396], [10.9056837, 61.6681645], [10.9055632, 61.6679834], [10.905442, 61.6677858], [10.9053102, 61.6675361], [10.9051786, 61.6672424], [10.9050363, 61.6668224], [10.9046604, 61.665354], [10.9045484, 61.664954], [10.9045016, 61.6648112], [10.9043669, 61.6644804], [10.9042657, 61.6642714], [10.9041161, 61.663996], [10.9039885, 61.6637956], [10.9038577, 61.6636061], [10.9036112, 61.6632932], [10.9034009, 61.6630539], [10.9031114, 61.6627598], [10.9027157, 61.6623825], [10.9023187, 61.6620141], [10.9013233, 61.6610912], [10.9008033, 61.6606059], [10.9006372, 61.6604436], [10.900483, 61.6602894], [10.9002366, 61.6600136], [10.9000088, 61.6597312], [10.8999247, 61.6596155], [10.8997496, 61.6593541], [10.8995934, 61.6590993], [10.8990822, 61.658238], [10.8983131, 61.6569422], [10.8978187, 61.6561125], [10.8973979, 61.6553913], [10.8973036, 61.6552163], [10.8972238, 61.6550456], [10.8970894, 61.6547145], [10.8970382, 61.654572], [10.8970039, 61.6544477], [10.8969268, 61.6541075], [10.8968876, 61.6537693], [10.8968845, 61.6536049], [10.8968919, 61.653332], [10.8969228, 61.6530562], [10.896979, 61.6527384], [10.8973151, 61.6512158], [10.8973567, 61.6508684], [10.8973692, 61.6505245], [10.8973621, 61.650328], [10.8973125, 61.6498453], [10.8973091, 61.649525], [10.8973123, 61.6494387], [10.8973552, 61.6491593], [10.8973933, 61.6489703], [10.8974654, 61.6483479], [10.8974766, 61.6481114], [10.8974838, 61.6475486], [10.8974802, 61.6471818], [10.897492, 61.6469955], [10.8975045, 61.6463996], [10.8975027, 61.646034], [10.8975185, 61.645331], [10.8975316, 61.6451658], [10.8975526, 61.6449975], [10.897621, 61.6446928], [10.8976539, 61.6446036]]}, "properties": {"electrified": "no", "gauge": "1435", "maxspeed": "110", "name": "R\u00f8rosbanen", "operator": "Bane NOR", "passenger_lines": "1", "railway": "rail", "usage": "main", "length_km": 4.05, "maxspeed_kmh": 110.0}}, {"type": "Feature", "geometry": {"type": "LineString", "coordinates": [[10.8862314, 62.335715], [10.885759, 62.3354665], [10.8850984, 62.3351311], [10.8846277, 62.3349076], [10.8843045, 62.3347612], [10.8835734, 62.3344441], [10.8831313, 62.3342633], [10.8825237, 62.3340233], [10.8819767, 62.3338237], [10.8811842, 62.333552], [10.879807, 62.3331003], [10.8793804, 62.3329506], [10.8789634, 62.3327969], [10.8783897, 62.3325662], [10.878107, 62.3324444], [10.8778234, 62.3323185], [10.8773962, 62.3321164], [10.8768568, 62.3318421], [10.8763114, 62.3315434], [10.8757983, 62.3312384], [10.8754201, 62.3309944], [10.8748973, 62.3306324], [10.8740432, 62.3300082], [10.8734292, 62.3295423], [10.8728642, 62.3291004], [10.8725654, 62.3288606], [10.8722833, 62.3286204], [10.8719234, 62.3282849], [10.8717377, 62.3280965], [10.8715584, 62.3279012], [10.8712591, 62.3275376], [10.8709896, 62.3271555], [10.87085, 62.326929], [10.8707209, 62.3266966], [10.8705672, 62.3263861], [10.8702966, 62.3257972], [10.8700726, 62.3253328], [10.869898, 62.3249994], [10.8696044, 62.3244779], [10.8693568, 62.324075], [10.869089, 62.3236581], [10.8687682, 62.3231854], [10.8685984, 62.3229454], [10.8682203, 62.3224317], [10.8676657, 62.3217345], [10.8671588, 62.321138], [10.8657759, 62.3195387]]}, "properties": {"electrified": "no", "gauge": "1435", "maxspeed": "130", "name": "R\u00f8rosbanen", "operator": "Bane NOR", "passenger_lines": "1", "railway": "rail", "usage": "main", "length_km": 2.153, "maxspeed_kmh": 130.0}}, {"type": "Feature", "geometry": {"type": "LineString", "coordinates": [[11.0937481, 60.791319], [11.0940269, 60.7914589], [11.0942347, 60.7915747], [11.0944537, 60.7917123], [11.0946907, 60.7918935], [11.0948514, 60.7920261], [11.0951842, 60.7923457], [11.0954934, 60.7926591], [11.0965974, 60.7937592]]}, "properties": {"electrified": "no", "gauge": "1435", "maxspeed": "80", "name": "R\u00f8rosbanen", "operator": "Bane NOR", "passenger_lines": "2", "railway": "rail", "usage": "main", "length_km": 0.315, "maxspeed_kmh": 80.0}}, {"type": "Feature", "geometry": {"type": "LineString", "coordinates": [[11.3520745, 61.0619751], [11.3524862, 61.0615238], [11.3540923, 61.0597529], [11.3544663, 61.0593405], [11.3562824, 61.057352], [11.3565098, 61.0571218], [11.3567162, 61.0569353], [11.3569225, 61.0567708], [11.3571929, 61.05658], [11.3573165, 61.0565006], [11.3574428, 61.056424], [11.3577082, 61.0562752], [11.3579854, 61.0561352], [11.358271, 61.0560041], [11.3584134, 61.0559434], [11.3587513, 61.055809], [11.3597859, 61.0554301], [11.360092, 61.0553101], [11.3604677, 61.0551471], [11.3607336, 61.0550179], [11.3608572, 61.0549527], [11.3612196, 61.0547455], [11.3614431, 61.0546015], [11.3616421, 61.0544617], [11.3618455, 61.0543046], [11.3620139, 61.0541626], [11.3622623, 61.0539233], [11.3624844, 61.0536711], [11.3626212, 61.0534875], [11.3627284, 61.0533246], [11.3627789, 61.0532361], [11.3628739, 61.053049], [11.3629121, 61.0529571], [11.3629477, 61.0528652], [11.3630031, 61.0526838], [11.3630457, 61.0524826], [11.3630732, 61.0522695], [11.3631113, 61.0517861], [11.3631443, 61.0514906], [11.3632021, 61.0512016], [11.3632828, 61.0509252], [11.3633902, 61.0506437], [11.3635478, 61.0503194], [11.3637383, 61.0500018], [11.3638229, 61.049876], [11.3639985, 61.0496374], [11.3659625, 61.0471594], [11.3671403, 61.0456732], [11.3673229, 61.0454529], [11.3674934, 61.0452704], [11.3677057, 61.0450728], [11.3679158, 61.0449061], [11.3680229, 61.0448275], [11.3681433, 61.0447461], [11.3684056, 61.0445837], [11.369177, 61.0441384], [11.3692365, 61.0441018], [11.3694756, 61.0439548], [11.369742, 61.0437745], [11.3698823, 61.0436736], [11.3700391, 61.0435538], [11.3703272, 61.0433143], [11.3706032, 61.043057], [11.3709427, 61.0427096], [11.37123, 61.0424022], [11.3716392, 61.0419372], [11.3718931, 61.0416283], [11.3722268, 61.0411991], [11.3724304, 61.0409219], [11.3726152, 61.0406543], [11.3729726, 61.0401035], [11.3732097, 61.0397007], [11.373469, 61.0392147], [11.3736256, 61.0388943], [11.3737664, 61.0385825], [11.3739557, 61.0381058], [11.3740436, 61.0378372], [11.3742087, 61.0372436]]}, "properties": {"electrified": "no", "gauge": "1435", "maxspeed": "90", "name": "R\u00f8rosbanen", "operator": "Bane NOR", "passenger_lines": "1", "railway": "rail", "usage": "main", "length_km": 3.061, "maxspeed_kmh": 90.0}}, {"type": "Feature", "geometry": {"type": "LineString", "coordinates": [[11.3866435, 62.5719944], [11.3866463, 62.5718961]]}, "properties": {"bridge": "yes", "electrified": "no", "gauge": "1435", "maxspeed": "50", "name": "R\u00f8rosbanen", "operator": "Bane NOR", "passenger_lines": "1", "railway": "rail", "usage": "main", "length_km": 0.011, "maxspeed_kmh": 50.0}}, {"type": "Feature", "geometry": {"type": "LineString", "coordinates": [[11.3859392, 62.5730742], [11.3860618, 62.5729777], [11.3861935, 62.5728557], [11.3862813, 62.5727632], [11.3863517, 62.572677], [11.3864496, 62.5725388], [11.3864988, 62.5724533], [11.3865398, 62.572372], [11.3865949, 62.5722309], [11.3866186, 62.5721509], [11.3866435, 62.5719944]]}, "properties": {"electrified": "no", "gauge": "1435", "maxspeed": "50", "name": "R\u00f8rosbanen", "operator": "Bane NOR", "passenger_lines": "1", "railway": "rail", "usage": "main", "length_km": 0.127, "maxspeed_kmh": 50.0}}, {"type": "Feature", "geometry": {"type": "LineString", "coordinates": [[11.3857223, 62.5732279], [11.3854891, 62.5733637], [11.3853168, 62.5734536], [11.3851089, 62.5735447], [11.3848621, 62.573642], [11.3846409, 62.5737189], [11.3844048, 62.5737905], [11.3841822, 62.5738505], [11.3839844, 62.5738977], [11.3837128, 62.5739539], [11.3834815, 62.5739972], [11.383321, 62.5740222]]}, "properties": {"electrified": "no", "gauge": "1435", "maxspeed": "50", "name": "R\u00f8rosbanen", "operator": "Bane NOR", "passenger_lines": "1", "railway": "rail", "usage": "main", "length_km": 0.154, "maxspeed_kmh": 50.0}}, {"type": "Feature", "geometry": {"type": "LineString", "coordinates": [[11.3859392, 62.5730742], [11.3857223, 62.5732279]]}, "properties": {"bridge": "yes", "electrified": "no", "gauge": "1435", "maxspeed": "50", "name": "R\u00f8rosbanen", "operator": "Bane NOR", "passenger_lines": "1", "railway": "rail", "usage": "main", "length_km": 0.02, "maxspeed_kmh": 50.0}}, {"type": "Feature", "geometry": {"type": "LineString", "coordinates": [[10.8232428, 61.740051], [10.823363, 61.7398675]]}, "properties": {"bridge": "yes", "electrified": "no", "gauge": "1435", "maxspeed": "130", "name": "R\u00f8rosbanen", "operator": "Bane NOR", "passenger_lines": "1", "railway": "rail", "usage": "main", "length_km": 0.021, "maxspeed_kmh": 130.0}}, {"type": "Feature", "geometry": {"type": "LineString", "coordinates": [[10.7054529, 62.0753865], [10.7056062, 62.0752504], [10.7057277, 62.0751342], [10.705952, 62.0749183], [10.7062043, 62.0746584], [10.7062832, 62.0745843], [10.7066007, 62.0742415], [10.7069568, 62.0738247], [10.7070962, 62.0736495], [10.7071094, 62.0736221], [10.7071295, 62.0736048], [10.707189, 62.0735282], [10.707373, 62.0732771], [10.7075854, 62.0729694], [10.7078017, 62.0726301], [10.7078508, 62.0725368], [10.7079515, 62.0723739], [10.7081588, 62.0719807], [10.7082942, 62.0716931], [10.7084287, 62.0713714], [10.708583, 62.0709531], [10.7086386, 62.0707742], [10.7089295, 62.069754], [10.7090376, 62.0694104], [10.7092975, 62.0686764], [10.7096416, 62.0678519], [10.7098352, 62.0674327], [10.7101523, 62.0668058], [10.7104465, 62.0662721], [10.7108319, 62.0656315], [10.7110918, 62.06523], [10.7114048, 62.0647714], [10.7117168, 62.0643368], [10.7121481, 62.0637722], [10.7127524, 62.0630437], [10.7130255, 62.0627291], [10.7133069, 62.0624134], [10.7138854, 62.0617898], [10.7144807, 62.0611817], [10.7165277, 62.0591253], [10.7192508, 62.0563895], [10.7245227, 62.0510923], [10.725261, 62.0503514], [10.7264904, 62.0491177], [10.7269575, 62.0486625], [10.7274007, 62.0482592], [10.7278656, 62.0478732], [10.7281377, 62.0476591], [10.7283983, 62.0474646], [10.7288585, 62.0471351], [10.7293536, 62.0468048], [10.7296091, 62.0466423], [10.7296549, 62.0466143]]}, "properties": {"electrified": "no", "gauge": "1435", "maxspeed": "130", "name": "R\u00f8rosbanen", "operator": "Bane NOR", "passenger_lines": "1", "railway": "rail", "usage": "main", "length_km": 3.47, "maxspeed_kmh": 130.0}}, {"type": "Feature", "geometry": {"type": "LineString", "coordinates": [[11.3663423, 61.1298932], [11.3671897, 61.13075], [11.3677061, 61.1312738], [11.3679213, 61.1315137], [11.3680467, 61.131662], [11.36815, 61.1317908], [11.3682204, 61.131887], [11.3683116, 61.1320213], [11.3684242, 61.1322043], [11.3685416, 61.1324315], [11.3686318, 61.1326122], [11.3695282, 61.1345827], [11.3696755, 61.1348996], [11.3699074, 61.1354048], [11.3700604, 61.1357514], [11.3703885, 61.1365204], [11.3704758, 61.1367276]]}, "properties": {"electrified": "no", "gauge": "1435", "maxspeed": "100", "name": "R\u00f8rosbanen", "operator": "Bane NOR", "passenger_lines": "1", "railway": "rail", "usage": "main", "length_km": 0.797, "maxspeed_kmh": 100.0}}, {"type": "Feature", "geometry": {"type": "LineString", "coordinates": [[11.2804886, 60.7937853], [11.2844111, 60.7948449], [11.2859646, 60.795226], [11.2875782, 60.795561], [11.289003, 60.7958207], [11.2906509, 60.796051], [11.2925392, 60.7962646]]}, "properties": {"electrified": "no", "gauge": "1435", "maxspeed": "115", "name": "R\u00f8rosbanen", "operator": "Bane NOR", "passenger_lines": "1", "railway": "rail", "usage": "main", "length_km": 0.716, "maxspeed_kmh": 115.0}}, {"type": "Feature", "geometry": {"type": "LineString", "coordinates": [[11.2791067, 60.7933958], [11.2804886, 60.7937853]]}, "properties": {"bridge": "yes", "electrified": "no", "gauge": "1435", "maxspeed": "115", "name": "R\u00f8rosbanen", "operator": "Bane NOR", "passenger_lines": "1", "railway": "rail", "usage": "main", "length_km": 0.087, "maxspeed_kmh": 115.0}}, {"type": "Feature", "geometry": {"type": "LineString", "coordinates": [[11.4191807, 62.672458], [11.4192578, 62.6722925], [11.4193592, 62.6720297], [11.419403, 62.6718765]]}, "properties": {"bridge": "yes", "electrified": "no", "gauge": "1435", "maxspeed": "60", "name": "R\u00f8rosbanen", "operator": "Bane NOR", "passenger_lines": "1", "railway": "rail", "usage": "main", "length_km": 0.066, "maxspeed_kmh": 60.0}}, {"type": "Feature", "geometry": {"type": "LineString", "coordinates": [[11.218785, 60.7767883], [11.2192919, 60.7767873]]}, "properties": {"bridge": "yes", "electrified": "no", "gauge": "1435", "maxspeed": "120", "name": "R\u00f8rosbanen", "operator": "Bane NOR", "passenger_lines": "1", "railway": "rail", "usage": "main", "length_km": 0.028, "maxspeed_kmh": 120.0}}, {"type": "Feature", "geometry": {"type": "LineString", "coordinates": [[11.2272133, 60.7767572], [11.229351, 60.7767482], [11.2300403, 60.7767456], [11.230432, 60.7767438], [11.2312081, 60.7767474], [11.231539, 60.7767534], [11.2318931, 60.7767644], [11.2323249, 60.7767842], [11.23275, 60.77681], [11.2334223, 60.7768675], [11.2341025, 60.7769472], [11.2348254, 60.7770514], [11.2355214, 60.7771738], [11.2358567, 60.7772484], [11.2362305, 60.7773352], [11.2368357, 60.7774893], [11.237367, 60.7776446], [11.2378576, 60.7777971], [11.2383486, 60.7779723], [11.2387857, 60.778146], [11.2392472, 60.7783519], [11.2408523, 60.7791127], [11.2483649, 60.7826819], [11.2563487, 60.7864764], [11.2580219, 60.7872516], [11.2589972, 60.7876619], [11.2599332, 60.788031], [11.2616917, 60.7886274], [11.2629561, 60.7890089], [11.2646271, 60.789467], [11.2678662, 60.7903457]]}, "properties": {"electrified": "no", "gauge": "1435", "maxspeed": "115", "name": "R\u00f8rosbanen", "operator": "Bane NOR", "passenger_lines": "1", "railway": "rail", "usage": "main", "length_km": 2.766, "maxspeed_kmh": 115.0}}, {"type": "Feature", "geometry": {"type": "LineString", "coordinates": [[11.1787897, 60.784539], [11.1788655, 60.7845211]]}, "properties": {"bridge": "yes", "electrified": "no", "gauge": "1435", "maxspeed": "120", "name": "R\u00f8rosbanen", "operator": "Bane NOR", "passenger_lines": "1", "railway": "rail", "usage": "main", "length_km": 0.005, "maxspeed_kmh": 120.0}}, {"type": "Feature", "geometry": {"type": "LineString", "coordinates": [[11.1788655, 60.7845211], [11.187755, 60.7824931], [11.1893445, 60.7820905], [11.1909028, 60.7816342], [11.1919354, 60.7812859], [11.1941756, 60.7804166], [11.1949864, 60.7800767], [11.1994955, 60.7781862], [11.200355, 60.7778717], [11.2012127, 60.7776016], [11.2023043, 60.7773285], [11.2031181, 60.7771721], [11.2040858, 60.7770335], [11.2049952, 60.7769362], [11.2058964, 60.7768733], [11.2066314, 60.7768398], [11.2073824, 60.7768254], [11.218785, 60.7767883]]}, "properties": {"electrified": "no", "gauge": "1435", "maxspeed": "120", "name": "R\u00f8rosbanen", "operator": "Bane NOR", "passenger_lines": "1", "railway": "rail", "usage": "main", "length_km": 2.423, "maxspeed_kmh": 120.0}}, {"type": "Feature", "geometry": {"type": "LineString", "coordinates": [[11.3453549, 60.8205634], [11.3455334, 60.8206744], [11.3460165, 60.8209859], [11.3465782, 60.8213691], [11.3468784, 60.8216242], [11.3471962, 60.8218922], [11.3474598, 60.8221454], [11.3479601, 60.8226788], [11.3482851, 60.8230433], [11.348533, 60.8233802], [11.3488827, 60.8238142], [11.3493136, 60.824282], [11.3495169, 60.824496], [11.3497486, 60.8247061], [11.3502202, 60.8251024], [11.3508105, 60.8256119]]}, "properties": {"electrified": "no", "gauge": "1435", "maxspeed": "120", "name": "R\u00f8rosbanen", "operator": "Bane NOR", "passenger_lines": "1", "railway": "rail", "usage": "main", "length_km": 0.639, "maxspeed_kmh": 120.0}}, {"type": "Feature", "geometry": {"type": "LineString", "coordinates": [[11.3402157, 60.8173619], [11.3404066, 60.8174948]]}, "properties": {"bridge": "yes", "electrified": "no", "gauge": "1435", "name": "R\u00f8rosbanen", "operator": "Bane NOR", "passenger_lines": "1", "railway": "rail", "usage": "main", "length_km": 0.018}}, {"type": "Feature", "geometry": {"type": "LineString", "coordinates": [[11.3508105, 60.8256119], [11.3509109, 60.8256961]]}, "properties": {"bridge": "yes", "electrified": "no", "gauge": "1435", "maxspeed": "120", "name": "R\u00f8rosbanen", "operator": "Bane NOR", "passenger_lines": "1", "railway": "rail", "usage": "main", "length_km": 0.011, "maxspeed_kmh": 120.0}}, {"type": "Feature", "geometry": {"type": "LineString", "coordinates": [[11.3509109, 60.8256961], [11.3514653, 60.8261591], [11.3520855, 60.8266798], [11.3529311, 60.827392], [11.3532892, 60.8276901], [11.3535883, 60.8279293], [11.3538141, 60.8281028], [11.3541703, 60.8283569], [11.3544492, 60.8285432], [11.354802, 60.8287666], [11.35516, 60.828972], [11.3555302, 60.8291759], [11.3558614, 60.8293465], [11.3562343, 60.8295302], [11.3566165, 60.8297047], [11.3569826, 60.8298669], [11.3573809, 60.8300309], [11.3576625, 60.8301401], [11.3579951, 60.8302656], [11.3583317, 60.8303872], [11.3586898, 60.8305094], [11.3590787, 60.8306375], [11.3599102, 60.8308983], [11.3621221, 60.8315893], [11.3657883, 60.8327304], [11.3684973, 60.833569], [11.3707115, 60.8342601], [11.3718112, 60.8346032], [11.3725072, 60.8348251], [11.373277, 60.8350898], [11.3739341, 60.8353316], [11.3745316, 60.835565], [11.3750848, 60.835795], [11.3754764, 60.8359656], [11.3758412, 60.8361296], [11.376607, 60.8364812], [11.3776664, 60.8369648], [11.3791524, 60.8376458], [11.3817689, 60.8388443], [11.3839703, 60.8398565], [11.385045, 60.8403489], [11.3861516, 60.840854], [11.3893045, 60.8422971], [11.3927069, 60.8438567], [11.3936963, 60.8442926], [11.3947856, 60.8448034], [11.3963179, 60.8455028], [11.3979788, 60.8462679], [11.3994795, 60.8469529], [11.4012974, 60.8477865], [11.4054756, 60.8497006], [11.4094948, 60.8515426]]}, "properties": {"electrified": "no", "gauge": "1435", "maxspeed": "120", "name": "R\u00f8rosbanen", "operator": "Bane NOR", "passenger_lines": "1", "railway": "rail", "usage": "main", "length_km": 4.326, "maxspeed_kmh": 120.0}}, {"type": "Feature", "geometry": {"type": "LineString", "coordinates": [[11.1244095, 60.7974962], [11.1246637, 60.7974897]]}, "properties": {"bridge": "yes", "electrified": "no", "gauge": "1435", "maxspeed": "120", "name": "R\u00f8rosbanen", "operator": "Bane NOR", "passenger_lines": "1", "railway": "rail", "usage": "main", "length_km": 0.014, "maxspeed_kmh": 120.0}}, {"type": "Feature", "geometry": {"type": "LineString", "coordinates": [[11.1112836, 60.7971183], [11.1170755, 60.7973099], [11.1183313, 60.7973508], [11.1216195, 60.7974578], [11.1224663, 60.7974858], [11.1232895, 60.7974985], [11.1241846, 60.797502], [11.1244095, 60.7974962]]}, "properties": {"electrified": "no", "gauge": "1435", "maxspeed": "120", "name": "R\u00f8rosbanen", "operator": "Bane NOR", "passenger_lines": "1", "railway": "rail", "usage": "main", "length_km": 0.716, "maxspeed_kmh": 120.0}}, {"type": "Feature", "geometry": {"type": "LineString", "coordinates": [[11.1035653, 60.7967616], [11.1039555, 60.7968137]]}, "properties": {"bridge": "yes", "electrified": "no", "gauge": "1435", "maxspeed": "80", "name": "R\u00f8rosbanen", "operator": "Bane NOR", "passenger_lines": "1", "railway": "rail", "usage": "main", "length_km": 0.022, "maxspeed_kmh": 80.0}}, {"type": "Feature", "geometry": {"type": "LineString", "coordinates": [[11.1246637, 60.7974897], [11.1251835, 60.7974724], [11.1256613, 60.797436], [11.1265568, 60.7973729], [11.1272678, 60.7973044], [11.1284466, 60.797153], [11.1292706, 60.7970167], [11.1303129, 60.7968132], [11.1312394, 60.7966057], [11.1322204, 60.7963433], [11.1329338, 60.7961195], [11.133874, 60.7958138], [11.136565, 60.7948378], [11.1401876, 60.7935411], [11.1417724, 60.793025], [11.1426028, 60.792808], [11.1430139, 60.7927097], [11.1441766, 60.7924318], [11.1489699, 60.7913416], [11.1493673, 60.7912507], [11.149439, 60.7912333], [11.156251, 60.7896819], [11.1607121, 60.7886644], [11.1672997, 60.787161], [11.1787018, 60.7845588], [11.1787897, 60.784539]]}, "properties": {"electrified": "no", "gauge": "1435", "maxspeed": "120", "name": "R\u00f8rosbanen", "operator": "Bane NOR", "passenger_lines": "1", "railway": "rail", "usage": "main", "length_km": 3.301, "maxspeed_kmh": 120.0}}, {"type": "Feature", "geometry": {"type": "LineString", "coordinates": [[11.0764703, 60.7913905], [11.0770111, 60.7913578], [11.082584, 60.7910229], [11.0830729, 60.7909919], [11.083578, 60.7909616], [11.0842033, 60.7909252]]}, "properties": {"electrified": "contact_line", "frequency": "16.67", "gauge": "1435", "maxspeed": "60", "name": "R\u00f8rosbanen", "operator": "Bane NOR", "passenger_lines": "3", "railway": "rail", "usage": "main", "voltage": "15000", "length_km": 0.424, "maxspeed_kmh": 60.0}}, {"type": "Feature", "geometry": {"type": "LineString", "coordinates": [[11.0883801, 60.7906709], [11.0890987, 60.7906278], [11.0894473, 60.7906103], [11.0897884, 60.790599], [11.0899549, 60.790598], [11.0901899, 60.7906]]}, "properties": {"electrified": "contact_line", "frequency": "16.67", "gauge": "1435", "maxspeed": "80", "name": "R\u00f8rosbanen", "operator": "Bane NOR", "passenger_lines": "2", "railway": "rail", "usage": "main", "voltage": "15000", "length_km": 0.099, "maxspeed_kmh": 80.0}}, {"type": "Feature", "geometry": {"type": "LineString", "coordinates": [[11.0863091, 60.7908358], [11.0865153, 60.7908283], [11.0867687, 60.7908255], [11.0870174, 60.7908235], [11.0875892, 60.7908213], [11.0878525, 60.7908197], [11.088038, 60.7908163], [11.0882351, 60.7908076], [11.0887285, 60.7907788], [11.0898513, 60.7907087], [11.0902184, 60.7906881], [11.0905019, 60.7906778], [11.0907119, 60.7906771], [11.0908987, 60.7906802], [11.0910992, 60.7906932], [11.0913414, 60.790715], [11.0915548, 60.7907452], [11.0917549, 60.7907792], [11.0920439, 60.7908352], [11.0923442, 60.7909055], [11.0926199, 60.7909766], [11.0928809, 60.7910551], [11.0931351, 60.7911403], [11.093429, 60.7912525], [11.0936691, 60.7913565], [11.0940107, 60.7915257], [11.0941851, 60.7916257], [11.0943595, 60.7917364], [11.0945888, 60.7919058], [11.0947967, 60.7920812], [11.0948802, 60.7921658], [11.0952861, 60.7925704], [11.0960633, 60.7933515], [11.0965635, 60.7938521], [11.0967047, 60.7939931]]}, "properties": {"electrified": "contact_line", "frequency": "16.67", "gauge": "1435", "name": "R\u00f8rosbanen", "railway": "rail", "service": "spur", "voltage": "15000", "length_km": 0.761}}, {"type": "Feature", "geometry": {"type": "LineString", "coordinates": [[11.5272436, 60.8785196], [11.5278285, 60.8784884]]}, "properties": {"bridge": "yes", "electrified": "no", "gauge": "1435", "maxspeed": "120", "name": "R\u00f8rosbanen", "operator": "Bane NOR", "passenger_lines": "1", "railway": "rail", "usage": "main", "length_km": 0.032, "maxspeed_kmh": 120.0}}, {"type": "Feature", "geometry": {"type": "LineString", "coordinates": [[11.5419432, 60.8777544], [11.5421878, 60.8777521], [11.5424721, 60.877756], [11.5427384, 60.8777667], [11.5429717, 60.8777818], [11.5432595, 60.8778082], [11.5435042, 60.8778383], [11.5436947, 60.8778663], [11.5439347, 60.8779061], [11.5441547, 60.8779486], [11.5443286, 60.8779867], [11.54446, 60.878019], [11.5446697, 60.8780745], [11.5448963, 60.8781437], [11.5451476, 60.8782247], [11.5454047, 60.8783225], [11.5456572, 60.8784394], [11.5458753, 60.8785477], [11.5461105, 60.8786854], [11.5463782, 60.8788747], [11.5465753, 60.8790365], [11.5467363, 60.8791991], [11.5468414, 60.8793303], [11.5469415, 60.8794693], [11.5470278, 60.8796292], [11.5470899, 60.8797906], [11.5471238, 60.8799029], [11.5471483, 60.8800236], [11.5471552, 60.8801898], [11.547148, 60.8803592], [11.5471176, 60.8805337], [11.547076, 60.8806654]]}, "properties": {"electrified": "no", "gauge": "1435", "maxspeed": "75", "name": "R\u00f8rosbanen", "operator": "Bane NOR", "passenger_lines": "1", "railway": "rail", "usage": "main", "length_km": 0.492, "maxspeed_kmh": 75.0}}, {"type": "Feature", "geometry": {"type": "LineString", "coordinates": [[11.3519699, 61.0751466], [11.351926, 61.0750195]]}, "properties": {"bridge": "yes", "electrified": "no", "gauge": "1435", "maxspeed": "90", "name": "R\u00f8rosbanen", "operator": "Bane NOR", "passenger_lines": "1", "railway": "rail", "usage": "main", "length_km": 0.014, "maxspeed_kmh": 90.0}}, {"type": "Feature", "geometry": {"type": "LineString", "coordinates": [[11.3654431, 61.1195312], [11.3657464, 61.1188895], [11.3658247, 61.1187656], [11.3659199, 61.1186149], [11.3660895, 61.118403], [11.3662277, 61.1182548], [11.3664794, 61.1180275], [11.366812, 61.1177712], [11.3674337, 61.1173207], [11.3677197, 61.1170882], [11.3679288, 61.1168877], [11.3680828, 61.1166957], [11.3681623, 61.1165793], [11.3682643, 61.1163898], [11.3683416, 61.1161992], [11.3683733, 61.1160924], [11.3683932, 61.1159868], [11.3684057, 61.1158546], [11.3684092, 61.1157703], [11.3683863, 61.1155449], [11.3683668, 61.1154526], [11.3683048, 61.1152619], [11.368249, 61.1151333], [11.3681016, 61.1148733], [11.3675592, 61.1140582], [11.3653804, 61.1108283], [11.3652393, 61.1105868], [11.3651501, 61.110381], [11.3650808, 61.1101465], [11.3650478, 61.1099168], [11.3650443, 61.1098027], [11.3650669, 61.1095411], [11.3650998, 61.1094055], [11.3651909, 61.109141], [11.3653695, 61.1087293], [11.3654986, 61.1083966], [11.3655455, 61.1082387], [11.3655831, 61.1080341], [11.3655915, 61.107821], [11.3655872, 61.1077134], [11.3655518, 61.1074967], [11.3654934, 61.1072909], [11.3654484, 61.1071782], [11.365395, 61.1070693], [11.3652646, 61.1068444], [11.3651725, 61.1067165], [11.3650898, 61.1066115], [11.3648302, 61.1063324]]}, "properties": {"electrified": "no", "gauge": "1435", "maxspeed": "80", "name": "R\u00f8rosbanen", "operator": "Bane NOR", "passenger_lines": "1", "railway": "rail", "usage": "main", "length_km": 1.542, "maxspeed_kmh": 80.0}}, {"type": "Feature", "geometry": {"type": "LineString", "coordinates": [[11.1875474, 62.8878485], [11.1866317, 62.8860827], [11.1864798, 62.8857764], [11.1863812, 62.8855566], [11.1862785, 62.8852915], [11.1861945, 62.885025], [11.1861289, 62.8847575], [11.186082, 62.8844891], [11.1860612, 62.8843099], [11.1860471, 62.8840856], [11.1860449, 62.8839062], [11.186054, 62.8836818], [11.1860958, 62.8833234], [11.1861291, 62.8831446], [11.1861825, 62.8829215], [11.1862947, 62.8825663], [11.1863816, 62.8823455], [11.1864604, 62.8821696], [11.1865702, 62.881951], [11.1866672, 62.8817771], [11.1867723, 62.8816041], [11.1869145, 62.8813894], [11.1872571, 62.8809213], [11.1892565, 62.8782937], [11.1899205, 62.877421]]}, "properties": {"electrified": "no", "gauge": "1435", "maxspeed": "85", "name": "R\u00f8rosbanen", "operator": "Bane NOR", "passenger_lines": "1", "railway": "rail", "tunnel": "yes", "usage": "main", "length_km": 1.2, "maxspeed_kmh": 85.0}}, {"type": "Feature", "geometry": {"type": "LineString", "coordinates": [[11.1944653, 62.9075158], [11.1945687, 62.907454], [11.1947656, 62.9073392], [11.194949, 62.9072422], [11.1953088, 62.9070627], [11.1954889, 62.9069802], [11.1958782, 62.9068184], [11.1972187, 62.9063095], [11.1974326, 62.9062263], [11.1977776, 62.9060838], [11.1981663, 62.9059155], [11.1985619, 62.9057351], [11.1996298, 62.9052238], [11.1998504, 62.9051232], [11.2002996, 62.9049282], [11.2005363, 62.9048316], [11.2009959, 62.9046545], [11.2014437, 62.9044943], [11.202043, 62.9042882], [11.2032298, 62.9038799], [11.2036187, 62.9037296], [11.2038278, 62.9036347], [11.2039931, 62.9035535], [11.2041452, 62.9034681], [11.2043, 62.9033721], [11.2044375, 62.9032793], [11.2045844, 62.9031649], [11.2047182, 62.9030456], [11.2048256, 62.9029365], [11.2049062, 62.9028412], [11.2049878, 62.9027301], [11.2050433, 62.902636], [11.2050986, 62.90253], [11.2051682, 62.9023231], [11.2051924, 62.9020812], [11.2051868, 62.9019722], [11.2051648, 62.9018605], [11.2051339, 62.9017477], [11.2050459, 62.9015406], [11.2049858, 62.9014407], [11.2049047, 62.901326], [11.2048146, 62.9012214], [11.2047131, 62.901117], [11.2045984, 62.9010132], [11.204449, 62.9008979], [11.2043006, 62.9007936], [11.2040024, 62.9006131], [11.2037701, 62.9005051], [11.2035175, 62.9003996], [11.2032533, 62.9003022], [11.202956, 62.900207], [11.2027353, 62.9001451], [11.2025247, 62.9000934], [11.2023164, 62.9000477], [11.2018971, 62.8999722], [11.201632, 62.8999348], [11.2013728, 62.8999045], [11.2011404, 62.8998842], [11.2008803, 62.8998669], [11.2005193, 62.8998494], [11.1996285, 62.8998234], [11.1989301, 62.8997943], [11.1984784, 62.8997577], [11.1982324, 62.8997325], [11.198022, 62.8997058], [11.197824, 62.8996769], [11.1974519, 62.8996128], [11.1972402, 62.8995701], [11.1968083, 62.8994687], [11.1964224, 62.8993574], [11.1962586, 62.8993038], [11.1959005, 62.8991715], [11.1955788, 62.8990316], [11.1954262, 62.8989565], [11.1952731, 62.8988759], [11.1951185, 62.8987871], [11.1948464, 62.8986098], [11.1946274, 62.8984368], [11.1944247, 62.898243], [11.1942705, 62.8980749], [11.1941941, 62.8979749]]}, "properties": {"electrified": "no", "gauge": "1435", "maxspeed": "70", "name": "R\u00f8rosbanen", "operator": "Bane NOR", "passenger_lines": "1", "railway": "rail", "usage": "main", "length_km": 1.629, "maxspeed_kmh": 70.0}}, {"type": "Feature", "geometry": {"type": "LineString", "coordinates": [[11.3866463, 62.5718961], [11.3866257, 62.5717341], [11.3865992, 62.5716031], [11.3865314, 62.5714295], [11.3864623, 62.5713008], [11.3863723, 62.5711695], [11.3862637, 62.5710384], [11.3861953, 62.5709689], [11.3859973, 62.5707921], [11.3857647, 62.5706221], [11.3856756, 62.5705667], [11.3854841, 62.5704565], [11.3852744, 62.570351], [11.3850204, 62.5702393], [11.3848181, 62.5701611], [11.3845851, 62.5700812], [11.3843034, 62.5699936], [11.384079, 62.5699291], [11.3838231, 62.5698594]]}, "properties": {"electrified": "no", "gauge": "1435", "maxspeed": "50", "name": "R\u00f8rosbanen", "operator": "Bane NOR", "passenger_lines": "1", "railway": "rail", "usage": "main", "length_km": 0.284, "maxspeed_kmh": 50.0}}, {"type": "Feature", "geometry": {"type": "LineString", "coordinates": [[11.3838231, 62.5698594], [11.3836966, 62.5698249]]}, "properties": {"bridge": "yes", "electrified": "no", "gauge": "1435", "maxspeed": "50", "name": "R\u00f8rosbanen", "operator": "Bane NOR", "passenger_lines": "1", "railway": "rail", "usage": "main", "length_km": 0.008, "maxspeed_kmh": 50.0}}, {"type": "Feature", "geometry": {"type": "LineString", "coordinates": [[11.3749634, 62.5674771], [11.3747501, 62.5674198], [11.3743915, 62.5673264], [11.373881, 62.5672057], [11.3735202, 62.5671324], [11.3730211, 62.5670496], [11.3727961, 62.5670185], [11.3723642, 62.5669714], [11.3718595, 62.5669326], [11.371446, 62.5669147], [11.3710934, 62.5669089], [11.3706991, 62.566912], [11.370513, 62.5669182], [11.3700119, 62.5669419], [11.3694676, 62.566982], [11.3555457, 62.5680814], [11.3544899, 62.5681697], [11.3535667, 62.5682655], [11.3529705, 62.568339], [11.3527685, 62.5683675]]}, "properties": {"electrified": "no", "gauge": "1435", "maxspeed": "85", "name": "R\u00f8rosbanen", "operator": "Bane NOR", "passenger_lines": "1", "railway": "rail", "usage": "main", "length_km": 1.168, "maxspeed_kmh": 85.0}}, {"type": "Feature", "geometry": {"type": "LineString", "coordinates": [[11.3527685, 62.5683675], [11.3525921, 62.5683921]]}, "properties": {"electrified": "no", "gauge": "1435", "maxspeed": "85", "name": "R\u00f8rosbanen", "operator": "Bane NOR", "passenger_lines": "1", "railway": "rail", "usage": "main", "length_km": 0.009, "maxspeed_kmh": 85.0}}, {"type": "Feature", "geometry": {"type": "LineString", "coordinates": [[11.3470655, 62.5815038], [11.3469222, 62.5811868], [11.3468546, 62.5809994], [11.3468141, 62.5808555], [11.3467866, 62.5806755], [11.3467859, 62.5805179], [11.3468155, 62.5802962], [11.3468611, 62.5801437], [11.3469266, 62.5799833], [11.3470498, 62.5797708], [11.3471237, 62.5796682], [11.3472247, 62.5795485], [11.3474112, 62.5793584], [11.3474913, 62.5792881], [11.3476742, 62.5791459], [11.3477687, 62.5790769], [11.3480036, 62.5789249], [11.348316, 62.5787535], [11.3485989, 62.5786201], [11.3487689, 62.5785478], [11.3490429, 62.578443], [11.3493723, 62.5783333], [11.3497214, 62.5782338], [11.3499212, 62.5781828], [11.3503162, 62.5780957], [11.3507257, 62.5780217], [11.3511384, 62.5779612], [11.3520532, 62.5778442], [11.3547366, 62.5775176]]}, "properties": {"electrified": "no", "gauge": "1435", "maxspeed": "90", "name": "R\u00f8rosbanen", "operator": "Bane NOR", "passenger_lines": "1", "railway": "rail", "usage": "main", "length_km": 0.691, "maxspeed_kmh": 90.0}}, {"type": "Feature", "geometry": {"type": "LineString", "coordinates": [[11.3547366, 62.5775176], [11.3548476, 62.577504]]}, "properties": {"bridge": "yes", "electrified": "no", "gauge": "1435", "maxspeed": "90", "name": "R\u00f8rosbanen", "operator": "Bane NOR", "passenger_lines": "1", "railway": "rail", "usage": "main", "length_km": 0.006, "maxspeed_kmh": 90.0}}, {"type": "Feature", "geometry": {"type": "LineString", "coordinates": [[11.2775981, 62.8500157], [11.2784989, 62.8499552], [11.2792438, 62.8499221], [11.279886, 62.8499051], [11.2802132, 62.8498999], [11.2815048, 62.8498915], [11.2818245, 62.8498862], [11.2821303, 62.8498761], [11.2825769, 62.8498501], [11.2829084, 62.8498199], [11.2832029, 62.8497835], [11.2834997, 62.849745], [11.2839396, 62.8496706], [11.2863074, 62.8492098]]}, "properties": {"electrified": "no", "gauge": "1435", "maxspeed": "90", "name": "R\u00f8rosbanen", "operator": "Bane NOR", "passenger_lines": "1", "railway": "rail", "usage": "main", "length_km": 0.458, "maxspeed_kmh": 90.0}}, {"type": "Feature", "geometry": {"type": "LineString", "coordinates": [[11.39593, 62.789246], [11.3959292, 62.7890609]]}, "properties": {"bridge": "yes", "electrified": "no", "gauge": "1435", "maxspeed": "85", "name": "R\u00f8rosbanen", "operator": "Bane NOR", "passenger_lines": "1", "railway": "rail", "usage": "main", "length_km": 0.021, "maxspeed_kmh": 85.0}}, {"type": "Feature", "geometry": {"type": "LineString", "coordinates": [[11.3935501, 62.7868214], [11.3933963, 62.7867644]]}, "properties": {"bridge": "yes", "electrified": "no", "gauge": "1435", "maxspeed": "85", "name": "R\u00f8rosbanen", "operator": "Bane NOR", "passenger_lines": "1", "railway": "rail", "usage": "main", "length_km": 0.01, "maxspeed_kmh": 85.0}}, {"type": "Feature", "geometry": {"type": "LineString", "coordinates": [[11.2254075, 62.8591666], [11.2262091, 62.858609]]}, "properties": {"electrified": "no", "gauge": "1435", "maxspeed": "70", "name": "R\u00f8rosbanen", "operator": "Bane NOR", "passenger_lines": "1", "railway": "rail", "tunnel": "yes", "usage": "main", "length_km": 0.074, "maxspeed_kmh": 70.0}}, {"type": "Feature", "geometry": {"type": "LineString", "coordinates": [[11.3016791, 62.8476965], [11.3018102, 62.8476746]]}, "properties": {"bridge": "yes", "electrified": "no", "gauge": "1435", "maxspeed": "90", "name": "R\u00f8rosbanen", "operator": "Bane NOR", "passenger_lines": "1", "railway": "rail", "usage": "main", "length_km": 0.007, "maxspeed_kmh": 90.0}}, {"type": "Feature", "geometry": {"type": "LineString", "coordinates": [[11.3315375, 62.8394925], [11.3316461, 62.8394359]]}, "properties": {"bridge": "yes", "electrified": "no", "gauge": "1435", "maxspeed": "70", "name": "R\u00f8rosbanen", "operator": "Bane NOR", "passenger_lines": "1", "railway": "rail", "usage": "main", "length_km": 0.008, "maxspeed_kmh": 70.0}}, {"type": "Feature", "geometry": {"type": "LineString", "coordinates": [[11.2758226, 62.8500747], [11.2760151, 62.8500779]]}, "properties": {"bridge": "yes", "electrified": "no", "gauge": "1435", "maxspeed": "75", "name": "R\u00f8rosbanen", "operator": "Bane NOR", "passenger_lines": "1", "railway": "rail", "usage": "main", "length_km": 0.01, "maxspeed_kmh": 75.0}}, {"type": "Feature", "geometry": {"type": "LineString", "coordinates": [[11.3567828, 62.8178273], [11.3568646, 62.8177916]]}, "properties": {"bridge": "yes", "electrified": "no", "gauge": "1435", "maxspeed": "70", "name": "R\u00f8rosbanen", "operator": "Bane NOR", "passenger_lines": "1", "railway": "rail", "usage": "main", "length_km": 0.006, "maxspeed_kmh": 70.0}}, {"type": "Feature", "geometry": {"type": "LineString", "coordinates": [[11.312977, 62.8469262], [11.3133832, 62.8468884], [11.3137707, 62.8468388], [11.3141882, 62.8467633], [11.3143793, 62.8467215], [11.3145589, 62.8466795], [11.3150009, 62.8465543], [11.3152139, 62.8464791], [11.3154289, 62.8463972], [11.3155601, 62.8463428], [11.3157502, 62.8462549], [11.3159329, 62.8461596], [11.3160925, 62.8460658], [11.3162432, 62.8459667], [11.3163982, 62.8458513], [11.3165284, 62.8457457], [11.3166465, 62.8456402], [11.3170511, 62.8452643], [11.317212, 62.845128], [11.3173842, 62.8449935], [11.3175051, 62.8449094], [11.3176623, 62.8448105], [11.3178411, 62.8447101], [11.3180663, 62.8446013], [11.3182704, 62.8445114], [11.3187135, 62.8443456], [11.3191959, 62.8441939], [11.3195423, 62.844092], [11.3204709, 62.8438307], [11.3207422, 62.8437515], [11.3210035, 62.8436687], [11.3211546, 62.8436174]]}, "properties": {"electrified": "no", "gauge": "1435", "maxspeed": "70", "name": "R\u00f8rosbanen", "operator": "Bane NOR", "passenger_lines": "1", "railway": "rail", "usage": "main", "length_km": 0.575, "maxspeed_kmh": 70.0}}, {"type": "Feature", "geometry": {"type": "LineString", "coordinates": [[11.3844284, 62.8013009], [11.3844735, 62.8012695], [11.3853688, 62.800699], [11.385583, 62.8005528], [11.3856259, 62.8005212], [11.3859418, 62.8002886], [11.3861565, 62.800113], [11.3863664, 62.7999304], [11.3865696, 62.7997407], [11.3868266, 62.7994724], [11.3870524, 62.7992108], [11.3873526, 62.7988024], [11.3875526, 62.7985004], [11.3886169, 62.7968939], [11.3891191, 62.7961509], [11.3893159, 62.7959047], [11.3893872, 62.7958267], [11.3895456, 62.7956731], [11.3897469, 62.7955139], [11.3899336, 62.7953871], [11.3900463, 62.795316], [11.3903119, 62.7951661], [11.3907162, 62.7949665], [11.3914956, 62.7946145], [11.3918098, 62.7944664], [11.3921941, 62.7942643], [11.3924115, 62.7941273], [11.392608, 62.7939864], [11.3927725, 62.7938511], [11.393005, 62.7936239], [11.3931523, 62.7934487], [11.3932741, 62.7932595], [11.3933589, 62.7930866], [11.3934308, 62.792916], [11.3936768, 62.7922525], [11.3938034, 62.7919981], [11.3939297, 62.7917992], [11.3940695, 62.7916251], [11.3942209, 62.7914589], [11.3943113, 62.7913695], [11.3945216, 62.7911764], [11.3951362, 62.7906422], [11.3953048, 62.7904776], [11.3953917, 62.7903881], [11.3955206, 62.7902394], [11.3956355, 62.7900826], [11.3957366, 62.7899212], [11.3958203, 62.7897376], [11.39587, 62.7895945], [11.3959152, 62.7893923], [11.39593, 62.789246]]}, "properties": {"electrified": "no", "gauge": "1435", "maxspeed": "85", "name": "R\u00f8rosbanen", "operator": "Bane NOR", "passenger_lines": "1", "railway": "rail", "usage": "main", "length_km": 1.489, "maxspeed_kmh": 85.0}}, {"type": "Feature", "geometry": {"type": "LineString", "coordinates": [[11.3837795, 62.8057004], [11.3838304, 62.8056443], [11.3839354, 62.8055072], [11.3839911, 62.8054217], [11.3840307, 62.8053582], [11.3840749, 62.805277], [11.3841131, 62.8051931], [11.3841446, 62.8051112], [11.3841701, 62.8050414], [11.3841929, 62.8049592], [11.3842063, 62.8048912], [11.3842198, 62.8048149], [11.3842298, 62.8047217]]}, "properties": {"bridge": "yes", "electrified": "no", "gauge": "1435", "maxspeed": "70", "name": "R\u00f8rosbanen", "operator": "Bane NOR", "passenger_lines": "1", "railway": "rail", "usage": "main", "length_km": 0.112, "maxspeed_kmh": 70.0}}, {"type": "Feature", "geometry": {"type": "LineString", "coordinates": [[11.350401, 62.8256104], [11.3506042, 62.8254076], [11.3507318, 62.82526], [11.3508834, 62.8250413], [11.3509698, 62.8248796], [11.3510239, 62.8247711], [11.3511044, 62.824595], [11.3515782, 62.8235316], [11.3525441, 62.8213458], [11.3527546, 62.8209044], [11.3529792, 62.8205162], [11.3531573, 62.8202707], [11.3532893, 62.8201075], [11.3535003, 62.8198713], [11.3536445, 62.8197249], [11.3539741, 62.819428], [11.354091, 62.8193308], [11.354376, 62.8191124], [11.3547394, 62.8188644], [11.3552043, 62.8185831], [11.3555869, 62.8183768], [11.3558361, 62.8182525], [11.3563107, 62.8180334], [11.3567828, 62.8178273]]}, "properties": {"electrified": "no", "gauge": "1435", "maxspeed": "70", "name": "R\u00f8rosbanen", "operator": "Bane NOR", "passenger_lines": "1", "railway": "rail", "usage": "main", "length_km": 0.945, "maxspeed_kmh": 70.0}}, {"type": "Feature", "geometry": {"type": "LineString", "coordinates": [[11.2262091, 62.858609], [11.2270572, 62.8580192], [11.2274672, 62.8577437], [11.2276424, 62.8576325], [11.2280178, 62.8574073], [11.2284509, 62.857175], [11.2286209, 62.8570838], [11.2287956, 62.8569981], [11.2294063, 62.8567129], [11.230402, 62.8562723], [11.2307198, 62.8561212], [11.2308283, 62.8560679], [11.2312397, 62.8558506], [11.2315629, 62.8556656], [11.2318112, 62.8555159], [11.23326, 62.8546218], [11.233941, 62.8542096], [11.234179, 62.8540656], [11.234354, 62.8539636], [11.2345462, 62.8538598], [11.2347584, 62.8537509], [11.2349967, 62.8536363], [11.2352221, 62.853535], [11.2357649, 62.8533152], [11.236016, 62.8532259], [11.2362728, 62.8531403], [11.2365991, 62.853038], [11.2369145, 62.8529476], [11.2371772, 62.8528788], [11.237415, 62.8528222], [11.2377236, 62.8527517], [11.2380322, 62.8526871], [11.2383361, 62.8526314], [11.2387512, 62.8525624], [11.2392072, 62.8524989], [11.2394666, 62.8524673]]}, "properties": {"electrified": "no", "gauge": "1435", "maxspeed": "70", "name": "R\u00f8rosbanen", "operator": "Bane NOR", "passenger_lines": "1", "railway": "rail", "usage": "main", "length_km": 0.98, "maxspeed_kmh": 70.0}}, {"type": "Feature", "geometry": {"type": "LineString", "coordinates": [[11.3688695, 62.8100922], [11.3689617, 62.8100304], [11.3691992, 62.8098449], [11.3697449, 62.8093566], [11.3699077, 62.8092208], [11.3701271, 62.8090551], [11.3703812, 62.8088964], [11.3704838, 62.8088397], [11.3707182, 62.8087214], [11.3709323, 62.8086289], [11.3711855, 62.8085298], [11.3712924, 62.808493], [11.3716708, 62.8083785], [11.3718087, 62.808342], [11.3720717, 62.8082809], [11.3725092, 62.8081944], [11.3728528, 62.8081453], [11.3732265, 62.808105], [11.373752, 62.8080688], [11.3741893, 62.8080557], [11.374684, 62.8080483], [11.3751089, 62.8080452], [11.3754901, 62.8080392], [11.3760112, 62.8080237], [11.3763671, 62.8080033], [11.3767147, 62.8079774], [11.3769115, 62.8079577], [11.3772732, 62.8079149], [11.3778712, 62.8078284], [11.3783353, 62.8077429], [11.3786633, 62.8076757], [11.3789927, 62.8075995], [11.379281, 62.8075311], [11.379872, 62.8073786], [11.38091, 62.8071006], [11.3810353, 62.8070659]]}, "properties": {"electrified": "no", "gauge": "1435", "maxspeed": "70", "name": "R\u00f8rosbanen", "operator": "Bane NOR", "passenger_lines": "1", "railway": "rail", "usage": "main", "length_km": 0.75, "maxspeed_kmh": 70.0}}, {"type": "Feature", "geometry": {"type": "LineString", "coordinates": [[11.1992081, 62.8733493], [11.1996155, 62.8733098], [11.1999529, 62.8732669], [11.2001427, 62.8732359], [11.2004754, 62.8731752], [11.2007755, 62.8731113], [11.2010112, 62.8730534], [11.2016549, 62.8728642], [11.2027622, 62.8725097], [11.203167, 62.8723881], [11.2035234, 62.872286], [11.204038, 62.8721494], [11.2046497, 62.8720021], [11.2079644, 62.8712614], [11.2086491, 62.8711008], [11.2091545, 62.8709758], [11.2109991, 62.8704914], [11.2121808, 62.8701868], [11.2124119, 62.8701222], [11.212653, 62.8700493], [11.2128336, 62.8699883], [11.2130268, 62.8699164], [11.213219, 62.8698369], [11.2133931, 62.8697543], [11.2135648, 62.8696585], [11.2136978, 62.8695737], [11.2138487, 62.8694646], [11.2139839, 62.8693458], [11.2141067, 62.869219], [11.2141893, 62.8691161], [11.2142592, 62.8690143], [11.2143836, 62.8688073], [11.2146025, 62.868404], [11.2146756, 62.8682894], [11.2148332, 62.8680706], [11.2150358, 62.8678587], [11.2151444, 62.8677596], [11.2156259, 62.8673558], [11.2157336, 62.867261], [11.2159559, 62.8670488], [11.2160448, 62.8669506], [11.2161202, 62.8668502], [11.2161835, 62.8667511], [11.2162316, 62.8666552], [11.2162951, 62.8664778], [11.2163185, 62.8663768], [11.2163805, 62.8659948], [11.2164415, 62.8656982], [11.2165415, 62.8654172], [11.2165894, 62.8653157], [11.2166135, 62.8652456], [11.216747, 62.8650438], [11.2170297, 62.8646285], [11.2171429, 62.8644399], [11.2172599, 62.8641961], [11.2172991, 62.8640507], [11.2173153, 62.8639315], [11.2173226, 62.8638121], [11.2173125, 62.8636677], [11.2172598, 62.8634437], [11.2172171, 62.8633282], [11.217102, 62.86308], [11.2168159, 62.8625339], [11.2167645, 62.8624135], [11.216724, 62.8622909], [11.2166955, 62.8621526], [11.2166904, 62.8620513], [11.2166933, 62.8619458], [11.2167109, 62.8618429], [11.2167399, 62.8617422], [11.2167766, 62.8616512], [11.2168444, 62.8615354], [11.2168993, 62.8614501], [11.2170529, 62.861271], [11.217181, 62.8611562], [11.2173229, 62.8610434], [11.2174613, 62.8609523], [11.2176359, 62.860851], [11.217838, 62.8607443], [11.2180306, 62.8606611], [11.2182527, 62.8605719], [11.2184347, 62.8605118], [11.2186665, 62.8604417], [11.2188807, 62.860387], [11.2190771, 62.8603425], [11.2192832, 62.8603018], [11.2194855, 62.8602708], [11.2198981, 62.8602193], [11.2201439, 62.8601966], [11.2203732, 62.8601826], [11.2207976, 62.8601699], [11.2216888, 62.860161], [11.2220847, 62.8601508], [11.2224951, 62.8601247], [11.2228681, 62.8600872], [11.2232403, 62.8600306], [11.2235051, 62.8599761], [11.2237841, 62.8599099], [11.2239139, 62.8598747], [11.22423, 62.8597753], [11.2244882, 62.859679], [11.2248013, 62.8595379], [11.2250502, 62.8593982], [11.225143, 62.8593412]]}, "properties": {"electrified": "no", "gauge": "1435", "maxspeed": "65", "name": "R\u00f8rosbanen", "operator": "Bane NOR", "passenger_lines": "1", "railway": "rail", "usage": "main", "length_km": 2.31, "maxspeed_kmh": 65.0}}, {"type": "Feature", "geometry": {"type": "LineString", "coordinates": [[11.3959292, 62.7890609], [11.3959127, 62.7889274], [11.3958712, 62.7887594], [11.3957846, 62.7885376], [11.3957009, 62.7883796], [11.3955606, 62.7881653], [11.395453, 62.7880336], [11.3952215, 62.7877961], [11.3950354, 62.7876368], [11.3947305, 62.7874173], [11.3946122, 62.7873417], [11.3943923, 62.7872131], [11.3941878, 62.7871029], [11.3938281, 62.7869348], [11.3935501, 62.7868214]]}, "properties": {"electrified": "no", "gauge": "1435", "maxspeed": "85", "name": "R\u00f8rosbanen", "operator": "Bane NOR", "passenger_lines": "1", "railway": "rail", "usage": "main", "length_km": 0.286, "maxspeed_kmh": 85.0}}, {"type": "Feature", "geometry": {"type": "LineString", "coordinates": [[11.1810535, 62.9169445], [11.1811383, 62.9168543]]}, "properties": {"bridge": "yes", "electrified": "no", "gauge": "1435", "maxspeed": "105", "name": "R\u00f8rosbanen", "operator": "Bane NOR", "passenger_lines": "1", "railway": "rail", "usage": "main", "length_km": 0.011, "maxspeed_kmh": 105.0}}, {"type": "Feature", "geometry": {"type": "LineString", "coordinates": [[11.1794575, 62.9188278], [11.1806354, 62.9174262], [11.1807453, 62.9172988], [11.1809846, 62.9170184], [11.1810535, 62.9169445]]}, "properties": {"electrified": "no", "gauge": "1435", "maxspeed": "105", "name": "R\u00f8rosbanen", "operator": "Bane NOR", "passenger_lines": "1", "railway": "rail", "usage": "main", "length_km": 0.225, "maxspeed_kmh": 105.0}}, {"type": "Feature", "geometry": {"type": "LineString", "coordinates": [[11.1793471, 62.918959], [11.1794575, 62.9188278]]}, "properties": {"bridge": "yes", "electrified": "no", "gauge": "1435", "maxspeed": "105", "name": "R\u00f8rosbanen", "operator": "Bane NOR", "passenger_lines": "1", "railway": "rail", "usage": "main", "length_km": 0.016, "maxspeed_kmh": 105.0}}, {"type": "Feature", "geometry": {"type": "LineString", "coordinates": [[11.1402541, 62.9288853], [11.1404405, 62.9288848]]}, "properties": {"bridge": "yes", "electrified": "no", "gauge": "1435", "name": "R\u00f8rosbanen", "operator": "Bane NOR", "passenger_lines": "1", "railway": "rail", "usage": "main", "length_km": 0.009}}, {"type": "Feature", "geometry": {"type": "LineString", "coordinates": [[11.1626187, 62.9248755], [11.166424, 62.9239116], [11.1669273, 62.9237763], [11.167476, 62.9236123], [11.1678033, 62.9235064], [11.1690875, 62.9230615], [11.1694368, 62.922945], [11.1699681, 62.9227868], [11.1701768, 62.9227309], [11.1707051, 62.9225987], [11.1712752, 62.9224707], [11.1719184, 62.9223415], [11.1732341, 62.9220947], [11.1739336, 62.9219543], [11.1743309, 62.9218691], [11.1745794, 62.9218116], [11.1752401, 62.9216473], [11.1754479, 62.9215893], [11.1758334, 62.9214722], [11.1762121, 62.9213438], [11.1766548, 62.9211675], [11.1770476, 62.9209882], [11.1772407, 62.9208881], [11.1775901, 62.9206884], [11.1777513, 62.9205854], [11.1779266, 62.9204619], [11.1781556, 62.9202852], [11.1782749, 62.9201811], [11.1784045, 62.9200557], [11.1786499, 62.9197884], [11.1787687, 62.9196471]]}, "properties": {"electrified": "no", "gauge": "1435", "maxspeed": "95", "name": "R\u00f8rosbanen", "operator": "Bane NOR", "passenger_lines": "1", "railway": "rail", "usage": "main", "length_km": 1.03, "maxspeed_kmh": 95.0}}, {"type": "Feature", "geometry": {"type": "LineString", "coordinates": [[11.293629, 60.7963434], [11.2946015, 60.7964062], [11.2965931, 60.796476], [11.2996348, 60.7964848], [11.3012433, 60.7965174], [11.3025799, 60.7965707], [11.3033065, 60.7966339], [11.3037025, 60.7966683], [11.3052798, 60.7968727], [11.3065116, 60.797074], [11.3070512, 60.7971678], [11.3077576, 60.7973054], [11.3084405, 60.797452], [11.3089167, 60.7975631], [11.3089504, 60.7975718]]}, "properties": {"electrified": "no", "gauge": "1435", "maxspeed": "115", "name": "R\u00f8rosbanen", "operator": "Bane NOR", "passenger_lines": "1", "railway": "rail", "usage": "main", "length_km": 0.854, "maxspeed_kmh": 115.0}}, {"type": "Feature", "geometry": {"type": "LineString", "coordinates": [[11.3089504, 60.7975718], [11.3092096, 60.7976379]]}, "properties": {"bridge": "yes", "electrified": "no", "gauge": "1435", "maxspeed": "115", "name": "R\u00f8rosbanen", "operator": "Bane NOR", "passenger_lines": "1", "railway": "rail", "usage": "main", "length_km": 0.016, "maxspeed_kmh": 115.0}}, {"type": "Feature", "geometry": {"type": "LineString", "coordinates": [[11.2925392, 60.7962646], [11.293629, 60.7963434]]}, "properties": {"bridge": "yes", "electrified": "no", "gauge": "1435", "maxspeed": "115", "name": "R\u00f8rosbanen", "operator": "Bane NOR", "passenger_lines": "1", "railway": "rail", "usage": "main", "length_km": 0.06, "maxspeed_kmh": 115.0}}, {"type": "Feature", "geometry": {"type": "LineString", "coordinates": [[11.3092096, 60.7976379], [11.3098508, 60.797811], [11.3104771, 60.7979988], [11.311086, 60.7981957], [11.3116827, 60.7984082], [11.3122138, 60.7986092], [11.3127381, 60.7988218], [11.3131432, 60.7989946], [11.3135455, 60.7991754], [11.3140927, 60.7994389], [11.3146184, 60.7997157], [11.3151026, 60.8000087], [11.3155419, 60.8003172], [11.3159215, 60.8006266], [11.3163492, 60.8010378], [11.316856, 60.8015896], [11.3180289, 60.8029025], [11.3191065, 60.8040773], [11.3194584, 60.8044104], [11.3198457, 60.8047568], [11.3202122, 60.8050731], [11.3206061, 60.8053852], [11.3213374, 60.8059215], [11.3220879, 60.8064408], [11.3234481, 60.8072489], [11.3246633, 60.807926], [11.3258852, 60.8085553], [11.3302839, 60.8109089], [11.3325933, 60.8121471], [11.33376, 60.8127697], [11.3349085, 60.8134115], [11.3352942, 60.8136487], [11.3355202, 60.8137919], [11.3356671, 60.8138871], [11.3363987, 60.8143676], [11.3375953, 60.8153227], [11.3381387, 60.8157944], [11.338706, 60.8162547], [11.339394, 60.8167828]]}, "properties": {"electrified": "no", "gauge": "1435", "maxspeed": "115", "name": "R\u00f8rosbanen", "operator": "Bane NOR", "passenger_lines": "1", "railway": "rail", "usage": "main", "length_km": 2.725, "maxspeed_kmh": 115.0}}, {"type": "Feature", "geometry": {"type": "LineString", "coordinates": [[11.0740571, 61.4358718], [11.0743711, 61.4356122], [11.0746622, 61.4353649], [11.0749217, 61.4351382], [11.0753179, 61.4347795], [11.0763566, 61.4337687], [11.0774261, 61.432728], [11.0776791, 61.4324891], [11.0779432, 61.432257], [11.0782183, 61.4320283], [11.0785556, 61.4317742], [11.0789356, 61.4315083], [11.0792843, 61.43128], [11.0797928, 61.4309721], [11.0803728, 61.4306549], [11.0807633, 61.4304602], [11.0813027, 61.4302145], [11.08171, 61.4300544], [11.0820677, 61.4299251], [11.0825681, 61.4297695], [11.0833349, 61.4295689], [11.0849538, 61.429194], [11.085977, 61.4289645], [11.0863379, 61.4288748], [11.0870394, 61.4286844], [11.0873114, 61.428603], [11.0878479, 61.4284186], [11.0883133, 61.4282231], [11.0888299, 61.4279815], [11.0890488, 61.4278645], [11.089442, 61.4276331], [11.0898093, 61.4273757], [11.0907786, 61.4265935], [11.0911401, 61.4263348], [11.091498, 61.4261137], [11.0916777, 61.4260142], [11.09197, 61.4258626], [11.0923247, 61.4257006], [11.092713, 61.4255393], [11.0929332, 61.4254594]]}, "properties": {"electrified": "no", "gauge": "1435", "maxspeed": "100", "name": "R\u00f8rosbanen", "operator": "Bane NOR", "passenger_lines": "1", "railway": "rail", "usage": "main", "length_km": 1.579, "maxspeed_kmh": 100.0}}, {"type": "Feature", "geometry": {"type": "LineString", "coordinates": [[11.3190121, 61.2604882], [11.3184366, 61.2592384]]}, "properties": {"bridge": "yes", "electrified": "no", "gauge": "1435", "maxspeed": "110", "name": "R\u00f8rosbanen", "operator": "Bane NOR", "passenger_lines": "1", "railway": "rail", "usage": "main", "length_km": 0.143, "maxspeed_kmh": 110.0}}, {"type": "Feature", "geometry": {"type": "LineString", "coordinates": [[11.3190444, 61.2558833], [11.3193807, 61.2555653], [11.320971, 61.2540945], [11.3222236, 61.2529496], [11.3241702, 61.2511703], [11.3255867, 61.2498698], [11.3264607, 61.2490732], [11.3269117, 61.2486516], [11.3271533, 61.248412], [11.3273027, 61.2482491], [11.3275317, 61.2479726], [11.3277277, 61.2477044], [11.3278553, 61.2475106], [11.3279536, 61.2473431], [11.3280562, 61.2471472], [11.3282083, 61.2468019], [11.328264, 61.2466478], [11.3283374, 61.2464333], [11.3284111, 61.2461668], [11.3284725, 61.2458295], [11.3284917, 61.2456477], [11.3284991, 61.2454916], [11.3284977, 61.245346], [11.3284819, 61.2451027], [11.3284513, 61.2448749], [11.3283927, 61.2445845], [11.3283002, 61.2442553], [11.3277044, 61.242136], [11.3276398, 61.2418624], [11.3276078, 61.241652], [11.3275939, 61.2414409], [11.3275952, 61.2412929], [11.3276241, 61.2410254], [11.327652, 61.2408737], [11.3276915, 61.2407173], [11.3278185, 61.2403341]]}, "properties": {"electrified": "no", "gauge": "1435", "maxspeed": "110", "name": "R\u00f8rosbanen", "operator": "Bane NOR", "passenger_lines": "1", "railway": "rail", "usage": "main", "length_km": 1.854, "maxspeed_kmh": 110.0}}, {"type": "Feature", "geometry": {"type": "LineString", "coordinates": [[11.3364094, 61.2153477], [11.3365284, 61.2149996]]}, "properties": {"bridge": "yes", "electrified": "no", "gauge": "1435", "maxspeed": "130", "name": "R\u00f8rosbanen", "operator": "Bane NOR", "passenger_lines": "1", "railway": "rail", "usage": "main", "length_km": 0.039, "maxspeed_kmh": 130.0}}, {"type": "Feature", "geometry": {"type": "LineString", "coordinates": [[10.6287199, 62.1125428], [10.6287058, 62.1126541], [10.6286931, 62.1127742]]}, "properties": {"bridge": "yes", "electrified": "no", "gauge": "1435", "maxspeed": "80", "name": "R\u00f8rosbanen", "operator": "Bane NOR", "passenger_lines": "1", "railway": "rail", "usage": "main", "length_km": 0.026, "maxspeed_kmh": 80.0}}, {"type": "Feature", "geometry": {"type": "LineString", "coordinates": [[10.665149, 62.0910385], [10.6655311, 62.0909257], [10.6665747, 62.0906376], [10.6669526, 62.0905256], [10.667236, 62.0904398], [10.6675042, 62.090353], [10.6679981, 62.0901813], [10.6682282, 62.090096], [10.6685362, 62.0899742], [10.6687124, 62.0899034], [10.6689655, 62.0897928], [10.6727569, 62.0881134], [10.6733749, 62.087832], [10.6736577, 62.0876948], [10.6740018, 62.0875165], [10.6749462, 62.0869813], [10.6752598, 62.0868092], [10.6755364, 62.0866678], [10.6758632, 62.0865154], [10.676242, 62.0863536], [10.6766312, 62.0862043], [10.6769363, 62.0860968], [10.6773767, 62.0859582], [10.6777665, 62.0858477], [10.6781744, 62.0857477], [10.678589, 62.085654], [10.679094, 62.0855496], [10.6899511, 62.0834057]]}, "properties": {"electrified": "no", "gauge": "1435", "maxspeed": "100", "name": "R\u00f8rosbanen", "operator": "Bane NOR", "passenger_lines": "1", "railway": "rail", "usage": "main", "length_km": 1.575, "maxspeed_kmh": 100.0}}, {"type": "Feature", "geometry": {"type": "LineString", "coordinates": [[10.6286868, 62.112994], [10.6286831, 62.1131231], [10.6286986, 62.1134616], [10.6287121, 62.11364], [10.628741, 62.1138489], [10.6287985, 62.1142128], [10.6288426, 62.1144027], [10.6288671, 62.1145004], [10.6288986, 62.1146344], [10.6289646, 62.1148549], [10.6291115, 62.1152754], [10.6292738, 62.1156809], [10.6294021, 62.1159971], [10.6296003, 62.1164952], [10.6297969, 62.1169648], [10.6299074, 62.1172463], [10.6299958, 62.117498], [10.6300418, 62.1176843], [10.6300778, 62.1178793], [10.6300983, 62.1180291], [10.6301092, 62.1182489], [10.6300999, 62.1184418], [10.6300838, 62.1185685], [10.6300637, 62.1186839], [10.6300436, 62.1187968], [10.6300121, 62.1189354], [10.6299683, 62.119086], [10.6299091, 62.1192556], [10.6297778, 62.1196123], [10.6294734, 62.1204182], [10.6292805, 62.1209489], [10.6290089, 62.121633], [10.6287507, 62.1223478], [10.6284696, 62.1230952], [10.6283433, 62.1234086], [10.6281751, 62.1237073], [10.6280334, 62.1239043], [10.6278499, 62.1241319], [10.6275062, 62.12445]]}, "properties": {"electrified": "no", "gauge": "1435", "maxspeed": "95", "name": "R\u00f8rosbanen", "operator": "Bane NOR", "passenger_lines": "1", "railway": "rail", "usage": "main", "length_km": 1.299, "maxspeed_kmh": 95.0}}, {"type": "Feature", "geometry": {"type": "LineString", "coordinates": [[11.1343247, 62.45429], [11.1341892, 62.4541641], [11.133991, 62.4539651], [11.1338267, 62.4537768], [11.1336004, 62.4534604], [11.1331965, 62.4527092], [11.1330752, 62.452504], [11.1329589, 62.4523364], [11.1328836, 62.4522393], [11.1327429, 62.452083], [11.1325676, 62.4519133], [11.1324009, 62.4517727], [11.1322795, 62.451679], [11.1321188, 62.4515658], [11.1319644, 62.4514671], [11.1318137, 62.4513752], [11.1316478, 62.4512837], [11.1312362, 62.4510774], [11.1304364, 62.4507112], [11.1300174, 62.4505123], [11.1298015, 62.4504016], [11.1296089, 62.4502938], [11.1294818, 62.4502164], [11.1294474, 62.4501954], [11.1292663, 62.4500725], [11.1291357, 62.4499755], [11.128916, 62.4497925], [11.1287023, 62.4495841], [11.1281595, 62.4490202], [11.1280312, 62.4489001], [11.1279005, 62.4487883], [11.1276631, 62.4486065], [11.1275568, 62.4485343], [11.127319, 62.4483883], [11.1270428, 62.4482389], [11.1267005, 62.4480787], [11.1262769, 62.4479058], [11.1251402, 62.4474802], [11.124838, 62.4473606], [11.1245439, 62.4472347], [11.1242969, 62.447119], [11.1240769, 62.4470047], [11.1238617, 62.4468812], [11.1236475, 62.4467475], [11.1234359, 62.4466011], [11.1232505, 62.4464579], [11.1230803, 62.4463107], [11.1229415, 62.4461767], [11.122786, 62.4460057], [11.1226463, 62.4458263], [11.1225322, 62.4456559], [11.1224586, 62.4455193], [11.122393, 62.4453705], [11.1223232, 62.445185], [11.1222008, 62.444753]]}, "properties": {"electrified": "no", "gauge": "1435", "maxspeed": "90", "name": "R\u00f8rosbanen", "operator": "Bane NOR", "passenger_lines": "1", "railway": "rail", "usage": "main", "length_km": 1.264, "maxspeed_kmh": 90.0}}, {"type": "Feature", "geometry": {"type": "LineString", "coordinates": [[10.9968087, 62.3985862], [10.9968362, 62.3987123]]}, "properties": {"bridge": "yes", "electrified": "no", "gauge": "1435", "maxspeed": "100", "name": "R\u00f8rosbanen", "operator": "Bane NOR", "passenger_lines": "1", "railway": "rail", "usage": "main", "length_km": 0.014, "maxspeed_kmh": 100.0}}, {"type": "Feature", "geometry": {"type": "LineString", "coordinates": [[10.9417552, 62.378], [10.9414782, 62.3779765]]}, "properties": {"bridge": "yes", "electrified": "no", "gauge": "1435", "maxspeed": "130", "name": "R\u00f8rosbanen", "operator": "Bane NOR", "passenger_lines": "1", "railway": "rail", "usage": "main", "length_km": 0.015, "maxspeed_kmh": 130.0}}, {"type": "Feature", "geometry": {"type": "LineString", "coordinates": [[10.9001236, 62.3451131], [10.8999883, 62.3449986]]}, "properties": {"bridge": "yes", "electrified": "no", "gauge": "1435", "maxspeed": "100", "name": "R\u00f8rosbanen", "operator": "Bane NOR", "railway": "rail", "usage": "main", "length_km": 0.015, "maxspeed_kmh": 100.0}}, {"type": "Feature", "geometry": {"type": "LineString", "coordinates": [[10.9968087, 62.3985862], [10.9967535, 62.398364], [10.9967486, 62.3983484], [10.9966663, 62.3980841], [10.9965095, 62.3976768], [10.9963902, 62.3974109], [10.9962017, 62.3970463], [10.9959123, 62.3965719], [10.9956783, 62.3962339], [10.9953804, 62.3958481], [10.9951263, 62.3955512], [10.9948964, 62.3953084], [10.9947888, 62.3952016], [10.9946398, 62.3950666], [10.9944143, 62.3948806], [10.9941689, 62.3946994], [10.9939228, 62.3945366], [10.9936559, 62.394378], [10.9935089, 62.3942969], [10.9932167, 62.3941463], [10.9928881, 62.3939957], [10.9925777, 62.3938642], [10.9921051, 62.3936821], [10.9909929, 62.3932861], [10.9898811, 62.3928978], [10.9887004, 62.3924915], [10.9881028, 62.3922881], [10.9872391, 62.3920066], [10.9869258, 62.3919097], [10.9864551, 62.3917734], [10.9857886, 62.3915959], [10.9854124, 62.3915035], [10.9849501, 62.3913965], [10.984208, 62.3912372], [10.9835213, 62.3911016], [10.9828235, 62.3909701], [10.9817425, 62.3907793], [10.980458, 62.3905789], [10.97975, 62.3904782], [10.9788595, 62.3903612], [10.9777407, 62.3902298], [10.9769612, 62.3901501], [10.9763134, 62.3900895], [10.9752527, 62.3900055], [10.9731209, 62.3898643], [10.9726251, 62.3898241], [10.9721572, 62.3897813], [10.9717378, 62.3897366], [10.9712519, 62.3896775], [10.9707281, 62.3896077], [10.9703798, 62.3895565], [10.9697201, 62.3894497], [10.9692178, 62.3893586], [10.9687016, 62.3892576], [10.9679783, 62.3891018], [10.9672544, 62.3889278], [10.9665953, 62.3887533], [10.9660193, 62.3885876], [10.9655572, 62.388441], [10.9652024, 62.3883187], [10.9648905, 62.3882007], [10.9647437, 62.388141], [10.9644068, 62.3879925], [10.9641239, 62.3878555], [10.9639071, 62.3877385], [10.9636877, 62.3876129], [10.9634092, 62.3874368], [10.9632063, 62.3872979], [10.9628407, 62.387032], [10.962763, 62.3869732]]}, "properties": {"electrified": "no", "gauge": "1435", "maxspeed": "100", "name": "R\u00f8rosbanen", "operator": "Bane NOR", "passenger_lines": "1", "railway": "rail", "usage": "main", "length_km": 2.348, "maxspeed_kmh": 100.0}}, {"type": "Feature", "geometry": {"type": "LineString", "coordinates": [[10.9178808, 62.3731905], [10.9176372, 62.3731406], [10.9172302, 62.3730635], [10.9167007, 62.372975], [10.9161798, 62.3728799], [10.9157943, 62.3728014], [10.9155155, 62.3727361], [10.9152476, 62.3726674], [10.9149858, 62.3725913], [10.9146292, 62.3724746], [10.9144086, 62.3723909], [10.9141545, 62.3722838], [10.9139038, 62.37217], [10.9137039, 62.372067], [10.9135567, 62.3719842], [10.9132306, 62.3717729], [10.9129872, 62.3715846], [10.9128172, 62.3714289], [10.9127031, 62.3713098], [10.9125754, 62.3711569], [10.9124985, 62.3710517], [10.912376, 62.3708336], [10.9123165, 62.3706896], [10.9122607, 62.3704779], [10.9122388, 62.37031], [10.9122348, 62.3701656], [10.9122536, 62.3699906], [10.9122769, 62.3698759], [10.9123191, 62.3697435], [10.9124032, 62.3695586], [10.9124808, 62.3694227], [10.9125637, 62.3693068], [10.9127185, 62.3691187], [10.9127871, 62.3690472], [10.9128598, 62.3689756], [10.913082, 62.368785], [10.9133176, 62.3686147], [10.913505, 62.3684933], [10.9138674, 62.3682888], [10.9142689, 62.3680775], [10.9150755, 62.3676663], [10.9155647, 62.3673979], [10.9158805, 62.3672051], [10.9161381, 62.3670347], [10.9163541, 62.3668774], [10.9166113, 62.3666762], [10.9169014, 62.3664178], [10.9172232, 62.366102], [10.919006, 62.3642834], [10.9198097, 62.3634493], [10.9199095, 62.3633342], [10.920019, 62.3631914], [10.9201136, 62.3630506], [10.9201772, 62.3629356], [10.9202614, 62.3627384], [10.9203005, 62.3626028], [10.9203245, 62.3624887], [10.9203383, 62.362342], [10.920334, 62.3621989], [10.9203204, 62.3620709], [10.9202823, 62.3619071], [10.9202163, 62.3617276], [10.9201136, 62.3615293], [10.9199578, 62.361309], [10.9197827, 62.3611121], [10.9195575, 62.3609094], [10.9193186, 62.3607271], [10.9190533, 62.3605554], [10.9187845, 62.3604076], [10.9185075, 62.3602689], [10.9182288, 62.3601387], [10.917843, 62.3599584], [10.917411, 62.3597494], [10.917169, 62.3596244], [10.9168108, 62.3594262], [10.9164604, 62.3592111], [10.9161274, 62.3589846], [10.9158592, 62.3587842], [10.9156163, 62.358579], [10.915545, 62.3585187], [10.9151604, 62.3581615], [10.9108489, 62.3539451], [10.9106496, 62.3537634], [10.9105231, 62.3536562], [10.9104026, 62.3535622], [10.910248, 62.353453], [10.9099136, 62.3532495], [10.9096199, 62.353102], [10.9094421, 62.3530211], [10.9091325, 62.3528937], [10.9085239, 62.3526787]]}, "properties": {"electrified": "no", "gauge": "1435", "maxspeed": "85", "name": "R\u00f8rosbanen", "operator": "Bane NOR", "passenger_lines": "1", "railway": "rail", "usage": "main", "length_km": 2.726, "maxspeed_kmh": 85.0}}, {"type": "Feature", "geometry": {"type": "LineString", "coordinates": [[11.0843693, 60.7909144], [11.0859023, 60.7908212]]}, "properties": {"electrified": "contact_line", "frequency": "16.67", "gauge": "1435", "maxspeed": "60", "name": "R\u00f8rosbanen", "operator": "Bane NOR", "passenger_lines": "3", "railway": "rail", "usage": "main", "voltage": "15000", "length_km": 0.084, "maxspeed_kmh": 60.0}}, {"type": "Feature", "geometry": {"type": "LineString", "coordinates": [[11.3592846, 62.7848551], [11.3592231, 62.7847984]]}, "properties": {"bridge": "yes", "electrified": "no", "gauge": "1435", "maxspeed": "85", "name": "R\u00f8rosbanen", "operator": "Bane NOR", "passenger_lines": "1", "railway": "rail", "usage": "main", "length_km": 0.007, "maxspeed_kmh": 85.0}}, {"type": "Feature", "geometry": {"type": "LineString", "coordinates": [[10.6266426, 62.1284647], [10.6266385, 62.1285728]]}, "properties": {"bridge": "yes", "electrified": "no", "gauge": "1435", "maxspeed": "95", "name": "R\u00f8rosbanen", "operator": "Bane NOR", "passenger_lines": "1", "railway": "rail", "usage": "main", "length_km": 0.012, "maxspeed_kmh": 95.0}}, {"type": "Feature", "geometry": {"type": "LineString", "coordinates": [[10.619593, 62.1699589], [10.6202918, 62.1704437], [10.6205653, 62.1706418], [10.6207886, 62.1708084], [10.620967, 62.1709455], [10.621262, 62.1711821], [10.6215095, 62.1713862], [10.6218402, 62.171665], [10.6223022, 62.1720837], [10.6225388, 62.1723035], [10.622776, 62.1725424], [10.6230471, 62.1728199], [10.6232187, 62.1730014], [10.6236305, 62.1734724], [10.6237511, 62.1736168], [10.6240724, 62.1740174], [10.6242738, 62.1742934], [10.6245388, 62.174689], [10.624702, 62.1749465], [10.6248401, 62.1751699], [10.6249554, 62.1753671], [10.6250587, 62.1755556], [10.6252377, 62.1758951], [10.6253209, 62.1760701], [10.6255724, 62.1766447], [10.6256924, 62.1769154], [10.6257775, 62.1770823], [10.6258959, 62.177283], [10.6261084, 62.1775689], [10.6262791, 62.1777436], [10.6264413, 62.1779093], [10.626586, 62.1780308], [10.6268229, 62.1782155], [10.6270596, 62.1783783], [10.6280554, 62.1790153], [10.6285351, 62.1793518], [10.6289358, 62.1796655], [10.6291665, 62.1798732], [10.6293261, 62.1800278], [10.6295729, 62.1802876], [10.630116, 62.1809648], [10.6309234, 62.1820131], [10.6318205, 62.1831715], [10.6323825, 62.1839148], [10.6327339, 62.1843508], [10.6328894, 62.1845333], [10.6330953, 62.1847473], [10.6335401, 62.1851689], [10.6340307, 62.1856415], [10.6342211, 62.1858549], [10.6344101, 62.186096], [10.6345265, 62.1862524], [10.6346244, 62.1864022], [10.6347665, 62.1866464], [10.6352155, 62.1875019], [10.6353805, 62.187782], [10.635518, 62.1879774], [10.6356259, 62.1881123], [10.6357815, 62.18829], [10.6360263, 62.1885127], [10.6362254, 62.188676], [10.6364132, 62.1888131], [10.6367156, 62.1890092], [10.6369493, 62.1891517], [10.6374617, 62.1894199], [10.6378725, 62.1896162]]}, "properties": {"electrified": "no", "gauge": "1435", "maxspeed": "100", "name": "R\u00f8rosbanen", "operator": "Bane NOR", "passenger_lines": "1", "railway": "rail", "usage": "main", "length_km": 2.41, "maxspeed_kmh": 100.0}}, {"type": "Feature", "geometry": {"type": "LineString", "coordinates": [[10.7820497, 62.2768445], [10.7817074, 62.2767523]]}, "properties": {"bridge": "yes", "electrified": "no", "gauge": "1435", "maxspeed": "70", "name": "R\u00f8rosbanen", "operator": "Bane NOR", "passenger_lines": "1", "railway": "rail", "usage": "main", "length_km": 0.021, "maxspeed_kmh": 70.0}}, {"type": "Feature", "geometry": {"type": "LineString", "coordinates": [[10.7817074, 62.2767523], [10.781244, 62.276628], [10.7805786, 62.2764373], [10.7798322, 62.2762092], [10.7795425, 62.2761157], [10.7793827, 62.2760642], [10.7790616, 62.2759521], [10.7789337, 62.2759058]]}, "properties": {"electrified": "no", "gauge": "1435", "maxspeed": "70", "name": "R\u00f8rosbanen", "operator": "Bane NOR", "passenger_lines": "1", "railway": "rail", "usage": "main", "length_km": 0.172, "maxspeed_kmh": 70.0}}, {"type": "Feature", "geometry": {"type": "LineString", "coordinates": [[10.719384, 62.2686241], [10.7188041, 62.2687267], [10.7182241, 62.2688145], [10.7178006, 62.2688674], [10.7174027, 62.2689045], [10.7169974, 62.2689295], [10.7168176, 62.2689354], [10.7164351, 62.2689413], [10.7160464, 62.2689363], [10.7157047, 62.2689222], [10.7153527, 62.2688988], [10.7150329, 62.2688674], [10.7146796, 62.2688247], [10.7142, 62.2687505], [10.7139053, 62.2686932], [10.7135436, 62.2686109], [10.7131848, 62.268516], [10.7129341, 62.2684409], [10.7126981, 62.2683624], [10.7125167, 62.2682954], [10.7123684, 62.2682367], [10.7120203, 62.2680877], [10.711826, 62.2680004], [10.7112931, 62.267744], [10.7108547, 62.2675405], [10.710562, 62.2674088], [10.7099589, 62.2671521], [10.7096528, 62.2670297], [10.7091891, 62.2668543], [10.7088089, 62.2667164], [10.7081156, 62.2664832], [10.7076707, 62.2663426], [10.7072099, 62.2662037], [10.7067914, 62.266086], [10.7062194, 62.2659337], [10.7054486, 62.2657467], [10.7042851, 62.2654874], [10.7037458, 62.2653671], [10.7034035, 62.2652871], [10.7028856, 62.2651551], [10.7022674, 62.264981], [10.7018307, 62.2648456], [10.7014474, 62.2647176], [10.7010891, 62.264588], [10.7007585, 62.2644606], [10.7004218, 62.2643223], [10.7000942, 62.2641796], [10.6998441, 62.2640649], [10.6994126, 62.2638648], [10.698864, 62.2636048], [10.6926565, 62.2606602], [10.6921621, 62.2604408], [10.6919915, 62.260373], [10.6917484, 62.2602836], [10.6916796, 62.260261], [10.691571, 62.2602252], [10.6911252, 62.2600957], [10.6908723, 62.2600343], [10.6904998, 62.2599548], [10.6901933, 62.2599002], [10.6890006, 62.2597106], [10.6885462, 62.2596267], [10.6882586, 62.2595644], [10.6880368, 62.2595109], [10.6876952, 62.2594153], [10.687407, 62.2593243], [10.6872645, 62.2592739], [10.6871814, 62.259245]]}, "properties": {"electrified": "no", "gauge": "1435", "maxspeed": "70", "name": "R\u00f8rosbanen", "operator": "Bane NOR", "passenger_lines": "1", "railway": "rail", "usage": "main", "length_km": 2.055, "maxspeed_kmh": 70.0}}, {"type": "Feature", "geometry": {"type": "LineString", "coordinates": [[10.6575715, 62.2190262], [10.6574804, 62.2188286]]}, "properties": {"bridge": "yes", "electrified": "no", "gauge": "1435", "maxspeed": "125", "name": "R\u00f8rosbanen", "operator": "Bane NOR", "passenger_lines": "1", "railway": "rail", "usage": "main", "length_km": 0.023, "maxspeed_kmh": 125.0}}, {"type": "Feature", "geometry": {"type": "LineString", "coordinates": [[10.2871281, 63.0568545], [10.287091, 63.0564978], [10.2870598, 63.0563593], [10.2870293, 63.0562558], [10.2866122, 63.0550565], [10.2864405, 63.0545667], [10.2862179, 63.0539317], [10.2859335, 63.0531172], [10.2856276, 63.0522561], [10.2853845, 63.05155], [10.2851625, 63.0509202], [10.2848356, 63.0499737]]}, "properties": {"electrified": "contact_line", "frequency": "16.67", "gauge": "1435", "maxspeed": "40", "name": "R\u00f8rosbanen", "operator": "Bane NOR", "railway": "rail", "service": "siding", "voltage": "15000", "length_km": 0.776, "maxspeed_kmh": 40.0}}, {"type": "Feature", "geometry": {"type": "LineString", "coordinates": [[10.2848356, 63.0499737], [10.2850411, 63.0503017], [10.2850894, 63.0504021], [10.2851202, 63.050465], [10.2851611, 63.0505671], [10.2852108, 63.0507154], [10.2854964, 63.0515365], [10.2857484, 63.0522477], [10.2860355, 63.0531155], [10.2863399, 63.0539876], [10.2864576, 63.0543366]]}, "properties": {"electrified": "contact_line", "frequency": "16.67", "gauge": "1435", "maxspeed": "40", "name": "R\u00f8rosbanen", "railway": "rail", "service": "yard", "voltage": "15000", "length_km": 0.494, "maxspeed_kmh": 40.0}}, {"type": "Feature", "geometry": {"type": "LineString", "coordinates": [[11.0995359, 60.7956128], [11.0997097, 60.7956858], [11.1000914, 60.7958364], [11.1006163, 60.7960285], [11.101077, 60.796181], [11.1013099, 60.7962512], [11.1016764, 60.7963616], [11.1026313, 60.796596], [11.1035653, 60.7967616]]}, "properties": {"electrified": "no", "gauge": "1435", "maxspeed": "80", "name": "R\u00f8rosbanen", "operator": "Bane NOR", "passenger_lines": "1", "railway": "rail", "usage": "main", "length_km": 0.256, "maxspeed_kmh": 80.0}}, {"type": "Feature", "geometry": {"type": "LineString", "coordinates": [[11.4681103, 60.8754579], [11.4683266, 60.8754614]]}, "properties": {"bridge": "yes", "electrified": "no", "gauge": "1435", "maxspeed": "95", "name": "R\u00f8rosbanen", "operator": "Bane NOR", "passenger_lines": "1", "railway": "rail", "usage": "main", "length_km": 0.012, "maxspeed_kmh": 95.0}}, {"type": "Feature", "geometry": {"type": "LineString", "coordinates": [[11.4683266, 60.8754614], [11.4685276, 60.8754624], [11.4687282, 60.8754604], [11.4690543, 60.8754468], [11.4693429, 60.8754333], [11.469639, 60.8754109], [11.4699553, 60.8753779], [11.4704686, 60.8752983], [11.4710663, 60.8751993], [11.4713712, 60.8751321], [11.4717777, 60.8750311], [11.4722818, 60.8748788], [11.4725339, 60.8747897], [11.4728469, 60.874673], [11.4730868, 60.8745661], [11.4733958, 60.8744276], [11.4737901, 60.874208], [11.4742292, 60.873929], [11.474652, 60.8736678], [11.4751439, 60.8733967], [11.4755952, 60.873183], [11.476018, 60.8730187], [11.4764815, 60.8728624], [11.4770181, 60.872712], [11.4776035, 60.8725774], [11.4780873, 60.8724943], [11.4787947, 60.8723914], [11.4796647, 60.872334], [11.4802176, 60.8723142], [11.4809332, 60.8723281], [11.4815633, 60.8723696], [11.4820552, 60.8724171], [11.4825715, 60.8724785], [11.4830228, 60.8725576], [11.4835473, 60.8726783], [11.4840432, 60.8727951], [11.4848076, 60.8730286], [11.4851476, 60.8731466]]}, "properties": {"electrified": "no", "gauge": "1435", "maxspeed": "95", "name": "R\u00f8rosbanen", "operator": "Bane NOR", "passenger_lines": "1", "railway": "rail", "usage": "main", "length_km": 1.053, "maxspeed_kmh": 95.0}}, {"type": "Feature", "geometry": {"type": "LineString", "coordinates": [[11.4604488, 60.874608], [11.4606272, 60.874668], [11.4608391, 60.8747294], [11.4610531, 60.8747828], [11.4613188, 60.8748483], [11.4616363, 60.8749174], [11.4620501, 60.874997], [11.4624569, 60.875062], [11.4628595, 60.8751136], [11.4632437, 60.8751556], [11.4636437, 60.8751872], [11.4640751, 60.875219], [11.4645557, 60.8752493], [11.4653938, 60.8753008], [11.4664859, 60.8753714], [11.4674427, 60.8754314], [11.4678345, 60.8754499], [11.4681103, 60.8754579]]}, "properties": {"electrified": "no", "gauge": "1435", "maxspeed": "95", "name": "R\u00f8rosbanen", "operator": "Bane NOR", "passenger_lines": "1", "railway": "rail", "usage": "main", "length_km": 0.431, "maxspeed_kmh": 95.0}}, {"type": "Feature", "geometry": {"type": "LineString", "coordinates": [[11.4490451, 60.8705325], [11.4491689, 60.870577]]}, "properties": {"bridge": "yes", "electrified": "no", "gauge": "1435", "maxspeed": "130", "name": "R\u00f8rosbanen", "operator": "Bane NOR", "passenger_lines": "1", "railway": "rail", "usage": "main", "length_km": 0.008, "maxspeed_kmh": 130.0}}, {"type": "Feature", "geometry": {"type": "LineString", "coordinates": [[10.7526063, 62.9491369], [10.7543073, 62.9485088], [10.7546006, 62.9484056], [10.7549288, 62.9482978], [10.7551263, 62.9482383], [10.7553712, 62.9481706], [10.7558127, 62.9480642], [10.756106, 62.9480038], [10.7563729, 62.9479545], [10.7567929, 62.9478914], [10.7571766, 62.9478462], [10.757586, 62.9478098], [10.7579785, 62.9477866], [10.758384, 62.9477734], [10.7588064, 62.9477728], [10.759166, 62.947781], [10.7596348, 62.9478079], [10.7601104, 62.9478522], [10.7602832, 62.9478712], [10.7606404, 62.9479196], [10.7611489, 62.9480041], [10.7631407, 62.9483772], [10.7652728, 62.9487848], [10.7657639, 62.9488717], [10.7661632, 62.9489349], [10.7665041, 62.9489811], [10.7667151, 62.9490057], [10.7671434, 62.949046], [10.7675497, 62.9490725], [10.7679913, 62.9490902], [10.7683358, 62.9490951], [10.7688315, 62.9490891], [10.7692656, 62.9490709], [10.7694768, 62.9490582], [10.7699248, 62.9490207], [10.7714613, 62.9488559], [10.7720232, 62.9488133], [10.772388, 62.9487962], [10.7728101, 62.9487909], [10.7730047, 62.9487936], [10.7732176, 62.9487976], [10.7736457, 62.9488186], [10.7738631, 62.9488346], [10.7742329, 62.94887], [10.7746338, 62.948921], [10.7750573, 62.9489905], [10.7752923, 62.9490351], [10.7756888, 62.949125], [10.7760679, 62.9492257], [10.7762475, 62.94928], [10.7764496, 62.9493469], [10.7767255, 62.9494459], [10.7768991, 62.9495153], [10.7770957, 62.9496024], [10.7771839, 62.9496427], [10.7773162, 62.949706], [10.7775201, 62.9498146], [10.7778186, 62.9499969], [10.778112, 62.9502055], [10.7782546, 62.9503174], [10.7784121, 62.9504508], [10.7786565, 62.9506669], [10.7787745, 62.950779], [10.779058, 62.9510684], [10.7793584, 62.9514143], [10.7795641, 62.9516905], [10.7796642, 62.9518357], [10.7807628, 62.9534587], [10.7808944, 62.953634], [10.7810338, 62.9537999], [10.7812079, 62.9539788], [10.7814364, 62.9541824], [10.7815523, 62.9542762], [10.7816614, 62.9543613], [10.7817995, 62.9544561], [10.7821326, 62.9546737], [10.7824259, 62.9548441], [10.782597, 62.9549344], [10.7829177, 62.9550917], [10.7834236, 62.9553141], [10.7838035, 62.9554649], [10.7841432, 62.9555909], [10.7844389, 62.9556897], [10.7848106, 62.9558037], [10.7851832, 62.9559026], [10.7853688, 62.9559479], [10.7857179, 62.9560237], [10.7859214, 62.9560638], [10.7862969, 62.9561281], [10.7868109, 62.9561995], [10.7870748, 62.9562283], [10.7874331, 62.9562617], [10.7879825, 62.9562939], [10.7882123, 62.9563029], [10.7886426, 62.9563121], [10.7914943, 62.9563257], [10.7924071, 62.956345], [10.7932892, 62.9563794], [10.7941037, 62.9564236], [10.7949463, 62.9564819], [10.7957825, 62.9565541], [10.796894, 62.9566715], [10.7977181, 62.9567764], [10.7983236, 62.9568618], [10.8000501, 62.9571288], [10.8017557, 62.9574035], [10.8022608, 62.9574903], [10.8029785, 62.9576273], [10.8034942, 62.9577403], [10.8045323, 62.9579839], [10.8048913, 62.9580627], [10.8052862, 62.9581378], [10.8054773, 62.9581701], [10.8058602, 62.9582232], [10.8060804, 62.9582484], [10.8063252, 62.9582714], [10.806646, 62.9582961], [10.806909, 62.9583119], [10.8072636, 62.958331], [10.810522, 62.9584756], [10.8113253, 62.9585187], [10.8119953, 62.9585676], [10.8122841, 62.9585927], [10.8129193, 62.9586597], [10.8132242, 62.9586918], [10.8136291, 62.9587427], [10.8144252, 62.9588598], [10.8152753, 62.9590085], [10.8156882, 62.9590904], [10.8163763, 62.9592409], [10.8170753, 62.959414], [10.8176064, 62.9595607], [10.8182245, 62.9597458], [10.8187103, 62.9599087], [10.8190145, 62.9600157], [10.820032, 62.9603905], [10.8206837, 62.9606171], [10.8210982, 62.960743], [10.8213275, 62.9608065], [10.8215299, 62.9608569], [10.8219461, 62.9609502], [10.8223867, 62.961033], [10.8226317, 62.9610725], [10.8229084, 62.9611128], [10.8231908, 62.961148], [10.8234923, 62.9611814], [10.8237721, 62.9612055], [10.8243514, 62.9612425], [10.8246748, 62.9612534], [10.8249477, 62.9612568]]}, "properties": {"electrified": "no", "gauge": "1435", "maxspeed": "90", "name": "R\u00f8rosbanen", "operator": "Bane NOR", "passenger_lines": "1", "railway": "rail", "usage": "main", "length_km": 4.316, "maxspeed_kmh": 90.0}}, {"type": "Feature", "geometry": {"type": "LineString", "coordinates": [[10.4644514, 63.0009761], [10.4642825, 63.0010398], [10.4639032, 63.0012012], [10.4635893, 63.0013409], [10.4629639, 63.0016319], [10.4622756, 63.0019654], [10.4613469, 63.0024407], [10.4609741, 63.0026532], [10.4607896, 63.0027671], [10.4605723, 63.0029076], [10.4604264, 63.0030088], [10.4603134, 63.0030907], [10.460031, 63.003311], [10.4598065, 63.0035052], [10.459646, 63.0036529], [10.4595455, 63.0037569], [10.4591951, 63.0041393], [10.4590115, 63.0043518], [10.4588503, 63.0045416], [10.4583554, 63.0051082], [10.4580424, 63.0054698], [10.4572533, 63.0063833], [10.4566549, 63.0070649], [10.4563867, 63.007362], [10.4561211, 63.0076447], [10.4556933, 63.0080921]]}, "properties": {"electrified": "no", "gauge": "1435", "maxspeed": "85", "name": "R\u00f8rosbanen", "operator": "Bane NOR", "passenger_lines": "1", "railway": "rail", "usage": "main", "length_km": 0.922, "maxspeed_kmh": 85.0}}, {"type": "Feature", "geometry": {"type": "LineString", "coordinates": [[10.4656938, 63.0005969], [10.4663742, 63.0004237]]}, "properties": {"electrified": "no", "gauge": "1435", "maxspeed": "50", "name": "R\u00f8rosbanen", "operator": "Bane NOR", "passenger_lines": "1", "railway": "rail", "tunnel": "yes", "usage": "main", "length_km": 0.04, "maxspeed_kmh": 50.0}}, {"type": "Feature", "geometry": {"type": "LineString", "coordinates": [[10.3081054, 63.0335538], [10.308748, 63.0334317], [10.3091398, 63.033348], [10.3095126, 63.0332597], [10.3098053, 63.0331828], [10.3102631, 63.0330468], [10.3107097, 63.0328939], [10.3109517, 63.0328011], [10.3110264, 63.0327703], [10.3110481, 63.0327614], [10.3111193, 63.032732], [10.3112015, 63.0326982], [10.3114204, 63.0325993], [10.3117538, 63.0324358], [10.3118773, 63.0323718], [10.3122251, 63.0321726], [10.3123568, 63.0320902], [10.3125855, 63.0319359], [10.3127455, 63.0318187], [10.3128839, 63.0317089], [10.3130759, 63.031544], [10.3132202, 63.031408], [10.3134358, 63.0311733], [10.313692, 63.0308403], [10.3162721, 63.0269535], [10.3164652, 63.0266626], [10.3170037, 63.0258514], [10.3172429, 63.0255131], [10.3173617, 63.0253676], [10.3174629, 63.0252588], [10.3175555, 63.0251703], [10.3177823, 63.0249788], [10.3179476, 63.0248591], [10.3182382, 63.0246781], [10.3184948, 63.024539], [10.3186855, 63.0244473], [10.3189241, 63.0243437], [10.3191392, 63.0242574], [10.3193461, 63.0241833], [10.3196093, 63.0240968], [10.319856, 63.0240242], [10.3202632, 63.0239206], [10.3204616, 63.023876], [10.3206951, 63.0238302], [10.3208751, 63.0237969], [10.3213759, 63.0237219], [10.3215783, 63.0236967], [10.3218677, 63.0236686], [10.3221251, 63.0236487], [10.3224073, 63.0236323], [10.3227653, 63.0236207], [10.3230602, 63.0236182], [10.3234357, 63.0236235], [10.323635, 63.0236303], [10.3239255, 63.023643], [10.3249325, 63.0236983], [10.3252297, 63.023711], [10.3256361, 63.0237196], [10.3258298, 63.02372], [10.3261227, 63.0237159], [10.3263332, 63.0237086], [10.3267357, 63.0236844], [10.3269803, 63.0236634], [10.3274292, 63.0236127], [10.3276508, 63.0235806], [10.3278231, 63.023553], [10.3281223, 63.0234982], [10.3284333, 63.0234319], [10.3287212, 63.0233613], [10.3289459, 63.0232997], [10.3292041, 63.0232207], [10.329436, 63.0231415], [10.3299015, 63.0229699], [10.3326335, 63.0219168]]}, "properties": {"electrified": "no", "gauge": "1435", "maxspeed": "85", "name": "R\u00f8rosbanen", "operator": "Bane NOR", "passenger_lines": "1", "railway": "rail", "usage": "main", "length_km": 1.988, "maxspeed_kmh": 85.0}}, {"type": "Feature", "geometry": {"type": "LineString", "coordinates": [[10.4556933, 63.0080921], [10.4556021, 63.0081871]]}, "properties": {"bridge": "yes", "electrified": "no", "gauge": "1435", "maxspeed": "85", "name": "R\u00f8rosbanen", "operator": "Bane NOR", "passenger_lines": "1", "railway": "rail", "usage": "main", "length_km": 0.012, "maxspeed_kmh": 85.0}}, {"type": "Feature", "geometry": {"type": "LineString", "coordinates": [[10.4540908, 63.0092], [10.4542468, 63.0091253]]}, "properties": {"bridge": "yes", "electrified": "no", "gauge": "1435", "maxspeed": "85", "name": "R\u00f8rosbanen", "operator": "Bane NOR", "passenger_lines": "1", "railway": "rail", "usage": "main", "length_km": 0.011, "maxspeed_kmh": 85.0}}, {"type": "Feature", "geometry": {"type": "LineString", "coordinates": [[10.4556021, 63.0081871], [10.4554968, 63.0082912], [10.4553788, 63.0084028], [10.4552883, 63.0084829], [10.4551817, 63.0085693], [10.4550737, 63.00865], [10.4549497, 63.0087358], [10.4547968, 63.0088323], [10.4546204, 63.0089345], [10.4544206, 63.0090383], [10.4542468, 63.0091253]]}, "properties": {"electrified": "no", "gauge": "1435", "maxspeed": "85", "name": "R\u00f8rosbanen", "operator": "Bane NOR", "passenger_lines": "1", "railway": "rail", "usage": "main", "length_km": 0.126, "maxspeed_kmh": 85.0}}, {"type": "Feature", "geometry": {"type": "LineString", "coordinates": [[11.3518066, 61.0769473], [11.3519627, 61.0763353]]}, "properties": {"bridge": "yes", "electrified": "no", "gauge": "1435", "maxspeed": "90", "name": "R\u00f8rosbanen", "operator": "Bane NOR", "passenger_lines": "1", "railway": "rail", "usage": "main", "length_km": 0.069, "maxspeed_kmh": 90.0}}, {"type": "Feature", "geometry": {"type": "LineString", "coordinates": [[11.3519627, 61.0763353], [11.3520067, 61.0761626], [11.3520394, 61.0759662], [11.3520516, 61.0757858], [11.3520506, 61.0756198], [11.3520358, 61.0754753], [11.3520036, 61.0752914], [11.3519699, 61.0751466]]}, "properties": {"electrified": "no", "gauge": "1435", "maxspeed": "90", "name": "R\u00f8rosbanen", "operator": "Bane NOR", "passenger_lines": "1", "railway": "rail", "usage": "main", "length_km": 0.133, "maxspeed_kmh": 90.0}}, {"type": "Feature", "geometry": {"type": "LineString", "coordinates": [[10.4280255, 63.020124], [10.4282315, 63.0201019]]}, "properties": {"bridge": "yes", "electrified": "no", "gauge": "1435", "maxspeed": "70", "name": "R\u00f8rosbanen", "operator": "Bane NOR", "passenger_lines": "1", "railway": "rail", "usage": "main", "length_km": 0.011, "maxspeed_kmh": 70.0}}, {"type": "Feature", "geometry": {"type": "LineString", "coordinates": [[10.4282315, 63.0201019], [10.4283831, 63.0200878], [10.4286409, 63.0200692], [10.4290168, 63.0200444], [10.4291718, 63.0200385], [10.4293689, 63.0200329], [10.4296144, 63.0200288], [10.430314, 63.0200316], [10.4307272, 63.0200401], [10.4331155, 63.0201114], [10.4334574, 63.0201163], [10.4338125, 63.0201164], [10.4343959, 63.0201025], [10.4346742, 63.0200881]]}, "properties": {"electrified": "no", "gauge": "1435", "maxspeed": "70", "name": "R\u00f8rosbanen", "operator": "Bane NOR", "passenger_lines": "1", "railway": "rail", "usage": "main", "length_km": 0.327, "maxspeed_kmh": 70.0}}, {"type": "Feature", "geometry": {"type": "LineString", "coordinates": [[10.5881132, 62.9640302], [10.5882953, 62.9638422], [10.5884241, 62.963701], [10.5885668, 62.9635252], [10.5886793, 62.9633704], [10.588839, 62.9631148], [10.5889936, 62.9628105], [10.5891005, 62.9625086], [10.5891463, 62.9623314], [10.589177, 62.9621475], [10.589259, 62.9615019], [10.5892996, 62.9613228], [10.5893772, 62.9610667], [10.5894787, 62.9608431], [10.589554, 62.9607129], [10.5897776, 62.9603895], [10.5916018, 62.9581413], [10.5918762, 62.9578241], [10.5920277, 62.9576664], [10.5921745, 62.9575308], [10.5923464, 62.9573835], [10.5925023, 62.9572603], [10.5926469, 62.9571534], [10.5926988, 62.9571161], [10.5929463, 62.9569541], [10.5932366, 62.9567812], [10.5936706, 62.9565541], [10.5940795, 62.9563674], [10.5942152, 62.9563099], [10.5946103, 62.956155], [10.5949353, 62.9560427], [10.5954768, 62.9558733], [10.5957974, 62.9557834], [10.5962237, 62.9556761], [10.5965382, 62.9556063], [10.5967694, 62.9555595], [10.596978, 62.9555186], [10.5973032, 62.9554623], [10.5978833, 62.955376], [10.5982605, 62.9553289], [10.5986061, 62.9552926], [10.5991944, 62.955238], [10.6024658, 62.9549561], [10.6032348, 62.9548827], [10.6035381, 62.9548577], [10.6037906, 62.9548323], [10.6044277, 62.954758], [10.6050043, 62.9546836], [10.6057314, 62.954585], [10.6091291, 62.9540655], [10.6099479, 62.9539321], [10.6109892, 62.9537519], [10.6129556, 62.9533898], [10.6134712, 62.9533002], [10.6138762, 62.953237], [10.6144288, 62.9531612], [10.6147789, 62.9531177], [10.6150681, 62.9530879], [10.6153812, 62.9530598], [10.6159036, 62.9530197], [10.6162468, 62.9529987], [10.6166152, 62.9529815], [10.6169481, 62.9529702], [10.6171606, 62.952966]]}, "properties": {"electrified": "no", "gauge": "1435", "maxspeed": "105", "name": "R\u00f8rosbanen", "operator": "Bane NOR", "passenger_lines": "1", "railway": "rail", "usage": "main", "length_km": 2.164, "maxspeed_kmh": 105.0}}, {"type": "Feature", "geometry": {"type": "LineString", "coordinates": [[10.6535562, 62.9437153], [10.65405, 62.9436806]]}, "properties": {"bridge": "yes", "electrified": "no", "gauge": "1435", "maxspeed": "80", "name": "R\u00f8rosbanen", "operator": "Bane NOR", "passenger_lines": "1", "railway": "rail", "usage": "main", "length_km": 0.025, "maxspeed_kmh": 80.0}}, {"type": "Feature", "geometry": {"type": "LineString", "coordinates": [[10.4346742, 63.0200881], [10.4350804, 63.0200637], [10.4355633, 63.0200101], [10.4359323, 63.0199448], [10.4363519, 63.0198519], [10.4369029, 63.0196959]]}, "properties": {"electrified": "no", "gauge": "1435", "maxspeed": "70", "name": "R\u00f8rosbanen", "operator": "Bane NOR", "passenger_lines": "1", "railway": "rail", "tunnel": "yes", "usage": "main", "length_km": 0.123, "maxspeed_kmh": 70.0}}, {"type": "Feature", "geometry": {"type": "LineString", "coordinates": [[10.4369029, 63.0196959], [10.4371985, 63.0196064], [10.4377834, 63.0194064], [10.4391652, 63.0189058], [10.4398194, 63.0186749], [10.4401041, 63.0185807], [10.4403143, 63.0185166], [10.4407532, 63.0183936], [10.4410846, 63.0183109], [10.4413861, 63.0182421], [10.4418702, 63.0181431], [10.4433378, 63.0178772], [10.4437593, 63.0177948], [10.4440829, 63.0177226], [10.444237, 63.0176832], [10.4445644, 63.017591], [10.4446276, 63.0175709], [10.4447913, 63.0175165], [10.4449477, 63.0174598], [10.4451236, 63.0173921], [10.4453672, 63.0172881], [10.4455079, 63.01722], [10.4457383, 63.0170982], [10.4459417, 63.016976], [10.4460782, 63.0168833], [10.4462721, 63.0167367], [10.4463721, 63.0166503], [10.446446, 63.0165817], [10.4465383, 63.0164833], [10.4467171, 63.0162721], [10.4469313, 63.0159596]]}, "properties": {"electrified": "no", "gauge": "1435", "maxspeed": "70", "name": "R\u00f8rosbanen", "operator": "Bane NOR", "passenger_lines": "1", "railway": "rail", "usage": "main", "length_km": 0.679, "maxspeed_kmh": 70.0}}, {"type": "Feature", "geometry": {"type": "LineString", "coordinates": [[10.8251763, 62.961258], [10.8255347, 62.9612545], [10.8258035, 62.9612439], [10.8260563, 62.9612314], [10.8265252, 62.9611987], [10.8270398, 62.961151], [10.8274072, 62.9611123]]}, "properties": {"electrified": "no", "gauge": "1435", "maxspeed": "90", "name": "R\u00f8rosbanen", "operator": "Bane NOR", "passenger_lines": "1", "railway": "rail", "usage": "main", "length_km": 0.115, "maxspeed_kmh": 90.0}}, {"type": "Feature", "geometry": {"type": "LineString", "coordinates": [[10.8249477, 62.9612568], [10.8251763, 62.961258]]}, "properties": {"bridge": "yes", "electrified": "no", "gauge": "1435", "maxspeed": "90", "name": "R\u00f8rosbanen", "operator": "Bane NOR", "passenger_lines": "1", "railway": "rail", "usage": "main", "length_km": 0.012, "maxspeed_kmh": 90.0}}, {"type": "Feature", "geometry": {"type": "LineString", "coordinates": [[10.9185384, 62.9811012], [10.9191471, 62.981324], [10.9195981, 62.9815016], [10.9197862, 62.9815868], [10.9199545, 62.9816671], [10.9202519, 62.9818291], [10.9204876, 62.9819852], [10.920601, 62.9820682], [10.9207415, 62.9821863], [10.9210151, 62.9824471], [10.9213719, 62.9828164], [10.9215817, 62.9830231], [10.9219287, 62.9833302], [10.9221987, 62.9835401], [10.9225138, 62.9837641], [10.9228303, 62.9839693], [10.9230141, 62.9840784], [10.9233646, 62.9842698], [10.9235688, 62.9843666], [10.9237452, 62.9844414], [10.9239326, 62.9845115], [10.9241559, 62.9845836], [10.924346, 62.9846363], [10.9245502, 62.9846855], [10.9247649, 62.9847298], [10.9249162, 62.9847575], [10.9250298, 62.9847739], [10.9253859, 62.9848191], [10.9256306, 62.9848389], [10.9258693, 62.9848519], [10.9261884, 62.9848577], [10.9264943, 62.9848533], [10.9266593, 62.9848446], [10.9270043, 62.9848174], [10.9271948, 62.9847957], [10.9273629, 62.9847721], [10.9277243, 62.9847085], [10.9280249, 62.9846386], [10.9281794, 62.9845971], [10.9283654, 62.98454], [10.9285321, 62.9844826], [10.9286901, 62.9844209], [10.9288759, 62.9843378], [10.9290187, 62.984266]]}, "properties": {"electrified": "no", "gauge": "1435", "maxspeed": "50", "name": "R\u00f8rosbanen", "operator": "Bane NOR", "passenger_lines": "1", "railway": "rail", "usage": "main", "length_km": 0.76, "maxspeed_kmh": 50.0}}, {"type": "Feature", "geometry": {"type": "LineString", "coordinates": [[10.8350254, 62.9603216], [10.835414, 62.9602806]]}, "properties": {"bridge": "yes", "electrified": "no", "gauge": "1435", "maxspeed": "125", "name": "R\u00f8rosbanen", "operator": "Bane NOR", "passenger_lines": "1", "railway": "rail", "usage": "main", "length_km": 0.02, "maxspeed_kmh": 125.0}}, {"type": "Feature", "geometry": {"type": "LineString", "coordinates": [[10.9777589, 62.9609837], [10.9778907, 62.9609505], [10.9785762, 62.9607625], [10.9789765, 62.960645], [10.9791879, 62.9605808], [10.9812009, 62.95995], [10.9815306, 62.9598522], [10.9821108, 62.9596922], [10.9826503, 62.9595599], [10.9829781, 62.959487], [10.9852631, 62.9590077], [10.9856805, 62.9589156], [10.9863389, 62.9587661], [10.9873422, 62.9585285], [10.9882099, 62.9583155], [10.9891326, 62.95808], [10.9902936, 62.9577737], [10.9913953, 62.9574733], [10.9918942, 62.9573445], [10.9923097, 62.9572543], [10.9925674, 62.9572077], [10.9927884, 62.9571724], [10.993339, 62.9571027], [10.9936319, 62.9570719], [10.9951323, 62.9569273], [10.995661, 62.9568902], [10.995889, 62.9568789], [10.9961418, 62.9568729], [10.9964144, 62.9568718], [10.9968702, 62.956886], [10.997069, 62.9568982], [10.9972736, 62.956914], [10.9974801, 62.9569355], [10.9979085, 62.9569905], [10.9981741, 62.9570305], [10.9987314, 62.9571237], [11.0015331, 62.9576113], [11.0021583, 62.9577072], [11.0026773, 62.957781], [11.0032284, 62.9578516], [11.0037063, 62.9579077], [11.0044671, 62.957984], [11.0049508, 62.9580236], [11.0051622, 62.9580358], [11.0054108, 62.9580451], [11.0056918, 62.9580505], [11.0059073, 62.9580503], [11.0061389, 62.9580455], [11.0065032, 62.9580288], [11.006899, 62.9579977], [11.0072803, 62.9579556], [11.0076482, 62.9579019], [11.0081199, 62.9578133], [11.0084161, 62.957744], [11.0087925, 62.9576449], [11.0110686, 62.9569832], [11.0115769, 62.9568444], [11.011808, 62.956787], [11.0122868, 62.9566802], [11.0127688, 62.9565917], [11.0130314, 62.9565501], [11.0136941, 62.9564605], [11.0183739, 62.9558946], [11.0188611, 62.9558443], [11.0191146, 62.9558226], [11.0194174, 62.9558017], [11.0196988, 62.9557873], [11.0199821, 62.9557778], [11.0202781, 62.9557725], [11.0208515, 62.9557769], [11.0211707, 62.9557879], [11.0217912, 62.9558183], [11.024534, 62.9559741], [11.0251789, 62.9559975], [11.0254585, 62.9560003], [11.0259006, 62.9559885], [11.0261745, 62.9559713], [11.0264233, 62.9559507], [11.0266761, 62.9559225], [11.0269316, 62.9558873], [11.0271997, 62.9558435], [11.0274463, 62.9557966], [11.0276645, 62.9557488], [11.0281307, 62.9556242], [11.0283392, 62.9555599], [11.0294103, 62.9552023], [11.0298593, 62.9550605], [11.0301238, 62.9549842], [11.0303644, 62.9549197], [11.0306627, 62.9548476], [11.0309764, 62.9547796], [11.0312214, 62.9547317], [11.0314037, 62.9547008]]}, "properties": {"electrified": "no", "gauge": "1435", "maxspeed": "75", "name": "R\u00f8rosbanen", "operator": "Bane NOR", "passenger_lines": "1", "railway": "rail", "usage": "main", "length_km": 2.951, "maxspeed_kmh": 75.0}}, {"type": "Feature", "geometry": {"type": "LineString", "coordinates": [[10.9290187, 62.984266], [10.9291045, 62.9842194]]}, "properties": {"bridge": "yes", "electrified": "no", "gauge": "1435", "maxspeed": "50", "name": "R\u00f8rosbanen", "operator": "Bane NOR", "passenger_lines": "1", "railway": "rail", "usage": "main", "length_km": 0.007, "maxspeed_kmh": 50.0}}, {"type": "Feature", "geometry": {"type": "LineString", "coordinates": [[11.0315926, 62.9546686], [11.0318157, 62.9546356], [11.0323026, 62.9545726], [11.0328827, 62.9545104], [11.0356551, 62.9542363], [11.0362062, 62.9541762], [11.0364577, 62.9541459], [11.0369744, 62.9540713], [11.037494, 62.9539811], [11.0377938, 62.9539216], [11.0380809, 62.9538593], [11.0383541, 62.9537953], [11.0387239, 62.9537005], [11.0391229, 62.953583], [11.0392725, 62.9535347], [11.0393919, 62.9534915]]}, "properties": {"electrified": "no", "gauge": "1435", "maxspeed": "75", "name": "R\u00f8rosbanen", "operator": "Bane NOR", "passenger_lines": "1", "railway": "rail", "usage": "main", "length_km": 0.421, "maxspeed_kmh": 75.0}}, {"type": "Feature", "geometry": {"type": "LineString", "coordinates": [[11.0314037, 62.9547008], [11.0315926, 62.9546686]]}, "properties": {"bridge": "yes", "electrified": "no", "gauge": "1435", "maxspeed": "75", "name": "R\u00f8rosbanen", "operator": "Bane NOR", "passenger_lines": "1", "railway": "rail", "usage": "main", "length_km": 0.01, "maxspeed_kmh": 75.0}}, {"type": "Feature", "geometry": {"type": "LineString", "coordinates": [[11.0461697, 62.9479743], [11.046534, 62.947872], [11.046923, 62.9477479], [11.0471156, 62.9476772], [11.0473087, 62.9476], [11.0475323, 62.9475019], [11.0476916, 62.9474255], [11.0480025, 62.9472571], [11.0482075, 62.9471377], [11.0488857, 62.9467125], [11.0492591, 62.9464933], [11.0494195, 62.9464049], [11.0496259, 62.9462978], [11.0500028, 62.9461121], [11.0504055, 62.9459316], [11.0508027, 62.9457707], [11.0511037, 62.9456575], [11.0513971, 62.945554], [11.0517011, 62.9454528], [11.0519973, 62.9453597], [11.0523222, 62.9452644], [11.0525807, 62.9451952], [11.0529017, 62.9451175], [11.0531856, 62.9450554], [11.0534869, 62.9449982], [11.0537888, 62.9449485], [11.0542345, 62.9448892], [11.0547991, 62.944834], [11.0549683, 62.9448212], [11.0553252, 62.9447997], [11.0567299, 62.9447433], [11.0571786, 62.9447209], [11.0574453, 62.9447038], [11.0579275, 62.9446658], [11.0585123, 62.9446079], [11.0590503, 62.9445415], [11.0595854, 62.9444642], [11.0601728, 62.9443641], [11.0607294, 62.9442563], [11.0613335, 62.9441202], [11.0618485, 62.9439904], [11.0621116, 62.943919], [11.0624535, 62.9438176], [11.0629304, 62.9436637], [11.0634388, 62.943483], [11.0639685, 62.9432788], [11.0648859, 62.9429106], [11.0653293, 62.9427491], [11.0655106, 62.9426897], [11.0658962, 62.9425731], [11.0663717, 62.9424513], [11.0666231, 62.9423944], [11.0668969, 62.9423386], [11.0671701, 62.9422886], [11.0677086, 62.9422066], [11.0679539, 62.9421757], [11.0686392, 62.9420996], [11.0696285, 62.9420012], [11.0699185, 62.9419685], [11.0703692, 62.9419115], [11.070865, 62.9418374], [11.071291, 62.9417628], [11.0715479, 62.9417138], [11.072012, 62.9416155], [11.072238, 62.9415645], [11.0724639, 62.9415135]]}, "properties": {"electrified": "no", "gauge": "1435", "maxspeed": "85", "name": "R\u00f8rosbanen", "operator": "Bane NOR", "passenger_lines": "1", "railway": "rail", "usage": "main", "length_km": 1.563, "maxspeed_kmh": 85.0}}, {"type": "Feature", "geometry": {"type": "LineString", "coordinates": [[11.0393919, 62.9534915], [11.0395006, 62.9534518]]}, "properties": {"bridge": "yes", "electrified": "no", "gauge": "1435", "maxspeed": "75", "name": "R\u00f8rosbanen", "operator": "Bane NOR", "passenger_lines": "1", "railway": "rail", "usage": "main", "length_km": 0.007, "maxspeed_kmh": 75.0}}, {"type": "Feature", "geometry": {"type": "LineString", "coordinates": [[11.0729467, 62.9414089], [11.0732673, 62.9413462], [11.0737737, 62.9412634], [11.073961, 62.9412397], [11.0741741, 62.9412179], [11.0744591, 62.9411932], [11.0746916, 62.9411801], [11.0749993, 62.9411698], [11.0754457, 62.9411695], [11.0757292, 62.941178], [11.0762697, 62.9412094], [11.076575, 62.9412349], [11.0769036, 62.9412654], [11.0783276, 62.9414111], [11.0785086, 62.9414294], [11.0793237, 62.9414962], [11.0801861, 62.9415448], [11.0808647, 62.9415633], [11.0812111, 62.9415645], [11.0817155, 62.9415537], [11.0821009, 62.9415302], [11.0825081, 62.9414912], [11.082944, 62.9414335], [11.0833448, 62.9413626], [11.0838417, 62.9412548]]}, "properties": {"electrified": "no", "gauge": "1435", "maxspeed": "75", "name": "R\u00f8rosbanen", "operator": "Bane NOR", "passenger_lines": "1", "railway": "rail", "usage": "main", "length_km": 0.567, "maxspeed_kmh": 75.0}}, {"type": "Feature", "geometry": {"type": "LineString", "coordinates": [[11.0724639, 62.9415135], [11.0726738, 62.9414674]]}, "properties": {"bridge": "yes", "electrified": "no", "gauge": "1435", "maxspeed": "85", "name": "R\u00f8rosbanen", "operator": "Bane NOR", "passenger_lines": "1", "railway": "rail", "usage": "main", "length_km": 0.012, "maxspeed_kmh": 85.0}}, {"type": "Feature", "geometry": {"type": "LineString", "coordinates": [[11.0844287, 62.9411151], [11.0863635, 62.9406546], [11.08689, 62.9405448], [11.0871314, 62.9405002], [11.0875468, 62.940433], [11.0880383, 62.9403701], [11.0885101, 62.9403228], [11.0890001, 62.9402869], [11.0894507, 62.9402648], [11.0897336, 62.9402552], [11.089997, 62.9402511], [11.0905091, 62.9402518], [11.0908483, 62.9402618], [11.0910234, 62.9402669], [11.0913104, 62.9402805], [11.0923449, 62.9403488], [11.0956517, 62.9405891], [11.0962807, 62.9406318], [11.0966473, 62.9406511], [11.0971781, 62.9406643], [11.0973238, 62.9406654], [11.0975698, 62.9406596], [11.0977674, 62.9406502], [11.0979841, 62.9406377], [11.098404, 62.9406007], [11.0985958, 62.940578], [11.0989861, 62.9405209], [11.099436, 62.9404372], [11.0997741, 62.9403588], [11.1000881, 62.9402741], [11.1002589, 62.9402232], [11.1004116, 62.9401726], [11.100742, 62.9400526], [11.1009306, 62.9399762], [11.1011168, 62.9398929], [11.1013026, 62.9398032], [11.1014908, 62.9396994], [11.1017903, 62.9395109], [11.1019045, 62.9394267], [11.1020126, 62.9393377], [11.1021233, 62.9392344], [11.1022371, 62.9391127], [11.1023258, 62.9389977], [11.1024451, 62.9388005], [11.1024924, 62.9386965], [11.1025608, 62.9385062], [11.1026807, 62.9379748], [11.102721, 62.9378438], [11.1028078, 62.9376365], [11.1029253, 62.9374421], [11.1029973, 62.9373446], [11.1031784, 62.9371331], [11.1032871, 62.9370224], [11.1037227, 62.936605], [11.1039824, 62.9363717], [11.1043775, 62.9360304], [11.1047181, 62.9357498], [11.1050914, 62.9354537], [11.1052841, 62.9353084], [11.1056819, 62.9350356], [11.1058776, 62.9349127], [11.106099, 62.9347764], [11.1070056, 62.9342409], [11.1074157, 62.9339781], [11.1076047, 62.933852], [11.1079408, 62.9336102], [11.1087377, 62.9330053], [11.1090415, 62.932799], [11.1092245, 62.9326909], [11.1095556, 62.93252], [11.1097572, 62.9324269], [11.1099871, 62.9323335], [11.1102159, 62.9322491], [11.110471, 62.9321652], [11.1106847, 62.9321018], [11.1109805, 62.9320225], [11.111265, 62.9319568], [11.1115646, 62.931895], [11.1118528, 62.9318416], [11.1123293, 62.931761]]}, "properties": {"electrified": "no", "gauge": "1435", "maxspeed": "75", "name": "R\u00f8rosbanen", "operator": "Bane NOR", "passenger_lines": "1", "railway": "rail", "usage": "main", "length_km": 2.001, "maxspeed_kmh": 75.0}}, {"type": "Feature", "geometry": {"type": "LineString", "coordinates": [[11.0838417, 62.9412548], [11.0844287, 62.9411151]]}, "properties": {"bridge": "yes", "electrified": "no", "gauge": "1435", "maxspeed": "75", "name": "R\u00f8rosbanen", "operator": "Bane NOR", "passenger_lines": "1", "railway": "rail", "usage": "main", "length_km": 0.034, "maxspeed_kmh": 75.0}}, {"type": "Feature", "geometry": {"type": "LineString", "coordinates": [[11.1202891, 62.93046], [11.1211242, 62.9304911], [11.1216413, 62.930502], [11.122204, 62.9304995], [11.1227083, 62.9304871], [11.1232836, 62.9304588], [11.1234896, 62.9304442], [11.1240382, 62.9303991], [11.1246178, 62.930343], [11.1254303, 62.9302533], [11.126374, 62.9301406], [11.1278205, 62.9299487], [11.1293902, 62.9297171], [11.1345112, 62.9289121], [11.1347348, 62.9288787], [11.1351427, 62.9288252], [11.1355428, 62.9287818], [11.1359982, 62.9287473], [11.1364075, 62.9287289], [11.1366338, 62.9287226], [11.1371656, 62.9287237], [11.1374478, 62.9287318], [11.1376977, 62.9287439], [11.138268, 62.9287802], [11.1391119, 62.9288412], [11.139622, 62.9288707], [11.1398446, 62.9288781], [11.1402541, 62.9288853]]}, "properties": {"electrified": "no", "gauge": "1435", "name": "R\u00f8rosbanen", "operator": "Bane NOR", "passenger_lines": "1", "railway": "rail", "usage": "main", "length_km": 1.044}}, {"type": "Feature", "geometry": {"type": "LineString", "coordinates": [[11.1123293, 62.931761], [11.112454, 62.9317401]]}, "properties": {"bridge": "yes", "electrified": "no", "gauge": "1435", "maxspeed": "75", "name": "R\u00f8rosbanen", "operator": "Bane NOR", "passenger_lines": "1", "railway": "rail", "usage": "main", "length_km": 0.007, "maxspeed_kmh": 75.0}}, {"type": "Feature", "geometry": {"type": "LineString", "coordinates": [[11.141219, 62.9288495], [11.1415101, 62.9288298], [11.1420036, 62.928784], [11.1424754, 62.928733]]}, "properties": {"electrified": "no", "gauge": "1435", "maxspeed": "65", "name": "R\u00f8rosbanen", "operator": "Bane NOR", "passenger_lines": "1", "railway": "rail", "usage": "main", "length_km": 0.065, "maxspeed_kmh": 65.0}}, {"type": "Feature", "geometry": {"type": "LineString", "coordinates": [[10.7342501, 62.9549788], [10.7338277, 62.9551264], [10.7334702, 62.9552486], [10.7331323, 62.9553563], [10.7328158, 62.9554468], [10.7325053, 62.9555282], [10.732162, 62.9556075], [10.7316899, 62.9557069], [10.7311488, 62.9558182], [10.7306197, 62.9559241], [10.7298861, 62.956063], [10.7297498, 62.9560884], [10.7289472, 62.9562383], [10.727621, 62.9564755], [10.7269349, 62.9565856], [10.7263409, 62.9566722], [10.7261451, 62.9566972], [10.7256905, 62.9567511]]}, "properties": {"electrified": "no", "gauge": "1435", "maxspeed": "70", "name": "R\u00f8rosbanen", "operator": "Bane NOR", "passenger_lines": "1", "railway": "rail", "usage": "main", "length_km": 0.48, "maxspeed_kmh": 70.0}}, {"type": "Feature", "geometry": {"type": "LineString", "coordinates": [[10.7246786, 62.9568485], [10.7245727, 62.9568566]]}, "properties": {"bridge": "yes", "electrified": "no", "gauge": "1435", "maxspeed": "70", "name": "R\u00f8rosbanen", "operator": "Bane NOR", "passenger_lines": "1", "railway": "rail", "usage": "main", "length_km": 0.005, "maxspeed_kmh": 70.0}}, {"type": "Feature", "geometry": {"type": "LineString", "coordinates": [[10.7256905, 62.9567511], [10.7254082, 62.9567816], [10.724991, 62.9568229], [10.7246786, 62.9568485]]}, "properties": {"electrified": "no", "gauge": "1435", "maxspeed": "70", "name": "R\u00f8rosbanen", "operator": "Bane NOR", "passenger_lines": "1", "railway": "rail", "usage": "main", "length_km": 0.053, "maxspeed_kmh": 70.0}}, {"type": "Feature", "geometry": {"type": "LineString", "coordinates": [[10.7110038, 62.9563661], [10.710584, 62.95632]]}, "properties": {"bridge": "yes", "electrified": "no", "gauge": "1435", "maxspeed": "70", "name": "R\u00f8rosbanen", "operator": "Bane NOR", "passenger_lines": "1", "railway": "rail", "usage": "main", "length_km": 0.022, "maxspeed_kmh": 70.0}}, {"type": "Feature", "geometry": {"type": "LineString", "coordinates": [[10.7245727, 62.9568566], [10.7242388, 62.9568798], [10.7236761, 62.9569132], [10.7227798, 62.9569453], [10.7221911, 62.9569537], [10.7216529, 62.9569524], [10.720695, 62.956935], [10.7192507, 62.9568939], [10.7184099, 62.9568629], [10.7174179, 62.9568192], [10.7160393, 62.9567449], [10.7145945, 62.9566562], [10.7142046, 62.9566299], [10.7134996, 62.9565826], [10.7125687, 62.9565124], [10.7120518, 62.9564695], [10.7112154, 62.9563893], [10.7110038, 62.9563661]]}, "properties": {"electrified": "no", "gauge": "1435", "maxspeed": "70", "name": "R\u00f8rosbanen", "operator": "Bane NOR", "passenger_lines": "1", "railway": "rail", "usage": "main", "length_km": 0.694, "maxspeed_kmh": 70.0}}, {"type": "Feature", "geometry": {"type": "LineString", "coordinates": [[10.6667737, 62.9417041], [10.6665079, 62.9416725], [10.6660663, 62.941624], [10.6657898, 62.9415979], [10.6655346, 62.9415805], [10.6652504, 62.9415688], [10.6649275, 62.9415616], [10.6646499, 62.9415651], [10.6643268, 62.9415776], [10.6640283, 62.9415969], [10.6638151, 62.9416153], [10.6635194, 62.941651], [10.6632308, 62.941692], [10.6629535, 62.941741], [10.6625115, 62.941838], [10.6623073, 62.941894], [10.6619841, 62.9419905], [10.6616969, 62.9420875], [10.6604183, 62.9425688], [10.6601386, 62.9426662], [10.6596189, 62.9428319], [10.6593471, 62.9429117], [10.6588486, 62.9430462], [10.6585866, 62.9431111], [10.6582562, 62.943187], [10.6579624, 62.9432472], [10.6574126, 62.9433431], [10.6569215, 62.9434105], [10.6562935, 62.9434817], [10.6555109, 62.9435592], [10.6543963, 62.9436557], [10.65405, 62.9436806]]}, "properties": {"electrified": "no", "gauge": "1435", "maxspeed": "80", "name": "R\u00f8rosbanen", "operator": "Bane NOR", "passenger_lines": "1", "railway": "rail", "usage": "main", "length_km": 0.708, "maxspeed_kmh": 80.0}}, {"type": "Feature", "geometry": {"type": "LineString", "coordinates": [[10.6817985, 62.9484121], [10.6817455, 62.9483675]]}, "properties": {"bridge": "yes", "electrified": "no", "gauge": "1435", "maxspeed": "115", "name": "R\u00f8rosbanen", "operator": "Bane NOR", "passenger_lines": "1", "railway": "rail", "usage": "main", "length_km": 0.006, "maxspeed_kmh": 115.0}}, {"type": "Feature", "geometry": {"type": "LineString", "coordinates": [[10.710584, 62.95632], [10.7104142, 62.9563013], [10.7098102, 62.9562223], [10.7093025, 62.9561457], [10.708592, 62.9560203], [10.7078262, 62.9558655], [10.7061703, 62.9555128], [10.7057088, 62.9554203], [10.7052265, 62.9553308], [10.7046952, 62.9552409], [10.7040625, 62.955147], [10.7037095, 62.9551028], [10.7033967, 62.9550638], [10.702911, 62.9550106], [10.702524, 62.9549745], [10.7020573, 62.954937], [10.7016636, 62.9549106], [10.7011349, 62.9548822], [10.7007324, 62.954867], [10.7001684, 62.9548521], [10.6993342, 62.9548498], [10.6987329, 62.9548602], [10.6985118, 62.9548673], [10.6978708, 62.9548976], [10.6972655, 62.954942], [10.6966073, 62.955006], [10.6957198, 62.955106], [10.6952988, 62.955147], [10.695004, 62.9551712], [10.6945417, 62.9551954], [10.6940652, 62.9551996], [10.6937267, 62.95519], [10.6933214, 62.9551647], [10.6928613, 62.9551146], [10.6926597, 62.955086], [10.6924492, 62.9550509], [10.6920665, 62.9549745], [10.6917002, 62.9548841], [10.6915256, 62.954834], [10.6913416, 62.9547749], [10.6910752, 62.954679], [10.690643, 62.9544982], [10.6901381, 62.9542637], [10.6898202, 62.954112]]}, "properties": {"electrified": "no", "gauge": "1435", "maxspeed": "70", "name": "R\u00f8rosbanen", "operator": "Bane NOR", "passenger_lines": "1", "railway": "rail", "usage": "main", "length_km": 1.126, "maxspeed_kmh": 70.0}}, {"type": "Feature", "geometry": {"type": "LineString", "coordinates": [[10.500169, 62.9966659], [10.5013037, 62.9964105], [10.5015905, 62.9963414], [10.5018939, 62.9962624], [10.5022011, 62.9961684]]}, "properties": {"electrified": "no", "gauge": "1435", "maxspeed": "70", "name": "R\u00f8rosbanen", "operator": "Bane NOR", "passenger_lines": "1", "railway": "rail", "usage": "main", "length_km": 0.117, "maxspeed_kmh": 70.0}}, {"type": "Feature", "geometry": {"type": "LineString", "coordinates": [[10.4995414, 62.9968068], [10.500169, 62.9966659]]}, "properties": {"electrified": "no", "gauge": "1435", "maxspeed": "70", "name": "R\u00f8rosbanen", "operator": "Bane NOR", "passenger_lines": "1", "railway": "rail", "tunnel": "yes", "usage": "main", "length_km": 0.035, "maxspeed_kmh": 70.0}}, {"type": "Feature", "geometry": {"type": "LineString", "coordinates": [[10.5022011, 62.9961684], [10.5024479, 62.9960827]]}, "properties": {"bridge": "yes", "electrified": "no", "gauge": "1435", "maxspeed": "70", "name": "R\u00f8rosbanen", "operator": "Bane NOR", "passenger_lines": "1", "railway": "rail", "usage": "main", "length_km": 0.016, "maxspeed_kmh": 70.0}}, {"type": "Feature", "geometry": {"type": "LineString", "coordinates": [[10.4663742, 63.0004237], [10.46667, 63.0003485], [10.4670074, 63.0002523], [10.4671541, 63.0002059], [10.4675376, 63.0000641], [10.4678338, 62.9999347], [10.4681795, 62.9997488], [10.4683205, 62.999659], [10.4684544, 62.9995654], [10.4686712, 62.9993842], [10.4688555, 62.9991844], [10.468978, 62.9990139], [10.4690244, 62.9989349], [10.4690742, 62.9988291], [10.4691334, 62.9986401], [10.4691724, 62.9984453], [10.4692033, 62.9981701], [10.4692329, 62.9978889], [10.4692906, 62.9976312], [10.4693751, 62.9974158], [10.4694553, 62.9972789], [10.4695485, 62.9971485], [10.4696266, 62.9970572], [10.4697629, 62.9969241], [10.4698973, 62.9968128], [10.4700326, 62.9967121], [10.47016, 62.9966281], [10.4703072, 62.9965427], [10.4705956, 62.9963937], [10.4709308, 62.996255], [10.4712234, 62.9961558], [10.4716111, 62.9960494], [10.4720181, 62.9959696], [10.4722256, 62.9959365], [10.4724294, 62.9959101], [10.4726374, 62.9958884], [10.4729725, 62.9958637], [10.4733385, 62.995851], [10.4735012, 62.9958509], [10.4738116, 62.9958588], [10.4741087, 62.9958784], [10.4743962, 62.995906], [10.4746119, 62.9959319], [10.4749622, 62.9959836], [10.475401, 62.9960585]]}, "properties": {"electrified": "no", "gauge": "1435", "maxspeed": "50", "name": "R\u00f8rosbanen", "operator": "Bane NOR", "passenger_lines": "1", "railway": "rail", "usage": "main", "length_km": 0.786, "maxspeed_kmh": 50.0}}, {"type": "Feature", "geometry": {"type": "LineString", "coordinates": [[10.6210424, 62.9531249], [10.6215044, 62.953157], [10.62201, 62.9531831], [10.6223155, 62.9531931], [10.6226156, 62.9531969], [10.62303, 62.9531893], [10.6235002, 62.9531646], [10.6238513, 62.9531345], [10.6242741, 62.9530867], [10.6246475, 62.9530341], [10.6251396, 62.9529551], [10.6260839, 62.9527941], [10.6269659, 62.9526345], [10.6284101, 62.9523657], [10.6289706, 62.9522669], [10.6295892, 62.9521663], [10.6311291, 62.9519404], [10.6316401, 62.951855], [10.631902, 62.9518037], [10.6321336, 62.9517533], [10.6323614, 62.9516975], [10.6325488, 62.9516464], [10.6327666, 62.9515826], [10.6330157, 62.9515], [10.6332531, 62.9514086], [10.6335011, 62.9513053], [10.6338171, 62.9511532], [10.6340264, 62.9510385], [10.6341317, 62.9509775], [10.6343314, 62.9508519], [10.6345079, 62.9507292], [10.6347949, 62.9505068], [10.6350154, 62.9503039], [10.6351164, 62.950199], [10.6351919, 62.9501047], [10.6352782, 62.9499871], [10.6353463, 62.9498761], [10.635403, 62.9497638], [10.6354755, 62.9495615], [10.6355026, 62.9494479], [10.6355259, 62.9492955], [10.6355365, 62.9492156], [10.6356236, 62.9483874], [10.6358626, 62.9459646], [10.635907, 62.945647], [10.6359415, 62.9455105], [10.635986, 62.945382], [10.6360471, 62.9452517], [10.6361186, 62.9451195], [10.6362145, 62.9449801], [10.6363283, 62.9448406], [10.6364291, 62.9447337], [10.6365646, 62.9446039], [10.6367141, 62.94448], [10.6368929, 62.9443488], [10.6369995, 62.9442763], [10.6370606, 62.9442365], [10.6372078, 62.9441468], [10.637397, 62.9440439], [10.6376571, 62.9439168], [10.6379426, 62.9437916], [10.6381693, 62.9437038], [10.6383905, 62.9436273], [10.6386581, 62.9435428], [10.6388705, 62.9434816], [10.6391203, 62.9434165], [10.6393864, 62.943354], [10.6396435, 62.9433013], [10.6399221, 62.9432514], [10.6401806, 62.9432107], [10.6404285, 62.9431782], [10.6407027, 62.9431474], [10.6411829, 62.9431072], [10.6414654, 62.943092], [10.6419207, 62.9430741], [10.6445457, 62.9430211]]}, "properties": {"electrified": "no", "gauge": "1435", "maxspeed": "85", "name": "R\u00f8rosbanen", "operator": "Bane NOR", "passenger_lines": "1", "railway": "rail", "usage": "main", "length_km": 1.929, "maxspeed_kmh": 85.0}}, {"type": "Feature", "geometry": {"type": "LineString", "coordinates": [[10.6171606, 62.952966], [10.6173125, 62.952963]]}, "properties": {"bridge": "yes", "electrified": "no", "gauge": "1435", "maxspeed": "105", "name": "R\u00f8rosbanen", "operator": "Bane NOR", "passenger_lines": "1", "railway": "rail", "usage": "main", "length_km": 0.008, "maxspeed_kmh": 105.0}}, {"type": "Feature", "geometry": {"type": "LineString", "coordinates": [[10.393278, 63.0179069], [10.393375, 63.0179395]]}, "properties": {"bridge": "yes", "electrified": "no", "gauge": "1435", "maxspeed": "85", "name": "R\u00f8rosbanen", "operator": "Bane NOR", "passenger_lines": "1", "railway": "rail", "usage": "main", "length_km": 0.006, "maxspeed_kmh": 85.0}}, {"type": "Feature", "geometry": {"type": "LineString", "coordinates": [[10.3786764, 63.0173516], [10.3789707, 63.01735], [10.3796056, 63.0173309], [10.379889, 63.0173159], [10.3803073, 63.0172865], [10.381746, 63.0171653], [10.3823569, 63.0171239], [10.3828954, 63.0171007], [10.3833189, 63.0170932], [10.3833978, 63.0170918], [10.3838052, 63.0170927], [10.3841623, 63.0170984], [10.3852786, 63.0171319], [10.3860695, 63.0171611], [10.3876968, 63.0172295], [10.3887693, 63.0172817], [10.3895856, 63.0173265]]}, "properties": {"electrified": "no", "gauge": "1435", "maxspeed": "105", "name": "R\u00f8rosbanen", "operator": "Bane NOR", "passenger_lines": "1", "railway": "rail", "usage": "main", "length_km": 0.556, "maxspeed_kmh": 105.0}}, {"type": "Feature", "geometry": {"type": "LineString", "coordinates": [[10.409741, 63.0197501], [10.4131784, 63.0195455], [10.4136106, 63.0195253], [10.4141268, 63.0195165], [10.4146426, 63.0195217], [10.415183, 63.0195369], [10.4166127, 63.0196061], [10.4173789, 63.0196618], [10.41761, 63.019685], [10.4182907, 63.0197695], [10.4187537, 63.0198386], [10.4198412, 63.0200093], [10.420456, 63.0200916], [10.4206999, 63.020118], [10.4216325, 63.0202025], [10.4235897, 63.0203553], [10.42391, 63.0203754], [10.4242581, 63.0203882], [10.424648, 63.0203972], [10.4249869, 63.0203962], [10.4252674, 63.0203899], [10.4255606, 63.0203777], [10.4259226, 63.0203531], [10.4262307, 63.0203263], [10.4266369, 63.0202852], [10.4274817, 63.0201842], [10.4280255, 63.020124]]}, "properties": {"electrified": "no", "gauge": "1435", "maxspeed": "70", "name": "R\u00f8rosbanen", "operator": "Bane NOR", "passenger_lines": "1", "railway": "rail", "usage": "main", "length_km": 0.942, "maxspeed_kmh": 70.0}}, {"type": "Feature", "geometry": {"type": "LineString", "coordinates": [[10.3785627, 63.0173509], [10.3786764, 63.0173516]]}, "properties": {"bridge": "yes", "electrified": "no", "gauge": "1435", "maxspeed": "105", "name": "R\u00f8rosbanen", "operator": "Bane NOR", "passenger_lines": "1", "railway": "rail", "usage": "main", "length_km": 0.006, "maxspeed_kmh": 105.0}}, {"type": "Feature", "geometry": {"type": "LineString", "coordinates": [[10.291325, 63.0430377], [10.2937442, 63.0410725]]}, "properties": {"bridge": "yes", "electrified": "no", "gauge": "1435", "maxspeed": "75", "name": "R\u00f8rosbanen", "operator": "Bane NOR", "passenger_lines": "1", "railway": "rail", "usage": "main", "length_km": 0.251, "maxspeed_kmh": 75.0}}, {"type": "Feature", "geometry": {"type": "LineString", "coordinates": [[10.2856235, 63.0478592], [10.2855739, 63.047905], [10.2854872, 63.0479863], [10.2853139, 63.0481487], [10.2851557, 63.0483148], [10.2851125, 63.0483601], [10.2850267, 63.0484637], [10.2849367, 63.0485881], [10.2848685, 63.0486975], [10.2847705, 63.0489064], [10.2847338, 63.0490123], [10.2847043, 63.049136], [10.2846867, 63.0492659], [10.2846828, 63.0493714], [10.2846888, 63.0494852], [10.2846921, 63.0495226]]}, "properties": {"electrified": "contact_line", "frequency": "16.67", "gauge": "1435", "maxspeed": "40", "name": "R\u00f8rosbanen", "operator": "Bane NOR", "passenger_lines": "1", "railway": "rail", "usage": "main", "voltage": "15000", "length_km": 0.194, "maxspeed_kmh": 40.0}}, {"type": "Feature", "geometry": {"type": "LineString", "coordinates": [[11.3548476, 62.577504], [11.3650879, 62.5762625]]}, "properties": {"electrified": "no", "gauge": "1435", "maxspeed": "90", "name": "R\u00f8rosbanen", "operator": "Bane NOR", "passenger_lines": "1", "railway": "rail", "usage": "main", "length_km": 0.544, "maxspeed_kmh": 90.0}}, {"type": "Feature", "geometry": {"type": "LineString", "coordinates": [[11.3601684, 62.6090294], [11.3601489, 62.6089878]]}, "properties": {"bridge": "yes", "electrified": "no", "gauge": "1435", "maxspeed": "130", "name": "R\u00f8rosbanen", "operator": "Bane NOR", "passenger_lines": "1", "railway": "rail", "usage": "main", "length_km": 0.005, "maxspeed_kmh": 130.0}}, {"type": "Feature", "geometry": {"type": "LineString", "coordinates": [[11.3532134, 62.7761249], [11.3528028, 62.7756712], [11.3524564, 62.7752769], [11.3520732, 62.7748223], [11.3519458, 62.7746622], [11.3517126, 62.7743531], [11.3515434, 62.7740797], [11.3514721, 62.7739395], [11.3514067, 62.7737886], [11.3513543, 62.7736272], [11.351304, 62.773431]]}, "properties": {"electrified": "no", "gauge": "1435", "maxspeed": "75", "name": "R\u00f8rosbanen", "operator": "Bane NOR", "passenger_lines": "1", "railway": "rail", "usage": "main", "length_km": 0.317, "maxspeed_kmh": 75.0}}, {"type": "Feature", "geometry": {"type": "LineString", "coordinates": [[11.3532697, 62.7761864], [11.3532134, 62.7761249]]}, "properties": {"bridge": "yes", "electrified": "no", "gauge": "1435", "maxspeed": "75", "name": "R\u00f8rosbanen", "operator": "Bane NOR", "passenger_lines": "1", "railway": "rail", "usage": "main", "length_km": 0.007, "maxspeed_kmh": 75.0}}, {"type": "Feature", "geometry": {"type": "LineString", "coordinates": [[11.348369, 62.7683208], [11.347199, 62.7679982], [11.3469434, 62.7679228], [11.3466863, 62.7678413], [11.3461964, 62.7676717], [11.3459147, 62.7675621], [11.3456444, 62.7674501], [11.3448927, 62.7671174], [11.344352, 62.7668876], [11.344036, 62.7667604], [11.3436618, 62.7666253], [11.3433469, 62.7665173], [11.3428284, 62.766356], [11.3422785, 62.7661949], [11.3418501, 62.7660618], [11.341635, 62.7659923], [11.3414057, 62.7659116], [11.3412111, 62.7658369], [11.3410335, 62.765762], [11.3408185, 62.7656624], [11.3406493, 62.7655719], [11.3404772, 62.7654725], [11.3403029, 62.7653628], [11.3401742, 62.7652711], [11.3399159, 62.7650638], [11.3396674, 62.7648309], [11.3394287, 62.7645949], [11.33797, 62.7631197], [11.3348844, 62.7599986], [11.3340224, 62.7591211], [11.3336547, 62.7587542], [11.3335649, 62.7586679]]}, "properties": {"electrified": "no", "gauge": "1435", "maxspeed": "85", "name": "R\u00f8rosbanen", "operator": "Bane NOR", "passenger_lines": "1", "railway": "rail", "usage": "main", "length_km": 1.353, "maxspeed_kmh": 85.0}}, {"type": "Feature", "geometry": {"type": "LineString", "coordinates": [[11.351304, 62.773431], [11.3512923, 62.7733808]]}, "properties": {"bridge": "yes", "electrified": "no", "gauge": "1435", "maxspeed": "75", "name": "R\u00f8rosbanen", "operator": "Bane NOR", "passenger_lines": "1", "railway": "rail", "usage": "main", "length_km": 0.006, "maxspeed_kmh": 75.0}}, {"type": "Feature", "geometry": {"type": "LineString", "coordinates": [[11.3335216, 62.7586266], [11.3333436, 62.7584547], [11.3330846, 62.7582312], [11.3326897, 62.7579188], [11.3320219, 62.7574279], [11.3308041, 62.7565456], [11.3304055, 62.7562463], [11.330282, 62.7561435], [11.3301624, 62.7560319], [11.3300557, 62.7559212], [11.3299709, 62.7558242], [11.3298739, 62.7556947], [11.3297958, 62.7555717], [11.3297355, 62.7554551], [11.3296789, 62.7553386], [11.3296405, 62.7552269], [11.3296155, 62.7551138], [11.3295995, 62.7549925], [11.329591, 62.7548876], [11.3295939, 62.7547735], [11.3296311, 62.754535], [11.3298631, 62.7536516], [11.3299106, 62.7534274], [11.3299421, 62.7532335], [11.3299862, 62.7529232], [11.3299992, 62.7527917]]}, "properties": {"electrified": "no", "gauge": "1435", "maxspeed": "85", "name": "R\u00f8rosbanen", "operator": "Bane NOR", "passenger_lines": "1", "railway": "rail", "usage": "main", "length_km": 0.703, "maxspeed_kmh": 85.0}}, {"type": "Feature", "geometry": {"type": "LineString", "coordinates": [[11.3335649, 62.7586679], [11.3335216, 62.7586266]]}, "properties": {"bridge": "yes", "electrified": "no", "gauge": "1435", "maxspeed": "85", "name": "R\u00f8rosbanen", "operator": "Bane NOR", "passenger_lines": "1", "railway": "rail", "usage": "main", "length_km": 0.005, "maxspeed_kmh": 85.0}}, {"type": "Feature", "geometry": {"type": "LineString", "coordinates": [[11.3300036, 62.7527495], [11.3300183, 62.7526097], [11.3300311, 62.7522926], [11.330025, 62.751851], [11.3299997, 62.7515174], [11.3299617, 62.7512129], [11.329939, 62.751054], [11.3298817, 62.7507617], [11.3298394, 62.7505711], [11.3297624, 62.7502801], [11.3296753, 62.7499979], [11.3295515, 62.7496591], [11.329421, 62.7493458], [11.3292733, 62.7490269], [11.3290868, 62.7486635], [11.3290185, 62.7485501]]}, "properties": {"electrified": "no", "gauge": "1435", "maxspeed": "85", "name": "R\u00f8rosbanen", "operator": "Bane NOR", "passenger_lines": "1", "railway": "rail", "usage": "main", "length_km": 0.473, "maxspeed_kmh": 85.0}}, {"type": "Feature", "geometry": {"type": "LineString", "coordinates": [[11.3299992, 62.7527917], [11.3300036, 62.7527495]]}, "properties": {"bridge": "yes", "electrified": "no", "gauge": "1435", "maxspeed": "85", "name": "R\u00f8rosbanen", "operator": "Bane NOR", "passenger_lines": "1", "railway": "rail", "usage": "main", "length_km": 0.005, "maxspeed_kmh": 85.0}}, {"type": "Feature", "geometry": {"type": "LineString", "coordinates": [[11.3289616, 62.7484567], [11.3288893, 62.7483429], [11.3287115, 62.7481072], [11.3284278, 62.7478139], [11.3281845, 62.7475997], [11.3278886, 62.7473807], [11.3277067, 62.7472592], [11.3272733, 62.7469834], [11.3256588, 62.7460038], [11.3253779, 62.7458215], [11.3251853, 62.7456836], [11.3250548, 62.7455822], [11.3249608, 62.7454984], [11.3249101, 62.7454509]]}, "properties": {"electrified": "no", "gauge": "1435", "maxspeed": "85", "name": "R\u00f8rosbanen", "operator": "Bane NOR", "passenger_lines": "1", "railway": "rail", "usage": "main", "length_km": 0.396, "maxspeed_kmh": 85.0}}, {"type": "Feature", "geometry": {"type": "LineString", "coordinates": [[11.3290185, 62.7485501], [11.3289616, 62.7484567]]}, "properties": {"bridge": "yes", "electrified": "no", "gauge": "1435", "maxspeed": "85", "name": "R\u00f8rosbanen", "operator": "Bane NOR", "passenger_lines": "1", "railway": "rail", "usage": "main", "length_km": 0.011, "maxspeed_kmh": 85.0}}, {"type": "Feature", "geometry": {"type": "LineString", "coordinates": [[11.3243457, 62.7445366], [11.3243309, 62.7444952], [11.3233969, 62.7415574], [11.322771, 62.7395788], [11.3221107, 62.737514], [11.3219594, 62.7369881], [11.3219126, 62.7367434], [11.3218869, 62.7364911], [11.3218828, 62.736359], [11.3218938, 62.7360964], [11.3219286, 62.7358434], [11.3219835, 62.7356163], [11.3220532, 62.7354138], [11.3221413, 62.7351997], [11.3223406, 62.7348338], [11.3224209, 62.7347097], [11.3227368, 62.7342734], [11.3256057, 62.7305371], [11.3259726, 62.730058], [11.3260318, 62.7299802], [11.3274766, 62.7280918], [11.3276203, 62.7279035], [11.3277429, 62.7277503], [11.327773, 62.7277165]]}, "properties": {"electrified": "no", "gauge": "1435", "maxspeed": "115", "name": "R\u00f8rosbanen", "operator": "Bane NOR", "passenger_lines": "1", "railway": "rail", "usage": "main", "length_km": 1.933, "maxspeed_kmh": 115.0}}, {"type": "Feature", "geometry": {"type": "LineString", "coordinates": [[11.3249101, 62.7454509], [11.3248128, 62.7453545]]}, "properties": {"bridge": "yes", "electrified": "no", "gauge": "1435", "maxspeed": "85", "name": "R\u00f8rosbanen", "operator": "Bane NOR", "passenger_lines": "1", "railway": "rail", "usage": "main", "length_km": 0.012, "maxspeed_kmh": 85.0}}, {"type": "Feature", "geometry": {"type": "LineString", "coordinates": [[11.3384254, 62.7220365], [11.3401049, 62.7211909], [11.3460435, 62.7182166], [11.3485304, 62.7169652], [11.3494568, 62.7164906], [11.3497276, 62.7163366], [11.3500237, 62.7161563], [11.3502932, 62.7159855], [11.3505466, 62.7158162], [11.3547992, 62.7128036], [11.3550665, 62.712619], [11.3554833, 62.7123452], [11.3558756, 62.7121065], [11.3560942, 62.7119799], [11.3563518, 62.7118353], [11.356691, 62.7116557]]}, "properties": {"electrified": "no", "gauge": "1435", "maxspeed": "125", "name": "R\u00f8rosbanen", "operator": "Bane NOR", "passenger_lines": "1", "railway": "rail", "usage": "main", "length_km": 1.491, "maxspeed_kmh": 125.0}}, {"type": "Feature", "geometry": {"type": "LineString", "coordinates": [[11.3383593, 62.72207], [11.3384254, 62.7220365]]}, "properties": {"bridge": "yes", "electrified": "no", "gauge": "1435", "maxspeed": "125", "name": "R\u00f8rosbanen", "operator": "Bane NOR", "passenger_lines": "1", "railway": "rail", "usage": "main", "length_km": 0.005, "maxspeed_kmh": 125.0}}, {"type": "Feature", "geometry": {"type": "LineString", "coordinates": [[11.3611008, 62.7093513], [11.3625006, 62.7086222]]}, "properties": {"electrified": "no", "gauge": "1435", "maxspeed": "130", "name": "R\u00f8rosbanen", "operator": "Bane NOR", "passenger_lines": "1", "railway": "rail", "usage": "main", "length_km": 0.108, "maxspeed_kmh": 130.0}}, {"type": "Feature", "geometry": {"type": "LineString", "coordinates": [[11.3610341, 62.7093864], [11.3611008, 62.7093513]]}, "properties": {"bridge": "yes", "electrified": "no", "gauge": "1435", "maxspeed": "130", "name": "R\u00f8rosbanen", "operator": "Bane NOR", "passenger_lines": "1", "railway": "rail", "usage": "main", "length_km": 0.005, "maxspeed_kmh": 130.0}}, {"type": "Feature", "geometry": {"type": "LineString", "coordinates": [[11.3809992, 62.6972429], [11.3810593, 62.6971939], [11.3812061, 62.6970863], [11.3813542, 62.6969852], [11.3816307, 62.6968187], [11.3819733, 62.6966422], [11.3821504, 62.6965641], [11.3823677, 62.6964762], [11.3825835, 62.6963958], [11.3828126, 62.6963195], [11.38301, 62.6962589], [11.3832529, 62.6961923], [11.383763, 62.6960714], [11.3840615, 62.6960099], [11.3850428, 62.6958227], [11.3855725, 62.6957076], [11.385808, 62.6956506], [11.3860753, 62.6955741], [11.3863938, 62.695473], [11.3866758, 62.6953701], [11.3869048, 62.6952783], [11.3871482, 62.6951673], [11.3873648, 62.6950586], [11.3875822, 62.6949343], [11.3878047, 62.6947896], [11.3880052, 62.6946417], [11.3881244, 62.6945421], [11.3882122, 62.6944616]]}, "properties": {"electrified": "no", "gauge": "1435", "maxspeed": "85", "name": "R\u00f8rosbanen", "operator": "Bane NOR", "passenger_lines": "1", "railway": "rail", "usage": "main", "length_km": 0.494, "maxspeed_kmh": 85.0}}, {"type": "Feature", "geometry": {"type": "LineString", "coordinates": [[11.3625006, 62.7086222], [11.3625978, 62.7085718]]}, "properties": {"bridge": "yes", "electrified": "no", "gauge": "1435", "maxspeed": "130", "name": "R\u00f8rosbanen", "operator": "Bane NOR", "passenger_lines": "1", "railway": "rail", "usage": "main", "length_km": 0.008, "maxspeed_kmh": 130.0}}, {"type": "Feature", "geometry": {"type": "LineString", "coordinates": [[11.3882685, 62.6944073], [11.3884114, 62.6942622], [11.3887293, 62.6939225], [11.3890029, 62.6936494], [11.3891474, 62.6935269], [11.3893086, 62.6934001], [11.3894701, 62.6932885], [11.3897532, 62.6931182], [11.389945, 62.6930185], [11.3901452, 62.6929221], [11.3905357, 62.6927519], [11.3912742, 62.6924528], [11.3917341, 62.6922605], [11.3919645, 62.6921534], [11.3921665, 62.6920513], [11.3923238, 62.6919633], [11.3924887, 62.691863], [11.3926568, 62.6917489], [11.3929223, 62.6915401], [11.3930533, 62.6914217], [11.393262, 62.6912028], [11.3934837, 62.6909355], [11.3938184, 62.6904744], [11.393941, 62.6902871], [11.3940146, 62.6901609], [11.3941354, 62.6899352], [11.3942158, 62.6897645], [11.3943267, 62.6894656], [11.3943639, 62.6893332], [11.394392, 62.689219], [11.3944341, 62.6889453], [11.3944489, 62.6887873], [11.3944466, 62.6885526], [11.3944382, 62.6883359], [11.3943529, 62.6878247], [11.3942596, 62.6871831], [11.3942497, 62.6870529], [11.3942684, 62.6867435], [11.3943091, 62.6865669], [11.3943374, 62.6864847], [11.39444, 62.6862574], [11.3945104, 62.6861369], [11.3946661, 62.6859183], [11.3948813, 62.6856821], [11.395011, 62.6855634], [11.3951643, 62.6854342], [11.3953376, 62.6853053], [11.3955104, 62.6851899], [11.3956687, 62.6850935], [11.3960532, 62.684885], [11.3962686, 62.6847791], [11.3978085, 62.6840417]]}, "properties": {"electrified": "no", "gauge": "1435", "maxspeed": "85", "name": "R\u00f8rosbanen", "operator": "Bane NOR", "passenger_lines": "1", "railway": "rail", "usage": "main", "length_km": 1.312, "maxspeed_kmh": 85.0}}, {"type": "Feature", "geometry": {"type": "LineString", "coordinates": [[11.3882122, 62.6944616], [11.3882685, 62.6944073]]}, "properties": {"bridge": "yes", "electrified": "no", "gauge": "1435", "maxspeed": "85", "name": "R\u00f8rosbanen", "operator": "Bane NOR", "passenger_lines": "1", "railway": "rail", "usage": "main", "length_km": 0.007, "maxspeed_kmh": 85.0}}, {"type": "Feature", "geometry": {"type": "LineString", "coordinates": [[11.3979131, 62.6839919], [11.3985762, 62.6836749], [11.3991695, 62.6833785], [11.3993651, 62.6832726], [11.3996849, 62.6830874], [11.4000094, 62.6828823], [11.4002909, 62.6826879], [11.4005811, 62.6824688], [11.4007248, 62.6823492], [11.4010145, 62.682088], [11.4011757, 62.6819259], [11.4014836, 62.6815793], [11.4021464, 62.6807403], [11.4023396, 62.6805226], [11.4025922, 62.6802786], [11.402744, 62.6801493], [11.4030321, 62.6799305], [11.4032598, 62.6797826], [11.4034382, 62.6796762], [11.4036294, 62.6795725], [11.403828, 62.6794726], [11.4040415, 62.6793727], [11.4043227, 62.6792522], [11.404535, 62.6791684], [11.4047992, 62.6790739], [11.4053188, 62.6789094], [11.4058327, 62.6787723], [11.4061904, 62.6786858], [11.4072953, 62.6784402], [11.4075922, 62.6783699], [11.4078666, 62.6782987], [11.4081137, 62.6782288], [11.4083625, 62.6781522], [11.4086274, 62.6780591], [11.4089076, 62.677953], [11.4091994, 62.6778315], [11.4095034, 62.6776972], [11.4113972, 62.6768151]]}, "properties": {"electrified": "no", "gauge": "1435", "maxspeed": "85", "name": "R\u00f8rosbanen", "operator": "Bane NOR", "passenger_lines": "1", "railway": "rail", "usage": "main", "length_km": 1.086, "maxspeed_kmh": 85.0}}, {"type": "Feature", "geometry": {"type": "LineString", "coordinates": [[11.3978085, 62.6840417], [11.3979131, 62.6839919]]}, "properties": {"bridge": "yes", "electrified": "no", "gauge": "1435", "maxspeed": "85", "name": "R\u00f8rosbanen", "operator": "Bane NOR", "passenger_lines": "1", "railway": "rail", "usage": "main", "length_km": 0.008, "maxspeed_kmh": 85.0}}, {"type": "Feature", "geometry": {"type": "LineString", "coordinates": [[11.4141687, 62.6755276], [11.4142001, 62.6755132], [11.4155866, 62.674875], [11.4163986, 62.6744967], [11.4170204, 62.6742064], [11.4178321, 62.6738275], [11.4179977, 62.6737432], [11.4181352, 62.6736668], [11.4182802, 62.6735788], [11.4184179, 62.6734848], [11.4185812, 62.6733576], [11.4186999, 62.6732428], [11.4187891, 62.6731546], [11.4189291, 62.6729654], [11.4190458, 62.6727491], [11.4190797, 62.672675], [11.4191473, 62.6725292], [11.4191807, 62.672458]]}, "properties": {"electrified": "no", "gauge": "1435", "maxspeed": "60", "name": "R\u00f8rosbanen", "operator": "Bane NOR", "passenger_lines": "1", "railway": "rail", "usage": "main", "length_km": 0.437, "maxspeed_kmh": 60.0}}, {"type": "Feature", "geometry": {"type": "LineString", "coordinates": [[11.4113972, 62.6768151], [11.411473, 62.67678]]}, "properties": {"bridge": "yes", "electrified": "no", "gauge": "1435", "maxspeed": "85", "name": "R\u00f8rosbanen", "operator": "Bane NOR", "passenger_lines": "1", "railway": "rail", "usage": "main", "length_km": 0.006, "maxspeed_kmh": 85.0}}, {"type": "Feature", "geometry": {"type": "LineString", "coordinates": [[11.1502003, 62.9272983], [11.1494518, 62.9274545], [11.1489825, 62.9275503], [11.1479111, 62.9277736], [11.1457466, 62.928222], [11.1450733, 62.92835], [11.1442563, 62.9284922], [11.1437962, 62.9285623], [11.1433379, 62.9286278], [11.1430302, 62.9286672], [11.1424754, 62.928733]]}, "properties": {"electrified": "no", "gauge": "1435", "maxspeed": "65", "name": "R\u00f8rosbanen", "operator": "Bane NOR", "passenger_lines": "1", "railway": "rail", "usage": "main", "length_km": 0.424, "maxspeed_kmh": 65.0}}, {"type": "Feature", "geometry": {"type": "LineString", "coordinates": [[11.3591906, 62.7818075], [11.3592303, 62.781736], [11.3592967, 62.7815956], [11.3593531, 62.7814232], [11.3593795, 62.7812353], [11.3593738, 62.7810619], [11.3593413, 62.7808958], [11.3592784, 62.7807193], [11.3591842, 62.7805489], [11.3590771, 62.780401], [11.3589697, 62.7802809], [11.3588149, 62.7801328], [11.3586402, 62.7799923], [11.3584697, 62.7798683], [11.3578236, 62.779438], [11.3573961, 62.7791343], [11.3570296, 62.7788415], [11.3564017, 62.7782696], [11.3562601, 62.7781539], [11.3561026, 62.7780414], [11.3559249, 62.7779329], [11.3557284, 62.7778259], [11.3556132, 62.7777694]]}, "properties": {"electrified": "no", "gauge": "1435", "maxspeed": "65", "name": "R\u00f8rosbanen", "operator": "Bane NOR", "passenger_lines": "1", "railway": "rail", "usage": "main", "length_km": 0.503, "maxspeed_kmh": 65.0}}, {"type": "Feature", "geometry": {"type": "LineString", "coordinates": [[11.1527498, 62.9266783], [11.1528316, 62.9266545]]}, "properties": {"bridge": "yes", "electrified": "no", "gauge": "1435", "maxspeed": "85", "name": "R\u00f8rosbanen", "operator": "Bane NOR", "passenger_lines": "1", "railway": "rail", "usage": "main", "length_km": 0.005, "maxspeed_kmh": 85.0}}, {"type": "Feature", "geometry": {"type": "LineString", "coordinates": [[11.150522, 62.9272311], [11.1506329, 62.927208], [11.1509432, 62.9271401], [11.15148, 62.9270158], [11.1521658, 62.9268417], [11.1527498, 62.9266783]]}, "properties": {"electrified": "no", "gauge": "1435", "maxspeed": "85", "name": "R\u00f8rosbanen", "operator": "Bane NOR", "passenger_lines": "1", "railway": "rail", "usage": "main", "length_km": 0.129, "maxspeed_kmh": 85.0}}, {"type": "Feature", "geometry": {"type": "LineString", "coordinates": [[11.1575104, 62.9259156], [11.157948, 62.9258791], [11.158293, 62.9258423], [11.1585757, 62.9258053], [11.1590405, 62.9257334], [11.159352, 62.925676], [11.1597675, 62.9255878], [11.1600912, 62.9255124], [11.1606993, 62.925362], [11.1625265, 62.9248989]]}, "properties": {"electrified": "no", "gauge": "1435", "maxspeed": "95", "name": "R\u00f8rosbanen", "operator": "Bane NOR", "passenger_lines": "1", "railway": "rail", "usage": "main", "length_km": 0.281, "maxspeed_kmh": 95.0}}, {"type": "Feature", "geometry": {"type": "LineString", "coordinates": [[11.1574044, 62.9259227], [11.1575104, 62.9259156]]}, "properties": {"bridge": "yes", "electrified": "no", "gauge": "1435", "maxspeed": "95", "name": "R\u00f8rosbanen", "operator": "Bane NOR", "passenger_lines": "1", "railway": "rail", "usage": "main", "length_km": 0.005, "maxspeed_kmh": 95.0}}, {"type": "Feature", "geometry": {"type": "LineString", "coordinates": [[11.1625265, 62.9248989], [11.1626187, 62.9248755]]}, "properties": {"bridge": "yes", "electrified": "no", "gauge": "1435", "maxspeed": "95", "name": "R\u00f8rosbanen", "operator": "Bane NOR", "passenger_lines": "1", "railway": "rail", "usage": "main", "length_km": 0.005, "maxspeed_kmh": 95.0}}, {"type": "Feature", "geometry": {"type": "LineString", "coordinates": [[11.1528316, 62.9266545], [11.1535601, 62.9264429], [11.1539743, 62.9263313], [11.1543388, 62.9262435], [11.1546474, 62.9261809], [11.155036, 62.9261169], [11.1553516, 62.9260748], [11.1556647, 62.9260398], [11.1560025, 62.9260103], [11.1562863, 62.9259901], [11.1567935, 62.9259595]]}, "properties": {"electrified": "no", "gauge": "1435", "maxspeed": "85", "name": "R\u00f8rosbanen", "operator": "Bane NOR", "passenger_lines": "1", "railway": "rail", "usage": "main", "length_km": 0.219, "maxspeed_kmh": 85.0}}, {"type": "Feature", "geometry": {"type": "LineString", "coordinates": [[11.1817951, 62.9162007], [11.1818447, 62.9161566]]}, "properties": {"bridge": "yes", "electrified": "no", "gauge": "1435", "maxspeed": "105", "name": "R\u00f8rosbanen", "operator": "Bane NOR", "passenger_lines": "1", "railway": "rail", "usage": "main", "length_km": 0.006, "maxspeed_kmh": 105.0}}, {"type": "Feature", "geometry": {"type": "LineString", "coordinates": [[11.1811383, 62.9168543], [11.1814287, 62.9165449], [11.1815599, 62.9164151], [11.1817951, 62.9162007]]}, "properties": {"electrified": "no", "gauge": "1435", "maxspeed": "105", "name": "R\u00f8rosbanen", "operator": "Bane NOR", "passenger_lines": "1", "railway": "rail", "usage": "main", "length_km": 0.08, "maxspeed_kmh": 105.0}}, {"type": "Feature", "geometry": {"type": "LineString", "coordinates": [[11.1870962, 62.891223], [11.187712, 62.8901485], [11.1878554, 62.889884], [11.1879708, 62.8896324], [11.1880072, 62.889522], [11.1880352, 62.8894168], [11.1880527, 62.8893114], [11.1880583, 62.8892069], [11.1880497, 62.8889927], [11.1880295, 62.8888696], [11.1879196, 62.8885602], [11.1878014, 62.8883226], [11.1876702, 62.888085], [11.1875474, 62.8878485]]}, "properties": {"electrified": "no", "gauge": "1435", "maxspeed": "85", "name": "R\u00f8rosbanen", "operator": "Bane NOR", "passenger_lines": "1", "railway": "rail", "usage": "main", "length_km": 0.385, "maxspeed_kmh": 85.0}}, {"type": "Feature", "geometry": {"type": "LineString", "coordinates": [[11.1870626, 62.8912813], [11.1870962, 62.891223]]}, "properties": {"bridge": "yes", "electrified": "no", "gauge": "1435", "maxspeed": "85", "name": "R\u00f8rosbanen", "operator": "Bane NOR", "passenger_lines": "1", "railway": "rail", "usage": "main", "length_km": 0.007, "maxspeed_kmh": 85.0}}, {"type": "Feature", "geometry": {"type": "LineString", "coordinates": [[11.2626758, 62.8506276], [11.2627888, 62.850614]]}, "properties": {"bridge": "yes", "electrified": "no", "gauge": "1435", "maxspeed": "115", "name": "R\u00f8rosbanen", "operator": "Bane NOR", "passenger_lines": "1", "railway": "rail", "usage": "main", "length_km": 0.006, "maxspeed_kmh": 115.0}}, {"type": "Feature", "geometry": {"type": "LineString", "coordinates": [[11.2599041, 62.8509261], [11.2603164, 62.8508913], [11.2609258, 62.8508328], [11.2615024, 62.8507696], [11.2626758, 62.8506276]]}, "properties": {"electrified": "no", "gauge": "1435", "maxspeed": "115", "name": "R\u00f8rosbanen", "operator": "Bane NOR", "passenger_lines": "1", "railway": "rail", "usage": "main", "length_km": 0.145, "maxspeed_kmh": 115.0}}, {"type": "Feature", "geometry": {"type": "LineString", "coordinates": [[11.2943634, 62.848228], [11.297181, 62.848166], [11.2976582, 62.8481486], [11.298091, 62.8481278]]}, "properties": {"electrified": "no", "gauge": "1435", "maxspeed": "90", "name": "R\u00f8rosbanen", "operator": "Bane NOR", "passenger_lines": "1", "railway": "rail", "usage": "main", "length_km": 0.19, "maxspeed_kmh": 90.0}}, {"type": "Feature", "geometry": {"type": "LineString", "coordinates": [[11.2942621, 62.8482302], [11.2943634, 62.848228]]}, "properties": {"bridge": "yes", "electrified": "no", "gauge": "1435", "maxspeed": "90", "name": "R\u00f8rosbanen", "operator": "Bane NOR", "passenger_lines": "1", "railway": "rail", "usage": "main", "length_km": 0.005, "maxspeed_kmh": 90.0}}, {"type": "Feature", "geometry": {"type": "LineString", "coordinates": [[11.2863996, 62.8491919], [11.2897267, 62.8485447], [11.2899226, 62.8485094], [11.2904731, 62.8484197], [11.2910463, 62.8483519], [11.2915745, 62.8483069], [11.2920253, 62.8482839], [11.292334, 62.8482741], [11.2942621, 62.8482302]]}, "properties": {"electrified": "no", "gauge": "1435", "maxspeed": "90", "name": "R\u00f8rosbanen", "operator": "Bane NOR", "passenger_lines": "1", "railway": "rail", "usage": "main", "length_km": 0.419, "maxspeed_kmh": 90.0}}, {"type": "Feature", "geometry": {"type": "LineString", "coordinates": [[11.2863074, 62.8492098], [11.2863996, 62.8491919]]}, "properties": {"bridge": "yes", "electrified": "no", "gauge": "1435", "maxspeed": "90", "name": "R\u00f8rosbanen", "operator": "Bane NOR", "passenger_lines": "1", "railway": "rail", "usage": "main", "length_km": 0.005, "maxspeed_kmh": 90.0}}, {"type": "Feature", "geometry": {"type": "LineString", "coordinates": [[11.3842, 62.8043846], [11.3841889, 62.8043403]]}, "properties": {"bridge": "yes", "electrified": "no", "gauge": "1435", "maxspeed": "70", "name": "R\u00f8rosbanen", "operator": "Bane NOR", "passenger_lines": "1", "railway": "rail", "usage": "main", "length_km": 0.005, "maxspeed_kmh": 70.0}}, {"type": "Feature", "geometry": {"type": "LineString", "coordinates": [[11.3842298, 62.8047217], [11.3842311, 62.8046546], [11.3842215, 62.8044913], [11.3842, 62.8043846]]}, "properties": {"electrified": "no", "gauge": "1435", "maxspeed": "70", "name": "R\u00f8rosbanen", "operator": "Bane NOR", "passenger_lines": "1", "railway": "rail", "usage": "main", "length_km": 0.038, "maxspeed_kmh": 70.0}}, {"type": "Feature", "geometry": {"type": "LineString", "coordinates": [[11.3811235, 62.8070414], [11.3812218, 62.8070138], [11.3815601, 62.8069164], [11.38183, 62.8068304], [11.3822579, 62.8066737], [11.3823928, 62.8066188], [11.3826955, 62.8064779], [11.3828971, 62.8063713], [11.3830653, 62.8062732], [11.3832206, 62.8061743], [11.3833738, 62.8060677], [11.3836036, 62.8058757], [11.3837188, 62.8057631], [11.3837795, 62.8057004]]}, "properties": {"electrified": "no", "gauge": "1435", "maxspeed": "70", "name": "R\u00f8rosbanen", "operator": "Bane NOR", "passenger_lines": "1", "railway": "rail", "usage": "main", "length_km": 0.206, "maxspeed_kmh": 70.0}}, {"type": "Feature", "geometry": {"type": "LineString", "coordinates": [[11.3810353, 62.8070659], [11.3811235, 62.8070414]]}, "properties": {"bridge": "yes", "electrified": "no", "gauge": "1435", "maxspeed": "70", "name": "R\u00f8rosbanen", "operator": "Bane NOR", "passenger_lines": "1", "railway": "rail", "usage": "main", "length_km": 0.005, "maxspeed_kmh": 70.0}}, {"type": "Feature", "geometry": {"type": "LineString", "coordinates": [[11.3687944, 62.810141], [11.3688695, 62.8100922]]}, "properties": {"bridge": "yes", "electrified": "no", "gauge": "1435", "maxspeed": "70", "name": "R\u00f8rosbanen", "operator": "Bane NOR", "passenger_lines": "1", "railway": "rail", "usage": "main", "length_km": 0.007, "maxspeed_kmh": 70.0}}, {"type": "Feature", "geometry": {"type": "LineString", "coordinates": [[11.3652823, 62.811232], [11.3663695, 62.8109888], [11.3668397, 62.8108806], [11.3671237, 62.8108101], [11.3672582, 62.810776], [11.3675145, 62.8107031], [11.3678535, 62.8105894], [11.3680754, 62.8105026], [11.3681941, 62.8104538], [11.3683747, 62.8103715], [11.3685633, 62.810274], [11.3687304, 62.8101826], [11.3687944, 62.810141]]}, "properties": {"electrified": "no", "gauge": "1435", "maxspeed": "70", "name": "R\u00f8rosbanen", "operator": "Bane NOR", "passenger_lines": "1", "railway": "rail", "usage": "main", "length_km": 0.219, "maxspeed_kmh": 70.0}}, {"type": "Feature", "geometry": {"type": "LineString", "coordinates": [[11.3651673, 62.8112576], [11.3652823, 62.811232]]}, "properties": {"bridge": "yes", "electrified": "no", "gauge": "1435", "maxspeed": "70", "name": "R\u00f8rosbanen", "operator": "Bane NOR", "passenger_lines": "1", "railway": "rail", "usage": "main", "length_km": 0.007, "maxspeed_kmh": 70.0}}, {"type": "Feature", "geometry": {"type": "LineString", "coordinates": [[11.3568646, 62.8177916], [11.357278, 62.8176035], [11.3575182, 62.8174809], [11.3577366, 62.8173518], [11.3578417, 62.8172815], [11.358036, 62.817137], [11.3582047, 62.8169854], [11.3583494, 62.8168314], [11.3584169, 62.8167505], [11.3586343, 62.8164554], [11.3589302, 62.8160131], [11.3591984, 62.8155923], [11.3594304, 62.8151953], [11.35974, 62.8146275], [11.35996, 62.8141771], [11.3601757, 62.8137062], [11.3602834, 62.8135095], [11.3603826, 62.8133465], [11.3605159, 62.8131708], [11.3605988, 62.8130768], [11.3607813, 62.8128954], [11.3609724, 62.8127346], [11.3612361, 62.8125473], [11.3614922, 62.8123905], [11.3617398, 62.812258], [11.3619816, 62.8121429], [11.3622392, 62.8120337], [11.3624425, 62.8119554], [11.3627493, 62.81185], [11.3629394, 62.8117911], [11.3633957, 62.8116639], [11.3638677, 62.8115483], [11.3651673, 62.8112576]]}, "properties": {"electrified": "no", "gauge": "1435", "maxspeed": "70", "name": "R\u00f8rosbanen", "operator": "Bane NOR", "passenger_lines": "1", "railway": "rail", "usage": "main", "length_km": 0.884, "maxspeed_kmh": 70.0}}, {"type": "Feature", "geometry": {"type": "LineString", "coordinates": [[11.3493383, 62.8264214], [11.3494007, 62.8263778]]}, "properties": {"bridge": "yes", "electrified": "no", "gauge": "1435", "maxspeed": "130", "name": "R\u00f8rosbanen", "operator": "Bane NOR", "passenger_lines": "1", "railway": "rail", "usage": "main", "length_km": 0.006, "maxspeed_kmh": 130.0}}, {"type": "Feature", "geometry": {"type": "LineString", "coordinates": [[11.3449096, 62.8287749], [11.3451985, 62.8286312], [11.346404, 62.8280666], [11.3467111, 62.8279189], [11.3471552, 62.8276946], [11.34785, 62.8273236], [11.3484122, 62.8270011], [11.3489672, 62.8266603], [11.3492022, 62.8265127], [11.3493383, 62.8264214]]}, "properties": {"electrified": "no", "gauge": "1435", "maxspeed": "130", "name": "R\u00f8rosbanen", "operator": "Bane NOR", "passenger_lines": "1", "railway": "rail", "usage": "main", "length_km": 0.347, "maxspeed_kmh": 130.0}}, {"type": "Feature", "geometry": {"type": "LineString", "coordinates": [[11.3447983, 62.8288306], [11.3449096, 62.8287749]]}, "properties": {"bridge": "yes", "electrified": "no", "gauge": "1435", "maxspeed": "130", "name": "R\u00f8rosbanen", "operator": "Bane NOR", "passenger_lines": "1", "railway": "rail", "usage": "main", "length_km": 0.008, "maxspeed_kmh": 130.0}}, {"type": "Feature", "geometry": {"type": "LineString", "coordinates": [[11.333101, 62.8384855], [11.3332225, 62.8383805], [11.3338135, 62.837818], [11.3342345, 62.837437], [11.3346947, 62.8370514], [11.3351938, 62.8366543], [11.335718, 62.8362759], [11.3360782, 62.8360254], [11.3362769, 62.8358955], [11.3366251, 62.8356698], [11.337747, 62.8349865], [11.3381388, 62.8347374], [11.3385665, 62.8344313], [11.3389365, 62.8341379], [11.3392673, 62.8338385], [11.3395424, 62.8335565], [11.3398456, 62.8332073], [11.3412403, 62.8315279], [11.3413733, 62.831373], [11.341624, 62.8310995], [11.3419233, 62.830801], [11.3422429, 62.8305087], [11.3426052, 62.8302077], [11.342871, 62.8300034], [11.3431656, 62.8297923], [11.3435797, 62.8295225], [11.3440151, 62.8292586], [11.344425, 62.829026], [11.3447983, 62.8288306]]}, "properties": {"electrified": "no", "gauge": "1435", "maxspeed": "130", "name": "R\u00f8rosbanen", "operator": "Bane NOR", "passenger_lines": "1", "railway": "rail", "usage": "main", "length_km": 1.237, "maxspeed_kmh": 130.0}}, {"type": "Feature", "geometry": {"type": "LineString", "coordinates": [[11.2655599, 62.8504066], [11.2659969, 62.8503905], [11.2663227, 62.8503733], [11.2668328, 62.8503386], [11.2671674, 62.8503053], [11.2674641, 62.8502693], [11.2677443, 62.8502259], [11.2680726, 62.8501657], [11.2683923, 62.8501019], [11.2693899, 62.8498873], [11.2699129, 62.84979], [11.2702289, 62.8497435], [11.2706718, 62.8496973], [11.2708293, 62.8496869], [11.27124, 62.8496661], [11.2716476, 62.8496615], [11.2718688, 62.8496659], [11.2722803, 62.8496845], [11.2728697, 62.849739], [11.2733098, 62.8497965], [11.2743032, 62.8499389], [11.2748123, 62.8500052], [11.2750727, 62.8500308], [11.2753005, 62.8500487], [11.2755292, 62.8500633], [11.2758226, 62.8500747]]}, "properties": {"electrified": "no", "gauge": "1435", "maxspeed": "75", "name": "R\u00f8rosbanen", "operator": "Bane NOR", "passenger_lines": "1", "railway": "rail", "usage": "main", "length_km": 0.543, "maxspeed_kmh": 75.0}}, {"type": "Feature", "geometry": {"type": "LineString", "coordinates": [[11.2597331, 62.8509405], [11.2599041, 62.8509261]]}, "properties": {"bridge": "yes", "electrified": "no", "gauge": "1435", "maxspeed": "115", "name": "R\u00f8rosbanen", "operator": "Bane NOR", "passenger_lines": "1", "railway": "rail", "usage": "main", "length_km": 0.009, "maxspeed_kmh": 115.0}}, {"type": "Feature", "geometry": {"type": "LineString", "coordinates": [[11.2982102, 62.8481193], [11.2989171, 62.8480688], [11.2994274, 62.8480207], [11.3001078, 62.8479402], [11.3005166, 62.8478864], [11.3013361, 62.8477539], [11.3016791, 62.8476965]]}, "properties": {"electrified": "no", "gauge": "1435", "maxspeed": "90", "name": "R\u00f8rosbanen", "operator": "Bane NOR", "passenger_lines": "1", "railway": "rail", "usage": "main", "length_km": 0.183, "maxspeed_kmh": 90.0}}, {"type": "Feature", "geometry": {"type": "LineString", "coordinates": [[11.298091, 62.8481278], [11.2982102, 62.8481193]]}, "properties": {"bridge": "yes", "electrified": "no", "gauge": "1435", "maxspeed": "90", "name": "R\u00f8rosbanen", "operator": "Bane NOR", "passenger_lines": "1", "railway": "rail", "usage": "main", "length_km": 0.006, "maxspeed_kmh": 90.0}}, {"type": "Feature", "geometry": {"type": "LineString", "coordinates": [[11.3081027, 62.8473127], [11.3094689, 62.8471627], [11.3101929, 62.8470939], [11.3110762, 62.8470276], [11.3117309, 62.8469925], [11.3123521, 62.846967]]}, "properties": {"electrified": "no", "gauge": "1435", "maxspeed": "90", "name": "R\u00f8rosbanen", "operator": "Bane NOR", "passenger_lines": "1", "railway": "rail", "usage": "main", "length_km": 0.22, "maxspeed_kmh": 90.0}}, {"type": "Feature", "geometry": {"type": "LineString", "coordinates": [[11.3079223, 62.8473306], [11.3081027, 62.8473127]]}, "properties": {"bridge": "yes", "electrified": "no", "gauge": "1435", "maxspeed": "90", "name": "R\u00f8rosbanen", "operator": "Bane NOR", "passenger_lines": "1", "railway": "rail", "usage": "main", "length_km": 0.009, "maxspeed_kmh": 90.0}}, {"type": "Feature", "geometry": {"type": "LineString", "coordinates": [[11.312811, 62.8469384], [11.312977, 62.8469262]]}, "properties": {"bridge": "yes", "electrified": "no", "gauge": "1435", "maxspeed": "70", "name": "R\u00f8rosbanen", "operator": "Bane NOR", "passenger_lines": "1", "railway": "rail", "usage": "main", "length_km": 0.009, "maxspeed_kmh": 70.0}}, {"type": "Feature", "geometry": {"type": "LineString", "coordinates": [[11.3018102, 62.8476746], [11.3022857, 62.847595], [11.3026045, 62.8475467], [11.3031514, 62.8474825], [11.3034506, 62.8474563], [11.3036816, 62.847438], [11.3039148, 62.8474267], [11.3042113, 62.8474195], [11.3045632, 62.8474139], [11.3055239, 62.8474223], [11.3061236, 62.8474226], [11.3066968, 62.8474128], [11.3072451, 62.8473864], [11.3076474, 62.847357], [11.3079223, 62.8473306]]}, "properties": {"electrified": "no", "gauge": "1435", "maxspeed": "90", "name": "R\u00f8rosbanen", "operator": "Bane NOR", "passenger_lines": "1", "railway": "rail", "usage": "main", "length_km": 0.316, "maxspeed_kmh": 90.0}}, {"type": "Feature", "geometry": {"type": "LineString", "coordinates": [[11.3212549, 62.8435831], [11.3216849, 62.8434208], [11.321926, 62.8433198], [11.3221452, 62.8432192], [11.3223433, 62.8431196], [11.3227455, 62.8428942], [11.3233888, 62.8425126], [11.3237959, 62.8422915], [11.3239849, 62.8421996], [11.3241897, 62.8421079], [11.3244687, 62.8419941], [11.3247091, 62.8419095], [11.3250169, 62.8418097], [11.3254011, 62.8416969], [11.3268438, 62.8413185], [11.3271995, 62.8412208], [11.32752, 62.8411268], [11.3281345, 62.8409309], [11.3284549, 62.8408187], [11.3287171, 62.8407218]]}, "properties": {"electrified": "no", "gauge": "1435", "maxspeed": "70", "name": "R\u00f8rosbanen", "operator": "Bane NOR", "passenger_lines": "1", "railway": "rail", "usage": "main", "length_km": 0.501, "maxspeed_kmh": 70.0}}, {"type": "Feature", "geometry": {"type": "LineString", "coordinates": [[11.3211546, 62.8436174], [11.3212549, 62.8435831]]}, "properties": {"bridge": "yes", "electrified": "no", "gauge": "1435", "maxspeed": "70", "name": "R\u00f8rosbanen", "operator": "Bane NOR", "passenger_lines": "1", "railway": "rail", "usage": "main", "length_km": 0.006, "maxspeed_kmh": 70.0}}, {"type": "Feature", "geometry": {"type": "LineString", "coordinates": [[11.3288013, 62.8406907], [11.3298932, 62.84025], [11.3302618, 62.8400917], [11.3308423, 62.8398295], [11.3315375, 62.8394925]]}, "properties": {"electrified": "no", "gauge": "1435", "maxspeed": "70", "name": "R\u00f8rosbanen", "operator": "Bane NOR", "passenger_lines": "1", "railway": "rail", "usage": "main", "length_km": 0.193, "maxspeed_kmh": 70.0}}, {"type": "Feature", "geometry": {"type": "LineString", "coordinates": [[11.3287171, 62.8407218], [11.3288013, 62.8406907]]}, "properties": {"bridge": "yes", "electrified": "no", "gauge": "1435", "maxspeed": "70", "name": "R\u00f8rosbanen", "operator": "Bane NOR", "passenger_lines": "1", "railway": "rail", "usage": "main", "length_km": 0.006, "maxspeed_kmh": 70.0}}, {"type": "Feature", "geometry": {"type": "LineString", "coordinates": [[10.634143, 62.1082367], [10.633768, 62.1084626], [10.6336784, 62.1085162], [10.6336228, 62.1085489], [10.6331987, 62.1088018], [10.6322366, 62.109377], [10.6322101, 62.1093929], [10.6319621, 62.1095396], [10.6309933, 62.1101217], [10.6303821, 62.1104889], [10.6300692, 62.1107053], [10.6298365, 62.1108848], [10.6297307, 62.1109748], [10.6296855, 62.111013], [10.6296154, 62.1110766], [10.6295588, 62.1111295], [10.6295101, 62.1111783], [10.6293945, 62.1112972], [10.6293435, 62.1113528], [10.6292899, 62.1114174], [10.6291981, 62.1115321]]}, "properties": {"electrified": "no", "gauge": "1435", "maxspeed": "80", "name": "R\u00f8rosbanen", "operator": "Bane NOR", "passenger_lines": "1", "railway": "rail", "usage": "main", "length_km": 0.451, "maxspeed_kmh": 80.0}}, {"type": "Feature", "geometry": {"type": "LineString", "coordinates": [[10.6273788, 62.1245648], [10.6270811, 62.1248275], [10.6268587, 62.1250393], [10.6266293, 62.1252827], [10.6265406, 62.1253992], [10.6264656, 62.1255128], [10.6264052, 62.1256188], [10.6263381, 62.1257436], [10.6262697, 62.1259047], [10.6262154, 62.126063], [10.6261884, 62.1262172], [10.6261673, 62.1264308], [10.6261645, 62.1265552], [10.6261705, 62.1266512], [10.6261886, 62.1267838], [10.6262193, 62.1269318], [10.6262764, 62.1271111], [10.6263482, 62.1273175], [10.626434, 62.1275275], [10.6265286, 62.1277807], [10.6265936, 62.1280076], [10.6266271, 62.1281649], [10.6266399, 62.1283283], [10.6266426, 62.1284647]]}, "properties": {"electrified": "no", "gauge": "1435", "maxspeed": "95", "name": "R\u00f8rosbanen", "operator": "Bane NOR", "passenger_lines": "1", "railway": "rail", "usage": "main", "length_km": 0.449, "maxspeed_kmh": 95.0}}, {"type": "Feature", "geometry": {"type": "LineString", "coordinates": [[10.6275062, 62.12445], [10.6273788, 62.1245648]]}, "properties": {"bridge": "yes", "electrified": "no", "gauge": "1435", "maxspeed": "95", "name": "R\u00f8rosbanen", "operator": "Bane NOR", "passenger_lines": "1", "railway": "rail", "usage": "main", "length_km": 0.014, "maxspeed_kmh": 95.0}}, {"type": "Feature", "geometry": {"type": "LineString", "coordinates": [[10.6553194, 62.2078582], [10.655653, 62.2081774], [10.6557912, 62.2083098], [10.6559188, 62.2084435], [10.6561548, 62.2087071], [10.656197, 62.2087554], [10.6563016, 62.2088861], [10.6565132, 62.2091616], [10.6568299, 62.2096565], [10.6569149, 62.2098206], [10.6570495, 62.210093], [10.657096, 62.2102206], [10.657184, 62.2104412], [10.657283, 62.2107543], [10.6573528, 62.2110665], [10.6573916, 62.2112884], [10.6574151, 62.2115102], [10.6574253, 62.2118342], [10.6574076, 62.2122239], [10.657368, 62.2128875], [10.6573482, 62.2133829], [10.6573347, 62.2136478], [10.6572901, 62.2143457], [10.6572574, 62.2150498], [10.657156, 62.2168165]]}, "properties": {"electrified": "no", "gauge": "1435", "maxspeed": "125", "name": "R\u00f8rosbanen", "operator": "Bane NOR", "passenger_lines": "1", "railway": "rail", "usage": "main", "length_km": 1.017, "maxspeed_kmh": 125.0}}, {"type": "Feature", "geometry": {"type": "LineString", "coordinates": [[10.6552597, 62.2078035], [10.6553194, 62.2078582]]}, "properties": {"bridge": "yes", "electrified": "no", "gauge": "1435", "maxspeed": "125", "name": "R\u00f8rosbanen", "operator": "Bane NOR", "passenger_lines": "1", "railway": "rail", "usage": "main", "length_km": 0.007, "maxspeed_kmh": 125.0}}, {"type": "Feature", "geometry": {"type": "LineString", "coordinates": [[10.6571513, 62.2169492], [10.6571456, 62.2171138], [10.6571504, 62.217397], [10.6571663, 62.217649], [10.6572056, 62.2179033], [10.6573349, 62.2184227], [10.6574804, 62.2188286]]}, "properties": {"electrified": "no", "gauge": "1435", "maxspeed": "125", "name": "R\u00f8rosbanen", "operator": "Bane NOR", "passenger_lines": "1", "railway": "rail", "usage": "main", "length_km": 0.211, "maxspeed_kmh": 125.0}}, {"type": "Feature", "geometry": {"type": "LineString", "coordinates": [[10.657156, 62.2168165], [10.6571513, 62.2169492]]}, "properties": {"bridge": "yes", "electrified": "no", "gauge": "1435", "maxspeed": "125", "name": "R\u00f8rosbanen", "operator": "Bane NOR", "passenger_lines": "1", "railway": "rail", "usage": "main", "length_km": 0.015, "maxspeed_kmh": 125.0}}, {"type": "Feature", "geometry": {"type": "LineString", "coordinates": [[10.6575715, 62.2190262], [10.6576374, 62.2191614], [10.6577408, 62.2193511], [10.6579151, 62.2196252], [10.6580331, 62.2198002], [10.6581266, 62.21993], [10.6582891, 62.2201394], [10.65861, 62.2205113], [10.6588176, 62.2207579], [10.659066, 62.2210448], [10.660315, 62.2224869], [10.6607938, 62.2230466]]}, "properties": {"electrified": "no", "gauge": "1435", "maxspeed": "125", "name": "R\u00f8rosbanen", "operator": "Bane NOR", "passenger_lines": "1", "railway": "rail", "usage": "main", "length_km": 0.479, "maxspeed_kmh": 125.0}}, {"type": "Feature", "geometry": {"type": "LineString", "coordinates": [[10.7682484, 62.2723236], [10.7689176, 62.2724745], [10.7702748, 62.2727828], [10.7708039, 62.2729069], [10.7713276, 62.2730358], [10.7721162, 62.2732339], [10.772422, 62.2733166], [10.7727854, 62.2734223], [10.7729705, 62.2734816], [10.7731079, 62.2735303], [10.7731395, 62.2735423], [10.7733118, 62.2736077], [10.7737215, 62.2737749], [10.7754946, 62.2745065], [10.7761596, 62.2747809], [10.7766443, 62.2749743], [10.7770503, 62.2751461], [10.7771473, 62.275187], [10.7782102, 62.2756196]]}, "properties": {"electrified": "no", "gauge": "1435", "maxspeed": "40", "name": "R\u00f8rosbanen", "operator": "Bane NOR", "passenger_lines": "1", "railway": "rail", "usage": "main", "length_km": 0.639, "maxspeed_kmh": 40.0}}, {"type": "Feature", "geometry": {"type": "LineString", "coordinates": [[10.7985649, 62.278988], [10.7984047, 62.2789812], [10.7981883, 62.2789748], [10.7980054, 62.2789694], [10.7965242, 62.27894], [10.7959436, 62.2789203], [10.7956487, 62.2789062], [10.7951084, 62.2788738], [10.7942872, 62.278806], [10.7939893, 62.2787759], [10.7933189, 62.2786992], [10.7918754, 62.278512], [10.7901525, 62.2782756], [10.7881748, 62.2780116], [10.787197, 62.2778811], [10.7866627, 62.2778056], [10.7860133, 62.2777028], [10.7856284, 62.2776352], [10.7850588, 62.2775262], [10.7845987, 62.2774339], [10.7839788, 62.2773035], [10.7831667, 62.277121], [10.7825667, 62.2769764], [10.7820497, 62.2768445]]}, "properties": {"electrified": "no", "gauge": "1435", "maxspeed": "70", "name": "R\u00f8rosbanen", "operator": "Bane NOR", "passenger_lines": "1", "railway": "rail", "usage": "main", "length_km": 0.898, "maxspeed_kmh": 70.0}}, {"type": "Feature", "geometry": {"type": "LineString", "coordinates": [[10.837037, 62.2892853], [10.8368587, 62.2892357]]}, "properties": {"bridge": "yes", "electrified": "no", "gauge": "1435", "maxspeed": "130", "name": "R\u00f8rosbanen", "operator": "Bane NOR", "passenger_lines": "1", "railway": "rail", "usage": "main", "length_km": 0.011, "maxspeed_kmh": 130.0}}, {"type": "Feature", "geometry": {"type": "LineString", "coordinates": [[10.8864386, 62.335824], [10.8862314, 62.335715]]}, "properties": {"bridge": "yes", "electrified": "no", "gauge": "1435", "maxspeed": "110", "name": "R\u00f8rosbanen", "operator": "Bane NOR", "passenger_lines": "1", "railway": "rail", "usage": "main", "length_km": 0.016, "maxspeed_kmh": 110.0}}, {"type": "Feature", "geometry": {"type": "LineString", "coordinates": [[10.8998143, 62.3448555], [10.8958777, 62.3416186], [10.8939864, 62.3400602], [10.892586, 62.3389072], [10.8920988, 62.3385091], [10.8917289, 62.3382283], [10.8915993, 62.3381388], [10.8914439, 62.3380335], [10.8912138, 62.3378899], [10.8909808, 62.3377536], [10.8907296, 62.33762], [10.8905012, 62.3375074], [10.890235, 62.3373836], [10.8899726, 62.3372738], [10.8896598, 62.337151], [10.8893992, 62.3370539], [10.8884012, 62.3366977], [10.8879469, 62.3365279], [10.8875554, 62.3363698], [10.8872827, 62.3362488], [10.8869407, 62.3360837], [10.8867257, 62.3359752], [10.8864386, 62.335824]]}, "properties": {"electrified": "no", "gauge": "1435", "maxspeed": "110", "name": "R\u00f8rosbanen", "operator": "Bane NOR", "passenger_lines": "1", "railway": "rail", "usage": "main", "length_km": 1.235, "maxspeed_kmh": 110.0}}, {"type": "Feature", "geometry": {"type": "LineString", "coordinates": [[10.9960632, 62.4070276], [10.9962329, 62.4073125], [10.9963274, 62.4074439], [10.996483, 62.4076392], [10.9966694, 62.4078249], [10.9968253, 62.4079508], [10.9971637, 62.4081933], [10.9981059, 62.4088168], [10.9984546, 62.4090442], [10.9985093, 62.4090798], [10.999743, 62.4098476], [11.0001777, 62.4101182], [11.0006095, 62.4103868]]}, "properties": {"electrified": "no", "gauge": "1435", "maxspeed": "70", "name": "R\u00f8rosbanen", "operator": "Bane NOR", "passenger_lines": "1", "railway": "rail", "usage": "main", "length_km": 0.445, "maxspeed_kmh": 70.0}}, {"type": "Feature", "geometry": {"type": "LineString", "coordinates": [[11.2526916, 62.5016315], [11.2524435, 62.5015572]]}, "properties": {"bridge": "yes", "electrified": "no", "gauge": "1435", "maxspeed": "95", "name": "R\u00f8rosbanen", "operator": "Bane NOR", "passenger_lines": "1", "railway": "rail", "usage": "main", "length_km": 0.015, "maxspeed_kmh": 95.0}}, {"type": "Feature", "geometry": {"type": "LineString", "coordinates": [[11.3019091, 62.539217], [11.3022687, 62.5388208], [11.3038475, 62.5370799], [11.3039694, 62.536939], [11.304192, 62.5366618], [11.3042979, 62.5365143], [11.3044915, 62.5362146], [11.3046365, 62.5359453], [11.3047051, 62.5358014], [11.3048124, 62.5355336], [11.3049147, 62.5352177], [11.3049801, 62.5349191], [11.305005, 62.5347667], [11.3050177, 62.5346335], [11.3050312, 62.5343275], [11.3050146, 62.534018], [11.3049909, 62.5338447], [11.3049511, 62.5336369], [11.3049152, 62.5334921], [11.3048135, 62.5331773], [11.3046679, 62.5328351], [11.3045233, 62.5325548], [11.3041697, 62.5319206], [11.3015932, 62.5273859], [11.3013686, 62.5270037], [11.3011483, 62.5266635], [11.3009056, 62.5263294], [11.3006165, 62.5259774], [11.3002715, 62.5256051], [11.2999272, 62.5252716], [11.2995625, 62.5249481], [11.2990246, 62.5245151], [11.2985257, 62.5241552], [11.2981391, 62.5238974], [11.298016, 62.5238221], [11.2975647, 62.5235459], [11.297248, 62.5233659], [11.2969559, 62.5232068], [11.2962911, 62.5228674], [11.2941151, 62.5217972], [11.2937101, 62.5215986], [11.2886438, 62.5191147], [11.284023, 62.5168489], [11.2773015, 62.5135528], [11.261884, 62.505995], [11.2606184, 62.5053745], [11.2599535, 62.5050438], [11.2546494, 62.50244]]}, "properties": {"electrified": "no", "gauge": "1435", "maxspeed": "130", "name": "R\u00f8rosbanen", "operator": "Bane NOR", "passenger_lines": "1", "railway": "rail", "usage": "main", "length_km": 5.076, "maxspeed_kmh": 130.0}}, {"type": "Feature", "geometry": {"type": "LineString", "coordinates": [[11.3362518, 62.5682809], [11.3362095, 62.5682058]]}, "properties": {"bridge": "yes", "electrified": "no", "gauge": "1435", "maxspeed": "85", "name": "R\u00f8rosbanen", "operator": "Bane NOR", "passenger_lines": "1", "railway": "rail", "usage": "main", "length_km": 0.009, "maxspeed_kmh": 85.0}}, {"type": "Feature", "geometry": {"type": "LineString", "coordinates": [[11.3018151, 62.539321], [11.3019091, 62.539217]]}, "properties": {"bridge": "yes", "electrified": "no", "gauge": "1435", "maxspeed": "130", "name": "R\u00f8rosbanen", "operator": "Bane NOR", "passenger_lines": "1", "railway": "rail", "usage": "main", "length_km": 0.013, "maxspeed_kmh": 130.0}}, {"type": "Feature", "geometry": {"type": "LineString", "coordinates": [[11.3360075, 62.5677783], [11.3354333, 62.5664869], [11.3353274, 62.5662721], [11.3352423, 62.5661211], [11.3351618, 62.5659924], [11.3350388, 62.5658188], [11.3348929, 62.5656318], [11.3347411, 62.5654629], [11.3345198, 62.5652442], [11.3342729, 62.5650298], [11.3339304, 62.5647691], [11.3335557, 62.5645225], [11.3333425, 62.5643953], [11.3331237, 62.5642728], [11.3328381, 62.5641275], [11.3325038, 62.5639649], [11.3320725, 62.5637682], [11.3246967, 62.560472], [11.32345, 62.5599012], [11.3222382, 62.5593272], [11.3122352, 62.5545889], [11.3117793, 62.5543803], [11.3110668, 62.5540663], [11.3079129, 62.5527403], [11.3072988, 62.5524707], [11.3069522, 62.5523024], [11.3067507, 62.5521954], [11.306525, 62.552067], [11.3063058, 62.5519346], [11.3061181, 62.5518112], [11.3059244, 62.5516767], [11.3057334, 62.5515343], [11.3052945, 62.5511839], [11.3050181, 62.5509514], [11.3047698, 62.5507332], [11.3043088, 62.5503011], [11.3039096, 62.549896], [11.3037243, 62.5496984], [11.3035683, 62.5495204], [11.3031831, 62.5490592], [11.3029414, 62.5487437], [11.3027037, 62.5484067], [11.3024232, 62.5479629], [11.3021756, 62.5475147], [11.3020438, 62.54724], [11.3019115, 62.5469221], [11.3018489, 62.5467591], [11.3017781, 62.5465764], [11.3017581, 62.5465249], [11.3005629, 62.543371], [11.3003899, 62.5429033]]}, "properties": {"electrified": "no", "gauge": "1435", "maxspeed": "110", "name": "R\u00f8rosbanen", "operator": "Bane NOR", "passenger_lines": "1", "railway": "rail", "usage": "main", "length_km": 3.434, "maxspeed_kmh": 110.0}}, {"type": "Feature", "geometry": {"type": "LineString", "coordinates": [[11.2506067, 62.501194], [11.2503306, 62.501161], [11.249942, 62.5011231], [11.2496742, 62.5011027], [11.2493131, 62.5010827], [11.2489972, 62.5010718], [11.2486438, 62.5010662], [11.2483815, 62.5010677], [11.2480756, 62.5010753], [11.2475844, 62.5010977], [11.2470955, 62.5011349], [11.2467194, 62.5011742], [11.2465216, 62.5011991], [11.2462122, 62.5012425], [11.2457687, 62.5013177], [11.2452861, 62.5014114], [11.2442657, 62.5016222], [11.2439227, 62.5016888], [11.2434728, 62.5017684], [11.2429025, 62.5018498], [11.2423773, 62.5019059], [11.2421924, 62.5019202], [11.2416799, 62.5019513], [11.2413048, 62.5019636], [11.2408321, 62.5019661], [11.2403039, 62.5019547], [11.2398044, 62.5019251], [11.2393718, 62.5018879], [11.2388716, 62.5018294], [11.2385318, 62.5017812], [11.2380714, 62.5016995], [11.2377729, 62.5016393], [11.2374759, 62.5015718], [11.2370912, 62.5014731], [11.2366731, 62.5013493], [11.236431, 62.5012694], [11.2361351, 62.5011619], [11.2359302, 62.5010813], [11.2354498, 62.5008746], [11.2350269, 62.5006791], [11.2320493, 62.499302]]}, "properties": {"electrified": "no", "gauge": "1435", "maxspeed": "95", "name": "R\u00f8rosbanen", "operator": "Bane NOR", "passenger_lines": "1", "railway": "rail", "usage": "main", "length_km": 1.08, "maxspeed_kmh": 95.0}}, {"type": "Feature", "geometry": {"type": "LineString", "coordinates": [[11.375695, 62.5676751], [11.3749634, 62.5674771]]}, "properties": {"bridge": "yes", "electrified": "no", "gauge": "1435", "maxspeed": "85", "name": "R\u00f8rosbanen", "operator": "Bane NOR", "passenger_lines": "1", "railway": "rail", "usage": "main", "length_km": 0.044, "maxspeed_kmh": 85.0}}, {"type": "Feature", "geometry": {"type": "LineString", "coordinates": [[11.3836966, 62.5698249], [11.3832066, 62.5696915], [11.3829251, 62.5696161]]}, "properties": {"electrified": "no", "gauge": "1435", "maxspeed": "50", "name": "R\u00f8rosbanen", "operator": "Bane NOR", "passenger_lines": "1", "railway": "rail", "usage": "main", "length_km": 0.046, "maxspeed_kmh": 50.0}}, {"type": "Feature", "geometry": {"type": "LineString", "coordinates": [[11.046246, 61.5716823], [11.0458963, 61.5719032], [11.0458446, 61.5719353], [11.0447486, 61.5726238], [11.0447029, 61.5726545], [11.0430398, 61.5737057], [11.0400675, 61.5755884]]}, "properties": {"electrified": "no", "gauge": "1435", "maxspeed": "40", "name": "R\u00f8rosbanen", "operator": "Bane NOR", "passenger_lines": "1", "railway": "rail", "usage": "main", "length_km": 0.545, "maxspeed_kmh": 40.0}}, {"type": "Feature", "geometry": {"type": "LineString", "coordinates": [[10.8724905, 61.7140998], [10.8734301, 61.7140734], [10.8741524, 61.714063], [10.8747383, 61.7140614], [10.8760639, 61.7140703], [10.8765443, 61.7140609], [10.8767635, 61.7140514], [10.8770078, 61.7140358], [10.8774366, 61.7139961], [10.8778256, 61.7139457], [10.8782579, 61.7138742], [10.878475, 61.713831], [10.8786945, 61.7137822], [10.878925, 61.7137244], [10.8793378, 61.7136045], [10.879723, 61.7134714], [10.8800779, 61.7133274], [10.8804243, 61.7131663], [10.8806019, 61.7130771], [10.8809433, 61.7128981], [10.8811274, 61.7127958], [10.8816349, 61.7124929], [10.882008, 61.7122535]]}, "properties": {"electrified": "no", "gauge": "1435", "maxspeed": "85", "name": "R\u00f8rosbanen", "operator": "Bane NOR", "passenger_lines": "1", "railway": "rail", "usage": "main", "length_km": 0.58, "maxspeed_kmh": 85.0}}, {"type": "Feature", "geometry": {"type": "LineString", "coordinates": [[10.8723564, 61.7141039], [10.8724905, 61.7140998]]}, "properties": {"bridge": "yes", "electrified": "no", "gauge": "1435", "maxspeed": "85", "name": "R\u00f8rosbanen", "operator": "Bane NOR", "passenger_lines": "1", "railway": "rail", "usage": "main", "length_km": 0.007, "maxspeed_kmh": 85.0}}, {"type": "Feature", "geometry": {"type": "LineString", "coordinates": [[10.9130636, 61.6855667], [10.913083, 61.6854787], [10.9131293, 61.68517], [10.9131449, 61.6848542], [10.9131416, 61.6846787], [10.9129864, 61.6820742], [10.9129451, 61.6813812], [10.9129057, 61.680941], [10.9128728, 61.6807296], [10.9128342, 61.6805513], [10.9127801, 61.6803615], [10.9127098, 61.6801637], [10.9126293, 61.679965], [10.9125499, 61.679799]]}, "properties": {"electrified": "no", "gauge": "1435", "maxspeed": "110", "name": "R\u00f8rosbanen", "operator": "Bane NOR", "passenger_lines": "1", "railway": "rail", "usage": "main", "length_km": 0.645, "maxspeed_kmh": 110.0}}, {"type": "Feature", "geometry": {"type": "LineString", "coordinates": [[10.9130508, 61.6856246], [10.9130636, 61.6855667]]}, "properties": {"bridge": "yes", "electrified": "no", "gauge": "1435", "maxspeed": "110", "name": "R\u00f8rosbanen", "operator": "Bane NOR", "passenger_lines": "1", "railway": "rail", "usage": "main", "length_km": 0.006, "maxspeed_kmh": 110.0}}, {"type": "Feature", "geometry": {"type": "LineString", "coordinates": [[10.9125499, 61.679799], [10.9125216, 61.6797398]]}, "properties": {"bridge": "yes", "electrified": "no", "gauge": "1435", "maxspeed": "110", "name": "R\u00f8rosbanen", "operator": "Bane NOR", "passenger_lines": "1", "railway": "rail", "usage": "main", "length_km": 0.007, "maxspeed_kmh": 110.0}}, {"type": "Feature", "geometry": {"type": "LineString", "coordinates": [[10.882008, 61.7122535], [10.8832642, 61.7114314], [10.883514, 61.711274], [10.8836111, 61.7112174], [10.8838743, 61.711064], [10.8842034, 61.7108961], [10.8845791, 61.7107287], [10.8848752, 61.7106131], [10.8850707, 61.7105433], [10.8857037, 61.710335], [10.8864458, 61.7100995], [10.8868552, 61.7099596], [10.8870606, 61.7098842], [10.8873931, 61.7097511], [10.887552, 61.7096828], [10.8877173, 61.7096064], [10.8880649, 61.7094285], [10.8883826, 61.7092406], [10.8887068, 61.7090217], [10.8891276, 61.7086971], [10.8896965, 61.7082307], [10.8899614, 61.7080223], [10.8902457, 61.7078122], [10.8905433, 61.7076059], [10.8908199, 61.7074269], [10.891186, 61.7072054], [10.8913794, 61.7070923], [10.8918373, 61.7068477], [10.8924114, 61.7065631], [10.892887, 61.7063477], [10.8932589, 61.7061898], [10.8937727, 61.7059871], [10.8942027, 61.7058282], [10.8949987, 61.7055423], [10.8952979, 61.7054207], [10.8954585, 61.7053505], [10.895625, 61.7052697], [10.8957955, 61.7051789], [10.8959591, 61.7050839], [10.8961362, 61.70497], [10.8962872, 61.704863], [10.896523, 61.7046713], [10.8966431, 61.7045571], [10.8967566, 61.7044337], [10.8969507, 61.7041826], [10.897312, 61.7036133], [10.8974706, 61.7033955], [10.8975752, 61.7032757], [10.8977008, 61.7031475], [10.8978417, 61.703021], [10.8980029, 61.7028913], [10.8981807, 61.7027621], [10.8983676, 61.7026403], [10.898608, 61.7024991], [10.8988503, 61.7023673], [10.9002135, 61.7016555], [10.9004148, 61.701546], [10.9007692, 61.7013396], [10.901209, 61.7010564], [10.90149, 61.70086], [10.9018041, 61.7006231], [10.9020932, 61.7003857], [10.9023251, 61.7001797], [10.9025117, 61.7000032], [10.902761, 61.6997429], [10.9029644, 61.6995122], [10.9031203, 61.6992881], [10.9032114, 61.6991381], [10.9032938, 61.6989622], [10.9033352, 61.6988572], [10.9033965, 61.6986543], [10.9035046, 61.6982461], [10.9035612, 61.6980809], [10.9036162, 61.6979478], [10.9036782, 61.6978222], [10.9037476, 61.6977087], [10.9039335, 61.6974385], [10.9041662, 61.6971206], [10.904229, 61.6970208], [10.9042947, 61.6969138], [10.9044054, 61.6966888], [10.904456, 61.696555], [10.9045187, 61.696324], [10.9045441, 61.6962114], [10.9046271, 61.6957109], [10.9046779, 61.6954886], [10.9047177, 61.6953704], [10.9048161, 61.6951351], [10.9048774, 61.6950193], [10.9049494, 61.6948942], [10.9050925, 61.6946826]]}, "properties": {"electrified": "no", "gauge": "1435", "maxspeed": "85", "name": "R\u00f8rosbanen", "operator": "Bane NOR", "passenger_lines": "1", "railway": "rail", "usage": "main", "length_km": 2.381, "maxspeed_kmh": 85.0}}, {"type": "Feature", "geometry": {"type": "LineString", "coordinates": [[10.9778818, 61.6080361], [10.9792997, 61.6076291], [10.9797919, 61.6074878], [10.980383, 61.6073238], [10.9809192, 61.6071879], [10.981443, 61.6070686], [10.981789, 61.6069984], [10.9821831, 61.6069254], [10.9831304, 61.6067738], [10.9848967, 61.6065047], [10.9854483, 61.6064081], [10.9857092, 61.6063569], [10.9861907, 61.6062497], [10.9866103, 61.6061414], [10.9868047, 61.6060861], [10.9871724, 61.6059712], [10.9877468, 61.6057687], [10.9884156, 61.6055107], [10.9890709, 61.6052716], [10.9895297, 61.6051279], [10.9900147, 61.6049956], [10.9902928, 61.6049288], [10.9911772, 61.6047335], [10.9990583, 61.6030342], [11.0003551, 61.6027492], [11.0009122, 61.6026144], [11.0012782, 61.6025149], [11.0016138, 61.6024161], [11.0020963, 61.6022611], [11.0023051, 61.6021896], [11.0033596, 61.6018287], [11.0038419, 61.6016809], [11.0040428, 61.6016246], [11.0042231, 61.6015781], [11.0045907, 61.6014937], [11.004759, 61.6014583], [11.0051519, 61.601387], [11.0055948, 61.6013213], [11.006021, 61.6012732], [11.0062147, 61.6012545], [11.0066056, 61.6012265], [11.0071624, 61.6012052], [11.0075519, 61.6012025], [11.0079129, 61.6012077], [11.0082983, 61.6012201], [11.0086292, 61.6012381], [11.0091021, 61.6012736], [11.0094495, 61.6013084], [11.0099427, 61.6013687], [11.0104437, 61.6014454], [11.0108833, 61.6015261], [11.0111901, 61.6015915], [11.0117135, 61.6017171], [11.0119451, 61.6017799], [11.0122219, 61.601861], [11.0127159, 61.6020195], [11.0129793, 61.6021158], [11.0132082, 61.6022061], [11.0135497, 61.602351], [11.0138651, 61.6024998], [11.0142579, 61.6027016], [11.0145227, 61.6028481], [11.0149716, 61.6030758]]}, "properties": {"electrified": "no", "gauge": "1435", "maxspeed": "95", "name": "R\u00f8rosbanen", "operator": "Bane NOR", "passenger_lines": "1", "railway": "rail", "usage": "main", "length_km": 2.225, "maxspeed_kmh": 95.0}}, {"type": "Feature", "geometry": {"type": "LineString", "coordinates": [[10.9777746, 61.608067], [10.9778818, 61.6080361]]}, "properties": {"bridge": "yes", "electrified": "no", "gauge": "1435", "maxspeed": "95", "name": "R\u00f8rosbanen", "operator": "Bane NOR", "passenger_lines": "1", "railway": "rail", "usage": "main", "length_km": 0.007, "maxspeed_kmh": 95.0}}, {"type": "Feature", "geometry": {"type": "LineString", "coordinates": [[11.0169087, 61.6037146], [11.0170776, 61.6037427], [11.0173184, 61.6037793], [11.0175218, 61.6038039], [11.0177367, 61.603824], [11.0182461, 61.6038529], [11.0185074, 61.603858], [11.018793, 61.6038564], [11.0190647, 61.603846], [11.0193526, 61.6038288], [11.0195776, 61.6038084], [11.0200725, 61.6037392], [11.0203628, 61.6036886], [11.0205922, 61.603642], [11.0208314, 61.6035832], [11.0210275, 61.6035305], [11.0212913, 61.6034508], [11.0215795, 61.6033429], [11.0218015, 61.6032536], [11.0219773, 61.6031714], [11.0222952, 61.6029983], [11.0224601, 61.6028931], [11.0226232, 61.6027748], [11.0227609, 61.6026608], [11.0228942, 61.6025356], [11.0229949, 61.602421], [11.0230841, 61.6023029], [11.0231668, 61.602172], [11.0232304, 61.6020461], [11.023285, 61.6019026], [11.0233214, 61.6017386], [11.0233364, 61.6015378], [11.0233103, 61.6013169], [11.0232063, 61.600775], [11.023183, 61.6005736], [11.0231826, 61.6004175], [11.0232024, 61.6002669], [11.0233002, 61.6000007], [11.0233915, 61.5998396], [11.0235482, 61.5996316], [11.0237259, 61.5994602], [11.0238837, 61.5993291], [11.0240646, 61.5991918]]}, "properties": {"electrified": "no", "gauge": "1435", "maxspeed": "80", "name": "R\u00f8rosbanen", "operator": "Bane NOR", "passenger_lines": "1", "railway": "rail", "usage": "main", "length_km": 0.764, "maxspeed_kmh": 80.0}}, {"type": "Feature", "geometry": {"type": "LineString", "coordinates": [[11.0166693, 61.6036677], [11.0169087, 61.6037146]]}, "properties": {"bridge": "yes", "electrified": "no", "gauge": "1435", "maxspeed": "80", "name": "R\u00f8rosbanen", "operator": "Bane NOR", "passenger_lines": "1", "railway": "rail", "usage": "main", "length_km": 0.014, "maxspeed_kmh": 80.0}}, {"type": "Feature", "geometry": {"type": "LineString", "coordinates": [[11.0245127, 61.5989162], [11.0267419, 61.5976527], [11.0273383, 61.5973039], [11.0276783, 61.5970886], [11.0280103, 61.5968614], [11.0282845, 61.5966595], [11.028636, 61.5963723], [11.0289676, 61.5960738], [11.0292408, 61.5958016], [11.0294487, 61.5955697], [11.0297322, 61.595213], [11.0299584, 61.5948737], [11.0301494, 61.594518], [11.0302711, 61.5942513], [11.0303829, 61.5939461], [11.030464, 61.5936618], [11.0305339, 61.5932963], [11.0306366, 61.5924609], [11.0306757, 61.5920364], [11.0307723, 61.5911915], [11.0308276, 61.5909589], [11.0308854, 61.5908018], [11.0309937, 61.5905648], [11.0311135, 61.5903748], [11.0316646, 61.5896635], [11.0318543, 61.5893613], [11.0319688, 61.5891292], [11.0320596, 61.5888443], [11.0320848, 61.5886905], [11.0320957, 61.5884627], [11.0320568, 61.5877705], [11.0320606, 61.5876015], [11.0320848, 61.5874064], [11.0321325, 61.5872557], [11.0322347, 61.5870344], [11.0323611, 61.5868373], [11.0324736, 61.5866822], [11.0355285, 61.5832481], [11.0357705, 61.5829563], [11.0359216, 61.5827376], [11.0360343, 61.582535], [11.0361161, 61.582334], [11.0361916, 61.582075], [11.0362319, 61.5817472], [11.036249, 61.5810025], [11.0362729, 61.5807661], [11.0363073, 61.5805533], [11.0363132, 61.5805283]]}, "properties": {"electrified": "no", "gauge": "1435", "maxspeed": "85", "name": "R\u00f8rosbanen", "operator": "Bane NOR", "passenger_lines": "1", "railway": "rail", "usage": "main", "length_km": 2.194, "maxspeed_kmh": 85.0}}, {"type": "Feature", "geometry": {"type": "LineString", "coordinates": [[11.0244489, 61.5989527], [11.0245127, 61.5989162]]}, "properties": {"bridge": "yes", "electrified": "no", "gauge": "1435", "maxspeed": "85", "name": "R\u00f8rosbanen", "operator": "Bane NOR", "passenger_lines": "1", "railway": "rail", "usage": "main", "length_km": 0.005, "maxspeed_kmh": 85.0}}, {"type": "Feature", "geometry": {"type": "LineString", "coordinates": [[10.8641493, 61.7157883], [10.8646069, 61.7155251], [10.8649158, 61.7153641], [10.8651039, 61.7152713], [10.8652785, 61.7151916], [10.8656616, 61.7150349], [10.8660065, 61.7149125], [10.8662181, 61.7148443], [10.8664517, 61.7147746], [10.8667042, 61.7147068], [10.8669875, 61.7146358], [10.8672746, 61.7145732], [10.8675106, 61.7145253], [10.8677837, 61.7144753], [10.8680513, 61.7144325], [10.8683757, 61.7143883], [10.868689, 61.7143527], [10.8692052, 61.7143034], [10.8695004, 61.7142791], [10.8705183, 61.7142028], [10.8712784, 61.714155], [10.8723564, 61.7141039]]}, "properties": {"electrified": "no", "gauge": "1435", "maxspeed": "85", "name": "R\u00f8rosbanen", "operator": "Bane NOR", "passenger_lines": "1", "railway": "rail", "usage": "main", "length_km": 0.491, "maxspeed_kmh": 85.0}}, {"type": "Feature", "geometry": {"type": "LineString", "coordinates": [[11.0400675, 61.5755884], [11.0397255, 61.5758379], [11.0394251, 61.5760958], [11.0389147, 61.576622], [11.0381824, 61.5774066], [11.0379763, 61.5776286], [11.0377367, 61.577885], [11.0375261, 61.5781231], [11.0372364, 61.5785074], [11.0369897, 61.5789223], [11.0366638, 61.579597]]}, "properties": {"electrified": "no", "gauge": "1435", "maxspeed": "40", "name": "R\u00f8rosbanen", "operator": "Bane NOR", "passenger_lines": "1", "railway": "rail", "usage": "main", "length_km": 0.484, "maxspeed_kmh": 40.0}}, {"type": "Feature", "geometry": {"type": "LineString", "coordinates": [[10.8223991, 61.7419832], [10.8225299, 61.7416545], [10.8229074, 61.7407139], [10.8231006, 61.740307], [10.8232428, 61.740051]]}, "properties": {"electrified": "no", "gauge": "1435", "maxspeed": "130", "name": "R\u00f8rosbanen", "operator": "Bane NOR", "railway": "rail", "usage": "main", "length_km": 0.22, "maxspeed_kmh": 130.0}}, {"type": "Feature", "geometry": {"type": "LineString", "coordinates": [[10.823363, 61.7398675], [10.8235308, 61.7396318], [10.8236849, 61.7394359], [10.8238429, 61.7392533], [10.8239791, 61.7391071], [10.8241732, 61.7389128], [10.8243748, 61.738725], [10.8246113, 61.7385168], [10.8249194, 61.7382713], [10.825393, 61.73793], [10.8257449, 61.7377016], [10.826295, 61.7373761], [10.8279917, 61.7364065], [10.8282592, 61.7362547]]}, "properties": {"electrified": "no", "gauge": "1435", "maxspeed": "130", "name": "R\u00f8rosbanen", "operator": "Bane NOR", "passenger_lines": "1", "railway": "rail", "usage": "main", "length_km": 0.483, "maxspeed_kmh": 130.0}}, {"type": "Feature", "geometry": {"type": "LineString", "coordinates": [[10.8490399, 61.787452], [10.848946, 61.7873199]]}, "properties": {"bridge": "yes", "electrified": "no", "gauge": "1435", "maxspeed": "115", "name": "R\u00f8rosbanen", "operator": "Bane NOR", "passenger_lines": "1", "railway": "rail", "usage": "main", "length_km": 0.016, "maxspeed_kmh": 115.0}}, {"type": "Feature", "geometry": {"type": "LineString", "coordinates": [[10.8480968, 61.7972635], [10.8486198, 61.7967012], [10.8488031, 61.7964842], [10.8490931, 61.7961141], [10.8492397, 61.7959108], [10.8494709, 61.7955594], [10.8495899, 61.7953583], [10.8497148, 61.7951293], [10.8498275, 61.7949055], [10.8499234, 61.7946956], [10.8500234, 61.7944469], [10.8501116, 61.7942036], [10.8502107, 61.7938676], [10.8502695, 61.7936318], [10.8503254, 61.7933359], [10.8503652, 61.79299], [10.8503725, 61.7926531], [10.8503465, 61.7922682], [10.8503176, 61.7920562], [10.8502376, 61.791615], [10.8497798, 61.7892621], [10.8496858, 61.7888288], [10.8496337, 61.78864], [10.8495895, 61.7885017], [10.8495162, 61.788311], [10.8494427, 61.7881392], [10.849304, 61.7878724], [10.8491425, 61.7876083], [10.8490399, 61.787452]]}, "properties": {"electrified": "no", "gauge": "1435", "maxspeed": "115", "name": "R\u00f8rosbanen", "operator": "Bane NOR", "passenger_lines": "1", "railway": "rail", "usage": "main", "length_km": 1.117, "maxspeed_kmh": 115.0}}, {"type": "Feature", "geometry": {"type": "LineString", "coordinates": [[10.8470021, 61.8005134], [10.8470175, 61.8004488]]}, "properties": {"bridge": "yes", "electrified": "no", "gauge": "1435", "maxspeed": "110", "name": "R\u00f8rosbanen", "operator": "Bane NOR", "passenger_lines": "1", "railway": "rail", "usage": "main", "length_km": 0.007, "maxspeed_kmh": 110.0}}, {"type": "Feature", "geometry": {"type": "LineString", "coordinates": [[10.853765, 61.827687], [10.8536778, 61.8275909], [10.8535803, 61.8274764], [10.853485, 61.8273418], [10.8533959, 61.8271869], [10.8533172, 61.8270082], [10.8532646, 61.8268331], [10.85323, 61.8266056], [10.8532346, 61.826383], [10.8532886, 61.8261227], [10.8534004, 61.8258325], [10.853667, 61.8252809], [10.8537091, 61.8251768], [10.8537644, 61.8250004], [10.853798, 61.8248091], [10.8537971, 61.8245665], [10.8537614, 61.8243534], [10.853696, 61.8241657], [10.853654, 61.8240801], [10.8536123, 61.8240002], [10.8535432, 61.8238873], [10.8533892, 61.823664], [10.8522539, 61.8221898], [10.852048, 61.8219479], [10.8519009, 61.8217954], [10.8517447, 61.8216544], [10.8514843, 61.8214542], [10.8511909, 61.8212647], [10.8509264, 61.8211183], [10.8505948, 61.8209598], [10.8502422, 61.8208168], [10.8498038, 61.8206624], [10.849294, 61.8205104], [10.8480846, 61.8201852], [10.8478546, 61.8201184], [10.8474997, 61.8200044], [10.8472588, 61.8199155], [10.8470553, 61.8198345], [10.8467727, 61.8197089], [10.8465142, 61.8195788], [10.8462434, 61.819425], [10.8459877, 61.8192518], [10.8457723, 61.8190829], [10.8455398, 61.8188632], [10.845312, 61.8185943], [10.8451667, 61.8183844], [10.8450033, 61.8180879], [10.8448728, 61.8177603], [10.8447822, 61.8173397], [10.844768, 61.8171292], [10.844769, 61.8169324], [10.8447978, 61.816685], [10.8448424, 61.8164381], [10.8448712, 61.8162959]]}, "properties": {"electrified": "no", "gauge": "1435", "maxspeed": "85", "name": "R\u00f8rosbanen", "operator": "Bane NOR", "passenger_lines": "1", "railway": "rail", "usage": "main", "length_km": 1.45, "maxspeed_kmh": 85.0}}, {"type": "Feature", "geometry": {"type": "LineString", "coordinates": [[10.8538183, 61.8277422], [10.853765, 61.827687]]}, "properties": {"bridge": "yes", "electrified": "no", "gauge": "1435", "maxspeed": "85", "name": "R\u00f8rosbanen", "operator": "Bane NOR", "passenger_lines": "1", "railway": "rail", "usage": "main", "length_km": 0.007, "maxspeed_kmh": 85.0}}, {"type": "Feature", "geometry": {"type": "LineString", "coordinates": [[10.860575, 61.8330022], [10.8603235, 61.8329282], [10.8598858, 61.8327921], [10.8596722, 61.83272], [10.8594178, 61.832625], [10.8591766, 61.8325252], [10.858981, 61.8324349], [10.8587886, 61.8323378], [10.8585766, 61.832217], [10.8583228, 61.832054], [10.8582063, 61.8319709], [10.8580826, 61.8318733], [10.8577789, 61.8316049], [10.8565006, 61.8303609], [10.8540438, 61.8279698], [10.8538183, 61.8277422]]}, "properties": {"electrified": "no", "gauge": "1435", "maxspeed": "85", "name": "R\u00f8rosbanen", "operator": "Bane NOR", "passenger_lines": "1", "railway": "rail", "usage": "main", "length_km": 0.697, "maxspeed_kmh": 85.0}}, {"type": "Feature", "geometry": {"type": "LineString", "coordinates": [[10.8677986, 61.8351272], [10.8675123, 61.835043]]}, "properties": {"bridge": "yes", "electrified": "no", "gauge": "1435", "maxspeed": "120", "name": "R\u00f8rosbanen", "operator": "Bane NOR", "passenger_lines": "1", "railway": "rail", "usage": "main", "length_km": 0.018, "maxspeed_kmh": 120.0}}, {"type": "Feature", "geometry": {"type": "LineString", "coordinates": [[10.8712757, 61.8361538], [10.8709023, 61.8360426], [10.8702177, 61.8358391], [10.8692649, 61.8355623], [10.8677986, 61.8351272]]}, "properties": {"electrified": "no", "gauge": "1435", "maxspeed": "120", "name": "R\u00f8rosbanen", "operator": "Bane NOR", "passenger_lines": "1", "railway": "rail", "usage": "main", "length_km": 0.216, "maxspeed_kmh": 120.0}}, {"type": "Feature", "geometry": {"type": "LineString", "coordinates": [[10.8830571, 61.8388058], [10.8824526, 61.8387086], [10.8794408, 61.8382231], [10.8790256, 61.8381549], [10.8784966, 61.8380681], [10.8781084, 61.8380013], [10.8777342, 61.8379336], [10.8772306, 61.8378281], [10.8767277, 61.8377219], [10.8762167, 61.837594], [10.8757795, 61.8374782], [10.8752552, 61.8373278], [10.8735216, 61.8368153], [10.8712757, 61.8361538]]}, "properties": {"electrified": "no", "gauge": "1435", "maxspeed": "120", "name": "R\u00f8rosbanen", "operator": "Bane NOR", "passenger_lines": "1", "railway": "rail", "usage": "main", "length_km": 0.691, "maxspeed_kmh": 120.0}}, {"type": "Feature", "geometry": {"type": "LineString", "coordinates": [[10.8426994, 61.7810047], [10.8426255, 61.7809267], [10.8424969, 61.7807824], [10.8423803, 61.7806401], [10.8422821, 61.7805081], [10.8421287, 61.7802631], [10.8420452, 61.7801069], [10.8419614, 61.7799237], [10.8418971, 61.7797558], [10.8418432, 61.779583], [10.8416373, 61.7788139], [10.8415914, 61.7786855], [10.8414577, 61.7783937], [10.8413708, 61.7782412], [10.8412023, 61.7779908], [10.8411118, 61.7778724], [10.8408307, 61.7775475], [10.8405897, 61.7773071], [10.8403849, 61.7771183], [10.8401769, 61.7769381], [10.8399742, 61.7767748], [10.8393934, 61.7763264], [10.8382762, 61.7754735], [10.8380257, 61.7752631], [10.8377931, 61.775047], [10.8375769, 61.7748226], [10.8373648, 61.7745667], [10.8371204, 61.7742199], [10.8368445, 61.7737897], [10.8367403, 61.7736385], [10.8364803, 61.7732986], [10.8363633, 61.7731621], [10.8361111, 61.7728909], [10.8359181, 61.7727025], [10.8357458, 61.7725474], [10.8355282, 61.7723638], [10.8353176, 61.7722003], [10.8350759, 61.7720222], [10.8347396, 61.7717932], [10.8338042, 61.7711937], [10.8335109, 61.7709915], [10.8333682, 61.7708865], [10.8330179, 61.7706124], [10.8328177, 61.7704431], [10.8326271, 61.7702707], [10.8324652, 61.770114], [10.8323019, 61.7699427], [10.832032, 61.7696303], [10.8318003, 61.7693243], [10.8316417, 61.7690661], [10.8315099, 61.7688228], [10.8314511, 61.7687049], [10.8313495, 61.7684645], [10.8310525, 61.7676496], [10.8309632, 61.7674424], [10.8308159, 61.7671469], [10.8307432, 61.767019], [10.8305309, 61.7666837], [10.8303877, 61.7664871], [10.8302511, 61.7663157], [10.8300544, 61.7660885], [10.8298222, 61.7658434], [10.8295665, 61.7656001], [10.8293377, 61.7654012], [10.8290219, 61.7651483], [10.828676, 61.7648993], [10.828369, 61.7646955], [10.8278919, 61.764403], [10.8270716, 61.7639317], [10.8268219, 61.7637794], [10.8266174, 61.7636443], [10.8264307, 61.763511], [10.8262503, 61.7633727], [10.826023, 61.7631798], [10.825866, 61.763031], [10.8256949, 61.7628532], [10.8255587, 61.7626872], [10.8254087, 61.7624743], [10.8253088, 61.7623083], [10.8251806, 61.7620505], [10.8251236, 61.7619148]]}, "properties": {"electrified": "no", "gauge": "1435", "maxspeed": "105", "name": "R\u00f8rosbanen", "operator": "Bane NOR", "passenger_lines": "1", "railway": "rail", "usage": "main", "length_km": 2.35, "maxspeed_kmh": 105.0}}, {"type": "Feature", "geometry": {"type": "LineString", "coordinates": [[10.6956647, 62.0784029], [10.6957383, 62.0783516]]}, "properties": {"bridge": "yes", "electrified": "no", "gauge": "1435", "maxspeed": "85", "name": "R\u00f8rosbanen", "operator": "Bane NOR", "passenger_lines": "1", "railway": "rail", "usage": "main", "length_km": 0.007, "maxspeed_kmh": 85.0}}, {"type": "Feature", "geometry": {"type": "LineString", "coordinates": [[10.6648875, 62.091116], [10.665149, 62.0910385]]}, "properties": {"bridge": "yes", "electrified": "no", "gauge": "1435", "maxspeed": "100", "name": "R\u00f8rosbanen", "operator": "Bane NOR", "passenger_lines": "1", "railway": "rail", "usage": "main", "length_km": 0.016, "maxspeed_kmh": 100.0}}, {"type": "Feature", "geometry": {"type": "LineString", "coordinates": [[10.6419614, 62.1032628], [10.6421354, 62.1031716], [10.6427612, 62.1028232], [10.6516005, 62.0978], [10.6518475, 62.097653], [10.6519393, 62.097604], [10.6525804, 62.0972323], [10.6527986, 62.0970985], [10.6532609, 62.0967922], [10.6534988, 62.0966158], [10.6537201, 62.0964408], [10.6539218, 62.0962709], [10.6541135, 62.0960975], [10.6543955, 62.0958163], [10.6545974, 62.0955869], [10.6547513, 62.0953942], [10.6548949, 62.0951978], [10.6550571, 62.0949713]]}, "properties": {"electrified": "no", "gauge": "1435", "maxspeed": "100", "name": "R\u00f8rosbanen", "operator": "Bane NOR", "passenger_lines": "1", "railway": "rail", "usage": "main", "length_km": 1.157, "maxspeed_kmh": 100.0}}, {"type": "Feature", "geometry": {"type": "LineString", "coordinates": [[10.6375625, 62.1052968], [10.6377924, 62.1051594], [10.6382123, 62.1049259], [10.6386473, 62.1047054], [10.6390687, 62.1045084], [10.6393119, 62.1044013], [10.6399798, 62.1041231], [10.6404162, 62.1039509], [10.6408112, 62.1037886], [10.6413085, 62.1035768], [10.6415827, 62.1034495], [10.641793, 62.103346]]}, "properties": {"electrified": "no", "gauge": "1435", "maxspeed": "100", "name": "R\u00f8rosbanen", "operator": "Bane NOR", "passenger_lines": "1", "railway": "rail", "usage": "main", "length_km": 0.311, "maxspeed_kmh": 100.0}}, {"type": "Feature", "geometry": {"type": "LineString", "coordinates": [[10.6374069, 62.1053947], [10.6375625, 62.1052968]]}, "properties": {"bridge": "yes", "electrified": "no", "gauge": "1435", "maxspeed": "100", "name": "R\u00f8rosbanen", "operator": "Bane NOR", "passenger_lines": "1", "railway": "rail", "usage": "main", "length_km": 0.014, "maxspeed_kmh": 100.0}}, {"type": "Feature", "geometry": {"type": "LineString", "coordinates": [[10.641793, 62.103346], [10.6419614, 62.1032628]]}, "properties": {"bridge": "yes", "electrified": "no", "gauge": "1435", "maxspeed": "100", "name": "R\u00f8rosbanen", "operator": "Bane NOR", "passenger_lines": "1", "railway": "rail", "usage": "main", "length_km": 0.013, "maxspeed_kmh": 100.0}}, {"type": "Feature", "geometry": {"type": "LineString", "coordinates": [[10.6353612, 62.1071845], [10.6355136, 62.1069997], [10.635698, 62.1067863], [10.6359215, 62.1065506], [10.6361447, 62.106335], [10.6363974, 62.1061179], [10.6366743, 62.1058992], [10.6369656, 62.1056869], [10.6371219, 62.1055795], [10.6374069, 62.1053947]]}, "properties": {"electrified": "no", "gauge": "1435", "maxspeed": "100", "name": "R\u00f8rosbanen", "operator": "Bane NOR", "passenger_lines": "1", "railway": "rail", "usage": "main", "length_km": 0.227, "maxspeed_kmh": 100.0}}, {"type": "Feature", "geometry": {"type": "LineString", "coordinates": [[11.0690825, 61.5381545], [11.0691223, 61.5379985]]}, "properties": {"bridge": "yes", "electrified": "no", "gauge": "1435", "maxspeed": "85", "name": "R\u00f8rosbanen", "operator": "Bane NOR", "passenger_lines": "1", "railway": "rail", "usage": "main", "length_km": 0.018, "maxspeed_kmh": 85.0}}, {"type": "Feature", "geometry": {"type": "LineString", "coordinates": [[11.0664727, 61.5423821], [11.066526, 61.5421497], [11.0667933, 61.5409774], [11.0668457, 61.5408112], [11.0669365, 61.540589], [11.0670219, 61.540431], [11.0671186, 61.5402861], [11.0672263, 61.5401511], [11.0674293, 61.5399437], [11.0677072, 61.5397055], [11.0681854, 61.5393175], [11.0683751, 61.5391572], [11.0685943, 61.5389448], [11.0687066, 61.5388194], [11.0688301, 61.5386516], [11.068946, 61.5384677], [11.0690083, 61.5383465], [11.0690825, 61.5381545]]}, "properties": {"electrified": "no", "gauge": "1435", "maxspeed": "85", "name": "R\u00f8rosbanen", "operator": "Bane NOR", "passenger_lines": "1", "railway": "rail", "usage": "main", "length_km": 0.498, "maxspeed_kmh": 85.0}}, {"type": "Feature", "geometry": {"type": "LineString", "coordinates": [[11.0672215, 61.5171501], [11.0672014, 61.5170292], [11.0671198, 61.516681], [11.0670688, 61.5165165], [11.0670019, 61.5162193], [11.0669904, 61.5160777], [11.066992, 61.5158674], [11.0670026, 61.5157972], [11.0670243, 61.5157281]]}, "properties": {"electrified": "no", "gauge": "1435", "maxspeed": "70", "name": "R\u00f8rosbanen", "operator": "Bane NOR", "passenger_lines": "1", "railway": "rail", "usage": "main", "length_km": 0.159, "maxspeed_kmh": 70.0}}, {"type": "Feature", "geometry": {"type": "LineString", "coordinates": [[11.0672256, 61.5172048], [11.0672215, 61.5171501]]}, "properties": {"bridge": "yes", "electrified": "no", "gauge": "1435", "maxspeed": "70", "name": "R\u00f8rosbanen", "operator": "Bane NOR", "passenger_lines": "1", "railway": "rail", "usage": "main", "length_km": 0.006, "maxspeed_kmh": 70.0}}, {"type": "Feature", "geometry": {"type": "LineString", "coordinates": [[11.0670243, 61.5157281], [11.0670816, 61.5155855], [11.067163, 61.5154178], [11.0672555, 61.5152406]]}, "properties": {"electrified": "no", "gauge": "1435", "maxspeed": "70", "name": "R\u00f8rosbanen", "operator": "Bane NOR", "passenger_lines": "1", "railway": "rail", "tunnel": "yes", "usage": "main", "length_km": 0.056, "maxspeed_kmh": 70.0}}, {"type": "Feature", "geometry": {"type": "LineString", "coordinates": [[11.0672555, 61.5152406], [11.0673856, 61.5150706], [11.0675254, 61.5149209], [11.0678124, 61.5146601], [11.0683536, 61.5142012], [11.0685481, 61.5140291], [11.0687527, 61.5138241], [11.0688868, 61.5136664], [11.0689757, 61.5135465], [11.0690139, 61.5134848]]}, "properties": {"electrified": "no", "gauge": "1435", "maxspeed": "70", "name": "R\u00f8rosbanen", "operator": "Bane NOR", "passenger_lines": "1", "railway": "rail", "usage": "main", "length_km": 0.217, "maxspeed_kmh": 70.0}}, {"type": "Feature", "geometry": {"type": "LineString", "coordinates": [[11.0690508, 61.5134257], [11.0690984, 61.5133358], [11.0691554, 61.513204], [11.0691979, 61.5130751], [11.0692303, 61.5129374], [11.0692448, 61.5127882], [11.0692482, 61.512646], [11.069221, 61.512449], [11.0691861, 61.5123117], [11.0691338, 61.5121667], [11.0690772, 61.5120508]]}, "properties": {"electrified": "no", "gauge": "1435", "maxspeed": "70", "name": "R\u00f8rosbanen", "operator": "Bane NOR", "passenger_lines": "1", "railway": "rail", "usage": "main", "length_km": 0.155, "maxspeed_kmh": 70.0}}, {"type": "Feature", "geometry": {"type": "LineString", "coordinates": [[11.0690139, 61.5134848], [11.0690508, 61.5134257]]}, "properties": {"bridge": "yes", "electrified": "no", "gauge": "1435", "maxspeed": "70", "name": "R\u00f8rosbanen", "operator": "Bane NOR", "passenger_lines": "1", "railway": "rail", "usage": "main", "length_km": 0.007, "maxspeed_kmh": 70.0}}, {"type": "Feature", "geometry": {"type": "LineString", "coordinates": [[11.0690334, 61.511973], [11.0689697, 61.511877], [11.0688684, 61.5117446], [11.0686605, 61.5115108]]}, "properties": {"electrified": "no", "gauge": "1435", "maxspeed": "70", "name": "R\u00f8rosbanen", "operator": "Bane NOR", "passenger_lines": "1", "railway": "rail", "usage": "main", "length_km": 0.055, "maxspeed_kmh": 70.0}}, {"type": "Feature", "geometry": {"type": "LineString", "coordinates": [[11.0690772, 61.5120508], [11.0690334, 61.511973]]}, "properties": {"bridge": "yes", "electrified": "no", "gauge": "1435", "maxspeed": "70", "name": "R\u00f8rosbanen", "operator": "Bane NOR", "passenger_lines": "1", "railway": "rail", "usage": "main", "length_km": 0.009, "maxspeed_kmh": 70.0}}, {"type": "Feature", "geometry": {"type": "LineString", "coordinates": [[11.0686605, 61.5115108], [11.0685935, 61.5114472]]}, "properties": {"bridge": "yes", "electrified": "no", "gauge": "1435", "maxspeed": "70", "name": "R\u00f8rosbanen", "operator": "Bane NOR", "passenger_lines": "1", "railway": "rail", "usage": "main", "length_km": 0.008, "maxspeed_kmh": 70.0}}, {"type": "Feature", "geometry": {"type": "LineString", "coordinates": [[11.0680073, 61.5311827], [11.0679186, 61.5311207], [11.067604, 61.5308907], [11.0673825, 61.5306965], [11.0672886, 61.5305971], [11.0671768, 61.5304553], [11.0670991, 61.5303381], [11.0670377, 61.5302215], [11.0669764, 61.5300624], [11.0669449, 61.5299202], [11.0669326, 61.5297973], [11.0669378, 61.5296412], [11.0669686, 61.5294847], [11.0670269, 61.5293175], [11.067109, 61.5291401], [11.0673651, 61.5286812], [11.0674546, 61.5285043], [11.0675328, 61.5282995], [11.0675893, 61.5281058], [11.0676114, 61.5279541], [11.0676245, 61.5278086], [11.0676241, 61.5276819], [11.0676139, 61.5275564], [11.0675907, 61.5274051], [11.0675535, 61.5272622], [11.0675007, 61.5271043], [11.0674459, 61.5269698], [11.0673708, 61.5268194], [11.0670519, 61.5262323], [11.0669516, 61.5260275], [11.0669016, 61.5258692], [11.0668533, 61.5256629], [11.0668313, 61.5254302], [11.0668532, 61.5249144], [11.066852, 61.524714], [11.0668392, 61.5245587], [11.066809, 61.5243724], [11.0667477, 61.5241502], [11.0665712, 61.5236267], [11.0663843, 61.5230154], [11.0662895, 61.52262], [11.0662194, 61.5223649], [11.066142, 61.5221562], [11.0658476, 61.5216033], [11.0657682, 61.5214319], [11.065727, 61.5213183], [11.0656909, 61.5211889], [11.0656686, 61.5210315], [11.0656611, 61.520884], [11.0656819, 61.5206735], [11.0657487, 61.5204421], [11.065867, 61.5201851], [11.0662863, 61.5195381], [11.0663704, 61.5193867], [11.0664574, 61.519199], [11.0666381, 61.518706], [11.0667605, 61.5184361], [11.0669774, 61.5180533], [11.0670894, 61.5178234], [11.0671563, 61.5176611], [11.0672116, 61.5174328], [11.0672222, 61.5173324], [11.0672256, 61.5172048]]}, "properties": {"electrified": "no", "gauge": "1435", "maxspeed": "70", "name": "R\u00f8rosbanen", "operator": "Bane NOR", "passenger_lines": "1", "railway": "rail", "usage": "main", "length_km": 1.594, "maxspeed_kmh": 70.0}}, {"type": "Feature", "geometry": {"type": "LineString", "coordinates": [[11.0657155, 61.4447533], [11.0663033, 61.4444025], [11.0665201, 61.4442582], [11.0668411, 61.4440344], [11.0670548, 61.4438791], [11.0673512, 61.4436497], [11.0678176, 61.4432621], [11.069042, 61.4422127], [11.0694408, 61.4418793], [11.0698285, 61.4415442], [11.0701966, 61.4412149], [11.0703978, 61.4410188], [11.0705851, 61.4408037], [11.0707308, 61.4406167], [11.0709231, 61.440312], [11.071016, 61.4401399], [11.0721752, 61.437858], [11.072304, 61.4376169], [11.0724459, 61.4374068], [11.0727376, 61.4370575], [11.0731092, 61.436686], [11.0734863, 61.4363441], [11.0740069, 61.4359135]]}, "properties": {"electrified": "no", "gauge": "1435", "maxspeed": "100", "name": "R\u00f8rosbanen", "operator": "Bane NOR", "passenger_lines": "1", "railway": "rail", "usage": "main", "length_km": 1.09, "maxspeed_kmh": 100.0}}, {"type": "Feature", "geometry": {"type": "LineString", "coordinates": [[11.0655438, 61.4448482], [11.0657155, 61.4447533]]}, "properties": {"bridge": "yes", "electrified": "no", "gauge": "1435", "maxspeed": "100", "name": "R\u00f8rosbanen", "operator": "Bane NOR", "passenger_lines": "1", "railway": "rail", "usage": "main", "length_km": 0.014, "maxspeed_kmh": 100.0}}, {"type": "Feature", "geometry": {"type": "LineString", "coordinates": [[11.0740069, 61.4359135], [11.0740571, 61.4358718]]}, "properties": {"bridge": "yes", "electrified": "no", "gauge": "1435", "maxspeed": "100", "name": "R\u00f8rosbanen", "operator": "Bane NOR", "passenger_lines": "1", "railway": "rail", "usage": "main", "length_km": 0.005, "maxspeed_kmh": 100.0}}, {"type": "Feature", "geometry": {"type": "LineString", "coordinates": [[11.0503544, 61.4517794], [11.050407, 61.4516683], [11.051207, 61.4501597], [11.0513598, 61.4499356], [11.0514975, 61.4497671], [11.0516603, 61.4496032], [11.0518897, 61.4494083], [11.0521309, 61.4492366], [11.0524041, 61.4490774], [11.0527341, 61.4489236], [11.0531992, 61.4487467], [11.0535177, 61.4486549], [11.0539368, 61.4485544], [11.0543142, 61.4484847], [11.054746, 61.4484246], [11.0551022, 61.4483801], [11.0562947, 61.4482619], [11.0567013, 61.4482168], [11.0570104, 61.448173], [11.057318, 61.4481214], [11.0576115, 61.4480657], [11.0579425, 61.4479894], [11.0582625, 61.4478975], [11.0585182, 61.4478191], [11.0588503, 61.4476942], [11.0591922, 61.447559], [11.0592771, 61.4475267]]}, "properties": {"electrified": "no", "gauge": "1435", "maxspeed": "75", "name": "R\u00f8rosbanen", "operator": "Bane NOR", "passenger_lines": "1", "railway": "rail", "usage": "main", "length_km": 0.736, "maxspeed_kmh": 75.0}}, {"type": "Feature", "geometry": {"type": "LineString", "coordinates": [[11.1474048, 61.3944042], [11.147489, 61.3942229], [11.1475888, 61.394042], [11.1476912, 61.3938885], [11.1478446, 61.3937035], [11.1479581, 61.3935859], [11.1481257, 61.3934363], [11.1483606, 61.3932561], [11.1485396, 61.393139], [11.1487267, 61.3930306], [11.1489397, 61.3929184], [11.1491557, 61.3928186], [11.149422, 61.3927045], [11.1497401, 61.3925808], [11.1508625, 61.3921598], [11.1524738, 61.3915189], [11.1528461, 61.3913808], [11.1546538, 61.3907435], [11.1550559, 61.390606], [11.1553763, 61.3905028], [11.1555313, 61.3904577], [11.155678, 61.390416], [11.1559891, 61.3903377], [11.1572821, 61.390055], [11.1576153, 61.3899765], [11.1577796, 61.3899335], [11.157981, 61.389879], [11.1581634, 61.3898244], [11.1585074, 61.3897109], [11.1586685, 61.3896516], [11.1590429, 61.3894999], [11.1593592, 61.3893542], [11.1596655, 61.389213]]}, "properties": {"electrified": "no", "gauge": "1435", "maxspeed": "85", "name": "R\u00f8rosbanen", "operator": "Bane NOR", "passenger_lines": "1", "railway": "rail", "usage": "main", "length_km": 0.897, "maxspeed_kmh": 85.0}}, {"type": "Feature", "geometry": {"type": "LineString", "coordinates": [[11.1473693, 61.3944877], [11.1474048, 61.3944042]]}, "properties": {"bridge": "yes", "electrified": "no", "gauge": "1435", "maxspeed": "85", "name": "R\u00f8rosbanen", "operator": "Bane NOR", "passenger_lines": "1", "railway": "rail", "usage": "main", "length_km": 0.009, "maxspeed_kmh": 85.0}}, {"type": "Feature", "geometry": {"type": "LineString", "coordinates": [[11.2049986, 61.3723602], [11.2097852, 61.3706368], [11.2116196, 61.3699734]]}, "properties": {"electrified": "no", "gauge": "1435", "maxspeed": "130", "name": "R\u00f8rosbanen", "operator": "Bane NOR", "passenger_lines": "1", "railway": "rail", "usage": "main", "length_km": 0.443, "maxspeed_kmh": 130.0}}, {"type": "Feature", "geometry": {"type": "LineString", "coordinates": [[11.2047813, 61.3724386], [11.2049986, 61.3723602]]}, "properties": {"bridge": "yes", "electrified": "no", "gauge": "1435", "maxspeed": "130", "name": "R\u00f8rosbanen", "operator": "Bane NOR", "passenger_lines": "1", "railway": "rail", "usage": "main", "length_km": 0.015, "maxspeed_kmh": 130.0}}, {"type": "Feature", "geometry": {"type": "LineString", "coordinates": [[11.2117591, 61.369923], [11.2134207, 61.3693228], [11.2135501, 61.3692792], [11.215784, 61.3684744]]}, "properties": {"electrified": "no", "gauge": "1435", "maxspeed": "130", "name": "R\u00f8rosbanen", "operator": "Bane NOR", "passenger_lines": "1", "railway": "rail", "usage": "main", "length_km": 0.269, "maxspeed_kmh": 130.0}}, {"type": "Feature", "geometry": {"type": "LineString", "coordinates": [[11.2116196, 61.3699734], [11.2117591, 61.369923]]}, "properties": {"bridge": "yes", "electrified": "no", "gauge": "1435", "maxspeed": "130", "name": "R\u00f8rosbanen", "operator": "Bane NOR", "passenger_lines": "1", "railway": "rail", "usage": "main", "length_km": 0.009, "maxspeed_kmh": 130.0}}, {"type": "Feature", "geometry": {"type": "LineString", "coordinates": [[11.2166225, 61.3681723], [11.217162, 61.3679662], [11.2175527, 61.3678073], [11.2179304, 61.3676406], [11.2183113, 61.3674602], [11.218656, 61.3672854], [11.2190209, 61.3670821], [11.2193448, 61.3668839], [11.2196431, 61.3666833], [11.2197936, 61.3665767], [11.2200616, 61.3663687], [11.2203041, 61.3661625], [11.2205067, 61.3659714], [11.2207091, 61.3657593], [11.2208188, 61.365634], [11.2209225, 61.3655094], [11.2210962, 61.3652762], [11.2212833, 61.3649796], [11.2214025, 61.3647477], [11.2214945, 61.3645281], [11.2215315, 61.3644303], [11.221597, 61.3642166], [11.2216996, 61.3637757]]}, "properties": {"electrified": "no", "gauge": "1435", "maxspeed": "115", "name": "R\u00f8rosbanen", "operator": "Bane NOR", "passenger_lines": "1", "railway": "rail", "usage": "main", "length_km": 0.579, "maxspeed_kmh": 115.0}}, {"type": "Feature", "geometry": {"type": "LineString", "coordinates": [[11.2164845, 61.368222], [11.2166225, 61.3681723]]}, "properties": {"bridge": "yes", "electrified": "no", "gauge": "1435", "maxspeed": "115", "name": "R\u00f8rosbanen", "operator": "Bane NOR", "passenger_lines": "1", "railway": "rail", "usage": "main", "length_km": 0.009, "maxspeed_kmh": 115.0}}, {"type": "Feature", "geometry": {"type": "LineString", "coordinates": [[11.2573097, 61.3365539], [11.2576049, 61.336098], [11.2578767, 61.3357362], [11.2580004, 61.3355825], [11.2583893, 61.3351569], [11.2586486, 61.3348618], [11.2588918, 61.33454], [11.2592376, 61.3339934]]}, "properties": {"electrified": "no", "gauge": "1435", "maxspeed": "110", "name": "R\u00f8rosbanen", "operator": "Bane NOR", "passenger_lines": "1", "railway": "rail", "usage": "main", "length_km": 0.304, "maxspeed_kmh": 110.0}}, {"type": "Feature", "geometry": {"type": "LineString", "coordinates": [[11.2572846, 61.3365927], [11.2573097, 61.3365539]]}, "properties": {"bridge": "yes", "electrified": "no", "gauge": "1435", "maxspeed": "110", "name": "R\u00f8rosbanen", "operator": "Bane NOR", "passenger_lines": "1", "railway": "rail", "usage": "main", "length_km": 0.005, "maxspeed_kmh": 110.0}}, {"type": "Feature", "geometry": {"type": "LineString", "coordinates": [[11.264436, 61.326011], [11.2644648, 61.3259666]]}, "properties": {"bridge": "yes", "electrified": "no", "gauge": "1435", "maxspeed": "130", "name": "R\u00f8rosbanen", "operator": "Bane NOR", "passenger_lines": "1", "railway": "rail", "usage": "main", "length_km": 0.005, "maxspeed_kmh": 130.0}}, {"type": "Feature", "geometry": {"type": "LineString", "coordinates": [[11.2636376, 61.3272304], [11.264436, 61.326011]]}, "properties": {"electrified": "no", "gauge": "1435", "maxspeed": "130", "name": "R\u00f8rosbanen", "operator": "Bane NOR", "passenger_lines": "1", "railway": "rail", "usage": "main", "length_km": 0.142, "maxspeed_kmh": 130.0}}, {"type": "Feature", "geometry": {"type": "LineString", "coordinates": [[11.2675802, 61.3197754], [11.2676121, 61.3196706]]}, "properties": {"bridge": "yes", "electrified": "no", "gauge": "1435", "maxspeed": "130", "name": "R\u00f8rosbanen", "operator": "Bane NOR", "passenger_lines": "1", "railway": "rail", "usage": "main", "length_km": 0.012, "maxspeed_kmh": 130.0}}, {"type": "Feature", "geometry": {"type": "LineString", "coordinates": [[11.2644648, 61.3259666], [11.26574, 61.3240196], [11.2661429, 61.3234008], [11.2663725, 61.3230321], [11.266519, 61.3227758], [11.2667357, 61.3223381], [11.266894, 61.3219634], [11.2670308, 61.3215807], [11.2675802, 61.3197754]]}, "properties": {"electrified": "no", "gauge": "1435", "maxspeed": "130", "name": "R\u00f8rosbanen", "operator": "Bane NOR", "passenger_lines": "1", "railway": "rail", "usage": "main", "length_km": 0.712, "maxspeed_kmh": 130.0}}, {"type": "Feature", "geometry": {"type": "LineString", "coordinates": [[11.2845016, 61.2921143], [11.2845428, 61.2920643]]}, "properties": {"bridge": "yes", "electrified": "no", "gauge": "1435", "maxspeed": "130", "name": "R\u00f8rosbanen", "operator": "Bane NOR", "passenger_lines": "1", "railway": "rail", "usage": "main", "length_km": 0.006, "maxspeed_kmh": 130.0}}, {"type": "Feature", "geometry": {"type": "LineString", "coordinates": [[11.2676121, 61.3196706], [11.2678416, 61.3189155], [11.2688673, 61.3155126], [11.2696288, 61.3129852], [11.2699633, 61.3118976], [11.2702334, 61.3112104], [11.2703953, 61.3108609], [11.2705434, 61.3105686], [11.2707697, 61.3101649], [11.2709627, 61.3098504], [11.2711542, 61.3095632], [11.2715568, 61.3089971], [11.2745407, 61.3049138], [11.2749127, 61.3043825], [11.275105, 61.3040897], [11.2754093, 61.3035933], [11.2757319, 61.3030123], [11.2759509, 61.3025791], [11.2763965, 61.3016468], [11.2765149, 61.30141], [11.2767769, 61.3009223], [11.2769802, 61.3005819], [11.2773327, 61.3000457], [11.2775017, 61.2998093], [11.2777323, 61.2995049], [11.2778547, 61.2993513], [11.2780082, 61.2991615], [11.2783398, 61.2987747], [11.2785353, 61.2985584], [11.2789359, 61.2981403], [11.2791511, 61.2979277], [11.279648, 61.2974633], [11.2809269, 61.2963051], [11.2812755, 61.2959609], [11.2815162, 61.2957045], [11.2819753, 61.2951669], [11.2845016, 61.2921143]]}, "properties": {"electrified": "no", "gauge": "1435", "maxspeed": "130", "name": "R\u00f8rosbanen", "operator": "Bane NOR", "passenger_lines": "1", "railway": "rail", "usage": "main", "length_km": 3.22, "maxspeed_kmh": 130.0}}, {"type": "Feature", "geometry": {"type": "LineString", "coordinates": [[11.3651589, 61.1515068], [11.3652364, 61.1513808]]}, "properties": {"bridge": "yes", "electrified": "no", "gauge": "1435", "maxspeed": "130", "name": "R\u00f8rosbanen", "operator": "Bane NOR", "passenger_lines": "1", "railway": "rail", "usage": "main", "length_km": 0.015, "maxspeed_kmh": 130.0}}, {"type": "Feature", "geometry": {"type": "LineString", "coordinates": [[11.3588447, 61.1587042], [11.3601798, 61.1576636], [11.3604496, 61.1574533], [11.3609325, 61.1570515], [11.3614135, 61.1566173], [11.3617604, 61.1562846], [11.3620166, 61.1560269], [11.3623252, 61.1556988], [11.3625901, 61.1553965], [11.362869, 61.1550544], [11.363072, 61.1547942], [11.3632856, 61.1545036], [11.3634718, 61.1542291], [11.3637281, 61.153827], [11.3651589, 61.1515068]]}, "properties": {"electrified": "no", "gauge": "1435", "maxspeed": "130", "name": "R\u00f8rosbanen", "operator": "Bane NOR", "passenger_lines": "1", "railway": "rail", "usage": "main", "length_km": 0.876, "maxspeed_kmh": 130.0}}, {"type": "Feature", "geometry": {"type": "LineString", "coordinates": [[11.370792, 61.1434978], [11.3709541, 61.1432969], [11.371054, 61.1431648], [11.3712468, 61.1428782], [11.3713936, 61.1426169], [11.3714961, 61.1423834], [11.371551, 61.1422381], [11.3716295, 61.1419522], [11.3716757, 61.1416394], [11.3716858, 61.1414915], [11.3716839, 61.1413347], [11.3716572, 61.1410779], [11.3716048, 61.1408203], [11.3715483, 61.1406364], [11.3714313, 61.1403597], [11.3712855, 61.1400863], [11.3710346, 61.1396536], [11.3709058, 61.1394063], [11.3708552, 61.1392907], [11.3708103, 61.1391623], [11.3707785, 61.1390628], [11.3707544, 61.1389522], [11.3707193, 61.1386905], [11.370715, 61.1385442], [11.3707379, 61.1378706], [11.3707314, 61.1376879], [11.3707142, 61.1375125], [11.370696, 61.1374104], [11.3706515, 61.1372137], [11.3706188, 61.1371051], [11.3705502, 61.136913], [11.3704758, 61.1367276]]}, "properties": {"electrified": "no", "gauge": "1435", "maxspeed": "100", "name": "R\u00f8rosbanen", "operator": "Bane NOR", "passenger_lines": "1", "railway": "rail", "usage": "main", "length_km": 0.768, "maxspeed_kmh": 100.0}}, {"type": "Feature", "geometry": {"type": "LineString", "coordinates": [[11.3587696, 61.1587624], [11.3588447, 61.1587042]]}, "properties": {"bridge": "yes", "electrified": "no", "gauge": "1435", "maxspeed": "130", "name": "R\u00f8rosbanen", "operator": "Bane NOR", "passenger_lines": "1", "railway": "rail", "usage": "main", "length_km": 0.008, "maxspeed_kmh": 130.0}}, {"type": "Feature", "geometry": {"type": "LineString", "coordinates": [[11.3585524, 61.1589319], [11.3587696, 61.1587624]]}, "properties": {"electrified": "no", "gauge": "1435", "maxspeed": "130", "name": "R\u00f8rosbanen", "operator": "Bane NOR", "passenger_lines": "1", "railway": "rail", "usage": "main", "length_km": 0.022, "maxspeed_kmh": 130.0}}, {"type": "Feature", "geometry": {"type": "LineString", "coordinates": [[11.3584109, 61.1590419], [11.3585524, 61.1589319]]}, "properties": {"bridge": "yes", "electrified": "no", "gauge": "1435", "maxspeed": "130", "name": "R\u00f8rosbanen", "operator": "Bane NOR", "passenger_lines": "1", "railway": "rail", "usage": "main", "length_km": 0.014, "maxspeed_kmh": 130.0}}, {"type": "Feature", "geometry": {"type": "LineString", "coordinates": [[11.3366816, 61.2039722], [11.3367151, 61.2039164]]}, "properties": {"bridge": "yes", "electrified": "no", "gauge": "1435", "name": "R\u00f8rosbanen", "operator": "Bane NOR", "passenger_lines": "1", "railway": "rail", "usage": "main", "length_km": 0.006}}, {"type": "Feature", "geometry": {"type": "LineString", "coordinates": [[11.3365284, 61.2149996], [11.3369274, 61.2138329], [11.3370688, 61.2133564], [11.3371797, 61.2128604], [11.3372606, 61.2123189], [11.3372782, 61.2121198], [11.3372941, 61.2116064], [11.3372906, 61.2113875], [11.337265, 61.2109649], [11.3372409, 61.2107456], [11.3371712, 61.2102998]]}, "properties": {"electrified": "no", "gauge": "1435", "maxspeed": "130", "name": "R\u00f8rosbanen", "operator": "Bane NOR", "passenger_lines": "1", "railway": "rail", "usage": "main", "length_km": 0.527, "maxspeed_kmh": 130.0}}, {"type": "Feature", "geometry": {"type": "LineString", "coordinates": [[11.3181453, 61.2572735], [11.3181764, 61.25718]]}, "properties": {"bridge": "yes", "electrified": "no", "gauge": "1435", "maxspeed": "110", "name": "R\u00f8rosbanen", "operator": "Bane NOR", "passenger_lines": "1", "railway": "rail", "usage": "main", "length_km": 0.011, "maxspeed_kmh": 110.0}}, {"type": "Feature", "geometry": {"type": "LineString", "coordinates": [[11.3180776, 61.2582145], [11.3180606, 61.2580447], [11.3180561, 61.2578468], [11.3180701, 61.2576468], [11.3180862, 61.2575245], [11.3181453, 61.2572735]]}, "properties": {"electrified": "no", "gauge": "1435", "maxspeed": "110", "name": "R\u00f8rosbanen", "operator": "Bane NOR", "passenger_lines": "1", "railway": "rail", "usage": "main", "length_km": 0.105, "maxspeed_kmh": 110.0}}, {"type": "Feature", "geometry": {"type": "LineString", "coordinates": [[11.3181002, 61.2583411], [11.3180776, 61.2582145]]}, "properties": {"bridge": "yes", "electrified": "no", "gauge": "1435", "maxspeed": "110", "name": "R\u00f8rosbanen", "operator": "Bane NOR", "passenger_lines": "1", "railway": "rail", "usage": "main", "length_km": 0.014, "maxspeed_kmh": 110.0}}, {"type": "Feature", "geometry": {"type": "LineString", "coordinates": [[11.3184366, 61.2592384], [11.3183567, 61.2590636], [11.3182165, 61.2587327], [11.3181393, 61.2585047], [11.3181002, 61.2583411]]}, "properties": {"electrified": "no", "gauge": "1435", "maxspeed": "110", "name": "R\u00f8rosbanen", "operator": "Bane NOR", "passenger_lines": "1", "railway": "rail", "usage": "main", "length_km": 0.102, "maxspeed_kmh": 110.0}}, {"type": "Feature", "geometry": {"type": "LineString", "coordinates": [[11.3391075, 61.1998914], [11.3419022, 61.195189], [11.3421241, 61.1947889], [11.3422846, 61.1944654], [11.3423675, 61.1942823], [11.3425189, 61.1939148], [11.3426531, 61.1935258], [11.3427304, 61.1932737], [11.3428312, 61.1928704], [11.3428665, 61.1926959], [11.3454083, 61.1791563], [11.3455474, 61.1785306], [11.3457432, 61.1777416], [11.3458007, 61.1775309], [11.3458982, 61.1772504], [11.3460111, 61.1769749], [11.3461931, 61.1765993], [11.3463481, 61.176319], [11.3465621, 61.1759675], [11.3468341, 61.1755781], [11.347063, 61.1752819], [11.3473487, 61.1749396], [11.347844, 61.174414], [11.3481812, 61.1740887], [11.3486672, 61.1736601], [11.3497192, 61.1727527], [11.3500709, 61.1724303], [11.350388, 61.1721187], [11.35064, 61.1718482], [11.3509664, 61.1714716], [11.351223, 61.1711463], [11.3514239, 61.1708669], [11.3516133, 61.1705807], [11.3518613, 61.1701662], [11.3520227, 61.1698585], [11.3521569, 61.1695725], [11.3526862, 61.1682778], [11.3531371, 61.1671623], [11.3544099, 61.1639992], [11.3546373, 61.1634839], [11.3548558, 61.163055], [11.3550737, 61.1626766], [11.3553363, 61.1622607], [11.355685, 61.1617638], [11.3557947, 61.161616], [11.3560648, 61.1612751], [11.3563206, 61.1609845], [11.3564002, 61.1608941], [11.3568584, 61.1604065], [11.3572829, 61.1599984], [11.3577691, 61.159566], [11.3580881, 61.159302], [11.3584109, 61.1590419]]}, "properties": {"electrified": "no", "gauge": "1435", "maxspeed": "130", "name": "R\u00f8rosbanen", "operator": "Bane NOR", "passenger_lines": "1", "railway": "rail", "usage": "main", "length_km": 4.71, "maxspeed_kmh": 130.0}}, {"type": "Feature", "geometry": {"type": "LineString", "coordinates": [[11.2920123, 61.2853722], [11.2923084, 61.2851212], [11.2926133, 61.2848711], [11.2929089, 61.2846567], [11.2930665, 61.2845499], [11.2932563, 61.2844273], [11.2936341, 61.2842007], [11.2940988, 61.2839487], [11.2944683, 61.2837668], [11.2949252, 61.2835622], [11.2952865, 61.2834123], [11.2956698, 61.2832661], [11.2960401, 61.2831351], [11.2964645, 61.2829944], [11.2977685, 61.2825755], [11.2980132, 61.2824897], [11.2984463, 61.2823207], [11.2988073, 61.2821631], [11.2991653, 61.2819877], [11.2994581, 61.281827], [11.2997798, 61.2816357], [11.3000525, 61.281454]]}, "properties": {"electrified": "no", "gauge": "1435", "maxspeed": "110", "name": "R\u00f8rosbanen", "operator": "Bane NOR", "passenger_lines": "1", "railway": "rail", "usage": "main", "length_km": 0.621, "maxspeed_kmh": 110.0}}, {"type": "Feature", "geometry": {"type": "LineString", "coordinates": [[11.0645452, 61.503775], [11.0644764, 61.5036582], [11.0644008, 61.5034887], [11.064347, 61.5033225], [11.0642213, 61.5027331], [11.0641812, 61.5025912], [11.0640971, 61.5023904], [11.064045, 61.5022911], [11.0639629, 61.5021581], [11.0638687, 61.5020297], [11.0637531, 61.5018927], [11.0636466, 61.5017867], [11.0634917, 61.5016473], [11.0633471, 61.5015288], [11.0631541, 61.5013897], [11.0629245, 61.5012355], [11.0624011, 61.500897], [11.0622414, 61.5007832], [11.0620261, 61.5006084], [11.0617771, 61.5003621], [11.0616317, 61.5001694], [11.0615317, 61.500018], [11.0614702, 61.4998896], [11.0614126, 61.4997404], [11.0613822, 61.4996369], [11.061358, 61.4994922], [11.061349, 61.4993388], [11.0613534, 61.4992047], [11.0613973, 61.4989733], [11.061567, 61.4984204], [11.0616355, 61.4981225], [11.0616464, 61.4979325], [11.0616375, 61.4977782], [11.0615828, 61.4975399], [11.0615005, 61.4973391], [11.061401, 61.4971689], [11.061176, 61.4968809], [11.0610316, 61.4967404], [11.0608511, 61.4965775], [11.0600673, 61.4959627], [11.0598582, 61.4957747], [11.05973, 61.4956465], [11.0594657, 61.4953377], [11.0593178, 61.4951189], [11.0592293, 61.4949453], [11.0591127, 61.4946754], [11.0590016, 61.4943062], [11.0587844, 61.4935889], [11.0567389, 61.4867097], [11.0566257, 61.4863581], [11.0565049, 61.4860338], [11.0564302, 61.4858867], [11.0563186, 61.4857064], [11.0562219, 61.4855766], [11.0560884, 61.4854228], [11.0559663, 61.4853006], [11.0558353, 61.4851857], [11.0556322, 61.4850276], [11.0552563, 61.4847903], [11.055017, 61.4846651], [11.054749, 61.4845373], [11.0545209, 61.4844415], [11.0542373, 61.4843337], [11.0537747, 61.4841879], [11.0533928, 61.4840878], [11.0530758, 61.4840166], [11.0527067, 61.4839426], [11.0522842, 61.4838667], [11.0511276, 61.4836899], [11.0509139, 61.4836594], [11.0506751, 61.483628]]}, "properties": {"electrified": "no", "gauge": "1435", "maxspeed": "85", "name": "R\u00f8rosbanen", "operator": "Bane NOR", "passenger_lines": "1", "railway": "rail", "usage": "main", "length_km": 2.492, "maxspeed_kmh": 85.0}}, {"type": "Feature", "geometry": {"type": "LineString", "coordinates": [[11.0530055, 61.5648438], [11.0530758, 61.5645433], [11.0531247, 61.5643743], [11.0531742, 61.5642032], [11.0532963, 61.5638172], [11.0533648, 61.5635689], [11.0534005, 61.5633971], [11.0534127, 61.5631617], [11.0533963, 61.5629918], [11.0533675, 61.5628596], [11.0533259, 61.5627373], [11.0532672, 61.5626082], [11.0531382, 61.5623878], [11.0530472, 61.5622619], [11.0528885, 61.5620886], [11.0527536, 61.5619534], [11.0522302, 61.5614746], [11.0520841, 61.5613241], [11.0519805, 61.5612036], [11.0518902, 61.5610805], [11.0518082, 61.560938], [11.0517344, 61.5607653], [11.0516779, 61.5605704], [11.0516539, 61.5603277], [11.0516574, 61.5601869], [11.0516817, 61.5600353], [11.0517291, 61.559866], [11.0517726, 61.5597553], [11.0520109, 61.5592527], [11.0521048, 61.5590149], [11.0521404, 61.5588963], [11.0521579, 61.5588103], [11.0521681, 61.5586002], [11.0521483, 61.5584207], [11.052118, 61.5582772], [11.052069, 61.5581369], [11.0520055, 61.5580026], [11.051842, 61.5577306], [11.0514299, 61.5571518], [11.0513678, 61.5570492], [11.051299, 61.5569108], [11.0512242, 61.5567194], [11.0511877, 61.5565349], [11.0511798, 61.5564064], [11.0511807, 61.5562602], [11.051198, 61.5561082], [11.0512633, 61.5558721], [11.0513706, 61.5556402], [11.0514654, 61.5554858], [11.051582, 61.5553303], [11.0516962, 61.5552036], [11.0518693, 61.5550359], [11.0520272, 61.5549074], [11.0522927, 61.5547087], [11.0531442, 61.5541226], [11.053532, 61.5538473], [11.0538341, 61.5536187], [11.0542823, 61.5532537], [11.0544844, 61.5530794], [11.054681, 61.5528962], [11.0549012, 61.5526841], [11.0551314, 61.5524401], [11.0554401, 61.5520901], [11.0555914, 61.5519072], [11.055918, 61.5514663], [11.0563978, 61.5507921], [11.0565427, 61.5506095], [11.0566964, 61.5504427], [11.0568248, 61.550325], [11.0570862, 61.5501193], [11.0572284, 61.5500212], [11.0574674, 61.5498755], [11.0576564, 61.5497712], [11.0578961, 61.5496519], [11.0581457, 61.5495421], [11.0583419, 61.5494632], [11.0586602, 61.5493502], [11.0598477, 61.548976], [11.0600591, 61.5489036], [11.0603065, 61.548808], [11.0605972, 61.5486785], [11.0608436, 61.5485511], [11.061118, 61.548389], [11.0613585, 61.5482217], [11.0615844, 61.5480373], [11.0617208, 61.5479039], [11.0618412, 61.5477719], [11.0619505, 61.5476247], [11.0620405, 61.5474742], [11.0621407, 61.5472797], [11.062327, 61.5468684], [11.062476, 61.5465974], [11.0625547, 61.5464849], [11.0626567, 61.5463632], [11.0627715, 61.546241], [11.0628909, 61.546132], [11.0630463, 61.546007], [11.0631992, 61.5458939], [11.0634388, 61.5457385], [11.0637688, 61.5455557], [11.0647925, 61.5450451], [11.0649666, 61.5449486], [11.065148, 61.5448381], [11.0653083, 61.5447302], [11.0654784, 61.5445962], [11.0656455, 61.5444488], [11.0658102, 61.5442741], [11.0659561, 61.5440856], [11.06606, 61.5439099], [11.0661426, 61.5437318], [11.0661945, 61.543575], [11.0662476, 61.5433805], [11.0664727, 61.5423821]]}, "properties": {"electrified": "no", "gauge": "1435", "maxspeed": "85", "name": "R\u00f8rosbanen", "operator": "Bane NOR", "passenger_lines": "1", "railway": "rail", "usage": "main", "length_km": 2.781, "maxspeed_kmh": 85.0}}, {"type": "Feature", "geometry": {"type": "LineString", "coordinates": [[11.2636376, 61.3272304], [11.2621374, 61.3295115], [11.2612489, 61.3308791], [11.2606781, 61.3317524], [11.2594778, 61.3336137]]}, "properties": {"electrified": "no", "gauge": "1435", "maxspeed": "130", "name": "R\u00f8rosbanen", "operator": "Bane NOR", "passenger_lines": "1", "railway": "rail", "usage": "main", "length_km": 0.745, "maxspeed_kmh": 130.0}}, {"type": "Feature", "geometry": {"type": "LineString", "coordinates": [[11.3494727, 61.0665774], [11.349408, 61.0663464], [11.3493828, 61.0662271], [11.349359, 61.0660404], [11.3493485, 61.0658265], [11.3493608, 61.0656503], [11.3493893, 61.0654616], [11.3494289, 61.0652902], [11.3494968, 61.0650963], [11.3495667, 61.0649288], [11.3496626, 61.064747], [11.3497709, 61.0645661], [11.3498999, 61.064386], [11.3500638, 61.0641886], [11.3503702, 61.0638441], [11.3519957, 61.0620614]]}, "properties": {"electrified": "no", "gauge": "1435", "maxspeed": "90", "name": "R\u00f8rosbanen", "operator": "Bane NOR", "passenger_lines": "1", "railway": "rail", "usage": "main", "length_km": 0.531, "maxspeed_kmh": 90.0}}, {"type": "Feature", "geometry": {"type": "LineString", "coordinates": [[11.3494979, 61.0666435], [11.3494727, 61.0665774]]}, "properties": {"bridge": "yes", "electrified": "no", "gauge": "1435", "maxspeed": "90", "name": "R\u00f8rosbanen", "operator": "Bane NOR", "passenger_lines": "1", "railway": "rail", "usage": "main", "length_km": 0.007, "maxspeed_kmh": 90.0}}, {"type": "Feature", "geometry": {"type": "LineString", "coordinates": [[11.5415066, 60.8892573], [11.5418197, 60.8890366], [11.542394, 60.8886321], [11.5431882, 60.8880742], [11.5433646, 60.8879437], [11.5435202, 60.8878296], [11.5436328, 60.8877379], [11.5437636, 60.8876162], [11.5438896, 60.8874811], [11.5439681, 60.8873839], [11.5440512, 60.8872668], [11.5441203, 60.8871523], [11.5442041, 60.8869852], [11.5443168, 60.8867389], [11.5444817, 60.8863787], [11.5447768, 60.8857286], [11.5450865, 60.8850486], [11.5452368, 60.8847207], [11.5452982, 60.8845858], [11.5456961, 60.8837112], [11.5460413, 60.8829542], [11.5460888, 60.8828494], [11.5461925, 60.8826219], [11.5463991, 60.8821696], [11.5465635, 60.8818094], [11.5466066, 60.8817173], [11.5468136, 60.8812642], [11.5469403, 60.8809852]]}, "properties": {"electrified": "no", "gauge": "1435", "maxspeed": "75", "name": "R\u00f8rosbanen", "operator": "Bane NOR", "passenger_lines": "1", "railway": "rail", "usage": "main", "length_km": 0.98, "maxspeed_kmh": 75.0}}, {"type": "Feature", "geometry": {"type": "LineString", "coordinates": [[11.3519957, 61.0620614], [11.3520745, 61.0619751]]}, "properties": {"bridge": "yes", "electrified": "no", "gauge": "1435", "maxspeed": "90", "name": "R\u00f8rosbanen", "operator": "Bane NOR", "passenger_lines": "1", "railway": "rail", "usage": "main", "length_km": 0.011, "maxspeed_kmh": 90.0}}, {"type": "Feature", "geometry": {"type": "LineString", "coordinates": [[11.351926, 61.0750195], [11.3518703, 61.0748748], [11.3517152, 61.0745629], [11.3514802, 61.0741829], [11.3512761, 61.0738229], [11.3512098, 61.073692], [11.3511473, 61.0735484], [11.3510949, 61.0734141], [11.351001, 61.0730934], [11.3509168, 61.0726934], [11.350815, 61.0720176], [11.3507674, 61.0714892], [11.350755, 61.0712459], [11.3507589, 61.0707896], [11.3508024, 61.0704509], [11.3509072, 61.0698984], [11.3509431, 61.0695606], [11.3509353, 61.0694084], [11.3509174, 61.0692598], [11.3508878, 61.0690999], [11.3508349, 61.0689045], [11.3507702, 61.0687297], [11.3506997, 61.0685689], [11.3506102, 61.0684132], [11.3504801, 61.0682051], [11.3499099, 61.0673609], [11.34966, 61.0669779], [11.3494979, 61.0666435]]}, "properties": {"electrified": "no", "gauge": "1435", "maxspeed": "90", "name": "R\u00f8rosbanen", "operator": "Bane NOR", "passenger_lines": "1", "railway": "rail", "usage": "main", "length_km": 0.951, "maxspeed_kmh": 90.0}}, {"type": "Feature", "geometry": {"type": "LineString", "coordinates": [[11.3742503, 61.0370945], [11.3745219, 61.0361199]]}, "properties": {"electrified": "no", "gauge": "1435", "maxspeed": "90", "name": "R\u00f8rosbanen", "operator": "Bane NOR", "passenger_lines": "1", "railway": "rail", "usage": "main", "length_km": 0.11, "maxspeed_kmh": 90.0}}, {"type": "Feature", "geometry": {"type": "LineString", "coordinates": [[11.3742087, 61.0372436], [11.3742503, 61.0370945]]}, "properties": {"bridge": "yes", "electrified": "no", "gauge": "1435", "maxspeed": "90", "name": "R\u00f8rosbanen", "operator": "Bane NOR", "passenger_lines": "1", "railway": "rail", "usage": "main", "length_km": 0.017, "maxspeed_kmh": 90.0}}, {"type": "Feature", "geometry": {"type": "LineString", "coordinates": [[11.3745441, 61.0360408], [11.3746077, 61.0358509], [11.3746799, 61.0356775], [11.3748073, 61.0354481], [11.3749522, 61.0352439], [11.3751179, 61.0350493], [11.3754599, 61.0346995]]}, "properties": {"electrified": "no", "gauge": "1435", "maxspeed": "90", "name": "R\u00f8rosbanen", "operator": "Bane NOR", "passenger_lines": "1", "railway": "rail", "usage": "main", "length_km": 0.158, "maxspeed_kmh": 90.0}}, {"type": "Feature", "geometry": {"type": "LineString", "coordinates": [[11.3745219, 61.0361199], [11.3745441, 61.0360408]]}, "properties": {"bridge": "yes", "electrified": "no", "gauge": "1435", "maxspeed": "90", "name": "R\u00f8rosbanen", "operator": "Bane NOR", "passenger_lines": "1", "railway": "rail", "usage": "main", "length_km": 0.009, "maxspeed_kmh": 90.0}}, {"type": "Feature", "geometry": {"type": "LineString", "coordinates": [[11.3936908, 61.0166696], [11.3942006, 61.0161661], [11.3972462, 61.0131272], [11.3983304, 61.0120426], [11.3986959, 61.0116719]]}, "properties": {"electrified": "no", "gauge": "1435", "maxspeed": "130", "name": "R\u00f8rosbanen", "operator": "Bane NOR", "passenger_lines": "1", "railway": "rail", "usage": "main", "length_km": 0.619, "maxspeed_kmh": 130.0}}, {"type": "Feature", "geometry": {"type": "LineString", "coordinates": [[11.3885616, 61.0217814], [11.3886062, 61.0217371]]}, "properties": {"bridge": "yes", "electrified": "no", "gauge": "1435", "maxspeed": "130", "name": "R\u00f8rosbanen", "operator": "Bane NOR", "passenger_lines": "1", "railway": "rail", "usage": "main", "length_km": 0.005, "maxspeed_kmh": 130.0}}, {"type": "Feature", "geometry": {"type": "LineString", "coordinates": [[11.4091947, 61.0039778], [11.409337, 61.00392], [11.4099351, 61.0036532], [11.410204, 61.0035229], [11.4105689, 61.0033344], [11.4108112, 61.0032012], [11.4110724, 61.0030497], [11.4113171, 61.0028985], [11.4115649, 61.0027356], [11.4118002, 61.0025725], [11.4120447, 61.0023934], [11.4158677, 60.9994715], [11.4163295, 60.9991257], [11.4166437, 60.9989057], [11.4168718, 60.9987578], [11.4170956, 60.9986207], [11.417314, 60.9984957], [11.4175621, 60.9983611], [11.4178341, 60.998223], [11.4181144, 60.9980881], [11.4184161, 60.9979493], [11.4188706, 60.9977485], [11.4192106, 60.9976055], [11.4197867, 60.9973742], [11.4204151, 60.9971367], [11.4252331, 60.9953775], [11.4256581, 60.9952156], [11.4258458, 60.9951369]]}, "properties": {"electrified": "no", "gauge": "1435", "maxspeed": "115", "name": "R\u00f8rosbanen", "operator": "Bane NOR", "passenger_lines": "1", "railway": "rail", "usage": "main", "length_km": 1.35, "maxspeed_kmh": 115.0}}, {"type": "Feature", "geometry": {"type": "LineString", "coordinates": [[11.4011163, 61.0092672], [11.40118, 61.0092035]]}, "properties": {"bridge": "yes", "electrified": "no", "gauge": "1435", "maxspeed": "130", "name": "R\u00f8rosbanen", "operator": "Bane NOR", "passenger_lines": "1", "railway": "rail", "usage": "main", "length_km": 0.008, "maxspeed_kmh": 130.0}}, {"type": "Feature", "geometry": {"type": "LineString", "coordinates": [[11.4669377, 60.9786931], [11.4713177, 60.9762132], [11.4767709, 60.9731254], [11.4808336, 60.9708226], [11.4813481, 60.9705157], [11.4816959, 60.9702957], [11.4820281, 60.970074], [11.4823721, 60.9698306], [11.4827014, 60.9695862], [11.4829894, 60.9693604], [11.4832573, 60.9691383], [11.4836153, 60.96882], [11.4837579, 60.9686879], [11.4839443, 60.9685048], [11.4840799, 60.968368], [11.4842259, 60.9682142], [11.4844593, 60.967955], [11.484601, 60.9677908], [11.4848312, 60.9675024], [11.485178, 60.9670234], [11.4921231, 60.9568052], [11.4921362, 60.9567859], [11.4934655, 60.9548291], [11.4947628, 60.9529283], [11.4949441, 60.9526707], [11.4950118, 60.9525748], [11.4954901, 60.9519371], [11.4960092, 60.9513], [11.496461, 60.9507738], [11.4973345, 60.9497705], [11.5000179, 60.9466976], [11.5036273, 60.9425455], [11.5046208, 60.941402], [11.5055618, 60.9403191], [11.5131793, 60.9315679], [11.5134896, 60.9312052], [11.5135994, 60.9310662], [11.5136797, 60.9309609], [11.5138361, 60.9307354], [11.5140378, 60.9304108], [11.5141392, 60.9302266], [11.514374, 60.9297472], [11.5145624, 60.9293544], [11.5148903, 60.9286794], [11.5243316, 60.9089846], [11.526631, 60.9041889], [11.5268695, 60.9037281], [11.5269612, 60.9035675], [11.5272518, 60.9030936], [11.5273537, 60.9029445], [11.5274721, 60.9027717], [11.5277111, 60.9024526], [11.528012, 60.9020818], [11.5322524, 60.8970525], [11.5336385, 60.8954044], [11.5341056, 60.8948686], [11.5343965, 60.8945617], [11.5347115, 60.8942519], [11.5350356, 60.8939521], [11.5353937, 60.8936413], [11.5355778, 60.8934888], [11.5359839, 60.8931676], [11.5364038, 60.8928541], [11.5400782, 60.8902642], [11.5409833, 60.8896262]]}, "properties": {"electrified": "no", "gauge": "1435", "maxspeed": "130", "name": "R\u00f8rosbanen", "operator": "Bane NOR", "passenger_lines": "1", "railway": "rail", "usage": "main", "length_km": 10.827, "maxspeed_kmh": 130.0}}, {"type": "Feature", "geometry": {"type": "LineString", "coordinates": [[11.466516, 60.9789322], [11.4669377, 60.9786931]]}, "properties": {"bridge": "yes", "electrified": "no", "gauge": "1435", "maxspeed": "130", "name": "R\u00f8rosbanen", "operator": "Bane NOR", "passenger_lines": "1", "railway": "rail", "usage": "main", "length_km": 0.035, "maxspeed_kmh": 130.0}}, {"type": "Feature", "geometry": {"type": "LineString", "coordinates": [[11.0859023, 60.7908212], [11.0867833, 60.7907723], [11.0879644, 60.7907048], [11.0883801, 60.7906709]]}, "properties": {"electrified": "contact_line", "frequency": "16.67", "gauge": "1435", "maxspeed": "60", "name": "R\u00f8rosbanen", "operator": "Bane NOR", "passenger_lines": "2", "railway": "rail", "usage": "main", "voltage": "15000", "length_km": 0.136, "maxspeed_kmh": 60.0}}, {"type": "Feature", "geometry": {"type": "LineString", "coordinates": [[11.0829489, 60.7910389], [11.0834999, 60.7910057], [11.0839828, 60.7909758], [11.0844835, 60.7909466], [11.0847491, 60.7909295], [11.0851781, 60.7909034], [11.0858404, 60.7908644], [11.0863091, 60.7908358]]}, "properties": {"electrified": "contact_line", "frequency": "16.67", "gauge": "1435", "name": "R\u00f8rosbanen", "railway": "rail", "service": "spur", "voltage": "15000", "length_km": 0.184}}, {"type": "Feature", "geometry": {"type": "LineString", "coordinates": [[11.1039555, 60.7968137], [11.1046068, 60.7968766], [11.1048507, 60.7968936], [11.1054497, 60.796925]]}, "properties": {"electrified": "no", "gauge": "1435", "maxspeed": "80", "name": "R\u00f8rosbanen", "operator": "Bane NOR", "passenger_lines": "1", "railway": "rail", "usage": "main", "length_km": 0.082, "maxspeed_kmh": 80.0}}, {"type": "Feature", "geometry": {"type": "LineString", "coordinates": [[11.0965974, 60.7937592], [11.0971225, 60.7942485], [11.0978283, 60.7947456], [11.0986618, 60.7952118], [11.0994533, 60.7955749], [11.0995359, 60.7956128]]}, "properties": {"electrified": "no", "gauge": "1435", "maxspeed": "80", "name": "R\u00f8rosbanen", "operator": "Bane NOR", "passenger_lines": "2", "railway": "rail", "usage": "main", "length_km": 0.263, "maxspeed_kmh": 80.0}}, {"type": "Feature", "geometry": {"type": "LineString", "coordinates": [[10.2937442, 63.0410725], [10.294083, 63.0407972], [10.294752, 63.0402565], [10.2954616, 63.0396935], [10.2970107, 63.0384957], [10.2980968, 63.037681], [10.298924, 63.0370725], [10.2991066, 63.0369413], [10.2993959, 63.0367474], [10.299574, 63.0366435], [10.2997626, 63.0365419], [10.2999542, 63.0364482], [10.3001809, 63.0363492], [10.3004286, 63.0362521], [10.3007709, 63.0361353], [10.3009508, 63.0360817], [10.3012957, 63.0359896], [10.3017004, 63.0358945], [10.3025078, 63.0357171], [10.3029001, 63.0356213], [10.3033086, 63.0355063], [10.3035989, 63.035406], [10.3037915, 63.0353331], [10.3040444, 63.035223], [10.3041477, 63.0351724], [10.3043123, 63.035087], [10.3044737, 63.0349953], [10.3053619, 63.0344292], [10.3055572, 63.0343191], [10.3057779, 63.0342067], [10.3059996, 63.0341099], [10.3061799, 63.0340366], [10.3063472, 63.0339762], [10.3065744, 63.0339008], [10.3067373, 63.0338528], [10.306973, 63.0337888], [10.3072246, 63.0337299], [10.307802, 63.0336107], [10.3081054, 63.0335538]]}, "properties": {"electrified": "no", "gauge": "1435", "maxspeed": "75", "name": "R\u00f8rosbanen", "operator": "Bane NOR", "passenger_lines": "1", "railway": "rail", "usage": "main", "length_km": 1.137, "maxspeed_kmh": 75.0}}, {"type": "Feature", "geometry": {"type": "LineString", "coordinates": [[10.2899022, 63.0441936], [10.291325, 63.0430377]]}, "properties": {"electrified": "no", "gauge": "1435", "maxspeed": "75", "name": "R\u00f8rosbanen", "operator": "Bane NOR", "passenger_lines": "1", "railway": "rail", "usage": "main", "length_km": 0.148, "maxspeed_kmh": 75.0}}, {"type": "Feature", "geometry": {"type": "LineString", "coordinates": [[10.2864576, 63.0543366], [10.2869824, 63.0558222], [10.2870387, 63.0560577], [10.287091, 63.0564978]]}, "properties": {"electrified": "contact_line", "frequency": "16.67", "gauge": "1435", "maxspeed": "40", "name": "R\u00f8rosbanen", "railway": "rail", "service": "siding", "voltage": "15000", "length_km": 0.243, "maxspeed_kmh": 40.0}}, {"type": "Feature", "geometry": {"type": "LineString", "coordinates": [[10.2856235, 63.0478592], [10.2857115, 63.0477798], [10.2860425, 63.0474812], [10.2869866, 63.0466449], [10.2876416, 63.0460765], [10.2880948, 63.0456954], [10.2887084, 63.0451768], [10.2887802, 63.0451162], [10.2894953, 63.0445242], [10.2899022, 63.0441936]]}, "properties": {"electrified": "contact_line", "frequency": "16.67", "gauge": "1435", "maxspeed": "75", "name": "R\u00f8rosbanen", "operator": "Bane NOR", "passenger_lines": "1", "railway": "rail", "usage": "main", "voltage": "15000", "length_km": 0.463, "maxspeed_kmh": 75.0}}, {"type": "Feature", "geometry": {"type": "LineString", "coordinates": [[10.2846921, 63.0495226], [10.2847072, 63.0496086], [10.2847286, 63.0496837], [10.2847581, 63.0497794], [10.2848356, 63.0499737]]}, "properties": {"electrified": "contact_line", "frequency": "16.67", "gauge": "1435", "maxspeed": "40", "name": "R\u00f8rosbanen", "operator": "Bane NOR", "passenger_lines": "1", "railway": "rail", "service": "siding", "voltage": "15000", "length_km": 0.051, "maxspeed_kmh": 40.0}}, {"type": "Feature", "geometry": {"type": "LineString", "coordinates": [[11.2509729, 62.5012468], [11.2506067, 62.501194]]}, "properties": {"bridge": "yes", "electrified": "no", "gauge": "1435", "maxspeed": "95", "name": "R\u00f8rosbanen", "operator": "Bane NOR", "passenger_lines": "1", "railway": "rail", "usage": "main", "length_km": 0.02, "maxspeed_kmh": 95.0}}, {"type": "Feature", "geometry": {"type": "LineString", "coordinates": [[11.2524435, 62.5015572], [11.2521785, 62.5014895], [11.2517269, 62.5013851], [11.251192, 62.5012814], [11.2509729, 62.5012468]]}, "properties": {"electrified": "no", "gauge": "1435", "maxspeed": "95", "name": "R\u00f8rosbanen", "operator": "Bane NOR", "passenger_lines": "1", "railway": "rail", "usage": "main", "length_km": 0.083, "maxspeed_kmh": 95.0}}, {"type": "Feature", "geometry": {"type": "LineString", "coordinates": [[11.2682524, 60.7904517], [11.2686149, 60.7905506], [11.270692, 60.7911173], [11.2725654, 60.7916284], [11.2736261, 60.7919171], [11.2743714, 60.79212], [11.2791067, 60.7933958]]}, "properties": {"electrified": "no", "gauge": "1435", "maxspeed": "115", "name": "R\u00f8rosbanen", "operator": "Bane NOR", "passenger_lines": "1", "railway": "rail", "usage": "main", "length_km": 0.676, "maxspeed_kmh": 115.0}}, {"type": "Feature", "geometry": {"type": "LineString", "coordinates": [[11.2678662, 60.7903457], [11.2682524, 60.7904517]]}, "properties": {"bridge": "yes", "electrified": "no", "gauge": "1435", "maxspeed": "115", "name": "R\u00f8rosbanen", "operator": "Bane NOR", "passenger_lines": "1", "railway": "rail", "usage": "main", "length_km": 0.024, "maxspeed_kmh": 115.0}}, {"type": "Feature", "geometry": {"type": "LineString", "coordinates": [[11.5278285, 60.8784884], [11.5310573, 60.8783152], [11.5340895, 60.878159], [11.5400875, 60.8778404], [11.5405077, 60.8778191], [11.5412772, 60.8777802], [11.5416272, 60.8777652], [11.5419432, 60.8777544]]}, "properties": {"electrified": "no", "gauge": "1435", "maxspeed": "120", "name": "R\u00f8rosbanen", "operator": "Bane NOR", "passenger_lines": "1", "railway": "rail", "usage": "main", "length_km": 0.771, "maxspeed_kmh": 120.0}}, {"type": "Feature", "geometry": {"type": "LineString", "coordinates": [[11.5409833, 60.8896262], [11.5415066, 60.8892573]]}, "properties": {"electrified": "no", "gauge": "1435", "maxspeed": "75", "name": "R\u00f8rosbanen", "operator": "Bane NOR", "passenger_lines": "1", "railway": "rail", "usage": "main", "length_km": 0.05, "maxspeed_kmh": 75.0}}, {"type": "Feature", "geometry": {"type": "LineString", "coordinates": [[11.547076, 60.8806654], [11.5470458, 60.8807454], [11.5469403, 60.8809852]]}, "properties": {"electrified": "no", "gauge": "1435", "maxspeed": "75", "name": "R\u00f8rosbanen", "operator": "Bane NOR", "passenger_lines": "1", "railway": "rail", "usage": "main", "length_km": 0.036, "maxspeed_kmh": 75.0}}, {"type": "Feature", "geometry": {"type": "LineString", "coordinates": [[11.1054497, 60.796925], [11.1060522, 60.7969508], [11.106851, 60.7969717], [11.1112836, 60.7971183]]}, "properties": {"electrified": "no", "gauge": "1435", "maxspeed": "80", "name": "R\u00f8rosbanen", "operator": "Bane NOR", "passenger_lines": "1", "railway": "rail", "usage": "main", "length_km": 0.318, "maxspeed_kmh": 80.0}}, {"type": "Feature", "geometry": {"type": "LineString", "coordinates": [[11.3404066, 60.8174948], [11.3408818, 60.8178111], [11.3410697, 60.817933], [11.3412467, 60.8180458], [11.3414144, 60.8181496], [11.342532, 60.8188337], [11.3425861, 60.8188657], [11.3430389, 60.8191432], [11.3436399, 60.8195115], [11.344114, 60.8198015], [11.3444627, 60.8200147], [11.3446746, 60.8201441], [11.345024, 60.8203578]]}, "properties": {"electrified": "no", "gauge": "1435", "name": "R\u00f8rosbanen", "operator": "Bane NOR", "passenger_lines": "1", "railway": "rail", "usage": "main", "length_km": 0.406}}, {"type": "Feature", "geometry": {"type": "LineString", "coordinates": [[11.4491689, 60.870577], [11.4512257, 60.8713155], [11.4529182, 60.8719229], [11.4557737, 60.8729492], [11.4570988, 60.8734235], [11.4584105, 60.8738716], [11.4595773, 60.874295], [11.4601128, 60.874494], [11.4604488, 60.874608]]}, "properties": {"electrified": "no", "gauge": "1435", "maxspeed": "130", "name": "R\u00f8rosbanen", "operator": "Bane NOR", "passenger_lines": "1", "railway": "rail", "usage": "main", "length_km": 0.76, "maxspeed_kmh": 130.0}}, {"type": "Feature", "geometry": {"type": "LineString", "coordinates": [[11.4094948, 60.8515426], [11.4109624, 60.8521924], [11.4125032, 60.8528914], [11.4139993, 60.8536022], [11.4148937, 60.8539824], [11.4157393, 60.8543824], [11.4165239, 60.8547823], [11.4173736, 60.8552476], [11.4181339, 60.8556911], [11.4189063, 60.8561742], [11.4202967, 60.85718], [11.4214716, 60.8580135], [11.4226221, 60.8588588], [11.4248338, 60.8604268], [11.4298912, 60.8640592], [11.4304035, 60.8643759], [11.4309604, 60.8646866], [11.4314808, 60.8649598], [11.4321638, 60.8652666], [11.4330297, 60.8656249], [11.4340177, 60.8659831], [11.4347047, 60.8661949], [11.4357943, 60.8664878], [11.4366927, 60.8667561], [11.4376942, 60.8670218], [11.4387095, 60.867292], [11.439486, 60.8675031], [11.4405543, 60.8677895], [11.4420032, 60.8681794], [11.4427823, 60.8683891], [11.4432397, 60.8685153], [11.443704, 60.8686517], [11.4440927, 60.8687713], [11.4444628, 60.8688953], [11.4450856, 60.8691106], [11.4457841, 60.8693623], [11.4479059, 60.8701229], [11.4490451, 60.8705325]]}, "properties": {"electrified": "no", "gauge": "1435", "maxspeed": "130", "name": "R\u00f8rosbanen", "operator": "Bane NOR", "passenger_lines": "1", "railway": "rail", "usage": "main", "length_km": 3.065, "maxspeed_kmh": 130.0}}, {"type": "Feature", "geometry": {"type": "LineString", "coordinates": [[11.4851476, 60.8731466], [11.4856532, 60.8733096], [11.487259, 60.8738261], [11.4904179, 60.8748689], [11.4911973, 60.8751336], [11.4932294, 60.8758162], [11.4974947, 60.8772102], [11.4998538, 60.8779918], [11.5011628, 60.8784128], [11.5017702, 60.8785877], [11.5022531, 60.8787117], [11.502827, 60.8788422], [11.5034279, 60.8789637], [11.5040904, 60.879085], [11.5048226, 60.8791927], [11.5053014, 60.8792547], [11.5058043, 60.8793108], [11.5062978, 60.8793571], [11.5068249, 60.879395], [11.5071631, 60.8794153], [11.507766, 60.8794369], [11.5082858, 60.8794486], [11.5088675, 60.8794496], [11.5095072, 60.8794398], [11.5103926, 60.8794064], [11.5115394, 60.879347], [11.5128063, 60.8792791], [11.5141973, 60.8792061], [11.515677, 60.8791285], [11.5186565, 60.8789657], [11.520912, 60.8788545], [11.5231571, 60.8787363], [11.5272436, 60.8785196]]}, "properties": {"electrified": "no", "gauge": "1435", "maxspeed": "120", "name": "R\u00f8rosbanen", "operator": "Bane NOR", "passenger_lines": "1", "railway": "rail", "usage": "main", "length_km": 2.493, "maxspeed_kmh": 120.0}}, {"type": "Feature", "geometry": {"type": "LineString", "coordinates": [[11.219534, 60.7767865], [11.2227745, 60.7767757], [11.2270944, 60.7767576], [11.2272133, 60.7767572]]}, "properties": {"electrified": "no", "gauge": "1435", "name": "R\u00f8rosbanen", "operator": "Bane NOR", "passenger_lines": "1", "railway": "rail", "usage": "main", "length_km": 0.418}}, {"type": "Feature", "geometry": {"type": "LineString", "coordinates": [[11.2192919, 60.7767873], [11.2194976, 60.7767867], [11.219534, 60.7767865]]}, "properties": {"electrified": "no", "gauge": "1435", "maxspeed": "120", "name": "R\u00f8rosbanen", "operator": "Bane NOR", "passenger_lines": "1", "railway": "rail", "usage": "main", "length_km": 0.013, "maxspeed_kmh": 120.0}}, {"type": "Feature", "geometry": {"type": "LineString", "coordinates": [[11.339394, 60.8167828], [11.3399178, 60.8171592], [11.3402157, 60.8173619]]}, "properties": {"electrified": "no", "gauge": "1435", "name": "R\u00f8rosbanen", "operator": "Bane NOR", "passenger_lines": "1", "railway": "rail", "usage": "main", "length_km": 0.079}}, {"type": "Feature", "geometry": {"type": "LineString", "coordinates": [[11.345024, 60.8203578], [11.3453204, 60.8205413], [11.3453549, 60.8205634]]}, "properties": {"electrified": "no", "gauge": "1435", "name": "R\u00f8rosbanen", "operator": "Bane NOR", "passenger_lines": "1", "railway": "rail", "usage": "main", "length_km": 0.029}}, {"type": "Feature", "geometry": {"type": "LineString", "coordinates": [[11.383321, 62.5740222], [11.3829739, 62.5740762], [11.3825461, 62.574138], [11.3821112, 62.5741912], [11.3796064, 62.5744977], [11.3791657, 62.5745516], [11.3790134, 62.5745704], [11.3741208, 62.5751628], [11.3741065, 62.5751645], [11.3739976, 62.5751777], [11.3738471, 62.575196]]}, "properties": {"electrified": "no", "gauge": "1435", "maxspeed": "50", "name": "R\u00f8rosbanen", "operator": "Bane NOR", "passenger_lines": "1", "railway": "rail", "usage": "main", "length_km": 0.504, "maxspeed_kmh": 50.0}}, {"type": "Feature", "geometry": {"type": "LineString", "coordinates": [[11.3829251, 62.5696161], [11.3790748, 62.5685844], [11.3772207, 62.5680876], [11.375695, 62.5676751]]}, "properties": {"electrified": "no", "gauge": "1435", "maxspeed": "85", "name": "R\u00f8rosbanen", "operator": "Bane NOR", "passenger_lines": "1", "railway": "rail", "usage": "main", "length_km": 0.43, "maxspeed_kmh": 85.0}}, {"type": "Feature", "geometry": {"type": "LineString", "coordinates": [[11.3492426, 62.5860554], [11.3491706, 62.5859042], [11.3477397, 62.582914], [11.3473923, 62.5821886], [11.3470655, 62.5815038]]}, "properties": {"electrified": "no", "gauge": "1435", "name": "R\u00f8rosbanen", "operator": "Bane NOR", "passenger_lines": "1", "railway": "rail", "usage": "main", "length_km": 0.52}}, {"type": "Feature", "geometry": {"type": "LineString", "coordinates": [[11.4033219, 62.6410454], [11.4031429, 62.6409797], [11.4027337, 62.6408245], [11.4025189, 62.6407368], [11.4021565, 62.6405746], [11.4019502, 62.6404674], [11.4017557, 62.640359], [11.4015695, 62.6402456], [11.4013753, 62.6401169], [11.4009593, 62.6398159], [11.3964593, 62.6364662], [11.3948608, 62.6352756]]}, "properties": {"electrified": "no", "gauge": "1435", "maxspeed": "95", "name": "R\u00f8rosbanen", "operator": "Bane NOR", "passenger_lines": "1", "railway": "rail", "usage": "main", "length_km": 0.779, "maxspeed_kmh": 95.0}}, {"type": "Feature", "geometry": {"type": "LineString", "coordinates": [[11.3845693, 62.6322496], [11.3842926, 62.6321063], [11.3836594, 62.631759], [11.3832845, 62.6315413], [11.3826851, 62.6311717], [11.3821189, 62.6307992], [11.3814474, 62.6303227], [11.3810117, 62.6299884], [11.3805133, 62.6295742], [11.3802128, 62.6293055], [11.3799267, 62.6290361], [11.3796323, 62.6287435], [11.3795125, 62.6286198], [11.3794579, 62.6285634], [11.3793174, 62.6284183], [11.3779104, 62.6269611], [11.3736059, 62.6225023], [11.373331, 62.6222321], [11.3730206, 62.6219546], [11.3726602, 62.621662], [11.3724731, 62.6215209], [11.3722789, 62.621383], [11.371901, 62.6211291], [11.371421, 62.620823]]}, "properties": {"electrified": "no", "gauge": "1435", "maxspeed": "130", "name": "R\u00f8rosbanen", "operator": "Bane NOR", "passenger_lines": "1", "railway": "rail", "usage": "main", "length_km": 1.448, "maxspeed_kmh": 130.0}}, {"type": "Feature", "geometry": {"type": "LineString", "coordinates": [[11.371421, 62.620823], [11.3670874, 62.6180598], [11.3663327, 62.6175738], [11.3659781, 62.6173374], [11.3654326, 62.6169482], [11.3651098, 62.6166994], [11.3648452, 62.6164864], [11.3644012, 62.6161005], [11.3641373, 62.6158564], [11.364, 62.6157207], [11.3637383, 62.6154515], [11.3635036, 62.6151936], [11.3631717, 62.6147981], [11.3629142, 62.6144556], [11.3626899, 62.6141355], [11.3624882, 62.6138187], [11.362295, 62.6134822], [11.3621325, 62.61317], [11.3614277, 62.6116839], [11.3601684, 62.6090294]]}, "properties": {"electrified": "no", "gauge": "1435", "maxspeed": "130", "name": "R\u00f8rosbanen", "operator": "Bane NOR", "passenger_lines": "1", "railway": "rail", "usage": "main", "length_km": 1.459, "maxspeed_kmh": 130.0}}, {"type": "Feature", "geometry": {"type": "LineString", "coordinates": [[11.3738471, 62.575196], [11.3650879, 62.5762625]]}, "properties": {"electrified": "no", "gauge": "1435", "maxspeed": "90", "name": "R\u00f8rosbanen", "operator": "Bane NOR", "passenger_lines": "1", "railway": "rail", "usage": "main", "length_km": 0.466, "maxspeed_kmh": 90.0}}, {"type": "Feature", "geometry": {"type": "LineString", "coordinates": [[11.3601489, 62.6089878], [11.357126, 62.6026143], [11.3568384, 62.6020202], [11.3549509, 62.5980344], [11.3546049, 62.597312], [11.3540841, 62.5962236], [11.3538179, 62.5956474], [11.3534867, 62.594966], [11.3502955, 62.5882754], [11.3492426, 62.5860554]]}, "properties": {"electrified": "no", "gauge": "1435", "maxspeed": "130", "name": "R\u00f8rosbanen", "operator": "Bane NOR", "passenger_lines": "1", "railway": "rail", "usage": "main", "length_km": 2.617, "maxspeed_kmh": 130.0}}, {"type": "Feature", "geometry": {"type": "LineString", "coordinates": [[11.4192135, 62.6651565], [11.4191002, 62.6630929], [11.4187478, 62.6565924], [11.4186087, 62.6540259], [11.4185797, 62.6536676], [11.4185036, 62.6531362], [11.4183852, 62.6525924], [11.4182484, 62.6521159], [11.4180796, 62.6516332], [11.4178615, 62.6511172], [11.4176087, 62.650608], [11.4174484, 62.6503143], [11.417228, 62.6499484], [11.4169631, 62.6495408], [11.4165975, 62.6490368], [11.4163206, 62.6486951], [11.4160822, 62.648419], [11.4159531, 62.6482711], [11.4156248, 62.6479213], [11.4154556, 62.6477487], [11.4151165, 62.6474224], [11.4149618, 62.6472769], [11.4146423, 62.6469918], [11.4142213, 62.6466366], [11.4139332, 62.6464038], [11.4133712, 62.6459726], [11.412849, 62.6455966], [11.4126117, 62.6454333], [11.412108, 62.6451008], [11.4116284, 62.6447968], [11.4109326, 62.6443822], [11.410154, 62.6439467], [11.4093718, 62.6435403], [11.408815, 62.6432658], [11.4084864, 62.6431092], [11.4076104, 62.6427077], [11.4065133, 62.6422432], [11.4055479, 62.6418628], [11.4033219, 62.6410454]]}, "properties": {"electrified": "no", "gauge": "1435", "maxspeed": "130", "name": "R\u00f8rosbanen", "operator": "Bane NOR", "passenger_lines": "1", "railway": "rail", "usage": "main", "length_km": 2.947, "maxspeed_kmh": 130.0}}, {"type": "Feature", "geometry": {"type": "LineString", "coordinates": [[11.419403, 62.6718765], [11.4194613, 62.6716817], [11.4195013, 62.6714678], [11.4195221, 62.6712369], [11.4195234, 62.6711197], [11.4195122, 62.6709028]]}, "properties": {"electrified": "no", "gauge": "1435", "maxspeed": "60", "name": "R\u00f8rosbanen", "operator": "Bane NOR", "passenger_lines": "1", "railway": "rail", "usage": "main", "length_km": 0.109, "maxspeed_kmh": 60.0}}, {"type": "Feature", "geometry": {"type": "LineString", "coordinates": [[11.411473, 62.67678], [11.4118831, 62.6765894], [11.4141687, 62.6755276]]}, "properties": {"electrified": "no", "gauge": "1435", "maxspeed": "85", "name": "R\u00f8rosbanen", "operator": "Bane NOR", "passenger_lines": "1", "railway": "rail", "usage": "main", "length_km": 0.196, "maxspeed_kmh": 85.0}}, {"type": "Feature", "geometry": {"type": "LineString", "coordinates": [[11.3362095, 62.5682058], [11.3361338, 62.5680622], [11.3360075, 62.5677783]]}, "properties": {"electrified": "no", "gauge": "1435", "maxspeed": "85", "name": "R\u00f8rosbanen", "operator": "Bane NOR", "passenger_lines": "1", "railway": "rail", "usage": "main", "length_km": 0.049, "maxspeed_kmh": 85.0}}, {"type": "Feature", "geometry": {"type": "LineString", "coordinates": [[10.5550482, 62.9840357], [10.5551009, 62.9838667], [10.555152, 62.9837544], [10.5551885, 62.9836439], [10.5552718, 62.9834573], [10.5554622, 62.9830869], [10.5556051, 62.9828447], [10.5558518, 62.9824752], [10.5560525, 62.9822], [10.5564524, 62.9817043], [10.5565472, 62.9815824], [10.5567833, 62.9812953], [10.5588662, 62.9787088], [10.5590873, 62.9784343], [10.5596579, 62.9777259], [10.5599131, 62.977418], [10.5600849, 62.9772246], [10.5602746, 62.9770372], [10.5604693, 62.9768623], [10.5607316, 62.9766598], [10.5610405, 62.9764584], [10.5612076, 62.9763617], [10.5614498, 62.9762219], [10.5617651, 62.976064], [10.5620646, 62.9759172], [10.5623444, 62.975787], [10.5625735, 62.9756765], [10.56268, 62.9756248], [10.5630981, 62.9754219]]}, "properties": {"electrified": "no", "gauge": "1435", "maxspeed": "105", "name": "R\u00f8rosbanen", "operator": "Bane NOR", "passenger_lines": "1", "railway": "rail", "usage": "main", "length_km": 1.057, "maxspeed_kmh": 105.0}}, {"type": "Feature", "geometry": {"type": "LineString", "coordinates": [[10.5550309, 62.9840915], [10.5550482, 62.9840357]]}, "properties": {"bridge": "yes", "electrified": "no", "gauge": "1435", "maxspeed": "105", "name": "R\u00f8rosbanen", "operator": "Bane NOR", "passenger_lines": "1", "railway": "rail", "usage": "main", "length_km": 0.006, "maxspeed_kmh": 105.0}}, {"type": "Feature", "geometry": {"type": "LineString", "coordinates": [[10.5549244, 62.9844332], [10.5550309, 62.9840915]]}, "properties": {"electrified": "no", "gauge": "1435", "maxspeed": "105", "name": "R\u00f8rosbanen", "operator": "Bane NOR", "passenger_lines": "1", "railway": "rail", "usage": "main", "length_km": 0.038, "maxspeed_kmh": 105.0}}, {"type": "Feature", "geometry": {"type": "LineString", "coordinates": [[10.5519974, 62.9864989], [10.5526666, 62.9862998], [10.5529615, 62.9861993], [10.5530846, 62.9861534], [10.5533705, 62.9860367], [10.5536358, 62.985911], [10.553864, 62.9857859], [10.5539642, 62.985721], [10.5542028, 62.9855541], [10.5544231, 62.9853542], [10.554477, 62.9852989], [10.5546082, 62.9851426], [10.55473, 62.9849567], [10.5547846, 62.9848511], [10.5548263, 62.9847479], [10.5549244, 62.9844332]]}, "properties": {"electrified": "no", "gauge": "1435", "maxspeed": "80", "name": "R\u00f8rosbanen", "operator": "Bane NOR", "passenger_lines": "1", "railway": "rail", "usage": "main", "length_km": 0.287, "maxspeed_kmh": 80.0}}, {"type": "Feature", "geometry": {"type": "LineString", "coordinates": [[10.5274175, 62.9932823], [10.5278644, 62.9932033], [10.5286935, 62.9930732], [10.5290308, 62.9930268], [10.5300501, 62.9929095], [10.5349059, 62.992413], [10.535772, 62.9923123], [10.5363482, 62.9922282], [10.5365429, 62.9921951], [10.5367846, 62.9921514], [10.5372282, 62.9920623], [10.537429, 62.9920176], [10.5378301, 62.9919197], [10.5380323, 62.9918669], [10.5384659, 62.9917408], [10.5388328, 62.9916207], [10.5391441, 62.9915081], [10.5395259, 62.9913575], [10.5399167, 62.9911809], [10.5403455, 62.9909663], [10.5405696, 62.9908399], [10.5408409, 62.9906764], [10.5415083, 62.990258], [10.541872, 62.9900387], [10.5424944, 62.9896911], [10.5429937, 62.9894375], [10.5435267, 62.9891899], [10.5440653, 62.9889589], [10.5445886, 62.9887533], [10.5448708, 62.9886471], [10.545391, 62.9884627], [10.5458981, 62.9882986], [10.5466807, 62.9880575], [10.5471938, 62.9879106], [10.5491353, 62.9873418], [10.5506255, 62.9869007], [10.5514409, 62.9866645], [10.5519974, 62.9864989]]}, "properties": {"electrified": "no", "gauge": "1435", "maxspeed": "105", "name": "R\u00f8rosbanen", "operator": "Bane NOR", "passenger_lines": "1", "railway": "rail", "usage": "main", "length_km": 1.498, "maxspeed_kmh": 105.0}}, {"type": "Feature", "geometry": {"type": "LineString", "coordinates": [[10.5024479, 62.9960827], [10.5025602, 62.9960432], [10.5027257, 62.9959786], [10.5030929, 62.9958162], [10.5034499, 62.9956299], [10.5038093, 62.9954071], [10.5042305, 62.9951256], [10.5044282, 62.9950005], [10.5046144, 62.994893], [10.504757, 62.9948181], [10.5050282, 62.9946895], [10.5052564, 62.9945979], [10.5054423, 62.99453], [10.5058467, 62.9944059], [10.5061354, 62.9943308], [10.5063274, 62.9942854], [10.5065875, 62.994235], [10.5068093, 62.9941974], [10.5070717, 62.9941593], [10.5072959, 62.9941322], [10.5075572, 62.9941066], [10.50794, 62.99408], [10.5085033, 62.9940545], [10.5116049, 62.9939569], [10.5121709, 62.9939453], [10.5124861, 62.9939422], [10.512794, 62.9939449], [10.5132906, 62.9939554], [10.513841, 62.9939733], [10.5143503, 62.9939961], [10.5149207, 62.9940105], [10.515576, 62.9940127], [10.5161246, 62.9939997], [10.5163444, 62.9939928], [10.5167062, 62.9939691], [10.5185505, 62.993824], [10.5191616, 62.993785], [10.5201477, 62.9937342], [10.5215622, 62.9936851], [10.5225311, 62.9936656], [10.5240638, 62.9936485], [10.5246665, 62.9936352], [10.5249492, 62.9936216], [10.525242, 62.9936028], [10.525762, 62.9935526], [10.5261387, 62.9935036], [10.5264427, 62.9934546], [10.5274175, 62.9932823]]}, "properties": {"electrified": "no", "gauge": "1435", "maxspeed": "70", "name": "R\u00f8rosbanen", "operator": "Bane NOR", "passenger_lines": "1", "railway": "rail", "usage": "main", "length_km": 1.366, "maxspeed_kmh": 70.0}}, {"type": "Feature", "geometry": {"type": "LineString", "coordinates": [[10.475401, 62.9960585], [10.476008, 62.9961622], [10.4769889, 62.9963389], [10.4772592, 62.996391], [10.4775061, 62.9964429], [10.4779472, 62.9965526], [10.4784934, 62.9967148], [10.4792338, 62.9969494], [10.4797554, 62.997096], [10.4800153, 62.9971604], [10.4802798, 62.997217], [10.4805731, 62.997274], [10.4808435, 62.9973189], [10.4813943, 62.9973949], [10.4820219, 62.9974604], [10.4826313, 62.997519], [10.4836792, 62.9976145], [10.4849047, 62.9977064], [10.4857998, 62.9977668], [10.4868288, 62.9978268], [10.4875811, 62.9978621], [10.4889017, 62.9979096], [10.4898039, 62.9979569], [10.4905855, 62.998014], [10.4922437, 62.9981652], [10.4925506, 62.9981808], [10.4928729, 62.9981901], [10.4932893, 62.9981895], [10.4935993, 62.9981776], [10.4939129, 62.9981552], [10.494249, 62.9981217], [10.4945276, 62.9980842], [10.49513, 62.9979749], [10.4954408, 62.9979017], [10.4957581, 62.9978181], [10.4968807, 62.9974795], [10.4976479, 62.9972631], [10.4980204, 62.9971648], [10.4987486, 62.9969853], [10.4995414, 62.9968068]]}, "properties": {"electrified": "no", "gauge": "1435", "maxspeed": "70", "name": "R\u00f8rosbanen", "operator": "Bane NOR", "passenger_lines": "1", "railway": "rail", "usage": "main", "length_km": 1.306, "maxspeed_kmh": 70.0}}, {"type": "Feature", "geometry": {"type": "LineString", "coordinates": [[10.4656938, 63.0005969], [10.4650426, 63.0007749], [10.464658, 63.0008984], [10.4644514, 63.0009761]]}, "properties": {"electrified": "no", "gauge": "1435", "maxspeed": "50", "name": "R\u00f8rosbanen", "operator": "Bane NOR", "passenger_lines": "1", "railway": "rail", "usage": "main", "length_km": 0.076, "maxspeed_kmh": 50.0}}, {"type": "Feature", "geometry": {"type": "LineString", "coordinates": [[10.4469313, 63.0159596], [10.447207, 63.0155576], [10.4474523, 63.0151846], [10.4478325, 63.014581], [10.4480006, 63.0143334], [10.4485034, 63.0135595], [10.4490113, 63.0128036], [10.4492544, 63.0124864], [10.4494278, 63.0122351], [10.44984, 63.0117164], [10.4500472, 63.0114817], [10.4501654, 63.0113599], [10.4502687, 63.0112607], [10.4504854, 63.0110733], [10.4507817, 63.0108547], [10.4510758, 63.0106663], [10.4512628, 63.010558], [10.4517075, 63.0103252], [10.4522611, 63.0100615], [10.4525499, 63.0099331], [10.4532226, 63.0096148], [10.4538397, 63.0093169], [10.4540908, 63.0092]]}, "properties": {"electrified": "no", "gauge": "1435", "maxspeed": "85", "name": "R\u00f8rosbanen", "operator": "Bane NOR", "passenger_lines": "1", "railway": "rail", "usage": "main", "length_km": 0.853, "maxspeed_kmh": 85.0}}, {"type": "Feature", "geometry": {"type": "LineString", "coordinates": [[10.393375, 63.0179395], [10.3936454, 63.0180336], [10.3938663, 63.0181168], [10.394098, 63.0182104], [10.395, 63.018587], [10.3953932, 63.0187405], [10.395632, 63.0188264], [10.3960371, 63.0189601], [10.3963302, 63.0190479], [10.3965943, 63.0191208], [10.3968854, 63.0191952], [10.3972252, 63.0192734], [10.3977571, 63.0193802], [10.3980767, 63.0194375], [10.4003712, 63.0198126], [10.4012535, 63.0199495], [10.4017644, 63.020018], [10.4021479, 63.0200559], [10.4024034, 63.0200756], [10.402704, 63.020093], [10.4030213, 63.0201017], [10.40358, 63.0200999], [10.4043069, 63.0200689], [10.4065156, 63.0199398], [10.4087304, 63.0198103], [10.409741, 63.0197501]]}, "properties": {"electrified": "no", "gauge": "1435", "maxspeed": "85", "name": "R\u00f8rosbanen", "operator": "Bane NOR", "passenger_lines": "1", "railway": "rail", "usage": "main", "length_km": 0.898, "maxspeed_kmh": 85.0}}, {"type": "Feature", "geometry": {"type": "LineString", "coordinates": [[10.3895856, 63.0173265], [10.3898586, 63.0173415], [10.3902095, 63.0173649], [10.3907559, 63.0174095], [10.391209, 63.0174603], [10.3914478, 63.0174926], [10.3916941, 63.0175317], [10.3921378, 63.0176133], [10.3925543, 63.017705], [10.3927739, 63.0177604], [10.393044, 63.0178353], [10.393278, 63.0179069]]}, "properties": {"electrified": "no", "gauge": "1435", "maxspeed": "85", "name": "R\u00f8rosbanen", "operator": "Bane NOR", "passenger_lines": "1", "railway": "rail", "usage": "main", "length_km": 0.2, "maxspeed_kmh": 85.0}}, {"type": "Feature", "geometry": {"type": "LineString", "coordinates": [[10.3395452, 63.0192482], [10.3399749, 63.0190858], [10.3401643, 63.0190195], [10.3405193, 63.0189101], [10.3408474, 63.0188237], [10.3411748, 63.018753], [10.3415176, 63.018693], [10.3416977, 63.0186658], [10.3420708, 63.0186205], [10.3423391, 63.018593], [10.3436216, 63.0184788], [10.3443856, 63.0183989], [10.3448167, 63.0183469], [10.3452163, 63.0182939], [10.3467664, 63.0180648], [10.3471659, 63.0180097], [10.3474701, 63.0179728], [10.3477717, 63.0179413], [10.3482326, 63.017905], [10.3487892, 63.0178767], [10.3490482, 63.0178686], [10.3503291, 63.0178459], [10.3506502, 63.0178353], [10.3509689, 63.0178212], [10.3512752, 63.0178015], [10.3515202, 63.0177813], [10.3519675, 63.0177336], [10.352482, 63.0176614], [10.3534421, 63.0174962]]}, "properties": {"electrified": "no", "gauge": "1435", "maxspeed": "80", "name": "R\u00f8rosbanen", "operator": "Bane NOR", "passenger_lines": "1", "railway": "rail", "usage": "main", "length_km": 0.74, "maxspeed_kmh": 80.0}}, {"type": "Feature", "geometry": {"type": "LineString", "coordinates": [[10.3534421, 63.0174962], [10.3541024, 63.0173826], [10.354377, 63.0173386], [10.3548533, 63.017274], [10.3552063, 63.0172331], [10.3557236, 63.0171848], [10.3560706, 63.0171596], [10.3564259, 63.0171398], [10.3568132, 63.0171236], [10.3571278, 63.0171162], [10.3575843, 63.0171112], [10.3621155, 63.0171207], [10.3630199, 63.0171206], [10.3637364, 63.0171138], [10.3645367, 63.0170955], [10.3650722, 63.0170789], [10.3666596, 63.0170113], [10.3674469, 63.0169853], [10.3681023, 63.0169772], [10.3699437, 63.0169823], [10.3716747, 63.016997], [10.3732139, 63.0170167], [10.3739927, 63.0170326], [10.3743749, 63.017047], [10.3748095, 63.01707], [10.3753799, 63.0171162], [10.3767117, 63.017251], [10.3772906, 63.0173001], [10.3779742, 63.0173376], [10.3783473, 63.0173486], [10.3785627, 63.0173509]]}, "properties": {"electrified": "no", "gauge": "1435", "maxspeed": "105", "name": "R\u00f8rosbanen", "operator": "Bane NOR", "passenger_lines": "1", "railway": "rail", "usage": "main", "length_km": 1.282, "maxspeed_kmh": 105.0}}, {"type": "Feature", "geometry": {"type": "LineString", "coordinates": [[10.7342501, 62.9549788], [10.7346113, 62.9548508], [10.7348328, 62.9547723], [10.7352078, 62.9546317], [10.7353452, 62.9545749], [10.7356632, 62.9544308], [10.7359908, 62.9542696], [10.7385172, 62.9529558], [10.7391135, 62.9526526], [10.7393041, 62.9525613], [10.7395106, 62.9524668], [10.7398897, 62.9523068], [10.7402413, 62.9521762], [10.7404526, 62.9521025], [10.7406463, 62.9520405], [10.7410272, 62.9519242], [10.7413966, 62.9518243], [10.7417837, 62.951732], [10.7421951, 62.9516451], [10.7425417, 62.951579], [10.7428518, 62.9515257], [10.7441228, 62.951315], [10.745612, 62.951068], [10.74632, 62.9509464], [10.7465585, 62.9509015], [10.7470123, 62.9508121], [10.7475966, 62.9506902], [10.7480589, 62.950584], [10.7488486, 62.9503874], [10.7490981, 62.9503213], [10.7495646, 62.9501894], [10.7500998, 62.9500269], [10.7506718, 62.9498403], [10.7514968, 62.9495466], [10.75235, 62.9492315], [10.7526063, 62.9491369]]}, "properties": {"electrified": "no", "gauge": "1435", "maxspeed": "70", "name": "R\u00f8rosbanen", "operator": "Bane NOR", "passenger_lines": "1", "railway": "rail", "usage": "main", "length_km": 1.156, "maxspeed_kmh": 70.0}}, {"type": "Feature", "geometry": {"type": "LineString", "coordinates": [[10.6898202, 62.954112], [10.689245, 62.9538376], [10.6888649, 62.9536533], [10.6885566, 62.9534977], [10.6880147, 62.9532069], [10.6874414, 62.9528732], [10.686957, 62.9525686], [10.6865292, 62.9522773], [10.686049, 62.9519266], [10.6854905, 62.9514883], [10.6817985, 62.9484121]]}, "properties": {"electrified": "no", "gauge": "1435", "maxspeed": "115", "name": "R\u00f8rosbanen", "operator": "Bane NOR", "passenger_lines": "1", "railway": "rail", "usage": "main", "length_km": 0.758, "maxspeed_kmh": 115.0}}, {"type": "Feature", "geometry": {"type": "LineString", "coordinates": [[10.6817455, 62.9483675], [10.6775108, 62.9448388], [10.6773041, 62.9446777], [10.6769366, 62.9444181], [10.6765451, 62.9441711], [10.676155, 62.94395], [10.6757189, 62.9437315], [10.6754383, 62.943602], [10.6751605, 62.9434794], [10.6748561, 62.9433535], [10.6745556, 62.9432363], [10.6739895, 62.9430323], [10.6734128, 62.9428465], [10.6731542, 62.9427692], [10.6729281, 62.9427038], [10.6725578, 62.9426067], [10.6719987, 62.9424732], [10.6716563, 62.9424003], [10.6713228, 62.942334], [10.6709939, 62.942275], [10.6706666, 62.9422202], [10.6702924, 62.942163], [10.6692843, 62.9420273], [10.6667737, 62.9417041]]}, "properties": {"electrified": "no", "gauge": "1435", "maxspeed": "115", "name": "R\u00f8rosbanen", "operator": "Bane NOR", "passenger_lines": "1", "railway": "rail", "usage": "main", "length_km": 1.118, "maxspeed_kmh": 115.0}}, {"type": "Feature", "geometry": {"type": "LineString", "coordinates": [[10.6445457, 62.9430211], [10.6449833, 62.9430123], [10.6455163, 62.9430106], [10.6457821, 62.9430152], [10.6461273, 62.9430341], [10.6464413, 62.9430596], [10.6467845, 62.9430974], [10.6470807, 62.9431388], [10.647221, 62.9431616], [10.6476968, 62.9432531], [10.6482567, 62.9433722], [10.6485246, 62.9434291], [10.6490972, 62.9435424], [10.6496114, 62.9436258], [10.6498646, 62.9436601], [10.6501241, 62.9436902], [10.6505907, 62.9437333], [10.6510413, 62.9437628], [10.6512213, 62.9437707], [10.6514625, 62.9437773], [10.6519547, 62.943781], [10.6523759, 62.9437744], [10.6528528, 62.9437561], [10.6535562, 62.9437153]]}, "properties": {"electrified": "no", "gauge": "1435", "maxspeed": "80", "name": "R\u00f8rosbanen", "operator": "Bane NOR", "passenger_lines": "1", "railway": "rail", "usage": "main", "length_km": 0.472, "maxspeed_kmh": 80.0}}, {"type": "Feature", "geometry": {"type": "LineString", "coordinates": [[10.6173125, 62.952963], [10.6175228, 62.9529593], [10.6181981, 62.9529642], [10.6184504, 62.9529693], [10.6190954, 62.9529942], [10.62016, 62.9530635], [10.6210424, 62.9531249]]}, "properties": {"electrified": "no", "gauge": "1435", "maxspeed": "105", "name": "R\u00f8rosbanen", "operator": "Bane NOR", "passenger_lines": "1", "railway": "rail", "usage": "main", "length_km": 0.191, "maxspeed_kmh": 105.0}}, {"type": "Feature", "geometry": {"type": "LineString", "coordinates": [[10.5630981, 62.9754219], [10.5639983, 62.9750041], [10.5646601, 62.9747235], [10.5653232, 62.9744617], [10.5656959, 62.9743216], [10.56613, 62.9741511], [10.5669375, 62.9738251], [10.5675866, 62.9735421], [10.5701793, 62.9723868], [10.570637, 62.9721893], [10.5712832, 62.9719188], [10.5718302, 62.971698], [10.5727563, 62.9713466], [10.5733534, 62.9711324], [10.5742636, 62.9708211], [10.5756298, 62.9703825], [10.578556, 62.969453], [10.5789722, 62.9693242], [10.5803039, 62.9688978], [10.5809451, 62.9686867], [10.5813046, 62.968558], [10.5816169, 62.9684462], [10.5821469, 62.9682378], [10.5826942, 62.9680057], [10.5831942, 62.9677796], [10.5836473, 62.9675607], [10.5839065, 62.9674256], [10.5843575, 62.9671768], [10.5848505, 62.9668829], [10.5852328, 62.9666329], [10.5854696, 62.9664702], [10.5857133, 62.966294], [10.5861061, 62.9659859], [10.5863165, 62.9658111], [10.586564, 62.9655875], [10.5869216, 62.9652428], [10.5878995, 62.9642508], [10.5881132, 62.9640302]]}, "properties": {"electrified": "no", "gauge": "1435", "maxspeed": "130", "name": "R\u00f8rosbanen", "operator": "Bane NOR", "passenger_lines": "1", "railway": "rail", "usage": "main", "length_km": 1.822, "maxspeed_kmh": 130.0}}, {"type": "Feature", "geometry": {"type": "LineString", "coordinates": [[11.356691, 62.7116557], [11.3568632, 62.7115645], [11.3591253, 62.7103804], [11.3610341, 62.7093864]]}, "properties": {"electrified": "no", "gauge": "1435", "maxspeed": "130", "name": "R\u00f8rosbanen", "operator": "Bane NOR", "passenger_lines": "1", "railway": "rail", "usage": "main", "length_km": 0.337, "maxspeed_kmh": 130.0}}, {"type": "Feature", "geometry": {"type": "LineString", "coordinates": [[11.3290759, 62.7267305], [11.329549, 62.7264887], [11.3322733, 62.7251229], [11.33735, 62.7225776], [11.3383593, 62.72207]]}, "properties": {"electrified": "no", "gauge": "1435", "maxspeed": "125", "name": "R\u00f8rosbanen", "operator": "Bane NOR", "passenger_lines": "1", "railway": "rail", "usage": "main", "length_km": 0.704, "maxspeed_kmh": 125.0}}, {"type": "Feature", "geometry": {"type": "LineString", "coordinates": [[11.327773, 62.7277165], [11.3278921, 62.7275826], [11.3280458, 62.7274293], [11.328174, 62.7273155], [11.3282928, 62.7272213], [11.3284199, 62.7271259], [11.3285624, 62.7270288], [11.3287748, 62.7268975], [11.3289431, 62.7268036], [11.3290759, 62.7267305]]}, "properties": {"electrified": "no", "gauge": "1435", "maxspeed": "85", "name": "R\u00f8rosbanen", "operator": "Bane NOR", "passenger_lines": "1", "railway": "rail", "usage": "main", "length_km": 0.129, "maxspeed_kmh": 85.0}}, {"type": "Feature", "geometry": {"type": "LineString", "coordinates": [[11.3248128, 62.7453545], [11.3247384, 62.7452719], [11.3246408, 62.7451459], [11.3245053, 62.7449249], [11.3244088, 62.7447134], [11.3243457, 62.7445366]]}, "properties": {"electrified": "no", "gauge": "1435", "maxspeed": "85", "name": "R\u00f8rosbanen", "operator": "Bane NOR", "passenger_lines": "1", "railway": "rail", "usage": "main", "length_km": 0.095, "maxspeed_kmh": 85.0}}, {"type": "Feature", "geometry": {"type": "LineString", "coordinates": [[11.3512923, 62.7733808], [11.3512185, 62.7729252], [11.3508813, 62.7703855], [11.350825, 62.7700764], [11.3507828, 62.7699306], [11.3507375, 62.7698197], [11.3506774, 62.7696994], [11.350592, 62.7695703], [11.3505026, 62.7694564], [11.3503965, 62.7693429], [11.3502699, 62.7692274], [11.3501274, 62.7691107], [11.3499506, 62.7689873], [11.3497899, 62.7688889], [11.3495904, 62.7687805], [11.349385, 62.7686816], [11.3491691, 62.7685891], [11.34895, 62.7685056], [11.3487406, 62.7684347], [11.348369, 62.7683208]]}, "properties": {"electrified": "no", "gauge": "1435", "maxspeed": "75", "name": "R\u00f8rosbanen", "operator": "Bane NOR", "passenger_lines": "1", "railway": "rail", "usage": "main", "length_km": 0.61, "maxspeed_kmh": 75.0}}, {"type": "Feature", "geometry": {"type": "LineString", "coordinates": [[11.3556132, 62.7777694], [11.3548815, 62.777411], [11.3546231, 62.7772807], [11.3543946, 62.7771559], [11.3542338, 62.7770592], [11.3540752, 62.7769538], [11.353932, 62.7768472], [11.3537539, 62.7766924], [11.3536222, 62.7765629], [11.3532697, 62.7761864]]}, "properties": {"electrified": "no", "gauge": "1435", "maxspeed": "75", "name": "R\u00f8rosbanen", "operator": "Bane NOR", "passenger_lines": "1", "railway": "rail", "usage": "main", "length_km": 0.215, "maxspeed_kmh": 75.0}}, {"type": "Feature", "geometry": {"type": "LineString", "coordinates": [[11.3592231, 62.7847984], [11.3591334, 62.7847153], [11.3588532, 62.7844307], [11.3587295, 62.7842865], [11.3586341, 62.7841556], [11.358547, 62.7840081], [11.3584845, 62.7838812], [11.358431, 62.7837367], [11.3583958, 62.7836025], [11.3583774, 62.7834783], [11.3583704, 62.7833275], [11.3583799, 62.7831931], [11.3584086, 62.7830419], [11.3584565, 62.7828912], [11.3585197, 62.7827498], [11.3586032, 62.782605], [11.3586902, 62.7824764], [11.3591401, 62.7818829], [11.3591906, 62.7818075]]}, "properties": {"electrified": "no", "gauge": "1435", "maxspeed": "85", "name": "R\u00f8rosbanen", "operator": "Bane NOR", "passenger_lines": "1", "railway": "rail", "usage": "main", "length_km": 0.347, "maxspeed_kmh": 85.0}}, {"type": "Feature", "geometry": {"type": "LineString", "coordinates": [[11.3841889, 62.8043403], [11.3841418, 62.8041952], [11.3840869, 62.8040645], [11.3840273, 62.8039491], [11.3837337, 62.8034697], [11.3835893, 62.8032075], [11.3835075, 62.8030098], [11.3834692, 62.8028655], [11.3834551, 62.8026356], [11.3834704, 62.8025046], [11.3835014, 62.8023664], [11.3835571, 62.802209], [11.38363, 62.8020719], [11.3837137, 62.801942], [11.3838919, 62.8017331], [11.3838981, 62.8017258], [11.3840391, 62.8015899], [11.3842019, 62.8014584], [11.3844284, 62.8013009]]}, "properties": {"electrified": "no", "gauge": "1435", "maxspeed": "70", "name": "R\u00f8rosbanen", "operator": "Bane NOR", "passenger_lines": "1", "railway": "rail", "usage": "main", "length_km": 0.354, "maxspeed_kmh": 70.0}}, {"type": "Feature", "geometry": {"type": "LineString", "coordinates": [[11.3494007, 62.8263778], [11.3495773, 62.8262545], [11.3501231, 62.8258399], [11.350401, 62.8256104]]}, "properties": {"electrified": "no", "gauge": "1435", "maxspeed": "130", "name": "R\u00f8rosbanen", "operator": "Bane NOR", "passenger_lines": "1", "railway": "rail", "usage": "main", "length_km": 0.1, "maxspeed_kmh": 130.0}}, {"type": "Feature", "geometry": {"type": "LineString", "coordinates": [[11.3316461, 62.8394359], [11.3319583, 62.8392718], [11.3322755, 62.8390919], [11.3324692, 62.8389716], [11.3326454, 62.838852], [11.3328842, 62.8386729], [11.333101, 62.8384855]]}, "properties": {"electrified": "no", "gauge": "1435", "maxspeed": "70", "name": "R\u00f8rosbanen", "operator": "Bane NOR", "passenger_lines": "1", "railway": "rail", "usage": "main", "length_km": 0.13, "maxspeed_kmh": 70.0}}, {"type": "Feature", "geometry": {"type": "LineString", "coordinates": [[11.3123521, 62.846967], [11.312811, 62.8469384]]}, "properties": {"electrified": "no", "gauge": "1435", "maxspeed": "70", "name": "R\u00f8rosbanen", "operator": "Bane NOR", "passenger_lines": "1", "railway": "rail", "usage": "main", "length_km": 0.024, "maxspeed_kmh": 70.0}}, {"type": "Feature", "geometry": {"type": "LineString", "coordinates": [[11.2760151, 62.8500779], [11.2762289, 62.8500785], [11.2764385, 62.8500747], [11.2769385, 62.8500555], [11.2775981, 62.8500157]]}, "properties": {"electrified": "no", "gauge": "1435", "maxspeed": "75", "name": "R\u00f8rosbanen", "operator": "Bane NOR", "passenger_lines": "1", "railway": "rail", "usage": "main", "length_km": 0.081, "maxspeed_kmh": 75.0}}, {"type": "Feature", "geometry": {"type": "LineString", "coordinates": [[11.2627888, 62.850614], [11.2632021, 62.8505637], [11.2636798, 62.8505151], [11.2639565, 62.8504921], [11.2644585, 62.8504557], [11.2652199, 62.8504192], [11.2655599, 62.8504066]]}, "properties": {"electrified": "no", "gauge": "1435", "maxspeed": "115", "name": "R\u00f8rosbanen", "operator": "Bane NOR", "passenger_lines": "1", "railway": "rail", "usage": "main", "length_km": 0.143, "maxspeed_kmh": 115.0}}, {"type": "Feature", "geometry": {"type": "LineString", "coordinates": [[11.2394666, 62.8524673], [11.2397041, 62.8524383], [11.2467793, 62.8516367], [11.2473282, 62.851576], [11.2478346, 62.8515268], [11.2482763, 62.8514922], [11.2487221, 62.8514654], [11.2491041, 62.8514498], [11.2496373, 62.8514353], [11.2502452, 62.8514354], [11.251799, 62.8514633], [11.2521702, 62.8514656], [11.2525992, 62.8514611], [11.2529474, 62.851453], [11.2533901, 62.851437], [11.2538276, 62.8514142], [11.2545723, 62.8513649], [11.255078, 62.8513247], [11.2577627, 62.8511061], [11.2597331, 62.8509405]]}, "properties": {"electrified": "no", "gauge": "1435", "maxspeed": "115", "name": "R\u00f8rosbanen", "operator": "Bane NOR", "passenger_lines": "1", "railway": "rail", "usage": "main", "length_km": 1.051, "maxspeed_kmh": 115.0}}, {"type": "Feature", "geometry": {"type": "LineString", "coordinates": [[11.225143, 62.8593412], [11.2252583, 62.8592703], [11.2254075, 62.8591666]]}, "properties": {"electrified": "no", "gauge": "1435", "maxspeed": "70", "name": "R\u00f8rosbanen", "operator": "Bane NOR", "passenger_lines": "1", "railway": "rail", "usage": "main", "length_km": 0.024, "maxspeed_kmh": 70.0}}, {"type": "Feature", "geometry": {"type": "LineString", "coordinates": [[11.1899205, 62.877421], [11.1908707, 62.8761721], [11.1911659, 62.8757765], [11.1914329, 62.8754385], [11.1915382, 62.8753205], [11.1916585, 62.8752038], [11.1917953, 62.8750843], [11.1919409, 62.8749688], [11.1920865, 62.8748648], [11.1923954, 62.8746737], [11.192556, 62.8745866], [11.1929238, 62.8744079], [11.1930979, 62.8743317], [11.1934833, 62.8741865], [11.1936764, 62.8741201], [11.1940641, 62.8740028], [11.1944874, 62.8738955], [11.1947203, 62.8738442], [11.1949358, 62.8738013], [11.1953807, 62.8737227], [11.1955879, 62.8736899], [11.196015, 62.8736297], [11.196424, 62.8735782], [11.1968284, 62.8735327], [11.1972462, 62.8734945], [11.197671, 62.8734608], [11.1989003, 62.8733762], [11.1992081, 62.8733493]]}, "properties": {"electrified": "no", "gauge": "1435", "maxspeed": "85", "name": "R\u00f8rosbanen", "operator": "Bane NOR", "passenger_lines": "1", "railway": "rail", "usage": "main", "length_km": 0.72, "maxspeed_kmh": 85.0}}, {"type": "Feature", "geometry": {"type": "LineString", "coordinates": [[11.1941941, 62.8979749], [11.1939368, 62.89758], [11.1937935, 62.897382], [11.1937073, 62.8972713], [11.1935477, 62.8970923], [11.1934633, 62.8970093], [11.1933636, 62.8969226], [11.1931508, 62.8967518], [11.1929159, 62.8965863], [11.1926545, 62.8964257], [11.192529, 62.8963555], [11.1922682, 62.8962226], [11.1919486, 62.8960786], [11.1916113, 62.8959467], [11.1912849, 62.8958331], [11.1910845, 62.8957706], [11.1907342, 62.8956715], [11.1896729, 62.8953999], [11.1894334, 62.8953374], [11.1892325, 62.8952801], [11.1888159, 62.8951483], [11.18863, 62.8950832], [11.1884323, 62.8950046], [11.1880678, 62.8948462], [11.1878886, 62.8947553], [11.1875822, 62.8945817], [11.1874409, 62.8944909], [11.1871939, 62.8943143], [11.1870706, 62.8942153], [11.1869645, 62.894122], [11.186798, 62.8939472], [11.1866728, 62.8937891], [11.1865954, 62.8936719], [11.1865263, 62.8935548], [11.1864312, 62.8933297], [11.1863714, 62.8930552], [11.186362, 62.8929232], [11.1863647, 62.8927803], [11.1863911, 62.8926194], [11.1864157, 62.8925217], [11.1864938, 62.8923106], [11.18663, 62.8920516], [11.1870013, 62.8913886], [11.1870626, 62.8912813]]}, "properties": {"electrified": "no", "gauge": "1435", "maxspeed": "85", "name": "R\u00f8rosbanen", "operator": "Bane NOR", "passenger_lines": "1", "railway": "rail", "usage": "main", "length_km": 0.909, "maxspeed_kmh": 85.0}}, {"type": "Feature", "geometry": {"type": "LineString", "coordinates": [[11.1818447, 62.9161566], [11.1821797, 62.9158786], [11.1826383, 62.9155357], [11.1851545, 62.9137724], [11.1854724, 62.9135425], [11.1856416, 62.9134134], [11.1857922, 62.9132889], [11.1860729, 62.9130448], [11.1862307, 62.912897], [11.1866663, 62.9124597], [11.1869889, 62.912146], [11.1871628, 62.9119906], [11.1873319, 62.91185], [11.187488, 62.9117302], [11.1880415, 62.9113362], [11.1885851, 62.9109613], [11.1891506, 62.9105856], [11.1897094, 62.9102234], [11.1903853, 62.9098006], [11.1909285, 62.9094822], [11.1917388, 62.9090551], [11.1923707, 62.9087434], [11.1926156, 62.9086157], [11.193153, 62.9083221], [11.1935018, 62.9081201], [11.1943883, 62.9075619], [11.1944653, 62.9075158]]}, "properties": {"electrified": "no", "gauge": "1435", "maxspeed": "105", "name": "R\u00f8rosbanen", "operator": "Bane NOR", "passenger_lines": "1", "railway": "rail", "usage": "main", "length_km": 1.161, "maxspeed_kmh": 105.0}}, {"type": "Feature", "geometry": {"type": "LineString", "coordinates": [[11.1787687, 62.9196471], [11.1793471, 62.918959]]}, "properties": {"electrified": "no", "gauge": "1435", "maxspeed": "105", "name": "R\u00f8rosbanen", "operator": "Bane NOR", "passenger_lines": "1", "railway": "rail", "usage": "main", "length_km": 0.082, "maxspeed_kmh": 105.0}}, {"type": "Feature", "geometry": {"type": "LineString", "coordinates": [[11.1567935, 62.9259595], [11.1574044, 62.9259227]]}, "properties": {"electrified": "no", "gauge": "1435", "maxspeed": "95", "name": "R\u00f8rosbanen", "operator": "Bane NOR", "passenger_lines": "1", "railway": "rail", "usage": "main", "length_km": 0.031, "maxspeed_kmh": 95.0}}, {"type": "Feature", "geometry": {"type": "LineString", "coordinates": [[11.1502003, 62.9272983], [11.150522, 62.9272311]]}, "properties": {"electrified": "no", "gauge": "1435", "maxspeed": "65", "name": "R\u00f8rosbanen", "operator": "Bane NOR", "passenger_lines": "1", "railway": "rail", "usage": "main", "length_km": 0.018, "maxspeed_kmh": 65.0}}, {"type": "Feature", "geometry": {"type": "LineString", "coordinates": [[11.1404405, 62.9288848], [11.1406165, 62.9288799], [11.141084, 62.9288587], [11.141219, 62.9288495]]}, "properties": {"electrified": "no", "gauge": "1435", "name": "R\u00f8rosbanen", "operator": "Bane NOR", "passenger_lines": "1", "railway": "rail", "usage": "main", "length_km": 0.04}}, {"type": "Feature", "geometry": {"type": "LineString", "coordinates": [[11.112454, 62.9317401], [11.1129975, 62.9316485], [11.1132926, 62.9315955], [11.1135086, 62.9315554], [11.1139326, 62.9314674], [11.1142131, 62.9314038], [11.1147268, 62.9312729], [11.1151315, 62.9311555], [11.1161412, 62.9308451], [11.116516, 62.930742], [11.1168662, 62.930661], [11.1172272, 62.9305904], [11.1176199, 62.9305305], [11.1178552, 62.9305014], [11.1181254, 62.9304748], [11.1185936, 62.9304431], [11.1191043, 62.9304298], [11.1194249, 62.9304317], [11.1197604, 62.9304403], [11.1202891, 62.93046]]}, "properties": {"electrified": "no", "gauge": "1435", "maxspeed": "75", "name": "R\u00f8rosbanen", "operator": "Bane NOR", "passenger_lines": "1", "railway": "rail", "usage": "main", "length_km": 0.433, "maxspeed_kmh": 75.0}}, {"type": "Feature", "geometry": {"type": "LineString", "coordinates": [[11.0726738, 62.9414674], [11.0729467, 62.9414089]]}, "properties": {"electrified": "no", "gauge": "1435", "maxspeed": "85", "name": "R\u00f8rosbanen", "operator": "Bane NOR", "passenger_lines": "1", "railway": "rail", "usage": "main", "length_km": 0.015, "maxspeed_kmh": 85.0}}, {"type": "Feature", "geometry": {"type": "LineString", "coordinates": [[11.0395006, 62.9534518], [11.0398098, 62.9533242], [11.0401174, 62.9531745], [11.0403736, 62.9530254], [11.0404724, 62.95296], [11.0405799, 62.9528837], [11.0407237, 62.9527717], [11.0408948, 62.9526159], [11.0409302, 62.9525779], [11.0409812, 62.9525227], [11.0411357, 62.9523351], [11.041224, 62.9522127], [11.0429256, 62.9496891], [11.0431039, 62.9494441], [11.0432724, 62.9492505], [11.0433757, 62.9491489], [11.0435569, 62.9489998], [11.043658, 62.9489256], [11.0439074, 62.948767], [11.0441864, 62.9486175], [11.0443516, 62.9485416], [11.0445006, 62.9484785], [11.0447875, 62.9483695], [11.0450153, 62.9482941], [11.0452758, 62.9482166], [11.0460862, 62.9479977], [11.0461697, 62.9479743]]}, "properties": {"electrified": "no", "gauge": "1435", "maxspeed": "75", "name": "R\u00f8rosbanen", "operator": "Bane NOR", "passenger_lines": "1", "railway": "rail", "usage": "main", "length_km": 0.721, "maxspeed_kmh": 75.0}}, {"type": "Feature", "geometry": {"type": "LineString", "coordinates": [[10.9532913, 62.9686643], [10.953529, 62.9684441], [10.9539238, 62.9681282], [10.9541553, 62.9679725], [10.9544046, 62.9678239], [10.9546509, 62.9676991], [10.9548979, 62.9675819], [10.9551436, 62.9674729], [10.9554413, 62.9673494], [10.9557393, 62.9672332], [10.9563026, 62.9670395], [10.9566187, 62.9669439], [10.9569397, 62.9668537], [10.9575844, 62.9667005], [10.9590499, 62.9664117], [10.9661129, 62.9650484], [10.9667553, 62.9649146], [10.9672642, 62.9647967], [10.9675436, 62.9647253], [10.9680497, 62.9645864], [10.9685503, 62.9644366], [10.9688596, 62.9643371], [10.9691465, 62.9642417], [10.9696648, 62.9640598], [10.9702921, 62.963822], [10.9708676, 62.9635876], [10.9714871, 62.963314], [10.9716931, 62.9632186], [10.9721208, 62.9630088], [10.9725002, 62.9628137], [10.973291, 62.9623819], [10.973738, 62.9621493], [10.9740111, 62.9620215], [10.974162, 62.9619573], [10.9744731, 62.9618364], [10.9746107, 62.9617881], [10.9749041, 62.9616934], [10.9754259, 62.9615496], [10.9758644, 62.9614414], [10.9772874, 62.9611022], [10.9777589, 62.9609837]]}, "properties": {"electrified": "no", "gauge": "1435", "maxspeed": "90", "name": "R\u00f8rosbanen", "operator": "Bane NOR", "passenger_lines": "1", "railway": "rail", "usage": "main", "length_km": 1.538, "maxspeed_kmh": 90.0}}, {"type": "Feature", "geometry": {"type": "LineString", "coordinates": [[10.9299723, 62.9836043], [10.9300794, 62.983532], [10.9302601, 62.9834132], [10.9304672, 62.9832908], [10.9306987, 62.9831712], [10.9309753, 62.9830466], [10.9312939, 62.9829256], [10.9314917, 62.9828597], [10.9318421, 62.9827565], [10.9322212, 62.9826627], [10.9323986, 62.9826265], [10.9326062, 62.9825843], [10.9329209, 62.9825316], [10.9333859, 62.9824652], [10.933699, 62.9824245], [10.9370978, 62.9820061], [10.9375678, 62.9819411], [10.9378881, 62.9818867], [10.9380075, 62.9818664], [10.9383833, 62.9817864], [10.9385687, 62.981739], [10.9389231, 62.9816371], [10.9392799, 62.9815122], [10.9394368, 62.9814496], [10.9397519, 62.9813139], [10.9404055, 62.9810153], [10.9410503, 62.9807276], [10.9414737, 62.9805446], [10.9425639, 62.9800856], [10.9427156, 62.9800165], [10.9430024, 62.9798753], [10.9433072, 62.9796948], [10.9434367, 62.9796057], [10.9435487, 62.9795221], [10.9437922, 62.979305], [10.9440923, 62.9789779], [10.9446255, 62.9783324], [10.9448414, 62.9780565], [10.9450352, 62.9777837], [10.9452222, 62.9774802], [10.9453615, 62.977195], [10.9454513, 62.9769875], [10.9456171, 62.9765637], [10.9457317, 62.9762537], [10.9458317, 62.9759502], [10.9458702, 62.9758031], [10.9458981, 62.9756548], [10.9459066, 62.9754658], [10.9458916, 62.9753468], [10.9458569, 62.9752107], [10.9458204, 62.9751106], [10.9457688, 62.9750016], [10.9456353, 62.9747931], [10.9455103, 62.9746454], [10.9453888, 62.9745166], [10.9450941, 62.9742243], [10.9449097, 62.9740261], [10.9447662, 62.9738497], [10.9447106, 62.9737671], [10.9446044, 62.9735713], [10.9445419, 62.9733909], [10.9445107, 62.9732006], [10.9445089, 62.9730805], [10.9445402, 62.9728723], [10.9445717, 62.9727666], [10.9446074, 62.9726777], [10.9447107, 62.9724901], [10.9448391, 62.9723172], [10.9450304, 62.9721233], [10.9451541, 62.9720183], [10.9452757, 62.971928], [10.9454094, 62.9718374], [10.9455419, 62.971756], [10.9456947, 62.9716717], [10.9458737, 62.9715829], [10.9462047, 62.9714403], [10.9466108, 62.9712978], [10.9469064, 62.9712099], [10.9472542, 62.9711155], [10.9485237, 62.9707904], [10.9491171, 62.9706148], [10.9497116, 62.9704174], [10.9502991, 62.9702151], [10.951057, 62.9699394], [10.9515865, 62.9697342], [10.9518322, 62.9696297], [10.9522751, 62.9694135], [10.9524866, 62.9692902], [10.9526704, 62.9691727], [10.9528501, 62.9690432], [10.9530235, 62.9689005], [10.9531972, 62.9687515], [10.9532913, 62.9686643]]}, "properties": {"electrified": "no", "gauge": "1435", "maxspeed": "75", "name": "R\u00f8rosbanen", "operator": "Bane NOR", "passenger_lines": "1", "railway": "rail", "usage": "main", "length_km": 2.289, "maxspeed_kmh": 75.0}}, {"type": "Feature", "geometry": {"type": "LineString", "coordinates": [[10.9291045, 62.9842194], [10.9292432, 62.9841365], [10.9294008, 62.9840312], [10.9299723, 62.9836043]]}, "properties": {"electrified": "no", "gauge": "1435", "maxspeed": "50", "name": "R\u00f8rosbanen", "operator": "Bane NOR", "passenger_lines": "1", "railway": "rail", "usage": "main", "length_km": 0.082, "maxspeed_kmh": 50.0}}, {"type": "Feature", "geometry": {"type": "LineString", "coordinates": [[10.9113886, 62.9792086], [10.9116604, 62.9792596], [10.9122707, 62.9793825], [10.9130019, 62.9795395], [10.9134048, 62.9796315], [10.914154, 62.9798103], [10.9145963, 62.979923], [10.9149696, 62.9800202], [10.9160077, 62.9803071], [10.9167729, 62.9805298], [10.9174042, 62.9807256], [10.917935, 62.9808964], [10.9185384, 62.9811012]]}, "properties": {"electrified": "no", "gauge": "1435", "name": "R\u00f8rosbanen", "operator": "Bane NOR", "passenger_lines": "1", "railway": "rail", "usage": "main", "length_km": 0.421}}, {"type": "Feature", "geometry": {"type": "LineString", "coordinates": [[10.8767517, 62.966516], [10.8770203, 62.9665645], [10.8777681, 62.9667049], [10.878524, 62.9668621], [10.8789697, 62.9669644], [10.8795026, 62.9670951], [10.8801984, 62.9672824], [10.8811943, 62.9675674], [10.8817408, 62.9677362], [10.88246, 62.9679692], [10.8829293, 62.968126], [10.8834668, 62.9683177], [10.8840842, 62.9685463], [10.8879695, 62.9700206], [10.8885546, 62.9702487], [10.888786, 62.9703456], [10.8890095, 62.9704435], [10.8892391, 62.9705557], [10.8894639, 62.970673], [10.8896604, 62.9707837], [10.8898433, 62.9708933], [10.8901896, 62.9711237], [10.8904842, 62.9713531], [10.890628, 62.9714812], [10.8908541, 62.9717045], [10.8911105, 62.9720018], [10.8915872, 62.9725758], [10.8919459, 62.9729543], [10.8922059, 62.973185], [10.8923964, 62.9733435], [10.8925679, 62.9734722], [10.8928558, 62.9736757], [10.8931948, 62.9738906], [10.8935301, 62.9740864], [10.8939431, 62.9743092], [10.8944024, 62.9745369], [10.8946953, 62.9746731], [10.8949594, 62.974789], [10.8954916, 62.9750099], [10.8960195, 62.9752204], [10.8969971, 62.9755964], [10.8977154, 62.9758644], [10.8981448, 62.9760181], [10.8985251, 62.9761543], [10.8995059, 62.9764963], [10.9003206, 62.9767688], [10.9011039, 62.9770253], [10.9022111, 62.9773742], [10.9029808, 62.9776081], [10.9036444, 62.9777959], [10.9040373, 62.9778935], [10.9044685, 62.9779881], [10.9050274, 62.9780947], [10.9108618, 62.9791097], [10.9113886, 62.9792086]]}, "properties": {"electrified": "no", "gauge": "1435", "maxspeed": "105", "name": "R\u00f8rosbanen", "operator": "Bane NOR", "passenger_lines": "1", "railway": "rail", "usage": "main", "length_km": 2.319, "maxspeed_kmh": 105.0}}, {"type": "Feature", "geometry": {"type": "LineString", "coordinates": [[10.8633054, 62.9621143], [10.8643554, 62.9622255], [10.8649908, 62.9622979], [10.8653383, 62.9623411], [10.8654452, 62.9623568], [10.8656425, 62.9623865], [10.8661952, 62.9624822], [10.866686, 62.9625771], [10.8669869, 62.9626436], [10.8675541, 62.9627791], [10.8679269, 62.9628777], [10.8684293, 62.9630266], [10.8686614, 62.9631008], [10.8688965, 62.9631838], [10.869185, 62.9632948], [10.8695173, 62.9634357], [10.8698734, 62.9635939], [10.870516, 62.9638868], [10.8707703, 62.9640083], [10.8712156, 62.9642442], [10.8716301, 62.9644903], [10.8726048, 62.9651119], [10.872987, 62.9653413], [10.873167, 62.9654414], [10.8733731, 62.9655453], [10.8737471, 62.9657162], [10.8741231, 62.965867], [10.8743387, 62.965944], [10.874558, 62.9660178], [10.8748089, 62.9660943], [10.8752551, 62.9662147], [10.8755045, 62.9662735], [10.8762262, 62.9664211], [10.8767517, 62.966516]]}, "properties": {"electrified": "no", "gauge": "1435", "maxspeed": "75", "name": "R\u00f8rosbanen", "operator": "Bane NOR", "passenger_lines": "1", "railway": "rail", "usage": "main", "length_km": 0.864, "maxspeed_kmh": 75.0}}, {"type": "Feature", "geometry": {"type": "LineString", "coordinates": [[10.8361595, 62.9602038], [10.8407235, 62.9597331], [10.8413396, 62.9596742], [10.841938, 62.9596273], [10.8425251, 62.9595901], [10.8429554, 62.9595678], [10.843758, 62.9595422], [10.8447514, 62.9595305], [10.8455152, 62.9595402], [10.8459729, 62.9595525], [10.8466926, 62.9595843], [10.8473649, 62.9596259], [10.8477138, 62.9596507], [10.8488019, 62.9597514], [10.8491519, 62.9597919], [10.8496555, 62.9598561], [10.8507462, 62.96001], [10.8511348, 62.9600677], [10.8519916, 62.9602042], [10.852891, 62.9603607], [10.8536359, 62.9605009], [10.8544142, 62.9606529], [10.8581749, 62.9613994], [10.858775, 62.9615142], [10.8597213, 62.9616785], [10.8602652, 62.9617615], [10.8606242, 62.9618119], [10.8615362, 62.9619269], [10.8633054, 62.9621143]]}, "properties": {"electrified": "no", "gauge": "1435", "maxspeed": "125", "name": "R\u00f8rosbanen", "operator": "Bane NOR", "passenger_lines": "1", "railway": "rail", "usage": "main", "length_km": 1.434, "maxspeed_kmh": 125.0}}, {"type": "Feature", "geometry": {"type": "LineString", "coordinates": [[10.8359573, 62.9602244], [10.8361595, 62.9602038]]}, "properties": {"bridge": "yes", "electrified": "no", "gauge": "1435", "maxspeed": "125", "name": "R\u00f8rosbanen", "operator": "Bane NOR", "passenger_lines": "1", "railway": "rail", "usage": "main", "length_km": 0.011, "maxspeed_kmh": 125.0}}, {"type": "Feature", "geometry": {"type": "LineString", "coordinates": [[10.835414, 62.9602806], [10.8359573, 62.9602244]]}, "properties": {"electrified": "no", "gauge": "1435", "maxspeed": "125", "name": "R\u00f8rosbanen", "operator": "Bane NOR", "passenger_lines": "1", "railway": "rail", "usage": "main", "length_km": 0.028, "maxspeed_kmh": 125.0}}, {"type": "Feature", "geometry": {"type": "LineString", "coordinates": [[10.8274072, 62.9611123], [10.82768, 62.9610851], [10.8350254, 62.9603216]]}, "properties": {"electrified": "no", "gauge": "1435", "maxspeed": "125", "name": "R\u00f8rosbanen", "operator": "Bane NOR", "passenger_lines": "1", "railway": "rail", "usage": "main", "length_km": 0.397, "maxspeed_kmh": 125.0}}, {"type": "Feature", "geometry": {"type": "LineString", "coordinates": [[11.3751992, 62.7019415], [11.375263, 62.7019036], [11.3756328, 62.7016701], [11.3758404, 62.7015315], [11.3760267, 62.7014039], [11.3763859, 62.701144], [11.376719, 62.7008865], [11.3774353, 62.7002876], [11.3797917, 62.6982659], [11.3809157, 62.6973109], [11.3809992, 62.6972429]]}, "properties": {"electrified": "no", "gauge": "1435", "name": "R\u00f8rosbanen", "operator": "Bane NOR", "passenger_lines": "1", "railway": "rail", "usage": "main", "length_km": 0.603}}, {"type": "Feature", "geometry": {"type": "LineString", "coordinates": [[11.3625978, 62.7085718], [11.3634398, 62.708134], [11.3636539, 62.708021], [11.3674095, 62.7060583], [11.3687267, 62.7053725], [11.373024, 62.7031264], [11.3740545, 62.7025891], [11.3745594, 62.7023125], [11.3747634, 62.7022007], [11.3751992, 62.7019415]]}, "properties": {"electrified": "no", "gauge": "1435", "maxspeed": "130", "name": "R\u00f8rosbanen", "operator": "Bane NOR", "passenger_lines": "1", "railway": "rail", "usage": "main", "length_km": 0.981, "maxspeed_kmh": 130.0}}, {"type": "Feature", "geometry": {"type": "LineString", "coordinates": [[11.4195122, 62.6709028], [11.4192551, 62.6659228], [11.4192225, 62.6653199], [11.4192135, 62.6651565]]}, "properties": {"electrified": "no", "gauge": "1435", "name": "R\u00f8rosbanen", "operator": "Bane NOR", "passenger_lines": "1", "railway": "rail", "usage": "main", "length_km": 0.641}}, {"type": "Feature", "geometry": {"type": "LineString", "coordinates": [[11.3754599, 61.0346995], [11.3754853, 61.0346736], [11.3798401, 61.0303877]]}, "properties": {"electrified": "no", "gauge": "1435", "name": "R\u00f8rosbanen", "operator": "Bane NOR", "passenger_lines": "1", "railway": "rail", "usage": "main", "length_km": 0.536}}, {"type": "Feature", "geometry": {"type": "LineString", "coordinates": [[11.3798401, 61.0303877], [11.3809331, 61.0293119], [11.385908, 61.0244149], [11.3865442, 61.0237886], [11.3885616, 61.0217814]]}, "properties": {"electrified": "no", "gauge": "1435", "maxspeed": "130", "name": "R\u00f8rosbanen", "operator": "Bane NOR", "passenger_lines": "1", "railway": "rail", "usage": "main", "length_km": 1.069, "maxspeed_kmh": 130.0}}, {"type": "Feature", "geometry": {"type": "LineString", "coordinates": [[11.3986959, 61.0116719], [11.4010489, 61.0093343], [11.4011163, 61.0092672]]}, "properties": {"electrified": "no", "gauge": "1435", "maxspeed": "130", "name": "R\u00f8rosbanen", "operator": "Bane NOR", "passenger_lines": "1", "railway": "rail", "usage": "main", "length_km": 0.298, "maxspeed_kmh": 130.0}}, {"type": "Feature", "geometry": {"type": "LineString", "coordinates": [[11.3886062, 61.0217371], [11.3923981, 61.0179642], [11.3936908, 61.0166696]]}, "properties": {"electrified": "no", "gauge": "1435", "maxspeed": "130", "name": "R\u00f8rosbanen", "operator": "Bane NOR", "passenger_lines": "1", "railway": "rail", "usage": "main", "length_km": 0.628, "maxspeed_kmh": 130.0}}, {"type": "Feature", "geometry": {"type": "LineString", "coordinates": [[11.40118, 61.0092035], [11.4019858, 61.0083997], [11.4024872, 61.0079096], [11.4028479, 61.0075758], [11.4030707, 61.0073855], [11.4032165, 61.0072587], [11.4034859, 61.0070452], [11.4039683, 61.0066839], [11.4044547, 61.0063462], [11.4048226, 61.0061074], [11.4050117, 61.0059904], [11.4056671, 61.0056055], [11.4062764, 61.0052738], [11.4068177, 61.0050048], [11.4074426, 61.0047163], [11.4080131, 61.0044685], [11.4091947, 61.0039778]]}, "properties": {"electrified": "no", "gauge": "1435", "maxspeed": "130", "name": "R\u00f8rosbanen", "operator": "Bane NOR", "passenger_lines": "1", "railway": "rail", "usage": "main", "length_km": 0.734, "maxspeed_kmh": 130.0}}, {"type": "Feature", "geometry": {"type": "LineString", "coordinates": [[11.42892, 60.9937234], [11.4290417, 60.9936855], [11.4294521, 60.9935679], [11.4297533, 60.9934935], [11.4300754, 60.9934235], [11.4302437, 60.9933896], [11.4305707, 60.993331], [11.4319163, 60.993113], [11.4323272, 60.9930353], [11.4325966, 60.9929767], [11.4328843, 60.9929059], [11.4331779, 60.9928272], [11.4336094, 60.9926931], [11.4338677, 60.9926004], [11.4342015, 60.9924665], [11.434453, 60.9923535], [11.4346597, 60.9922513], [11.4349665, 60.9920825], [11.4351616, 60.9919632], [11.4353857, 60.9918163], [11.4359394, 60.9914315], [11.436249, 60.9912245], [11.4365145, 60.9910603], [11.4369071, 60.9908382], [11.4371914, 60.9906912], [11.4375177, 60.990534], [11.4379042, 60.9903628], [11.4382171, 60.9902363], [11.4384057, 60.990165], [11.4388196, 60.9900153], [11.4391077, 60.9899215], [11.4395171, 60.9897952], [11.439746, 60.9897299]]}, "properties": {"electrified": "no", "gauge": "1435", "maxspeed": "100", "name": "R\u00f8rosbanen", "operator": "Bane NOR", "passenger_lines": "1", "railway": "rail", "usage": "main", "length_km": 0.752, "maxspeed_kmh": 100.0}}, {"type": "Feature", "geometry": {"type": "LineString", "coordinates": [[11.4579212, 60.9834091], [11.4581488, 60.9833222], [11.4586244, 60.983133], [11.4591257, 60.9829228], [11.459614, 60.9827087], [11.4602107, 60.9824314], [11.4605344, 60.982274], [11.4609725, 60.9820505], [11.4614389, 60.9818018], [11.4618145, 60.9815931], [11.463423, 60.9806825], [11.464284, 60.9801949], [11.466516, 60.9789322]]}, "properties": {"electrified": "no", "gauge": "1435", "maxspeed": "130", "name": "R\u00f8rosbanen", "operator": "Bane NOR", "passenger_lines": "1", "railway": "rail", "usage": "main", "length_km": 0.683, "maxspeed_kmh": 130.0}}, {"type": "Feature", "geometry": {"type": "LineString", "coordinates": [[11.3652364, 61.1513808], [11.3667199, 61.1489751], [11.3671619, 61.1482747], [11.3674149, 61.1479054], [11.3676924, 61.1475159], [11.3690831, 61.1456382], [11.3695172, 61.1450784], [11.370792, 61.1434978]]}, "properties": {"electrified": "no", "gauge": "1435", "maxspeed": "130", "name": "R\u00f8rosbanen", "operator": "Bane NOR", "passenger_lines": "1", "railway": "rail", "usage": "main", "length_km": 0.929, "maxspeed_kmh": 130.0}}, {"type": "Feature", "geometry": {"type": "LineString", "coordinates": [[11.3663423, 61.1298932], [11.3634148, 61.1269399], [11.363164, 61.1266705], [11.363021, 61.1264962], [11.3628689, 61.1262851], [11.3627433, 61.1260723], [11.3626883, 61.1259653], [11.3625978, 61.1257557], [11.3625274, 61.1255369], [11.3624775, 61.1253169], [11.3624541, 61.1251022], [11.3624517, 61.1248633], [11.3624787, 61.1246314], [11.3625259, 61.1244084], [11.3626027, 61.1241808], [11.3626421, 61.1240792], [11.3626938, 61.1239711], [11.3628107, 61.123758], [11.3628732, 61.1236529], [11.3631363, 61.1232521], [11.3645067, 61.1212128], [11.3646566, 61.1209838], [11.3648941, 61.1205977], [11.3650455, 61.1203372], [11.3652254, 61.1199916], [11.3654431, 61.1195312]]}, "properties": {"electrified": "no", "gauge": "1435", "maxspeed": "100", "name": "R\u00f8rosbanen", "operator": "Bane NOR", "passenger_lines": "1", "railway": "rail", "usage": "main", "length_km": 1.222, "maxspeed_kmh": 100.0}}, {"type": "Feature", "geometry": {"type": "LineString", "coordinates": [[11.3648302, 61.1063324], [11.364717, 61.1062246], [11.3628512, 61.1045543], [11.3626967, 61.1044133], [11.3625052, 61.1042151], [11.3623002, 61.1039771], [11.3621325, 61.1037269], [11.3619937, 61.1034859], [11.3618815, 61.1032223], [11.3618387, 61.1030785], [11.3618039, 61.1029436], [11.3617991, 61.1029171], [11.3617737, 61.1027756], [11.3617551, 61.1025931], [11.3615635, 61.0993579], [11.3615367, 61.0990265], [11.3614999, 61.098744], [11.3614384, 61.0984119], [11.3613787, 61.0981461], [11.3612964, 61.097849], [11.3611979, 61.097531], [11.3610062, 61.0970327], [11.3608654, 61.0967167], [11.3607343, 61.0964496], [11.360559, 61.0961241], [11.3597753, 61.0948094], [11.3595933, 61.0945151], [11.3594699, 61.0943287], [11.359265, 61.0940485], [11.3591617, 61.0939264], [11.359146, 61.093909], [11.3589336, 61.0936737], [11.3587986, 61.0935434], [11.3585328, 61.0933066], [11.3583723, 61.0931743], [11.3571873, 61.0922392], [11.3568802, 61.0919785], [11.3566313, 61.0917472], [11.3564376, 61.091548], [11.356241, 61.0913315], [11.356037, 61.0910827], [11.3558664, 61.0908463], [11.3556649, 61.0905295], [11.3555264, 61.0902682], [11.355396, 61.0899766], [11.3553089, 61.089736], [11.3552359, 61.089474], [11.3551652, 61.0890999], [11.3549828, 61.0872854], [11.3549334, 61.0870145], [11.3548972, 61.0868851], [11.3548058, 61.0866384], [11.3547288, 61.086474], [11.3546525, 61.0863302], [11.3545638, 61.0861857], [11.3543784, 61.0859212], [11.3541469, 61.085657], [11.353952, 61.0854554]]}, "properties": {"electrified": "no", "gauge": "1435", "maxspeed": "100", "name": "R\u00f8rosbanen", "operator": "Bane NOR", "passenger_lines": "1", "railway": "rail", "usage": "main", "length_km": 2.438, "maxspeed_kmh": 100.0}}, {"type": "Feature", "geometry": {"type": "LineString", "coordinates": [[11.353952, 61.0854554], [11.3537225, 61.0852319], [11.3534333, 61.084919], [11.3533086, 61.0847508], [11.3531849, 61.0845337], [11.3531309, 61.0844264], [11.3530611, 61.0842383], [11.3529959, 61.0839867], [11.3529691, 61.0837554], [11.3529655, 61.0836496], [11.3530035, 61.0831595], [11.3530046, 61.0828999], [11.3529875, 61.0827593], [11.3529543, 61.0826047], [11.3529117, 61.0824579], [11.3528559, 61.0823108], [11.3527876, 61.0821613], [11.3526918, 61.0819943], [11.3525846, 61.0818374], [11.3524675, 61.0816916], [11.3520219, 61.0811743], [11.3518319, 61.0809155], [11.35168, 61.0806478], [11.3515478, 61.080339], [11.3514725, 61.0801263], [11.3514155, 61.0799256], [11.3513644, 61.0797095], [11.3513303, 61.0795244], [11.3513142, 61.0791476], [11.3513207, 61.0789674], [11.3513501, 61.0787335], [11.3513977, 61.0784856], [11.3514427, 61.0782972], [11.3514869, 61.0781399], [11.3515453, 61.0779221], [11.3518066, 61.0769473]]}, "properties": {"electrified": "no", "gauge": "1435", "maxspeed": "90", "name": "R\u00f8rosbanen", "operator": "Bane NOR", "passenger_lines": "1", "railway": "rail", "usage": "main", "length_km": 0.972, "maxspeed_kmh": 90.0}}, {"type": "Feature", "geometry": {"type": "LineString", "coordinates": [[11.2592376, 61.3339934], [11.2594778, 61.3336137]]}, "properties": {"electrified": "no", "gauge": "1435", "maxspeed": "130", "name": "R\u00f8rosbanen", "operator": "Bane NOR", "passenger_lines": "1", "railway": "rail", "usage": "main", "length_km": 0.044, "maxspeed_kmh": 130.0}}, {"type": "Feature", "geometry": {"type": "LineString", "coordinates": [[11.2845428, 61.2920643], [11.2866988, 61.2894592], [11.2869648, 61.2891591], [11.2870963, 61.289022], [11.2873236, 61.2887969], [11.2875579, 61.2885845], [11.2877494, 61.2884241], [11.2879374, 61.2882679], [11.288187, 61.2880786], [11.2884556, 61.2878865], [11.2888873, 61.2875976], [11.2899602, 61.2869086], [11.2903711, 61.2866286], [11.2906583, 61.2864254], [11.2910277, 61.286152], [11.2913473, 61.2859044], [11.2916094, 61.2856922], [11.2920123, 61.2853722]]}, "properties": {"electrified": "no", "gauge": "1435", "maxspeed": "130", "name": "R\u00f8rosbanen", "operator": "Bane NOR", "passenger_lines": "1", "railway": "rail", "usage": "main", "length_km": 0.851, "maxspeed_kmh": 130.0}}, {"type": "Feature", "geometry": {"type": "LineString", "coordinates": [[11.3000525, 61.281454], [11.3004279, 61.2811836], [11.3007115, 61.2809545], [11.3046861, 61.2779539], [11.3053268, 61.2774637], [11.3057182, 61.277145], [11.3061336, 61.2767838], [11.3065257, 61.2764167], [11.3069347, 61.2759992], [11.3073334, 61.2755563], [11.3076265, 61.2752001], [11.30786, 61.2748984], [11.3086153, 61.2738621], [11.3088294, 61.2735886], [11.3090034, 61.2733863], [11.3092805, 61.2730997], [11.3106118, 61.2718304], [11.3108168, 61.271629], [11.3110898, 61.2713472], [11.3112777, 61.2711423], [11.3115263, 61.2708573], [11.3117358, 61.2706055], [11.3118945, 61.2704013], [11.3120884, 61.2701418], [11.3122941, 61.2698489], [11.3126169, 61.2693399], [11.3131692, 61.2684146], [11.3133048, 61.2681844], [11.3134746, 61.2679014]]}, "properties": {"electrified": "no", "gauge": "1435", "maxspeed": "110", "name": "R\u00f8rosbanen", "operator": "Bane NOR", "passenger_lines": "1", "railway": "rail", "usage": "main", "length_km": 1.682, "maxspeed_kmh": 110.0}}, {"type": "Feature", "geometry": {"type": "LineString", "coordinates": [[11.3134746, 61.2679014], [11.3136198, 61.2676593], [11.3137334, 61.2674811], [11.3138611, 61.2672931], [11.3139589, 61.2671621], [11.3141325, 61.2669483], [11.3143114, 61.26675], [11.314593, 61.2664811], [11.3148109, 61.2662929], [11.3150789, 61.2660822], [11.315264, 61.2659488], [11.315525, 61.2657743], [11.3159155, 61.2655329], [11.317001, 61.2649108]]}, "properties": {"electrified": "no", "gauge": "1435", "maxspeed": "110", "name": "R\u00f8rosbanen", "operator": "Bane NOR", "passenger_lines": "1", "railway": "rail", "usage": "main", "length_km": 0.388, "maxspeed_kmh": 110.0}}, {"type": "Feature", "geometry": {"type": "LineString", "coordinates": [[11.3181764, 61.25718], [11.3182294, 61.2570358], [11.3183119, 61.256852], [11.3184226, 61.2566535], [11.318577, 61.2564185], [11.3186678, 61.2562996], [11.3188832, 61.2560494], [11.3190444, 61.2558833]]}, "properties": {"electrified": "no", "gauge": "1435", "maxspeed": "110", "name": "R\u00f8rosbanen", "operator": "Bane NOR", "passenger_lines": "1", "railway": "rail", "usage": "main", "length_km": 0.152, "maxspeed_kmh": 110.0}}, {"type": "Feature", "geometry": {"type": "LineString", "coordinates": [[11.317001, 61.2649108], [11.3173724, 61.2646891], [11.3174552, 61.2646397], [11.3177938, 61.2644155], [11.3180492, 61.2642258], [11.3181945, 61.2641078], [11.3184092, 61.2639173], [11.31861, 61.2637144], [11.3187464, 61.2635588], [11.3189037, 61.2633565], [11.3190078, 61.2632008], [11.3190867, 61.2630662], [11.3191333, 61.2629867], [11.3192028, 61.2628468], [11.3192705, 61.2626823], [11.3193278, 61.2625145], [11.3193752, 61.2623267], [11.3194067, 61.26213], [11.3194191, 61.2619439], [11.3194183, 61.2617915], [11.3193995, 61.2615868], [11.3193621, 61.2613858], [11.3192924, 61.2611406], [11.3191844, 61.2608624], [11.3190121, 61.2604882]]}, "properties": {"electrified": "no", "gauge": "1435", "maxspeed": "110", "name": "R\u00f8rosbanen", "operator": "Bane NOR", "passenger_lines": "1", "railway": "rail", "usage": "main", "length_km": 0.527, "maxspeed_kmh": 110.0}}, {"type": "Feature", "geometry": {"type": "LineString", "coordinates": [[11.3278619, 61.2401922], [11.3290018, 61.2368533], [11.330897, 61.2312756], [11.3324217, 61.2269427], [11.3324717, 61.2267948], [11.3337676, 61.2230711], [11.3353761, 61.2183718], [11.3364094, 61.2153477]]}, "properties": {"electrified": "no", "gauge": "1435", "maxspeed": "130", "name": "R\u00f8rosbanen", "operator": "Bane NOR", "passenger_lines": "1", "railway": "rail", "usage": "main", "length_km": 2.807, "maxspeed_kmh": 130.0}}, {"type": "Feature", "geometry": {"type": "LineString", "coordinates": [[11.3278185, 61.2403341], [11.3278619, 61.2401922]]}, "properties": {"bridge": "yes", "electrified": "no", "gauge": "1435", "maxspeed": "130", "name": "R\u00f8rosbanen", "operator": "Bane NOR", "passenger_lines": "1", "railway": "rail", "usage": "main", "length_km": 0.016, "maxspeed_kmh": 130.0}}, {"type": "Feature", "geometry": {"type": "LineString", "coordinates": [[11.3371712, 61.2102998], [11.3371335, 61.2101428], [11.3370543, 61.2098231], [11.3369051, 61.2093055], [11.3359661, 61.2064808], [11.3359042, 61.206277], [11.3358937, 61.2062412]]}, "properties": {"electrified": "no", "gauge": "1435", "name": "R\u00f8rosbanen", "operator": "Bane NOR", "passenger_lines": "1", "railway": "rail", "usage": "main", "length_km": 0.458}}, {"type": "Feature", "geometry": {"type": "LineString", "coordinates": [[11.3358937, 61.2062412], [11.335856, 61.2060706], [11.3358388, 61.2059672], [11.3358323, 61.205854], [11.3358426, 61.2056541], [11.3358779, 61.2054692], [11.3359031, 61.2053775], [11.3359747, 61.2051976], [11.3360529, 61.2050245]]}, "properties": {"electrified": "no", "gauge": "1435", "maxspeed": "90", "name": "R\u00f8rosbanen", "operator": "Bane NOR", "passenger_lines": "1", "railway": "rail", "usage": "main", "length_km": 0.137, "maxspeed_kmh": 90.0}}, {"type": "Feature", "geometry": {"type": "LineString", "coordinates": [[11.3360529, 61.2050245], [11.3361516, 61.2048647], [11.3366816, 61.2039722]]}, "properties": {"electrified": "no", "gauge": "1435", "name": "R\u00f8rosbanen", "operator": "Bane NOR", "passenger_lines": "1", "railway": "rail", "usage": "main", "length_km": 0.122}}, {"type": "Feature", "geometry": {"type": "LineString", "coordinates": [[11.3367151, 61.2039164], [11.3391075, 61.1998914]]}, "properties": {"electrified": "no", "gauge": "1435", "name": "R\u00f8rosbanen", "operator": "Bane NOR", "passenger_lines": "1", "railway": "rail", "usage": "main", "length_km": 0.467}}, {"type": "Feature", "geometry": {"type": "LineString", "coordinates": [[11.0363132, 61.5805283], [11.0363445, 61.5803961], [11.0363676, 61.580312], [11.0364532, 61.5800769], [11.0365608, 61.579804], [11.0366638, 61.579597]]}, "properties": {"electrified": "no", "gauge": "1435", "maxspeed": "40", "name": "R\u00f8rosbanen", "operator": "Bane NOR", "passenger_lines": "1", "railway": "rail", "usage": "main", "length_km": 0.106, "maxspeed_kmh": 40.0}}, {"type": "Feature", "geometry": {"type": "LineString", "coordinates": [[11.046246, 61.5716823], [11.0464811, 61.571536]]}, "properties": {"electrified": "no", "gauge": "1435", "maxspeed": "40", "name": "R\u00f8rosbanen", "operator": "Bane NOR", "passenger_lines": "1", "railway": "rail", "usage": "main", "length_km": 0.021, "maxspeed_kmh": 40.0}}, {"type": "Feature", "geometry": {"type": "LineString", "coordinates": [[11.0691223, 61.5379985], [11.0691448, 61.5377309], [11.0691396, 61.5376022], [11.0690932, 61.5373711], [11.0690449, 61.5372328], [11.0689869, 61.5370968], [11.0688709, 61.5368829], [11.0685624, 61.5363925], [11.0684376, 61.5361617], [11.0683796, 61.5360283], [11.0683383, 61.5359019], [11.0683108, 61.535786], [11.0682912, 61.5356585], [11.0682833, 61.5355301], [11.0682874, 61.5354309], [11.068299, 61.5352995], [11.0683231, 61.5351702], [11.0683696, 61.5350238], [11.068425, 61.5348899], [11.0685451, 61.53467], [11.0690578, 61.5339437], [11.0691953, 61.5337202], [11.0692553, 61.5335933], [11.069308, 61.5334604], [11.0693546, 61.5332977], [11.0693773, 61.5331708], [11.0693879, 61.5329423], [11.0693752, 61.5328274], [11.06935, 61.5327011], [11.0693054, 61.5325498], [11.0692532, 61.5324195], [11.0691518, 61.5322301], [11.0690108, 61.5320305], [11.0688952, 61.5318985], [11.068785, 61.5317852], [11.068643, 61.5316565], [11.0684798, 61.5315216], [11.0683253, 61.531405], [11.0680073, 61.5311827]]}, "properties": {"electrified": "no", "gauge": "1435", "maxspeed": "85", "name": "R\u00f8rosbanen", "operator": "Bane NOR", "passenger_lines": "1", "railway": "rail", "usage": "main", "length_km": 0.789, "maxspeed_kmh": 85.0}}, {"type": "Feature", "geometry": {"type": "LineString", "coordinates": [[11.0685935, 61.5114472], [11.0684949, 61.5113557], [11.0683722, 61.5112495], [11.0677064, 61.5107296], [11.067358, 61.5104456], [11.0671952, 61.5102842], [11.0670955, 61.5101747], [11.0669388, 61.5099752], [11.0668018, 61.509749], [11.0667502, 61.5096266], [11.0666991, 61.5094622], [11.0666716, 61.5093081], [11.0666607, 61.5090451], [11.0666872, 61.5085779], [11.0666794, 61.5084097], [11.066657, 61.5082617], [11.0666222, 61.5080973], [11.0664369, 61.5074209], [11.0663724, 61.5072364], [11.0662888, 61.5070216], [11.0661287, 61.5067199], [11.0660461, 61.5065791], [11.0657163, 61.5060907], [11.065632, 61.5059535], [11.0655482, 61.5057944], [11.0654803, 61.5056388], [11.0654326, 61.5055062], [11.0653734, 61.5052628], [11.0653323, 61.5051048], [11.0652351, 61.5047897], [11.0651496, 61.5046059], [11.0650404, 61.5044359], [11.0648968, 61.5042448], [11.0647375, 61.5040472], [11.0645452, 61.503775]]}, "properties": {"electrified": "no", "gauge": "1435", "maxspeed": "70", "name": "R\u00f8rosbanen", "operator": "Bane NOR", "passenger_lines": "1", "railway": "rail", "usage": "main", "length_km": 0.894, "maxspeed_kmh": 70.0}}, {"type": "Feature", "geometry": {"type": "LineString", "coordinates": [[11.0506751, 61.483628], [11.0504122, 61.4836009], [11.0499587, 61.4835577], [11.0494355, 61.4835232], [11.0479228, 61.483501], [11.0475132, 61.4834895], [11.0472463, 61.4834723], [11.0468987, 61.483439], [11.0465711, 61.4833986], [11.0462537, 61.4833519], [11.0459558, 61.4832967], [11.0456139, 61.4832271]]}, "properties": {"electrified": "no", "gauge": "1435", "maxspeed": "75", "name": "R\u00f8rosbanen", "operator": "Bane NOR", "passenger_lines": "1", "railway": "rail", "usage": "main", "length_km": 0.275, "maxspeed_kmh": 75.0}}, {"type": "Feature", "geometry": {"type": "LineString", "coordinates": [[11.0456139, 61.4832271], [11.0451807, 61.4831177], [11.044904, 61.4830428], [11.0445725, 61.4829444], [11.04411, 61.482794], [11.0435993, 61.4826105], [11.0430426, 61.4823872], [11.0426433, 61.482209], [11.0423821, 61.4820831], [11.0420628, 61.4819167], [11.0417727, 61.4817565], [11.0413984, 61.4815277], [11.0411142, 61.4813348], [11.0408407, 61.4811336], [11.040613, 61.4809511], [11.0404307, 61.4807913], [11.0402299, 61.4805982], [11.040028, 61.4803737], [11.0397844, 61.4800668], [11.0395499, 61.4797235], [11.0393414, 61.4793752], [11.037464, 61.4761482], [11.0373204, 61.4758727], [11.0372437, 61.4756992], [11.0371727, 61.4755206], [11.0371105, 61.4753268], [11.0370621, 61.4751437], [11.0370211, 61.4748987], [11.0370024, 61.4747225], [11.036999, 61.4745027], [11.0370152, 61.474292], [11.0370568, 61.4740596], [11.0371082, 61.47387], [11.0371754, 61.4736826], [11.0372591, 61.4734952], [11.0373778, 61.4732954], [11.0375178, 61.4731092], [11.0376982, 61.4729052], [11.0379232, 61.4726933], [11.038303, 61.4723742], [11.0393639, 61.471495], [11.0404231, 61.4706306], [11.0408173, 61.4703267], [11.0409621, 61.4702184]]}, "properties": {"electrified": "no", "gauge": "1435", "maxspeed": "90", "name": "R\u00f8rosbanen", "operator": "Bane NOR", "passenger_lines": "1", "railway": "rail", "usage": "main", "length_km": 1.651, "maxspeed_kmh": 90.0}}, {"type": "Feature", "geometry": {"type": "LineString", "coordinates": [[11.0409621, 61.4702184], [11.0412166, 61.4700281], [11.0415349, 61.4697762], [11.0417024, 61.4696278], [11.0418427, 61.4694861], [11.0419823, 61.4693263], [11.0420982, 61.4691645], [11.0421918, 61.469012], [11.0422717, 61.4688245], [11.0423141, 61.468684], [11.0423517, 61.4685205], [11.0424416, 61.468039], [11.0424902, 61.4678436], [11.0425557, 61.4676404], [11.0426112, 61.4674962], [11.0427323, 61.4672353], [11.042894, 61.4669461], [11.0430785, 61.4666974], [11.0432855, 61.4664642], [11.0435854, 61.4661505], [11.0437883, 61.4659184], [11.0439104, 61.4657313], [11.0439916, 61.465555], [11.0440559, 61.4653507], [11.0440855, 61.465121], [11.0440867, 61.4650179]]}, "properties": {"electrified": "no", "gauge": "1435", "maxspeed": "65", "name": "R\u00f8rosbanen", "operator": "Bane NOR", "passenger_lines": "1", "railway": "rail", "usage": "main", "length_km": 0.61, "maxspeed_kmh": 65.0}}, {"type": "Feature", "geometry": {"type": "LineString", "coordinates": [[11.0440887, 61.464928], [11.0441024, 61.4647092], [11.0441216, 61.4645914], [11.0441497, 61.464462], [11.0442156, 61.464285], [11.0444478, 61.4638009], [11.0445056, 61.4636152], [11.0445266, 61.4635028], [11.0445412, 61.4633354], [11.0445376, 61.4632091], [11.0444984, 61.4627751]]}, "properties": {"electrified": "no", "gauge": "1435", "maxspeed": "65", "name": "R\u00f8rosbanen", "operator": "Bane NOR", "passenger_lines": "1", "railway": "rail", "usage": "main", "length_km": 0.242, "maxspeed_kmh": 65.0}}, {"type": "Feature", "geometry": {"type": "LineString", "coordinates": [[11.0440867, 61.4650179], [11.0440887, 61.464928]]}, "properties": {"bridge": "yes", "electrified": "no", "gauge": "1435", "maxspeed": "65", "name": "R\u00f8rosbanen", "operator": "Bane NOR", "passenger_lines": "1", "railway": "rail", "usage": "main", "length_km": 0.01, "maxspeed_kmh": 65.0}}, {"type": "Feature", "geometry": {"type": "LineString", "coordinates": [[11.0444984, 61.4627751], [11.0444983, 61.4626558], [11.0445174, 61.462471], [11.0445491, 61.4623372], [11.0445992, 61.4621966], [11.0446811, 61.4620339], [11.0447962, 61.4618537], [11.0450194, 61.4615836], [11.0457889, 61.4607048], [11.0459133, 61.4605435], [11.0459991, 61.4604066], [11.0460702, 61.4602747], [11.0462458, 61.459896], [11.0463829, 61.4596202], [11.0464955, 61.4594374], [11.0466887, 61.4591636], [11.0477259, 61.4577696], [11.0479116, 61.4575053], [11.047999, 61.4573656], [11.0481254, 61.4571069], [11.0482405, 61.4567496], [11.0483464, 61.4563504], [11.0484109, 61.4561622], [11.0484817, 61.4560191], [11.048575, 61.4558708], [11.0486707, 61.4557349], [11.0488243, 61.4555525], [11.0490196, 61.4553379], [11.0493162, 61.4549774], [11.0494252, 61.4548216], [11.0494923, 61.4547006], [11.0495698, 61.4545591], [11.0499526, 61.453764], [11.0500347, 61.4535654], [11.0500916, 61.4533961], [11.050131, 61.4532099], [11.05015, 61.4530111], [11.0501526, 61.452527], [11.0501633, 61.4523908], [11.0501865, 61.4522546], [11.050229, 61.4520861], [11.0503044, 61.451885], [11.0503544, 61.4517794]]}, "properties": {"electrified": "no", "gauge": "1435", "maxspeed": "75", "name": "R\u00f8rosbanen", "operator": "Bane NOR", "passenger_lines": "1", "railway": "rail", "usage": "main", "length_km": 1.273, "maxspeed_kmh": 75.0}}, {"type": "Feature", "geometry": {"type": "LineString", "coordinates": [[11.0592771, 61.4475267], [11.0600318, 61.4472186], [11.0613345, 61.4466459], [11.0617697, 61.446466], [11.0639729, 61.4455958], [11.0643569, 61.4454286], [11.064929, 61.4451625], [11.0653237, 61.4449642], [11.0655438, 61.4448482]]}, "properties": {"electrified": "no", "gauge": "1435", "maxspeed": "100", "name": "R\u00f8rosbanen", "operator": "Bane NOR", "passenger_lines": "1", "railway": "rail", "usage": "main", "length_km": 0.449, "maxspeed_kmh": 100.0}}, {"type": "Feature", "geometry": {"type": "LineString", "coordinates": [[11.0929332, 61.4254594], [11.0930719, 61.4254116], [11.0934982, 61.4252634], [11.0943125, 61.4249996], [11.0960662, 61.4244416], [11.0973866, 61.4240182], [11.0997153, 61.4232721], [11.1012008, 61.4227936], [11.1046543, 61.4216922], [11.1147865, 61.4184463], [11.1185829, 61.4172233], [11.1187359, 61.4171754], [11.1228475, 61.4158603], [11.1259952, 61.4148481], [11.1266462, 61.414635], [11.1271774, 61.4144492], [11.1278309, 61.4142044], [11.1286884, 61.4138425], [11.1290271, 61.4136899], [11.1296385, 61.4133889], [11.1299892, 61.4132049], [11.1305567, 61.4128893], [11.1308617, 61.4127078], [11.1311085, 61.4125529], [11.1315524, 61.4122588], [11.1319496, 61.4119769], [11.1322027, 61.4117842], [11.1325446, 61.4115046], [11.1328466, 61.4112439], [11.1331616, 61.4109574], [11.1334147, 61.4107154], [11.1337533, 61.4103724], [11.1339427, 61.4101662], [11.1342218, 61.4098507], [11.1344758, 61.4095395], [11.1348453, 61.4090461], [11.1349435, 61.4089042]]}, "properties": {"electrified": "no", "gauge": "1435", "maxspeed": "130", "name": "R\u00f8rosbanen", "operator": "Bane NOR", "passenger_lines": "1", "railway": "rail", "usage": "main", "length_km": 2.958, "maxspeed_kmh": 130.0}}, {"type": "Feature", "geometry": {"type": "LineString", "coordinates": [[11.1349435, 61.4089042], [11.1351884, 61.4085334], [11.1353605, 61.4083008], [11.1355057, 61.4081362], [11.1356387, 61.4080066], [11.1357806, 61.4078849], [11.1359358, 61.4077653], [11.1361396, 61.4076242], [11.1364215, 61.4074549], [11.1367042, 61.4073096], [11.1370264, 61.4071664], [11.137441, 61.4070124], [11.137839, 61.4068842], [11.138626, 61.4066416], [11.1390665, 61.4064913], [11.1394227, 61.4063541], [11.1396639, 61.4062514], [11.1399209, 61.4061336], [11.1402025, 61.4059937], [11.1404873, 61.4058374], [11.1406727, 61.4057275], [11.1409281, 61.4055605], [11.1412349, 61.4053355], [11.1414255, 61.4051778], [11.1416211, 61.4050016], [11.1418568, 61.4047698], [11.1420237, 61.4045931], [11.1421786, 61.4044294], [11.1424514, 61.4041238], [11.1428485, 61.4036526], [11.1430968, 61.4033396], [11.1434359, 61.4028809], [11.1436527, 61.4025647], [11.1439233, 61.4021389], [11.1441794, 61.4017131], [11.144555, 61.4010332], [11.1446848, 61.4007733], [11.1447749, 61.4005755], [11.1454041, 61.3991047], [11.1455367, 61.3987929], [11.1466614, 61.3961444], [11.147341, 61.3945541]]}, "properties": {"electrified": "no", "gauge": "1435", "maxspeed": "85", "name": "R\u00f8rosbanen", "operator": "Bane NOR", "passenger_lines": "1", "railway": "rail", "usage": "main", "length_km": 1.784, "maxspeed_kmh": 85.0}}, {"type": "Feature", "geometry": {"type": "LineString", "coordinates": [[11.147341, 61.3945541], [11.1473693, 61.3944877]]}, "properties": {"electrified": "no", "gauge": "1435", "maxspeed": "85", "name": "R\u00f8rosbanen", "operator": "Bane NOR", "passenger_lines": "1", "railway": "rail", "usage": "main", "length_km": 0.008, "maxspeed_kmh": 85.0}}, {"type": "Feature", "geometry": {"type": "LineString", "coordinates": [[11.1596655, 61.389213], [11.1618913, 61.3880962], [11.1623944, 61.3878541], [11.1629224, 61.3876103], [11.1637416, 61.387256], [11.1642607, 61.3870455], [11.1648526, 61.3868183], [11.1655255, 61.3865715], [11.1688545, 61.3853732]]}, "properties": {"electrified": "no", "gauge": "1435", "name": "R\u00f8rosbanen", "operator": "Bane NOR", "passenger_lines": "1", "railway": "rail", "usage": "main", "length_km": 0.653}}, {"type": "Feature", "geometry": {"type": "LineString", "coordinates": [[11.1688545, 61.3853732], [11.1769286, 61.3824663], [11.1918179, 61.377111], [11.1935293, 61.3764909], [11.2021641, 61.3733809], [11.2047813, 61.3724386]]}, "properties": {"electrified": "no", "gauge": "1435", "maxspeed": "130", "name": "R\u00f8rosbanen", "operator": "Bane NOR", "passenger_lines": "1", "railway": "rail", "usage": "main", "length_km": 2.402, "maxspeed_kmh": 130.0}}, {"type": "Feature", "geometry": {"type": "LineString", "coordinates": [[11.215784, 61.3684744], [11.2164845, 61.368222]]}, "properties": {"electrified": "no", "gauge": "1435", "maxspeed": "115", "name": "R\u00f8rosbanen", "operator": "Bane NOR", "passenger_lines": "1", "railway": "rail", "usage": "main", "length_km": 0.047, "maxspeed_kmh": 115.0}}, {"type": "Feature", "geometry": {"type": "LineString", "coordinates": [[11.2216996, 61.3637757], [11.2217638, 61.3635055], [11.2218252, 61.3632979], [11.22193, 61.3630339], [11.2220468, 61.3628078], [11.2221946, 61.362586], [11.2224244, 61.3622986], [11.2226273, 61.3620926], [11.2227955, 61.361942], [11.2229681, 61.3618031], [11.2231661, 61.3616561], [11.2234189, 61.3614887], [11.2236717, 61.3613361], [11.2238936, 61.3612152], [11.2240011, 61.3611588], [11.2243636, 61.3609857], [11.2254867, 61.3604927], [11.2257578, 61.3603665], [11.22609, 61.3601973], [11.2262887, 61.3600865], [11.2265184, 61.3599473], [11.2267431, 61.3598023], [11.2273237, 61.359403]]}, "properties": {"electrified": "no", "gauge": "1435", "maxspeed": "100", "name": "R\u00f8rosbanen", "operator": "Bane NOR", "passenger_lines": "1", "railway": "rail", "usage": "main", "length_km": 0.588, "maxspeed_kmh": 100.0}}, {"type": "Feature", "geometry": {"type": "LineString", "coordinates": [[11.2273237, 61.359403], [11.2278713, 61.3590089], [11.2293088, 61.3579877], [11.2393238, 61.3508737], [11.2400658, 61.3503473], [11.2459179, 61.3461944], [11.2463095, 61.3459282], [11.2467258, 61.3456555], [11.2474353, 61.3452117], [11.2479669, 61.3448961], [11.2483029, 61.3447045], [11.2493012, 61.344159], [11.2496941, 61.3439348], [11.2500614, 61.3437123], [11.2502854, 61.3435716]]}, "properties": {"electrified": "no", "gauge": "1435", "maxspeed": "120", "name": "R\u00f8rosbanen", "operator": "Bane NOR", "passenger_lines": "1", "railway": "rail", "usage": "main", "length_km": 2.151, "maxspeed_kmh": 120.0}}, {"type": "Feature", "geometry": {"type": "LineString", "coordinates": [[11.2502854, 61.3435716], [11.2504674, 61.3434476], [11.2506362, 61.3433274], [11.250834, 61.3431746], [11.2511422, 61.3429121], [11.2513443, 61.3427195], [11.2519405, 61.3421214], [11.2522169, 61.3418705], [11.2525072, 61.3416289], [11.2531306, 61.341141], [11.253482, 61.340858], [11.2537638, 61.3406112], [11.2539306, 61.3404548], [11.254073, 61.3403117], [11.2542671, 61.340101], [11.2544988, 61.3398185], [11.2546369, 61.3396321], [11.255074, 61.3389898], [11.2552073, 61.3388111], [11.2553145, 61.3386797], [11.2554813, 61.3384951], [11.2555996, 61.338375], [11.255831, 61.3381581], [11.2561847, 61.3378435], [11.2564689, 61.3375763], [11.2567047, 61.3373308], [11.2569112, 61.3370933], [11.2570229, 61.336954], [11.2571979, 61.336715], [11.2572846, 61.3365927]]}, "properties": {"electrified": "no", "gauge": "1435", "maxspeed": "110", "name": "R\u00f8rosbanen", "operator": "Bane NOR", "passenger_lines": "1", "railway": "rail", "usage": "main", "length_km": 0.866, "maxspeed_kmh": 110.0}}, {"type": "Feature", "geometry": {"type": "LineString", "coordinates": [[10.8675123, 61.835043], [10.8637927, 61.8339489], [10.860575, 61.8330022]]}, "properties": {"electrified": "no", "gauge": "1435", "maxspeed": "120", "name": "R\u00f8rosbanen", "operator": "Bane NOR", "passenger_lines": "1", "railway": "rail", "usage": "main", "length_km": 0.431, "maxspeed_kmh": 120.0}}, {"type": "Feature", "geometry": {"type": "LineString", "coordinates": [[10.8448712, 61.8162959], [10.8451889, 61.8147244], [10.8454179, 61.8135943], [10.8454747, 61.813257], [10.8455128, 61.812944], [10.845538, 61.8125004], [10.8455392, 61.8121149], [10.8455234, 61.8117666], [10.8453627, 61.8095832], [10.8453225, 61.8089918], [10.8453111, 61.8087193], [10.8453267, 61.8082096], [10.8453485, 61.8079693], [10.8453822, 61.8076404], [10.8454617, 61.8071781], [10.8455798, 61.8066482], [10.8464791, 61.8027709], [10.8470021, 61.8005134]]}, "properties": {"electrified": "no", "gauge": "1435", "maxspeed": "110", "name": "R\u00f8rosbanen", "operator": "Bane NOR", "passenger_lines": "1", "railway": "rail", "usage": "main", "length_km": 1.766, "maxspeed_kmh": 110.0}}, {"type": "Feature", "geometry": {"type": "LineString", "coordinates": [[10.8470175, 61.8004488], [10.8473672, 61.7989417], [10.8475349, 61.7982337], [10.8475654, 61.7981261]]}, "properties": {"electrified": "no", "gauge": "1435", "maxspeed": "110", "name": "R\u00f8rosbanen", "operator": "Bane NOR", "passenger_lines": "1", "railway": "rail", "usage": "main", "length_km": 0.261, "maxspeed_kmh": 110.0}}, {"type": "Feature", "geometry": {"type": "LineString", "coordinates": [[10.8475654, 61.7981261], [10.8476007, 61.7980163], [10.8476822, 61.7978275], [10.8477452, 61.7977138], [10.847827, 61.797592], [10.8479107, 61.7974822], [10.848053, 61.7973176], [10.8480968, 61.7972635]]}, "properties": {"electrified": "no", "gauge": "1435", "maxspeed": "80", "name": "R\u00f8rosbanen", "operator": "Bane NOR", "passenger_lines": "1", "railway": "rail", "usage": "main", "length_km": 0.1, "maxspeed_kmh": 80.0}}, {"type": "Feature", "geometry": {"type": "LineString", "coordinates": [[10.848946, 61.7873199], [10.8488649, 61.7872148], [10.8486405, 61.7869434], [10.8483001, 61.7865807], [10.8478945, 61.786174], [10.8428583, 61.7811725], [10.8426994, 61.7810047]]}, "properties": {"electrified": "no", "gauge": "1435", "maxspeed": "115", "name": "R\u00f8rosbanen", "operator": "Bane NOR", "passenger_lines": "1", "railway": "rail", "usage": "main", "length_km": 0.777, "maxspeed_kmh": 115.0}}, {"type": "Feature", "geometry": {"type": "LineString", "coordinates": [[10.8251236, 61.7619148], [10.8249042, 61.7613923], [10.8203122, 61.7501261], [10.8201726, 61.7497313], [10.8200752, 61.7493592], [10.8200447, 61.7491727], [10.820014, 61.748877], [10.820007, 61.7486816], [10.8200142, 61.7484675], [10.8200333, 61.7482425], [10.820067, 61.7480209], [10.8201214, 61.7477732], [10.8201922, 61.7475334], [10.8203046, 61.7472259], [10.8203396, 61.7471374]]}, "properties": {"electrified": "no", "gauge": "1435", "maxspeed": "120", "name": "R\u00f8rosbanen", "operator": "Bane NOR", "passenger_lines": "1", "railway": "rail", "usage": "main", "length_km": 1.674, "maxspeed_kmh": 120.0}}, {"type": "Feature", "geometry": {"type": "LineString", "coordinates": [[10.8203396, 61.7471374], [10.8204775, 61.7467891], [10.8223991, 61.7419832]]}, "properties": {"electrified": "no", "gauge": "1435", "maxspeed": "130", "name": "R\u00f8rosbanen", "operator": "Bane NOR", "passenger_lines": "1", "railway": "rail", "usage": "main", "length_km": 0.585, "maxspeed_kmh": 130.0}}, {"type": "Feature", "geometry": {"type": "LineString", "coordinates": [[10.8282592, 61.7362547], [10.8290684, 61.7357955], [10.8296368, 61.7354664], [10.8322661, 61.733969], [10.8348175, 61.7325164], [10.8356665, 61.7320369], [10.8369656, 61.7312914], [10.8376809, 61.730883], [10.8382461, 61.730561], [10.8433187, 61.7276693], [10.8556976, 61.7206114], [10.8641493, 61.7157883]]}, "properties": {"electrified": "no", "gauge": "1435", "maxspeed": "130", "name": "R\u00f8rosbanen", "operator": "Bane NOR", "passenger_lines": "1", "railway": "rail", "usage": "main", "length_km": 2.967, "maxspeed_kmh": 130.0}}, {"type": "Feature", "geometry": {"type": "LineString", "coordinates": [[10.9050925, 61.6946826], [10.9067541, 61.692482], [10.907016, 61.6921457], [10.9073903, 61.6916984], [10.9076804, 61.6913763], [10.9079025, 61.6911438], [10.9081366, 61.690906], [10.9085212, 61.6905326], [10.9087318, 61.6903327], [10.909073, 61.6900267], [10.9096476, 61.689544], [10.9101357, 61.6891537], [10.9109326, 61.6885376], [10.9111486, 61.688362], [10.9113854, 61.6881582], [10.9116234, 61.6879407], [10.9118378, 61.6877245], [10.9120492, 61.6874894], [10.9122117, 61.6872899], [10.9123554, 61.6871001], [10.912476, 61.6869266], [10.9126529, 61.6866333], [10.9127321, 61.6864854], [10.9128838, 61.6861568], [10.9129629, 61.6859392], [10.9130253, 61.6857375], [10.9130508, 61.6856246]]}, "properties": {"electrified": "no", "gauge": "1435", "maxspeed": "110", "name": "R\u00f8rosbanen", "operator": "Bane NOR", "passenger_lines": "1", "railway": "rail", "usage": "main", "length_km": 1.1, "maxspeed_kmh": 110.0}}, {"type": "Feature", "geometry": {"type": "LineString", "coordinates": [[10.8976539, 61.6446036], [10.8978315, 61.6441107], [10.8979153, 61.643806], [10.8979412, 61.6434922], [10.8979338, 61.6433096], [10.8979025, 61.6429377], [10.897905, 61.6427697], [10.897917, 61.6426542], [10.8979391, 61.6425346], [10.8979634, 61.6424434], [10.8980368, 61.6422373], [10.8981028, 61.6420938], [10.8984468, 61.6414342], [10.8985532, 61.6411732], [10.8986216, 61.6409632], [10.8986722, 61.6407656]]}, "properties": {"electrified": "no", "gauge": "1435", "maxspeed": "90", "name": "R\u00f8rosbanen", "operator": "Bane NOR", "passenger_lines": "1", "railway": "rail", "usage": "main", "length_km": 0.433, "maxspeed_kmh": 90.0}}, {"type": "Feature", "geometry": {"type": "LineString", "coordinates": [[10.8986722, 61.6407656], [10.8986956, 61.6406832], [10.8990128, 61.639392], [10.8990748, 61.6391769], [10.8991095, 61.6390142], [10.8992379, 61.6385876], [10.8993114, 61.6383757], [10.8993982, 61.6381541], [10.8995715, 61.6377694], [10.8999422, 61.6370501], [10.9001447, 61.6366259], [10.9002462, 61.6363821], [10.9004013, 61.6359589], [10.9015145, 61.6324343], [10.9017973, 61.6315262], [10.9018665, 61.6312955], [10.9019232, 61.6310734], [10.9019713, 61.6308511], [10.9020166, 61.6304755], [10.9020158, 61.6301214], [10.9019815, 61.6297166], [10.9017997, 61.628046]]}, "properties": {"electrified": "no", "gauge": "1435", "maxspeed": "100", "name": "R\u00f8rosbanen", "operator": "Bane NOR", "passenger_lines": "1", "railway": "rail", "usage": "main", "length_km": 1.433, "maxspeed_kmh": 100.0}}, {"type": "Feature", "geometry": {"type": "LineString", "coordinates": [[10.9017997, 61.628046], [10.9017633, 61.62765], [10.901765, 61.6274604], [10.9017753, 61.6273543], [10.9018153, 61.6271147], [10.9018479, 61.6269884], [10.9019225, 61.6267526], [10.9021175, 61.6262925], [10.9024701, 61.6255582], [10.9027304, 61.6250653], [10.9028569, 61.6248432], [10.9029849, 61.6246453], [10.9031019, 61.6244828], [10.9032171, 61.6243466], [10.9033956, 61.6241597], [10.9035812, 61.6239923], [10.9037403, 61.6238643], [10.9039032, 61.6237456], [10.9040553, 61.6236433], [10.9042541, 61.6235222], [10.9048119, 61.6232135], [10.9108681, 61.6200832]]}, "properties": {"electrified": "no", "gauge": "1435", "maxspeed": "95", "name": "R\u00f8rosbanen", "operator": "Bane NOR", "passenger_lines": "1", "railway": "rail", "usage": "main", "length_km": 1.049, "maxspeed_kmh": 95.0}}, {"type": "Feature", "geometry": {"type": "LineString", "coordinates": [[10.9108681, 61.6200832], [10.911476, 61.6197719], [10.9118682, 61.6195912], [10.9122022, 61.6194539], [10.912526, 61.6193319], [10.9130626, 61.6191551], [10.9133851, 61.6190618], [10.91366, 61.6189889], [10.9140462, 61.6188956], [10.9145038, 61.6187867], [10.9156992, 61.6185118], [10.9160567, 61.6184219], [10.9164001, 61.6183254], [10.9166683, 61.6182372], [10.9169413, 61.6181369], [10.9172087, 61.6180262], [10.9176164, 61.617832], [10.9184623, 61.6173798], [10.9187235, 61.6172513], [10.918985, 61.6171319], [10.9193187, 61.6169946], [10.9197432, 61.6168357], [10.9201529, 61.6166979], [10.92148, 61.616275], [10.9217267, 61.6161896], [10.9219892, 61.616092], [10.9222559, 61.6159822], [10.9224722, 61.6158816], [10.9226377, 61.6157984], [10.9227682, 61.6157244], [10.9229264, 61.6156272], [10.9231397, 61.6154872], [10.923829, 61.6149749], [10.9240887, 61.6148046], [10.9242504, 61.6147082], [10.9244335, 61.6146107], [10.9246373, 61.6145121], [10.9247939, 61.6144428], [10.9251843, 61.6142908], [10.9254592, 61.6141963], [10.9277106, 61.6134509], [10.931658, 61.6121507], [10.9320403, 61.6120278], [10.9324732, 61.6118983], [10.9327331, 61.6118297], [10.9329851, 61.6117703], [10.9334241, 61.6116846], [10.9336209, 61.6116527], [10.9339635, 61.6116041], [10.9343576, 61.6115631], [10.9346061, 61.6115441], [10.9351378, 61.6115132], [10.9381023, 61.6113735], [10.9383849, 61.611357], [10.9388612, 61.6113224], [10.9392595, 61.6112808], [10.9394657, 61.6112521], [10.9397453, 61.6112088], [10.9399579, 61.6111706], [10.9402196, 61.6111181], [10.9405106, 61.6110481], [10.9407751, 61.6109784], [10.9410014, 61.6109145], [10.9434003, 61.6102012], [10.9438194, 61.610088], [10.9441099, 61.6100183], [10.9444068, 61.6099533], [10.9446882, 61.6098996], [10.9448497, 61.6098709], [10.9451864, 61.6098185], [10.9457455, 61.6097488], [10.9462973, 61.6097009], [10.9464786, 61.6096899], [10.9468822, 61.6096733], [10.9473334, 61.6096664], [10.9476384, 61.6096674], [10.9482952, 61.6096817], [10.9485846, 61.6096931], [10.9491865, 61.6097247], [10.9497127, 61.6097617], [10.9502274, 61.6098089], [10.9508926, 61.6098821], [10.9514365, 61.6099539], [10.9517142, 61.6099952], [10.9522116, 61.6100778], [10.9524338, 61.6101178], [10.9527888, 61.6101882], [10.9539822, 61.6104464], [10.9543564, 61.6105227], [10.9549403, 61.6106247], [10.9551426, 61.6106515], [10.9555623, 61.6106981], [10.9559553, 61.6107275], [10.9563965, 61.6107467], [10.956827, 61.6107495], [10.9570457, 61.6107455], [10.9575246, 61.6107242], [10.9580296, 61.610684], [10.9583522, 61.6106539], [10.9669462, 61.6097915], [10.9675966, 61.609719], [10.968082, 61.6096575], [10.9685509, 61.609594], [10.9698355, 61.6094067], [10.9703349, 61.609342], [10.970818, 61.6092878], [10.9710554, 61.6092651], [10.9714962, 61.6092307], [10.9726947, 61.6091646], [10.9731261, 61.6091361], [10.9735059, 61.6091046], [10.9738941, 61.6090617], [10.9741174, 61.6090291], [10.9744876, 61.6089655], [10.9748682, 61.6088836], [10.9752606, 61.6087859]]}, "properties": {"electrified": "no", "gauge": "1435", "maxspeed": "85", "name": "R\u00f8rosbanen", "operator": "Bane NOR", "passenger_lines": "1", "railway": "rail", "usage": "main", "length_km": 3.849, "maxspeed_kmh": 85.0}}, {"type": "Feature", "geometry": {"type": "LineString", "coordinates": [[10.9752606, 61.6087859], [10.9756349, 61.6086812], [10.9777746, 61.608067]]}, "properties": {"electrified": "no", "gauge": "1435", "maxspeed": "95", "name": "R\u00f8rosbanen", "operator": "Bane NOR", "passenger_lines": "1", "railway": "rail", "usage": "main", "length_km": 0.156, "maxspeed_kmh": 95.0}}, {"type": "Feature", "geometry": {"type": "LineString", "coordinates": [[11.0149716, 61.6030758], [11.0151611, 61.6031729], [11.0154985, 61.6033224], [11.0158193, 61.60344], [11.0160873, 61.6035257], [11.0163593, 61.6035993], [11.0166693, 61.6036677]]}, "properties": {"electrified": "no", "gauge": "1435", "maxspeed": "80", "name": "R\u00f8rosbanen", "operator": "Bane NOR", "passenger_lines": "1", "railway": "rail", "usage": "main", "length_km": 0.113, "maxspeed_kmh": 80.0}}, {"type": "Feature", "geometry": {"type": "LineString", "coordinates": [[11.0240646, 61.5991918], [11.0242208, 61.5990934], [11.0244489, 61.5989527]]}, "properties": {"electrified": "no", "gauge": "1435", "maxspeed": "85", "name": "R\u00f8rosbanen", "operator": "Bane NOR", "passenger_lines": "1", "railway": "rail", "usage": "main", "length_km": 0.034, "maxspeed_kmh": 85.0}}, {"type": "Feature", "geometry": {"type": "LineString", "coordinates": [[10.6286931, 62.1127742], [10.6286868, 62.112994]]}, "properties": {"electrified": "no", "gauge": "1435", "maxspeed": "80", "name": "R\u00f8rosbanen", "operator": "Bane NOR", "passenger_lines": "1", "railway": "rail", "usage": "main", "length_km": 0.025, "maxspeed_kmh": 80.0}}, {"type": "Feature", "geometry": {"type": "LineString", "coordinates": [[10.6291981, 62.1115321], [10.6290121, 62.1117923], [10.6288712, 62.1120723], [10.6287813, 62.1123054], [10.6287199, 62.1125428]]}, "properties": {"electrified": "no", "gauge": "1435", "maxspeed": "80", "name": "R\u00f8rosbanen", "operator": "Bane NOR", "passenger_lines": "1", "railway": "rail", "usage": "main", "length_km": 0.116, "maxspeed_kmh": 80.0}}, {"type": "Feature", "geometry": {"type": "LineString", "coordinates": [[10.634143, 62.1082367], [10.6341802, 62.108215], [10.634462, 62.1080372], [10.6346133, 62.1079329], [10.6348574, 62.1077392], [10.6349332, 62.107671], [10.6350973, 62.1075047], [10.6353612, 62.1071845]]}, "properties": {"electrified": "no", "gauge": "1435", "maxspeed": "80", "name": "R\u00f8rosbanen", "operator": "Bane NOR", "passenger_lines": "1", "railway": "rail", "usage": "main", "length_km": 0.134, "maxspeed_kmh": 80.0}}, {"type": "Feature", "geometry": {"type": "LineString", "coordinates": [[10.6550571, 62.0949713], [10.6551707, 62.0948222], [10.6553679, 62.0945679], [10.6554656, 62.0944582], [10.6555865, 62.0943393], [10.6556853, 62.0942513], [10.6558749, 62.0940997], [10.6559707, 62.0940297], [10.6561946, 62.0938817], [10.6563092, 62.0938144], [10.6565836, 62.0936666], [10.6569521, 62.0934969], [10.6572771, 62.0933692], [10.657477, 62.0933005], [10.6577705, 62.0932103], [10.6580636, 62.093126], [10.6584236, 62.0930303]]}, "properties": {"electrified": "no", "gauge": "1435", "maxspeed": "75", "name": "R\u00f8rosbanen", "operator": "Bane NOR", "passenger_lines": "1", "railway": "rail", "usage": "main", "length_km": 0.287, "maxspeed_kmh": 75.0}}, {"type": "Feature", "geometry": {"type": "LineString", "coordinates": [[10.6584236, 62.0930303], [10.6612611, 62.0922905], [10.6617907, 62.0921437], [10.6622658, 62.0920034], [10.6624545, 62.0919444], [10.6629052, 62.0917944], [10.6633462, 62.0916426], [10.6640803, 62.0913811], [10.6648875, 62.091116]]}, "properties": {"electrified": "no", "gauge": "1435", "maxspeed": "100", "name": "R\u00f8rosbanen", "operator": "Bane NOR", "passenger_lines": "1", "railway": "rail", "usage": "main", "length_km": 0.4, "maxspeed_kmh": 100.0}}, {"type": "Feature", "geometry": {"type": "LineString", "coordinates": [[10.6899511, 62.0834057], [10.690382, 62.083316], [10.6908887, 62.0832029], [10.6911413, 62.083138], [10.6914316, 62.0830546], [10.6916606, 62.0829812], [10.6918602, 62.0829107], [10.6920311, 62.0828445], [10.6923464, 62.0827087], [10.6926173, 62.0825765], [10.6928058, 62.0824722], [10.6929365, 62.0823939], [10.6931624, 62.0822462], [10.6933422, 62.0821139], [10.693489, 62.0819906], [10.6936814, 62.0818036], [10.693833, 62.0816245], [10.6938905, 62.0815451], [10.6939478, 62.0814565], [10.6940494, 62.0812605], [10.6941347, 62.0810243], [10.6943178, 62.0802244], [10.6943508, 62.0800952], [10.6944143, 62.0799016], [10.6944461, 62.0798333]]}, "properties": {"electrified": "no", "gauge": "1435", "maxspeed": "85", "name": "R\u00f8rosbanen", "operator": "Bane NOR", "passenger_lines": "1", "railway": "rail", "usage": "main", "length_km": 0.496, "maxspeed_kmh": 85.0}}, {"type": "Feature", "geometry": {"type": "LineString", "coordinates": [[10.6944743, 62.0797663], [10.6945568, 62.0795971], [10.6946415, 62.0794541], [10.6947371, 62.0793148], [10.6948764, 62.0791343], [10.6950261, 62.0789658], [10.695216, 62.0787766], [10.6954131, 62.0786019], [10.6956647, 62.0784029]]}, "properties": {"electrified": "no", "gauge": "1435", "maxspeed": "85", "name": "R\u00f8rosbanen", "operator": "Bane NOR", "passenger_lines": "1", "railway": "rail", "usage": "main", "length_km": 0.165, "maxspeed_kmh": 85.0}}, {"type": "Feature", "geometry": {"type": "LineString", "coordinates": [[10.6944461, 62.0798333], [10.6944743, 62.0797663]]}, "properties": {"bridge": "yes", "electrified": "no", "gauge": "1435", "maxspeed": "85", "name": "R\u00f8rosbanen", "operator": "Bane NOR", "passenger_lines": "1", "railway": "rail", "usage": "main", "length_km": 0.008, "maxspeed_kmh": 85.0}}, {"type": "Feature", "geometry": {"type": "LineString", "coordinates": [[10.6957383, 62.0783516], [10.6959243, 62.0782216], [10.6961044, 62.0781075], [10.696375, 62.0779509], [10.6966094, 62.0778252], [10.696891, 62.0776868], [10.6970548, 62.0776123], [10.6973751, 62.0774764], [10.6976766, 62.0773625], [10.6978628, 62.077298], [10.6981403, 62.0772139], [10.6984369, 62.0771334], [10.698773, 62.0770567], [10.6990554, 62.0770007], [10.6991643, 62.0769808], [10.6995355, 62.0769241], [10.6997548, 62.0768956], [10.700101, 62.0768585], [10.7004889, 62.0768246], [10.7012365, 62.076766], [10.7016498, 62.0767287], [10.7018493, 62.0767069], [10.7021831, 62.0766652], [10.7023304, 62.0766428], [10.7026438, 62.0765901], [10.7028969, 62.0765393], [10.7032122, 62.076468], [10.7036212, 62.0763482], [10.703923, 62.0762478], [10.7041851, 62.076146], [10.7044803, 62.0760164], [10.7046338, 62.0759399], [10.7048561, 62.0758182], [10.7049667, 62.0757486], [10.7051828, 62.0756006], [10.7052753, 62.0755289], [10.7054529, 62.0753865]]}, "properties": {"electrified": "no", "gauge": "1435", "maxspeed": "85", "name": "R\u00f8rosbanen", "operator": "Bane NOR", "passenger_lines": "1", "railway": "rail", "usage": "main", "length_km": 0.63, "maxspeed_kmh": 85.0}}, {"type": "Feature", "geometry": {"type": "LineString", "coordinates": [[10.7296549, 62.0466143], [10.7299017, 62.0464635], [10.7301718, 62.0463058], [10.7305011, 62.046127], [10.7307817, 62.0459858], [10.7310694, 62.0458482], [10.7313418, 62.0457282], [10.7316428, 62.0456032], [10.7318843, 62.0455082], [10.7324218, 62.0453148], [10.7330357, 62.0451183], [10.7347729, 62.044615], [10.7354005, 62.0444224], [10.7363877, 62.0441102], [10.7393848, 62.0431344], [10.7399839, 62.0429262], [10.7402827, 62.0428138], [10.7405791, 62.0426959], [10.7408322, 62.0425909], [10.7413037, 62.0423854], [10.7424376, 62.0418658]]}, "properties": {"electrified": "no", "gauge": "1435", "maxspeed": "115", "name": "R\u00f8rosbanen", "operator": "Bane NOR", "passenger_lines": "1", "railway": "rail", "usage": "main", "length_km": 0.857, "maxspeed_kmh": 115.0}}, {"type": "Feature", "geometry": {"type": "LineString", "coordinates": [[10.7424376, 62.0418658], [10.7430802, 62.0415584], [10.7434116, 62.0413878], [10.7436155, 62.041274], [10.7437884, 62.0411712], [10.7441233, 62.0409494], [10.7443839, 62.0407605], [10.745037, 62.0402655], [10.7453347, 62.0400542], [10.7456941, 62.039825], [10.7459047, 62.0397043], [10.7461594, 62.0395694], [10.7463961, 62.0394537], [10.7467086, 62.0393133], [10.7470627, 62.0391722], [10.7473723, 62.0390609], [10.7477426, 62.0389416], [10.7480335, 62.038857], [10.7482912, 62.0387881], [10.7486367, 62.0387046], [10.7489541, 62.0386349], [10.7493078, 62.0385678], [10.7496035, 62.0385186], [10.7500047, 62.0384589], [10.7504921, 62.0383962]]}, "properties": {"electrified": "no", "gauge": "1435", "maxspeed": "100", "name": "R\u00f8rosbanen", "operator": "Bane NOR", "passenger_lines": "1", "railway": "rail", "usage": "main", "length_km": 0.588, "maxspeed_kmh": 100.0}}, {"type": "Feature", "geometry": {"type": "LineString", "coordinates": [[10.7504921, 62.0383962], [10.7510024, 62.0383264], [10.7512265, 62.0382932], [10.7516058, 62.0382308], [10.7518566, 62.0381829], [10.7522588, 62.0380925], [10.7524992, 62.0380301], [10.753008, 62.0378874], [10.7535912, 62.0377178], [10.7538719, 62.0376414], [10.7541985, 62.0375594], [10.7544933, 62.037492], [10.7548482, 62.0374183], [10.7551532, 62.0373597], [10.7574224, 62.0369443], [10.7577601, 62.0368854], [10.7582545, 62.0368111], [10.7584817, 62.0367822], [10.7587654, 62.0367523], [10.7592598, 62.0367123], [10.7604033, 62.0366374], [10.7606315, 62.0366196], [10.7610451, 62.0365771], [10.7615476, 62.0365044], [10.7618176, 62.0364549], [10.7622658, 62.0363562], [10.7626647, 62.0362492], [10.7630574, 62.0361258], [10.763453, 62.0359771], [10.7636722, 62.0358834], [10.7638837, 62.0357847], [10.7641635, 62.0356465], [10.7647196, 62.0353624], [10.7656827, 62.0348718], [10.7661934, 62.0346372], [10.766508, 62.0345111], [10.7668059, 62.0344061], [10.7670999, 62.0343156], [10.7674808, 62.0342152], [10.7678351, 62.0341367], [10.7682634, 62.0340579], [10.7686065, 62.0340073], [10.7688854, 62.0339731], [10.7691964, 62.0339432], [10.7695244, 62.0339179], [10.7699058, 62.0338952], [10.7708771, 62.0338475], [10.7714522, 62.0338114], [10.7720605, 62.0337572], [10.7724964, 62.0337084], [10.77285, 62.0336636], [10.7732594, 62.0336028], [10.7736572, 62.033537], [10.774933, 62.0333013], [10.7753104, 62.0332384], [10.7756893, 62.0331818], [10.7760682, 62.0331323], [10.776455, 62.0330886], [10.7778946, 62.0329471], [10.7781988, 62.0329122], [10.7784955, 62.0328721], [10.7790418, 62.0327795], [10.7793078, 62.0327248], [10.7796342, 62.0326494], [10.7799425, 62.0325699], [10.7802743, 62.0324745], [10.780941, 62.0322653], [10.7813612, 62.0321253], [10.7816435, 62.0320261], [10.7819175, 62.0319216], [10.7821558, 62.0318225], [10.7824063, 62.0317086], [10.7826256, 62.0315985], [10.7828591, 62.0314727], [10.7852212, 62.0301133], [10.7853893, 62.0300148], [10.7864553, 62.0293943], [10.7866938, 62.029259], [10.7869177, 62.0291395], [10.7871513, 62.0290232], [10.7873267, 62.0289433], [10.7875592, 62.0288465], [10.7877604, 62.0287701], [10.7882047, 62.0286275], [10.7884372, 62.0285632], [10.7886531, 62.0285099], [10.7888983, 62.0284562], [10.7891451, 62.028408], [10.789379, 62.0283677], [10.7898355, 62.0283042], [10.790326, 62.0282576], [10.7906341, 62.0282351], [10.7917306, 62.0281703], [10.7920926, 62.0281431], [10.792345, 62.0281184], [10.7925489, 62.0280958], [10.7929682, 62.0280358], [10.7933381, 62.027968], [10.7935727, 62.0279166], [10.7937523, 62.0278735], [10.7940013, 62.0278073], [10.7942415, 62.0277376], [10.7945522, 62.0276412], [10.7946658, 62.0276078]]}, "properties": {"electrified": "no", "gauge": "1435", "maxspeed": "85", "name": "R\u00f8rosbanen", "operator": "Bane NOR", "passenger_lines": "1", "railway": "rail", "usage": "main", "length_km": 2.69, "maxspeed_kmh": 85.0}}, {"type": "Feature", "geometry": {"type": "LineString", "coordinates": [[10.7946658, 62.0276078], [10.7984895, 62.0263867], [10.798938, 62.0262517], [10.7992866, 62.0261539], [10.7996606, 62.0260529], [10.8000672, 62.0259526], [10.8009366, 62.0257477], [10.809677, 62.0237062], [10.8187926, 62.0215769], [10.8288909, 62.0192179], [10.829444, 62.0190824], [10.8303228, 62.0188528], [10.8311543, 62.0186238], [10.8317729, 62.018443], [10.8323097, 62.0182792], [10.8333228, 62.0179539], [10.8340672, 62.0176982], [10.8344804, 62.0175471], [10.8348496, 62.0174051], [10.8354539, 62.0171586], [10.8357473, 62.0170297], [10.8361382, 62.0168504], [10.8364832, 62.0166844], [10.8367512, 62.0165498], [10.8372937, 62.0162589], [10.8375524, 62.0161119], [10.8379447, 62.0158776], [10.8383626, 62.0156086], [10.8385757, 62.0154644], [10.8389195, 62.015218], [10.8392411, 62.0149716], [10.8395712, 62.0146982], [10.8399034, 62.0144031], [10.8400649, 62.0142478], [10.8403821, 62.0139193], [10.840713, 62.0135371], [10.8409891, 62.0131665], [10.8410792, 62.0130354], [10.8412688, 62.0127324], [10.8414094, 62.0124762], [10.8416615, 62.0119654], [10.843659, 62.0077363], [10.8438301, 62.007392], [10.843991, 62.0071042], [10.8441542, 62.0068508], [10.8443684, 62.0065602], [10.8444861, 62.0064156], [10.8447366, 62.0061389], [10.845091, 62.0057932], [10.8454011, 62.0055225], [10.8455964, 62.0053636], [10.8459607, 62.0050885], [10.8461914, 62.0049283], [10.8464163, 62.004781], [10.846881, 62.0045028], [10.847617, 62.0040946], [10.8515789, 62.0019202], [10.8572301, 61.9988242], [10.8575843, 61.9986286], [10.8581062, 61.9983241], [10.8585528, 61.9980345], [10.8588902, 61.9977934], [10.8590678, 61.9976578], [10.8592401, 61.9975175], [10.85957, 61.9972243], [10.859835, 61.9969682], [10.8602237, 61.9965661]]}, "properties": {"electrified": "no", "gauge": "1435", "maxspeed": "125", "name": "R\u00f8rosbanen", "operator": "Bane NOR", "passenger_lines": "1", "railway": "rail", "usage": "main", "length_km": 5.13, "maxspeed_kmh": 125.0}}, {"type": "Feature", "geometry": {"type": "LineString", "coordinates": [[10.8602237, 61.9965661], [10.8605169, 61.9962907], [10.860683, 61.9961527], [10.8608393, 61.9960351], [10.8610104, 61.9959231], [10.8612301, 61.9957894], [10.8614199, 61.9956867], [10.8617001, 61.9955468], [10.8620113, 61.995408], [10.8623423, 61.9952778], [10.862701, 61.9951523], [10.8630952, 61.9950318], [10.8634478, 61.994936], [10.8637831, 61.9948584], [10.8641192, 61.9947873], [10.8645831, 61.9947067], [10.8649433, 61.9946557], [10.8655393, 61.9945873], [10.8661553, 61.994541], [10.8665585, 61.9945201], [10.8770186, 61.9941137], [10.8777473, 61.9940801], [10.8784577, 61.9940388], [10.8789009, 61.9940043], [10.8792541, 61.993972], [10.8796684, 61.9939284], [10.8800934, 61.9938776], [10.8804426, 61.9938311], [10.8809125, 61.9937602], [10.8812106, 61.9937108], [10.8815848, 61.993643], [10.8819442, 61.9935689], [10.882293, 61.9934881], [10.8829105, 61.9933265], [10.8831923, 61.9932481], [10.8839166, 61.9930464], [10.8844011, 61.9929023], [10.8846559, 61.9928181], [10.8848975, 61.9927321], [10.8849519, 61.9927109], [10.8852535, 61.9925937], [10.8857618, 61.9923821], [10.8859061, 61.992322], [10.8862504, 61.992177], [10.889145, 61.9909574], [10.8894601, 61.9908247], [10.8899609, 61.9905964], [10.8902007, 61.9904731], [10.8903521, 61.9903897], [10.8905493, 61.9902725], [10.890777, 61.9901239], [10.8909773, 61.9899849]]}, "properties": {"electrified": "no", "gauge": "1435", "maxspeed": "90", "name": "R\u00f8rosbanen", "operator": "Bane NOR", "passenger_lines": "1", "railway": "rail", "usage": "main", "length_km": 1.864, "maxspeed_kmh": 90.0}}, {"type": "Feature", "geometry": {"type": "LineString", "coordinates": [[10.8909773, 61.9899849], [10.8914183, 61.9896681], [10.8917754, 61.9894001], [10.8921166, 61.9891344], [10.8925069, 61.9888177], [10.8928102, 61.9885608], [10.8933473, 61.9880796], [10.8935998, 61.9878412], [10.8940557, 61.9873861], [10.8944035, 61.9870114], [10.894616, 61.9867689], [10.8949182, 61.9864093], [10.8953523, 61.9858494], [10.8960103, 61.9849218], [10.8963559, 61.9843894], [10.8964983, 61.9841582], [10.8967744, 61.9836746], [10.8968808, 61.9834666], [10.8969595, 61.9832926], [10.8970381, 61.9830927], [10.8970981, 61.9829029], [10.8971403, 61.9827382], [10.897182, 61.9825114], [10.8972714, 61.9818186], [10.8974017, 61.9806829], [10.897423, 61.9804569], [10.8974307, 61.9802762], [10.8974262, 61.9800839], [10.8974052, 61.9798388], [10.8973457, 61.9795055], [10.8971476, 61.9786358], [10.8970975, 61.9783576], [10.8970497, 61.9779478], [10.8970385, 61.9777103], [10.8970421, 61.9774852], [10.897058, 61.977228], [10.8972193, 61.9754544], [10.8972464, 61.9750548], [10.8972417, 61.9747264], [10.8972295, 61.9745492], [10.8972039, 61.9743671], [10.8971411, 61.97407], [10.897046, 61.9737649], [10.8969824, 61.9735998], [10.8968218, 61.9732513], [10.8965925, 61.9728168], [10.8964596, 61.9725846], [10.8963451, 61.9723629], [10.896241, 61.9721332], [10.8961541, 61.9719079], [10.896077, 61.9716712], [10.8960001, 61.9713794], [10.8959685, 61.9712006], [10.8959305, 61.9709746], [10.8959042, 61.9705961], [10.8959044, 61.9703756], [10.8959437, 61.9696068], [10.895941, 61.9694031], [10.8959237, 61.9692354], [10.8958954, 61.9690782], [10.8958651, 61.9689522], [10.8957692, 61.9686862], [10.8956333, 61.9684155], [10.8955549, 61.9682866], [10.8954504, 61.9681338], [10.895161, 61.9677402], [10.8937104, 61.9658301], [10.8934994, 61.9655325], [10.8933807, 61.9653431], [10.8932871, 61.9651687], [10.8931718, 61.9649186], [10.8930604, 61.964642], [10.8918673, 61.9615016], [10.8917724, 61.9612235], [10.8916907, 61.9609377], [10.8915782, 61.9604423], [10.8915366, 61.9601685], [10.8915125, 61.9599263], [10.8914996, 61.9596698], [10.8914995, 61.9594305], [10.891532, 61.9588749], [10.8916076, 61.9579757], [10.8918581, 61.9550549], [10.8918871, 61.9547461], [10.8919181, 61.9545165], [10.8919621, 61.9542848], [10.8920347, 61.9539891], [10.8921089, 61.9537484], [10.8921877, 61.9535247], [10.8922589, 61.9533506], [10.8924023, 61.9530327], [10.8925263, 61.9527875], [10.892687, 61.9525016], [10.8928522, 61.9522432], [10.8930773, 61.9519276], [10.8932782, 61.9516688], [10.893439, 61.9514758], [10.8936441, 61.9512486], [10.893751, 61.9511371], [10.8938424, 61.9510425], [10.8940419, 61.9508473], [10.8942418, 61.9506645], [10.8945416, 61.9504005], [10.8948956, 61.9501117], [10.8952725, 61.949826], [10.895711, 61.9495226], [10.8959605, 61.9493561], [10.8966699, 61.9489084], [10.8970572, 61.9486524]]}, "properties": {"electrified": "no", "gauge": "1435", "maxspeed": "110", "name": "R\u00f8rosbanen", "operator": "Bane NOR", "passenger_lines": "1", "railway": "rail", "usage": "main", "length_km": 4.779, "maxspeed_kmh": 110.0}}, {"type": "Feature", "geometry": {"type": "LineString", "coordinates": [[10.8970572, 61.9486524], [10.8975644, 61.9483171], [10.8977213, 61.9481986], [10.8978675, 61.9480693], [10.8979987, 61.9479411], [10.8980933, 61.9478346], [10.8982254, 61.9476659], [10.8986708, 61.9469844], [10.8988498, 61.9467565], [10.8990792, 61.9465061], [10.8992335, 61.9463547], [10.8994241, 61.946191], [10.8995849, 61.9460627], [10.8997496, 61.9459407], [10.8999321, 61.9458157], [10.9001066, 61.9457031], [10.900322, 61.9455738], [10.9005333, 61.9454526], [10.9017522, 61.9447831], [10.9019235, 61.9446865], [10.9021944, 61.9445218], [10.9024727, 61.944335], [10.9027639, 61.9441096], [10.9028778, 61.94401], [10.9031218, 61.9437652], [10.9033142, 61.9435263], [10.9034284, 61.9433531], [10.9034925, 61.9432393], [10.9035479, 61.9431188], [10.9036136, 61.9429473], [10.9036488, 61.9428263], [10.9036728, 61.9427097], [10.9036894, 61.9425944], [10.9036972, 61.9424591], [10.9036977, 61.9423931], [10.9036747, 61.9421703], [10.903626, 61.9419701], [10.9035614, 61.9417897], [10.9034842, 61.9416246], [10.9033658, 61.9414185], [10.9032504, 61.9412408], [10.9029909, 61.9408905], [10.9028536, 61.9407264], [10.9026827, 61.9405355], [10.9024381, 61.9402893], [10.9021145, 61.9399952], [10.9017474, 61.9396983], [10.9015609, 61.9395591], [10.901266, 61.9393508], [10.9006124, 61.9389205], [10.9004333, 61.9387926], [10.9002987, 61.9386886], [10.9001646, 61.9385765], [10.9000732, 61.9384906], [10.8999141, 61.9383144], [10.8998299, 61.9382069], [10.8997619, 61.9381071], [10.8996881, 61.9379779], [10.89963, 61.9378497], [10.8995606, 61.9376246], [10.8995247, 61.9373969], [10.8994937, 61.9369348], [10.8994721, 61.9367402], [10.8994489, 61.936605], [10.8994052, 61.9364519], [10.8993483, 61.9363092], [10.8992667, 61.9361573], [10.8991678, 61.9360114], [10.8990715, 61.9358906], [10.8989471, 61.9357525], [10.8986568, 61.9354791], [10.8947586, 61.9320808], [10.8942187, 61.9316222], [10.8939701, 61.9314312], [10.8937434, 61.9312762], [10.8935279, 61.931137], [10.8932571, 61.9309804], [10.8929555, 61.9308232], [10.8926439, 61.9306745], [10.8923468, 61.9305483], [10.8920795, 61.9304413], [10.8917802, 61.9303305], [10.8914675, 61.9302253], [10.8910484, 61.9300953], [10.8904401, 61.9299334], [10.8895337, 61.9297209], [10.8888151, 61.9295429], [10.8885377, 61.9294641], [10.8882418, 61.929369], [10.888006, 61.9292827], [10.8877612, 61.9291828], [10.8875668, 61.9290956], [10.8873096, 61.9289648], [10.887158, 61.9288799], [10.8868671, 61.9286893], [10.8867606, 61.9286116], [10.8866577, 61.9285251], [10.8864936, 61.928376], [10.8863639, 61.9282479], [10.8862565, 61.9281288], [10.886071, 61.9279104]]}, "properties": {"electrified": "no", "gauge": "1435", "maxspeed": "85", "name": "R\u00f8rosbanen", "operator": "Bane NOR", "passenger_lines": "1", "railway": "rail", "usage": "main", "length_km": 2.723, "maxspeed_kmh": 85.0}}, {"type": "Feature", "geometry": {"type": "LineString", "coordinates": [[10.886071, 61.9279104], [10.8857777, 61.9275651], [10.8855612, 61.927329], [10.8852718, 61.9270446], [10.8850848, 61.9268763], [10.884874, 61.9266994], [10.8845125, 61.926423], [10.8843412, 61.9263014], [10.8839944, 61.9260714], [10.8837227, 61.9259041], [10.8830013, 61.9254782], [10.8826761, 61.9252769], [10.8823818, 61.9250765], [10.8821521, 61.9248984], [10.8819454, 61.9247134], [10.88177, 61.9245371], [10.8816147, 61.9243636], [10.881458, 61.9241723], [10.8813282, 61.9239947], [10.8811257, 61.9236941], [10.8809661, 61.9234155], [10.8805973, 61.9226789], [10.8804543, 61.9224347], [10.8803264, 61.9222542], [10.8801915, 61.9220851], [10.8800503, 61.9219212], [10.8795176, 61.9213333], [10.8793564, 61.9211401], [10.8792007, 61.9209412], [10.8790579, 61.9207366], [10.8789334, 61.9205418], [10.8788197, 61.920344], [10.8786934, 61.9200927], [10.878595, 61.9198589], [10.878508, 61.9196071], [10.8784389, 61.9193474], [10.8783957, 61.9191063], [10.8783633, 61.9188333], [10.8783593, 61.9185283], [10.8783723, 61.9182542], [10.8784101, 61.9178509], [10.8786117, 61.9158118], [10.8786542, 61.9152969], [10.8786544, 61.9149241], [10.8786334, 61.9147367], [10.8786044, 61.9145839], [10.8785557, 61.9143923], [10.8784815, 61.9141736], [10.8783932, 61.9139706], [10.8782932, 61.9137768], [10.8781682, 61.9135742], [10.8779187, 61.9132092]]}, "properties": {"electrified": "no", "gauge": "1435", "maxspeed": "100", "name": "R\u00f8rosbanen", "operator": "Bane NOR", "passenger_lines": "1", "railway": "rail", "usage": "main", "length_km": 1.736, "maxspeed_kmh": 100.0}}, {"type": "Feature", "geometry": {"type": "LineString", "coordinates": [[10.8779187, 61.9132092], [10.8777887, 61.9130189], [10.8776406, 61.9127627], [10.8775972, 61.9126665], [10.8775534, 61.9125456], [10.8775142, 61.9124069], [10.8774261, 61.9118773], [10.8773945, 61.9117315], [10.8773422, 61.9115704], [10.8772899, 61.9114445], [10.8772307, 61.9113328], [10.8771514, 61.9112046], [10.8770676, 61.9110946], [10.8769195, 61.910923], [10.8767446, 61.910744], [10.8763806, 61.9103903], [10.8761785, 61.9101698], [10.8760831, 61.9100451], [10.8759486, 61.9098168], [10.875868, 61.9096169], [10.8758065, 61.9093694], [10.8757121, 61.9087196], [10.8756364, 61.9084478], [10.8755591, 61.9082711], [10.8755099, 61.9081799], [10.8753475, 61.9079209], [10.8751537, 61.9076569]]}, "properties": {"electrified": "no", "gauge": "1435", "maxspeed": "85", "name": "R\u00f8rosbanen", "operator": "Bane NOR", "passenger_lines": "1", "railway": "rail", "usage": "main", "length_km": 0.641, "maxspeed_kmh": 85.0}}, {"type": "Feature", "geometry": {"type": "LineString", "coordinates": [[10.8751537, 61.9076569], [10.8749685, 61.9074045], [10.8747866, 61.9071291], [10.8746909, 61.9069461], [10.8746146, 61.9067736], [10.8745591, 61.9065974], [10.874516, 61.9064042], [10.8744887, 61.9061387], [10.8744971, 61.905909], [10.8745092, 61.9058101], [10.8745569, 61.9055668], [10.8746837, 61.9050886], [10.8747608, 61.9047431], [10.8747849, 61.9045273], [10.8747898, 61.9042923], [10.8747526, 61.9038746], [10.8747127, 61.9035863], [10.8744504, 61.9016433], [10.8744252, 61.9013255], [10.8744279, 61.901093], [10.8744786, 61.9007767], [10.8745261, 61.9006196], [10.8745808, 61.9004705], [10.8746563, 61.900302], [10.8749534, 61.8996971], [10.8750258, 61.8995315], [10.8750801, 61.8993832], [10.8751325, 61.8991935], [10.8751585, 61.8990645], [10.8751799, 61.8988823], [10.875184, 61.898742], [10.8751753, 61.8985441], [10.8751468, 61.8983423], [10.8751014, 61.8981166], [10.8745873, 61.8959586], [10.8745491, 61.8957262], [10.8745336, 61.8955817], [10.8745298, 61.89547], [10.8745436, 61.8952501], [10.8745882, 61.8950034], [10.8746268, 61.894866], [10.8747134, 61.8946315], [10.8748031, 61.8944412], [10.8748901, 61.8942911], [10.8750147, 61.8941063], [10.8751012, 61.8939936], [10.875239, 61.8938321], [10.8753815, 61.8936826], [10.8755419, 61.8935296], [10.8757125, 61.8933816], [10.8758705, 61.8932551], [10.8760714, 61.8931104], [10.8762846, 61.8929683], [10.8764103, 61.8928913], [10.8766576, 61.8927479], [10.876946, 61.8925968], [10.877213, 61.8924694], [10.877569, 61.8923163], [10.8780975, 61.8921105], [10.8785425, 61.8919511], [10.8788092, 61.8918587]]}, "properties": {"electrified": "no", "gauge": "1435", "maxspeed": "100", "name": "R\u00f8rosbanen", "operator": "Bane NOR", "passenger_lines": "1", "railway": "rail", "usage": "main", "length_km": 1.851, "maxspeed_kmh": 100.0}}, {"type": "Feature", "geometry": {"type": "LineString", "coordinates": [[10.8788092, 61.8918587], [10.8794534, 61.8916355], [10.8831355, 61.8903659], [10.8878822, 61.8887295], [10.8885381, 61.8884951], [10.8891734, 61.8882566], [10.8896581, 61.8880662], [10.8902268, 61.8878313], [10.8907949, 61.887577], [10.8910591, 61.8874534]]}, "properties": {"electrified": "no", "gauge": "1435", "maxspeed": "130", "name": "R\u00f8rosbanen", "operator": "Bane NOR", "passenger_lines": "1", "railway": "rail", "usage": "main", "length_km": 0.811, "maxspeed_kmh": 130.0}}, {"type": "Feature", "geometry": {"type": "LineString", "coordinates": [[10.8912439, 61.8873654], [10.8936409, 61.8862188], [10.8948767, 61.8856236], [10.8953189, 61.885403], [10.8956527, 61.8852259], [10.8961336, 61.8849498], [10.8962948, 61.8848502], [10.8966124, 61.8846418], [10.8967914, 61.8845174], [10.8971325, 61.8842601], [10.8973072, 61.8841187], [10.8976703, 61.8837968], [10.8978467, 61.8836254], [10.8980319, 61.883431], [10.8981894, 61.8832521], [10.8983774, 61.8830191], [10.898577, 61.8827587], [10.9004215, 61.8802702], [10.9007704, 61.879831], [10.9009596, 61.8796126], [10.9012745, 61.8792762], [10.9018332, 61.8787064], [10.9037375, 61.8767849], [10.9061031, 61.8743995], [10.9064914, 61.8739701], [10.9066673, 61.8737587], [10.9068855, 61.873479], [10.9070369, 61.8732677], [10.9071876, 61.8730416], [10.9073332, 61.8728059], [10.9074971, 61.8725197], [10.9076195, 61.8722775], [10.9081073, 61.8712283], [10.9085127, 61.8703421], [10.9086962, 61.8698921], [10.9088257, 61.8694821], [10.9089388, 61.8689871], [10.9089949, 61.8685498], [10.9090234, 61.8680576], [10.9091922, 61.8635055], [10.9093305, 61.8599118], [10.9093334, 61.8595985]]}, "properties": {"electrified": "no", "gauge": "1435", "maxspeed": "130", "name": "R\u00f8rosbanen", "operator": "Bane NOR", "passenger_lines": "1", "railway": "rail", "usage": "main", "length_km": 3.334, "maxspeed_kmh": 130.0}}, {"type": "Feature", "geometry": {"type": "LineString", "coordinates": [[10.8910591, 61.8874534], [10.8912439, 61.8873654]]}, "properties": {"bridge": "yes", "electrified": "no", "gauge": "1435", "maxspeed": "130", "name": "R\u00f8rosbanen", "operator": "Bane NOR", "passenger_lines": "1", "railway": "rail", "usage": "main", "length_km": 0.014, "maxspeed_kmh": 130.0}}, {"type": "Feature", "geometry": {"type": "LineString", "coordinates": [[10.9093334, 61.8595985], [10.9093347, 61.8594506], [10.9093094, 61.859205], [10.9092598, 61.8589828], [10.9091542, 61.8586768], [10.9090397, 61.8584461], [10.9089198, 61.8582519], [10.9087687, 61.8580473], [10.9086168, 61.8578693], [10.9083076, 61.8575561], [10.906564, 61.8560044], [10.9063707, 61.8558242], [10.9062178, 61.8556666], [10.9060881, 61.8555182], [10.9059658, 61.8553432], [10.905878, 61.8551962], [10.9058116, 61.8550418], [10.9057668, 61.8548992], [10.9057383, 61.8547716], [10.9057269, 61.8544844], [10.9057401, 61.8543269], [10.9057505, 61.8541747]]}, "properties": {"electrified": "no", "gauge": "1435", "maxspeed": "90", "name": "R\u00f8rosbanen", "operator": "Bane NOR", "passenger_lines": "1", "railway": "rail", "usage": "main", "length_km": 0.644, "maxspeed_kmh": 90.0}}, {"type": "Feature", "geometry": {"type": "LineString", "coordinates": [[10.9057505, 61.8541747], [10.9059479, 61.8518962], [10.9060735, 61.8505283], [10.9060951, 61.8501817], [10.9060968, 61.8499352], [10.9060916, 61.8497826], [10.9060508, 61.8494015], [10.9059574, 61.8490197], [10.9059105, 61.8488772], [10.9057805, 61.8485461], [10.9056245, 61.8482336], [10.9055614, 61.8481172], [10.9054362, 61.8479126], [10.9052798, 61.8476718], [10.9049092, 61.8471446], [10.9046483, 61.8467978], [10.9042572, 61.8463007], [10.9039732, 61.8459633], [10.9037752, 61.8457328], [10.9035114, 61.8454471], [10.9030887, 61.8450257], [10.9029026, 61.8448596], [10.9026838, 61.8446698], [10.9021885, 61.8442697], [10.9016239, 61.843863], [10.901061, 61.8434947], [10.9008576, 61.8433705], [10.9004204, 61.8431151], [10.8999659, 61.8428687], [10.899452, 61.8426037], [10.8987762, 61.8422877], [10.8982427, 61.8420532], [10.8979667, 61.8419385], [10.8971436, 61.8416235], [10.8966564, 61.8414537], [10.8960544, 61.8412559], [10.8957161, 61.8411498], [10.8953644, 61.8410441], [10.8949817, 61.8409352], [10.8946266, 61.8408404], [10.8942011, 61.84073], [10.8937932, 61.8406311], [10.8933053, 61.8405206], [10.8926338, 61.8403777], [10.8918932, 61.8402377], [10.8915672, 61.8401806], [10.8900616, 61.8399356], [10.8877477, 61.8395608], [10.8837861, 61.838925], [10.8830571, 61.8388058]]}, "properties": {"electrified": "no", "gauge": "1435", "maxspeed": "120", "name": "R\u00f8rosbanen", "operator": "Bane NOR", "passenger_lines": "1", "railway": "rail", "usage": "main", "length_km": 2.353, "maxspeed_kmh": 120.0}}, {"type": "Feature", "geometry": {"type": "LineString", "coordinates": [[10.663295, 62.2262645], [10.6631943, 62.2260995], [10.6629774, 62.2257792], [10.6625698, 62.2252046], [10.6619881, 62.2244469], [10.6617208, 62.2241207], [10.6611869, 62.2234938], [10.6607938, 62.2230466]]}, "properties": {"electrified": "no", "gauge": "1435", "maxspeed": "125", "name": "R\u00f8rosbanen", "operator": "Bane NOR", "passenger_lines": "1", "railway": "rail", "usage": "main", "length_km": 0.382, "maxspeed_kmh": 125.0}}, {"type": "Feature", "geometry": {"type": "LineString", "coordinates": [[10.6378725, 62.1896162], [10.6382484, 62.1897998], [10.6384009, 62.1898754], [10.6386535, 62.1900015], [10.6389286, 62.1901541], [10.6392445, 62.1903382], [10.6395584, 62.1905414], [10.6397411, 62.1906634], [10.6399114, 62.1907929], [10.6400461, 62.1908951], [10.6401824, 62.1910144], [10.6404296, 62.1912358], [10.6406395, 62.1914538], [10.6408274, 62.1916685], [10.6410472, 62.19197], [10.6412307, 62.1922724], [10.6413493, 62.1925172], [10.6414579, 62.1927567], [10.6415645, 62.1929985], [10.6416911, 62.1932609], [10.641789, 62.193457], [10.6419051, 62.193652], [10.6422098, 62.1941042], [10.6422829, 62.1942052]]}, "properties": {"electrified": "no", "gauge": "1435", "maxspeed": "110", "name": "R\u00f8rosbanen", "operator": "Bane NOR", "passenger_lines": "1", "railway": "rail", "usage": "main", "length_km": 0.571, "maxspeed_kmh": 110.0}}, {"type": "Feature", "geometry": {"type": "LineString", "coordinates": [[10.6422829, 62.1942052], [10.6425561, 62.1945781], [10.6428294, 62.1949569], [10.643078, 62.1952951], [10.6433527, 62.1956728], [10.6436071, 62.1960255], [10.6440132, 62.1965817], [10.644236, 62.196888], [10.6444564, 62.1971978], [10.6449839, 62.1979096], [10.6453447, 62.1983716], [10.6455648, 62.1986433], [10.6457879, 62.1989107], [10.6462757, 62.1994707], [10.6465662, 62.1997906], [10.6470746, 62.2003189], [10.6476218, 62.2008654], [10.6480537, 62.2012761], [10.6485142, 62.2017027], [10.6490524, 62.2021874], [10.649321, 62.2024344], [10.6496216, 62.2027057], [10.6501116, 62.2031551], [10.6502794, 62.2033134], [10.6508613, 62.2038068], [10.6519438, 62.204797], [10.6542012, 62.2068431], [10.6543071, 62.2069398], [10.6545193, 62.2071336], [10.6548862, 62.2074666], [10.6552597, 62.2078035]]}, "properties": {"electrified": "no", "gauge": "1435", "maxspeed": "125", "name": "R\u00f8rosbanen", "operator": "Bane NOR", "passenger_lines": "1", "railway": "rail", "usage": "main", "length_km": 1.663, "maxspeed_kmh": 125.0}}, {"type": "Feature", "geometry": {"type": "LineString", "coordinates": [[10.6182701, 62.1680804], [10.6182821, 62.1681983], [10.6183018, 62.168377], [10.6183454, 62.1685638], [10.6183683, 62.1686414], [10.6184192, 62.1687739], [10.6184826, 62.168908], [10.6185583, 62.1690252], [10.6187133, 62.1692352], [10.6188306, 62.1693599], [10.6189721, 62.1694905], [10.6191538, 62.1696407], [10.619355, 62.1697938], [10.619593, 62.1699589]]}, "properties": {"electrified": "no", "gauge": "1435", "maxspeed": "85", "name": "R\u00f8rosbanen", "operator": "Bane NOR", "passenger_lines": "1", "railway": "rail", "usage": "main", "length_km": 0.224, "maxspeed_kmh": 85.0}}, {"type": "Feature", "geometry": {"type": "LineString", "coordinates": [[10.6217502, 62.1460528], [10.6215137, 62.1465443], [10.6211467, 62.1472874], [10.620979, 62.1476409], [10.6208351, 62.1479285], [10.6206766, 62.1482577], [10.6205235, 62.1485915], [10.6204604, 62.1487548], [10.6204082, 62.1489214], [10.6203666, 62.1490833], [10.6203339, 62.1492526], [10.6203064, 62.1495599], [10.6203119, 62.1497226], [10.6203159, 62.1498871], [10.6203396, 62.1500488], [10.6203804, 62.1502196], [10.62048, 62.1505497], [10.6206885, 62.1511212], [10.6207484, 62.1513409], [10.6207876, 62.1515307], [10.6208158, 62.1517162], [10.6208292, 62.1519092], [10.6208281, 62.1520987], [10.6208137, 62.1522888], [10.6207876, 62.1524717], [10.6206986, 62.1528525], [10.6206105, 62.1531749], [10.6205317, 62.1534822], [10.6204359, 62.1538346], [10.6203612, 62.1541139], [10.6201622, 62.1548651], [10.6200834, 62.1551448], [10.6199913, 62.155415], [10.6198708, 62.1556688], [10.6197355, 62.1559119], [10.6196347, 62.1560697], [10.6194707, 62.1562989], [10.619323, 62.1564851], [10.61917, 62.1566688], [10.6190203, 62.1568532], [10.6188792, 62.1570376], [10.6187429, 62.1572278], [10.6186231, 62.1574166], [10.6184704, 62.1577209], [10.6183533, 62.1580298], [10.6182526, 62.1583778], [10.6181747, 62.1587306], [10.6180643, 62.1592768], [10.6180131, 62.1595536], [10.6179783, 62.1598308], [10.6179369, 62.1601177], [10.6178893, 62.1608782], [10.6178746, 62.1613158], [10.617879, 62.1618013], [10.6178954, 62.1622149], [10.6179378, 62.1628166], [10.6179721, 62.1632326], [10.6180018, 62.1637641], [10.6180192, 62.1640388], [10.6180466, 62.164487], [10.618093, 62.1652646], [10.6181232, 62.1657561], [10.6181641, 62.1664299], [10.6181977, 62.1668933], [10.6182164, 62.1672164], [10.6182419, 62.1676515], [10.6182701, 62.1680804]]}, "properties": {"electrified": "no", "gauge": "1435", "maxspeed": "110", "name": "R\u00f8rosbanen", "operator": "Bane NOR", "passenger_lines": "1", "railway": "rail", "usage": "main", "length_km": 2.482, "maxspeed_kmh": 110.0}}, {"type": "Feature", "geometry": {"type": "LineString", "coordinates": [[10.6266385, 62.1285728], [10.6266226, 62.1287154], [10.6265887, 62.1289123], [10.626548, 62.1291387], [10.6264669, 62.1295687], [10.6263006, 62.1304427], [10.6261906, 62.1310351], [10.6260954, 62.1315316], [10.6259874, 62.1320992], [10.6259438, 62.132329], [10.6257026, 62.1336331], [10.6256568, 62.1338704], [10.6256153, 62.1340972], [10.6255967, 62.1342233], [10.625571, 62.1344302], [10.6255544, 62.1345964], [10.6255466, 62.1349204], [10.6255678, 62.1351713], [10.6255787, 62.1352519], [10.6255938, 62.1353623], [10.6256206, 62.1355284], [10.6256877, 62.135818], [10.6258815, 62.1366613], [10.6259444, 62.1370051], [10.6259626, 62.1373028], [10.6259613, 62.1375868], [10.6259398, 62.1378324], [10.625909, 62.1380255], [10.6258687, 62.1382336], [10.6258258, 62.1384065], [10.6257467, 62.1386855], [10.6256796, 62.1388785], [10.6255925, 62.1391185], [10.6255026, 62.1393322], [10.6254061, 62.1395434], [10.625339, 62.139692], [10.6251861, 62.1399872], [10.6250976, 62.1401432], [10.6249622, 62.1403761], [10.62482, 62.1406082], [10.6247181, 62.1407624], [10.6244619, 62.1411359], [10.6242004, 62.1414812], [10.6237351, 62.142045], [10.6228734, 62.1430939], [10.6224903, 62.14361], [10.6223852, 62.1437911], [10.6223054, 62.14398], [10.6222679, 62.1440847], [10.6222035, 62.1443068], [10.622182, 62.1444205], [10.6221633, 62.144538], [10.6221297, 62.1447906], [10.6221002, 62.1450168], [10.6220667, 62.1452029], [10.6220465, 62.1453048], [10.622001, 62.145461], [10.6219366, 62.1456384], [10.6218721, 62.1457994], [10.6217502, 62.1460528]]}, "properties": {"electrified": "no", "gauge": "1435", "maxspeed": "95", "name": "R\u00f8rosbanen", "operator": "Bane NOR", "passenger_lines": "1", "railway": "rail", "usage": "main", "length_km": 1.983, "maxspeed_kmh": 95.0}}, {"type": "Feature", "geometry": {"type": "LineString", "coordinates": [[10.7789337, 62.2759058], [10.778606, 62.2757797], [10.7782102, 62.2756196]]}, "properties": {"electrified": "no", "gauge": "1435", "maxspeed": "40", "name": "R\u00f8rosbanen", "operator": "Bane NOR", "passenger_lines": "1", "railway": "rail", "usage": "main", "length_km": 0.049, "maxspeed_kmh": 40.0}}, {"type": "Feature", "geometry": {"type": "LineString", "coordinates": [[10.7682484, 62.2723236], [10.7679792, 62.2722627]]}, "properties": {"electrified": "no", "gauge": "1435", "maxspeed": "40", "name": "R\u00f8rosbanen", "operator": "Bane NOR", "passenger_lines": "1", "railway": "rail", "usage": "main", "length_km": 0.016, "maxspeed_kmh": 40.0}}, {"type": "Feature", "geometry": {"type": "LineString", "coordinates": [[10.7656196, 62.2716452], [10.7653921, 62.2715743]]}, "properties": {"bridge": "yes", "electrified": "no", "gauge": "1435", "maxspeed": "80", "name": "R\u00f8rosbanen", "operator": "Bane NOR", "passenger_lines": "1", "railway": "rail", "usage": "main", "length_km": 0.014, "maxspeed_kmh": 80.0}}, {"type": "Feature", "geometry": {"type": "LineString", "coordinates": [[10.7679792, 62.2722627], [10.7675927, 62.272173], [10.7668961, 62.2720024], [10.7665536, 62.271912], [10.7659397, 62.27174], [10.7657865, 62.2716972], [10.7656196, 62.2716452]]}, "properties": {"electrified": "no", "gauge": "1435", "maxspeed": "80", "name": "R\u00f8rosbanen", "operator": "Bane NOR", "passenger_lines": "1", "railway": "rail", "usage": "main", "length_km": 0.141, "maxspeed_kmh": 80.0}}, {"type": "Feature", "geometry": {"type": "LineString", "coordinates": [[10.7540866, 62.270116], [10.7518217, 62.2696841]]}, "properties": {"electrified": "no", "gauge": "1435", "maxspeed": "90", "name": "R\u00f8rosbanen", "operator": "Bane NOR", "passenger_lines": "1", "railway": "rail", "usage": "main", "length_km": 0.127, "maxspeed_kmh": 90.0}}, {"type": "Feature", "geometry": {"type": "LineString", "coordinates": [[10.7515444, 62.2696315], [10.7482394, 62.2690051], [10.7479679, 62.2689553], [10.7470528, 62.2688009], [10.7463663, 62.2686952], [10.7461667, 62.2686644], [10.745339, 62.268552], [10.7446972, 62.2684773], [10.7440321, 62.2684078], [10.7433317, 62.2683416], [10.74228, 62.2682422], [10.7416806, 62.2681909], [10.7408887, 62.2681345], [10.7400363, 62.2680873], [10.739607, 62.2680701], [10.7387531, 62.2680427], [10.7378816, 62.2680256], [10.7370041, 62.2680197], [10.7363187, 62.2680224], [10.7348885, 62.268039], [10.7271054, 62.2681295], [10.7258769, 62.2681435], [10.7248741, 62.2681555], [10.7239118, 62.2681703], [10.7231324, 62.2681938], [10.722581, 62.2682244], [10.7222225, 62.2682494], [10.7218736, 62.2682793], [10.721426, 62.2683218], [10.7211275, 62.2683559], [10.7207975, 62.2684006], [10.7202553, 62.2684798], [10.7199454, 62.2685289], [10.719384, 62.2686241]]}, "properties": {"electrified": "no", "gauge": "1435", "maxspeed": "90", "name": "R\u00f8rosbanen", "operator": "Bane NOR", "passenger_lines": "1", "railway": "rail", "usage": "main", "length_km": 1.705, "maxspeed_kmh": 90.0}}, {"type": "Feature", "geometry": {"type": "LineString", "coordinates": [[10.7518217, 62.2696841], [10.7515444, 62.2696315]]}, "properties": {"bridge": "yes", "electrified": "no", "gauge": "1435", "maxspeed": "90", "name": "R\u00f8rosbanen", "operator": "Bane NOR", "passenger_lines": "1", "railway": "rail", "usage": "main", "length_km": 0.016, "maxspeed_kmh": 90.0}}, {"type": "Feature", "geometry": {"type": "LineString", "coordinates": [[10.7653921, 62.2715743], [10.7650964, 62.2714821], [10.7645639, 62.2713026], [10.7637329, 62.2710088], [10.7632994, 62.2708638], [10.7631071, 62.2708039], [10.7628432, 62.2707271], [10.762487, 62.2706367], [10.762057, 62.2705446], [10.7618899, 62.2705138], [10.761402, 62.2704378], [10.7609154, 62.2703812], [10.7607274, 62.2703649], [10.7603479, 62.2703401], [10.7598175, 62.2703221], [10.7594489, 62.2703222], [10.7590691, 62.2703315], [10.7585325, 62.2703575], [10.7578638, 62.2703956], [10.7575209, 62.2704113], [10.757041, 62.2704253], [10.7567882, 62.2704247], [10.7562944, 62.2704093], [10.7558744, 62.270381], [10.7555917, 62.2703528], [10.7552998, 62.2703178], [10.7550671, 62.2702848], [10.7547314, 62.2702317], [10.7544747, 62.2701869], [10.7540866, 62.270116]]}, "properties": {"electrified": "no", "gauge": "1435", "maxspeed": "80", "name": "R\u00f8rosbanen", "operator": "Bane NOR", "passenger_lines": "1", "railway": "rail", "usage": "main", "length_km": 0.631, "maxspeed_kmh": 80.0}}, {"type": "Feature", "geometry": {"type": "LineString", "coordinates": [[10.6871814, 62.259245], [10.6870335, 62.2591871], [10.6868096, 62.2590917], [10.6866393, 62.2590159], [10.6863256, 62.2588654], [10.6856649, 62.2585192], [10.6850932, 62.2581939], [10.6846519, 62.2579245], [10.6843406, 62.2577197], [10.6839863, 62.257473], [10.6836892, 62.2572531], [10.6835065, 62.2571099], [10.683304, 62.2569461], [10.6826866, 62.2564282], [10.682215, 62.2560493], [10.681981, 62.2558728], [10.6817674, 62.2557201], [10.6815278, 62.255555], [10.6812658, 62.2553835], [10.6807518, 62.25507], [10.6804686, 62.2549082], [10.6799072, 62.254604], [10.6786676, 62.2539873], [10.6782077, 62.2537509], [10.6778255, 62.2535475], [10.6771195, 62.2531531], [10.6766453, 62.2528738], [10.6762084, 62.2526037], [10.6757964, 62.2523388], [10.6753259, 62.2520256], [10.6749349, 62.2517482], [10.6745374, 62.2514568], [10.6739445, 62.2509986], [10.6732845, 62.2504477], [10.6730155, 62.2502108], [10.6726195, 62.2498432], [10.6722505, 62.2494709], [10.6717512, 62.2489272], [10.6712732, 62.2483525], [10.6708922, 62.247844], [10.6704922, 62.2472347], [10.6702539, 62.2468247], [10.6700367, 62.2464239], [10.6698555, 62.2460445], [10.6696692, 62.2456064], [10.6695141, 62.2451868], [10.669413, 62.2448584], [10.6692849, 62.2443703], [10.6692085, 62.2439847], [10.6691201, 62.2434023], [10.669082, 62.2429396], [10.6690731, 62.2426148], [10.6690913, 62.2420214], [10.6691853, 62.241069], [10.6691953, 62.2408703], [10.6692026, 62.2405355], [10.6691887, 62.2402492], [10.6691771, 62.2400707], [10.6691378, 62.2398009], [10.6691112, 62.2396753], [10.6690322, 62.239354], [10.6689085, 62.2389652], [10.6688242, 62.2387553], [10.6686137, 62.2383145], [10.6684487, 62.2380223], [10.6683105, 62.2378055], [10.6682353, 62.2376954], [10.6679421, 62.2373102], [10.6674526, 62.2367268], [10.6671169, 62.2363073], [10.6669085, 62.2360082], [10.6667282, 62.2357054], [10.6666254, 62.2355041], [10.6664586, 62.2350991], [10.6662047, 62.2342758], [10.6660847, 62.233931], [10.6660352, 62.2338085], [10.6658282, 62.2333506], [10.6657482, 62.2331893], [10.6656701, 62.2330409], [10.6654212, 62.2326108], [10.6651658, 62.2322361], [10.6648991, 62.2318875], [10.6646951, 62.2316416], [10.6644134, 62.2313311]]}, "properties": {"electrified": "no", "gauge": "1435", "maxspeed": "120", "name": "R\u00f8rosbanen", "operator": "Bane NOR", "passenger_lines": "1", "railway": "rail", "usage": "main", "length_km": 3.425, "maxspeed_kmh": 120.0}}, {"type": "Feature", "geometry": {"type": "LineString", "coordinates": [[10.6644134, 62.2313311], [10.6640079, 62.230874], [10.6638643, 62.2306843], [10.6637927, 62.2305788], [10.6637182, 62.2304598], [10.6635993, 62.2302329], [10.6635072, 62.2299961], [10.6634484, 62.2297849], [10.6634089, 62.2295641], [10.6633937, 62.2293678], [10.6634091, 62.2290996], [10.6634353, 62.2289315], [10.6634794, 62.2287479], [10.6636857, 62.2280707], [10.66373, 62.2278649], [10.6637532, 62.2276675], [10.6637494, 62.2273955], [10.6637185, 62.2271981], [10.6636691, 62.2270034], [10.6635545, 62.2267069], [10.6634431, 62.2265019], [10.663295, 62.2262645]]}, "properties": {"electrified": "no", "gauge": "1435", "maxspeed": "90", "name": "R\u00f8rosbanen", "operator": "Bane NOR", "passenger_lines": "1", "railway": "rail", "usage": "main", "length_km": 0.577, "maxspeed_kmh": 90.0}}, {"type": "Feature", "geometry": {"type": "LineString", "coordinates": [[11.1211272, 62.4407551], [11.1210416, 62.4404402], [11.1209461, 62.4401363], [11.1207624, 62.4396424], [11.1206883, 62.4394738], [11.1204985, 62.4390905], [11.120287, 62.4387145], [11.120047, 62.4383276], [11.1197937, 62.4379629], [11.1196724, 62.4378016], [11.1194324, 62.4374965], [11.1192792, 62.4373146], [11.1189192, 62.4369149], [11.1186534, 62.4366423], [11.1183105, 62.436312], [11.1179958, 62.4360298], [11.1178472, 62.4359047], [11.1174629, 62.4355934], [11.1172025, 62.4353921], [11.1169391, 62.4351965], [11.1163935, 62.4348152], [11.1158096, 62.4344387], [11.1154237, 62.4342074], [11.1150577, 62.4339964], [11.1140982, 62.4334743], [11.1136849, 62.4332404], [11.1135095, 62.4331329], [11.1131983, 62.4329214], [11.1130982, 62.4328509], [11.112823, 62.4326324], [11.1125684, 62.4324026], [11.1118697, 62.4317085], [11.1115172, 62.4313865], [11.110958, 62.4309239], [11.1103155, 62.4304177], [11.1099894, 62.4301615]]}, "properties": {"electrified": "no", "gauge": "1435", "maxspeed": "110", "name": "R\u00f8rosbanen", "operator": "Bane NOR", "passenger_lines": "1", "railway": "rail", "usage": "main", "length_km": 1.331, "maxspeed_kmh": 110.0}}, {"type": "Feature", "geometry": {"type": "LineString", "coordinates": [[11.2320493, 62.499302], [11.2307787, 62.4987149], [11.2300228, 62.4983702], [11.2297145, 62.4982374], [11.2290412, 62.4979723], [11.2287006, 62.4978547], [11.2283036, 62.4977265], [11.2279758, 62.4976301], [11.2276887, 62.4975475], [11.2273883, 62.4974707], [11.2271016, 62.4974009], [11.2267839, 62.4973284], [11.2263154, 62.497231], [11.2258299, 62.4971418], [11.2252912, 62.4970497], [11.2248044, 62.4969685], [11.2238734, 62.4968187]]}, "properties": {"electrified": "no", "gauge": "1435", "maxspeed": "95", "name": "R\u00f8rosbanen", "operator": "Bane NOR", "passenger_lines": "1", "railway": "rail", "usage": "main", "length_km": 0.512, "maxspeed_kmh": 95.0}}, {"type": "Feature", "geometry": {"type": "LineString", "coordinates": [[11.2546494, 62.50244], [11.2541099, 62.502179], [11.253738, 62.5020113], [11.2535346, 62.5019263], [11.2532917, 62.5018331], [11.2529853, 62.501725], [11.2526916, 62.5016315]]}, "properties": {"electrified": "no", "gauge": "1435", "maxspeed": "95", "name": "R\u00f8rosbanen", "operator": "Bane NOR", "passenger_lines": "1", "railway": "rail", "usage": "main", "length_km": 0.136, "maxspeed_kmh": 95.0}}, {"type": "Feature", "geometry": {"type": "LineString", "coordinates": [[11.1796909, 62.4773959], [11.1794338, 62.4771736], [11.1793351, 62.477098], [11.1791911, 62.4769962], [11.1789755, 62.4768627], [11.1786986, 62.4767136], [11.1784131, 62.476582], [11.1782282, 62.476505], [11.1778732, 62.4763761], [11.1776565, 62.4763049], [11.1772718, 62.476191], [11.1761827, 62.4758962], [11.1758238, 62.4757901], [11.1756163, 62.4757223], [11.1753767, 62.4756372], [11.1751267, 62.4755403], [11.1748808, 62.4754332]]}, "properties": {"electrified": "no", "gauge": "1435", "maxspeed": "85", "name": "R\u00f8rosbanen", "operator": "Bane NOR", "passenger_lines": "1", "railway": "rail", "usage": "main", "length_km": 0.336, "maxspeed_kmh": 85.0}}, {"type": "Feature", "geometry": {"type": "LineString", "coordinates": [[10.9958356, 62.4056743], [10.9958205, 62.4057427], [10.9957749, 62.4060105], [10.9957641, 62.4061359], [10.9957722, 62.4062689], [10.9957896, 62.4063937], [10.9958138, 62.406508], [10.9958969, 62.4067224], [10.9960297, 62.4069708], [10.9960632, 62.4070276]]}, "properties": {"electrified": "no", "gauge": "1435", "maxspeed": "70", "name": "R\u00f8rosbanen", "operator": "Bane NOR", "passenger_lines": "1", "railway": "rail", "usage": "main", "length_km": 0.153, "maxspeed_kmh": 70.0}}, {"type": "Feature", "geometry": {"type": "LineString", "coordinates": [[10.8119235, 62.2835707], [10.8113196, 62.2832994], [10.8107574, 62.2830372], [10.8097911, 62.2825862], [10.8089912, 62.2822192], [10.8085873, 62.2820403], [10.808178, 62.2818693], [10.8077702, 62.2817093], [10.8073465, 62.2815526], [10.8067591, 62.281348], [10.8062052, 62.2811666], [10.8058212, 62.2810506], [10.8048845, 62.2807556], [10.8042014, 62.2805271], [10.8039486, 62.2804383], [10.8032679, 62.2801793], [10.8030611, 62.2800905]]}, "properties": {"electrified": "no", "gauge": "1435", "name": "R\u00f8rosbanen", "operator": "Bane NOR", "passenger_lines": "1", "railway": "rail", "usage": "main", "length_km": 0.604}}, {"type": "Feature", "geometry": {"type": "LineString", "coordinates": [[10.8368587, 62.2892357], [10.8361999, 62.289063], [10.8358177, 62.2889698], [10.8350999, 62.2888055], [10.8342558, 62.2886319], [10.8336848, 62.288525], [10.8330728, 62.2884222], [10.8324545, 62.288325], [10.8252807, 62.2872804], [10.8249933, 62.2872357], [10.8246349, 62.2871798], [10.8236101, 62.2870066], [10.822429, 62.2867855], [10.8214288, 62.2865783], [10.820973, 62.2864788], [10.8202816, 62.2863183], [10.8196532, 62.2861663], [10.8188062, 62.2859484], [10.8182312, 62.2857933], [10.8174173, 62.2855597], [10.8170309, 62.2854446], [10.8161191, 62.2851598], [10.8153765, 62.2849134], [10.814822, 62.2847207], [10.8140048, 62.284422], [10.8131361, 62.2840854], [10.8126674, 62.2838917], [10.8121188, 62.2836558], [10.8119235, 62.2835707]]}, "properties": {"electrified": "no", "gauge": "1435", "maxspeed": "130", "name": "R\u00f8rosbanen", "operator": "Bane NOR", "passenger_lines": "1", "railway": "rail", "usage": "main", "length_km": 1.455, "maxspeed_kmh": 130.0}}, {"type": "Feature", "geometry": {"type": "LineString", "coordinates": [[10.8657759, 62.3195387], [10.8655811, 62.3193134], [10.8653513, 62.3190282], [10.8651919, 62.318807], [10.8651412, 62.3187363], [10.8649533, 62.318426], [10.8647983, 62.3181182], [10.8646271, 62.3176908], [10.8644222, 62.3171188], [10.864253, 62.3167337], [10.8641468, 62.3165331], [10.8639706, 62.3162493], [10.8639034, 62.3161496]]}, "properties": {"electrified": "no", "gauge": "1435", "maxspeed": "130", "name": "R\u00f8rosbanen", "operator": "Bane NOR", "passenger_lines": "1", "railway": "rail", "usage": "main", "length_km": 0.391, "maxspeed_kmh": 130.0}}, {"type": "Feature", "geometry": {"type": "LineString", "coordinates": [[10.927817, 62.3764007], [10.9272709, 62.3763304], [10.9267466, 62.3762564], [10.9262569, 62.3761768], [10.9259277, 62.3761124], [10.9255315, 62.3760254], [10.925189, 62.3759411], [10.9249171, 62.3758687], [10.924376, 62.3757011], [10.9240357, 62.3755841], [10.9237043, 62.3754543], [10.9234518, 62.3753465], [10.9230196, 62.3751441], [10.9220315, 62.3746285], [10.9215985, 62.374416], [10.9213716, 62.3743119], [10.9210126, 62.374153], [10.920527, 62.3739549], [10.9200671, 62.3737866], [10.9195814, 62.3736234], [10.9190393, 62.3734642], [10.9185805, 62.373344], [10.9183885, 62.3732982], [10.9180176, 62.3732169], [10.9178808, 62.3731905]]}, "properties": {"electrified": "no", "gauge": "1435", "maxspeed": "100", "name": "R\u00f8rosbanen", "operator": "Bane NOR", "passenger_lines": "1", "railway": "rail", "usage": "main", "length_km": 0.637, "maxspeed_kmh": 100.0}}, {"type": "Feature", "geometry": {"type": "LineString", "coordinates": [[10.9414782, 62.3779765], [10.9393289, 62.3778083], [10.9383715, 62.3777216], [10.9379696, 62.3776765], [10.9374115, 62.3776107], [10.9344378, 62.3772384], [10.927817, 62.3764007]]}, "properties": {"electrified": "no", "gauge": "1435", "maxspeed": "130", "name": "R\u00f8rosbanen", "operator": "Bane NOR", "passenger_lines": "1", "railway": "rail", "usage": "main", "length_km": 0.729, "maxspeed_kmh": 130.0}}, {"type": "Feature", "geometry": {"type": "LineString", "coordinates": [[10.962763, 62.3869732], [10.9576132, 62.3830777], [10.9570868, 62.3826844], [10.956673, 62.3823897], [10.9564009, 62.382208], [10.9559416, 62.3819212], [10.9555924, 62.3817178], [10.9550133, 62.3813998], [10.9546028, 62.3811907], [10.9543222, 62.3810556], [10.9540923, 62.3809489], [10.9536313, 62.3807449], [10.9530197, 62.3804919], [10.9525441, 62.3803075], [10.9520753, 62.380135], [10.9513147, 62.3798735], [10.9506096, 62.3796508], [10.9501389, 62.3795118], [10.9496904, 62.3793856], [10.9489964, 62.3791998], [10.9483845, 62.3790479], [10.9476648, 62.3788826], [10.9469471, 62.3787305], [10.9463239, 62.3786092], [10.9453984, 62.3784462], [10.9446453, 62.3783263], [10.9439024, 62.37822], [10.943284, 62.3781428], [10.9426296, 62.3780743], [10.9417552, 62.378]]}, "properties": {"electrified": "no", "gauge": "1435", "maxspeed": "130", "name": "R\u00f8rosbanen", "operator": "Bane NOR", "passenger_lines": "1", "railway": "rail", "usage": "main", "length_km": 1.538, "maxspeed_kmh": 130.0}}, {"type": "Feature", "geometry": {"type": "LineString", "coordinates": [[10.9968362, 62.3987123], [10.9969081, 62.3991463], [10.9969389, 62.3995023], [10.996947, 62.399754], [10.9969396, 62.4000351], [10.9969175, 62.4002942], [10.9968853, 62.4006428], [10.9968343, 62.4009944], [10.9967914, 62.4012529], [10.996727, 62.4015909], [10.9962818, 62.4036374], [10.9959358, 62.4052197], [10.9958356, 62.4056743]]}, "properties": {"electrified": "no", "gauge": "1435", "maxspeed": "100", "name": "R\u00f8rosbanen", "operator": "Bane NOR", "passenger_lines": "1", "railway": "rail", "usage": "main", "length_km": 0.779, "maxspeed_kmh": 100.0}}, {"type": "Feature", "geometry": {"type": "LineString", "coordinates": [[10.9085239, 62.3526787], [10.9079276, 62.3524456], [10.9075249, 62.3522911], [10.9073373, 62.3522141], [10.9069732, 62.352061], [10.9065271, 62.3518603], [10.9062639, 62.3517356], [10.9058533, 62.3515311], [10.905453, 62.3513179], [10.9052598, 62.351208], [10.9049034, 62.3509961], [10.9045785, 62.3507879], [10.9042416, 62.3505597], [10.9039768, 62.3503688], [10.9036072, 62.3500795], [10.9033515, 62.3498634], [10.9031109, 62.3496469], [10.9027561, 62.3493003], [10.9024026, 62.3489133], [10.9021497, 62.3486044], [10.9020067, 62.3484088], [10.9018567, 62.3481785], [10.9017869, 62.3480594], [10.9016381, 62.3477766], [10.9015555, 62.3475931], [10.9014425, 62.3472959], [10.9011968, 62.3465061], [10.9011055, 62.3462809], [10.9010344, 62.3461401], [10.9009662, 62.3460243], [10.9008226, 62.345818], [10.9006601, 62.3456217], [10.9004926, 62.3454452], [10.9003114, 62.3452786], [10.9001236, 62.3451131]]}, "properties": {"electrified": "no", "gauge": "1435", "maxspeed": "100", "name": "R\u00f8rosbanen", "operator": "Bane NOR", "passenger_lines": "1", "railway": "rail", "usage": "main", "length_km": 0.975, "maxspeed_kmh": 100.0}}, {"type": "Feature", "geometry": {"type": "LineString", "coordinates": [[10.8999883, 62.3449986], [10.8998143, 62.3448555]]}, "properties": {"electrified": "no", "gauge": "1435", "maxspeed": "100", "name": "R\u00f8rosbanen", "operator": "Bane NOR", "passenger_lines": "1", "railway": "rail", "usage": "main", "length_km": 0.018, "maxspeed_kmh": 100.0}}, {"type": "Feature", "geometry": {"type": "LineString", "coordinates": [[10.8588612, 62.3099487], [10.8584002, 62.3093854], [10.8569927, 62.3076656], [10.8532832, 62.3031287], [10.8520132, 62.3015769], [10.848757, 62.2975955], [10.847127, 62.295602], [10.846159, 62.2944181], [10.845931, 62.2941489], [10.8457122, 62.2939047], [10.8454713, 62.2936499], [10.8453009, 62.2934831], [10.8450919, 62.2932889], [10.8447792, 62.2930162], [10.8444588, 62.2927568], [10.8441052, 62.292487], [10.8437416, 62.2922327], [10.8433623, 62.2919802], [10.8429789, 62.2917422], [10.8424719, 62.2914483], [10.8422572, 62.2913299], [10.8417603, 62.2910725], [10.8412297, 62.2908145], [10.8409744, 62.2906967], [10.8404076, 62.2904489], [10.8398481, 62.2902191], [10.8393402, 62.2900265], [10.8387647, 62.2898189], [10.8382531, 62.2896503], [10.8377976, 62.2895065], [10.8373799, 62.2893815], [10.837037, 62.2892853]]}, "properties": {"electrified": "no", "gauge": "1435", "maxspeed": "130", "name": "R\u00f8rosbanen", "operator": "Bane NOR", "passenger_lines": "1", "railway": "rail", "usage": "main", "length_km": 2.609, "maxspeed_kmh": 130.0}}, {"type": "Feature", "geometry": {"type": "LineString", "coordinates": [[11.0010128, 62.4106343], [11.0006095, 62.4103868]]}, "properties": {"electrified": "no", "gauge": "1435", "maxspeed": "70", "name": "R\u00f8rosbanen", "operator": "Bane NOR", "passenger_lines": "1", "railway": "rail", "usage": "main", "length_km": 0.035, "maxspeed_kmh": 70.0}}, {"type": "Feature", "geometry": {"type": "LineString", "coordinates": [[11.0297238, 62.4144042], [11.028869, 62.414454], [11.0280687, 62.414479], [11.0273377, 62.4144855], [11.0265481, 62.4144776], [11.025432, 62.4144592], [11.0246716, 62.4144541], [11.0239231, 62.4144572], [11.0234826, 62.4144627], [11.0227323, 62.4144779], [11.0217478, 62.4145106], [11.0196455, 62.4146072], [11.0189871, 62.4146285], [11.0183933, 62.414634], [11.018062, 62.4146328], [11.0176738, 62.4146266], [11.0170772, 62.4146117], [11.0166525, 62.4145956], [11.0159256, 62.4145606], [11.0156136, 62.4145424], [11.0148442, 62.414486], [11.0142692, 62.414435], [11.0136209, 62.4143683], [11.0132942, 62.4143308], [11.0123221, 62.41421], [11.0115739, 62.414097], [11.0110504, 62.414012], [11.0104606, 62.4139078], [11.0100382, 62.4138282], [11.009366, 62.4136931], [11.0085124, 62.4135055], [11.0078935, 62.4133576], [11.0071348, 62.4131649], [11.0063666, 62.4129526], [11.0059652, 62.4128357], [11.0054267, 62.4126707], [11.004902, 62.4124993], [11.0044522, 62.4123396], [11.0038419, 62.4121046], [11.0033657, 62.4119027], [11.0029088, 62.411695], [11.0025476, 62.4115187], [11.0020196, 62.4112366], [11.0016743, 62.4110389], [11.0013488, 62.4108425], [11.0010128, 62.4106343]]}, "properties": {"electrified": "no", "gauge": "1435", "maxspeed": "120", "name": "R\u00f8rosbanen", "operator": "Bane NOR", "passenger_lines": "1", "railway": "rail", "usage": "main", "length_km": 1.626, "maxspeed_kmh": 120.0}}, {"type": "Feature", "geometry": {"type": "LineString", "coordinates": [[11.1099894, 62.4301615], [11.1097787, 62.4300027], [11.1093829, 62.4297197], [11.10917, 62.4295843], [11.1089095, 62.429437], [11.1085984, 62.4292853], [11.1084247, 62.4292104], [11.1082311, 62.4291342], [11.1079542, 62.429037], [11.1077646, 62.4289748], [11.1073129, 62.428838], [11.0974811, 62.4260073], [11.095784, 62.4255168], [11.0954846, 62.4254264], [11.0954323, 62.4254118], [11.0944867, 62.4251474], [11.0941012, 62.4250474], [11.09391, 62.4250004], [11.0934672, 62.4249004], [11.0931253, 62.424833], [11.0925978, 62.4247442], [11.0920945, 62.424671], [11.0917059, 62.4246246], [11.0912354, 62.4245786], [11.0904917, 62.4245174], [11.0899037, 62.424469], [11.0892817, 62.424408], [11.088922, 62.4243651], [11.0885658, 62.4243135], [11.0880804, 62.4242211], [11.0877691, 62.4241484], [11.087549, 62.4240916], [11.0873201, 62.4240224], [11.0868761, 62.423872], [11.0866423, 62.4237798], [11.0863117, 62.4236246], [11.086112, 62.4235225], [11.085877, 62.4233797], [11.0856381, 62.4232201], [11.0854225, 62.4230514], [11.0853112, 62.4229555], [11.0851146, 62.4227781]]}, "properties": {"electrified": "no", "gauge": "1435", "maxspeed": "85", "name": "R\u00f8rosbanen", "operator": "Bane NOR", "passenger_lines": "1", "railway": "rail", "usage": "main", "length_km": 1.561, "maxspeed_kmh": 85.0}}, {"type": "Feature", "geometry": {"type": "LineString", "coordinates": [[11.0851146, 62.4227781], [11.0847208, 62.4224229], [11.0845709, 62.4222955], [11.0842831, 62.4220669], [11.0840048, 62.421875], [11.0838189, 62.4217592], [11.0836201, 62.4216444], [11.0834046, 62.4215311], [11.0831841, 62.4214201], [11.0827517, 62.4212159], [11.0825366, 62.4211055], [11.0823636, 62.4210256], [11.0821215, 62.4209058], [11.081721, 62.4206947], [11.0814213, 62.420523], [11.0811176, 62.420334], [11.0809436, 62.4202173], [11.0800128, 62.4195446], [11.0798596, 62.4194387], [11.0795791, 62.4192627], [11.0794472, 62.4191865], [11.0791327, 62.4190224], [11.0787796, 62.4188598], [11.0785343, 62.4187597], [11.0783148, 62.4186774], [11.0778859, 62.4185295], [11.0777034, 62.4184738], [11.0772069, 62.4183396], [11.0769727, 62.4182848], [11.0765258, 62.4181919], [11.0763116, 62.4181525], [11.0758487, 62.4180789], [11.0751558, 62.4179858], [11.0709805, 62.4174966], [11.0703679, 62.417422], [11.0697175, 62.4173363], [11.0693703, 62.4172856], [11.0686595, 62.4171666], [11.0682119, 62.4170802], [11.067806, 62.4169962], [11.0671668, 62.4168483], [11.0666877, 62.4167242], [11.0655239, 62.4164034], [11.0651524, 62.4163063], [11.0649092, 62.4162458], [11.0644823, 62.4161506], [11.0640609, 62.4160741], [11.0635003, 62.4159892], [11.0631923, 62.4159545], [11.0629955, 62.4159365], [11.0627696, 62.415918], [11.0623653, 62.415893], [11.0621687, 62.4158838], [11.0619018, 62.4158767], [11.061423, 62.4158718], [11.0607091, 62.4158734], [11.0542396, 62.4159344], [11.0535886, 62.4159375], [11.0528224, 62.4159291], [11.0522569, 62.4159108], [11.051693, 62.4158848], [11.0511174, 62.4158513], [11.0431655, 62.4153654], [11.0425296, 62.4153229], [11.0415511, 62.4152488], [11.0408862, 62.4151865], [11.0405402, 62.4151498], [11.0396343, 62.4150455], [11.0389864, 62.4149608], [11.0382439, 62.4148499], [11.0378143, 62.41478], [11.0372298, 62.414676], [11.0358392, 62.414414], [11.0353257, 62.4143318], [11.0349719, 62.4142855], [11.0347411, 62.4142593], [11.0345122, 62.4142387], [11.0340869, 62.4142067], [11.0335902, 62.4141832], [11.0330371, 62.4141757], [11.0327713, 62.4141791], [11.0322328, 62.4141978], [11.031952, 62.4142141], [11.0314375, 62.4142546], [11.0301847, 62.4143683], [11.0297238, 62.4144042]]}, "properties": {"electrified": "no", "gauge": "1435", "maxspeed": "95", "name": "R\u00f8rosbanen", "operator": "Bane NOR", "passenger_lines": "1", "railway": "rail", "usage": "main", "length_km": 3.18, "maxspeed_kmh": 95.0}}, {"type": "Feature", "geometry": {"type": "LineString", "coordinates": [[11.1748808, 62.4754332], [11.1748425, 62.4754165], [11.174436, 62.4752191], [11.1743496, 62.4751735], [11.173998, 62.4749879], [11.1736728, 62.4748014], [11.1732878, 62.4745664], [11.1727888, 62.474227], [11.1723244, 62.4738682], [11.1720893, 62.4736736], [11.171324, 62.4730191], [11.1709844, 62.4727484], [11.170544, 62.4724197], [11.1700676, 62.4720897], [11.1697311, 62.4718717], [11.1694388, 62.4716907], [11.1691629, 62.4715251], [11.1687269, 62.4712777], [11.1682521, 62.4710224], [11.1679734, 62.4708791], [11.1676754, 62.4707318], [11.1671737, 62.470496], [11.1665206, 62.4702065], [11.1659774, 62.4699811], [11.1652349, 62.4696927], [11.1648378, 62.4695489], [11.1643976, 62.4693951], [11.1635911, 62.4691313], [11.1618315, 62.4685854], [11.1611617, 62.4683719], [11.1606181, 62.4681822], [11.1602952, 62.4680599], [11.1599584, 62.4679233], [11.159657, 62.4677892], [11.1595963, 62.4677598], [11.1592276, 62.4675812], [11.1587, 62.4673019], [11.1578089, 62.4668191], [11.1573865, 62.4666105], [11.1570492, 62.4664565], [11.1567682, 62.4663372], [11.1563622, 62.4661757], [11.1558923, 62.466004], [11.1549803, 62.4656815], [11.1544489, 62.4654839], [11.1540532, 62.465324], [11.1537401, 62.4651862], [11.1535154, 62.4650802], [11.1532036, 62.4649224], [11.1528005, 62.4646988], [11.1524742, 62.4645038], [11.1515369, 62.4639147], [11.1510901, 62.4636512], [11.1509209, 62.4635514], [11.1504735, 62.4633067], [11.1499795, 62.463052], [11.1494974, 62.4628192], [11.1490618, 62.4626185], [11.1487701, 62.4624898], [11.1482737, 62.4622798], [11.1476673, 62.4620408], [11.1439272, 62.4606383], [11.1432291, 62.4603683], [11.1428752, 62.4602216], [11.1423811, 62.4599922], [11.1419399, 62.4597541], [11.1415005, 62.4594784], [11.1410802, 62.4591879], [11.1379398, 62.4569552], [11.1353653, 62.4551034], [11.1348815, 62.4547474], [11.1346355, 62.4545551], [11.1344014, 62.4543585], [11.1343247, 62.45429]]}, "properties": {"electrified": "no", "gauge": "1435", "maxspeed": "110", "name": "R\u00f8rosbanen", "operator": "Bane NOR", "passenger_lines": "1", "railway": "rail", "usage": "main", "length_km": 3.184, "maxspeed_kmh": 110.0}}, {"type": "Feature", "geometry": {"type": "LineString", "coordinates": [[11.220624, 62.4962861], [11.2193316, 62.4960729], [11.2181956, 62.4958896], [11.2125766, 62.4949702], [11.2084124, 62.4942868], [11.2082122, 62.4942511], [11.2081841, 62.4942461], [11.2078246, 62.494192], [11.2063596, 62.493949], [11.2032403, 62.4934403], [11.2024215, 62.4933031], [11.2021264, 62.4932499], [11.2016747, 62.4931619], [11.2012075, 62.4930558], [11.200904, 62.4929785], [11.2004234, 62.4928422], [11.2001974, 62.492772], [11.1998194, 62.4926423], [11.1996258, 62.492569], [11.1993789, 62.492471], [11.1989363, 62.4922769], [11.198655, 62.4921368], [11.1983269, 62.4919571], [11.1981152, 62.4918294], [11.1978638, 62.4916619], [11.1976763, 62.4915269], [11.1974926, 62.4913816], [11.1972558, 62.4911706], [11.1971147, 62.4910312], [11.1968643, 62.4907472], [11.1966716, 62.4905076], [11.1944685, 62.4876298], [11.1938849, 62.4868798], [11.1935871, 62.4865523], [11.1934124, 62.486385], [11.1932436, 62.4862379], [11.193075, 62.486102], [11.1928502, 62.4859346], [11.1925634, 62.4857428], [11.1922973, 62.4855817], [11.1916289, 62.4852308], [11.1908898, 62.4848816], [11.1903646, 62.4846251], [11.1899387, 62.4843912], [11.1898011, 62.4843071], [11.1895881, 62.4841677], [11.1893997, 62.484034], [11.1892309, 62.4839021], [11.1890729, 62.483766], [11.1889895, 62.4836871], [11.1889192, 62.4836205], [11.1887642, 62.4834551], [11.1886009, 62.4832608], [11.1880539, 62.4825393], [11.1878208, 62.4822679], [11.1876617, 62.4821027], [11.1875189, 62.4819673], [11.1872422, 62.4817295], [11.1870184, 62.4815536], [11.1867102, 62.4813339], [11.1865635, 62.4812389], [11.1862263, 62.4810352], [11.1858611, 62.4808341], [11.1854757, 62.4806416], [11.1851611, 62.4804982], [11.1848053, 62.4803483], [11.1844366, 62.4802072], [11.1839679, 62.4800369], [11.1833005, 62.4798009], [11.1829025, 62.4796602], [11.1825738, 62.4795329], [11.18224, 62.4793942], [11.1820503, 62.4793075], [11.1818591, 62.4792143], [11.1816231, 62.4790887], [11.1813187, 62.4789067], [11.1810879, 62.4787535], [11.1809271, 62.4786347], [11.1806988, 62.4784482], [11.1804944, 62.4782552], [11.1802962, 62.4780473], [11.1798476, 62.4775531], [11.1796909, 62.4773959]]}, "properties": {"electrified": "no", "gauge": "1435", "maxspeed": "95", "name": "R\u00f8rosbanen", "operator": "Bane NOR", "passenger_lines": "1", "railway": "rail", "usage": "main", "length_km": 3.177, "maxspeed_kmh": 95.0}}, {"type": "Feature", "geometry": {"type": "LineString", "coordinates": [[11.3010166, 62.5402033], [11.3010816, 62.5401297], [11.3017763, 62.5393637], [11.3018151, 62.539321]]}, "properties": {"electrified": "no", "gauge": "1435", "maxspeed": "130", "name": "R\u00f8rosbanen", "operator": "Bane NOR", "passenger_lines": "1", "railway": "rail", "usage": "main", "length_km": 0.107, "maxspeed_kmh": 130.0}}, {"type": "Feature", "geometry": {"type": "LineString", "coordinates": [[11.3003899, 62.5429033], [11.3002841, 62.5426171], [11.3002331, 62.5424628], [11.3001564, 62.5421736], [11.3001292, 62.5418998], [11.3001361, 62.5417398], [11.3001526, 62.5415914], [11.3001805, 62.5414712], [11.3002693, 62.5412182], [11.3003812, 62.541], [11.300572, 62.5407211], [11.3007067, 62.5405542], [11.3010166, 62.5402033]]}, "properties": {"electrified": "no", "gauge": "1435", "maxspeed": "100", "name": "R\u00f8rosbanen", "operator": "Bane NOR", "passenger_lines": "1", "railway": "rail", "usage": "main", "length_km": 0.309, "maxspeed_kmh": 100.0}}, {"type": "Feature", "geometry": {"type": "LineString", "coordinates": [[10.8639034, 62.3161496], [10.8637047, 62.3158821], [10.8634139, 62.3155152], [10.8615853, 62.3132774], [10.8589251, 62.3100268]]}, "properties": {"electrified": "no", "gauge": "1435", "maxspeed": "130", "name": "R\u00f8rosbanen", "operator": "Bane NOR", "passenger_lines": "1", "railway": "rail", "usage": "main", "length_km": 0.73, "maxspeed_kmh": 130.0}}, {"type": "Feature", "geometry": {"type": "LineString", "coordinates": [[10.8589251, 62.3100268], [10.8588612, 62.3099487]]}, "properties": {"bridge": "yes", "electrified": "no", "gauge": "1435", "maxspeed": "130", "name": "R\u00f8rosbanen", "operator": "Bane NOR", "passenger_lines": "1", "railway": "rail", "usage": "main", "length_km": 0.009, "maxspeed_kmh": 130.0}}, {"type": "Feature", "geometry": {"type": "LineString", "coordinates": [[10.8030611, 62.2800905], [10.8023379, 62.2797929], [10.8018495, 62.2795998], [10.8015094, 62.2794788], [10.801196, 62.2793813], [10.800886, 62.2792969]]}, "properties": {"electrified": "no", "gauge": "1435", "maxspeed": "70", "name": "R\u00f8rosbanen", "operator": "Bane NOR", "passenger_lines": "1", "railway": "rail", "usage": "main", "length_km": 0.144, "maxspeed_kmh": 70.0}}, {"type": "Feature", "geometry": {"type": "LineString", "coordinates": [[10.7987386, 62.2789953], [10.7985649, 62.278988]]}, "properties": {"bridge": "yes", "electrified": "no", "gauge": "1435", "maxspeed": "70", "name": "R\u00f8rosbanen", "operator": "Bane NOR", "passenger_lines": "1", "railway": "rail", "usage": "main", "length_km": 0.009, "maxspeed_kmh": 70.0}}, {"type": "Feature", "geometry": {"type": "LineString", "coordinates": [[10.8007246, 62.2792621], [10.8003947, 62.2791908], [10.8000759, 62.279135], [10.7999105, 62.2791093], [10.7995736, 62.2790644], [10.7991159, 62.2790194], [10.7987898, 62.2789975], [10.7987386, 62.2789953]]}, "properties": {"electrified": "no", "gauge": "1435", "maxspeed": "70", "name": "R\u00f8rosbanen", "operator": "Bane NOR", "passenger_lines": "1", "railway": "rail", "usage": "main", "length_km": 0.108, "maxspeed_kmh": 70.0}}, {"type": "Feature", "geometry": {"type": "LineString", "coordinates": [[10.800886, 62.2792969], [10.8007246, 62.2792621]]}, "properties": {"bridge": "yes", "electrified": "no", "gauge": "1435", "maxspeed": "70", "name": "R\u00f8rosbanen", "operator": "Bane NOR", "passenger_lines": "1", "railway": "rail", "usage": "main", "length_km": 0.009, "maxspeed_kmh": 70.0}}, {"type": "Feature", "geometry": {"type": "LineString", "coordinates": [[10.33277, 63.0218641], [10.3356638, 63.0207486], [10.3374898, 63.0200412], [10.3391945, 63.0193808], [10.3395452, 63.0192482]]}, "properties": {"electrified": "no", "gauge": "1435", "maxspeed": "85", "name": "R\u00f8rosbanen", "operator": "Bane NOR", "passenger_lines": "1", "railway": "rail", "usage": "main", "length_km": 0.45, "maxspeed_kmh": 85.0}}, {"type": "Feature", "geometry": {"type": "LineString", "coordinates": [[10.3326335, 63.0219168], [10.33277, 63.0218641]]}, "properties": {"bridge": "yes", "electrified": "no", "gauge": "1435", "maxspeed": "85", "name": "R\u00f8rosbanen", "operator": "Bane NOR", "passenger_lines": "1", "railway": "rail", "usage": "main", "length_km": 0.009, "maxspeed_kmh": 85.0}}, {"type": "Feature", "geometry": {"type": "LineString", "coordinates": [[11.2207365, 62.4963047], [11.220624, 62.4962861]]}, "properties": {"bridge": "yes", "electrified": "no", "gauge": "1435", "maxspeed": "95", "name": "R\u00f8rosbanen", "operator": "Bane NOR", "passenger_lines": "1", "railway": "rail", "usage": "main", "length_km": 0.006, "maxspeed_kmh": 95.0}}, {"type": "Feature", "geometry": {"type": "LineString", "coordinates": [[11.2238734, 62.4968187], [11.2232637, 62.4967193], [11.2231656, 62.4967033], [11.2210027, 62.4963488], [11.2207365, 62.4963047]]}, "properties": {"electrified": "no", "gauge": "1435", "maxspeed": "95", "name": "R\u00f8rosbanen", "operator": "Bane NOR", "passenger_lines": "1", "railway": "rail", "usage": "main", "length_km": 0.172, "maxspeed_kmh": 95.0}}, {"type": "Feature", "geometry": {"type": "LineString", "coordinates": [[11.1222008, 62.444753], [11.1212963, 62.4413708], [11.121169, 62.4409084]]}, "properties": {"electrified": "no", "gauge": "1435", "maxspeed": "110", "name": "R\u00f8rosbanen", "operator": "Bane NOR", "passenger_lines": "1", "railway": "rail", "usage": "main", "length_km": 0.432, "maxspeed_kmh": 110.0}}, {"type": "Feature", "geometry": {"type": "LineString", "coordinates": [[11.121169, 62.4409084], [11.1211272, 62.4407551]]}, "properties": {"bridge": "yes", "electrified": "no", "gauge": "1435", "maxspeed": "110", "name": "R\u00f8rosbanen", "operator": "Bane NOR", "passenger_lines": "1", "railway": "rail", "usage": "main", "length_km": 0.017, "maxspeed_kmh": 110.0}}, {"type": "Feature", "geometry": {"type": "LineString", "coordinates": [[11.4258458, 60.9951369], [11.4260775, 60.9950398], [11.4265136, 60.9948384], [11.4267968, 60.9946954], [11.4274611, 60.9943432], [11.4275217, 60.9943111], [11.4279049, 60.9941224], [11.4281124, 60.9940278], [11.4283597, 60.9939243], [11.4286203, 60.9938254], [11.4287531, 60.9937793], [11.4288441, 60.993748]]}, "properties": {"electrified": "no", "gauge": "1435", "maxspeed": "100", "name": "R\u00f8rosbanen", "operator": "Bane NOR", "passenger_lines": "1", "railway": "rail", "usage": "main", "length_km": 0.225, "maxspeed_kmh": 100.0}}, {"type": "Feature", "geometry": {"type": "LineString", "coordinates": [[11.4288441, 60.993748], [11.42892, 60.9937234]]}, "properties": {"bridge": "yes", "electrified": "no", "gauge": "1435", "maxspeed": "100", "name": "R\u00f8rosbanen", "operator": "Bane NOR", "passenger_lines": "1", "railway": "rail", "usage": "main", "length_km": 0.005, "maxspeed_kmh": 100.0}}, {"type": "Feature", "geometry": {"type": "LineString", "coordinates": [[11.439746, 60.9897299], [11.4403597, 60.9895549], [11.441391, 60.9892667], [11.444301, 60.9884551], [11.444824, 60.9882996], [11.4450019, 60.9882442], [11.4454746, 60.9880969], [11.4459157, 60.9879515], [11.4463603, 60.9877984], [11.4470059, 60.987564], [11.4482172, 60.9871063], [11.448443, 60.9870203]]}, "properties": {"electrified": "no", "gauge": "1435", "maxspeed": "130", "name": "R\u00f8rosbanen", "operator": "Bane NOR", "passenger_lines": "1", "railway": "rail", "usage": "main", "length_km": 0.56, "maxspeed_kmh": 130.0}}, {"type": "Feature", "geometry": {"type": "LineString", "coordinates": [[11.448443, 60.9870203], [11.4485822, 60.9869673]]}, "properties": {"bridge": "yes", "electrified": "no", "gauge": "1435", "maxspeed": "130", "name": "R\u00f8rosbanen", "operator": "Bane NOR", "passenger_lines": "1", "railway": "rail", "usage": "main", "length_km": 0.01, "maxspeed_kmh": 130.0}}, {"type": "Feature", "geometry": {"type": "LineString", "coordinates": [[11.4485822, 60.9869673], [11.4558229, 60.9842103], [11.4577886, 60.9834597]]}, "properties": {"electrified": "no", "gauge": "1435", "maxspeed": "130", "name": "R\u00f8rosbanen", "operator": "Bane NOR", "passenger_lines": "1", "railway": "rail", "usage": "main", "length_km": 0.633, "maxspeed_kmh": 130.0}}, {"type": "Feature", "geometry": {"type": "LineString", "coordinates": [[11.4577886, 60.9834597], [11.4579212, 60.9834091]]}, "properties": {"bridge": "yes", "electrified": "no", "gauge": "1435", "maxspeed": "130", "name": "R\u00f8rosbanen", "operator": "Bane NOR", "passenger_lines": "1", "railway": "rail", "usage": "main", "length_km": 0.009, "maxspeed_kmh": 130.0}}, {"type": "Feature", "geometry": {"type": "LineString", "coordinates": [[11.0464811, 61.571536], [11.0469355, 61.5712531], [11.0489055, 61.5700065], [11.0504182, 61.569056], [11.0505303, 61.5689849], [11.0505764, 61.5689557], [11.0510912, 61.5686299], [11.0515478, 61.5683275], [11.0517224, 61.5682027], [11.0519229, 61.568036], [11.052103, 61.5678658], [11.0522763, 61.5676729], [11.0524103, 61.5674961], [11.0525207, 61.567328], [11.0526253, 61.567135], [11.0527103, 61.5669375], [11.0527814, 61.5667018], [11.0528152, 61.5664754], [11.0528584, 61.5658386], [11.0528798, 61.5656241], [11.0529262, 61.5652578], [11.0529786, 61.5649585], [11.0529903, 61.5649079]]}, "properties": {"electrified": "no", "gauge": "1435", "maxspeed": "85", "name": "R\u00f8rosbanen", "operator": "Bane NOR", "passenger_lines": "1", "railway": "rail", "usage": "main", "length_km": 0.843, "maxspeed_kmh": 85.0}}, {"type": "Feature", "geometry": {"type": "LineString", "coordinates": [[11.0529903, 61.5649079], [11.0530055, 61.5648438]]}, "properties": {"bridge": "yes", "electrified": "no", "gauge": "1435", "maxspeed": "85", "name": "R\u00f8rosbanen", "operator": "Bane NOR", "passenger_lines": "1", "railway": "rail", "usage": "main", "length_km": 0.007, "maxspeed_kmh": 85.0}}]}