{"type": "FeatureCollection", "features": [{"type": "Feature", "geometry": {"type": "LineString", "coordinates": [[10.207036, 59.6038793], [10.2061059, 59.6029098]]}, "properties": {"electrified": "contact_line", "frequency": "16.67", "gauge": "1435", "maxspeed": "200", "name": "Vestfoldbanen", "operator": "Bane NOR", "passenger_lines": "2", "railway": "rail", "tunnel": "yes", "usage": "main", "voltage": "15000", "length_km": 0.12, "maxspeed_kmh": 200.0}}, {"type": "Feature", "geometry": {"type": "LineString", "coordinates": [[10.2061059, 59.6029098], [10.2059512, 59.6027518], [10.205715, 59.6024901], [10.2053364, 59.6020703], [10.2050256, 59.6016969], [10.204815, 59.6014401], [10.2046305, 59.6012027], [10.2044279, 59.6009307], [10.2041732, 59.6005796], [10.2039411, 59.6002378], [10.2037282, 59.5999035], [10.203341, 59.5992416], [10.2031129, 59.5988242], [10.2029386, 59.59846], [10.2027779, 59.5981324], [10.2025766, 59.5976585], [10.202458, 59.5973525], [10.2023785, 59.5971317], [10.2022704, 59.596792], [10.2021571, 59.5964349], [10.2020835, 59.5961541], [10.2019822, 59.5957145], [10.2019371, 59.5954942], [10.2018954, 59.5952628], [10.2018437, 59.594949], [10.2018136, 59.5947161], [10.2017715, 59.5943319], [10.201741, 59.5939652], [10.2017309, 59.5936089], [10.2017289, 59.5932546], [10.2017349, 59.5929592], [10.201763, 59.5924172], [10.2018011, 59.5920589], [10.2018529, 59.5916635], [10.2019121, 59.5913164], [10.2019777, 59.5909999], [10.2020902, 59.5905308], [10.2022208, 59.5900736], [10.2023784, 59.5895974], [10.2025411, 59.589169], [10.2027028, 59.5887818], [10.2028462, 59.5884584], [10.2030215, 59.5880887], [10.2032105, 59.5877188], [10.2033935, 59.5873824]]}, "properties": {"electrified": "contact_line", "frequency": "16.67", "gauge": "1435", "maxspeed": "200", "name": "Vestfoldbanen", "operator": "Bane NOR", "passenger_lines": "2", "railway": "rail", "usage": "main", "voltage": "15000", "length_km": 1.777, "maxspeed_kmh": 200.0}}, {"type": "Feature", "geometry": {"type": "LineString", "coordinates": [[10.3986569, 59.2822325], [10.3983842, 59.2823132], [10.3980476, 59.2824012]]}, "properties": {"bridge": "yes", "electrified": "contact_line", "frequency": "16.67", "gauge": "1435", "maxspeed": "75", "name": "Vestfoldbanen", "operator": "Bane NOR", "passenger_lines": "1", "railway": "rail", "usage": "main", "voltage": "15000", "length_km": 0.04, "maxspeed_kmh": 75.0}}, {"type": "Feature", "geometry": {"type": "LineString", "coordinates": [[10.3980476, 59.2824012], [10.39765, 59.2824878], [10.397373, 59.28254], [10.3970997, 59.2825848], [10.3967875, 59.2826287], [10.3965335, 59.2826584], [10.3962453, 59.2826848], [10.3959943, 59.2827034]]}, "properties": {"electrified": "contact_line", "frequency": "16.67", "gauge": "1435", "maxspeed": "75", "name": "Vestfoldbanen", "operator": "Bane NOR", "passenger_lines": "1", "railway": "rail", "usage": "main", "voltage": "15000", "length_km": 0.122, "maxspeed_kmh": 75.0}}, {"type": "Feature", "geometry": {"type": "LineString", "coordinates": [[10.3664151, 59.2837139], [10.3659144, 59.283653], [10.3652335, 59.2835701]]}, "properties": {"electrified": "contact_line", "frequency": "16.67", "gauge": "1435", "maxspeed": "100", "name": "Vestfoldbanen", "operator": "Bane NOR", "passenger_lines": "1", "railway": "rail", "usage": "main", "voltage": "15000", "length_km": 0.069, "maxspeed_kmh": 100.0}}, {"type": "Feature", "geometry": {"type": "LineString", "coordinates": [[10.3673248, 59.2838275], [10.3664151, 59.2837139]]}, "properties": {"bridge": "yes", "electrified": "contact_line", "frequency": "16.67", "gauge": "1435", "maxspeed": "100", "name": "Vestfoldbanen", "operator": "Bane NOR", "passenger_lines": "1", "railway": "rail", "usage": "main", "voltage": "15000", "length_km": 0.053, "maxspeed_kmh": 100.0}}, {"type": "Feature", "geometry": {"type": "LineString", "coordinates": [[10.3389388, 59.2845078], [10.3387121, 59.2844701], [10.3384713, 59.2844286], [10.3382733, 59.2843894]]}, "properties": {"bridge": "yes", "electrified": "contact_line", "frequency": "16.67", "gauge": "1435", "maxspeed": "90", "name": "Vestfoldbanen", "operator": "Bane NOR", "passenger_lines": "1", "railway": "rail", "usage": "main", "voltage": "15000", "length_km": 0.04, "maxspeed_kmh": 90.0}}, {"type": "Feature", "geometry": {"type": "LineString", "coordinates": [[10.2449467, 59.1408388], [10.244499, 59.1406645]]}, "properties": {"bridge": "yes", "electrified": "contact_line", "frequency": "16.67", "gauge": "1435", "maxspeed": "90", "name": "Vestfoldbanen", "operator": "Bane NOR", "passenger_lines": "1", "railway": "rail", "usage": "main", "voltage": "15000", "length_km": 0.032, "maxspeed_kmh": 90.0}}, {"type": "Feature", "geometry": {"type": "LineString", "coordinates": [[10.2121598, 59.1367122], [10.2119254, 59.1366697], [10.2116715, 59.1366147]]}, "properties": {"bridge": "yes", "electrified": "contact_line", "frequency": "16.67", "gauge": "1435", "maxspeed": "80", "name": "Vestfoldbanen", "operator": "Bane NOR", "passenger_lines": "1", "railway": "rail", "usage": "main", "voltage": "15000", "length_km": 0.03, "maxspeed_kmh": 80.0}}, {"type": "Feature", "geometry": {"type": "LineString", "coordinates": [[10.2116715, 59.1366147], [10.2114282, 59.1365547], [10.2112008, 59.1364931], [10.2109967, 59.1364302], [10.2107312, 59.1363404], [10.2106469, 59.1363073]]}, "properties": {"electrified": "contact_line", "frequency": "16.67", "gauge": "1435", "maxspeed": "80", "name": "Vestfoldbanen", "operator": "Bane NOR", "passenger_lines": "1", "railway": "rail", "usage": "main", "voltage": "15000", "length_km": 0.068, "maxspeed_kmh": 80.0}}, {"type": "Feature", "geometry": {"type": "LineString", "coordinates": [[10.244499, 59.1406645], [10.2419393, 59.1396799], [10.2393291, 59.138671], [10.2373369, 59.1379097], [10.2350712, 59.1370325], [10.2327204, 59.1361263], [10.2321091, 59.1358997], [10.2317521, 59.1357733], [10.2313085, 59.135636], [10.230917, 59.1355286], [10.2305079, 59.1354267], [10.23006, 59.1353294], [10.229683, 59.1352587], [10.2291868, 59.1351765], [10.2287229, 59.1351137], [10.2284084, 59.1350803]]}, "properties": {"electrified": "contact_line", "frequency": "16.67", "gauge": "1435", "maxspeed": "90", "name": "Vestfoldbanen", "operator": "Bane NOR", "passenger_lines": "1", "railway": "rail", "usage": "main", "voltage": "15000", "length_km": 1.119, "maxspeed_kmh": 90.0}}, {"type": "Feature", "geometry": {"type": "LineString", "coordinates": [[10.0670568, 59.0482711], [10.0661595, 59.048308]]}, "properties": {"electrified": "contact_line", "frequency": "16.67", "gauge": "1435", "maxspeed": "100", "name": "Vestfoldbanen", "operator": "Bane NOR", "passenger_lines": "1", "railway": "rail", "usage": "main", "voltage": "15000", "length_km": 0.052, "maxspeed_kmh": 100.0}}, {"type": "Feature", "geometry": {"type": "LineString", "coordinates": [[10.0371834, 59.0483611], [10.0362327, 59.0489674], [10.0360763, 59.0490537]]}, "properties": {"electrified": "contact_line", "frequency": "16.67", "gauge": "1435", "maxspeed": "75", "name": "Vestfoldbanen", "operator": "Bane NOR", "passenger_lines": "1", "railway": "rail", "tunnel": "yes", "usage": "main", "voltage": "15000", "length_km": 0.1, "maxspeed_kmh": 75.0}}, {"type": "Feature", "geometry": {"type": "LineString", "coordinates": [[10.0227594, 59.0515064], [10.0213138, 59.0522342], [10.0210773, 59.0523456], [10.0208709, 59.0524386]]}, "properties": {"electrified": "contact_line", "frequency": "16.67", "gauge": "1435", "maxspeed": "75", "name": "Vestfoldbanen", "operator": "Bane NOR", "passenger_lines": "1", "railway": "rail", "usage": "main", "voltage": "15000", "length_km": 0.15, "maxspeed_kmh": 75.0}}, {"type": "Feature", "geometry": {"type": "LineString", "coordinates": [[10.0700129, 59.0481444], [10.0670568, 59.0482711]]}, "properties": {"bridge": "yes", "electrified": "contact_line", "frequency": "16.67", "gauge": "1435", "maxspeed": "100", "name": "Vestfoldbanen", "operator": "Bane NOR", "passenger_lines": "1", "railway": "rail", "usage": "main", "voltage": "15000", "length_km": 0.17, "maxspeed_kmh": 100.0}}, {"type": "Feature", "geometry": {"type": "LineString", "coordinates": [[10.2272716, 59.1350125], [10.2270487, 59.1350126]]}, "properties": {"bridge": "yes", "electrified": "contact_line", "frequency": "16.67", "gauge": "1435", "maxspeed": "60", "name": "Vestfoldbanen", "operator": "Bane NOR", "passenger_lines": "1", "railway": "rail", "usage": "main", "voltage": "15000", "length_km": 0.013, "maxspeed_kmh": 60.0}}, {"type": "Feature", "geometry": {"type": "LineString", "coordinates": [[10.0231021, 59.0513308], [10.0227594, 59.0515064]]}, "properties": {"bridge": "yes", "electrified": "contact_line", "frequency": "16.67", "gauge": "1435", "maxspeed": "75", "name": "Vestfoldbanen", "operator": "Bane NOR", "passenger_lines": "1", "railway": "rail", "usage": "main", "voltage": "15000", "length_km": 0.028, "maxspeed_kmh": 75.0}}, {"type": "Feature", "geometry": {"type": "LineString", "coordinates": [[10.2127942, 59.6097337], [10.2111903, 59.6081015]]}, "properties": {"bridge": "yes", "electrified": "contact_line", "frequency": "16.67", "gauge": "1435", "maxspeed": "200", "name": "Vestfoldbanen", "operator": "Bane NOR", "passenger_lines": "2", "railway": "rail", "usage": "main", "voltage": "15000", "length_km": 0.203, "maxspeed_kmh": 200.0}}, {"type": "Feature", "geometry": {"type": "LineString", "coordinates": [[10.2111903, 59.6081015], [10.2104509, 59.6073446], [10.2090573, 59.6059284], [10.2078332, 59.6046859], [10.207036, 59.6038793]]}, "properties": {"electrified": "contact_line", "frequency": "16.67", "gauge": "1435", "maxspeed": "200", "name": "Vestfoldbanen", "operator": "Bane NOR", "passenger_lines": "2", "railway": "rail", "usage": "main", "voltage": "15000", "length_km": 0.526, "maxspeed_kmh": 200.0}}, {"type": "Feature", "geometry": {"type": "LineString", "coordinates": [[10.2186326, 59.6181352], [10.2184797, 59.6177816]]}, "properties": {"bridge": "yes", "electrified": "contact_line", "frequency": "16.67", "gauge": "1435", "maxspeed": "200", "name": "Vestfoldbanen", "operator": "Bane NOR", "passenger_lines": "2", "railway": "rail", "usage": "main", "voltage": "15000", "length_km": 0.04, "maxspeed_kmh": 200.0}}, {"type": "Feature", "geometry": {"type": "LineString", "coordinates": [[10.2184797, 59.6177816], [10.2182973, 59.617371], [10.2181133, 59.6169748], [10.2178495, 59.6164379], [10.2176141, 59.6159937], [10.2172956, 59.61543], [10.2170853, 59.6150872], [10.2168571, 59.614725], [10.2164431, 59.6141103], [10.2161692, 59.6137218]]}, "properties": {"electrified": "contact_line", "frequency": "16.67", "gauge": "1435", "maxspeed": "200", "name": "Vestfoldbanen", "operator": "Bane NOR", "passenger_lines": "2", "railway": "rail", "usage": "main", "voltage": "15000", "length_km": 0.471, "maxspeed_kmh": 200.0}}, {"type": "Feature", "geometry": {"type": "LineString", "coordinates": [[10.1882845, 59.1186957], [10.1860267, 59.1176973], [10.1834221, 59.1165459], [10.1806625, 59.1153266], [10.1801057, 59.1150822], [10.1795243, 59.1148352], [10.1784541, 59.1144004], [10.1773826, 59.1139831], [10.1767246, 59.1137299]]}, "properties": {"electrified": "contact_line", "frequency": "16.67", "gauge": "1435", "maxspeed": "130", "name": "Vestfoldbanen", "operator": "Bane NOR", "passenger_lines": "1", "railway": "rail", "usage": "main", "voltage": "15000", "length_km": 0.864, "maxspeed_kmh": 130.0}}, {"type": "Feature", "geometry": {"type": "LineString", "coordinates": [[10.1884862, 59.1187847], [10.1882845, 59.1186957]]}, "properties": {"bridge": "yes", "electrified": "contact_line", "frequency": "16.67", "gauge": "1435", "maxspeed": "130", "name": "Vestfoldbanen", "operator": "Bane NOR", "passenger_lines": "1", "railway": "rail", "usage": "main", "voltage": "15000", "length_km": 0.015, "maxspeed_kmh": 130.0}}, {"type": "Feature", "geometry": {"type": "LineString", "coordinates": [[10.2181355, 59.1361316], [10.2186637, 59.136002], [10.2189948, 59.1359287], [10.2191093, 59.1359017], [10.2192701, 59.1358683], [10.2197662, 59.1357616], [10.2199164, 59.1357296], [10.2200577, 59.1357022], [10.2202375, 59.13567], [10.220483, 59.1356308], [10.2208102, 59.1355869], [10.222854, 59.1353268], [10.2232049, 59.1352845], [10.2242286, 59.135152], [10.2245618, 59.1351124], [10.2248155, 59.1350874], [10.2250106, 59.1350705], [10.2251948, 59.1350566], [10.2253962, 59.1350437], [10.2256255, 59.1350337], [10.2258186, 59.1350275], [10.2262115, 59.135021], [10.2268257, 59.1350138]]}, "properties": {"electrified": "contact_line", "frequency": "16.67", "gauge": "1435", "maxspeed": "60", "name": "Vestfoldbanen", "operator": "Bane NOR", "passenger_lines": "3", "railway": "rail", "usage": "main", "voltage": "15000", "length_km": 0.517, "maxspeed_kmh": 60.0}}, {"type": "Feature", "geometry": {"type": "LineString", "coordinates": [[10.0395547, 59.0475244], [10.0392553, 59.0475868], [10.0389808, 59.0476497], [10.0387053, 59.0477224], [10.0383896, 59.0478161], [10.0381193, 59.0479117], [10.0378864, 59.0480053], [10.0376744, 59.0480987], [10.0374306, 59.0482228], [10.0371834, 59.0483611]]}, "properties": {"electrified": "contact_line", "frequency": "16.67", "gauge": "1435", "maxspeed": "75", "name": "Vestfoldbanen", "operator": "Bane NOR", "passenger_lines": "1", "railway": "rail", "usage": "main", "voltage": "15000", "length_km": 0.167, "maxspeed_kmh": 75.0}}, {"type": "Feature", "geometry": {"type": "LineString", "coordinates": [[10.0397399, 59.0474949], [10.0395547, 59.0475244]]}, "properties": {"bridge": "yes", "electrified": "contact_line", "frequency": "16.67", "gauge": "1435", "maxspeed": "75", "name": "Vestfoldbanen", "operator": "Bane NOR", "passenger_lines": "1", "railway": "rail", "usage": "main", "voltage": "15000", "length_km": 0.011, "maxspeed_kmh": 75.0}}, {"type": "Feature", "geometry": {"type": "LineString", "coordinates": [[10.4061424, 59.4083025], [10.406108, 59.4082178]]}, "properties": {"bridge": "yes", "electrified": "contact_line", "frequency": "16.67", "gauge": "1435", "maxspeed": "110", "name": "Vestfoldbanen", "operator": "Bane NOR", "passenger_lines": "1", "railway": "rail", "usage": "main", "voltage": "15000", "length_km": 0.01, "maxspeed_kmh": 110.0}}, {"type": "Feature", "geometry": {"type": "LineString", "coordinates": [[10.406108, 59.4082178], [10.4059157, 59.4078294], [10.405842, 59.4076357], [10.4057792, 59.4074349], [10.4057347, 59.4072618], [10.4056942, 59.407027], [10.4056779, 59.4068286], [10.4056799, 59.4066085], [10.4056948, 59.4064207], [10.4057292, 59.4062023], [10.4057731, 59.4060159], [10.4058695, 59.4057288], [10.4059619, 59.4055198], [10.406059, 59.4053292], [10.4061889, 59.4051236]]}, "properties": {"electrified": "contact_line", "frequency": "16.67", "gauge": "1435", "maxspeed": "110", "name": "Vestfoldbanen", "operator": "Bane NOR", "passenger_lines": "1", "railway": "rail", "usage": "main", "voltage": "15000", "length_km": 0.35, "maxspeed_kmh": 110.0}}, {"type": "Feature", "geometry": {"type": "LineString", "coordinates": [[9.6653671, 59.1352003], [9.6636877, 59.1360517], [9.6625628, 59.1366167], [9.6620836, 59.1368583], [9.6619007, 59.1369505], [9.6615332, 59.1371418], [9.661286, 59.137278], [9.6609897, 59.1374552], [9.6607513, 59.1376041], [9.6605418, 59.1377495]]}, "properties": {"electrified": "contact_line", "frequency": "16.67", "gauge": "1435", "maxspeed": "130", "name": "Vestfoldbanen", "operator": "Bane NOR", "passenger_lines": "1", "railway": "rail", "usage": "main", "voltage": "15000", "length_km": 0.397, "maxspeed_kmh": 130.0}}, {"type": "Feature", "geometry": {"type": "LineString", "coordinates": [[9.6657103, 59.1350302], [9.6653671, 59.1352003]]}, "properties": {"bridge": "yes", "electrified": "contact_line", "frequency": "16.67", "gauge": "1435", "maxspeed": "130", "name": "Vestfoldbanen", "operator": "Bane NOR", "passenger_lines": "1", "railway": "rail", "usage": "main", "voltage": "15000", "length_km": 0.027, "maxspeed_kmh": 130.0}}, {"type": "Feature", "geometry": {"type": "LineString", "coordinates": [[10.3522966, 59.4399964], [10.35193, 59.4404408], [10.3516245, 59.4408286], [10.35133, 59.4412182]]}, "properties": {"electrified": "contact_line", "frequency": "16.67", "gauge": "1435", "maxspeed": "200", "name": "Vestfoldbanen", "operator": "Bane NOR", "passenger_lines": "2", "railway": "rail", "tunnel": "yes", "usage": "main", "voltage": "15000", "length_km": 0.147, "maxspeed_kmh": 200.0}}, {"type": "Feature", "geometry": {"type": "LineString", "coordinates": [[10.2263521, 59.1350371], [10.2262719, 59.1350435], [10.2261874, 59.1350516], [10.226068, 59.1350643], [10.225881, 59.1350877], [10.2247748, 59.1352298], [10.2229104, 59.1354641], [10.2205563, 59.135764], [10.2198386, 59.1358534], [10.2194513, 59.1359029], [10.2191824, 59.1359375], [10.2189765, 59.1359702], [10.21863, 59.1360271], [10.2184955, 59.1360526], [10.2183728, 59.1360788], [10.2181355, 59.1361316]]}, "properties": {"electrified": "contact_line", "frequency": "16.67", "gauge": "1435", "maxspeed": "40", "name": "Vestfoldbanen", "operator": "Bane NOR", "passenger_lines": "3", "railway": "rail", "service": "siding", "voltage": "15000", "length_km": 0.487, "maxspeed_kmh": 40.0}}, {"type": "Feature", "geometry": {"type": "LineString", "coordinates": [[10.1471693, 59.0579404], [10.1473522, 59.0580855], [10.1474837, 59.0581777], [10.147645, 59.0582978], [10.1477348, 59.0583721], [10.1478669, 59.0584889], [10.1491817, 59.0596789], [10.1497525, 59.0601958], [10.1505549, 59.0609224], [10.1515718, 59.0618602], [10.1521516, 59.062388], [10.1523407, 59.0625749], [10.1527699, 59.0630789]]}, "properties": {"electrified": "contact_line", "frequency": "16.67", "gauge": "1435", "maxspeed": "40", "name": "Vestfoldbanen", "passenger_lines": "2", "railway": "rail", "service": "siding", "voltage": "15000", "length_km": 0.657, "maxspeed_kmh": 40.0}}, {"type": "Feature", "geometry": {"type": "LineString", "coordinates": [[10.2437676, 59.6870501], [10.2439322, 59.6868195], [10.2441358, 59.6865514], [10.2444678, 59.6861382], [10.2447399, 59.685838]]}, "properties": {"bridge": "yes", "electrified": "contact_line", "frequency": "16.67", "gauge": "1435", "maxspeed": "180", "name": "Vestfoldbanen", "operator": "Bane NOR", "passenger_lines": "2", "railway": "rail", "usage": "main", "voltage": "15000", "length_km": 0.146, "maxspeed_kmh": 180.0}}, {"type": "Feature", "geometry": {"type": "LineString", "coordinates": [[10.2447712, 59.6859334], [10.2442394, 59.6865771], [10.2438618, 59.6870774], [10.243724, 59.6872713]]}, "properties": {"bridge": "yes", "electrified": "contact_line", "frequency": "16.67", "gauge": "1435", "maxspeed": "160", "name": "Vestfoldbanen", "operator": "Bane NOR", "passenger_lines": "2", "railway": "rail", "usage": "main", "voltage": "15000", "length_km": 0.16, "maxspeed_kmh": 160.0}}, {"type": "Feature", "geometry": {"type": "LineString", "coordinates": [[10.2347586, 59.6608077], [10.234952, 59.6610874]]}, "properties": {"bridge": "yes", "electrified": "contact_line", "frequency": "16.67", "gauge": "1435", "maxspeed": "200", "name": "Vestfoldbanen", "operator": "Bane NOR", "passenger_lines": "2", "railway": "rail", "usage": "main", "voltage": "15000", "length_km": 0.033, "maxspeed_kmh": 200.0}}, {"type": "Feature", "geometry": {"type": "LineString", "coordinates": [[10.2348752, 59.6611004], [10.2346873, 59.6608203]]}, "properties": {"bridge": "yes", "electrified": "contact_line", "frequency": "16.67", "gauge": "1435", "maxspeed": "200", "name": "Vestfoldbanen", "operator": "Bane NOR", "passenger_lines": "2", "railway": "rail", "usage": "main", "voltage": "15000", "length_km": 0.033, "maxspeed_kmh": 200.0}}, {"type": "Feature", "geometry": {"type": "LineString", "coordinates": [[10.2253622, 59.6318679], [10.2256112, 59.6323091], [10.2258417, 59.6327646], [10.2260749, 59.633266], [10.2263378, 59.6339379], [10.2264997, 59.6344047], [10.2266164, 59.6347896], [10.2267025, 59.6351049], [10.2267808, 59.6354303]]}, "properties": {"bridge": "yes", "electrified": "contact_line", "frequency": "16.67", "gauge": "1435", "maxspeed": "200", "name": "Vestfoldbanen", "operator": "Bane NOR", "passenger_lines": "2", "railway": "rail", "usage": "main", "voltage": "15000", "length_km": 0.406, "maxspeed_kmh": 200.0}}, {"type": "Feature", "geometry": {"type": "LineString", "coordinates": [[10.2112632, 59.6080817], [10.2128728, 59.6097179]]}, "properties": {"bridge": "yes", "electrified": "contact_line", "frequency": "16.67", "gauge": "1435", "maxspeed": "200", "name": "Vestfoldbanen", "operator": "Bane NOR", "passenger_lines": "2", "railway": "rail", "usage": "main", "voltage": "15000", "length_km": 0.204, "maxspeed_kmh": 200.0}}, {"type": "Feature", "geometry": {"type": "LineString", "coordinates": [[10.215609, 59.6128468], [10.2162431, 59.6137078]]}, "properties": {"bridge": "yes", "electrified": "contact_line", "frequency": "16.67", "gauge": "1435", "maxspeed": "200", "name": "Vestfoldbanen", "operator": "Bane NOR", "passenger_lines": "2", "railway": "rail", "usage": "main", "voltage": "15000", "length_km": 0.102, "maxspeed_kmh": 200.0}}, {"type": "Feature", "geometry": {"type": "LineString", "coordinates": [[10.2123135, 59.5728118], [10.2126965, 59.572186]]}, "properties": {"bridge": "yes", "electrified": "contact_line", "frequency": "16.67", "gauge": "1435", "maxspeed": "200", "name": "Vestfoldbanen", "operator": "Bane NOR", "passenger_lines": "2", "railway": "rail", "usage": "main", "voltage": "15000", "length_km": 0.073, "maxspeed_kmh": 200.0}}, {"type": "Feature", "geometry": {"type": "LineString", "coordinates": [[10.2162431, 59.6137078], [10.2165225, 59.6140968], [10.2169333, 59.6147148], [10.2171636, 59.615077], [10.2173738, 59.6154189], [10.2176925, 59.6159806], [10.2179279, 59.616428], [10.2181948, 59.6169607], [10.2183809, 59.6173624], [10.2185691, 59.6177882]]}, "properties": {"electrified": "contact_line", "frequency": "16.67", "gauge": "1435", "maxspeed": "200", "name": "Vestfoldbanen", "operator": "Bane NOR", "passenger_lines": "2", "railway": "rail", "usage": "main", "voltage": "15000", "length_km": 0.474, "maxspeed_kmh": 200.0}}, {"type": "Feature", "geometry": {"type": "LineString", "coordinates": [[10.2126965, 59.572186], [10.2143562, 59.5694813], [10.2145232, 59.5692169], [10.2147069, 59.5689341], [10.2148858, 59.5686636], [10.2150254, 59.5684535], [10.215163, 59.5682536], [10.215373, 59.5679499], [10.2156296, 59.5675925], [10.2158742, 59.5672564], [10.2162246, 59.5667887], [10.2165315, 59.5663924], [10.2168489, 59.5659974], [10.2170907, 59.5657003], [10.2173543, 59.5653854], [10.2176681, 59.5650177], [10.2178994, 59.5647509], [10.2181359, 59.5644834], [10.2183845, 59.5642093], [10.2186525, 59.5639139], [10.2190323, 59.563514], [10.2193987, 59.5631331], [10.2198012, 59.5627231], [10.2201685, 59.5623605], [10.2205105, 59.5620282], [10.2209394, 59.5616224], [10.2213578, 59.561236], [10.2217748, 59.560858], [10.2222559, 59.5604344], [10.2239216, 59.5590103], [10.2256588, 59.5575279], [10.2260157, 59.5572211], [10.2267684, 59.5565391], [10.2272973, 59.5560384], [10.2278291, 59.5555052], [10.2286277, 59.5546858], [10.2295091, 59.5537284], [10.2297952, 59.5534195]]}, "properties": {"electrified": "contact_line", "frequency": "16.67", "gauge": "1435", "maxspeed": "200", "name": "Vestfoldbanen", "operator": "Bane NOR", "passenger_lines": "2", "railway": "rail", "usage": "main", "voltage": "15000", "length_km": 2.312, "maxspeed_kmh": 200.0}}, {"type": "Feature", "geometry": {"type": "LineString", "coordinates": [[10.2185691, 59.6177882], [10.2187212, 59.6181491]]}, "properties": {"bridge": "yes", "electrified": "contact_line", "frequency": "16.67", "gauge": "1435", "maxspeed": "200", "name": "Vestfoldbanen", "operator": "Bane NOR", "passenger_lines": "2", "railway": "rail", "usage": "main", "voltage": "15000", "length_km": 0.041, "maxspeed_kmh": 200.0}}, {"type": "Feature", "geometry": {"type": "LineString", "coordinates": [[10.2128728, 59.6097179], [10.2132406, 59.6100921], [10.2137874, 59.6106777], [10.214262, 59.6112048], [10.214602, 59.6115977], [10.2149233, 59.6119824], [10.2152961, 59.6124433], [10.215609, 59.6128468]]}, "properties": {"electrified": "contact_line", "frequency": "16.67", "gauge": "1435", "maxspeed": "200", "name": "Vestfoldbanen", "operator": "Bane NOR", "passenger_lines": "2", "railway": "rail", "usage": "main", "voltage": "15000", "length_km": 0.382, "maxspeed_kmh": 200.0}}, {"type": "Feature", "geometry": {"type": "LineString", "coordinates": [[10.2061834, 59.6028922], [10.2071141, 59.6038619]]}, "properties": {"electrified": "contact_line", "frequency": "16.67", "gauge": "1435", "maxspeed": "200", "name": "Vestfoldbanen", "operator": "Bane NOR", "passenger_lines": "2", "railway": "rail", "tunnel": "yes", "usage": "main", "voltage": "15000", "length_km": 0.12, "maxspeed_kmh": 200.0}}, {"type": "Feature", "geometry": {"type": "LineString", "coordinates": [[10.212774, 59.5721987], [10.212392, 59.5728244]]}, "properties": {"bridge": "yes", "electrified": "contact_line", "frequency": "16.67", "gauge": "1435", "maxspeed": "200", "name": "Vestfoldbanen", "operator": "Bane NOR", "passenger_lines": "2", "railway": "rail", "usage": "main", "voltage": "15000", "length_km": 0.073, "maxspeed_kmh": 200.0}}, {"type": "Feature", "geometry": {"type": "LineString", "coordinates": [[10.2161692, 59.6137218], [10.2155346, 59.6128616]]}, "properties": {"bridge": "yes", "electrified": "contact_line", "frequency": "16.67", "gauge": "1435", "maxspeed": "200", "name": "Vestfoldbanen", "operator": "Bane NOR", "passenger_lines": "2", "railway": "rail", "usage": "main", "voltage": "15000", "length_km": 0.102, "maxspeed_kmh": 200.0}}, {"type": "Feature", "geometry": {"type": "LineString", "coordinates": [[10.2266957, 59.635436], [10.2266197, 59.6351115], [10.2265314, 59.6347973], [10.226416, 59.6344104], [10.2262584, 59.6339495], [10.2259874, 59.6332687], [10.2257599, 59.6327776], [10.2255254, 59.632319], [10.2252865, 59.6318812]]}, "properties": {"bridge": "yes", "electrified": "contact_line", "frequency": "16.67", "gauge": "1435", "maxspeed": "200", "name": "Vestfoldbanen", "operator": "Bane NOR", "passenger_lines": "2", "railway": "rail", "usage": "main", "voltage": "15000", "length_km": 0.405, "maxspeed_kmh": 200.0}}, {"type": "Feature", "geometry": {"type": "LineString", "coordinates": [[10.2155346, 59.6128616], [10.2152181, 59.6124564], [10.2148491, 59.6119988], [10.2145238, 59.6116083], [10.2141815, 59.6112167], [10.2137136, 59.6106936], [10.2131662, 59.6101083], [10.2127942, 59.6097337]]}, "properties": {"electrified": "contact_line", "frequency": "16.67", "gauge": "1435", "maxspeed": "200", "name": "Vestfoldbanen", "operator": "Bane NOR", "passenger_lines": "2", "railway": "rail", "usage": "main", "voltage": "15000", "length_km": 0.382, "maxspeed_kmh": 200.0}}, {"type": "Feature", "geometry": {"type": "LineString", "coordinates": [[10.3512525, 59.4412048], [10.3515504, 59.440814], [10.3518576, 59.4404255], [10.352226, 59.4399833]]}, "properties": {"electrified": "contact_line", "frequency": "16.67", "gauge": "1435", "maxspeed": "200", "name": "Vestfoldbanen", "operator": "Bane NOR", "passenger_lines": "2", "railway": "rail", "tunnel": "yes", "usage": "main", "voltage": "15000", "length_km": 0.147, "maxspeed_kmh": 200.0}}, {"type": "Feature", "geometry": {"type": "LineString", "coordinates": [[10.352226, 59.4399833], [10.3524764, 59.4396979]]}, "properties": {"electrified": "contact_line", "frequency": "16.67", "gauge": "1435", "maxspeed": "200", "name": "Vestfoldbanen", "operator": "Bane NOR", "passenger_lines": "2", "railway": "rail", "usage": "main", "voltage": "15000", "length_km": 0.035, "maxspeed_kmh": 200.0}}, {"type": "Feature", "geometry": {"type": "LineString", "coordinates": [[10.3815037, 59.4255251], [10.3817408, 59.4254353], [10.3821614, 59.4252827], [10.3827163, 59.4250784], [10.3830254, 59.424957], [10.3833632, 59.4248191], [10.3838239, 59.4246167], [10.3841561, 59.424462], [10.38444, 59.4243282], [10.3852864, 59.4239082], [10.3858396, 59.4235999], [10.3864957, 59.4232229], [10.3868124, 59.4230234], [10.3870504, 59.4228735], [10.3875432, 59.4225551], [10.3876532, 59.4224833], [10.3900736, 59.4208182], [10.3925553, 59.4191245], [10.393057, 59.4187807], [10.3937345, 59.4183139], [10.3942472, 59.4179704], [10.3946299, 59.4177217], [10.395053, 59.4174648]]}, "properties": {"electrified": "contact_line", "frequency": "16.67", "gauge": "1435", "maxspeed": "130", "name": "Vestfoldbanen", "operator": "Bane NOR", "passenger_lines": "1", "railway": "rail", "usage": "main", "voltage": "15000", "length_km": 1.189, "maxspeed_kmh": 130.0}}, {"type": "Feature", "geometry": {"type": "LineString", "coordinates": [[10.3810431, 59.425696], [10.3815037, 59.4255251]]}, "properties": {"bridge": "yes", "electrified": "contact_line", "frequency": "16.67", "gauge": "1435", "maxspeed": "130", "name": "Vestfoldbanen", "operator": "Bane NOR", "passenger_lines": "1", "railway": "rail", "usage": "main", "voltage": "15000", "length_km": 0.032, "maxspeed_kmh": 130.0}}, {"type": "Feature", "geometry": {"type": "LineString", "coordinates": [[10.4204974, 59.2735807], [10.4201345, 59.2737311]]}, "properties": {"bridge": "yes", "electrified": "contact_line", "frequency": "16.67", "gauge": "1435", "maxspeed": "75", "name": "Vestfoldbanen", "operator": "Bane NOR", "passenger_lines": "1", "railway": "rail", "usage": "main", "voltage": "15000", "length_km": 0.027, "maxspeed_kmh": 75.0}}, {"type": "Feature", "geometry": {"type": "LineString", "coordinates": [[10.4080697, 59.2783577], [10.4081107, 59.2786139]]}, "properties": {"electrified": "contact_line", "frequency": "16.67", "gauge": "1435", "maxspeed": "60", "name": "Vestfoldbanen", "operator": "Bane NOR", "passenger_lines": "2", "railway": "rail", "usage": "main", "voltage": "15000", "length_km": 0.029, "maxspeed_kmh": 60.0}}, {"type": "Feature", "geometry": {"type": "LineString", "coordinates": [[10.4076893, 59.2765388], [10.40766, 59.2763623]]}, "properties": {"bridge": "yes", "electrified": "contact_line", "frequency": "16.67", "gauge": "1435", "maxspeed": "75", "name": "Vestfoldbanen", "operator": "Bane NOR", "passenger_lines": "2", "railway": "rail", "usage": "main", "voltage": "15000", "length_km": 0.02, "maxspeed_kmh": 75.0}}, {"type": "Feature", "geometry": {"type": "LineString", "coordinates": [[10.0435019, 59.0471476], [10.0433321, 59.0471535]]}, "properties": {"bridge": "yes", "electrified": "contact_line", "frequency": "16.67", "gauge": "1435", "maxspeed": "75", "name": "Vestfoldbanen", "operator": "Bane NOR", "passenger_lines": "1", "railway": "rail", "usage": "main", "voltage": "15000", "length_km": 0.01, "maxspeed_kmh": 75.0}}, {"type": "Feature", "geometry": {"type": "LineString", "coordinates": [[10.0450113, 59.0472232], [10.0447312, 59.0471925], [10.0444538, 59.0471696], [10.0441823, 59.0471544], [10.0438381, 59.047144]]}, "properties": {"electrified": "contact_line", "frequency": "16.67", "gauge": "1435", "maxspeed": "75", "name": "Vestfoldbanen", "operator": "Bane NOR", "passenger_lines": "1", "railway": "rail", "usage": "main", "voltage": "15000", "length_km": 0.068, "maxspeed_kmh": 75.0}}, {"type": "Feature", "geometry": {"type": "LineString", "coordinates": [[10.0456599, 59.0473234], [10.0453454, 59.0472707], [10.0450113, 59.0472232]]}, "properties": {"bridge": "yes", "electrified": "contact_line", "frequency": "16.67", "gauge": "1435", "maxspeed": "75", "name": "Vestfoldbanen", "operator": "Bane NOR", "passenger_lines": "1", "railway": "rail", "usage": "main", "voltage": "15000", "length_km": 0.039, "maxspeed_kmh": 75.0}}, {"type": "Feature", "geometry": {"type": "LineString", "coordinates": [[10.0436248, 59.0471435], [10.0435019, 59.0471476]]}, "properties": {"electrified": "contact_line", "frequency": "16.67", "gauge": "1435", "maxspeed": "75", "name": "Vestfoldbanen", "operator": "Bane NOR", "passenger_lines": "1", "railway": "rail", "usage": "main", "voltage": "15000", "length_km": 0.007, "maxspeed_kmh": 75.0}}, {"type": "Feature", "geometry": {"type": "LineString", "coordinates": [[10.0433321, 59.0471535], [10.043005, 59.047172], [10.0427791, 59.0471863], [10.0424813, 59.0472078], [10.0421396, 59.0472347], [10.0415885, 59.0472836], [10.0410364, 59.0473346], [10.0404117, 59.0474032], [10.0400705, 59.0474469], [10.0397399, 59.0474949]]}, "properties": {"electrified": "contact_line", "frequency": "16.67", "gauge": "1435", "maxspeed": "75", "name": "Vestfoldbanen", "operator": "Bane NOR", "passenger_lines": "1", "railway": "rail", "usage": "main", "voltage": "15000", "length_km": 0.21, "maxspeed_kmh": 75.0}}, {"type": "Feature", "geometry": {"type": "LineString", "coordinates": [[10.0438381, 59.047144], [10.0436248, 59.0471435]]}, "properties": {"bridge": "yes", "electrified": "contact_line", "frequency": "16.67", "gauge": "1435", "maxspeed": "75", "name": "Vestfoldbanen", "operator": "Bane NOR", "passenger_lines": "1", "railway": "rail", "usage": "main", "voltage": "15000", "length_km": 0.012, "maxspeed_kmh": 75.0}}, {"type": "Feature", "geometry": {"type": "LineString", "coordinates": [[10.2428724, 59.5422229], [10.2423457, 59.5427792], [10.2420379, 59.5430925], [10.2416347, 59.5434856], [10.2412923, 59.5438152], [10.2409691, 59.5441105], [10.240644, 59.5444048], [10.2402952, 59.5447111], [10.239902, 59.5450488], [10.2396518, 59.5452585], [10.239298, 59.5455465], [10.238917, 59.5458508], [10.2383485, 59.5462908], [10.2377977, 59.5467101], [10.2357289, 59.5482529]]}, "properties": {"electrified": "contact_line", "frequency": "16.67", "gauge": "1435", "maxspeed": "200", "name": "Vestfoldbanen", "operator": "Bane NOR", "passenger_lines": "2", "railway": "rail", "usage": "main", "voltage": "15000", "length_km": 0.785, "maxspeed_kmh": 200.0}}, {"type": "Feature", "geometry": {"type": "LineString", "coordinates": [[10.3138335, 59.4869644], [10.312986, 59.4879722], [10.3124924, 59.4884897], [10.3107876, 59.4902827], [10.3087481, 59.4924277], [10.3074821, 59.4936042]]}, "properties": {"electrified": "contact_line", "frequency": "16.67", "gauge": "1435", "maxspeed": "80", "name": "Vestfoldbanen", "operator": "Bane NOR", "passenger_lines": "4", "railway": "rail", "service": "siding", "tunnel": "yes", "voltage": "15000", "length_km": 0.823, "maxspeed_kmh": 80.0}}, {"type": "Feature", "geometry": {"type": "LineString", "coordinates": [[10.2588787, 59.5294608], [10.2563863, 59.5308408], [10.2543747, 59.5320104], [10.2533008, 59.532682], [10.2521277, 59.5334653], [10.2508975, 59.5343454], [10.2503903, 59.5347273], [10.2498975, 59.5351129], [10.2493677, 59.5355402], [10.2488561, 59.5359694], [10.2481334, 59.5366036], [10.2474633, 59.5372248], [10.2464663, 59.5382183], [10.2452931, 59.5394947], [10.2447208, 59.5401459], [10.244128, 59.540823], [10.2428724, 59.5422229]]}, "properties": {"electrified": "contact_line", "frequency": "16.67", "gauge": "1435", "maxspeed": "200", "name": "Vestfoldbanen", "operator": "Bane NOR", "passenger_lines": "2", "railway": "rail", "tunnel": "yes", "usage": "main", "voltage": "15000", "length_km": 1.698, "maxspeed_kmh": 200.0}}, {"type": "Feature", "geometry": {"type": "LineString", "coordinates": [[10.2427958, 59.5422062], [10.2440543, 59.5408039], [10.2446477, 59.5401256], [10.2452113, 59.5394854], [10.2463851, 59.5382059], [10.2473849, 59.5372102], [10.248062, 59.5365821], [10.2487903, 59.5359443], [10.2493007, 59.5355161], [10.2498297, 59.5350884], [10.2503199, 59.5347059], [10.2508264, 59.5343243], [10.2520633, 59.5334374], [10.2532397, 59.5326545], [10.2543271, 59.5319744], [10.2563233, 59.5308132], [10.2588194, 59.5294312], [10.2606639, 59.5284157], [10.2617102, 59.5278385], [10.2647127, 59.5260097], [10.2713162, 59.5222822], [10.2777846, 59.5177881], [10.283001, 59.5136987], [10.2859918, 59.5113205], [10.2914371, 59.5069901], [10.2944604, 59.5046059], [10.2977912, 59.50189], [10.3001677, 59.5000425], [10.3018913, 59.4987075], [10.3036218, 59.4972326], [10.3045043, 59.4964228], [10.3056201, 59.4953491], [10.3073533, 59.4935769]]}, "properties": {"electrified": "contact_line", "frequency": "16.67", "gauge": "1435", "maxspeed": "200", "name": "Vestfoldbanen", "operator": "Bane NOR", "passenger_lines": "2", "railway": "rail", "tunnel": "yes", "usage": "main", "voltage": "15000", "length_km": 6.565, "maxspeed_kmh": 200.0}}, {"type": "Feature", "geometry": {"type": "LineString", "coordinates": [[10.3073533, 59.4935769], [10.3083296, 59.4924223], [10.3104746, 59.4901992], [10.31189, 59.4887323], [10.3126603, 59.4879369], [10.313737, 59.4869426]]}, "properties": {"electrified": "contact_line", "frequency": "16.67", "gauge": "1435", "maxspeed": "80", "name": "Vestfoldbanen", "operator": "Bane NOR", "passenger_lines": "4", "railway": "rail", "service": "siding", "tunnel": "yes", "voltage": "15000", "length_km": 0.824, "maxspeed_kmh": 80.0}}, {"type": "Feature", "geometry": {"type": "LineString", "coordinates": [[10.3487406, 59.4458093], [10.3481033, 59.447107], [10.3476746, 59.4479757], [10.3472452, 59.4488466], [10.3464842, 59.4503846], [10.3463073, 59.450733], [10.3461196, 59.4510941], [10.3458938, 59.4515191], [10.345593, 59.452065], [10.3453002, 59.4525721], [10.3451132, 59.4528905], [10.344931, 59.4531908], [10.3446362, 59.4536671], [10.3444184, 59.4540085], [10.3442509, 59.4542652], [10.3439568, 59.4547074], [10.3437356, 59.4550311], [10.3435092, 59.4553573], [10.3432971, 59.4556562], [10.342939, 59.4561483], [10.3426649, 59.4565157], [10.342406, 59.4568563], [10.3421489, 59.4571863], [10.3389927, 59.4608122], [10.3368684, 59.4629983], [10.3337591, 59.4661607], [10.3295191, 59.4706619], [10.321326, 59.479204], [10.3176889, 59.4829743], [10.3138335, 59.4869644]]}, "properties": {"electrified": "contact_line", "frequency": "16.67", "gauge": "1435", "maxspeed": "200", "name": "Vestfoldbanen", "operator": "Bane NOR", "passenger_lines": "2", "railway": "rail", "tunnel": "yes", "usage": "main", "voltage": "15000", "length_km": 5.011, "maxspeed_kmh": 200.0}}, {"type": "Feature", "geometry": {"type": "LineString", "coordinates": [[10.3486618, 59.4457953], [10.3489672, 59.4451801], [10.349396, 59.4443149], [10.3495838, 59.443943], [10.3497239, 59.4436781], [10.3499083, 59.4433365], [10.3500655, 59.4430463]]}, "properties": {"electrified": "contact_line", "frequency": "16.67", "gauge": "1435", "maxspeed": "200", "name": "Vestfoldbanen", "operator": "Bane NOR", "passenger_lines": "2", "railway": "rail", "usage": "main", "voltage": "15000", "length_km": 0.317, "maxspeed_kmh": 200.0}}, {"type": "Feature", "geometry": {"type": "LineString", "coordinates": [[10.4176434, 59.2746818], [10.4173791, 59.2747795]]}, "properties": {"bridge": "yes", "electrified": "contact_line", "frequency": "16.67", "gauge": "1435", "maxspeed": "75", "name": "Vestfoldbanen", "operator": "Bane NOR", "passenger_lines": "1", "railway": "rail", "usage": "main", "voltage": "15000", "length_km": 0.019, "maxspeed_kmh": 75.0}}, {"type": "Feature", "geometry": {"type": "LineString", "coordinates": [[10.4078853, 59.2776929], [10.407852, 59.2775397]]}, "properties": {"electrified": "contact_line", "frequency": "16.67", "gauge": "1435", "maxspeed": "60", "name": "Vestfoldbanen", "operator": "Bane NOR", "passenger_lines": "2", "railway": "rail", "usage": "main", "voltage": "15000", "length_km": 0.017, "maxspeed_kmh": 60.0}}, {"type": "Feature", "geometry": {"type": "LineString", "coordinates": [[10.4148158, 59.2691698], [10.4150033, 59.2691244]]}, "properties": {"bridge": "yes", "electrified": "contact_line", "frequency": "16.67", "gauge": "1435", "maxspeed": "75", "name": "Vestfoldbanen", "operator": "Bane NOR", "passenger_lines": "1", "railway": "rail", "usage": "main", "voltage": "15000", "length_km": 0.012, "maxspeed_kmh": 75.0}}, {"type": "Feature", "geometry": {"type": "LineString", "coordinates": [[10.4150033, 59.2691244], [10.4152722, 59.2690677], [10.4155517, 59.2690173], [10.4158856, 59.2689703], [10.4162018, 59.2689347], [10.4165122, 59.268913], [10.4167872, 59.2688993], [10.4171145, 59.268894], [10.4174202, 59.2688986], [10.4177401, 59.2689136], [10.4180246, 59.268933], [10.4182899, 59.268961], [10.4185856, 59.2689983]]}, "properties": {"electrified": "contact_line", "frequency": "16.67", "gauge": "1435", "maxspeed": "75", "name": "Vestfoldbanen", "operator": "Bane NOR", "passenger_lines": "1", "railway": "rail", "usage": "main", "voltage": "15000", "length_km": 0.209, "maxspeed_kmh": 75.0}}, {"type": "Feature", "geometry": {"type": "LineString", "coordinates": [[10.4185856, 59.2689983], [10.4187521, 59.2690258], [10.4189028, 59.2690541]]}, "properties": {"bridge": "yes", "electrified": "contact_line", "frequency": "16.67", "gauge": "1435", "maxspeed": "75", "name": "Vestfoldbanen", "operator": "Bane NOR", "passenger_lines": "1", "railway": "rail", "usage": "main", "voltage": "15000", "length_km": 0.019, "maxspeed_kmh": 75.0}}, {"type": "Feature", "geometry": {"type": "LineString", "coordinates": [[10.4201345, 59.2737311], [10.4197268, 59.2738985], [10.4180287, 59.2745387], [10.4176434, 59.2746818]]}, "properties": {"electrified": "contact_line", "frequency": "16.67", "gauge": "1435", "maxspeed": "75", "name": "Vestfoldbanen", "operator": "Bane NOR", "passenger_lines": "1", "railway": "rail", "usage": "main", "voltage": "15000", "length_km": 0.177, "maxspeed_kmh": 75.0}}, {"type": "Feature", "geometry": {"type": "LineString", "coordinates": [[10.2934691, 59.2183105], [10.294109, 59.2186638], [10.2944255, 59.2188326], [10.2947567, 59.2189997], [10.2961813, 59.2196569], [10.2970192, 59.2200199], [10.2976485, 59.2202953], [10.2982391, 59.2205448], [10.300289, 59.2214193], [10.3013138, 59.2218586], [10.3016588, 59.2220041], [10.3017121, 59.222026], [10.3017723, 59.2220518], [10.3019661, 59.2221334], [10.3023132, 59.2222853]]}, "properties": {"electrified": "contact_line", "frequency": "16.67", "gauge": "1435", "maxspeed": "130", "name": "Vestfoldbanen", "passenger_lines": "2", "railway": "rail", "usage": "main", "voltage": "15000", "length_km": 0.673, "maxspeed_kmh": 130.0}}, {"type": "Feature", "geometry": {"type": "LineString", "coordinates": [[10.4110092, 59.2710248], [10.41106, 59.270987], [10.4111194, 59.2709477], [10.4111629, 59.2709143], [10.4112308, 59.2708633], [10.4112888, 59.27082], [10.4115248, 59.2706571]]}, "properties": {"electrified": "contact_line", "frequency": "16.67", "gauge": "1435", "maxspeed": "40", "name": "Vestfoldbanen", "operator": "Bane NOR", "passenger_lines": "3", "railway": "rail", "service": "siding", "voltage": "15000", "length_km": 0.05, "maxspeed_kmh": 40.0}}, {"type": "Feature", "geometry": {"type": "LineString", "coordinates": [[10.40766, 59.2763623], [10.4076567, 59.2763073], [10.4076277, 59.2761311], [10.407592, 59.2759201], [10.4075636, 59.2757438], [10.4075485, 59.2756513]]}, "properties": {"electrified": "contact_line", "frequency": "16.67", "gauge": "1435", "maxspeed": "75", "name": "Vestfoldbanen", "operator": "Bane NOR", "passenger_lines": "3", "railway": "rail", "usage": "main", "voltage": "15000", "length_km": 0.08, "maxspeed_kmh": 75.0}}, {"type": "Feature", "geometry": {"type": "LineString", "coordinates": [[10.0360763, 59.0490537], [10.0359873, 59.049099], [10.0358462, 59.049161], [10.0357157, 59.049216], [10.0356987, 59.0492222]]}, "properties": {"electrified": "contact_line", "frequency": "16.67", "gauge": "1435", "maxspeed": "75", "name": "Vestfoldbanen", "operator": "Bane NOR", "passenger_lines": "1", "railway": "rail", "usage": "main", "voltage": "15000", "length_km": 0.029, "maxspeed_kmh": 75.0}}, {"type": "Feature", "geometry": {"type": "LineString", "coordinates": [[10.0277495, 59.0505003], [10.0279972, 59.050487], [10.0281384, 59.0504754], [10.0285488, 59.0504368], [10.0288972, 59.0504026], [10.0291019, 59.0503824], [10.0293371, 59.0503541], [10.0295872, 59.0503199], [10.0298153, 59.0502869], [10.0307238, 59.0501471], [10.0316469, 59.0500013], [10.0332175, 59.0497594], [10.033584, 59.049704], [10.0339236, 59.0496519], [10.0343907, 59.0495802], [10.0347742, 59.0495085]]}, "properties": {"electrified": "contact_line", "frequency": "16.67", "gauge": "1435", "maxspeed": "40", "name": "Vestfoldbanen", "operator": "Bane NOR", "passenger_lines": "3", "railway": "rail", "service": "siding", "voltage": "15000", "length_km": 0.419, "maxspeed_kmh": 40.0}}, {"type": "Feature", "geometry": {"type": "LineString", "coordinates": [[10.026855, 59.0505261], [10.0271218, 59.0505096], [10.0273096, 59.0504948], [10.0276, 59.0504716], [10.0278371, 59.0504477], [10.0282597, 59.0504137], [10.0284979, 59.0503885], [10.0288615, 59.0503347], [10.0297498, 59.0501984], [10.0315909, 59.0499113], [10.0324309, 59.0497814], [10.0326761, 59.0497473], [10.0329641, 59.049714], [10.0332024, 59.0496928], [10.0338235, 59.0496406], [10.0339586, 59.0496303], [10.0340581, 59.0496205], [10.0343907, 59.0495802]]}, "properties": {"electrified": "contact_line", "frequency": "16.67", "gauge": "1435", "maxspeed": "40", "name": "Vestfoldbanen", "operator": "Bane NOR", "passenger_lines": "3", "railway": "rail", "service": "siding", "voltage": "15000", "length_km": 0.446, "maxspeed_kmh": 40.0}}, {"type": "Feature", "geometry": {"type": "LineString", "coordinates": [[10.3382733, 59.2843894], [10.3379916, 59.284328], [10.3377592, 59.2842741], [10.3375312, 59.2842114], [10.3372327, 59.2841229], [10.3369249, 59.2840194], [10.3366002, 59.2838975], [10.3362613, 59.2837554], [10.3359014, 59.2835809], [10.3357445, 59.2834932], [10.3355831, 59.2834031], [10.3354749, 59.2833382], [10.3354005, 59.2832936], [10.3351989, 59.2831637], [10.3350701, 59.2830703]]}, "properties": {"electrified": "contact_line", "frequency": "16.67", "gauge": "1435", "maxspeed": "90", "name": "Vestfoldbanen", "operator": "Bane NOR", "passenger_lines": "1", "railway": "rail", "usage": "main", "voltage": "15000", "length_km": 0.238, "maxspeed_kmh": 90.0}}, {"type": "Feature", "geometry": {"type": "LineString", "coordinates": [[10.3323561, 59.2798325], [10.3326587, 59.2801504], [10.3328038, 59.2802928], [10.3329183, 59.2804158], [10.3332602, 59.2808666], [10.3343109, 59.2822558], [10.3344567, 59.2824385], [10.3345636, 59.2825636], [10.3346673, 59.2826713], [10.3347791, 59.2827879], [10.3348956, 59.2829116], [10.3349748, 59.2829884], [10.3350701, 59.2830703]]}, "properties": {"electrified": "contact_line", "frequency": "16.67", "gauge": "1435", "maxspeed": "40", "name": "Vestfoldbanen", "railway": "rail", "service": "siding", "voltage": "15000", "length_km": 0.393, "maxspeed_kmh": 40.0}}, {"type": "Feature", "geometry": {"type": "LineString", "coordinates": [[10.0060117, 59.0575267], [10.0054224, 59.0577115], [10.0048794, 59.05785], [10.0038459, 59.0580434], [10.0031997, 59.0581454], [10.0024622, 59.058228], [10.0017919, 59.0582905], [10.0010403, 59.0583302], [10.0002129, 59.0583394], [9.9993674, 59.0582981], [9.99772, 59.0581342], [9.9967437, 59.0579908], [9.9943616, 59.0576986], [9.9935516, 59.0576572], [9.9926718, 59.0576434], [9.9922105, 59.0576434], [9.9920174, 59.0576434], [9.9906816, 59.0577289]]}, "properties": {"electrified": "contact_line", "frequency": "16.67", "gauge": "1435", "maxspeed": "100", "name": "Vestfoldbanen", "operator": "Bane NOR", "passenger_lines": "1", "railway": "rail", "tunnel": "yes", "usage": "main", "voltage": "15000", "length_km": 0.906, "maxspeed_kmh": 100.0}}, {"type": "Feature", "geometry": {"type": "LineString", "coordinates": [[9.9430176, 59.063668], [9.943347, 59.063592]]}, "properties": {"electrified": "contact_line", "frequency": "16.67", "gauge": "1435", "maxspeed": "200", "name": "Vestfoldbanen", "operator": "Bane NOR", "passenger_lines": "2", "railway": "rail", "usage": "main", "voltage": "15000", "length_km": 0.021, "maxspeed_kmh": 200.0}}, {"type": "Feature", "geometry": {"type": "LineString", "coordinates": [[9.9433779, 59.063632], [9.943052, 59.0637074]]}, "properties": {"electrified": "contact_line", "frequency": "16.67", "gauge": "1435", "maxspeed": "200", "name": "Vestfoldbanen", "operator": "Bane NOR", "passenger_lines": "2", "railway": "rail", "usage": "main", "voltage": "15000", "length_km": 0.021, "maxspeed_kmh": 200.0}}, {"type": "Feature", "geometry": {"type": "LineString", "coordinates": [[9.9377014, 59.0649946], [9.9353903, 59.0655624]]}, "properties": {"electrified": "contact_line", "frequency": "16.67", "gauge": "1435", "maxspeed": "200", "name": "Vestfoldbanen", "operator": "Bane NOR", "passenger_lines": "2", "railway": "rail", "usage": "main", "voltage": "15000", "length_km": 0.147, "maxspeed_kmh": 200.0}}, {"type": "Feature", "geometry": {"type": "LineString", "coordinates": [[9.9376665, 59.0649581], [9.9391186, 59.0646069], [9.940398, 59.0642967], [9.9430176, 59.063668]]}, "properties": {"bridge": "yes", "electrified": "contact_line", "frequency": "16.67", "gauge": "1435", "maxspeed": "200", "name": "Vestfoldbanen", "operator": "Bane NOR", "passenger_lines": "2", "railway": "rail", "usage": "main", "voltage": "15000", "length_km": 0.339, "maxspeed_kmh": 200.0}}, {"type": "Feature", "geometry": {"type": "LineString", "coordinates": [[9.9344301, 59.0657334], [9.935342, 59.065521]]}, "properties": {"electrified": "contact_line", "frequency": "16.67", "gauge": "1435", "maxspeed": "200", "name": "Vestfoldbanen", "operator": "Bane NOR", "passenger_lines": "2", "railway": "rail", "usage": "main", "voltage": "15000", "length_km": 0.057, "maxspeed_kmh": 200.0}}, {"type": "Feature", "geometry": {"type": "LineString", "coordinates": [[9.943052, 59.0637074], [9.9404302, 59.0643318], [9.9391588, 59.0646414], [9.9377014, 59.0649946]]}, "properties": {"bridge": "yes", "electrified": "contact_line", "frequency": "16.67", "gauge": "1435", "maxspeed": "200", "name": "Vestfoldbanen", "operator": "Bane NOR", "passenger_lines": "2", "railway": "rail", "usage": "main", "voltage": "15000", "length_km": 0.339, "maxspeed_kmh": 200.0}}, {"type": "Feature", "geometry": {"type": "LineString", "coordinates": [[9.9353903, 59.0655624], [9.9344582, 59.0657719]]}, "properties": {"electrified": "contact_line", "frequency": "16.67", "gauge": "1435", "maxspeed": "200", "name": "Vestfoldbanen", "operator": "Bane NOR", "passenger_lines": "2", "railway": "rail", "usage": "main", "voltage": "15000", "length_km": 0.058, "maxspeed_kmh": 200.0}}, {"type": "Feature", "geometry": {"type": "LineString", "coordinates": [[9.935342, 59.065521], [9.9376665, 59.0649581]]}, "properties": {"electrified": "contact_line", "frequency": "16.67", "gauge": "1435", "maxspeed": "200", "name": "Vestfoldbanen", "operator": "Bane NOR", "passenger_lines": "2", "railway": "rail", "usage": "main", "voltage": "15000", "length_km": 0.147, "maxspeed_kmh": 200.0}}, {"type": "Feature", "geometry": {"type": "LineString", "coordinates": [[9.9295552, 59.0667538], [9.9312357, 59.0664297], [9.9320054, 59.0662702], [9.9327685, 59.0661072], [9.9344301, 59.0657334]]}, "properties": {"electrified": "contact_line", "frequency": "16.67", "gauge": "1435", "maxspeed": "200", "name": "Vestfoldbanen", "operator": "Bane NOR", "passenger_lines": "2", "railway": "rail", "usage": "main", "voltage": "15000", "length_km": 0.302, "maxspeed_kmh": 200.0}}, {"type": "Feature", "geometry": {"type": "LineString", "coordinates": [[9.9289008, 59.066921], [9.9276225, 59.0671457], [9.9269027, 59.0672669], [9.9261699, 59.0673842]]}, "properties": {"electrified": "contact_line", "frequency": "16.67", "gauge": "1435", "maxspeed": "200", "name": "Vestfoldbanen", "operator": "Bane NOR", "passenger_lines": "2", "railway": "rail", "usage": "main", "voltage": "15000", "length_km": 0.165, "maxspeed_kmh": 200.0}}, {"type": "Feature", "geometry": {"type": "LineString", "coordinates": [[9.9261444, 59.0673435], [9.9268793, 59.0672255], [9.927603, 59.0671043], [9.9288697, 59.0668812]]}, "properties": {"electrified": "contact_line", "frequency": "16.67", "gauge": "1435", "maxspeed": "200", "name": "Vestfoldbanen", "operator": "Bane NOR", "passenger_lines": "2", "railway": "rail", "usage": "main", "voltage": "15000", "length_km": 0.165, "maxspeed_kmh": 200.0}}, {"type": "Feature", "geometry": {"type": "LineString", "coordinates": [[9.9288697, 59.0668812], [9.9295552, 59.0667538]]}, "properties": {"electrified": "contact_line", "frequency": "16.67", "gauge": "1435", "maxspeed": "200", "name": "Vestfoldbanen", "operator": "Bane NOR", "passenger_lines": "2", "railway": "rail", "tunnel": "yes", "usage": "main", "voltage": "15000", "length_km": 0.042, "maxspeed_kmh": 200.0}}, {"type": "Feature", "geometry": {"type": "LineString", "coordinates": [[9.9344582, 59.0657719], [9.9328034, 59.0661454], [9.9320383, 59.0663085], [9.9312672, 59.0664664], [9.9295887, 59.0667938]]}, "properties": {"electrified": "contact_line", "frequency": "16.67", "gauge": "1435", "maxspeed": "200", "name": "Vestfoldbanen", "operator": "Bane NOR", "passenger_lines": "2", "railway": "rail", "usage": "main", "voltage": "15000", "length_km": 0.302, "maxspeed_kmh": 200.0}}, {"type": "Feature", "geometry": {"type": "LineString", "coordinates": [[9.9295887, 59.0667938], [9.9289008, 59.066921]]}, "properties": {"electrified": "contact_line", "frequency": "16.67", "gauge": "1435", "maxspeed": "200", "name": "Vestfoldbanen", "operator": "Bane NOR", "passenger_lines": "2", "railway": "rail", "tunnel": "yes", "usage": "main", "voltage": "15000", "length_km": 0.042, "maxspeed_kmh": 200.0}}, {"type": "Feature", "geometry": {"type": "LineString", "coordinates": [[9.918923, 59.068291], [9.9208331, 59.0680715], [9.922336, 59.0678889], [9.9237522, 59.0676974], [9.9261444, 59.0673435]]}, "properties": {"bridge": "yes", "electrified": "contact_line", "frequency": "16.67", "gauge": "1435", "maxspeed": "200", "name": "Vestfoldbanen", "operator": "Bane NOR", "passenger_lines": "2", "railway": "rail", "usage": "main", "voltage": "15000", "length_km": 0.428, "maxspeed_kmh": 200.0}}, {"type": "Feature", "geometry": {"type": "LineString", "coordinates": [[9.9261699, 59.0673842], [9.9237817, 59.0677402], [9.9223481, 59.0679302], [9.9208513, 59.0681076], [9.9189465, 59.0683311]]}, "properties": {"bridge": "yes", "electrified": "contact_line", "frequency": "16.67", "gauge": "1435", "maxspeed": "200", "name": "Vestfoldbanen", "operator": "Bane NOR", "passenger_lines": "2", "railway": "rail", "usage": "main", "voltage": "15000", "length_km": 0.428, "maxspeed_kmh": 200.0}}, {"type": "Feature", "geometry": {"type": "LineString", "coordinates": [[9.9189465, 59.0683311], [9.9132463, 59.0689802]]}, "properties": {"electrified": "contact_line", "frequency": "16.67", "gauge": "1435", "maxspeed": "200", "name": "Vestfoldbanen", "operator": "Bane NOR", "passenger_lines": "2", "railway": "rail", "usage": "main", "voltage": "15000", "length_km": 0.335, "maxspeed_kmh": 200.0}}, {"type": "Feature", "geometry": {"type": "LineString", "coordinates": [[9.9132463, 59.0689802], [9.9127917, 59.0690328]]}, "properties": {"bridge": "yes", "electrified": "contact_line", "frequency": "16.67", "gauge": "1435", "maxspeed": "200", "name": "Vestfoldbanen", "operator": "Bane NOR", "passenger_lines": "2", "railway": "rail", "usage": "main", "voltage": "15000", "length_km": 0.027, "maxspeed_kmh": 200.0}}, {"type": "Feature", "geometry": {"type": "LineString", "coordinates": [[9.9018602, 59.0702418], [9.9060885, 59.0697566], [9.9079473, 59.0695449], [9.9127734, 59.0689907]]}, "properties": {"electrified": "contact_line", "frequency": "16.67", "gauge": "1435", "maxspeed": "200", "name": "Vestfoldbanen", "operator": "Bane NOR", "passenger_lines": "2", "railway": "rail", "usage": "main", "voltage": "15000", "length_km": 0.642, "maxspeed_kmh": 200.0}}, {"type": "Feature", "geometry": {"type": "LineString", "coordinates": [[9.9132286, 59.0689397], [9.918923, 59.068291]]}, "properties": {"electrified": "contact_line", "frequency": "16.67", "gauge": "1435", "maxspeed": "200", "name": "Vestfoldbanen", "operator": "Bane NOR", "passenger_lines": "2", "railway": "rail", "usage": "main", "voltage": "15000", "length_km": 0.335, "maxspeed_kmh": 200.0}}, {"type": "Feature", "geometry": {"type": "LineString", "coordinates": [[9.8939905, 59.0711359], [9.8977828, 59.0707014], [9.900788, 59.0703591]]}, "properties": {"electrified": "contact_line", "frequency": "16.67", "gauge": "1435", "maxspeed": "200", "name": "Vestfoldbanen", "operator": "Bane NOR", "passenger_lines": "2", "railway": "rail", "usage": "main", "voltage": "15000", "length_km": 0.4, "maxspeed_kmh": 200.0}}, {"type": "Feature", "geometry": {"type": "LineString", "coordinates": [[9.90074, 59.0704096], [9.900048, 59.0704872], [9.8978059, 59.0707436], [9.8940126, 59.0711746]]}, "properties": {"electrified": "contact_line", "frequency": "16.67", "gauge": "1435", "maxspeed": "200", "name": "Vestfoldbanen", "operator": "Bane NOR", "passenger_lines": "2", "railway": "rail", "usage": "main", "voltage": "15000", "length_km": 0.395, "maxspeed_kmh": 200.0}}, {"type": "Feature", "geometry": {"type": "LineString", "coordinates": [[9.900788, 59.0703591], [9.9018602, 59.0702418]]}, "properties": {"bridge": "yes", "electrified": "contact_line", "frequency": "16.67", "gauge": "1435", "maxspeed": "200", "name": "Vestfoldbanen", "operator": "Bane NOR", "passenger_lines": "2", "railway": "rail", "usage": "main", "voltage": "15000", "length_km": 0.063, "maxspeed_kmh": 200.0}}, {"type": "Feature", "geometry": {"type": "LineString", "coordinates": [[9.9127917, 59.0690328], [9.9079513, 59.0695876], [9.9038905, 59.07005], [9.9019077, 59.0702776]]}, "properties": {"electrified": "contact_line", "frequency": "16.67", "gauge": "1435", "maxspeed": "200", "name": "Vestfoldbanen", "operator": "Bane NOR", "passenger_lines": "2", "railway": "rail", "usage": "main", "voltage": "15000", "length_km": 0.64, "maxspeed_kmh": 200.0}}, {"type": "Feature", "geometry": {"type": "LineString", "coordinates": [[9.892408, 59.0713143], [9.8939905, 59.0711359]]}, "properties": {"electrified": "contact_line", "frequency": "16.67", "gauge": "1435", "maxspeed": "200", "name": "Vestfoldbanen", "operator": "Bane NOR", "passenger_lines": "2", "railway": "rail", "tunnel": "yes", "usage": "main", "voltage": "15000", "length_km": 0.093, "maxspeed_kmh": 200.0}}, {"type": "Feature", "geometry": {"type": "LineString", "coordinates": [[9.8940126, 59.0711746], [9.8924185, 59.071358]]}, "properties": {"electrified": "contact_line", "frequency": "16.67", "gauge": "1435", "maxspeed": "200", "name": "Vestfoldbanen", "operator": "Bane NOR", "passenger_lines": "2", "railway": "rail", "tunnel": "yes", "usage": "main", "voltage": "15000", "length_km": 0.094, "maxspeed_kmh": 200.0}}, {"type": "Feature", "geometry": {"type": "LineString", "coordinates": [[9.8894808, 59.0716497], [9.892408, 59.0713143]]}, "properties": {"electrified": "contact_line", "frequency": "16.67", "gauge": "1435", "maxspeed": "200", "name": "Vestfoldbanen", "operator": "Bane NOR", "passenger_lines": "2", "railway": "rail", "usage": "main", "voltage": "15000", "length_km": 0.172, "maxspeed_kmh": 200.0}}, {"type": "Feature", "geometry": {"type": "LineString", "coordinates": [[9.8924185, 59.071358], [9.8895033, 59.0716892]]}, "properties": {"electrified": "contact_line", "frequency": "16.67", "gauge": "1435", "maxspeed": "200", "name": "Vestfoldbanen", "operator": "Bane NOR", "passenger_lines": "2", "railway": "rail", "usage": "main", "voltage": "15000", "length_km": 0.171, "maxspeed_kmh": 200.0}}, {"type": "Feature", "geometry": {"type": "LineString", "coordinates": [[9.8871933, 59.0719521], [9.8854751, 59.0721526], [9.8837647, 59.0723605]]}, "properties": {"electrified": "contact_line", "frequency": "16.67", "gauge": "1435", "maxspeed": "200", "name": "Vestfoldbanen", "operator": "Bane NOR", "passenger_lines": "2", "railway": "rail", "usage": "main", "voltage": "15000", "length_km": 0.202, "maxspeed_kmh": 200.0}}, {"type": "Feature", "geometry": {"type": "LineString", "coordinates": [[9.8895033, 59.0716892], [9.8871933, 59.0719521]]}, "properties": {"electrified": "contact_line", "frequency": "16.67", "gauge": "1435", "maxspeed": "200", "name": "Vestfoldbanen", "operator": "Bane NOR", "passenger_lines": "2", "railway": "rail", "tunnel": "yes", "usage": "main", "voltage": "15000", "length_km": 0.136, "maxspeed_kmh": 200.0}}, {"type": "Feature", "geometry": {"type": "LineString", "coordinates": [[9.8837398, 59.0723207], [9.8854537, 59.0721113], [9.8871724, 59.0719102]]}, "properties": {"electrified": "contact_line", "frequency": "16.67", "gauge": "1435", "maxspeed": "200", "name": "Vestfoldbanen", "operator": "Bane NOR", "passenger_lines": "2", "railway": "rail", "usage": "main", "voltage": "15000", "length_km": 0.202, "maxspeed_kmh": 200.0}}, {"type": "Feature", "geometry": {"type": "LineString", "coordinates": [[9.8871724, 59.0719102], [9.8894808, 59.0716497]]}, "properties": {"electrified": "contact_line", "frequency": "16.67", "gauge": "1435", "maxspeed": "200", "name": "Vestfoldbanen", "operator": "Bane NOR", "passenger_lines": "2", "railway": "rail", "tunnel": "yes", "usage": "main", "voltage": "15000", "length_km": 0.136, "maxspeed_kmh": 200.0}}, {"type": "Feature", "geometry": {"type": "LineString", "coordinates": [[9.8802128, 59.0728738], [9.8785758, 59.0731558], [9.8772314, 59.0734086], [9.8759521, 59.0736662]]}, "properties": {"electrified": "contact_line", "frequency": "16.67", "gauge": "1435", "maxspeed": "200", "name": "Vestfoldbanen", "operator": "Bane NOR", "passenger_lines": "2", "railway": "rail", "usage": "main", "voltage": "15000", "length_km": 0.26, "maxspeed_kmh": 200.0}}, {"type": "Feature", "geometry": {"type": "LineString", "coordinates": [[9.8837647, 59.0723605], [9.8819929, 59.0726065], [9.8802128, 59.0728738]]}, "properties": {"electrified": "contact_line", "frequency": "16.67", "gauge": "1435", "maxspeed": "200", "name": "Vestfoldbanen", "operator": "Bane NOR", "passenger_lines": "2", "railway": "rail", "tunnel": "yes", "usage": "main", "voltage": "15000", "length_km": 0.212, "maxspeed_kmh": 200.0}}, {"type": "Feature", "geometry": {"type": "LineString", "coordinates": [[9.8759168, 59.0736271], [9.8771945, 59.0733697], [9.8785476, 59.0731152], [9.8801932, 59.0728308]]}, "properties": {"electrified": "contact_line", "frequency": "16.67", "gauge": "1435", "maxspeed": "200", "name": "Vestfoldbanen", "operator": "Bane NOR", "passenger_lines": "2", "railway": "rail", "usage": "main", "voltage": "15000", "length_km": 0.261, "maxspeed_kmh": 200.0}}, {"type": "Feature", "geometry": {"type": "LineString", "coordinates": [[9.8801932, 59.0728308], [9.8819714, 59.0725633], [9.8837398, 59.0723207]]}, "properties": {"electrified": "contact_line", "frequency": "16.67", "gauge": "1435", "maxspeed": "200", "name": "Vestfoldbanen", "operator": "Bane NOR", "passenger_lines": "2", "railway": "rail", "tunnel": "yes", "usage": "main", "voltage": "15000", "length_km": 0.211, "maxspeed_kmh": 200.0}}, {"type": "Feature", "geometry": {"type": "LineString", "coordinates": [[9.865104, 59.0766426], [9.8655094, 59.0765027], [9.8662081, 59.0762621], [9.8673963, 59.0758709], [9.8680682, 59.0756563], [9.8687428, 59.0754496], [9.8696414, 59.0751849], [9.8706901, 59.0748893], [9.8719359, 59.0745587], [9.8732881, 59.0742206]]}, "properties": {"electrified": "contact_line", "frequency": "16.67", "gauge": "1435", "maxspeed": "200", "name": "Vestfoldbanen", "operator": "Bane NOR", "passenger_lines": "2", "railway": "rail", "usage": "main", "voltage": "15000", "length_km": 0.542, "maxspeed_kmh": 200.0}}, {"type": "Feature", "geometry": {"type": "LineString", "coordinates": [[9.8733226, 59.0742588], [9.8719734, 59.0745958], [9.8707344, 59.0749265], [9.8696803, 59.0752221], [9.8687804, 59.0754868], [9.8681085, 59.0756943], [9.8674352, 59.075906], [9.8662564, 59.0762959], [9.865559, 59.0765371], [9.8652312, 59.076649]]}, "properties": {"electrified": "contact_line", "frequency": "16.67", "gauge": "1435", "maxspeed": "200", "name": "Vestfoldbanen", "operator": "Bane NOR", "passenger_lines": "2", "railway": "rail", "usage": "main", "voltage": "15000", "length_km": 0.536, "maxspeed_kmh": 200.0}}, {"type": "Feature", "geometry": {"type": "LineString", "coordinates": [[9.8759521, 59.0736662], [9.8753161, 59.0738055], [9.8743299, 59.0740263], [9.8733226, 59.0742588]]}, "properties": {"bridge": "yes", "electrified": "contact_line", "frequency": "16.67", "gauge": "1435", "maxspeed": "200", "name": "Vestfoldbanen", "operator": "Bane NOR", "passenger_lines": "2", "railway": "rail", "usage": "main", "voltage": "15000", "length_km": 0.165, "maxspeed_kmh": 200.0}}, {"type": "Feature", "geometry": {"type": "LineString", "coordinates": [[9.8732881, 59.0742206], [9.8742896, 59.0739877], [9.8752861, 59.073766], [9.8759168, 59.0736271]]}, "properties": {"bridge": "yes", "electrified": "contact_line", "frequency": "16.67", "gauge": "1435", "maxspeed": "200", "name": "Vestfoldbanen", "operator": "Bane NOR", "passenger_lines": "2", "railway": "rail", "usage": "main", "voltage": "15000", "length_km": 0.165, "maxspeed_kmh": 200.0}}, {"type": "Feature", "geometry": {"type": "LineString", "coordinates": [[9.8641507, 59.0770466], [9.8634709, 59.0773093], [9.8624705, 59.0777046], [9.8615169, 59.078099], [9.8604461, 59.078564]]}, "properties": {"electrified": "contact_line", "frequency": "16.67", "gauge": "1435", "maxspeed": "200", "name": "Vestfoldbanen", "operator": "Bane NOR", "passenger_lines": "2", "railway": "rail", "usage": "main", "voltage": "15000", "length_km": 0.272, "maxspeed_kmh": 200.0}}, {"type": "Feature", "geometry": {"type": "LineString", "coordinates": [[9.8640488, 59.0770332], [9.8645425, 59.0768431], [9.865104, 59.0766426]]}, "properties": {"bridge": "yes", "electrified": "contact_line", "frequency": "16.67", "gauge": "1435", "maxspeed": "200", "name": "Vestfoldbanen", "operator": "Bane NOR", "passenger_lines": "2", "railway": "rail", "usage": "main", "voltage": "15000", "length_km": 0.075, "maxspeed_kmh": 200.0}}, {"type": "Feature", "geometry": {"type": "LineString", "coordinates": [[9.8604057, 59.0785249], [9.8614405, 59.0780755], [9.8624168, 59.0776715], [9.8633999, 59.0772824], [9.8640488, 59.0770332]]}, "properties": {"electrified": "contact_line", "frequency": "16.67", "gauge": "1435", "maxspeed": "200", "name": "Vestfoldbanen", "operator": "Bane NOR", "passenger_lines": "2", "railway": "rail", "usage": "main", "voltage": "15000", "length_km": 0.267, "maxspeed_kmh": 200.0}}, {"type": "Feature", "geometry": {"type": "LineString", "coordinates": [[9.8652312, 59.076649], [9.8646457, 59.0768555], [9.8641507, 59.0770466]]}, "properties": {"bridge": "yes", "electrified": "contact_line", "frequency": "16.67", "gauge": "1435", "maxspeed": "200", "name": "Vestfoldbanen", "operator": "Bane NOR", "passenger_lines": "2", "railway": "rail", "usage": "main", "voltage": "15000", "length_km": 0.076, "maxspeed_kmh": 200.0}}, {"type": "Feature", "geometry": {"type": "LineString", "coordinates": [[9.8166026, 59.1050925], [9.8152354, 59.1057454], [9.8138353, 59.1063828], [9.8128543, 59.1068078]]}, "properties": {"electrified": "contact_line", "frequency": "16.67", "gauge": "1435", "maxspeed": "200", "name": "Vestfoldbanen", "operator": "Bane NOR", "passenger_lines": "2", "railway": "rail", "usage": "main", "voltage": "15000", "length_km": 0.288, "maxspeed_kmh": 200.0}}, {"type": "Feature", "geometry": {"type": "LineString", "coordinates": [[9.8128477, 59.1067499], [9.8137655, 59.1063571], [9.8151845, 59.1057185], [9.8165447, 59.1050625]]}, "properties": {"electrified": "contact_line", "frequency": "16.67", "gauge": "1435", "maxspeed": "200", "name": "Vestfoldbanen", "operator": "Bane NOR", "passenger_lines": "2", "railway": "rail", "usage": "main", "voltage": "15000", "length_km": 0.283, "maxspeed_kmh": 200.0}}, {"type": "Feature", "geometry": {"type": "LineString", "coordinates": [[9.8021096, 59.11053], [9.8051798, 59.1095843], [9.8074865, 59.1088407], [9.8095089, 59.1080888], [9.8112251, 59.1074286]]}, "properties": {"electrified": "contact_line", "frequency": "16.67", "gauge": "1435", "maxspeed": "200", "name": "Vestfoldbanen", "operator": "Bane NOR", "passenger_lines": "2", "railway": "rail", "tunnel": "yes", "usage": "main", "voltage": "15000", "length_km": 0.627, "maxspeed_kmh": 200.0}}, {"type": "Feature", "geometry": {"type": "LineString", "coordinates": [[9.8118235, 59.1072377], [9.8112752, 59.1074592]]}, "properties": {"electrified": "contact_line", "frequency": "16.67", "gauge": "1435", "maxspeed": "200", "name": "Vestfoldbanen", "operator": "Bane NOR", "passenger_lines": "2", "railway": "rail", "usage": "main", "voltage": "15000", "length_km": 0.04, "maxspeed_kmh": 200.0}}, {"type": "Feature", "geometry": {"type": "LineString", "coordinates": [[9.8112752, 59.1074592], [9.8094445, 59.1081714], [9.8075653, 59.1088776], [9.8052334, 59.1096339], [9.802141, 59.110569]]}, "properties": {"electrified": "contact_line", "frequency": "16.67", "gauge": "1435", "maxspeed": "200", "name": "Vestfoldbanen", "operator": "Bane NOR", "passenger_lines": "2", "railway": "rail", "tunnel": "yes", "usage": "main", "voltage": "15000", "length_km": 0.629, "maxspeed_kmh": 200.0}}, {"type": "Feature", "geometry": {"type": "LineString", "coordinates": [[9.8112251, 59.1074286], [9.8117909, 59.1071962]]}, "properties": {"electrified": "contact_line", "frequency": "16.67", "gauge": "1435", "maxspeed": "200", "name": "Vestfoldbanen", "operator": "Bane NOR", "passenger_lines": "2", "railway": "rail", "usage": "main", "voltage": "15000", "length_km": 0.042, "maxspeed_kmh": 200.0}}, {"type": "Feature", "geometry": {"type": "LineString", "coordinates": [[9.8128543, 59.1068078], [9.8118235, 59.1072377]]}, "properties": {"bridge": "yes", "electrified": "contact_line", "frequency": "16.67", "gauge": "1435", "maxspeed": "200", "name": "Vestfoldbanen", "operator": "Bane NOR", "passenger_lines": "2", "railway": "rail", "usage": "main", "voltage": "15000", "length_km": 0.076, "maxspeed_kmh": 200.0}}, {"type": "Feature", "geometry": {"type": "LineString", "coordinates": [[9.8117909, 59.1071962], [9.8128477, 59.1067499]]}, "properties": {"bridge": "yes", "electrified": "contact_line", "frequency": "16.67", "gauge": "1435", "maxspeed": "200", "name": "Vestfoldbanen", "operator": "Bane NOR", "passenger_lines": "2", "railway": "rail", "usage": "main", "voltage": "15000", "length_km": 0.078, "maxspeed_kmh": 200.0}}, {"type": "Feature", "geometry": {"type": "LineString", "coordinates": [[9.8014148, 59.1107191], [9.8021096, 59.11053]]}, "properties": {"electrified": "contact_line", "frequency": "16.67", "gauge": "1435", "maxspeed": "200", "name": "Vestfoldbanen", "operator": "Bane NOR", "passenger_lines": "2", "railway": "rail", "usage": "main", "voltage": "15000", "length_km": 0.045, "maxspeed_kmh": 200.0}}, {"type": "Feature", "geometry": {"type": "LineString", "coordinates": [[9.802141, 59.110569], [9.8014321, 59.1107615]]}, "properties": {"electrified": "contact_line", "frequency": "16.67", "gauge": "1435", "maxspeed": "200", "name": "Vestfoldbanen", "operator": "Bane NOR", "passenger_lines": "2", "railway": "rail", "usage": "main", "voltage": "15000", "length_km": 0.046, "maxspeed_kmh": 200.0}}, {"type": "Feature", "geometry": {"type": "LineString", "coordinates": [[9.7974947, 59.111769], [9.7970701, 59.1118719]]}, "properties": {"electrified": "contact_line", "frequency": "16.67", "gauge": "1435", "maxspeed": "200", "name": "Vestfoldbanen", "operator": "Bane NOR", "passenger_lines": "2", "railway": "rail", "usage": "main", "voltage": "15000", "length_km": 0.027, "maxspeed_kmh": 200.0}}, {"type": "Feature", "geometry": {"type": "LineString", "coordinates": [[9.7970701, 59.1118719], [9.795511, 59.1122616], [9.7935637, 59.1126624], [9.7914898, 59.1130102], [9.7887432, 59.1134839], [9.7861039, 59.1138639], [9.7848057, 59.1140236], [9.7836363, 59.1141668], [9.7794306, 59.1146515], [9.7673177, 59.1160117], [9.7608, 59.1167304], [9.7579997, 59.1170223], [9.7561383, 59.117193], [9.7542929, 59.1173444], [9.747051, 59.1176638], [9.7410804, 59.117785], [9.7366333, 59.1178621], [9.7353619, 59.1178703], [9.7282865, 59.1178776], [9.7261944, 59.1178474], [9.7244187, 59.1178281], [9.718373, 59.1176794], [9.715979, 59.1176302]]}, "properties": {"electrified": "contact_line", "frequency": "16.67", "gauge": "1435", "maxspeed": "200", "name": "Vestfoldbanen", "operator": "Bane NOR", "passenger_lines": "2", "railway": "rail", "tunnel": "yes", "usage": "main", "voltage": "15000", "length_km": 4.731, "maxspeed_kmh": 200.0}}, {"type": "Feature", "geometry": {"type": "LineString", "coordinates": [[9.7974887, 59.111727], [9.7995091, 59.1112224], [9.8014148, 59.1107191]]}, "properties": {"bridge": "yes", "electrified": "contact_line", "frequency": "16.67", "gauge": "1435", "maxspeed": "200", "name": "Vestfoldbanen", "operator": "Bane NOR", "passenger_lines": "2", "railway": "rail", "usage": "main", "voltage": "15000", "length_km": 0.252, "maxspeed_kmh": 200.0}}, {"type": "Feature", "geometry": {"type": "LineString", "coordinates": [[9.7159711, 59.1175859], [9.718373, 59.1176353], [9.7244187, 59.1177785], [9.7261729, 59.1178033], [9.7282918, 59.1178308], [9.7353512, 59.1178153], [9.7368586, 59.117807], [9.7390454, 59.1177628], [9.7410804, 59.1177217], [9.747051, 59.1176033], [9.7543197, 59.1172811], [9.7561168, 59.1171352], [9.7580105, 59.1169672], [9.7607678, 59.1166753], [9.7672641, 59.1159622], [9.7794091, 59.1145958], [9.7835301, 59.1141205], [9.7848325, 59.1139628], [9.7862112, 59.1137923], [9.7887003, 59.1134343], [9.791452, 59.1129623], [9.7935446, 59.1126108], [9.7955024, 59.1122116], [9.797021, 59.1118324]]}, "properties": {"electrified": "contact_line", "frequency": "16.67", "gauge": "1435", "maxspeed": "200", "name": "Vestfoldbanen", "operator": "Bane NOR", "passenger_lines": "2", "railway": "rail", "tunnel": "yes", "usage": "main", "voltage": "15000", "length_km": 4.728, "maxspeed_kmh": 200.0}}, {"type": "Feature", "geometry": {"type": "LineString", "coordinates": [[9.8014321, 59.1107615], [9.7995606, 59.1112623], [9.7974947, 59.111769]]}, "properties": {"bridge": "yes", "electrified": "contact_line", "frequency": "16.67", "gauge": "1435", "maxspeed": "200", "name": "Vestfoldbanen", "operator": "Bane NOR", "passenger_lines": "2", "railway": "rail", "usage": "main", "voltage": "15000", "length_km": 0.252, "maxspeed_kmh": 200.0}}, {"type": "Feature", "geometry": {"type": "LineString", "coordinates": [[9.797021, 59.1118324], [9.7974887, 59.111727]]}, "properties": {"electrified": "contact_line", "frequency": "16.67", "gauge": "1435", "maxspeed": "200", "name": "Vestfoldbanen", "operator": "Bane NOR", "passenger_lines": "2", "railway": "rail", "usage": "main", "voltage": "15000", "length_km": 0.029, "maxspeed_kmh": 200.0}}, {"type": "Feature", "geometry": {"type": "LineString", "coordinates": [[9.715979, 59.1176302], [9.7146601, 59.1176083]]}, "properties": {"electrified": "contact_line", "frequency": "16.67", "gauge": "1435", "maxspeed": "200", "name": "Vestfoldbanen", "operator": "Bane NOR", "passenger_lines": "2", "railway": "rail", "usage": "main", "voltage": "15000", "length_km": 0.076, "maxspeed_kmh": 200.0}}, {"type": "Feature", "geometry": {"type": "LineString", "coordinates": [[9.7117479, 59.1174928], [9.7138454, 59.1175474]]}, "properties": {"electrified": "contact_line", "frequency": "16.67", "gauge": "1435", "maxspeed": "200", "name": "Vestfoldbanen", "operator": "Bane NOR", "passenger_lines": "2", "railway": "rail", "usage": "main", "voltage": "15000", "length_km": 0.12, "maxspeed_kmh": 200.0}}, {"type": "Feature", "geometry": {"type": "LineString", "coordinates": [[9.7138454, 59.1175474], [9.7146639, 59.1175663]]}, "properties": {"bridge": "yes", "electrified": "contact_line", "frequency": "16.67", "gauge": "1435", "maxspeed": "200", "name": "Vestfoldbanen", "operator": "Bane NOR", "passenger_lines": "2", "railway": "rail", "usage": "main", "voltage": "15000", "length_km": 0.047, "maxspeed_kmh": 200.0}}, {"type": "Feature", "geometry": {"type": "LineString", "coordinates": [[9.7146639, 59.1175663], [9.7159711, 59.1175859]]}, "properties": {"electrified": "contact_line", "frequency": "16.67", "gauge": "1435", "maxspeed": "200", "name": "Vestfoldbanen", "operator": "Bane NOR", "passenger_lines": "2", "railway": "rail", "usage": "main", "voltage": "15000", "length_km": 0.075, "maxspeed_kmh": 200.0}}, {"type": "Feature", "geometry": {"type": "LineString", "coordinates": [[9.7138417, 59.1175877], [9.7117451, 59.1175424]]}, "properties": {"electrified": "contact_line", "frequency": "16.67", "gauge": "1435", "maxspeed": "200", "name": "Vestfoldbanen", "operator": "Bane NOR", "passenger_lines": "2", "railway": "rail", "usage": "main", "voltage": "15000", "length_km": 0.12, "maxspeed_kmh": 200.0}}, {"type": "Feature", "geometry": {"type": "LineString", "coordinates": [[9.7146601, 59.1176083], [9.7138417, 59.1175877]]}, "properties": {"bridge": "yes", "electrified": "contact_line", "frequency": "16.67", "gauge": "1435", "maxspeed": "200", "name": "Vestfoldbanen", "operator": "Bane NOR", "passenger_lines": "2", "railway": "rail", "usage": "main", "voltage": "15000", "length_km": 0.047, "maxspeed_kmh": 200.0}}, {"type": "Feature", "geometry": {"type": "LineString", "coordinates": [[9.7117451, 59.1175424], [9.7107395, 59.1175252], [9.7083684, 59.1175167], [9.7063353, 59.1175665], [9.7038197, 59.1177188], [9.7020974, 59.1178721], [9.701223, 59.1179713], [9.697881, 59.1184421], [9.6958049, 59.1188413], [9.6946784, 59.1190671], [9.6936885, 59.1193046]]}, "properties": {"electrified": "contact_line", "frequency": "16.67", "gauge": "1435", "maxspeed": "200", "name": "Vestfoldbanen", "operator": "Bane NOR", "passenger_lines": "2", "railway": "rail", "tunnel": "yes", "usage": "main", "voltage": "15000", "length_km": 1.065, "maxspeed_kmh": 200.0}}, {"type": "Feature", "geometry": {"type": "LineString", "coordinates": [[9.6936616, 59.1192661], [9.6945926, 59.1190341], [9.6957567, 59.1188], [9.6979024, 59.118387], [9.701282, 59.1179217], [9.7020759, 59.1178304], [9.7037888, 59.1176739], [9.7050453, 59.117593], [9.7063463, 59.1175178], [9.7083976, 59.1174693], [9.7103586, 59.1174747], [9.7117479, 59.1174928]]}, "properties": {"electrified": "contact_line", "frequency": "16.67", "gauge": "1435", "maxspeed": "200", "name": "Vestfoldbanen", "operator": "Bane NOR", "passenger_lines": "2", "railway": "rail", "tunnel": "yes", "usage": "main", "voltage": "15000", "length_km": 1.067, "maxspeed_kmh": 200.0}}, {"type": "Feature", "geometry": {"type": "LineString", "coordinates": [[9.6732661, 59.1297304], [9.6749246, 59.1283769], [9.6754528, 59.1279647], [9.675721, 59.1277617], [9.6759942, 59.1275624], [9.676409, 59.1272697], [9.6768377, 59.1269796], [9.6777422, 59.1263917]]}, "properties": {"electrified": "contact_line", "frequency": "16.67", "gauge": "1435", "maxspeed": "160", "name": "Vestfoldbanen", "operator": "Bane NOR", "passenger_lines": "2", "railway": "rail", "usage": "main", "voltage": "15000", "length_km": 0.452, "maxspeed_kmh": 160.0}}, {"type": "Feature", "geometry": {"type": "LineString", "coordinates": [[9.6778075, 59.12642], [9.6769041, 59.1270068], [9.6764734, 59.1272952], [9.6760613, 59.1275867], [9.6757881, 59.1277862], [9.6755218, 59.1279868], [9.6749959, 59.1283993], [9.673773, 59.1293878], [9.6733646, 59.1297211]]}, "properties": {"electrified": "contact_line", "frequency": "16.67", "gauge": "1435", "maxspeed": "160", "name": "Vestfoldbanen", "operator": "Bane NOR", "passenger_lines": "2", "railway": "rail", "usage": "main", "voltage": "15000", "length_km": 0.448, "maxspeed_kmh": 160.0}}, {"type": "Feature", "geometry": {"type": "LineString", "coordinates": [[10.2346873, 59.6608203], [10.2346632, 59.6607836], [10.2345045, 59.6605414], [10.2342871, 59.6602087], [10.2339419, 59.6596912], [10.233393, 59.6588564], [10.23287, 59.6580911], [10.2323758, 59.6574046], [10.2319815, 59.6568795], [10.2319333, 59.6568182], [10.2314322, 59.6561816], [10.2305656, 59.6550826], [10.2304461, 59.6549309], [10.2300228, 59.6543938]]}, "properties": {"electrified": "contact_line", "frequency": "16.67", "gauge": "1435", "maxspeed": "200", "name": "Vestfoldbanen", "operator": "Bane NOR", "passenger_lines": "2", "railway": "rail", "usage": "main", "voltage": "15000", "length_km": 0.763, "maxspeed_kmh": 200.0}}, {"type": "Feature", "geometry": {"type": "LineString", "coordinates": [[10.4173791, 59.2747795], [10.416541, 59.2750994], [10.4149712, 59.2756986], [10.4118863, 59.2768748], [10.4114347, 59.2770464], [10.411121, 59.2771719], [10.4108405, 59.2772925], [10.4105071, 59.277448], [10.4102812, 59.2775645], [10.4099897, 59.2777191], [10.4095128, 59.2779857], [10.4086833, 59.2784447], [10.4083711, 59.2786132], [10.408035, 59.2787827], [10.4076179, 59.2789848], [10.4073119, 59.2791277], [10.4069425, 59.2792814], [10.4066071, 59.279406]]}, "properties": {"electrified": "contact_line", "frequency": "16.67", "gauge": "1435", "maxspeed": "75", "name": "Vestfoldbanen", "operator": "Bane NOR", "passenger_lines": "1", "railway": "rail", "usage": "main", "voltage": "15000", "length_km": 0.804, "maxspeed_kmh": 75.0}}, {"type": "Feature", "geometry": {"type": "LineString", "coordinates": [[10.3993507, 59.2933475], [10.4004097, 59.2924096], [10.4013516, 59.2915229], [10.4024867, 59.2903822], [10.4030149, 59.2898196], [10.403432, 59.2893603], [10.4044298, 59.2882201]]}, "properties": {"electrified": "contact_line", "frequency": "16.67", "gauge": "1435", "maxspeed": "130", "name": "Vestfoldbanen", "operator": "Bane NOR", "passenger_lines": "2", "railway": "rail", "tunnel": "yes", "usage": "main", "voltage": "15000", "length_km": 0.641, "maxspeed_kmh": 130.0}}, {"type": "Feature", "geometry": {"type": "LineString", "coordinates": [[10.4081107, 59.2786139], [10.4081338, 59.2787597]]}, "properties": {"electrified": "contact_line", "frequency": "16.67", "gauge": "1435", "maxspeed": "60", "name": "Vestfoldbanen", "operator": "Bane NOR", "railway": "rail", "tunnel": "yes", "usage": "main", "voltage": "15000", "length_km": 0.016, "maxspeed_kmh": 60.0}}, {"type": "Feature", "geometry": {"type": "LineString", "coordinates": [[10.3858462, 59.3156846], [10.3859403, 59.3159437], [10.3860079, 59.3161276], [10.3861195, 59.3163961], [10.3862349, 59.3166468], [10.386341, 59.3168672], [10.3864635, 59.3171087], [10.3866083, 59.3173728], [10.3867903, 59.3176844], [10.3869698, 59.3179662], [10.3872342, 59.31836], [10.387485, 59.3187053]]}, "properties": {"electrified": "contact_line", "frequency": "16.67", "gauge": "1435", "maxspeed": "130", "name": "Vestfoldbanen", "operator": "Bane NOR", "passenger_lines": "2", "railway": "rail", "usage": "main", "voltage": "15000", "length_km": 0.35, "maxspeed_kmh": 130.0}}, {"type": "Feature", "geometry": {"type": "LineString", "coordinates": [[10.3994203, 59.2933695], [10.3990858, 59.2936529], [10.3987508, 59.2939364], [10.3983782, 59.2942413], [10.3979951, 59.2945491], [10.3974333, 59.2949936], [10.3968832, 59.2954268], [10.3963686, 59.2958352], [10.3957897, 59.2963033], [10.3952543, 59.2967542], [10.3948123, 59.2971442], [10.3943612, 59.2975587], [10.393988, 59.2979208], [10.3936646, 59.2982432], [10.3934092, 59.2985086], [10.3930179, 59.2989335], [10.3926236, 59.2993838], [10.3923073, 59.2997687], [10.3920797, 59.3000563], [10.3917509, 59.3004933], [10.3915241, 59.3008144], [10.3912701, 59.3011769], [10.3895161, 59.3038668], [10.3880266, 59.306165], [10.3876516, 59.3067379], [10.387287, 59.3072939], [10.3869008, 59.3079333], [10.3866261, 59.3084075], [10.3863585, 59.308918], [10.3861519, 59.3093538], [10.3859901, 59.3097449], [10.3858638, 59.3100763], [10.3857329, 59.310487], [10.3856268, 59.3108699], [10.3855521, 59.3112025], [10.3854682, 59.3116698], [10.3854248, 59.3119894], [10.3853925, 59.3123229], [10.385378, 59.31275], [10.3853751, 59.312972], [10.3853804, 59.3131823], [10.3854016, 59.313573], [10.3854443, 59.3139809], [10.3855011, 59.3143389], [10.385571, 59.3147085], [10.385658, 59.315054], [10.3857355, 59.3153396], [10.3858462, 59.3156846]]}, "properties": {"electrified": "contact_line", "frequency": "16.67", "gauge": "1435", "maxspeed": "130", "name": "Vestfoldbanen", "operator": "Bane NOR", "passenger_lines": "2", "railway": "rail", "usage": "main", "voltage": "15000", "length_km": 2.657, "maxspeed_kmh": 130.0}}, {"type": "Feature", "geometry": {"type": "LineString", "coordinates": [[10.3874064, 59.3187164], [10.3871566, 59.3183727], [10.3868914, 59.3179795], [10.3867155, 59.3176964], [10.3865287, 59.3173844], [10.3863875, 59.3171214], [10.3862631, 59.3168798], [10.3861565, 59.316657], [10.3860433, 59.3164034], [10.3859297, 59.3161343], [10.3858586, 59.3159479], [10.3857681, 59.3156941]]}, "properties": {"electrified": "contact_line", "frequency": "16.67", "gauge": "1435", "maxspeed": "130", "name": "Vestfoldbanen", "operator": "Bane NOR", "passenger_lines": "2", "railway": "rail", "usage": "main", "voltage": "15000", "length_km": 0.35, "maxspeed_kmh": 130.0}}, {"type": "Feature", "geometry": {"type": "LineString", "coordinates": [[10.4078853, 59.2776929], [10.4079409, 59.2779201], [10.4079657, 59.2779957], [10.4079989, 59.2780963], [10.4080334, 59.2782198], [10.4080697, 59.2783577]]}, "properties": {"electrified": "contact_line", "frequency": "16.67", "gauge": "1435", "maxspeed": "60", "name": "Vestfoldbanen", "operator": "Bane NOR", "passenger_lines": "2", "railway": "rail", "usage": "main", "voltage": "15000", "length_km": 0.075, "maxspeed_kmh": 60.0}}, {"type": "Feature", "geometry": {"type": "LineString", "coordinates": [[10.4115248, 59.2706571], [10.4114379, 59.2707075]]}, "properties": {"electrified": "contact_line", "frequency": "16.67", "gauge": "1435", "maxspeed": "75", "name": "Vestfoldbanen", "railway": "rail", "usage": "main", "voltage": "15000", "length_km": 0.007, "maxspeed_kmh": 75.0}}, {"type": "Feature", "geometry": {"type": "LineString", "coordinates": [[10.4110092, 59.2710248], [10.4108414, 59.2711665], [10.410757, 59.2712446], [10.4106827, 59.2713131], [10.4105195, 59.2714681], [10.4103975, 59.2715825], [10.4102808, 59.2716935], [10.4101521, 59.2718011], [10.4100528, 59.2718826], [10.4098838, 59.272006], [10.4096921, 59.2721458], [10.4093514, 59.2723966], [10.409202, 59.2725067], [10.4090508, 59.2726219], [10.4088773, 59.2727492], [10.4087062, 59.2728914], [10.40858, 59.273002], [10.4084933, 59.2730878], [10.4083908, 59.2731971], [10.4082786, 59.2733234], [10.4081967, 59.2734305], [10.408122, 59.2735408], [10.408063, 59.273633], [10.4079993, 59.2737449], [10.4079214, 59.2738947], [10.4078522, 59.2740628], [10.4078094, 59.274201], [10.4077797, 59.2743207], [10.4077557, 59.2744752], [10.4077416, 59.2746461], [10.4077259, 59.2748584], [10.4077153, 59.2750868], [10.4077024, 59.2753162], [10.4076831, 59.2756287], [10.4076659, 59.2759183]]}, "properties": {"electrified": "contact_line", "frequency": "16.67", "gauge": "1435", "maxspeed": "40", "name": "Vestfoldbanen", "operator": "Bane NOR", "passenger_lines": "3", "railway": "rail", "service": "siding", "voltage": "15000", "length_km": 0.594, "maxspeed_kmh": 40.0}}, {"type": "Feature", "geometry": {"type": "LineString", "coordinates": [[10.2934691, 59.2183105], [10.293084, 59.2180899], [10.2927482, 59.2178861], [10.2924204, 59.2176779], [10.2921032, 59.2174745], [10.291714, 59.2172093], [10.2913924, 59.2169855], [10.2910615, 59.2167405], [10.290691, 59.2164576], [10.2901913, 59.2160667], [10.2896345, 59.2156068], [10.2894126, 59.2154218], [10.2891622, 59.2152076], [10.288819, 59.2149087], [10.2885342, 59.2146522], [10.2880739, 59.2142285], [10.2876602, 59.2138277], [10.2870808, 59.2132465], [10.2867251, 59.2128679], [10.2863211, 59.212422], [10.2859079, 59.2119353], [10.2855737, 59.2115303], [10.2852867, 59.2111604], [10.2850964, 59.2108874], [10.2849061, 59.2105973], [10.2847283, 59.21029], [10.2845255, 59.2099003], [10.2843895, 59.2096027], [10.2842956, 59.2093809], [10.2841994, 59.2091096], [10.284084, 59.2087453], [10.2840177, 59.2084663], [10.2839536, 59.2081414], [10.2839023, 59.2077727], [10.2838788, 59.2074652], [10.2838681, 59.2071403], [10.2838703, 59.2068176], [10.2839066, 59.2064073], [10.2839344, 59.2061808], [10.2839835, 59.2059149], [10.2840412, 59.2056688], [10.2841011, 59.2054642], [10.2841908, 59.2051972], [10.284302, 59.2049258], [10.2844729, 59.2045549], [10.2847051, 59.204134], [10.2848696, 59.2038087], [10.2850419, 59.2034389], [10.2851628, 59.2031511], [10.2853011, 59.202779], [10.2853985, 59.2024609], [10.2854847, 59.202156], [10.2855662, 59.2018228], [10.2856196, 59.2015263], [10.2856602, 59.2012494], [10.2856966, 59.2009562], [10.2857179, 59.2005743], [10.2857201, 59.2001749], [10.2857158, 59.1999363], [10.2856966, 59.1996671], [10.2856602, 59.1993235], [10.2856025, 59.1989689], [10.2855448, 59.1986789], [10.2854615, 59.1983386], [10.2853931, 59.1980978], [10.2853204, 59.1978724], [10.285208, 59.1975592], [10.2850436, 59.1971575], [10.2848867, 59.1968199], [10.2846757, 59.1964086], [10.2844217, 59.1959753], [10.2841116, 59.1954981], [10.2834223, 59.1944706], [10.2821002, 59.1925019], [10.2800857, 59.1894925], [10.2795794, 59.1887454], [10.2792115, 59.1881953], [10.2786007, 59.1872845], [10.2783321, 59.1868627], [10.2780716, 59.186399], [10.277865, 59.185983], [10.2777193, 59.1856491], [10.2775138, 59.1851066], [10.2773868, 59.1846737], [10.2772833, 59.1842476], [10.2772215, 59.1839249], [10.2771725, 59.1836235], [10.2771416, 59.1832849], [10.2771235, 59.1829705], [10.2771326, 59.1826384], [10.2771453, 59.1822812], [10.2771679, 59.1820269], [10.2771951, 59.1817748], [10.2773168, 59.1806883], [10.2774056, 59.1798904], [10.2774332, 59.1794879], [10.2774338, 59.1794786], [10.2774438, 59.1791068], [10.2774274, 59.1786807], [10.2773893, 59.178276], [10.2773384, 59.1779281], [10.2772876, 59.1776527], [10.2772041, 59.1772945], [10.2771258, 59.1770167], [10.2769875, 59.1766006], [10.2768569, 59.1762693], [10.2766742, 59.1758522], [10.276426, 59.175377], [10.2761993, 59.1749853], [10.2759031, 59.1745328], [10.2754882, 59.1739731], [10.2751335, 59.1735487], [10.2747647, 59.1731479], [10.2743568, 59.1727372], [10.273894, 59.1723019], [10.2735708, 59.1720118], [10.2732197, 59.1716965], [10.2698166, 59.1686318], [10.26932, 59.1681864], [10.2692647, 59.1681363], [10.2689174, 59.1678215], [10.2688076, 59.167722], [10.2682574, 59.1672259], [10.2674346, 59.1664879], [10.267176, 59.1662475], [10.2665271, 59.1656638], [10.2662624, 59.1654317], [10.2659924, 59.1651788], [10.265721, 59.164921], [10.2654214, 59.1646242], [10.2653554, 59.1645589], [10.2651312, 59.1643366], [10.2649215, 59.1640934], [10.2648743, 59.1640386]]}, "properties": {"electrified": "contact_line", "frequency": "16.67", "gauge": "1435", "maxspeed": "130", "name": "Vestfoldbanen", "operator": "Bane NOR", "passenger_lines": "1", "railway": "rail", "usage": "main", "voltage": "15000", "length_km": 6.444, "maxspeed_kmh": 130.0}}, {"type": "Feature", "geometry": {"type": "LineString", "coordinates": [[10.394177, 59.2987923], [10.3942354, 59.2984192], [10.3942736, 59.298198], [10.3943056, 59.2980323], [10.3943291, 59.2978508]]}, "properties": {"name": "Vestfoldbanen", "railway": "preserved", "length_km": 0.105}}, {"type": "Feature", "geometry": {"type": "LineString", "coordinates": [[9.8591444, 59.0791787], [9.858132, 59.0796633], [9.8564422, 59.080544], [9.8557126, 59.080952], [9.8546719, 59.0815529], [9.8536741, 59.0821648], [9.846754, 59.0865139], [9.8384499, 59.0917553], [9.8349416, 59.0939706], [9.8281161, 59.098272], [9.8260785, 59.0995559], [9.8242127, 59.1007316], [9.8208761, 59.1027998], [9.818041, 59.1043649], [9.8166026, 59.1050925]]}, "properties": {"electrified": "contact_line", "frequency": "16.67", "gauge": "1435", "maxspeed": "200", "name": "Vestfoldbanen", "operator": "Bane NOR", "passenger_lines": "2", "railway": "rail", "tunnel": "yes", "usage": "main", "voltage": "15000", "length_km": 3.784, "maxspeed_kmh": 200.0}}, {"type": "Feature", "geometry": {"type": "LineString", "coordinates": [[9.8604461, 59.078564], [9.8600524, 59.078744], [9.8591444, 59.0791787]]}, "properties": {"electrified": "contact_line", "frequency": "16.67", "gauge": "1435", "maxspeed": "200", "name": "Vestfoldbanen", "operator": "Bane NOR", "passenger_lines": "2", "railway": "rail", "tunnel": "yes", "usage": "main", "voltage": "15000", "length_km": 0.101, "maxspeed_kmh": 200.0}}, {"type": "Feature", "geometry": {"type": "LineString", "coordinates": [[9.8165447, 59.1050625], [9.8179847, 59.1043305], [9.820801, 59.1027742], [9.8241376, 59.100704], [9.8246376, 59.100389], [9.8293045, 59.0974486], [9.8349201, 59.09391], [9.8383641, 59.0917332], [9.8466897, 59.0864753], [9.8535454, 59.0821703], [9.8546504, 59.0814977], [9.8556804, 59.0808968], [9.8563134, 59.0805495], [9.8580247, 59.0796468], [9.8590821, 59.0791427]]}, "properties": {"electrified": "contact_line", "frequency": "16.67", "gauge": "1435", "maxspeed": "200", "name": "Vestfoldbanen", "operator": "Bane NOR", "passenger_lines": "2", "railway": "rail", "tunnel": "yes", "usage": "main", "voltage": "15000", "length_km": 3.784, "maxspeed_kmh": 200.0}}, {"type": "Feature", "geometry": {"type": "LineString", "coordinates": [[9.8590821, 59.0791427], [9.8599934, 59.0787082], [9.8604057, 59.0785249]]}, "properties": {"electrified": "contact_line", "frequency": "16.67", "gauge": "1435", "maxspeed": "200", "name": "Vestfoldbanen", "operator": "Bane NOR", "passenger_lines": "2", "railway": "rail", "tunnel": "yes", "usage": "main", "voltage": "15000", "length_km": 0.103, "maxspeed_kmh": 200.0}}, {"type": "Feature", "geometry": {"type": "LineString", "coordinates": [[10.0208709, 59.0524386], [10.0207521, 59.052485]]}, "properties": {"electrified": "contact_line", "frequency": "16.67", "gauge": "1435", "maxspeed": "75", "name": "Vestfoldbanen", "operator": "Bane NOR", "passenger_lines": "1", "railway": "rail", "usage": "main", "voltage": "15000", "length_km": 0.009, "maxspeed_kmh": 75.0}}, {"type": "Feature", "geometry": {"type": "LineString", "coordinates": [[10.0207521, 59.052485], [10.0205303, 59.0525621], [10.0201973, 59.0526695], [10.0197868, 59.0527804], [10.0193627, 59.0528752], [10.0189813, 59.0529465], [10.0186351, 59.0529999], [10.0183367, 59.0530414], [10.0180489, 59.0530782], [10.0178856, 59.0530968]]}, "properties": {"electrified": "contact_line", "frequency": "16.67", "gauge": "1435", "maxspeed": "75", "name": "Vestfoldbanen", "operator": "Bane NOR", "passenger_lines": "1", "railway": "rail", "usage": "main", "voltage": "15000", "length_km": 0.18, "maxspeed_kmh": 75.0}}, {"type": "Feature", "geometry": {"type": "LineString", "coordinates": [[10.0178856, 59.0530968], [10.0175239, 59.0531321], [10.0172402, 59.0531546], [10.0169415, 59.0531735], [10.0166064, 59.0531901], [10.0157604, 59.0532195]]}, "properties": {"bridge": "yes", "electrified": "contact_line", "frequency": "16.67", "gauge": "1435", "maxspeed": "75", "name": "Vestfoldbanen", "operator": "Bane NOR", "passenger_lines": "1", "railway": "rail", "usage": "main", "voltage": "15000", "length_km": 0.123, "maxspeed_kmh": 75.0}}, {"type": "Feature", "geometry": {"type": "LineString", "coordinates": [[10.4112386, 59.3955857], [10.411247, 59.3954082], [10.4112468, 59.3953286], [10.4112487, 59.3952432], [10.4112468, 59.3951524], [10.4112541, 59.3950912], [10.4112661, 59.3949955], [10.4112873, 59.3948521], [10.4113316, 59.3944267], [10.4113398, 59.3942333], [10.4113491, 59.3940515], [10.41135, 59.39387], [10.4113231, 59.3936793], [10.4112688, 59.3933229], [10.4112071, 59.3930016], [10.411161, 59.3927444], [10.4110851, 59.3923216], [10.4108853, 59.391189], [10.4107578, 59.3904867], [10.4107318, 59.3902879], [10.4107331, 59.3901827], [10.4107416, 59.3900553], [10.4107474, 59.3898873], [10.4107377, 59.3897397]]}, "properties": {"electrified": "contact_line", "frequency": "16.67", "gauge": "1435", "maxspeed": "40", "name": "Vestfoldbanen", "passenger_lines": "2", "railway": "rail", "service": "siding", "voltage": "15000", "length_km": 0.653, "maxspeed_kmh": 40.0}}, {"type": "Feature", "geometry": {"type": "LineString", "coordinates": [[10.4105897, 59.3889787], [10.4105664, 59.3888955]]}, "properties": {"bridge": "yes", "electrified": "contact_line", "frequency": "16.67", "gauge": "1435", "maxspeed": "115", "name": "Vestfoldbanen", "operator": "Bane NOR", "passenger_lines": "1", "railway": "rail", "usage": "main", "voltage": "15000", "length_km": 0.009, "maxspeed_kmh": 115.0}}, {"type": "Feature", "geometry": {"type": "LineString", "coordinates": [[10.4107377, 59.3897397], [10.4106619, 59.3893514], [10.4106093, 59.3890665], [10.4105897, 59.3889787]]}, "properties": {"electrified": "contact_line", "frequency": "16.67", "gauge": "1435", "maxspeed": "115", "name": "Vestfoldbanen", "operator": "Bane NOR", "passenger_lines": "1", "railway": "rail", "usage": "main", "voltage": "15000", "length_km": 0.085, "maxspeed_kmh": 115.0}}, {"type": "Feature", "geometry": {"type": "LineString", "coordinates": [[10.4109148, 59.3783911], [10.4107917, 59.3781452], [10.4106815, 59.3779494], [10.4105703, 59.3777682], [10.4104549, 59.3776027], [10.4103022, 59.3774089], [10.4100971, 59.377173], [10.4097668, 59.3768202]]}, "properties": {"electrified": "contact_line", "frequency": "16.67", "gauge": "1435", "maxspeed": "115", "name": "Vestfoldbanen", "operator": "Bane NOR", "passenger_lines": "1", "railway": "rail", "usage": "main", "voltage": "15000", "length_km": 0.187, "maxspeed_kmh": 115.0}}, {"type": "Feature", "geometry": {"type": "LineString", "coordinates": [[10.4105434, 59.3970842], [10.4106363, 59.3969473]]}, "properties": {"bridge": "yes", "electrified": "contact_line", "frequency": "16.67", "gauge": "1435", "maxspeed": "85", "name": "Vestfoldbanen", "operator": "Bane NOR", "passenger_lines": "1", "railway": "rail", "usage": "main", "voltage": "15000", "length_km": 0.016, "maxspeed_kmh": 85.0}}, {"type": "Feature", "geometry": {"type": "LineString", "coordinates": [[10.4105664, 59.3888955], [10.410501, 59.3886616], [10.4104608, 59.388544], [10.4104079, 59.388412], [10.4103236, 59.388227], [10.4102342, 59.3880346], [10.4100663, 59.3876907], [10.4098912, 59.3873585], [10.4098099, 59.387171], [10.4097499, 59.3869876], [10.4096868, 59.3868078], [10.4096154, 59.3864858], [10.4095864, 59.3862215], [10.409581, 59.3859002], [10.4096098, 59.3856079], [10.4096683, 59.3853076], [10.4097629, 59.384994], [10.4098421, 59.3848026], [10.40992, 59.3846359], [10.4100285, 59.3844376], [10.4101315, 59.384248], [10.410224, 59.3840963], [10.4103657, 59.3838646], [10.4105655, 59.3835198], [10.4106702, 59.3832891], [10.4107533, 59.3830643], [10.4108122, 59.3828504], [10.4108549, 59.3826159], [10.4109199, 59.3818629], [10.4109526, 59.3814567], [10.4110135, 59.3810645], [10.4111225, 59.3801111], [10.4111505, 59.3797174], [10.4111497, 59.3794604], [10.4111389, 59.3792788], [10.4111276, 59.3791478], [10.4110893, 59.3789601]]}, "properties": {"electrified": "contact_line", "frequency": "16.67", "gauge": "1435", "maxspeed": "115", "name": "Vestfoldbanen", "operator": "Bane NOR", "passenger_lines": "1", "railway": "rail", "usage": "main", "voltage": "15000", "length_km": 1.122, "maxspeed_kmh": 115.0}}, {"type": "Feature", "geometry": {"type": "LineString", "coordinates": [[10.4110893, 59.3789601], [10.4110145, 59.3786807], [10.4109148, 59.3783911]]}, "properties": {"bridge": "yes", "electrified": "contact_line", "frequency": "16.67", "gauge": "1435", "maxspeed": "115", "name": "Vestfoldbanen", "operator": "Bane NOR", "passenger_lines": "1", "railway": "rail", "usage": "main", "voltage": "15000", "length_km": 0.064, "maxspeed_kmh": 115.0}}, {"type": "Feature", "geometry": {"type": "LineString", "coordinates": [[10.35133, 59.4412182], [10.3510979, 59.4415365], [10.3508899, 59.4418453], [10.3507111, 59.4421233], [10.3505323, 59.4424028], [10.3503267, 59.442742], [10.3501451, 59.4430582], [10.3499872, 59.443347], [10.3498017, 59.4436901], [10.349785, 59.4437226]]}, "properties": {"electrified": "contact_line", "frequency": "16.67", "gauge": "1435", "maxspeed": "200", "name": "Vestfoldbanen", "operator": "Bane NOR", "passenger_lines": "2", "railway": "rail", "usage": "main", "voltage": "15000", "length_km": 0.293, "maxspeed_kmh": 200.0}}, {"type": "Feature", "geometry": {"type": "LineString", "coordinates": [[10.3943453, 59.3258172], [10.3938715, 59.3253498], [10.3936024, 59.3250814], [10.3934094, 59.3248908], [10.393234, 59.3247153]]}, "properties": {"electrified": "contact_line", "frequency": "16.67", "gauge": "1435", "maxspeed": "120", "name": "Vestfoldbanen", "operator": "Bane NOR", "passenger_lines": "2", "railway": "rail", "usage": "main", "voltage": "15000", "length_km": 0.138, "maxspeed_kmh": 120.0}}, {"type": "Feature", "geometry": {"type": "LineString", "coordinates": [[10.2187212, 59.6181491], [10.2189647, 59.6187078], [10.2191062, 59.6190269], [10.2193691, 59.6196238], [10.2196179, 59.620191], [10.219889, 59.6208117], [10.2201656, 59.6214536], [10.2209922, 59.6233527], [10.2211101, 59.623612], [10.2214541, 59.6244124], [10.2216771, 59.6249187], [10.2222472, 59.6262193], [10.222417, 59.6266086], [10.2225776, 59.626963], [10.2227917, 59.6274165], [10.2229613, 59.6277593], [10.2231281, 59.6280924], [10.2233519, 59.6285058], [10.2235479, 59.6288625], [10.2237186, 59.6291599], [10.2240312, 59.6296792], [10.2243687, 59.6302216], [10.2247887, 59.6309023], [10.2250873, 59.6313948], [10.2253622, 59.6318679]]}, "properties": {"electrified": "contact_line", "frequency": "16.67", "gauge": "1435", "maxspeed": "200", "name": "Vestfoldbanen", "operator": "Bane NOR", "passenger_lines": "2", "railway": "rail", "usage": "main", "voltage": "15000", "length_km": 1.575, "maxspeed_kmh": 200.0}}, {"type": "Feature", "geometry": {"type": "LineString", "coordinates": [[10.2252865, 59.6318812], [10.2250092, 59.6314087], [10.2247092, 59.630913], [10.224287, 59.6302337], [10.2239528, 59.6296923], [10.2236393, 59.6291706], [10.2234683, 59.628873], [10.2232744, 59.628519], [10.2230488, 59.6281025], [10.2228789, 59.6277647], [10.222713, 59.6274259], [10.2225015, 59.6269733], [10.2223369, 59.6266136], [10.222168, 59.6262282], [10.2215986, 59.6249283], [10.2213773, 59.6244209], [10.2212258, 59.6240638], [10.2210307, 59.6236258], [10.2206034, 59.6226455], [10.2200887, 59.621468], [10.2198118, 59.6208192], [10.2195328, 59.6201987], [10.2192889, 59.6196306], [10.2190277, 59.6190344], [10.2188885, 59.618717], [10.2186326, 59.6181352]]}, "properties": {"electrified": "contact_line", "frequency": "16.67", "gauge": "1435", "maxspeed": "200", "name": "Vestfoldbanen", "operator": "Bane NOR", "passenger_lines": "2", "railway": "rail", "usage": "main", "voltage": "15000", "length_km": 1.578, "maxspeed_kmh": 200.0}}, {"type": "Feature", "geometry": {"type": "LineString", "coordinates": [[10.2459009, 59.6843748], [10.2460874, 59.6840904], [10.2461956, 59.683908], [10.2462942, 59.6837343], [10.2463902, 59.6835475], [10.2464961, 59.6833278], [10.2465866, 59.683118], [10.2466566, 59.6829359], [10.2467304, 59.682718], [10.2468021, 59.6824837], [10.2468487, 59.6822975], [10.2468921, 59.6821064], [10.2469338, 59.681849], [10.2469611, 59.6816308], [10.2469856, 59.6812942], [10.2469858, 59.6810108], [10.246963, 59.6806356], [10.2469254, 59.6803904], [10.2468837, 59.6800993], [10.2468214, 59.6798648], [10.2467353, 59.6795613], [10.2465891, 59.6791587], [10.2463733, 59.6786828], [10.2461839, 59.6783259], [10.2459612, 59.6779515], [10.2454491, 59.6771439]]}, "properties": {"electrified": "contact_line", "frequency": "16.67", "gauge": "1435", "maxspeed": "160", "name": "Vestfoldbanen", "operator": "Bane NOR", "passenger_lines": "2", "railway": "rail", "usage": "main", "voltage": "15000", "length_km": 0.823, "maxspeed_kmh": 160.0}}, {"type": "Feature", "geometry": {"type": "LineString", "coordinates": [[10.234952, 59.6610874], [10.2353678, 59.6617256], [10.2358567, 59.6624678]]}, "properties": {"electrified": "contact_line", "frequency": "16.67", "gauge": "1435", "maxspeed": "200", "name": "Vestfoldbanen", "operator": "Bane NOR", "passenger_lines": "2", "railway": "rail", "usage": "main", "voltage": "15000", "length_km": 0.162, "maxspeed_kmh": 200.0}}, {"type": "Feature", "geometry": {"type": "LineString", "coordinates": [[10.2071141, 59.6038619], [10.2079045, 59.604664], [10.2091343, 59.6059099], [10.2105248, 59.6073272], [10.2112632, 59.6080817]]}, "properties": {"electrified": "contact_line", "frequency": "16.67", "gauge": "1435", "maxspeed": "200", "name": "Vestfoldbanen", "operator": "Bane NOR", "passenger_lines": "2", "railway": "rail", "usage": "main", "voltage": "15000", "length_km": 0.526, "maxspeed_kmh": 200.0}}, {"type": "Feature", "geometry": {"type": "LineString", "coordinates": [[10.2035946, 59.5874099], [10.2034091, 59.5877515], [10.2032221, 59.5881144], [10.2030469, 59.5884801], [10.2028994, 59.588806], [10.2027396, 59.5891775], [10.2025727, 59.589614], [10.2024126, 59.5900886], [10.2022786, 59.5905376], [10.2021648, 59.5910122], [10.2020974, 59.5913317], [10.2020333, 59.5916652], [10.2019775, 59.5920615], [10.2019378, 59.5924181], [10.2019048, 59.592959], [10.2018979, 59.593258], [10.2018998, 59.5936098], [10.2019111, 59.5939648], [10.2019398, 59.5943266], [10.2019758, 59.5947117], [10.2020015, 59.5949426], [10.2020518, 59.5952605], [10.2020925, 59.5954893], [10.2021402, 59.5957108], [10.202231, 59.59614], [10.2023094, 59.5964293], [10.2024115, 59.5967858], [10.2025217, 59.5971249], [10.202596, 59.5973451], [10.2027113, 59.5976531], [10.2029086, 59.5981172], [10.2032413, 59.5988155], [10.2034668, 59.59923], [10.2038471, 59.5998904], [10.2040548, 59.6002275], [10.2042763, 59.6005597], [10.204526, 59.6009183], [10.2047292, 59.601194], [10.2049124, 59.6014295], [10.2051136, 59.6016838], [10.2054276, 59.6020574], [10.205796, 59.6024705], [10.206051, 59.6027436], [10.2061834, 59.6028922]]}, "properties": {"electrified": "contact_line", "frequency": "16.67", "gauge": "1435", "maxspeed": "200", "name": "Vestfoldbanen", "operator": "Bane NOR", "passenger_lines": "2", "railway": "rail", "usage": "main", "voltage": "15000", "length_km": 1.771, "maxspeed_kmh": 200.0}}, {"type": "Feature", "geometry": {"type": "LineString", "coordinates": [[10.2267808, 59.6354303], [10.2268504, 59.6357762], [10.2268917, 59.636008], [10.2269462, 59.6363262], [10.2269919, 59.6366705], [10.2270239, 59.6369792], [10.2270408, 59.6372537], [10.2270552, 59.637565], [10.2270646, 59.6378253], [10.2270646, 59.6381074], [10.2270533, 59.6384351], [10.2270372, 59.6387816], [10.2270053, 59.6391473], [10.2269752, 59.6394142], [10.2269414, 59.6396839], [10.2269, 59.6399537], [10.2268456, 59.6402933], [10.2263907, 59.6430529], [10.2263263, 59.6434641], [10.2262725, 59.6438952], [10.2262354, 59.6442685], [10.2262035, 59.6446539], [10.2261912, 59.6450678], [10.2261921, 59.6455708], [10.2262088, 59.6459615], [10.226239, 59.6463203], [10.2262853, 59.6467095], [10.2263309, 59.6470294], [10.2264, 59.6474121], [10.2264806, 59.6477959], [10.2266085, 59.6482852], [10.2267751, 59.6488277], [10.2269424, 59.6493044], [10.2270658, 59.6496181], [10.2272359, 59.6500116], [10.2274219, 59.6504158], [10.2275654, 59.6506938], [10.2277355, 59.6510268], [10.2279375, 59.6513719], [10.2281129, 59.6516687], [10.2283078, 59.6519778], [10.2284698, 59.6522174], [10.2286106, 59.6524214], [10.2287377, 59.6526107], [10.2289192, 59.6528568], [10.2291214, 59.6531319], [10.2293006, 59.6533629], [10.2295302, 59.6536609], [10.2299022, 59.6541353], [10.2300942, 59.6543778], [10.2306436, 59.6550718], [10.2308435, 59.6553259]]}, "properties": {"electrified": "contact_line", "frequency": "16.67", "gauge": "1435", "maxspeed": "200", "name": "Vestfoldbanen", "operator": "Bane NOR", "passenger_lines": "2", "railway": "rail", "usage": "main", "voltage": "15000", "length_km": 2.259, "maxspeed_kmh": 200.0}}, {"type": "Feature", "geometry": {"type": "LineString", "coordinates": [[10.4107377, 59.3897397], [10.4108234, 59.3902352], [10.4108547, 59.3903946], [10.4109328, 59.390823], [10.4109941, 59.3911877], [10.4112493, 59.3926087], [10.4113271, 59.3930744], [10.4113548, 59.3932586], [10.4113955, 59.3935291], [10.4114333, 59.3938655], [10.4114271, 59.3940531], [10.4114208, 59.3942336], [10.4114053, 59.3944301], [10.4113568, 59.3948504], [10.4113118, 59.3951676], [10.4112386, 59.3955857]]}, "properties": {"electrified": "contact_line", "frequency": "16.67", "gauge": "1435", "maxspeed": "115", "name": "Vestfoldbanen", "operator": "Bane NOR", "passenger_lines": "2", "railway": "rail", "usage": "main", "voltage": "15000", "length_km": 0.654, "maxspeed_kmh": 115.0}}, {"type": "Feature", "geometry": {"type": "LineString", "coordinates": [[10.2315775, 59.5516041], [10.2319667, 59.5512369], [10.2323122, 59.5509235], [10.2328048, 59.5504898], [10.2330525, 59.5502788], [10.2334448, 59.5499511], [10.233851, 59.5496195], [10.2342561, 59.5492997], [10.23476, 59.5489092], [10.2350948, 59.5486527], [10.2356634, 59.5482267], [10.2377233, 59.5466906], [10.2382768, 59.5462691], [10.238846, 59.545828], [10.2392276, 59.5455248], [10.2395743, 59.5452393], [10.2398263, 59.5450326], [10.2402187, 59.5446948], [10.2405714, 59.5443842], [10.240896, 59.5440922], [10.2412145, 59.5437968], [10.2415576, 59.5434685], [10.2419668, 59.5430701], [10.2422733, 59.5427584], [10.2427958, 59.5422062]]}, "properties": {"electrified": "contact_line", "frequency": "16.67", "gauge": "1435", "maxspeed": "200", "name": "Vestfoldbanen", "operator": "Bane NOR", "passenger_lines": "2", "railway": "rail", "usage": "main", "voltage": "15000", "length_km": 1.226, "maxspeed_kmh": 200.0}}, {"type": "Feature", "geometry": {"type": "LineString", "coordinates": [[10.4061889, 59.4051236], [10.4062641, 59.4050161]]}, "properties": {"bridge": "yes", "electrified": "contact_line", "frequency": "16.67", "gauge": "1435", "maxspeed": "110", "name": "Vestfoldbanen", "operator": "Bane NOR", "passenger_lines": "1", "railway": "rail", "usage": "main", "voltage": "15000", "length_km": 0.013, "maxspeed_kmh": 110.0}}, {"type": "Feature", "geometry": {"type": "LineString", "coordinates": [[10.4062641, 59.4050161], [10.4063402, 59.4049123], [10.4065131, 59.404709], [10.4066484, 59.4045525], [10.4067814, 59.4044145]]}, "properties": {"electrified": "contact_line", "frequency": "16.67", "gauge": "1435", "maxspeed": "110", "name": "Vestfoldbanen", "operator": "Bane NOR", "passenger_lines": "1", "railway": "rail", "usage": "main", "voltage": "15000", "length_km": 0.073, "maxspeed_kmh": 110.0}}, {"type": "Feature", "geometry": {"type": "LineString", "coordinates": [[10.232885, 59.5505082], [10.2323883, 59.5509424], [10.2320432, 59.551259], [10.231656, 59.5516223], [10.2312092, 59.5520553], [10.2308645, 59.552401], [10.2306861, 59.5525835], [10.2303426, 59.5529364], [10.2300552, 59.5532413], [10.2296292, 59.5536967]]}, "properties": {"electrified": "contact_line", "frequency": "16.67", "gauge": "1435", "maxspeed": "200", "name": "Vestfoldbanen", "operator": "Bane NOR", "passenger_lines": "2", "railway": "rail", "usage": "main", "voltage": "15000", "length_km": 0.4, "maxspeed_kmh": 200.0}}, {"type": "Feature", "geometry": {"type": "LineString", "coordinates": [[10.4106363, 59.3969473], [10.4107751, 59.3967439], [10.4108499, 59.3966192], [10.4109383, 59.3964476], [10.4109864, 59.3963319], [10.4110533, 59.396178], [10.4111016, 59.3960345], [10.4111944, 59.395764], [10.4112386, 59.3955857]]}, "properties": {"electrified": "contact_line", "frequency": "16.67", "gauge": "1435", "maxspeed": "115", "name": "Vestfoldbanen", "operator": "Bane NOR", "passenger_lines": "1", "railway": "rail", "usage": "main", "voltage": "15000", "length_km": 0.156, "maxspeed_kmh": 115.0}}, {"type": "Feature", "geometry": {"type": "LineString", "coordinates": [[10.387485, 59.3187053], [10.3876363, 59.3189026], [10.3877815, 59.3190859], [10.3880159, 59.3193676], [10.3883687, 59.3197621], [10.3887536, 59.3201745], [10.3892165, 59.3206471], [10.3899616, 59.3213884], [10.3912056, 59.3226197]]}, "properties": {"electrified": "contact_line", "frequency": "16.67", "gauge": "1435", "maxspeed": "130", "name": "Vestfoldbanen", "operator": "Bane NOR", "passenger_lines": "2", "railway": "rail", "usage": "main", "voltage": "15000", "length_km": 0.485, "maxspeed_kmh": 130.0}}, {"type": "Feature", "geometry": {"type": "LineString", "coordinates": [[10.4075485, 59.2756513], [10.4075395, 59.2754815], [10.4075423, 59.2753335], [10.4075584, 59.2751129], [10.4075677, 59.2749305], [10.4075852, 59.2746215], [10.4076, 59.2744754], [10.4076187, 59.2743187], [10.4076509, 59.2741954], [10.4076978, 59.2740487], [10.4077649, 59.2738815], [10.4078335, 59.2737378], [10.407903, 59.2736121], [10.4079942, 59.2734697], [10.4081189, 59.2733018], [10.4082318, 59.2731649], [10.4083634, 59.273023], [10.4085345, 59.2728581], [10.408705, 59.27271], [10.4088764, 59.2725787], [10.4094931, 59.2721214], [10.4096345, 59.2720205], [10.4099885, 59.27176], [10.4102513, 59.2715695], [10.4103856, 59.271472], [10.4104717, 59.2714094], [10.4106443, 59.2712919], [10.4108141, 59.271166], [10.4110092, 59.2710248]]}, "properties": {"electrified": "contact_line", "frequency": "16.67", "gauge": "1435", "maxspeed": "40", "name": "Vestfoldbanen", "operator": "Vy", "passenger_lines": "3", "railway": "rail", "service": "siding", "voltage": "15000", "length_km": 0.569, "maxspeed_kmh": 40.0}}, {"type": "Feature", "geometry": {"type": "LineString", "coordinates": [[10.4189028, 59.2690541], [10.4190904, 59.2690905], [10.4194447, 59.269172], [10.4197846, 59.2692689], [10.4200547, 59.2693581], [10.420346, 59.2694666], [10.4205812, 59.2695659], [10.4208194, 59.2696837], [10.4210879, 59.2698341], [10.4213003, 59.2699745], [10.4214991, 59.2701256], [10.4216705, 59.2702722], [10.4217995, 59.2704055], [10.4219254, 59.2705505], [10.4220332, 59.2707009], [10.4221136, 59.2708366], [10.4221955, 59.2710102], [10.4222517, 59.2711831], [10.4222926, 59.2713925], [10.4222987, 59.2715405], [10.4222896, 59.2717018], [10.4222623, 59.2718708], [10.4222061, 59.2720553], [10.4221348, 59.2722212], [10.4220468, 59.2723747], [10.4219391, 59.2725313], [10.4218071, 59.2726879], [10.4216417, 59.2728577], [10.4214187, 59.2730422], [10.421223, 59.2731817], [10.4210014, 59.2733213], [10.4208254, 59.2734205], [10.4206358, 59.273519], [10.4204974, 59.2735807]]}, "properties": {"electrified": "contact_line", "frequency": "16.67", "gauge": "1435", "maxspeed": "75", "name": "Vestfoldbanen", "operator": "Bane NOR", "passenger_lines": "1", "railway": "rail", "usage": "main", "voltage": "15000", "length_km": 0.617, "maxspeed_kmh": 75.0}}, {"type": "Feature", "geometry": {"type": "LineString", "coordinates": [[10.3857681, 59.3156941], [10.385657, 59.315352], [10.3855775, 59.3150606], [10.3854925, 59.3147113], [10.3854176, 59.314337], [10.3853642, 59.3139816], [10.3853207, 59.3135696], [10.3852987, 59.3131818], [10.3852919, 59.3129768], [10.3852931, 59.3127458], [10.3853132, 59.312322], [10.3853433, 59.3119876], [10.3853866, 59.3116664], [10.3854714, 59.3111983], [10.3855471, 59.3108672], [10.3856559, 59.3104776], [10.3857843, 59.3100701], [10.3859099, 59.309736], [10.3860727, 59.3093467], [10.3862808, 59.3089019], [10.3865479, 59.3084002], [10.3868216, 59.3079223], [10.3872116, 59.3072838], [10.3875777, 59.3067234], [10.3879498, 59.3061486], [10.3881413, 59.3058514], [10.389435, 59.303858], [10.3911989, 59.3011598], [10.3914426, 59.3008035], [10.3916712, 59.3004797], [10.3920055, 59.3000386], [10.3922364, 59.2997506], [10.3925498, 59.2993715], [10.3929437, 59.2989177], [10.3933335, 59.2984922], [10.3935945, 59.2982227], [10.3939152, 59.2978995], [10.3942936, 59.297537], [10.3947396, 59.2971224], [10.3951876, 59.2967324], [10.3957247, 59.2962794], [10.3963023, 59.2958111], [10.396815, 59.295405], [10.3973645, 59.2949726], [10.3979327, 59.2945233], [10.3983109, 59.2942178], [10.398682, 59.2939153], [10.3990307, 59.293624], [10.3993507, 59.2933475]]}, "properties": {"electrified": "contact_line", "frequency": "16.67", "gauge": "1435", "maxspeed": "130", "name": "Vestfoldbanen", "operator": "Bane NOR", "passenger_lines": "2", "railway": "rail", "usage": "main", "voltage": "15000", "length_km": 2.661, "maxspeed_kmh": 130.0}}, {"type": "Feature", "geometry": {"type": "LineString", "coordinates": [[10.4115248, 59.2706571], [10.4119978, 59.2703867], [10.4123053, 59.2702193], [10.4132154, 59.2697672], [10.4135463, 59.2696161], [10.4139772, 59.2694393], [10.4143131, 59.2693197], [10.4145694, 59.2692377], [10.4148158, 59.2691698]]}, "properties": {"electrified": "contact_line", "frequency": "16.67", "gauge": "1435", "maxspeed": "75", "name": "Vestfoldbanen", "operator": "Bane NOR", "passenger_lines": "1", "railway": "rail", "usage": "main", "voltage": "15000", "length_km": 0.252, "maxspeed_kmh": 75.0}}, {"type": "Feature", "geometry": {"type": "LineString", "coordinates": [[10.3649938, 59.2835399], [10.3642348, 59.2834485], [10.3638268, 59.2834046], [10.3634308, 59.2833733], [10.3630763, 59.2833559], [10.362664, 59.2833467], [10.3622318, 59.2833545], [10.3618688, 59.2833697]]}, "properties": {"electrified": "contact_line", "frequency": "16.67", "gauge": "1435", "maxspeed": "100", "name": "Vestfoldbanen", "operator": "Bane NOR", "passenger_lines": "1", "railway": "rail", "usage": "main", "voltage": "15000", "length_km": 0.18, "maxspeed_kmh": 100.0}}, {"type": "Feature", "geometry": {"type": "LineString", "coordinates": [[10.3550031, 59.2837902], [10.3546802, 59.2838101], [10.3497915, 59.2841106], [10.3438042, 59.2844804], [10.3422463, 59.2845762], [10.3416979, 59.2846109], [10.3416163, 59.284614]]}, "properties": {"electrified": "contact_line", "frequency": "16.67", "gauge": "1435", "maxspeed": "120", "name": "Vestfoldbanen", "operator": "Bane NOR", "passenger_lines": "1", "railway": "rail", "usage": "main", "voltage": "15000", "length_km": 0.769, "maxspeed_kmh": 120.0}}, {"type": "Feature", "geometry": {"type": "LineString", "coordinates": [[10.2192701, 59.1358683], [10.2194886, 59.1358273], [10.2196247, 59.135805], [10.2197818, 59.1357804], [10.2200689, 59.1357383], [10.2202738, 59.1357103], [10.2204911, 59.1356773], [10.2208317, 59.1356282], [10.2228661, 59.135369], [10.2232244, 59.1353234], [10.2240988, 59.1352128], [10.2242669, 59.1351933], [10.2244788, 59.1351693], [10.224686, 59.1351507], [10.2249032, 59.1351338], [10.2252231, 59.1351134], [10.2263521, 59.1350371], [10.2264491, 59.1350296], [10.2266166, 59.1350213], [10.2268257, 59.1350138]]}, "properties": {"electrified": "contact_line", "frequency": "16.67", "gauge": "1435", "maxspeed": "40", "name": "Vestfoldbanen", "operator": "Bane NOR", "passenger_lines": "3", "railway": "rail", "service": "siding", "voltage": "15000", "length_km": 0.444, "maxspeed_kmh": 40.0}}, {"type": "Feature", "geometry": {"type": "LineString", "coordinates": [[10.2181355, 59.1361316], [10.217907, 59.1361856], [10.2167182, 59.13647], [10.2164551, 59.1365373], [10.2162175, 59.1365896], [10.2158839, 59.1366622], [10.2155158, 59.1367278], [10.2151705, 59.1367759], [10.2148239, 59.1368122], [10.2144869, 59.1368385], [10.2141488, 59.136853], [10.2137593, 59.1368552], [10.2134234, 59.1368458], [10.2131111, 59.136829], [10.2127872, 59.1367996], [10.2125027, 59.136765], [10.2121598, 59.1367122]]}, "properties": {"electrified": "contact_line", "frequency": "16.67", "gauge": "1435", "maxspeed": "80", "name": "Vestfoldbanen", "operator": "Bane NOR", "passenger_lines": "1", "railway": "rail", "usage": "main", "voltage": "15000", "length_km": 0.36, "maxspeed_kmh": 80.0}}, {"type": "Feature", "geometry": {"type": "LineString", "coordinates": [[10.3023132, 59.2222853], [10.3019313, 59.2221513], [10.3017223, 59.2220785], [10.3016589, 59.222055], [10.3015992, 59.2220359], [10.3015456, 59.222019], [10.3014035, 59.2219666], [10.301267, 59.22191], [10.3002228, 59.2214615], [10.2981765, 59.2205908], [10.2975753, 59.2203369], [10.2961094, 59.2196908], [10.2946866, 59.2190319], [10.2943972, 59.2188801], [10.2942646, 59.2188115], [10.294122, 59.2187299], [10.2939261, 59.2186013], [10.293708, 59.2184543], [10.2934691, 59.2183105]]}, "properties": {"electrified": "contact_line", "frequency": "16.67", "gauge": "1435", "maxspeed": "40", "name": "Vestfoldbanen", "operator": "Bane NOR", "passenger_lines": "2", "railway": "rail", "service": "siding", "voltage": "15000", "length_km": 0.674, "maxspeed_kmh": 40.0}}, {"type": "Feature", "geometry": {"type": "LineString", "coordinates": [[10.3550814, 59.2837854], [10.3550031, 59.2837902]]}, "properties": {"bridge": "yes", "electrified": "contact_line", "frequency": "16.67", "gauge": "1435", "maxspeed": "120", "name": "Vestfoldbanen", "operator": "Bane NOR", "railway": "rail", "usage": "main", "voltage": "15000", "length_km": 0.004, "maxspeed_kmh": 120.0}}, {"type": "Feature", "geometry": {"type": "LineString", "coordinates": [[10.3652335, 59.2835701], [10.3649938, 59.2835399]]}, "properties": {"bridge": "yes", "electrified": "contact_line", "frequency": "16.67", "gauge": "1435", "maxspeed": "100", "name": "Vestfoldbanen", "operator": "Bane NOR", "passenger_lines": "1", "railway": "rail", "usage": "main", "voltage": "15000", "length_km": 0.014, "maxspeed_kmh": 100.0}}, {"type": "Feature", "geometry": {"type": "LineString", "coordinates": [[10.2270487, 59.1350126], [10.2268257, 59.1350138]]}, "properties": {"electrified": "contact_line", "frequency": "16.67", "gauge": "1435", "maxspeed": "60", "name": "Vestfoldbanen", "operator": "Bane NOR", "passenger_lines": "1", "railway": "rail", "usage": "main", "voltage": "15000", "length_km": 0.013, "maxspeed_kmh": 60.0}}, {"type": "Feature", "geometry": {"type": "LineString", "coordinates": [[10.1767246, 59.1137299], [10.1764896, 59.1136382]]}, "properties": {"bridge": "yes", "electrified": "contact_line", "frequency": "16.67", "gauge": "1435", "maxspeed": "130", "name": "Vestfoldbanen", "operator": "Bane NOR", "passenger_lines": "1", "railway": "rail", "usage": "main", "voltage": "15000", "length_km": 0.017, "maxspeed_kmh": 130.0}}, {"type": "Feature", "geometry": {"type": "LineString", "coordinates": [[10.1764896, 59.1136382], [10.1744821, 59.1128614], [10.1720297, 59.1119154], [10.1704272, 59.1112961], [10.1698397, 59.1110663]]}, "properties": {"electrified": "contact_line", "frequency": "16.67", "gauge": "1435", "maxspeed": "130", "name": "Vestfoldbanen", "operator": "Bane NOR", "passenger_lines": "1", "railway": "rail", "usage": "main", "voltage": "15000", "length_km": 0.477, "maxspeed_kmh": 130.0}}, {"type": "Feature", "geometry": {"type": "LineString", "coordinates": [[10.0096489, 59.0559311], [10.0091352, 59.0561776], [10.0080164, 59.0567222], [10.007747, 59.0568505], [10.0074143, 59.0570041], [10.0069289, 59.057207], [10.0066052, 59.0573276], [10.0062516, 59.057448], [10.0060117, 59.0575267]]}, "properties": {"electrified": "contact_line", "frequency": "16.67", "gauge": "1435", "maxspeed": "100", "name": "Vestfoldbanen", "operator": "Bane NOR", "passenger_lines": "1", "railway": "rail", "usage": "main", "voltage": "15000", "length_km": 0.275, "maxspeed_kmh": 100.0}}, {"type": "Feature", "geometry": {"type": "LineString", "coordinates": [[10.2455244, 59.6771317], [10.2460375, 59.6779367], [10.246188, 59.6781882], [10.2462592, 59.6783073], [10.2464565, 59.6786685], [10.2466761, 59.6791467], [10.2468225, 59.6795488], [10.2469172, 59.6798553], [10.2469749, 59.68009], [10.2470206, 59.6803748], [10.2470625, 59.680636], [10.247084, 59.6810025], [10.247088, 59.6812953], [10.2470633, 59.6816321], [10.2470359, 59.6818553], [10.2469928, 59.6821199], [10.2469506, 59.6823082], [10.2469067, 59.6824853], [10.2468277, 59.6827479], [10.2467528, 59.6829632], [10.2466792, 59.6831445], [10.2466022, 59.6833375], [10.2464942, 59.6835591], [10.2463907, 59.6837544], [10.2462999, 59.683923], [10.2461901, 59.6841037], [10.2459992, 59.6843878], [10.2458418, 59.6846165], [10.245527, 59.6850308], [10.2450669, 59.6855854], [10.2447712, 59.6859334]]}, "properties": {"electrified": "contact_line", "frequency": "16.67", "gauge": "1435", "maxspeed": "160", "name": "Vestfoldbanen", "operator": "Bane NOR", "passenger_lines": "2", "railway": "rail", "usage": "main", "voltage": "15000", "length_km": 1.012, "maxspeed_kmh": 160.0}}, {"type": "Feature", "geometry": {"type": "LineString", "coordinates": [[10.23578, 59.6624811], [10.2352899, 59.6617361], [10.2348752, 59.6611004]]}, "properties": {"electrified": "contact_line", "frequency": "16.67", "gauge": "1435", "maxspeed": "200", "name": "Vestfoldbanen", "operator": "Bane NOR", "passenger_lines": "2", "railway": "rail", "usage": "main", "voltage": "15000", "length_km": 0.162, "maxspeed_kmh": 200.0}}, {"type": "Feature", "geometry": {"type": "LineString", "coordinates": [[10.2297952, 59.5534195], [10.2299854, 59.5532193], [10.2302691, 59.5529176], [10.2306112, 59.5525639]]}, "properties": {"electrified": "contact_line", "frequency": "16.67", "gauge": "1435", "maxspeed": "200", "name": "Vestfoldbanen", "operator": "Bane NOR", "passenger_lines": "2", "railway": "rail", "usage": "main", "voltage": "15000", "length_km": 0.106, "maxspeed_kmh": 200.0}}, {"type": "Feature", "geometry": {"type": "LineString", "coordinates": [[10.4028092, 59.4136537], [10.4028932, 59.4136139], [10.4032449, 59.4134409], [10.4035681, 59.4132609], [10.4039353, 59.4130394], [10.4042319, 59.4128497], [10.4044234, 59.4127145], [10.404651, 59.4125486], [10.4048569, 59.4123772], [10.4051322, 59.4121159], [10.4053786, 59.4118681], [10.4055722, 59.4116307], [10.4057614, 59.4113893], [10.4059486, 59.411078], [10.4060697, 59.4108401], [10.4061578, 59.4106483], [10.406238, 59.4104472], [10.406319, 59.410189], [10.4063775, 59.4098846], [10.4064023, 59.4095782], [10.4063864, 59.4092433], [10.4063514, 59.4089924], [10.4063014, 59.4087538], [10.4061424, 59.4083025]]}, "properties": {"electrified": "contact_line", "frequency": "16.67", "gauge": "1435", "maxspeed": "110", "name": "Vestfoldbanen", "operator": "Bane NOR", "passenger_lines": "1", "railway": "rail", "usage": "main", "voltage": "15000", "length_km": 0.655, "maxspeed_kmh": 110.0}}, {"type": "Feature", "geometry": {"type": "LineString", "coordinates": [[10.4067814, 59.4044145], [10.4068449, 59.4043491], [10.4071345, 59.4041039], [10.4073922, 59.4039075], [10.4076352, 59.4037543], [10.4080199, 59.4035262], [10.408432, 59.4033065], [10.4086702, 59.4031776], [10.4088954, 59.4030455], [10.4090709, 59.4029297], [10.4092622, 59.4027862], [10.409452, 59.4026394], [10.409597, 59.4025169], [10.4097375, 59.4023815], [10.409854, 59.4022514], [10.4099549, 59.4021387], [10.4100575, 59.4019981], [10.4101239, 59.4018895], [10.4101987, 59.4017403], [10.4102511, 59.4016105], [10.4103056, 59.4014749], [10.4103382, 59.40135], [10.4103611, 59.4011825], [10.4103684, 59.4010338], [10.4103669, 59.4008917], [10.4103457, 59.400707], [10.4101523, 59.3998621], [10.4100018, 59.3991872], [10.4099531, 59.3989202], [10.4099352, 59.3987611], [10.4099217, 59.3985801], [10.4099412, 59.3984066], [10.4099666, 59.3982392], [10.4099948, 59.3981304], [10.4100337, 59.3979995], [10.4100965, 59.3978428], [10.4101577, 59.3977241], [10.41024, 59.3975742], [10.410361, 59.397371], [10.4105434, 59.3970842]]}, "properties": {"electrified": "contact_line", "frequency": "16.67", "gauge": "1435", "maxspeed": "85", "name": "Vestfoldbanen", "operator": "Bane NOR", "passenger_lines": "1", "railway": "rail", "usage": "main", "voltage": "15000", "length_km": 0.885, "maxspeed_kmh": 85.0}}, {"type": "Feature", "geometry": {"type": "LineString", "coordinates": [[10.4094475, 59.360248], [10.4094685, 59.3602051], [10.4096732, 59.3597009], [10.4097646, 59.359446], [10.4098499, 59.3591906], [10.4099166, 59.3589045], [10.4099489, 59.3585992], [10.4099622, 59.3582789], [10.40996, 59.3579917], [10.4099572, 59.3568478], [10.409961, 59.3557771], [10.4099584, 59.3552402], [10.4099575, 59.3548537], [10.4099828, 59.3544657], [10.4100592, 59.3540816], [10.4101544, 59.3538163], [10.4102679, 59.3535551], [10.4104311, 59.3532695], [10.4105591, 59.3530847], [10.4107198, 59.3528736], [10.4108843, 59.3526866], [10.4110461, 59.352516], [10.4113475, 59.3522404], [10.4117053, 59.3519467], [10.4137235, 59.3503416], [10.4143036, 59.3498769], [10.4155148, 59.3489169], [10.4160157, 59.3485107], [10.4163722, 59.3482142], [10.4167037, 59.3479006], [10.4169845, 59.3475871], [10.4171912, 59.3473161], [10.4173937, 59.3469995], [10.4175336, 59.3467375], [10.417663, 59.3464409], [10.4177539, 59.3461505], [10.4178091, 59.3459181], [10.4178341, 59.345721], [10.417848, 59.3455338], [10.4178591, 59.3452778], [10.4178123, 59.3448812], [10.4177548, 59.3446093], [10.4176839, 59.3443863], [10.4175529, 59.3440618], [10.4173947, 59.3437578], [10.4172192, 59.3434902], [10.4170183, 59.3432212], [10.4168694, 59.3430477], [10.4166608, 59.3428227], [10.4162399, 59.3424077]]}, "properties": {"electrified": "contact_line", "frequency": "16.67", "gauge": "1435", "maxspeed": "110", "name": "Vestfoldbanen", "operator": "Bane NOR", "passenger_lines": "1", "railway": "rail", "usage": "main", "voltage": "15000", "length_km": 2.12, "maxspeed_kmh": 110.0}}, {"type": "Feature", "geometry": {"type": "LineString", "coordinates": [[10.4097668, 59.3768202], [10.4096189, 59.3766621], [10.4094446, 59.3764757], [10.4093394, 59.3763603], [10.4092045, 59.376207], [10.4090723, 59.3760511], [10.4089115, 59.3758602], [10.4087714, 59.3756851], [10.4086339, 59.3754976], [10.4084933, 59.3753002], [10.4083238, 59.3750565], [10.4081347, 59.3747675], [10.4079883, 59.3745252], [10.407827, 59.3742403], [10.4077021, 59.3740067], [10.4075811, 59.3737562], [10.4074336, 59.37342], [10.4073129, 59.3731121], [10.4072286, 59.3728858], [10.4071474, 59.3726524], [10.4070657, 59.3724169], [10.4069788, 59.3721056], [10.4068908, 59.3717642], [10.4068051, 59.3713854], [10.4067125, 59.370955], [10.4066368, 59.3704538], [10.4065951, 59.3701123], [10.4065517, 59.3696176], [10.4065359, 59.3692865], [10.4065286, 59.3687164], [10.4065374, 59.3684214], [10.4065519, 59.368122], [10.4065888, 59.3676925], [10.4066678, 59.3671284], [10.4067656, 59.3665645], [10.406879, 59.3660547], [10.4070314, 59.3654878], [10.4071865, 59.3649919], [10.4073805, 59.3644637], [10.4075903, 59.3639658], [10.4078993, 59.3633161], [10.408277, 59.3625561], [10.4084666, 59.362198], [10.4089541, 59.3612349], [10.4092295, 59.3606925], [10.4094475, 59.360248]]}, "properties": {"electrified": "contact_line", "frequency": "16.67", "gauge": "1435", "maxspeed": "130", "name": "Vestfoldbanen", "operator": "Bane NOR", "passenger_lines": "1", "railway": "rail", "usage": "main", "voltage": "15000", "length_km": 1.892, "maxspeed_kmh": 130.0}}, {"type": "Feature", "geometry": {"type": "LineString", "coordinates": [[10.4025329, 59.3304115], [10.4022349, 59.3303077], [10.4018509, 59.330176], [10.4010186, 59.3299054], [10.400626, 59.329772], [10.4002504, 59.3296427], [10.3997193, 59.3294435], [10.3993594, 59.3292996], [10.3991121, 59.3291938], [10.3988261, 59.3290666], [10.3985387, 59.328932], [10.3981802, 59.3287569], [10.397879, 59.3286004], [10.3975956, 59.3284426], [10.3973021, 59.3282717], [10.3970679, 59.3281298], [10.3968235, 59.3279727], [10.3965841, 59.3278084], [10.3963791, 59.3276649], [10.3961153, 59.3274679], [10.3959216, 59.3273132], [10.3956975, 59.3271259], [10.3954914, 59.3269403], [10.3952676, 59.3267265], [10.3948774, 59.3263435], [10.3943453, 59.3258172]]}, "properties": {"electrified": "contact_line", "frequency": "16.67", "gauge": "1435", "maxspeed": "120", "name": "Vestfoldbanen", "operator": "Bane NOR", "passenger_lines": "1", "railway": "rail", "usage": "main", "voltage": "15000", "length_km": 0.706, "maxspeed_kmh": 120.0}}, {"type": "Feature", "geometry": {"type": "LineString", "coordinates": [[10.4162399, 59.3424077], [10.4158, 59.3419741], [10.4156084, 59.3417818], [10.4154341, 59.3416021], [10.4153019, 59.3414655], [10.415141, 59.341281], [10.4150133, 59.3411206], [10.4148185, 59.3408486], [10.414654, 59.3405912], [10.4145141, 59.3403434], [10.4144158, 59.3401448], [10.4143118, 59.339895], [10.4142153, 59.3396144], [10.4141529, 59.3393705], [10.4140868, 59.3390667], [10.4140225, 59.3387562], [10.4138156, 59.3377066], [10.4137547, 59.3374355], [10.4136762, 59.3371606], [10.413582, 59.3369016], [10.413466, 59.3366402], [10.4133844, 59.3364866], [10.4132942, 59.3363231], [10.4131055, 59.3360282], [10.4129114, 59.3357638], [10.4126847, 59.3354926], [10.4124967, 59.3352843], [10.4122967, 59.33508], [10.4120205, 59.3348267], [10.4117336, 59.3345851], [10.411397, 59.3343256], [10.4106549, 59.3338282], [10.409911, 59.3333903], [10.4092722, 59.3330482], [10.4086701, 59.3327553], [10.4080759, 59.3324886], [10.4075802, 59.3322822], [10.406938, 59.3320338], [10.4061915, 59.3317573], [10.4049092, 59.3312852], [10.4036093, 59.3308078], [10.4025998, 59.3304348], [10.4025329, 59.3304115]]}, "properties": {"electrified": "contact_line", "frequency": "16.67", "gauge": "1435", "maxspeed": "130", "name": "Vestfoldbanen", "operator": "Bane NOR", "passenger_lines": "1", "railway": "rail", "usage": "main", "voltage": "15000", "length_km": 1.624, "maxspeed_kmh": 130.0}}, {"type": "Feature", "geometry": {"type": "LineString", "coordinates": [[10.393234, 59.3247153], [10.3924156, 59.3239057], [10.391265, 59.3227672], [10.389885, 59.3214019], [10.3891445, 59.3206648], [10.3886756, 59.3201872], [10.3882917, 59.3197762], [10.3879419, 59.3193816], [10.3877075, 59.319097], [10.3875586, 59.3189143], [10.3874064, 59.3187164]]}, "properties": {"electrified": "contact_line", "frequency": "16.67", "gauge": "1435", "maxspeed": "130", "name": "Vestfoldbanen", "operator": "Bane NOR", "passenger_lines": "2", "railway": "rail", "usage": "main", "voltage": "15000", "length_km": 0.747, "maxspeed_kmh": 130.0}}, {"type": "Feature", "geometry": {"type": "LineString", "coordinates": [[10.3933091, 59.3247001], [10.3934824, 59.324876], [10.3935767, 59.3249756], [10.3936634, 59.3250729], [10.3938389, 59.3252668], [10.3939619, 59.3254102], [10.394128, 59.3255903], [10.3943453, 59.3258172]]}, "properties": {"electrified": "contact_line", "frequency": "16.67", "gauge": "1435", "maxspeed": "70", "name": "Vestfoldbanen", "operator": "Bane NOR", "passenger_lines": "2", "railway": "rail", "usage": "main", "voltage": "15000", "length_km": 0.138, "maxspeed_kmh": 70.0}}, {"type": "Feature", "geometry": {"type": "LineString", "coordinates": [[10.4081338, 59.2787597], [10.4083362, 59.2800032], [10.4083835, 59.2803608], [10.4084093, 59.2806746], [10.4084029, 59.2812585], [10.4083625, 59.2816168], [10.4081973, 59.2823297], [10.4079668, 59.2829378], [10.4077119, 59.2834465], [10.4074228, 59.2839686], [10.4072863, 59.2842084], [10.406948, 59.2847689]]}, "properties": {"electrified": "contact_line", "frequency": "16.67", "gauge": "1435", "maxspeed": "120", "name": "Vestfoldbanen", "operator": "Bane NOR", "passenger_lines": "2", "railway": "rail", "tunnel": "yes", "usage": "main", "voltage": "15000", "length_km": 0.68, "maxspeed_kmh": 120.0}}, {"type": "Feature", "geometry": {"type": "LineString", "coordinates": [[10.407852, 59.2775397], [10.4078153, 59.277301], [10.4077878, 59.2771219]]}, "properties": {"electrified": "contact_line", "frequency": "16.67", "gauge": "1435", "maxspeed": "75", "name": "Vestfoldbanen", "operator": "Bane NOR", "passenger_lines": "2", "railway": "rail", "usage": "main", "voltage": "15000", "length_km": 0.047, "maxspeed_kmh": 75.0}}, {"type": "Feature", "geometry": {"type": "LineString", "coordinates": [[10.4051406, 59.2872795], [10.4053555, 59.2869938], [10.4056642, 59.2865732], [10.4062223, 59.2857691], [10.4067514, 59.2849675], [10.4068694, 59.2847569], [10.4072095, 59.2841938], [10.4073461, 59.2839541], [10.4076338, 59.2834339], [10.4078897, 59.2829242], [10.4081182, 59.2823248], [10.4082834, 59.2816161], [10.4083242, 59.2812581], [10.4083302, 59.2806747], [10.4083068, 59.2803462], [10.4082571, 59.2800053], [10.4080312, 59.2786181]]}, "properties": {"gauge": "1435", "name": "Vestfoldbanen", "passenger_lines": "2", "railway": "rail", "tunnel": "yes", "length_km": 0.993}}, {"type": "Feature", "geometry": {"type": "LineString", "coordinates": [[10.4044298, 59.2882201], [10.4042693, 59.2884194], [10.4041298, 59.2885937], [10.4039609, 59.2888307], [10.4038548, 59.2889678], [10.4037671, 59.2890787], [10.4035086, 59.2893739]]}, "properties": {"electrified": "contact_line", "frequency": "16.67", "gauge": "1435", "maxspeed": "70", "name": "Vestfoldbanen", "operator": "Bane NOR", "passenger_lines": "2", "railway": "rail", "tunnel": "yes", "usage": "main", "voltage": "15000", "length_km": 0.139, "maxspeed_kmh": 70.0}}, {"type": "Feature", "geometry": {"type": "LineString", "coordinates": [[10.3696209, 59.2839309], [10.3694313, 59.2839367], [10.3689663, 59.2839414], [10.3686292, 59.2839354], [10.3683079, 59.2839187], [10.3678677, 59.2838853], [10.3676106, 59.28386], [10.3673248, 59.2838275]]}, "properties": {"electrified": "contact_line", "frequency": "16.67", "gauge": "1435", "maxspeed": "100", "name": "Vestfoldbanen", "operator": "Bane NOR", "passenger_lines": "1", "railway": "rail", "usage": "main", "voltage": "15000", "length_km": 0.132, "maxspeed_kmh": 100.0}}, {"type": "Feature", "geometry": {"type": "LineString", "coordinates": [[10.3416163, 59.284614], [10.3412364, 59.2846287], [10.3408609, 59.2846369], [10.3405044, 59.2846344], [10.3401516, 59.2846227], [10.3398003, 59.2846017], [10.3395079, 59.2845759], [10.339237, 59.2845483], [10.3389388, 59.2845078]]}, "properties": {"electrified": "contact_line", "frequency": "16.67", "gauge": "1435", "maxspeed": "90", "name": "Vestfoldbanen", "operator": "Bane NOR", "passenger_lines": "1", "railway": "rail", "usage": "main", "voltage": "15000", "length_km": 0.154, "maxspeed_kmh": 90.0}}, {"type": "Feature", "geometry": {"type": "LineString", "coordinates": [[10.3959943, 59.2827034], [10.395837, 59.282715], [10.3953204, 59.2827388], [10.3946673, 59.2827692], [10.3938764, 59.2828041]]}, "properties": {"electrified": "contact_line", "frequency": "16.67", "gauge": "1435", "maxspeed": "120", "name": "Vestfoldbanen", "operator": "Bane NOR", "passenger_lines": "1", "railway": "rail", "usage": "main", "voltage": "15000", "length_km": 0.121, "maxspeed_kmh": 120.0}}, {"type": "Feature", "geometry": {"type": "LineString", "coordinates": [[10.3618688, 59.2833697], [10.3617435, 59.2833749], [10.3610912, 59.2834149], [10.3578762, 59.2836136], [10.3550814, 59.2837854]]}, "properties": {"electrified": "contact_line", "frequency": "16.67", "gauge": "1435", "maxspeed": "120", "name": "Vestfoldbanen", "operator": "Bane NOR", "passenger_lines": "1", "railway": "rail", "usage": "main", "voltage": "15000", "length_km": 0.39, "maxspeed_kmh": 120.0}}, {"type": "Feature", "geometry": {"type": "LineString", "coordinates": [[10.3320701, 59.2794571], [10.3319199, 59.2792598], [10.330928, 59.2779596], [10.3296336, 59.2762555], [10.32827, 59.2744626], [10.32614, 59.271671], [10.3244381, 59.2694361], [10.322598, 59.2670023], [10.3204608, 59.2642112], [10.3183098, 59.2613804], [10.3161771, 59.2585608], [10.3142615, 59.2560539], [10.3139044, 59.2555668], [10.3136504, 59.2551904], [10.3132926, 59.254648], [10.313126, 59.2543758], [10.3129715, 59.2541065], [10.3128022, 59.2538062], [10.3125737, 59.2533912], [10.3123833, 59.253009], [10.3121896, 59.2526054], [10.3119428, 59.2520378], [10.3117204, 59.2514779], [10.3114572, 59.2507294], [10.3112786, 59.2501196], [10.3111668, 59.2497008], [10.3110867, 59.2493336], [10.3109763, 59.2488171], [10.3108942, 59.2483111], [10.3108411, 59.2479741], [10.3108063, 59.2476194], [10.3107937, 59.2474723]]}, "properties": {"electrified": "contact_line", "frequency": "16.67", "gauge": "1435", "maxspeed": "130", "name": "Vestfoldbanen", "operator": "Bane NOR", "passenger_lines": "1", "railway": "rail", "usage": "main", "voltage": "15000", "length_km": 3.78, "maxspeed_kmh": 130.0}}, {"type": "Feature", "geometry": {"type": "LineString", "coordinates": [[10.3107937, 59.2474723], [10.3107852, 59.2473732], [10.3107813, 59.2471617], [10.3107946, 59.2469282], [10.3108286, 59.2467057], [10.3108751, 59.2464832], [10.3109479, 59.2462408], [10.3110368, 59.246009], [10.3111503, 59.2457662], [10.3112638, 59.245563], [10.3114128, 59.2453259], [10.3115876, 59.245089], [10.3117717, 59.2448689], [10.3119974, 59.2446291], [10.3122402, 59.2443977], [10.3125097, 59.2441656], [10.3128495, 59.2439094], [10.3132837, 59.2435987], [10.3135579, 59.2434105], [10.3139189, 59.2431554], [10.3142276, 59.2429106], [10.3144994, 59.2426703], [10.3147135, 59.2424563], [10.3149713, 59.2421735], [10.3152012, 59.2418673], [10.3154104, 59.2415308], [10.3154979, 59.2413684], [10.3156168, 59.2410966], [10.315685, 59.2409068], [10.3157673, 59.2406125], [10.31581, 59.2403778], [10.3158362, 59.2400966], [10.3158324, 59.2397657], [10.3158006, 59.2395273], [10.3157502, 59.2392566], [10.3156604, 59.2389606], [10.3155299, 59.2386423], [10.315399, 59.2383929], [10.3152333, 59.2381263], [10.3147361, 59.2374464], [10.3144156, 59.2370045], [10.3142405, 59.2367337], [10.3140315, 59.236372], [10.3138694, 59.2360306], [10.3137653, 59.2358043], [10.3136786, 59.235572], [10.313616, 59.2353833], [10.3135561, 59.2351852], [10.3134749, 59.2348619], [10.3134053, 59.2344802], [10.3133584, 59.2341511], [10.3133099, 59.2338288], [10.3132523, 59.2335356], [10.3131754, 59.2332455], [10.3130526, 59.2329018], [10.3129159, 59.2325963], [10.3127184, 59.2322464], [10.3124878, 59.2318987], [10.3122088, 59.2315505], [10.3119878, 59.2313037], [10.3117321, 59.231046], [10.3114843, 59.2308179], [10.311251, 59.2306255], [10.3109669, 59.2304026], [10.3106357, 59.2301569], [10.310285, 59.2299016], [10.3100009, 59.2296923], [10.3096174, 59.229397], [10.3092641, 59.229108], [10.3088883, 59.228766], [10.3085784, 59.2284655], [10.3082388, 59.2281067], [10.3079969, 59.227826], [10.3077659, 59.2275401], [10.3075601, 59.2272654], [10.3073567, 59.2269606], [10.3072355, 59.2267735], [10.3071231, 59.2265759], [10.3070139, 59.2263849], [10.3068965, 59.2261582], [10.3066816, 59.2256979], [10.3065404, 59.2254119], [10.3063642, 59.2251037], [10.3061791, 59.2248287], [10.3059728, 59.2245742], [10.3057633, 59.2243469], [10.3055286, 59.2241173], [10.3050707, 59.2237439], [10.3046529, 59.2234507], [10.3043245, 59.2232429], [10.3039114, 59.223013], [10.3034911, 59.222801], [10.3029987, 59.2225789], [10.3027922, 59.2224905]]}, "properties": {"electrified": "contact_line", "frequency": "16.67", "gauge": "1435", "maxspeed": "110", "name": "Vestfoldbanen", "operator": "Bane NOR", "passenger_lines": "1", "railway": "rail", "usage": "main", "voltage": "15000", "length_km": 3.029, "maxspeed_kmh": 110.0}}, {"type": "Feature", "geometry": {"type": "LineString", "coordinates": [[10.3027922, 59.2224905], [10.3023132, 59.2222853]]}, "properties": {"electrified": "contact_line", "frequency": "16.67", "gauge": "1435", "maxspeed": "130", "name": "Vestfoldbanen", "operator": "Bane NOR", "railway": "rail", "usage": "main", "voltage": "15000", "length_km": 0.036, "maxspeed_kmh": 130.0}}, {"type": "Feature", "geometry": {"type": "LineString", "coordinates": [[10.2648743, 59.1640386], [10.2646677, 59.1637984], [10.2644019, 59.1634636], [10.2641381, 59.1631035], [10.2639363, 59.1628053], [10.2637629, 59.1625265], [10.26359, 59.1622246], [10.2634061, 59.16187], [10.2632674, 59.1615952], [10.2626349, 59.1601741], [10.2624922, 59.1598507], [10.2623517, 59.1595535], [10.2622298, 59.1593196], [10.2619933, 59.158901], [10.2617363, 59.1584864], [10.2614861, 59.1581294], [10.2612134, 59.1577666], [10.2608965, 59.1573819], [10.2589942, 59.1551881], [10.2576209, 59.1536164], [10.2571817, 59.15311], [10.2567759, 59.1526459], [10.2562795, 59.1520747], [10.2558407, 59.1515663], [10.2545517, 59.1500848], [10.2528936, 59.1481816], [10.2511296, 59.1461447], [10.2498631, 59.1446883], [10.2481502, 59.1427191]]}, "properties": {"electrified": "contact_line", "frequency": "16.67", "gauge": "1435", "name": "Vestfoldbanen", "operator": "Bane NOR", "passenger_lines": "1", "railway": "rail", "usage": "main", "voltage": "15000", "length_km": 2.567}}, {"type": "Feature", "geometry": {"type": "LineString", "coordinates": [[10.2481502, 59.1427191], [10.2479959, 59.1425417], [10.2477339, 59.1422717], [10.2474992, 59.1420649], [10.2472326, 59.1418639], [10.2470002, 59.1417202], [10.2466489, 59.1415298], [10.2462252, 59.1413381], [10.2457403, 59.1411448], [10.2449467, 59.1408388]]}, "properties": {"electrified": "contact_line", "frequency": "16.67", "gauge": "1435", "maxspeed": "90", "name": "Vestfoldbanen", "operator": "Bane NOR", "passenger_lines": "1", "railway": "rail", "usage": "main", "voltage": "15000", "length_km": 0.283, "maxspeed_kmh": 90.0}}, {"type": "Feature", "geometry": {"type": "LineString", "coordinates": [[10.2284084, 59.1350803], [10.2282264, 59.1350583], [10.2279, 59.1350341], [10.2277773, 59.1350265], [10.2276519, 59.135021], [10.2275144, 59.1350155], [10.2273823, 59.1350131], [10.2272716, 59.1350125]]}, "properties": {"electrified": "contact_line", "frequency": "16.67", "gauge": "1435", "maxspeed": "60", "name": "Vestfoldbanen", "operator": "Bane NOR", "passenger_lines": "1", "railway": "rail", "usage": "main", "voltage": "15000", "length_km": 0.066, "maxspeed_kmh": 60.0}}, {"type": "Feature", "geometry": {"type": "LineString", "coordinates": [[10.1698397, 59.1110663], [10.1696402, 59.1109883], [10.1691768, 59.110789], [10.1688157, 59.1106171], [10.1684108, 59.1103967], [10.1681076, 59.1102086], [10.1678745, 59.1100457], [10.1676799, 59.109899], [10.1673961, 59.1096507], [10.1670845, 59.1093294], [10.1669503, 59.1091636], [10.1667881, 59.1089282], [10.1666564, 59.1087058], [10.1665665, 59.1085081], [10.1664829, 59.1082681], [10.1664335, 59.1080822], [10.1663998, 59.1078869], [10.1663833, 59.1076722], [10.1663822, 59.1076269]]}, "properties": {"electrified": "contact_line", "frequency": "16.67", "gauge": "1435", "maxspeed": "100", "name": "Vestfoldbanen", "operator": "Bane NOR", "passenger_lines": "1", "railway": "rail", "usage": "main", "voltage": "15000", "length_km": 0.448, "maxspeed_kmh": 100.0}}, {"type": "Feature", "geometry": {"type": "LineString", "coordinates": [[10.2106469, 59.1363073], [10.210448, 59.1362292], [10.2102171, 59.1361275], [10.2099506, 59.1359927], [10.2097398, 59.1358738], [10.2095455, 59.1357528], [10.2093482, 59.1356121], [10.209124, 59.1354473], [10.2089508, 59.1353096], [10.2085756, 59.135003], [10.2081932, 59.1346707], [10.2078821, 59.1343831], [10.2075854, 59.1340954], [10.2073119, 59.1338092], [10.2071051, 59.133583], [10.2069132, 59.1333666], [10.2066957, 59.1331061], [10.2064453, 59.1328052], [10.2047036, 59.1307031], [10.2032313, 59.1289328], [10.2016265, 59.1270074], [10.2010329, 59.1262832], [10.2006356, 59.1258198], [10.2002154, 59.1253735], [10.1997994, 59.1249712], [10.1994011, 59.12461], [10.1989577, 59.1242353], [10.1985711, 59.1239314], [10.1981693, 59.1236289], [10.1977895, 59.1233574], [10.1973321, 59.1230469], [10.1969342, 59.1227922], [10.1964182, 59.1224773], [10.1958256, 59.122139], [10.1953513, 59.1218863], [10.1947303, 59.1215697], [10.1941695, 59.1212994], [10.193594, 59.1210381], [10.1913732, 59.1200592], [10.1904868, 59.1196662], [10.1894196, 59.1191989], [10.1884862, 59.1187847]]}, "properties": {"electrified": "contact_line", "frequency": "16.67", "gauge": "1435", "maxspeed": "130", "name": "Vestfoldbanen", "operator": "Bane NOR", "passenger_lines": "1", "railway": "rail", "usage": "main", "voltage": "15000", "length_km": 2.369, "maxspeed_kmh": 130.0}}, {"type": "Feature", "geometry": {"type": "LineString", "coordinates": [[10.1663822, 59.1076269], [10.1663773, 59.1074313], [10.1663758, 59.1070411], [10.1663862, 59.1066323], [10.1663804, 59.1063892], [10.1663778, 59.1062798], [10.166379, 59.1050762], [10.1663807, 59.1040864], [10.1663822, 59.1039423], [10.1663849, 59.103676], [10.1663977, 59.1033407], [10.1664189, 59.1031055], [10.1664507, 59.1028323], [10.1664952, 59.1025514], [10.1665355, 59.1023326], [10.1665927, 59.1020713], [10.1666542, 59.1018351], [10.1667411, 59.1015477], [10.1668344, 59.1012693], [10.1669241, 59.1010337], [10.1670458, 59.1007381], [10.1671612, 59.1004898], [10.1673479, 59.1001194], [10.1674929, 59.0998524], [10.1676468, 59.0995784], [10.1687404, 59.0976947], [10.1689451, 59.0973424], [10.1691061, 59.0970631], [10.1692202, 59.0968638], [10.1693721, 59.0965811], [10.1695245, 59.0962472], [10.1696291, 59.0959786], [10.1697172, 59.09572], [10.169786, 59.0954545], [10.1698308, 59.0952281], [10.1698741, 59.0949418], [10.1698921, 59.0947286], [10.1698997, 59.0945183], [10.1698988, 59.0943288], [10.1698898, 59.0941327], [10.1698761, 59.0939848], [10.1698528, 59.0938024], [10.1698117, 59.093582], [10.1697568, 59.0933453], [10.1696924, 59.0931165], [10.1696129, 59.0928869], [10.1695087, 59.0926256], [10.1694559, 59.0925004]]}, "properties": {"electrified": "contact_line", "frequency": "16.67", "gauge": "1435", "maxspeed": "120", "name": "Vestfoldbanen", "operator": "Bane NOR", "passenger_lines": "1", "railway": "rail", "usage": "main", "voltage": "15000", "length_km": 1.712, "maxspeed_kmh": 120.0}}, {"type": "Feature", "geometry": {"type": "LineString", "coordinates": [[10.1694559, 59.0925004], [10.1693729, 59.0923038], [10.1692043, 59.0919108], [10.1690836, 59.0916277], [10.1689835, 59.0913925], [10.1688366, 59.0910476], [10.1686458, 59.0906056], [10.1680865, 59.0893066], [10.1667657, 59.0862118], [10.1650399, 59.0821763], [10.1628979, 59.077176], [10.1613458, 59.0735438], [10.1605846, 59.0717523], [10.1602761, 59.0710418], [10.1600473, 59.0705884], [10.1598243, 59.0701967], [10.1596152, 59.0698581], [10.1593411, 59.069462], [10.1590671, 59.0690965], [10.1588168, 59.0687829], [10.1585406, 59.068465], [10.1582208, 59.0681174], [10.1579438, 59.0678375], [10.157586, 59.0674947], [10.1571538, 59.0670996], [10.1566644, 59.0666488], [10.1547169, 59.0648634], [10.1527699, 59.0630789]]}, "properties": {"electrified": "contact_line", "frequency": "16.67", "gauge": "1435", "maxspeed": "130", "name": "Vestfoldbanen", "operator": "Bane NOR", "passenger_lines": "1", "railway": "rail", "usage": "main", "voltage": "15000", "length_km": 3.439, "maxspeed_kmh": 130.0}}, {"type": "Feature", "geometry": {"type": "LineString", "coordinates": [[10.1459039, 59.0567811], [10.1458323, 59.0567156], [10.145472, 59.0563956], [10.1452183, 59.0561963], [10.1449485, 59.0560069], [10.1446844, 59.0558395], [10.1443905, 59.0556712], [10.1440661, 59.0555075], [10.1437343, 59.0553532], [10.1434359, 59.0552314], [10.1432651, 59.0551666], [10.1430376, 59.055086], [10.1428246, 59.0550137], [10.1426072, 59.0549453], [10.1423163, 59.0548626], [10.1420246, 59.0547876], [10.1417204, 59.0547146], [10.1411223, 59.0545935], [10.1404797, 59.0544751]]}, "properties": {"electrified": "contact_line", "frequency": "16.67", "gauge": "1435", "maxspeed": "100", "name": "Vestfoldbanen", "operator": "Bane NOR", "passenger_lines": "1", "railway": "rail", "usage": "main", "voltage": "15000", "length_km": 0.416, "maxspeed_kmh": 100.0}}, {"type": "Feature", "geometry": {"type": "LineString", "coordinates": [[10.1404797, 59.0544751], [10.138405, 59.054106], [10.1346979, 59.053444], [10.1332869, 59.0531936], [10.1324446, 59.0530358], [10.1316066, 59.052867], [10.130868, 59.0527004], [10.1300905, 59.052515], [10.1293066, 59.0523062], [10.1285831, 59.0521051], [10.1278984, 59.0518963], [10.1272433, 59.0516866]]}, "properties": {"electrified": "contact_line", "frequency": "16.67", "gauge": "1435", "maxspeed": "110", "name": "Vestfoldbanen", "operator": "Bane NOR", "passenger_lines": "1", "railway": "rail", "usage": "main", "voltage": "15000", "length_km": 0.823, "maxspeed_kmh": 110.0}}, {"type": "Feature", "geometry": {"type": "LineString", "coordinates": [[10.0976868, 59.0375175], [10.0975578, 59.0374562], [10.0973403, 59.0373536], [10.0971027, 59.0372552], [10.0968429, 59.0371578], [10.0966375, 59.0370863], [10.096406, 59.0370107], [10.0960576, 59.0369123], [10.0957575, 59.0368356], [10.0954374, 59.0367662], [10.0951353, 59.0367113], [10.0948071, 59.0366564], [10.094499, 59.036616], [10.0941728, 59.0365828], [10.0937428, 59.0365492], [10.0932725, 59.0365297], [10.092824, 59.0365203], [10.0924289, 59.0365185], [10.089578, 59.0364943]]}, "properties": {"electrified": "contact_line", "frequency": "16.67", "gauge": "1435", "maxspeed": "90", "name": "Vestfoldbanen", "operator": "Bane NOR", "passenger_lines": "1", "railway": "rail", "usage": "main", "voltage": "15000", "length_km": 0.495, "maxspeed_kmh": 90.0}}, {"type": "Feature", "geometry": {"type": "LineString", "coordinates": [[10.1224308, 59.0496502], [10.1221647, 59.0495064], [10.1216656, 59.0492251], [10.1211632, 59.0489274], [10.1205046, 59.0485091], [10.1199584, 59.0481351], [10.1192431, 59.0476019], [10.1188816, 59.0473087], [10.1186017, 59.0470757], [10.1179896, 59.0465547], [10.1175578, 59.0461909], [10.1171208, 59.045848], [10.1166899, 59.0455301], [10.1163073, 59.0452597], [10.1157958, 59.04492], [10.1153427, 59.0446362], [10.1148534, 59.044343], [10.1142473, 59.0440043], [10.1136452, 59.0436905], [10.1131176, 59.0434284], [10.1126545, 59.0432119], [10.1120826, 59.042954], [10.1114221, 59.0426764], [10.1107213, 59.0423998], [10.1099625, 59.0421208], [10.109185, 59.0418505], [10.10853, 59.041641], [10.1077438, 59.0414041], [10.1067692, 59.0411389], [10.1059678, 59.0409369], [10.1048119, 59.0406469], [10.1041937, 59.040476], [10.1037728, 59.0403475], [10.103364, 59.0402128], [10.1028948, 59.0400512], [10.1024478, 59.0398782], [10.1021176, 59.0397477], [10.1018356, 59.0396265], [10.1013886, 59.0394235], [10.1009778, 59.0392235], [10.1005247, 59.0389915], [10.100132, 59.0387853], [10.0997998, 59.0386113], [10.0978333, 59.0375872], [10.0976868, 59.0375175]]}, "properties": {"electrified": "contact_line", "frequency": "16.67", "gauge": "1435", "maxspeed": "130", "name": "Vestfoldbanen", "operator": "Bane NOR", "passenger_lines": "1", "railway": "rail", "usage": "main", "voltage": "15000", "length_km": 1.991, "maxspeed_kmh": 130.0}}, {"type": "Feature", "geometry": {"type": "LineString", "coordinates": [[10.089578, 59.0364943], [10.089299, 59.0364919], [10.0884116, 59.0364866], [10.0879834, 59.036491], [10.0875878, 59.0365078], [10.0872972, 59.03653], [10.0870237, 59.0365556], [10.0866953, 59.0366016], [10.0864235, 59.0366459], [10.0861501, 59.0366981], [10.085899, 59.0367565], [10.0856565, 59.0368193], [10.0853693, 59.0369025], [10.0851217, 59.0369865], [10.0848998, 59.0370688], [10.0846539, 59.0371741], [10.0844321, 59.0372794], [10.084193, 59.0374094], [10.0839763, 59.0375413], [10.0837447, 59.0377017], [10.0835286, 59.037879], [10.0833264, 59.0380743], [10.0832357, 59.0381747]]}, "properties": {"electrified": "contact_line", "frequency": "16.67", "gauge": "1435", "maxspeed": "80", "name": "Vestfoldbanen", "operator": "Bane NOR", "passenger_lines": "1", "railway": "rail", "usage": "main", "voltage": "15000", "length_km": 0.441, "maxspeed_kmh": 80.0}}, {"type": "Feature", "geometry": {"type": "LineString", "coordinates": [[10.0832357, 59.0381747], [10.0831384, 59.0382823], [10.0829731, 59.0384785], [10.0824517, 59.0390952], [10.0812695, 59.0404983], [10.0797642, 59.0422767], [10.0775605, 59.0448826], [10.0771317, 59.0453898], [10.076861, 59.0457008], [10.0766694, 59.0458979], [10.0764901, 59.046067], [10.0763126, 59.0462161], [10.0761228, 59.0463653], [10.0758398, 59.046557], [10.0755867, 59.0467115], [10.0753705, 59.0468345], [10.0750277, 59.0470099], [10.0747026, 59.0471572], [10.0744379, 59.0472678], [10.0740793, 59.0474008], [10.0736132, 59.0475599], [10.0731658, 59.0476942], [10.0728054, 59.0477875]]}, "properties": {"electrified": "contact_line", "frequency": "16.67", "gauge": "1435", "maxspeed": "110", "name": "Vestfoldbanen", "operator": "Bane NOR", "passenger_lines": "1", "railway": "rail", "usage": "main", "voltage": "15000", "length_km": 1.251, "maxspeed_kmh": 110.0}}, {"type": "Feature", "geometry": {"type": "LineString", "coordinates": [[10.0728054, 59.0477875], [10.0725059, 59.0478578], [10.0721156, 59.0479345], [10.0717477, 59.0479959], [10.0713189, 59.0480515], [10.0709026, 59.0480905], [10.0705173, 59.048118], [10.0700129, 59.0481444]]}, "properties": {"electrified": "contact_line", "frequency": "16.67", "gauge": "1435", "maxspeed": "100", "name": "Vestfoldbanen", "operator": "Bane NOR", "passenger_lines": "1", "railway": "rail", "usage": "main", "voltage": "15000", "length_km": 0.166, "maxspeed_kmh": 100.0}}, {"type": "Feature", "geometry": {"type": "LineString", "coordinates": [[10.0661595, 59.048308], [10.065308, 59.048343], [10.0641595, 59.0483913], [10.0629433, 59.0484413], [10.0616224, 59.0484992], [10.059974, 59.0485672], [10.0597181, 59.0485778], [10.0590774, 59.0486], [10.0588567, 59.0486076], [10.0582598, 59.0486228], [10.057653, 59.0486281], [10.0570322, 59.0486293], [10.0564035, 59.0486207], [10.0560456, 59.0486136], [10.0555639, 59.0486017], [10.055024, 59.0485805], [10.0543706, 59.0485478], [10.0537301, 59.04851], [10.0533385, 59.0484815], [10.0529124, 59.0484466], [10.0522773, 59.0483896], [10.0516498, 59.0483259], [10.0511749, 59.0482722], [10.0505761, 59.0481963], [10.0501044, 59.0481319], [10.0495097, 59.0480434], [10.0489523, 59.0479548], [10.0484706, 59.0478722], [10.0479386, 59.0477748], [10.0467461, 59.0475394], [10.0464431, 59.0474793], [10.0460284, 59.0473952], [10.0456599, 59.0473234]]}, "properties": {"electrified": "contact_line", "frequency": "16.67", "gauge": "1435", "maxspeed": "110", "name": "Vestfoldbanen", "operator": "Bane NOR", "passenger_lines": "1", "railway": "rail", "usage": "main", "voltage": "15000", "length_km": 1.199, "maxspeed_kmh": 110.0}}, {"type": "Feature", "geometry": {"type": "LineString", "coordinates": [[10.0347742, 59.0495085], [10.0345141, 59.0495692], [10.0342914, 59.0496202], [10.0339626, 59.0496828], [10.0336403, 59.0497369], [10.0332399, 59.0497985], [10.0316665, 59.0500401], [10.030744, 59.050186], [10.0298349, 59.0503259], [10.0296087, 59.0503598], [10.0293481, 59.0503967], [10.0291346, 59.0504227], [10.0288803, 59.0504473], [10.028635, 59.0504666], [10.0282473, 59.0504846], [10.0277495, 59.0505003], [10.0276002, 59.0505032], [10.0272387, 59.0505143], [10.026855, 59.0505261], [10.0266855, 59.0505311]]}, "properties": {"electrified": "contact_line", "frequency": "16.67", "gauge": "1435", "maxspeed": "60", "name": "Vestfoldbanen", "operator": "Bane NOR", "passenger_lines": "3", "railway": "rail", "usage": "main", "voltage": "15000", "length_km": 0.481, "maxspeed_kmh": 60.0}}, {"type": "Feature", "geometry": {"type": "LineString", "coordinates": [[10.0266855, 59.0505311], [10.0266054, 59.0505334], [10.0263674, 59.050544], [10.0261784, 59.0505571], [10.0259566, 59.0505731], [10.025677, 59.0506015], [10.0255311, 59.0506226], [10.0254207, 59.0506386], [10.0251401, 59.0506831], [10.0248597, 59.0507373], [10.0246825, 59.0507757], [10.0244834, 59.0508232], [10.0244287, 59.0508388], [10.0242691, 59.0508842], [10.0240048, 59.0509666], [10.0237017, 59.0510724], [10.023444, 59.0511781], [10.0233715, 59.051211]]}, "properties": {"electrified": "contact_line", "frequency": "16.67", "gauge": "1435", "maxspeed": "60", "name": "Vestfoldbanen", "operator": "Bane NOR", "passenger_lines": "1", "railway": "rail", "usage": "main", "voltage": "15000", "length_km": 0.209, "maxspeed_kmh": 60.0}}, {"type": "Feature", "geometry": {"type": "LineString", "coordinates": [[9.6605418, 59.1377495], [9.660508, 59.1377729], [9.6603619, 59.1378858], [9.6602768, 59.137949], [9.6601759, 59.1380353], [9.6600713, 59.1381264]]}, "properties": {"electrified": "contact_line", "frequency": "16.67", "gauge": "1435", "maxspeed": "60", "name": "Vestfoldbanen", "operator": "Bane NOR", "passenger_lines": "1", "railway": "rail", "usage": "main", "voltage": "15000", "length_km": 0.05, "maxspeed_kmh": 60.0}}, {"type": "Feature", "geometry": {"type": "LineString", "coordinates": [[10.2307873, 59.5523847], [10.2311356, 59.5520352], [10.2315775, 59.5516041]]}, "properties": {"electrified": "contact_line", "frequency": "16.67", "gauge": "1435", "maxspeed": "200", "name": "Vestfoldbanen", "operator": "Bane NOR", "passenger_lines": "2", "railway": "rail", "usage": "main", "voltage": "15000", "length_km": 0.098, "maxspeed_kmh": 200.0}}, {"type": "Feature", "geometry": {"type": "LineString", "coordinates": [[10.2300228, 59.6543938], [10.2298352, 59.6541557], [10.2294572, 59.6536761], [10.229222, 59.6533782], [10.2290456, 59.6531425], [10.2288426, 59.6528714], [10.2286664, 59.652625], [10.2285263, 59.652434], [10.2283889, 59.6522305], [10.2282335, 59.6519922], [10.2280349, 59.651685], [10.2278555, 59.651382], [10.2276599, 59.6510339], [10.2274833, 59.6507029], [10.2273448, 59.6504251], [10.227154, 59.65002], [10.2269866, 59.6496265], [10.2268627, 59.6493135], [10.2266932, 59.6488345], [10.2265287, 59.6482915], [10.2264003, 59.6477984], [10.2263182, 59.6474136], [10.2262484, 59.6470344], [10.2262039, 59.6467085], [10.226156, 59.6463218], [10.2261276, 59.6459622], [10.2261111, 59.6455685], [10.2261065, 59.6450666], [10.2261242, 59.6446515], [10.2261512, 59.6442643], [10.2261913, 59.643894], [10.2262479, 59.6434618], [10.226311, 59.6430512], [10.2267655, 59.6402897], [10.2268197, 59.6399506], [10.2268586, 59.6396797], [10.2268942, 59.6394097], [10.2269207, 59.6391431], [10.2269538, 59.6387824], [10.2269724, 59.6384343], [10.2269814, 59.6381038], [10.2269817, 59.6378256], [10.2269748, 59.6375678], [10.2269582, 59.6372561], [10.226939, 59.6369757], [10.2269084, 59.6366708], [10.2268652, 59.636327], [10.2268119, 59.6360131], [10.2267668, 59.6357803], [10.2266957, 59.635436]]}, "properties": {"electrified": "contact_line", "frequency": "16.67", "gauge": "1435", "maxspeed": "200", "name": "Vestfoldbanen", "operator": "Bane NOR", "passenger_lines": "2", "railway": "rail", "usage": "main", "voltage": "15000", "length_km": 2.147, "maxspeed_kmh": 200.0}}, {"type": "Feature", "geometry": {"type": "LineString", "coordinates": [[10.2308435, 59.6553259], [10.2309805, 59.6555], [10.2315062, 59.6561682], [10.2320599, 59.6568657], [10.2324573, 59.6573996], [10.232944, 59.6580693], [10.2334659, 59.6588417], [10.2340189, 59.6596783], [10.2343614, 59.6601959], [10.2345828, 59.6605348], [10.2347348, 59.6607707], [10.2347586, 59.6608077]]}, "properties": {"electrified": "contact_line", "frequency": "16.67", "gauge": "1435", "maxspeed": "200", "name": "Vestfoldbanen", "operator": "Bane NOR", "passenger_lines": "2", "railway": "rail", "usage": "main", "voltage": "15000", "length_km": 0.65, "maxspeed_kmh": 200.0}}, {"type": "Feature", "geometry": {"type": "LineString", "coordinates": [[10.3586918, 59.4346865], [10.3592412, 59.4343714], [10.3597889, 59.4340708], [10.36072, 59.4335743], [10.3614607, 59.4331842], [10.3621748, 59.4328055], [10.3626634, 59.4325847], [10.3628498, 59.4324939], [10.3629484, 59.4324459], [10.3634459, 59.4322081], [10.3645158, 59.4317218], [10.3651826, 59.4314271], [10.3658709, 59.4311316], [10.3666833, 59.4307995], [10.3674182, 59.4305081], [10.368122, 59.4302389], [10.3688108, 59.4299827], [10.3697124, 59.4296513], [10.3706351, 59.4293307], [10.3724708, 59.4286877], [10.3776789, 59.4268733], [10.3798586, 59.4261165], [10.3805459, 59.4258765], [10.3810431, 59.425696]]}, "properties": {"electrified": "contact_line", "frequency": "16.67", "gauge": "1435", "maxspeed": "130", "name": "Vestfoldbanen", "operator": "Bane NOR", "passenger_lines": "1", "railway": "rail", "usage": "main", "voltage": "15000", "length_km": 1.623, "maxspeed_kmh": 130.0}}, {"type": "Feature", "geometry": {"type": "LineString", "coordinates": [[10.3938764, 59.2828041], [10.3909084, 59.2829489], [10.3877305, 59.2830972], [10.3829736, 59.2833152], [10.3797679, 59.2834633], [10.376276, 59.2836265], [10.3732582, 59.2837649], [10.3717558, 59.2838357], [10.3705735, 59.2838914], [10.3698013, 59.2839254], [10.3696209, 59.2839309]]}, "properties": {"electrified": "contact_line", "frequency": "16.67", "gauge": "1435", "maxspeed": "120", "name": "Vestfoldbanen", "operator": "Bane NOR", "passenger_lines": "1", "railway": "rail", "usage": "main", "voltage": "15000", "length_km": 1.389, "maxspeed_kmh": 120.0}}, {"type": "Feature", "geometry": {"type": "LineString", "coordinates": [[10.4066071, 59.279406], [10.4062993, 59.2795105], [10.4058429, 59.2796424], [10.404371, 59.2800034], [10.4038941, 59.2801175], [10.403433, 59.2802365], [10.4030527, 59.2803498], [10.4027802, 59.2804396], [10.4024221, 59.2805732], [10.4021369, 59.2806897], [10.4018691, 59.280812], [10.4009422, 59.2812531], [10.4005244, 59.2814518]]}, "properties": {"electrified": "contact_line", "frequency": "16.67", "gauge": "1435", "maxspeed": "75", "name": "Vestfoldbanen", "operator": "Bane NOR", "passenger_lines": "1", "railway": "rail", "usage": "main", "voltage": "15000", "length_km": 0.418, "maxspeed_kmh": 75.0}}, {"type": "Feature", "geometry": {"type": "LineString", "coordinates": [[10.4005244, 59.2814518], [10.400285, 59.2815658], [10.3997388, 59.2818215], [10.3994445, 59.2819502], [10.3990945, 59.2820866], [10.3988323, 59.2821773], [10.3986569, 59.2822325]]}, "properties": {"electrified": "contact_line", "frequency": "16.67", "gauge": "1435", "maxspeed": "75", "name": "Vestfoldbanen", "operator": "Bane NOR", "passenger_lines": "1", "railway": "rail", "usage": "main", "voltage": "15000", "length_km": 0.138, "maxspeed_kmh": 75.0}}, {"type": "Feature", "geometry": {"type": "LineString", "coordinates": [[10.4077878, 59.2771219], [10.4076893, 59.2765388]]}, "properties": {"electrified": "contact_line", "frequency": "16.67", "gauge": "1435", "maxspeed": "75", "name": "Vestfoldbanen", "operator": "Bane NOR", "passenger_lines": "2", "railway": "rail", "usage": "main", "voltage": "15000", "length_km": 0.065, "maxspeed_kmh": 75.0}}, {"type": "Feature", "geometry": {"type": "LineString", "coordinates": [[10.4114379, 59.2707075], [10.4112652, 59.2708083], [10.411197, 59.2708466], [10.411119, 59.2708948], [10.4110674, 59.2709258], [10.410934, 59.2710075], [10.4107512, 59.2711293], [10.4105792, 59.2712532], [10.4104047, 59.271378], [10.4101866, 59.2715459], [10.4095644, 59.2719937], [10.409423, 59.2720987], [10.4088046, 59.2725561], [10.4086307, 59.2726898], [10.408459, 59.2728353], [10.4082838, 59.273003], [10.4081441, 59.273153], [10.4080348, 59.2732897], [10.4079129, 59.2734545], [10.4078152, 59.2736077], [10.4077484, 59.2737257], [10.4076776, 59.2738712], [10.4076079, 59.2740383], [10.4075559, 59.2741916], [10.4075211, 59.2743105], [10.4074895, 59.2744655], [10.4074636, 59.2746288], [10.4074556, 59.2748185], [10.4074556, 59.2749451], [10.4074717, 59.2751118], [10.4075007, 59.2753333], [10.4075234, 59.275489], [10.4075485, 59.2756513]]}, "properties": {"electrified": "contact_line", "frequency": "16.67", "gauge": "1435", "maxspeed": "75", "name": "Vestfoldbanen", "operator": "Vy", "passenger_lines": "3", "railway": "rail", "usage": "main", "voltage": "15000", "length_km": 0.616, "maxspeed_kmh": 75.0}}, {"type": "Feature", "geometry": {"type": "LineString", "coordinates": [[9.9840405, 59.0584598], [9.9796148, 59.0589425], [9.9749636, 59.05944], [9.9720346, 59.0597599], [9.9627702, 59.0607695], [9.9582213, 59.061274], [9.956274, 59.0614864], [9.9534146, 59.0618334], [9.951816, 59.062072], [9.948045, 59.0626944], [9.9455344, 59.0631742], [9.9433779, 59.063632]]}, "properties": {"electrified": "contact_line", "frequency": "16.67", "gauge": "1435", "maxspeed": "200", "name": "Vestfoldbanen", "operator": "Bane NOR", "passenger_lines": "2", "railway": "rail", "tunnel": "yes", "usage": "main", "voltage": "15000", "length_km": 2.409, "maxspeed_kmh": 200.0}}, {"type": "Feature", "geometry": {"type": "LineString", "coordinates": [[10.4044298, 59.2882201], [10.4048366, 59.2877567], [10.4052106, 59.2873015], [10.4054328, 59.2870086], [10.4057409, 59.2865878], [10.4062991, 59.2857837], [10.4068239, 59.2849744], [10.406948, 59.2847689]]}, "properties": {"electrified": "contact_line", "frequency": "16.67", "gauge": "1435", "maxspeed": "130", "name": "Vestfoldbanen", "operator": "Bane NOR", "passenger_lines": "2", "railway": "rail", "tunnel": "yes", "usage": "main", "voltage": "15000", "length_km": 0.411, "maxspeed_kmh": 130.0}}, {"type": "Feature", "geometry": {"type": "LineString", "coordinates": [[10.2306112, 59.5525639], [10.2307873, 59.5523847]]}, "properties": {"electrified": "contact_line", "frequency": "16.67", "gauge": "1435", "maxspeed": "200", "name": "Vestfoldbanen", "operator": "Bane NOR", "passenger_lines": "2", "railway": "rail", "usage": "main", "voltage": "15000", "length_km": 0.022, "maxspeed_kmh": 200.0}}, {"type": "Feature", "geometry": {"type": "LineString", "coordinates": [[9.6707134, 59.1318666], [9.6703405, 59.132168], [9.6699583, 59.1324732], [9.6695833, 59.1327622], [9.6693211, 59.1329507], [9.6688934, 59.1332507], [9.6683577, 59.1335961], [9.667786, 59.1339372]]}, "properties": {"electrified": "contact_line", "frequency": "16.67", "gauge": "1435", "maxspeed": "130", "name": "Vestfoldbanen", "operator": "Bane NOR", "passenger_lines": "1", "railway": "rail", "usage": "main", "voltage": "15000", "length_km": 0.286, "maxspeed_kmh": 130.0}}, {"type": "Feature", "geometry": {"type": "LineString", "coordinates": [[10.232885, 59.5505082], [10.2331247, 59.5502989], [10.233519, 59.5499716], [10.2339239, 59.5496411], [10.2343264, 59.5493239], [10.2348294, 59.5489322], [10.2351656, 59.5486774], [10.2357289, 59.5482529]]}, "properties": {"electrified": "contact_line", "frequency": "16.67", "gauge": "1435", "maxspeed": "200", "name": "Vestfoldbanen", "operator": "Bane NOR", "passenger_lines": "2", "railway": "rail", "usage": "main", "voltage": "15000", "length_km": 0.299, "maxspeed_kmh": 200.0}}, {"type": "Feature", "geometry": {"type": "LineString", "coordinates": [[10.2296292, 59.5536967], [10.2287044, 59.5547022], [10.2279054, 59.5555264], [10.2273691, 59.5560588], [10.2268352, 59.556561], [10.2260868, 59.5572415], [10.2257284, 59.5575497], [10.2239942, 59.5590311], [10.2223285, 59.5604551], [10.2218479, 59.5608777], [10.2214314, 59.5612543], [10.2210137, 59.5616383], [10.2205818, 59.5620482], [10.2202376, 59.5623836], [10.2198744, 59.5627413], [10.2194703, 59.5631514], [10.2191004, 59.5635357], [10.2187265, 59.5639332], [10.2184561, 59.5642279], [10.2182111, 59.5644986], [10.2179738, 59.5647686], [10.217742, 59.5650358], [10.2174274, 59.5654035], [10.2171665, 59.5657142], [10.2169246, 59.5660105], [10.2166072, 59.5664088], [10.2163018, 59.5668045], [10.215948, 59.567274], [10.2157033, 59.5676071], [10.2154503, 59.5679633], [10.2152371, 59.5682733], [10.2151025, 59.5684678], [10.2149609, 59.5686767], [10.2147827, 59.568947], [10.2146015, 59.5692301], [10.2144353, 59.5694945], [10.212774, 59.5721987]]}, "properties": {"electrified": "contact_line", "frequency": "16.67", "gauge": "1435", "maxspeed": "200", "name": "Vestfoldbanen", "operator": "Bane NOR", "passenger_lines": "2", "railway": "rail", "usage": "main", "voltage": "15000", "length_km": 2.28, "maxspeed_kmh": 200.0}}, {"type": "Feature", "geometry": {"type": "LineString", "coordinates": [[10.3073533, 59.4935769], [10.3121597, 59.4885967], [10.313737, 59.4869426]]}, "properties": {"electrified": "contact_line", "frequency": "16.67", "gauge": "1435", "maxspeed": "200", "name": "Vestfoldbanen", "operator": "Bane NOR", "passenger_lines": "4", "railway": "rail", "tunnel": "yes", "usage": "main", "voltage": "15000", "length_km": 0.823, "maxspeed_kmh": 200.0}}, {"type": "Feature", "geometry": {"type": "LineString", "coordinates": [[10.3138335, 59.4869644], [10.3074821, 59.4936042]]}, "properties": {"electrified": "contact_line", "frequency": "16.67", "gauge": "1435", "maxspeed": "200", "name": "Vestfoldbanen", "operator": "Bane NOR", "passenger_lines": "4", "railway": "rail", "tunnel": "yes", "usage": "main", "voltage": "15000", "length_km": 0.823, "maxspeed_kmh": 200.0}}, {"type": "Feature", "geometry": {"type": "LineString", "coordinates": [[10.3074821, 59.4936042], [10.3057665, 59.4953513], [10.3046453, 59.4964269], [10.3037763, 59.4972438], [10.3020221, 59.4987277], [10.3003699, 59.5000183], [10.2979988, 59.5018805], [10.294586, 59.5046312], [10.2915712, 59.5070104], [10.2851707, 59.5120697], [10.2830887, 59.5137153], [10.2824471, 59.5142241], [10.2808453, 59.5154944], [10.2778704, 59.5178534], [10.27149, 59.5223115], [10.2630672, 59.5271012], [10.2617705, 59.5278677], [10.2607377, 59.5284385], [10.2588787, 59.5294608]]}, "properties": {"electrified": "contact_line", "frequency": "16.67", "gauge": "1435", "maxspeed": "200", "name": "Vestfoldbanen", "operator": "Bane NOR", "passenger_lines": "2", "railway": "rail", "tunnel": "yes", "usage": "main", "voltage": "15000", "length_km": 4.867, "maxspeed_kmh": 200.0}}, {"type": "Feature", "geometry": {"type": "LineString", "coordinates": [[10.313737, 59.4869426], [10.3175709, 59.4829552], [10.321267, 59.4791304], [10.3293984, 59.4706485], [10.3333139, 59.4664825], [10.3367181, 59.4629928], [10.3388999, 59.460758], [10.3420717, 59.4571707], [10.3423286, 59.4568409], [10.3425873, 59.4565006], [10.3428611, 59.4561335], [10.3432191, 59.4556417], [10.3434309, 59.4553431], [10.3436572, 59.4550171], [10.3438781, 59.4546937], [10.3441721, 59.4542518], [10.3443394, 59.4539953], [10.344557, 59.4536543], [10.3448517, 59.4531782], [10.3450337, 59.4528783], [10.3452205, 59.4525601], [10.3455131, 59.4520534], [10.3458137, 59.4515079], [10.3460393, 59.4510832], [10.3462269, 59.4507223], [10.3464036, 59.4503742], [10.3471646, 59.4488363], [10.347594, 59.4479654], [10.3480227, 59.4470967], [10.3486618, 59.4457953]]}, "properties": {"electrified": "contact_line", "frequency": "16.67", "gauge": "1435", "maxspeed": "200", "name": "Vestfoldbanen", "operator": "Bane NOR", "passenger_lines": "2", "railway": "rail", "tunnel": "yes", "usage": "main", "voltage": "15000", "length_km": 5.01, "maxspeed_kmh": 200.0}}, {"type": "Feature", "geometry": {"type": "LineString", "coordinates": [[10.3525479, 59.4397182], [10.3522966, 59.4399964]]}, "properties": {"electrified": "contact_line", "frequency": "16.67", "gauge": "1435", "maxspeed": "200", "name": "Vestfoldbanen", "operator": "Bane NOR", "passenger_lines": "2", "railway": "rail", "usage": "main", "voltage": "15000", "length_km": 0.034, "maxspeed_kmh": 200.0}}, {"type": "Feature", "geometry": {"type": "LineString", "coordinates": [[10.3541193, 59.4381174], [10.3538083, 59.4384115], [10.353528, 59.4386884], [10.3532317, 59.4389895], [10.3530455, 59.4391847], [10.3528952, 59.4393441], [10.3527016, 59.4395522], [10.3525479, 59.4397182]]}, "properties": {"electrified": "contact_line", "frequency": "16.67", "gauge": "1435", "maxspeed": "100", "name": "Vestfoldbanen", "operator": "Bane NOR", "passenger_lines": "2", "railway": "rail", "usage": "main", "voltage": "15000", "length_km": 0.2, "maxspeed_kmh": 100.0}}, {"type": "Feature", "geometry": {"type": "LineString", "coordinates": [[10.3524764, 59.4396979], [10.3526314, 59.439532], [10.3528212, 59.4393249], [10.3529796, 59.4391607], [10.3531323, 59.4390061], [10.3532839, 59.438863], [10.3534774, 59.4386844], [10.3536303, 59.4385504], [10.3539147, 59.4382986], [10.3541193, 59.4381174]]}, "properties": {"electrified": "contact_line", "frequency": "16.67", "gauge": "1435", "maxspeed": "110", "name": "Vestfoldbanen", "operator": "Bane NOR", "passenger_lines": "2", "railway": "rail", "usage": "main", "voltage": "15000", "length_km": 0.199, "maxspeed_kmh": 110.0}}, {"type": "Feature", "geometry": {"type": "LineString", "coordinates": [[10.3542926, 59.4379619], [10.3545645, 59.4377206], [10.3547989, 59.4375165], [10.3550399, 59.4372878], [10.3554926, 59.4369178], [10.3559978, 59.4365168], [10.3564314, 59.436181], [10.3569448, 59.4358046], [10.3574585, 59.4354467], [10.3580533, 59.4350611], [10.3586918, 59.4346865]]}, "properties": {"electrified": "contact_line", "frequency": "16.67", "gauge": "1435", "maxspeed": "130", "name": "Vestfoldbanen", "operator": "Bane NOR", "passenger_lines": "1", "railway": "rail", "usage": "main", "voltage": "15000", "length_km": 0.443, "maxspeed_kmh": 130.0}}, {"type": "Feature", "geometry": {"type": "LineString", "coordinates": [[10.3541193, 59.4381174], [10.3542926, 59.4379619]]}, "properties": {"electrified": "contact_line", "frequency": "16.67", "gauge": "1435", "maxspeed": "110", "name": "Vestfoldbanen", "operator": "Bane NOR", "railway": "rail", "usage": "main", "voltage": "15000", "length_km": 0.02, "maxspeed_kmh": 110.0}}, {"type": "Feature", "geometry": {"type": "LineString", "coordinates": [[9.9906816, 59.0577289], [9.9894585, 59.0578586], [9.9881228, 59.0579992]]}, "properties": {"electrified": "contact_line", "frequency": "16.67", "gauge": "1435", "maxspeed": "100", "name": "Vestfoldbanen", "operator": "Bane NOR", "passenger_lines": "1", "railway": "rail", "tunnel": "yes", "usage": "main", "voltage": "15000", "length_km": 0.15, "maxspeed_kmh": 100.0}}, {"type": "Feature", "geometry": {"type": "LineString", "coordinates": [[10.0356987, 59.0492222], [10.0354617, 59.0493087], [10.0351964, 59.0493952], [10.0349486, 59.0494643], [10.0347742, 59.0495085]]}, "properties": {"electrified": "contact_line", "frequency": "16.67", "gauge": "1435", "maxspeed": "60", "name": "Vestfoldbanen", "operator": "Bane NOR", "passenger_lines": "1", "railway": "rail", "usage": "main", "voltage": "15000", "length_km": 0.062, "maxspeed_kmh": 60.0}}, {"type": "Feature", "geometry": {"type": "LineString", "coordinates": [[10.1527699, 59.0630789], [10.1514668, 59.0618824], [10.1509676, 59.0614233], [10.1491282, 59.0597357], [10.1490899, 59.0597006], [10.1477918, 59.0585097], [10.1471693, 59.0579404]]}, "properties": {"electrified": "contact_line", "frequency": "16.67", "gauge": "1435", "maxspeed": "130", "name": "Vestfoldbanen", "operator": "Bane NOR", "passenger_lines": "2", "railway": "rail", "usage": "main", "voltage": "15000", "length_km": 0.657, "maxspeed_kmh": 130.0}}, {"type": "Feature", "geometry": {"type": "LineString", "coordinates": [[10.1471693, 59.0579404], [10.1459039, 59.0567811]]}, "properties": {"electrified": "contact_line", "frequency": "16.67", "gauge": "1435", "maxspeed": "130", "name": "Vestfoldbanen", "operator": "Bane NOR", "passenger_lines": "1", "railway": "rail", "usage": "main", "voltage": "15000", "length_km": 0.148, "maxspeed_kmh": 130.0}}, {"type": "Feature", "geometry": {"type": "LineString", "coordinates": [[10.4076659, 59.2759183], [10.4076603, 59.276035], [10.4076546, 59.2761332], [10.4076554, 59.2762027], [10.4076567, 59.2763073]]}, "properties": {"electrified": "contact_line", "frequency": "16.67", "gauge": "1435", "maxspeed": "40", "name": "Vestfoldbanen", "operator": "Bane NOR", "passenger_lines": "3", "railway": "rail", "service": "siding", "voltage": "15000", "length_km": 0.043, "maxspeed_kmh": 40.0}}, {"type": "Feature", "geometry": {"type": "LineString", "coordinates": [[10.2048579, 59.5852558], [10.2043739, 59.5860691], [10.2037967, 59.5870562], [10.2035946, 59.5874099]]}, "properties": {"electrified": "contact_line", "frequency": "16.67", "gauge": "1435", "maxspeed": "200", "name": "Vestfoldbanen", "operator": "Bane NOR", "passenger_lines": "2", "railway": "rail", "usage": "main", "voltage": "15000", "length_km": 0.25, "maxspeed_kmh": 200.0}}, {"type": "Feature", "geometry": {"type": "LineString", "coordinates": [[10.2033935, 59.5873824], [10.2036053, 59.5870205], [10.2041966, 59.586044], [10.2046917, 59.5852299]]}, "properties": {"electrified": "contact_line", "frequency": "16.67", "gauge": "1435", "maxspeed": "200", "name": "Vestfoldbanen", "operator": "Bane NOR", "passenger_lines": "2", "railway": "rail", "usage": "main", "voltage": "15000", "length_km": 0.251, "maxspeed_kmh": 200.0}}, {"type": "Feature", "geometry": {"type": "LineString", "coordinates": [[10.2046917, 59.5852299], [10.2049204, 59.5848557], [10.2052232, 59.5843496], [10.2056103, 59.5837242], [10.2059024, 59.5832446], [10.2062782, 59.5826285], [10.2066812, 59.5819751], [10.2070523, 59.5813752], [10.2073378, 59.5809103], [10.2076485, 59.5804056], [10.2080049, 59.5798208], [10.2086395, 59.5787829], [10.2123135, 59.5728118]]}, "properties": {"electrified": "contact_line", "frequency": "16.67", "gauge": "1435", "maxspeed": "200", "name": "Vestfoldbanen", "operator": "Bane NOR", "passenger_lines": "2", "railway": "rail", "usage": "main", "voltage": "15000", "length_km": 1.45, "maxspeed_kmh": 200.0}}, {"type": "Feature", "geometry": {"type": "LineString", "coordinates": [[10.212392, 59.5728244], [10.2087203, 59.5787966], [10.2080876, 59.5798315], [10.2077209, 59.5804222], [10.2074199, 59.5809209], [10.2071422, 59.5813898], [10.2067905, 59.5819821], [10.2063942, 59.5826473], [10.2060331, 59.5832617], [10.2057525, 59.5837385], [10.2053749, 59.5843727], [10.2050798, 59.5848818], [10.2048579, 59.5852558]]}, "properties": {"electrified": "contact_line", "frequency": "16.67", "gauge": "1435", "maxspeed": "200", "name": "Vestfoldbanen", "operator": "Bane NOR", "passenger_lines": "2", "railway": "rail", "usage": "main", "voltage": "15000", "length_km": 1.45, "maxspeed_kmh": 200.0}}, {"type": "Feature", "geometry": {"type": "LineString", "coordinates": [[10.3350701, 59.2830703], [10.3348502, 59.2829027], [10.3347232, 59.2827974], [10.3346056, 59.2826897], [10.3344891, 59.2825731], [10.3343844, 59.2824628], [10.3342115, 59.2822646], [10.3332807, 59.2810485], [10.3328317, 59.2804533], [10.3326344, 59.2802005], [10.3323561, 59.2798325]]}, "properties": {"electrified": "contact_line", "frequency": "16.67", "gauge": "1435", "maxspeed": "90", "name": "Vestfoldbanen", "operator": "Bane NOR", "passenger_lines": "1", "railway": "rail", "usage": "main", "voltage": "15000", "length_km": 0.393, "maxspeed_kmh": 90.0}}, {"type": "Feature", "geometry": {"type": "LineString", "coordinates": [[10.3323561, 59.2798325], [10.3320701, 59.2794571]]}, "properties": {"electrified": "contact_line", "frequency": "16.67", "gauge": "1435", "maxspeed": "90", "name": "Vestfoldbanen", "operator": "Bane NOR", "passenger_lines": "1", "railway": "rail", "usage": "main", "voltage": "15000", "length_km": 0.045, "maxspeed_kmh": 90.0}}, {"type": "Feature", "geometry": {"type": "LineString", "coordinates": [[10.1957443, 59.741752], [10.1930505, 59.7419219], [10.1927094, 59.7419413], [10.1924345, 59.7419535], [10.1922072, 59.7419585], [10.192, 59.7419582], [10.1917827, 59.7419553], [10.1915447, 59.741945], [10.1913195, 59.7419323], [10.191084, 59.7419136], [10.1908193, 59.7418858]]}, "properties": {"electrified": "contact_line", "frequency": "16.67", "gauge": "1435", "maxspeed": "80", "name": "Vestfoldbanen", "operator": "Bane NOR", "railway": "rail", "usage": "main", "voltage": "15000", "length_km": 0.279, "maxspeed_kmh": 80.0}}, {"type": "Feature", "geometry": {"type": "LineString", "coordinates": [[10.2436856, 59.6873286], [10.242911, 59.6883874], [10.2426766, 59.6887081], [10.2425119, 59.6889339], [10.2423379, 59.6891676], [10.2421768, 59.6893779], [10.2420632, 59.6895247], [10.2419075, 59.6897189], [10.2416747, 59.6899936]]}, "properties": {"electrified": "contact_line", "frequency": "16.67", "gauge": "1435", "maxspeed": "160", "name": "Vestfoldbanen", "operator": "Bane NOR", "railway": "rail", "usage": "main", "voltage": "15000", "length_km": 0.318, "maxspeed_kmh": 160.0}}, {"type": "Feature", "geometry": {"type": "LineString", "coordinates": [[10.2415985, 59.6899805], [10.2418283, 59.6897029], [10.2419836, 59.6895095], [10.242097, 59.6893632], [10.2422598, 59.6891525], [10.2424311, 59.6889187], [10.2425935, 59.6886926], [10.2428243, 59.688368], [10.2435753, 59.6873111]]}, "properties": {"electrified": "contact_line", "frequency": "16.67", "gauge": "1435", "maxspeed": "180", "name": "Vestfoldbanen", "operator": "Bane NOR", "railway": "rail", "usage": "main", "voltage": "15000", "length_km": 0.318, "maxspeed_kmh": 180.0}}, {"type": "Feature", "geometry": {"type": "LineString", "coordinates": [[10.1908436, 59.7418471], [10.1911148, 59.7418757], [10.191333, 59.7418932], [10.1915608, 59.7419055], [10.191793, 59.7419128], [10.1919959, 59.741919], [10.1921964, 59.7419173], [10.1924372, 59.7419136], [10.1927041, 59.7419001], [10.193032, 59.741883], [10.1958047, 59.7417065]]}, "properties": {"electrified": "contact_line", "frequency": "16.67", "gauge": "1435", "maxspeed": "80", "name": "Vestfoldbanen", "operator": "Bane NOR", "railway": "rail", "usage": "main", "voltage": "15000", "length_km": 0.281, "maxspeed_kmh": 80.0}}, {"type": "Feature", "geometry": {"type": "LineString", "coordinates": [[10.1878369, 59.7331479], [10.1880355, 59.732878], [10.1882056, 59.7326651], [10.1884007, 59.73244], [10.1886791, 59.7321435], [10.1890356, 59.7318], [10.1894202, 59.7314698], [10.1898138, 59.7311466], [10.1903521, 59.730723], [10.1952503, 59.7268721], [10.2186756, 59.7084492], [10.2383696, 59.6929593], [10.2388004, 59.692619], [10.2392021, 59.6922974], [10.2396217, 59.6919448], [10.2399182, 59.6916858], [10.2401626, 59.691464], [10.2403689, 59.6912691], [10.240632, 59.6910136], [10.2409991, 59.6906413], [10.2412274, 59.6903952], [10.2414482, 59.6901516], [10.2415985, 59.6899805]]}, "properties": {"electrified": "contact_line", "frequency": "16.67", "gauge": "1435", "maxspeed": "180", "name": "Vestfoldbanen", "operator": "Bane NOR", "railway": "rail", "tunnel": "yes", "usage": "main", "voltage": "15000", "length_km": 5.688, "maxspeed_kmh": 180.0}}, {"type": "Feature", "geometry": {"type": "LineString", "coordinates": [[10.2392733, 59.6923196], [10.2388709, 59.6926417], [10.23844, 59.6929821], [10.2187476, 59.7084741], [10.1953245, 59.7268981], [10.1904256, 59.7307502], [10.1898802, 59.7311697], [10.1894874, 59.7314893], [10.1891138, 59.7318215], [10.1887589, 59.7321636], [10.1884818, 59.7324586], [10.1882878, 59.7326825], [10.1881186, 59.7328943], [10.1879183, 59.7331642]]}, "properties": {"electrified": "contact_line", "frequency": "16.67", "gauge": "1435", "maxspeed": "180", "name": "Vestfoldbanen", "operator": "Bane NOR", "railway": "rail", "tunnel": "yes", "usage": "main", "voltage": "15000", "length_km": 5.395, "maxspeed_kmh": 180.0}}, {"type": "Feature", "geometry": {"type": "LineString", "coordinates": [[9.667786, 59.1339372], [9.6672472, 59.1342397], [9.6667712, 59.134496], [9.6657103, 59.1350302]]}, "properties": {"electrified": "contact_line", "frequency": "16.67", "gauge": "1435", "maxspeed": "130", "name": "Vestfoldbanen", "operator": "Bane NOR", "passenger_lines": "1", "railway": "rail", "usage": "main", "voltage": "15000", "length_km": 0.17, "maxspeed_kmh": 130.0}}, {"type": "Feature", "geometry": {"type": "LineString", "coordinates": [[10.0157604, 59.0532195], [10.0153015, 59.0532519], [10.0149527, 59.0532893], [10.0146953, 59.0533267], [10.0144648, 59.0533655], [10.0142496, 59.0534123], [10.0139598, 59.0534795], [10.0136766, 59.0535623], [10.0134149, 59.0536495], [10.0131507, 59.0537488], [10.0129324, 59.0538447], [10.0127004, 59.0539589], [10.0125223, 59.0540591], [10.0123143, 59.0541909], [10.0121517, 59.0543092], [10.0120065, 59.054423], [10.0118681, 59.0545368], [10.0117021, 59.0546791], [10.0114427, 59.0549006], [10.0112859, 59.0550254], [10.0111551, 59.055122], [10.0109974, 59.0552277], [10.010689, 59.0554105], [10.0104508, 59.0555396], [10.010108, 59.0557098], [10.0096489, 59.0559311]]}, "properties": {"electrified": "contact_line", "frequency": "16.67", "gauge": "1435", "maxspeed": "75", "name": "Vestfoldbanen", "operator": "Bane NOR", "passenger_lines": "1", "railway": "rail", "usage": "main", "voltage": "15000", "length_km": 0.481, "maxspeed_kmh": 75.0}}, {"type": "Feature", "geometry": {"type": "LineString", "coordinates": [[9.6733646, 59.1297211], [9.6719664, 59.1308538]]}, "properties": {"electrified": "contact_line", "frequency": "16.67", "gauge": "1435", "maxspeed": "160", "name": "Vestfoldbanen", "operator": "Bane NOR", "passenger_lines": "1", "railway": "rail", "usage": "main", "voltage": "15000", "length_km": 0.15, "maxspeed_kmh": 160.0}}, {"type": "Feature", "geometry": {"type": "LineString", "coordinates": [[10.349785, 59.4437226], [10.3496657, 59.4439552], [10.3494792, 59.4443217], [10.3490469, 59.4451891], [10.3487406, 59.4458093]]}, "properties": {"electrified": "contact_line", "frequency": "16.67", "gauge": "1435", "maxspeed": "200", "name": "Vestfoldbanen", "operator": "Bane NOR", "passenger_lines": "2", "railway": "rail", "usage": "main", "voltage": "15000", "length_km": 0.24, "maxspeed_kmh": 200.0}}, {"type": "Feature", "geometry": {"type": "LineString", "coordinates": [[10.3500655, 59.4430463], [10.3502503, 59.442729], [10.3504528, 59.4423918], [10.3506342, 59.4421082], [10.3508109, 59.4418347], [10.3510228, 59.4415263], [10.3512525, 59.4412048]]}, "properties": {"electrified": "contact_line", "frequency": "16.67", "gauge": "1435", "maxspeed": "200", "name": "Vestfoldbanen", "operator": "Bane NOR", "passenger_lines": "2", "railway": "rail", "usage": "main", "voltage": "15000", "length_km": 0.216, "maxspeed_kmh": 200.0}}, {"type": "Feature", "geometry": {"type": "LineString", "coordinates": [[9.943347, 59.063592], [9.9453198, 59.0631742], [9.9482059, 59.0626171], [9.9518859, 59.0620214], [9.9533987, 59.0617953], [9.9563169, 59.0614368], [9.9581891, 59.0612327], [9.9626576, 59.0607307], [9.972099, 59.0597102], [9.9748885, 59.0594013], [9.9796256, 59.0588818], [9.9837893, 59.0584324], [9.9840243, 59.0584088]]}, "properties": {"electrified": "contact_line", "frequency": "16.67", "gauge": "1435", "maxspeed": "200", "name": "Vestfoldbanen", "operator": "Bane NOR", "passenger_lines": "2", "railway": "rail", "tunnel": "yes", "usage": "main", "voltage": "15000", "length_km": 2.41, "maxspeed_kmh": 200.0}}, {"type": "Feature", "geometry": {"type": "LineString", "coordinates": [[9.6719664, 59.1308538], [9.6722737, 59.1305748], [9.6724789, 59.1303918], [9.6726626, 59.1302239], [9.6729188, 59.1300085], [9.6732661, 59.1297304]]}, "properties": {"electrified": "contact_line", "frequency": "16.67", "gauge": "1435", "maxspeed": "60", "name": "Vestfoldbanen", "operator": "Bane NOR", "passenger_lines": "2", "railway": "rail", "usage": "main", "voltage": "15000", "length_km": 0.146, "maxspeed_kmh": 60.0}}, {"type": "Feature", "geometry": {"type": "LineString", "coordinates": [[10.0233715, 59.051211], [10.0232785, 59.0512509], [10.0231021, 59.0513308]]}, "properties": {"electrified": "contact_line", "frequency": "16.67", "gauge": "1435", "maxspeed": "75", "name": "Vestfoldbanen", "operator": "Bane NOR", "passenger_lines": "1", "railway": "rail", "usage": "main", "voltage": "15000", "length_km": 0.02, "maxspeed_kmh": 75.0}}, {"type": "Feature", "geometry": {"type": "LineString", "coordinates": [[9.9881228, 59.0579992], [9.9840405, 59.0584598]]}, "properties": {"electrified": "contact_line", "frequency": "16.67", "gauge": "1435", "maxspeed": "100", "name": "Vestfoldbanen", "operator": "Bane NOR", "passenger_lines": "2", "railway": "rail", "tunnel": "yes", "usage": "main", "voltage": "15000", "length_km": 0.24, "maxspeed_kmh": 100.0}}, {"type": "Feature", "geometry": {"type": "LineString", "coordinates": [[9.9840243, 59.0584088], [9.9881228, 59.0579992]]}, "properties": {"electrified": "contact_line", "frequency": "16.67", "gauge": "1435", "maxspeed": "100", "name": "Vestfoldbanen", "operator": "Bane NOR", "passenger_lines": "2", "railway": "rail", "tunnel": "yes", "usage": "main", "voltage": "15000", "length_km": 0.24, "maxspeed_kmh": 100.0}}, {"type": "Feature", "geometry": {"type": "LineString", "coordinates": [[9.6777422, 59.1263917], [9.6784455, 59.1259346], [9.6793205, 59.1253703], [9.6800619, 59.1248902]]}, "properties": {"electrified": "contact_line", "frequency": "16.67", "gauge": "1435", "maxspeed": "200", "name": "Vestfoldbanen", "operator": "Bane NOR", "passenger_lines": "2", "railway": "rail", "usage": "main", "voltage": "15000", "length_km": 0.214, "maxspeed_kmh": 200.0}}, {"type": "Feature", "geometry": {"type": "LineString", "coordinates": [[9.680134, 59.1249204], [9.6793742, 59.1254113], [9.6785132, 59.1259615], [9.6778075, 59.12642]]}, "properties": {"electrified": "contact_line", "frequency": "16.67", "gauge": "1435", "maxspeed": "200", "name": "Vestfoldbanen", "operator": "Bane NOR", "passenger_lines": "2", "railway": "rail", "usage": "main", "voltage": "15000", "length_km": 0.214, "maxspeed_kmh": 200.0}}, {"type": "Feature", "geometry": {"type": "LineString", "coordinates": [[9.6719664, 59.1308538], [9.6707134, 59.1318666]]}, "properties": {"electrified": "contact_line", "frequency": "16.67", "gauge": "1435", "maxspeed": "160", "name": "Vestfoldbanen", "operator": "Bane NOR", "passenger_lines": "1", "railway": "rail", "usage": "main", "voltage": "15000", "length_km": 0.134, "maxspeed_kmh": 160.0}}, {"type": "Feature", "geometry": {"type": "LineString", "coordinates": [[9.6936885, 59.1193046], [9.6927097, 59.1195434], [9.6916743, 59.1198373], [9.6892979, 59.1205621], [9.6878763, 59.1210687], [9.6856233, 59.1219827], [9.6849044, 59.1222856], [9.6819004, 59.1238491], [9.680134, 59.1249204]]}, "properties": {"electrified": "contact_line", "frequency": "16.67", "gauge": "1435", "maxspeed": "200", "name": "Vestfoldbanen", "operator": "Bane NOR", "passenger_lines": "2", "railway": "rail", "tunnel": "yes", "usage": "main", "voltage": "15000", "length_km": 1.007, "maxspeed_kmh": 200.0}}, {"type": "Feature", "geometry": {"type": "LineString", "coordinates": [[9.6800619, 59.1248902], [9.6818145, 59.1238273], [9.6848508, 59.122258], [9.6856018, 59.1219414], [9.6878012, 59.1210384], [9.6889117, 59.1206309], [9.6916582, 59.119794], [9.6926614, 59.1195049], [9.6936616, 59.1192661]]}, "properties": {"electrified": "contact_line", "frequency": "16.67", "gauge": "1435", "maxspeed": "200", "name": "Vestfoldbanen", "operator": "Bane NOR", "passenger_lines": "2", "railway": "rail", "tunnel": "yes", "usage": "main", "voltage": "15000", "length_km": 1.009, "maxspeed_kmh": 200.0}}, {"type": "Feature", "geometry": {"type": "LineString", "coordinates": [[10.4035086, 59.2893739], [10.4030843, 59.2898417], [10.4025631, 59.2903969], [10.401428, 59.2915381], [10.40048, 59.2924306], [10.3994203, 59.2933695]]}, "properties": {"electrified": "contact_line", "frequency": "16.67", "gauge": "1435", "maxspeed": "130", "name": "Vestfoldbanen", "operator": "Bane NOR", "passenger_lines": "2", "railway": "rail", "tunnel": "yes", "usage": "main", "voltage": "15000", "length_km": 0.503, "maxspeed_kmh": 130.0}}, {"type": "Feature", "geometry": {"type": "LineString", "coordinates": [[10.3912056, 59.3226197], [10.3913373, 59.3227501], [10.392486, 59.3238868], [10.3933091, 59.3247001]]}, "properties": {"electrified": "contact_line", "frequency": "16.67", "gauge": "1435", "maxspeed": "130", "name": "Vestfoldbanen", "operator": "Bane NOR", "passenger_lines": "2", "railway": "rail", "usage": "main", "voltage": "15000", "length_km": 0.261, "maxspeed_kmh": 130.0}}, {"type": "Feature", "geometry": {"type": "LineString", "coordinates": [[10.2358567, 59.6624678], [10.2370985, 59.6643551], [10.2380211, 59.6657536], [10.2388011, 59.6669359], [10.2401424, 59.6689773], [10.2420021, 59.671789], [10.2423267, 59.6722824], [10.2425979, 59.6726933], [10.2428421, 59.6730653], [10.2431384, 59.6735125], [10.2442245, 59.675146], [10.2450381, 59.6764031], [10.2453028, 59.6767932], [10.2455244, 59.6771317]]}, "properties": {"electrified": "contact_line", "frequency": "16.67", "gauge": "1435", "name": "Vestfoldbanen", "operator": "Bane NOR", "passenger_lines": "2", "railway": "rail", "usage": "main", "voltage": "15000", "length_km": 1.723}}, {"type": "Feature", "geometry": {"type": "LineString", "coordinates": [[10.2454491, 59.6771439], [10.2452244, 59.6768061], [10.2449628, 59.6764175], [10.2441444, 59.675159], [10.243057, 59.6735199], [10.2427654, 59.6730755], [10.2422433, 59.6722927], [10.2419205, 59.6718009], [10.2411034, 59.6705542], [10.2400608, 59.668979], [10.2387282, 59.6669495], [10.2379461, 59.6657666], [10.2370199, 59.6643656], [10.23578, 59.6624811]]}, "properties": {"electrified": "contact_line", "frequency": "16.67", "gauge": "1435", "name": "Vestfoldbanen", "operator": "Bane NOR", "passenger_lines": "2", "railway": "rail", "usage": "main", "voltage": "15000", "length_km": 1.723}}, {"type": "Feature", "geometry": {"type": "LineString", "coordinates": [[9.9019077, 59.0702776], [9.90074, 59.0704096]]}, "properties": {"bridge": "yes", "electrified": "contact_line", "frequency": "16.67", "gauge": "1435", "maxspeed": "200", "name": "Vestfoldbanen", "operator": "Bane NOR", "passenger_lines": "2", "railway": "rail", "usage": "main", "voltage": "15000", "length_km": 0.069, "maxspeed_kmh": 200.0}}, {"type": "Feature", "geometry": {"type": "LineString", "coordinates": [[9.9127734, 59.0689907], [9.9132286, 59.0689397]]}, "properties": {"bridge": "yes", "electrified": "contact_line", "frequency": "16.67", "gauge": "1435", "maxspeed": "200", "name": "Vestfoldbanen", "operator": "Bane NOR", "passenger_lines": "2", "railway": "rail", "usage": "main", "voltage": "15000", "length_km": 0.027, "maxspeed_kmh": 200.0}}, {"type": "Feature", "geometry": {"type": "LineString", "coordinates": [[10.3951437, 59.4174139], [10.3955652, 59.4171732], [10.3960173, 59.4169292], [10.3962475, 59.4167895], [10.3965822, 59.4166181], [10.397065, 59.4163878], [10.4010494, 59.4144881], [10.4024735, 59.4138128], [10.4028092, 59.4136537]]}, "properties": {"electrified": "contact_line", "frequency": "16.67", "gauge": "1435", "maxspeed": "130", "name": "Vestfoldbanen", "operator": "Bane NOR", "passenger_lines": "1", "railway": "rail", "usage": "main", "voltage": "15000", "length_km": 0.605, "maxspeed_kmh": 130.0}}, {"type": "Feature", "geometry": {"type": "LineString", "coordinates": [[10.395053, 59.4174648], [10.3951437, 59.4174139]]}, "properties": {"bridge": "yes", "electrified": "contact_line", "frequency": "16.67", "gauge": "1435", "maxspeed": "130", "name": "Vestfoldbanen", "operator": "Bane NOR", "passenger_lines": "1", "railway": "rail", "usage": "main", "voltage": "15000", "length_km": 0.008, "maxspeed_kmh": 130.0}}, {"type": "Feature", "geometry": {"type": "LineString", "coordinates": [[10.1225247, 59.0497005], [10.1224308, 59.0496502]]}, "properties": {"bridge": "yes", "electrified": "contact_line", "frequency": "16.67", "gauge": "1435", "maxspeed": "130", "name": "Vestfoldbanen", "operator": "Bane NOR", "passenger_lines": "1", "railway": "rail", "usage": "main", "voltage": "15000", "length_km": 0.008, "maxspeed_kmh": 130.0}}, {"type": "Feature", "geometry": {"type": "LineString", "coordinates": [[10.1272433, 59.0516866], [10.1264531, 59.0514118], [10.1257185, 59.0511406], [10.1248137, 59.0507774], [10.1239507, 59.0504006], [10.1231717, 59.0500305], [10.1225247, 59.0497005]]}, "properties": {"electrified": "contact_line", "frequency": "16.67", "gauge": "1435", "maxspeed": "130", "name": "Vestfoldbanen", "operator": "Bane NOR", "passenger_lines": "1", "railway": "rail", "usage": "main", "voltage": "15000", "length_km": 0.351, "maxspeed_kmh": 130.0}}, {"type": "Feature", "geometry": {"type": "LineString", "coordinates": [[10.225881, 59.1350877], [10.2257998, 59.1350994], [10.2256992, 59.1351156], [10.2255853, 59.1351362], [10.2254505, 59.1351634], [10.2253211, 59.1351885], [10.2252138, 59.1352088], [10.2250086, 59.1352405], [10.2247873, 59.1352683], [10.2208378, 59.13577]]}, "properties": {"electrified": "contact_line", "frequency": "16.67", "gauge": "1435", "name": "Vestfoldbanen", "railway": "rail", "service": "yard", "voltage": "15000", "length_km": 0.299}}, {"type": "Feature", "geometry": {"type": "LineString", "coordinates": [[10.199309, 59.7415419], [10.1992349, 59.7415464], [10.1989108, 59.7415661], [10.1983725, 59.7415987], [10.1973862, 59.7416555]]}, "properties": {"electrified": "contact_line", "frequency": "16.67", "gauge": "1435", "maxspeed": "80", "name": "Vestfoldbanen", "operator": "Bane NOR", "railway": "rail", "usage": "main", "voltage": "15000", "length_km": 0.109, "maxspeed_kmh": 80.0}}, {"type": "Feature", "geometry": {"type": "LineString", "coordinates": [[10.2435753, 59.6873111], [10.2437676, 59.6870501]]}, "properties": {"electrified": "contact_line", "frequency": "16.67", "gauge": "1435", "maxspeed": "160", "name": "Vestfoldbanen", "operator": "Bane NOR", "passenger_lines": "2", "railway": "rail", "usage": "main", "voltage": "15000", "length_km": 0.031, "maxspeed_kmh": 160.0}}, {"type": "Feature", "geometry": {"type": "LineString", "coordinates": [[10.243724, 59.6872713], [10.2436856, 59.6873286]]}, "properties": {"electrified": "contact_line", "frequency": "16.67", "gauge": "1435", "maxspeed": "160", "name": "Vestfoldbanen", "operator": "Bane NOR", "passenger_lines": "2", "railway": "rail", "usage": "main", "voltage": "15000", "length_km": 0.007, "maxspeed_kmh": 160.0}}, {"type": "Feature", "geometry": {"type": "LineString", "coordinates": [[10.2416747, 59.6899936], [10.2415221, 59.6901674], [10.2413006, 59.6904163], [10.2410756, 59.6906594], [10.2407039, 59.691034], [10.2404428, 59.6912888], [10.2402359, 59.6914843], [10.2399909, 59.6917066], [10.2396936, 59.6919663], [10.2392733, 59.6923196]]}, "properties": {"electrified": "contact_line", "frequency": "16.67", "gauge": "1435", "maxspeed": "160", "name": "Vestfoldbanen", "operator": "Bane NOR", "railway": "rail", "tunnel": "yes", "usage": "main", "voltage": "15000", "length_km": 0.293, "maxspeed_kmh": 160.0}}, {"type": "Feature", "geometry": {"type": "LineString", "coordinates": [[10.2447399, 59.685838], [10.2449762, 59.6855585], [10.245165, 59.6853324], [10.2453228, 59.6851423], [10.2454598, 59.6849682], [10.2456209, 59.6847633], [10.2457487, 59.6845851], [10.2459009, 59.6843748]]}, "properties": {"electrified": "contact_line", "frequency": "16.67", "gauge": "1435", "maxspeed": "180", "name": "Vestfoldbanen", "operator": "Bane NOR", "passenger_lines": "2", "railway": "rail", "usage": "main", "voltage": "15000", "length_km": 0.176, "maxspeed_kmh": 180.0}}, {"type": "Feature", "geometry": {"type": "LineString", "coordinates": [[10.1879183, 59.7331642], [10.1877206, 59.7334663], [10.187525, 59.7338076], [10.1874, 59.7340524], [10.18729, 59.7342987], [10.1871827, 59.7345698], [10.1870956, 59.7348469], [10.1870191, 59.735145], [10.1869614, 59.7354424], [10.1869225, 59.735752], [10.186889, 59.7361034], [10.1868705, 59.736434], [10.1867565, 59.738474], [10.1867368, 59.738793], [10.1867258, 59.7390133], [10.1867194, 59.7391583]]}, "properties": {"electrified": "contact_line", "frequency": "16.67", "gauge": "1435", "maxspeed": "130", "name": "Vestfoldbanen", "operator": "Bane NOR", "railway": "rail", "tunnel": "yes", "usage": "main", "voltage": "15000", "length_km": 0.675, "maxspeed_kmh": 130.0}}, {"type": "Feature", "geometry": {"type": "LineString", "coordinates": [[10.1866369, 59.7391583], [10.1866397, 59.7390124], [10.1866524, 59.7387928], [10.1866673, 59.7384729], [10.1867166, 59.7375877], [10.1867319, 59.7373153], [10.1867831, 59.7364295], [10.1868, 59.7361017], [10.1868336, 59.7357495], [10.1868709, 59.7354378], [10.1869286, 59.7351408], [10.187006, 59.7348385], [10.187095, 59.7345619], [10.1872002, 59.7342888], [10.1873127, 59.7340432], [10.1874377, 59.7337968], [10.1876355, 59.733453], [10.1878369, 59.7331479]]}, "properties": {"electrified": "contact_line", "frequency": "16.67", "gauge": "1435", "maxspeed": "130", "name": "Vestfoldbanen", "operator": "Bane NOR", "railway": "rail", "tunnel": "yes", "usage": "main", "voltage": "15000", "length_km": 0.677, "maxspeed_kmh": 130.0}}, {"type": "Feature", "geometry": {"type": "LineString", "coordinates": [[10.1867194, 59.7391583], [10.1867227, 59.7393017], [10.1867419, 59.7394581], [10.1867677, 59.7395744], [10.1868033, 59.7396902], [10.1868543, 59.7398202], [10.1869197, 59.7399511], [10.1869981, 59.740081], [10.1870835, 59.7401959], [10.187181, 59.7403183], [10.1872987, 59.7404427], [10.1874255, 59.7405613], [10.1875818, 59.7406915], [10.1877561, 59.7408186], [10.1879161, 59.7409211], [10.1880652, 59.7410128], [10.1882712, 59.7411206], [10.1884683, 59.7412163], [10.1886968, 59.7413169], [10.1889181, 59.7413999], [10.1891342, 59.7414769], [10.1893634, 59.7415487], [10.1896188, 59.7416189], [10.1898693, 59.7416793], [10.1901016, 59.7417304], [10.1903457, 59.7417754], [10.1905952, 59.7418146], [10.1908436, 59.7418471]]}, "properties": {"electrified": "contact_line", "frequency": "16.67", "gauge": "1435", "maxspeed": "80", "name": "Vestfoldbanen", "operator": "Bane NOR", "railway": "rail", "tunnel": "yes", "usage": "main", "voltage": "15000", "length_km": 0.41, "maxspeed_kmh": 80.0}}, {"type": "Feature", "geometry": {"type": "LineString", "coordinates": [[10.1908193, 59.7418858], [10.1905623, 59.7418511], [10.1903038, 59.7418112], [10.1900588, 59.7417646], [10.1898432, 59.7417186], [10.1895784, 59.7416549], [10.1893271, 59.7415845], [10.1890908, 59.7415122], [10.188874, 59.7414343], [10.1886432, 59.7413473], [10.1884094, 59.7412447], [10.1882079, 59.7411488], [10.1880115, 59.7410432], [10.1878489, 59.7409464], [10.1876825, 59.7408365], [10.187518, 59.7407175], [10.1873528, 59.7405813], [10.1872283, 59.740464], [10.1871053, 59.7403333], [10.1870069, 59.7402127], [10.1869174, 59.7400923], [10.1868391, 59.7399595], [10.1867733, 59.7398302], [10.1867207, 59.7396979], [10.1866846, 59.7395801], [10.186659, 59.7394638], [10.1866396, 59.7393035], [10.1866369, 59.7391583]]}, "properties": {"electrified": "contact_line", "frequency": "16.67", "gauge": "1435", "maxspeed": "80", "name": "Vestfoldbanen", "operator": "Bane NOR", "railway": "rail", "tunnel": "yes", "usage": "main", "voltage": "15000", "length_km": 0.416, "maxspeed_kmh": 80.0}}, {"type": "Feature", "geometry": {"type": "LineString", "coordinates": [[10.1958047, 59.7417065], [10.1961223, 59.7416882], [10.1972412, 59.7416203], [10.198361, 59.7415578], [10.1992916, 59.7415014]]}, "properties": {"electrified": "contact_line", "frequency": "16.67", "gauge": "1435", "maxspeed": "80", "name": "Vestfoldbanen", "operator": "Bane NOR", "railway": "rail", "usage": "main", "voltage": "15000", "length_km": 0.198, "maxspeed_kmh": 80.0}}, {"type": "Feature", "geometry": {"type": "LineString", "coordinates": [[10.1973862, 59.7416555], [10.1962974, 59.7417246], [10.1957443, 59.741752]]}, "properties": {"electrified": "contact_line", "frequency": "16.67", "gauge": "1435", "maxspeed": "80", "name": "Vestfoldbanen", "operator": "Bane NOR", "railway": "rail", "usage": "main", "voltage": "15000", "length_km": 0.093, "maxspeed_kmh": 80.0}}, {"type": "Feature", "geometry": {"type": "LineString", "coordinates": [[10.2009794, 59.741333], [10.2006757, 59.7413923], [10.2003988, 59.7414377], [10.2001013, 59.7414767], [10.1998331, 59.741505], [10.199573, 59.7415241], [10.199309, 59.7415419]]}, "properties": {"electrified": "contact_line", "frequency": "16.67", "gauge": "1435", "maxspeed": "50", "name": "Vestfoldbanen", "operator": "Bane NOR", "railway": "rail", "usage": "main", "voltage": "15000", "length_km": 0.097, "maxspeed_kmh": 50.0}}, {"type": "Feature", "geometry": {"type": "LineString", "coordinates": [[10.1992916, 59.7415014], [10.1995596, 59.741484], [10.1998155, 59.7414641], [10.2000733, 59.7414363], [10.2003744, 59.7413979], [10.2006494, 59.741352], [10.2009505, 59.7412951]]}, "properties": {"electrified": "contact_line", "frequency": "16.67", "gauge": "1435", "maxspeed": "50", "name": "Vestfoldbanen", "operator": "Bane NOR", "railway": "rail", "usage": "main", "voltage": "15000", "length_km": 0.096, "maxspeed_kmh": 50.0}}]}